Error handling registered!
14:59:48 [INFO ] GuiBase: ##########################################
14:59:48 [INFO ] GuiBase: APP: Forge v.2.0.14-SNAPSHOT-08.08
14:59:48 [INFO ] GuiBase: Java: 21.0.9 (Oracle Corporation)
14:59:48 [INFO ] GuiBase: OS: Mac OS X 26.3 aarch64
14:59:48 [INFO ] GuiBase: RAM: 4096 MB max, 8 CPUs
14:59:48 [INFO ] GuiBase: ##########################################
Language 'en-US' loaded successfully.
(ThreadUtil first call): Running with priority 5
Read cards: 33617 archived files in 2 ms (25 parts) using thread pool
Upcoming set Star Trek (TRK) dated in the future. All `upcoming` cards will be added to this set with unknown rarity.
The card A-Alrund's Epiphany was not assigned to any set. Adding it to UNKNOWN set... to fix see res/editions/ folder. 
The card A-Baba Lysaga, Night Witch was not assigned to any set. Adding it to UNKNOWN set... to fix see res/editions/ folder. 
The card A-Divide by Zero was not assigned to any set. Adding it to UNKNOWN set... to fix see res/editions/ folder. 
The card A-Esika's Chariot was not assigned to any set. Adding it to UNKNOWN set... to fix see res/editions/ folder. 
The card A-Faceless Haven was not assigned to any set. Adding it to UNKNOWN set... to fix see res/editions/ folder. 
The card A-Fires of Invention was not assigned to any set. Adding it to UNKNOWN set... to fix see res/editions/ folder. 
The card A-Goldspan Dragon was not assigned to any set. Adding it to UNKNOWN set... to fix see res/editions/ folder. 
The card A-Hullbreaker Horror was not assigned to any set. Adding it to UNKNOWN set... to fix see res/editions/ folder. 
The card A-Kumano Faces Kakkazan was not assigned to any set. Adding it to UNKNOWN set... to fix see res/editions/ folder. 
The card A-Luminarch Aspirant was not assigned to any set. Adding it to UNKNOWN set... to fix see res/editions/ folder. 
The card A-Monster Manual was not assigned to any set. Adding it to UNKNOWN set... to fix see res/editions/ folder. 
The card A-Omnath, Locus of Creation was not assigned to any set. Adding it to UNKNOWN set... to fix see res/editions/ folder. 
The card A-The Meathook Massacre was not assigned to any set. Adding it to UNKNOWN set... to fix see res/editions/ folder. 
The card A-Unholy Heat was not assigned to any set. Adding it to UNKNOWN set... to fix see res/editions/ folder. 
The card Blinding Radiance was not assigned to any set. Adding it to UNKNOWN set... to fix see res/editions/ folder. 
The card Goblin Bruiser was not assigned to any set. Adding it to UNKNOWN set... to fix see res/editions/ folder. 
The card Ogre Painbringer was not assigned to any set. Adding it to UNKNOWN set... to fix see res/editions/ folder. 
The card Titanic Pelagosaur was not assigned to any set. Adding it to UNKNOWN set... to fix see res/editions/ folder. 
The card Treetop Recluse was not assigned to any set. Adding it to UNKNOWN set... to fix see res/editions/ folder. 
Upcoming set Star Trek (TRK) dated in the future. All `upcoming` cards will be added to this set with unknown rarity.
Read cards: 836 files in 0 ms (8 parts) using thread pool
Simulation mode
Ai(1)-mm-jarad-graveyard [Experimental] vs Ai(2)-mm-muldrotha-value [Experimental] vs Ai(3)-mm-sythis-enchantress [Experimental] vs Ai(4)-mm-abaddon [Experimental] - two games of Commander seed 1548609018
Correcting zone for Hermit Druid (139)
Warning: default (ie. inherited from base class) implementation of confirmAction is used by Abaddon the Despoiler for forge.ai.ability.PermanentCreatureAi. Consider declaring an overloaded method
Warning: default (ie. inherited from base class) implementation of confirmAction is used by Muldrotha, the Gravetide for forge.ai.ability.PermanentCreatureAi. Consider declaring an overloaded method
Warning: default (ie. inherited from base class) implementation of confirmAction is used by Sythis, Harvest's Hand for forge.ai.ability.PermanentCreatureAi. Consider declaring an overloaded method
Mulligan: Ai(3)-mm-sythis-enchantress has mulliganed down to 7 cards.
Mulligan: Ai(4)-mm-abaddon has kept a hand of 7 cards
Mulligan: Ai(1)-mm-jarad-graveyard has kept a hand of 7 cards
Mulligan: Ai(2)-mm-muldrotha-value has kept a hand of 7 cards
Mulligan: Ai(3)-mm-sythis-enchantress has kept a hand of 7 cards
Turn: Turn 1 (Ai(4)-mm-abaddon)
Phase: Ai(4)-mm-abaddon's Untap step
Phase: Ai(4)-mm-abaddon's Upkeep step
Phase: Ai(4)-mm-abaddon's Draw step
Phase: Ai(4)-mm-abaddon's Main phase, precombat
Land: Ai(4)-mm-abaddon played Command Tower (312)
Phase: Ai(4)-mm-abaddon's Beginning of Combat Step
Phase: Ai(4)-mm-abaddon's Declare Attackers Step
Phase: Ai(4)-mm-abaddon's Declare Blockers Step
Phase: Ai(4)-mm-abaddon's First Strike Damage Step
Phase: Ai(4)-mm-abaddon's Combat Damage Step
Phase: Ai(4)-mm-abaddon's End of Combat Step
Phase: Ai(4)-mm-abaddon's Main phase, postcombat
Phase: Ai(4)-mm-abaddon's End step
Phase: Ai(4)-mm-abaddon's Cleanup step
Turn: Turn 2 (Ai(1)-mm-jarad-graveyard)
Phase: Ai(1)-mm-jarad-graveyard's Untap step
Phase: Ai(1)-mm-jarad-graveyard's Upkeep step
Phase: Ai(1)-mm-jarad-graveyard's Draw step
Phase: Ai(1)-mm-jarad-graveyard's Main phase, precombat
Land: Ai(1)-mm-jarad-graveyard played Swamp (60)
Phase: Ai(1)-mm-jarad-graveyard's Beginning of Combat Step
Phase: Ai(1)-mm-jarad-graveyard's Declare Attackers Step
Phase: Ai(1)-mm-jarad-graveyard's Declare Blockers Step
Phase: Ai(1)-mm-jarad-graveyard's First Strike Damage Step
Phase: Ai(1)-mm-jarad-graveyard's Combat Damage Step
Phase: Ai(1)-mm-jarad-graveyard's End of Combat Step
Phase: Ai(1)-mm-jarad-graveyard's Main phase, postcombat
Phase: Ai(1)-mm-jarad-graveyard's End step
Phase: Ai(1)-mm-jarad-graveyard's Cleanup step
Turn: Turn 3 (Ai(2)-mm-muldrotha-value)
Phase: Ai(2)-mm-muldrotha-value's Untap step
Phase: Ai(2)-mm-muldrotha-value's Upkeep step
Phase: Ai(2)-mm-muldrotha-value's Draw step
Phase: Ai(2)-mm-muldrotha-value's Main phase, precombat
Replacement Effect: Opulent Palace enters tapped.
Land: Ai(2)-mm-muldrotha-value played Opulent Palace (178)
Phase: Ai(2)-mm-muldrotha-value's Beginning of Combat Step
Phase: Ai(2)-mm-muldrotha-value's Declare Attackers Step
Phase: Ai(2)-mm-muldrotha-value's Declare Blockers Step
Phase: Ai(2)-mm-muldrotha-value's First Strike Damage Step
Phase: Ai(2)-mm-muldrotha-value's Combat Damage Step
Phase: Ai(2)-mm-muldrotha-value's End of Combat Step
Phase: Ai(2)-mm-muldrotha-value's Main phase, postcombat
Phase: Ai(2)-mm-muldrotha-value's End step
Phase: Ai(2)-mm-muldrotha-value's Cleanup step
Turn: Turn 4 (Ai(3)-mm-sythis-enchantress)
Phase: Ai(3)-mm-sythis-enchantress' Untap step
Phase: Ai(3)-mm-sythis-enchantress' Upkeep step
Phase: Ai(3)-mm-sythis-enchantress' Draw step
Phase: Ai(3)-mm-sythis-enchantress' Main phase, precombat
Land: Ai(3)-mm-sythis-enchantress played Plains (293)
Phase: Ai(3)-mm-sythis-enchantress' Beginning of Combat Step
Phase: Ai(3)-mm-sythis-enchantress' Declare Attackers Step
Phase: Ai(3)-mm-sythis-enchantress' Declare Blockers Step
Phase: Ai(3)-mm-sythis-enchantress' First Strike Damage Step
Phase: Ai(3)-mm-sythis-enchantress' Combat Damage Step
Phase: Ai(3)-mm-sythis-enchantress' End of Combat Step
Phase: Ai(3)-mm-sythis-enchantress' Main phase, postcombat
Phase: Ai(3)-mm-sythis-enchantress' End step
Phase: Ai(3)-mm-sythis-enchantress' Cleanup step
Turn: Turn 5 (Ai(4)-mm-abaddon)
Phase: Ai(4)-mm-abaddon's Untap step
Phase: Ai(4)-mm-abaddon's Upkeep step
Phase: Ai(4)-mm-abaddon's Draw step
Phase: Ai(4)-mm-abaddon's Main phase, precombat
Replacement Effect: As Watery Grave enters, you may pay 2 life. If you don't, it enters tapped.
Land: Ai(4)-mm-abaddon played Watery Grave (326)
Phase: Ai(4)-mm-abaddon's Beginning of Combat Step
Phase: Ai(4)-mm-abaddon's Declare Attackers Step
Phase: Ai(4)-mm-abaddon's Declare Blockers Step
Phase: Ai(4)-mm-abaddon's First Strike Damage Step
Phase: Ai(4)-mm-abaddon's Combat Damage Step
Phase: Ai(4)-mm-abaddon's End of Combat Step
Phase: Ai(4)-mm-abaddon's Main phase, postcombat
Phase: Ai(4)-mm-abaddon's End step
Phase: Ai(4)-mm-abaddon's Cleanup step
Turn: Turn 6 (Ai(1)-mm-jarad-graveyard)
Phase: Ai(1)-mm-jarad-graveyard's Untap step
Phase: Ai(1)-mm-jarad-graveyard's Upkeep step
Phase: Ai(1)-mm-jarad-graveyard's Draw step
Phase: Ai(1)-mm-jarad-graveyard's Main phase, precombat
Land: Ai(1)-mm-jarad-graveyard played Forest (28)
Phase: Ai(1)-mm-jarad-graveyard's Beginning of Combat Step
Phase: Ai(1)-mm-jarad-graveyard's Declare Attackers Step
Phase: Ai(1)-mm-jarad-graveyard's Declare Blockers Step
Phase: Ai(1)-mm-jarad-graveyard's First Strike Damage Step
Phase: Ai(1)-mm-jarad-graveyard's Combat Damage Step
Phase: Ai(1)-mm-jarad-graveyard's End of Combat Step
Phase: Ai(1)-mm-jarad-graveyard's Main phase, postcombat
Mana: Swamp (60) - {T}: Add {B}.
Mana: Forest (28) - {T}: Add {G}.
Add To Stack: Ai(1)-mm-jarad-graveyard cast Skull Prophet
Resolve Stack: Skull Prophet - Creature 3 / 1
Phase: Ai(1)-mm-jarad-graveyard's End step
Phase: Ai(1)-mm-jarad-graveyard's Cleanup step
Turn: Turn 7 (Ai(2)-mm-muldrotha-value)
Phase: Ai(2)-mm-muldrotha-value's Untap step
Phase: Ai(2)-mm-muldrotha-value's Upkeep step
Phase: Ai(2)-mm-muldrotha-value's Draw step
Phase: Ai(2)-mm-muldrotha-value's Main phase, precombat
Land: Ai(2)-mm-muldrotha-value played Forest (142)
Phase: Ai(2)-mm-muldrotha-value's Beginning of Combat Step
Phase: Ai(2)-mm-muldrotha-value's Declare Attackers Step
Phase: Ai(2)-mm-muldrotha-value's Declare Blockers Step
Phase: Ai(2)-mm-muldrotha-value's First Strike Damage Step
Phase: Ai(2)-mm-muldrotha-value's Combat Damage Step
Phase: Ai(2)-mm-muldrotha-value's End of Combat Step
Phase: Ai(2)-mm-muldrotha-value's Main phase, postcombat
Mana: Opulent Palace (178) - {T}: Add {B}, {G}, or {U}.
Add To Stack: Ai(2)-mm-muldrotha-value cast Stitcher's Supplier
Resolve Stack: Stitcher's Supplier - Creature 1 / 1
Add To Stack: Ai(2)-mm-muldrotha-value triggered Stitcher's Supplier
Zone Change: Ai(2)-mm-muldrotha-value milled Command Tower (114), Baleful Strix (121) and Hermit Druid (139).
Resolve Stack: When Stitcher's Supplier enters or dies, mill three cards. [Zone Changer: Stitcher's Supplier (186)]
Phase: Ai(2)-mm-muldrotha-value's End step
Phase: Ai(2)-mm-muldrotha-value's Cleanup step
Turn: Turn 8 (Ai(3)-mm-sythis-enchantress)
Phase: Ai(3)-mm-sythis-enchantress' Untap step
Phase: Ai(3)-mm-sythis-enchantress' Upkeep step
Phase: Ai(3)-mm-sythis-enchantress' Draw step
Phase: Ai(3)-mm-sythis-enchantress' Main phase, precombat
Replacement Effect: Canopy Vista enters tapped unless you control two or more basic lands.
Land: Ai(3)-mm-sythis-enchantress played Canopy Vista (270)
Phase: Ai(3)-mm-sythis-enchantress' Beginning of Combat Step
Phase: Ai(3)-mm-sythis-enchantress' Declare Attackers Step
Phase: Ai(3)-mm-sythis-enchantress' Declare Blockers Step
Phase: Ai(3)-mm-sythis-enchantress' First Strike Damage Step
Phase: Ai(3)-mm-sythis-enchantress' Combat Damage Step
Phase: Ai(3)-mm-sythis-enchantress' End of Combat Step
Phase: Ai(3)-mm-sythis-enchantress' Main phase, postcombat
Phase: Ai(3)-mm-sythis-enchantress' End step
Phase: Ai(3)-mm-sythis-enchantress' Cleanup step
Turn: Turn 9 (Ai(4)-mm-abaddon)
Phase: Ai(4)-mm-abaddon's Untap step
Phase: Ai(4)-mm-abaddon's Upkeep step
Phase: Ai(4)-mm-abaddon's Draw step
Phase: Ai(4)-mm-abaddon's Main phase, precombat
Land: Ai(4)-mm-abaddon played Swamp (352)
Phase: Ai(4)-mm-abaddon's Beginning of Combat Step
Phase: Ai(4)-mm-abaddon's Declare Attackers Step
Phase: Ai(4)-mm-abaddon's Declare Blockers Step
Phase: Ai(4)-mm-abaddon's First Strike Damage Step
Phase: Ai(4)-mm-abaddon's Combat Damage Step
Phase: Ai(4)-mm-abaddon's End of Combat Step
Phase: Ai(4)-mm-abaddon's Main phase, postcombat
Mana: Swamp (352) - {T}: Add {B}.
Mana: Watery Grave (326) - {T}: Add {B}.
Mana: Command Tower (312) - {T}: Add one mana of any color in your commander's color identity.
Add To Stack: Ai(4)-mm-abaddon cast Chromatic Lantern
Resolve Stack: Chromatic Lantern
Phase: Ai(4)-mm-abaddon's End step
Phase: Ai(4)-mm-abaddon's Cleanup step
Turn: Turn 10 (Ai(1)-mm-jarad-graveyard)
Phase: Ai(1)-mm-jarad-graveyard's Untap step
Phase: Ai(1)-mm-jarad-graveyard's Upkeep step
Phase: Ai(1)-mm-jarad-graveyard's Draw step
Phase: Ai(1)-mm-jarad-graveyard's Main phase, precombat
Mana: Swamp (60) - {T}: Add {B}.
Add To Stack: Ai(1)-mm-jarad-graveyard cast Reanimate targeting [Hermit Druid (139)]
Life: Life: Ai(1)-mm-jarad-graveyard 40 > 38
Resolve Stack: Reanimate (55) - Return Hermit Druid (139) from the graveyard to the battlefield under your control. Ai(1)-mm-jarad-graveyard loses 0 life. 
Phase: Ai(1)-mm-jarad-graveyard's Beginning of Combat Step
Phase: Ai(1)-mm-jarad-graveyard's Declare Attackers Step
Combat: Ai(1)-mm-jarad-graveyard assigned Skull Prophet (82) to attack Ai(4)-mm-abaddon.
Phase: Ai(1)-mm-jarad-graveyard's Declare Blockers Step
Combat: Ai(4)-mm-abaddon didn't block Skull Prophet (82).
Phase: Ai(1)-mm-jarad-graveyard's First Strike Damage Step
Phase: Ai(1)-mm-jarad-graveyard's Combat Damage Step
Damage: Skull Prophet (82) deals 3 combat damage to Ai(4)-mm-abaddon.
Life: Life: Ai(4)-mm-abaddon 40 > 37
Phase: Ai(1)-mm-jarad-graveyard's End of Combat Step
Phase: Ai(1)-mm-jarad-graveyard's Main phase, postcombat
Mana: Forest (28) - {T}: Add {G}.
Add To Stack: Ai(1)-mm-jarad-graveyard cast Llanowar Elves
Resolve Stack: Llanowar Elves - Creature 1 / 1
Phase: Ai(1)-mm-jarad-graveyard's End step
Phase: Ai(1)-mm-jarad-graveyard's Cleanup step
Turn: Turn 11 (Ai(2)-mm-muldrotha-value)
Phase: Ai(2)-mm-muldrotha-value's Untap step
Phase: Ai(2)-mm-muldrotha-value's Upkeep step
Phase: Ai(2)-mm-muldrotha-value's Draw step
Phase: Ai(2)-mm-muldrotha-value's Main phase, precombat
Land: Ai(2)-mm-muldrotha-value played Island (134)
Mana: Forest (142) - {T}: Add {G}.
Mana: Island (134) - {T}: Add {U}.
Mana: Opulent Palace (178) - {T}: Add {B}, {G}, or {U}.
Zone Change: Forest (142) was put into Graveyard from Battlefield.
Add To Stack: Ai(2)-mm-muldrotha-value cast Harrow
Resolve Stack: Harrow (184) - Ai(2)-mm-muldrotha-value searches their library for  up to two basic land cards, puts them onto the battlefield, then shuffles.
Phase: Ai(2)-mm-muldrotha-value's Beginning of Combat Step
Phase: Ai(2)-mm-muldrotha-value's Declare Attackers Step
Phase: Ai(2)-mm-muldrotha-value's Declare Blockers Step
Phase: Ai(2)-mm-muldrotha-value's First Strike Damage Step
Phase: Ai(2)-mm-muldrotha-value's Combat Damage Step
Phase: Ai(2)-mm-muldrotha-value's End of Combat Step
Phase: Ai(2)-mm-muldrotha-value's Main phase, postcombat
Phase: Ai(2)-mm-muldrotha-value's End step
Phase: Ai(2)-mm-muldrotha-value's Cleanup step
Turn: Turn 12 (Ai(3)-mm-sythis-enchantress)
Phase: Ai(3)-mm-sythis-enchantress' Untap step
Phase: Ai(3)-mm-sythis-enchantress' Upkeep step
Phase: Ai(3)-mm-sythis-enchantress' Draw step
Phase: Ai(3)-mm-sythis-enchantress' Main phase, precombat
Land: Ai(3)-mm-sythis-enchantress played Forest (238)
Phase: Ai(3)-mm-sythis-enchantress' Beginning of Combat Step
Phase: Ai(3)-mm-sythis-enchantress' Declare Attackers Step
Phase: Ai(3)-mm-sythis-enchantress' Declare Blockers Step
Phase: Ai(3)-mm-sythis-enchantress' First Strike Damage Step
Phase: Ai(3)-mm-sythis-enchantress' Combat Damage Step
Phase: Ai(3)-mm-sythis-enchantress' End of Combat Step
Phase: Ai(3)-mm-sythis-enchantress' Main phase, postcombat
Mana: Plains (293) - {T}: Add {W}.
Mana: Forest (238) - {T}: Add {G}.
Mana: Canopy Vista (270) - {T}: Add {G}.
Add To Stack: Ai(3)-mm-sythis-enchantress cast Satyr Enchanter
Resolve Stack: Satyr Enchanter - Creature 2 / 2
Phase: Ai(3)-mm-sythis-enchantress' End step
Phase: Ai(3)-mm-sythis-enchantress' Cleanup step
Turn: Turn 13 (Ai(4)-mm-abaddon)
Phase: Ai(4)-mm-abaddon's Untap step
Phase: Ai(4)-mm-abaddon's Upkeep step
Phase: Ai(4)-mm-abaddon's Draw step
Phase: Ai(4)-mm-abaddon's Main phase, precombat
Replacement Effect: Drowned Catacomb enters tapped unless you control an Island or a Swamp.
Land: Ai(4)-mm-abaddon played Drowned Catacomb (379)
Phase: Ai(4)-mm-abaddon's Beginning of Combat Step
Phase: Ai(4)-mm-abaddon's Declare Attackers Step
Phase: Ai(4)-mm-abaddon's Declare Blockers Step
Phase: Ai(4)-mm-abaddon's First Strike Damage Step
Phase: Ai(4)-mm-abaddon's Combat Damage Step
Phase: Ai(4)-mm-abaddon's End of Combat Step
Phase: Ai(4)-mm-abaddon's Main phase, postcombat
Mana: Chromatic Lantern (400) - {T}: Add one mana of any color.
Mana: Swamp (352) - {T}: Add one mana of any color.
Mana: Drowned Catacomb (379) - {T}: Add {U} or {B}.
Mana: Watery Grave (326) - {T}: Add {B}.
Mana: Command Tower (312) - {T}: Add one mana of any color in your commander's color identity.
Add To Stack: Ai(4)-mm-abaddon cast Abaddon the Despoiler
Resolve Stack: Abaddon the Despoiler - Creature 5 / 5
Phase: Ai(4)-mm-abaddon's End step
Phase: Ai(4)-mm-abaddon's Cleanup step
Turn: Turn 14 (Ai(1)-mm-jarad-graveyard)
Phase: Ai(1)-mm-jarad-graveyard's Untap step
Phase: Ai(1)-mm-jarad-graveyard's Upkeep step
Mana: Forest (28) - {T}: Add {G}.
Add To Stack: Ai(1)-mm-jarad-graveyard activated Hermit Druid
Resolve Stack: Hermit Druid (139) - Ai(1)-mm-jarad-graveyardreveals cards from their library until revealing a basic land card. Put that card into their hand and all other cards into their graveyard.
Phase: Ai(1)-mm-jarad-graveyard's Draw step
Phase: Ai(1)-mm-jarad-graveyard's Main phase, precombat
Land: Ai(1)-mm-jarad-graveyard played Swamp (61)
Phase: Ai(1)-mm-jarad-graveyard's Beginning of Combat Step
Phase: Ai(1)-mm-jarad-graveyard's Declare Attackers Step
Phase: Ai(1)-mm-jarad-graveyard's Declare Blockers Step
Phase: Ai(1)-mm-jarad-graveyard's First Strike Damage Step
Phase: Ai(1)-mm-jarad-graveyard's Combat Damage Step
Phase: Ai(1)-mm-jarad-graveyard's End of Combat Step
Phase: Ai(1)-mm-jarad-graveyard's Main phase, postcombat
Mana: Llanowar Elves (83) - {T}: Add {G}.
Mana: Skull Prophet (82) - {T}: Add {B} or {G}.
Mana: Swamp (60) - {T}: Add {B}.
Mana: Swamp (61) - {T}: Add {B}.
Add To Stack: Ai(1)-mm-jarad-graveyard cast Jarad, Golgari Lich Lord
Resolve Stack: Jarad, Golgari Lich Lord - Creature 2 / 2
Phase: Ai(1)-mm-jarad-graveyard's End step
Phase: Ai(1)-mm-jarad-graveyard's Cleanup step
Turn: Turn 15 (Ai(2)-mm-muldrotha-value)
Phase: Ai(2)-mm-muldrotha-value's Untap step
Phase: Ai(2)-mm-muldrotha-value's Upkeep step
Phase: Ai(2)-mm-muldrotha-value's Draw step
Phase: Ai(2)-mm-muldrotha-value's Main phase, precombat
Land: Ai(2)-mm-muldrotha-value played Exotic Orchard (150)
Phase: Ai(2)-mm-muldrotha-value's Beginning of Combat Step
Phase: Ai(2)-mm-muldrotha-value's Declare Attackers Step
Phase: Ai(2)-mm-muldrotha-value's Declare Blockers Step
Phase: Ai(2)-mm-muldrotha-value's First Strike Damage Step
Phase: Ai(2)-mm-muldrotha-value's Combat Damage Step
Phase: Ai(2)-mm-muldrotha-value's End of Combat Step
Phase: Ai(2)-mm-muldrotha-value's Main phase, postcombat
Mana: Exotic Orchard (150) - {T}: Add one mana of any color that a land an opponent controls could produce.
Mana: Island (134) - {T}: Add {U}.
Add To Stack: Ai(2)-mm-muldrotha-value cast Doc Aurlock, Grizzled Genius
Resolve Stack: Doc Aurlock, Grizzled Genius - Creature 2 / 3
Mana: Swamp (167) - {T}: Add {B}.
Mana: Swamp (165) - {T}: Add {B}.
Mana: Opulent Palace (178) - {T}: Add {B}, {G}, or {U}.
Add To Stack: Ai(2)-mm-muldrotha-value cast Buried Alive
Resolve Stack: Buried Alive (122) - Ai(2)-mm-muldrotha-value searches their library for  up to three creature cards, puts them into their owner's graveyard, then shuffles.
Phase: Ai(2)-mm-muldrotha-value's End step
Phase: Ai(2)-mm-muldrotha-value's Cleanup step
Turn: Turn 16 (Ai(3)-mm-sythis-enchantress)
Phase: Ai(3)-mm-sythis-enchantress' Untap step
Phase: Ai(3)-mm-sythis-enchantress' Upkeep step
Phase: Ai(3)-mm-sythis-enchantress' Draw step
Phase: Ai(3)-mm-sythis-enchantress' Main phase, precombat
Land: Ai(3)-mm-sythis-enchantress played Plains (289)
Phase: Ai(3)-mm-sythis-enchantress' Beginning of Combat Step
Phase: Ai(3)-mm-sythis-enchantress' Declare Attackers Step
Phase: Ai(3)-mm-sythis-enchantress' Declare Blockers Step
Phase: Ai(3)-mm-sythis-enchantress' First Strike Damage Step
Phase: Ai(3)-mm-sythis-enchantress' Combat Damage Step
Phase: Ai(3)-mm-sythis-enchantress' End of Combat Step
Phase: Ai(3)-mm-sythis-enchantress' Main phase, postcombat
Mana: Plains (293) - {T}: Add {W}.
Mana: Forest (238) - {T}: Add {G}.
Mana: Plains (289) - {T}: Add {W}.
Mana: Canopy Vista (270) - {T}: Add {G}.
Add To Stack: Ai(3)-mm-sythis-enchantress cast Smothering Tithe
Add To Stack: Ai(3)-mm-sythis-enchantress triggered Satyr Enchanter
Resolve Stack: Whenever you cast an enchantment spell, draw a card. [Card: Smothering Tithe (218), Activator: Ai(3)-mm-sythis-enchantress, SpellAbility: Smothering Tithe]
Resolve Stack: Smothering Tithe
Phase: Ai(3)-mm-sythis-enchantress' End step
Phase: Ai(3)-mm-sythis-enchantress' Cleanup step
Turn: Turn 17 (Ai(4)-mm-abaddon)
Phase: Ai(4)-mm-abaddon's Untap step
Phase: Ai(4)-mm-abaddon's Upkeep step
Phase: Ai(4)-mm-abaddon's Draw step
Add To Stack: Ai(3)-mm-sythis-enchantress triggered Smothering Tithe
Resolve Stack: Whenever an opponent draws a card, that player may pay {2}. If the player doesn't, you create a Treasure token. (It's an artifact with "{T}, Sacrifice this token: Add one mana of any color.") [Player: Ai(4)-mm-abaddon]
Phase: Ai(4)-mm-abaddon's Main phase, precombat
Land: Ai(4)-mm-abaddon played Mountain (391)
Mana: Chromatic Lantern (400) - {T}: Add one mana of any color.
Mana: Swamp (352) - {T}: Add {B}.
Mana: Mountain (391) - {T}: Add {R}.
Mana: Drowned Catacomb (379) - {T}: Add {U} or {B}.
Mana: Watery Grave (326) - {T}: Add {B}.
Mana: Command Tower (312) - {T}: Add one mana of any color in your commander's color identity.
Add To Stack: Ai(4)-mm-abaddon cast Keeper of Secrets
Resolve Stack: Keeper of Secrets - Creature 6 / 4
Phase: Ai(4)-mm-abaddon's Beginning of Combat Step
Phase: Ai(4)-mm-abaddon's Declare Attackers Step
Combat: Ai(4)-mm-abaddon assigned Keeper of Secrets (321) and Abaddon the Despoiler (403) to attack Ai(1)-mm-jarad-graveyard.
Phase: Ai(4)-mm-abaddon's Declare Blockers Step
Combat: Ai(1)-mm-jarad-graveyard didn't block Keeper of Secrets (321).
Ai(1)-mm-jarad-graveyard didn't block Abaddon the Despoiler (403).
Phase: Ai(4)-mm-abaddon's First Strike Damage Step
Damage: Keeper of Secrets (321) deals 6 combat damage to Ai(1)-mm-jarad-graveyard.
Life: Life: Ai(1)-mm-jarad-graveyard 38 > 32
Phase: Ai(4)-mm-abaddon's Combat Damage Step
Damage: Abaddon the Despoiler (403) deals 5 combat damage to Ai(1)-mm-jarad-graveyard.
Life: Life: Ai(1)-mm-jarad-graveyard 32 > 27
Phase: Ai(4)-mm-abaddon's End of Combat Step
Phase: Ai(4)-mm-abaddon's Main phase, postcombat
Phase: Ai(4)-mm-abaddon's End step
Phase: Ai(4)-mm-abaddon's Cleanup step
Turn: Turn 18 (Ai(1)-mm-jarad-graveyard)
Phase: Ai(1)-mm-jarad-graveyard's Untap step
Phase: Ai(1)-mm-jarad-graveyard's Upkeep step
Mana: Forest (28) - {T}: Add {G}.
Add To Stack: Ai(1)-mm-jarad-graveyard activated Hermit Druid
Resolve Stack: Hermit Druid (139) - Ai(1)-mm-jarad-graveyardreveals cards from their library until revealing a basic land card. Put that card into their hand and all other cards into their graveyard.
Phase: Ai(1)-mm-jarad-graveyard's Draw step
Add To Stack: Ai(3)-mm-sythis-enchantress triggered Smothering Tithe
Resolve Stack: Whenever an opponent draws a card, that player may pay {2}. If the player doesn't, you create a Treasure token. (It's an artifact with "{T}, Sacrifice this token: Add one mana of any color.") [Player: Ai(1)-mm-jarad-graveyard]
Phase: Ai(1)-mm-jarad-graveyard's Main phase, precombat
Land: Ai(1)-mm-jarad-graveyard played Forest (32)
Phase: Ai(1)-mm-jarad-graveyard's Beginning of Combat Step
Phase: Ai(1)-mm-jarad-graveyard's Declare Attackers Step
Combat: Ai(1)-mm-jarad-graveyard assigned Skull Prophet (82), Jarad, Golgari Lich Lord (100) and Llanowar Elves (83) to attack Ai(4)-mm-abaddon.
Phase: Ai(1)-mm-jarad-graveyard's Declare Blockers Step
Combat: Ai(4)-mm-abaddon didn't block Skull Prophet (82).
Ai(4)-mm-abaddon didn't block Jarad, Golgari Lich Lord (100).
Ai(4)-mm-abaddon didn't block Llanowar Elves (83).
Phase: Ai(1)-mm-jarad-graveyard's First Strike Damage Step
Phase: Ai(1)-mm-jarad-graveyard's Combat Damage Step
Damage: Skull Prophet (82) deals 3 combat damage to Ai(4)-mm-abaddon.
Damage: Jarad, Golgari Lich Lord (100) deals 3 combat damage to Ai(4)-mm-abaddon.
Damage: Llanowar Elves (83) deals 1 combat damage to Ai(4)-mm-abaddon.
Life: Life: Ai(4)-mm-abaddon 37 > 30
Phase: Ai(1)-mm-jarad-graveyard's End of Combat Step
Phase: Ai(1)-mm-jarad-graveyard's Main phase, postcombat
Mana: Forest (32) - {T}: Add {G}.
Mana: Swamp (60) - {T}: Add {B}.
Mana: Swamp (61) - {T}: Add {B}.
Add To Stack: Ai(1)-mm-jarad-graveyard cast Splinterfright
Resolve Stack: Splinterfright - Creature * / *
Phase: Ai(1)-mm-jarad-graveyard's End step
Phase: Ai(1)-mm-jarad-graveyard's Cleanup step
Turn: Turn 19 (Ai(2)-mm-muldrotha-value)
Phase: Ai(2)-mm-muldrotha-value's Untap step
Phase: Ai(2)-mm-muldrotha-value's Upkeep step
Phase: Ai(2)-mm-muldrotha-value's Draw step
Add To Stack: Ai(3)-mm-sythis-enchantress triggered Smothering Tithe
Resolve Stack: Whenever an opponent draws a card, that player may pay {2}. If the player doesn't, you create a Treasure token. (It's an artifact with "{T}, Sacrifice this token: Add one mana of any color.") [Player: Ai(2)-mm-muldrotha-value]
Phase: Ai(2)-mm-muldrotha-value's Main phase, precombat
Phase: Ai(2)-mm-muldrotha-value's Beginning of Combat Step
Phase: Ai(2)-mm-muldrotha-value's Declare Attackers Step
Combat: Ai(2)-mm-muldrotha-value assigned Doc Aurlock, Grizzled Genius (124) and Stitcher's Supplier (186) to attack Ai(4)-mm-abaddon.
Phase: Ai(2)-mm-muldrotha-value's Declare Blockers Step
Combat: Ai(4)-mm-abaddon didn't block Doc Aurlock, Grizzled Genius (124).
Ai(4)-mm-abaddon didn't block Stitcher's Supplier (186).
Phase: Ai(2)-mm-muldrotha-value's First Strike Damage Step
Phase: Ai(2)-mm-muldrotha-value's Combat Damage Step
Damage: Doc Aurlock, Grizzled Genius (124) deals 2 combat damage to Ai(4)-mm-abaddon.
Damage: Stitcher's Supplier (186) deals 1 combat damage to Ai(4)-mm-abaddon.
Life: Life: Ai(4)-mm-abaddon 30 > 27
Phase: Ai(2)-mm-muldrotha-value's End of Combat Step
Phase: Ai(2)-mm-muldrotha-value's Main phase, postcombat
Mana: Swamp (167) - {T}: Add {B}.
Mana: Swamp (165) - {T}: Add {B}.
Mana: Island (134) - {T}: Add {U}.
Mana: Exotic Orchard (150) - {T}: Add one mana of any color that a land an opponent controls could produce.
Mana: Opulent Palace (178) - {T}: Add {B}, {G}, or {U}.
Add To Stack: Ai(2)-mm-muldrotha-value cast Syr Konrad, the Grim
Resolve Stack: Syr Konrad, the Grim - Creature 5 / 4
Phase: Ai(2)-mm-muldrotha-value's End step
Phase: Ai(2)-mm-muldrotha-value's Cleanup step
Turn: Turn 20 (Ai(3)-mm-sythis-enchantress)
Phase: Ai(3)-mm-sythis-enchantress' Untap step
Phase: Ai(3)-mm-sythis-enchantress' Upkeep step
Phase: Ai(3)-mm-sythis-enchantress' Draw step
Phase: Ai(3)-mm-sythis-enchantress' Main phase, precombat
Land: Ai(3)-mm-sythis-enchantress played Forest (245)
Mana: Plains (293) - {T}: Add {W}.
Mana: Forest (238) - {T}: Add {G}.
Mana: Forest (245) - {T}: Add {G}.
Add To Stack: Ai(3)-mm-sythis-enchantress cast Strength of the Harvest targeting [Satyr Enchanter (248)]
Add To Stack: Ai(3)-mm-sythis-enchantress triggered Satyr Enchanter
Resolve Stack: Whenever you cast an enchantment spell, draw a card. [Card: Strength of the Harvest (284), Activator: Ai(3)-mm-sythis-enchantress, SpellAbility: Strength of the Harvest]
Resolve Stack: Strength of the Harvest (284) -  Attach to Satyr Enchanter (248)
Mana: Plains (289) - {T}: Add {W}.
Mana: Canopy Vista (270) - {T}: Add {G}.
Zone Change: Treasure Token (416) was put into Graveyard from Battlefield.
Mana: Treasure Token (416) - {T}, Sacrifice this token: Add one mana of any color.
Add To Stack: Ai(3)-mm-sythis-enchantress cast Heliod, Sun-Crowned
Add To Stack: Ai(3)-mm-sythis-enchantress triggered Satyr Enchanter
Resolve Stack: Whenever you cast an enchantment spell, draw a card. [Card: Heliod, Sun-Crowned (297), Activator: Ai(3)-mm-sythis-enchantress, SpellAbility: Heliod, Sun-Crowned - Creature 5 / 5]
Resolve Stack: Heliod, Sun-Crowned - Creature 5 / 5
Zone Change: Treasure Token (412) was put into Graveyard from Battlefield.
Mana: Treasure Token (412) - {T}, Sacrifice this token: Add one mana of any color.
Zone Change: Treasure Token (408) was put into Graveyard from Battlefield.
Mana: Treasure Token (408) - {T}, Sacrifice this token: Add one mana of any color.
Add To Stack: Ai(3)-mm-sythis-enchantress cast Sythis, Harvest's Hand
Add To Stack: Ai(3)-mm-sythis-enchantress triggered Satyr Enchanter
Resolve Stack: Whenever you cast an enchantment spell, draw a card. [Card: Sythis, Harvest's Hand (302), Activator: Ai(3)-mm-sythis-enchantress, SpellAbility: Sythis, Harvest's Hand - Creature 1 / 2]
Resolve Stack: Sythis, Harvest's Hand - Creature 1 / 2
Phase: Ai(3)-mm-sythis-enchantress' Beginning of Combat Step
Phase: Ai(3)-mm-sythis-enchantress' Declare Attackers Step
Combat: Ai(3)-mm-sythis-enchantress assigned Satyr Enchanter (248) to attack Ai(1)-mm-jarad-graveyard.
Phase: Ai(3)-mm-sythis-enchantress' Declare Blockers Step
Combat: Ai(1)-mm-jarad-graveyard didn't block Satyr Enchanter (248).
Phase: Ai(3)-mm-sythis-enchantress' First Strike Damage Step
Phase: Ai(3)-mm-sythis-enchantress' Combat Damage Step
Damage: Satyr Enchanter (248) deals 7 combat damage to Ai(1)-mm-jarad-graveyard.
Life: Life: Ai(1)-mm-jarad-graveyard 27 > 20
Phase: Ai(3)-mm-sythis-enchantress' End of Combat Step
Phase: Ai(3)-mm-sythis-enchantress' Main phase, postcombat
Phase: Ai(3)-mm-sythis-enchantress' End step
Phase: Ai(3)-mm-sythis-enchantress' Cleanup step
Turn: Turn 21 (Ai(4)-mm-abaddon)
Phase: Ai(4)-mm-abaddon's Untap step
Phase: Ai(4)-mm-abaddon's Upkeep step
Phase: Ai(4)-mm-abaddon's Draw step
Add To Stack: Ai(3)-mm-sythis-enchantress triggered Smothering Tithe
Resolve Stack: Whenever an opponent draws a card, that player may pay {2}. If the player doesn't, you create a Treasure token. (It's an artifact with "{T}, Sacrifice this token: Add one mana of any color.") [Player: Ai(4)-mm-abaddon]
Phase: Ai(4)-mm-abaddon's Main phase, precombat
Mana: Chromatic Lantern (400) - {T}: Add one mana of any color.
Mana: Swamp (352) - {T}: Add {B}.
Add To Stack: Ai(4)-mm-abaddon cast Lightning Greaves
Resolve Stack: Lightning Greaves
Add To Stack: Ai(4)-mm-abaddon activated Lightning Greaves targeting [Keeper of Secrets (321)]
Resolve Stack: Lightning Greaves (396) -  Attach to Keeper of Secrets (321)
Phase: Ai(4)-mm-abaddon's Beginning of Combat Step
Phase: Ai(4)-mm-abaddon's Declare Attackers Step
Phase: Ai(4)-mm-abaddon's Declare Blockers Step
Phase: Ai(4)-mm-abaddon's First Strike Damage Step
Phase: Ai(4)-mm-abaddon's Combat Damage Step
Phase: Ai(4)-mm-abaddon's End of Combat Step
Phase: Ai(4)-mm-abaddon's Main phase, postcombat
Mana: Mountain (391) - {T}: Add {R}.
Mana: Drowned Catacomb (379) - {T}: Add {U} or {B}.
Mana: Watery Grave (326) - {T}: Add {B}.
Mana: Command Tower (312) - {T}: Add one mana of any color in your commander's color identity.
Add To Stack: Ai(4)-mm-abaddon cast Dark Apostle
Resolve Stack: Dark Apostle - Creature 3 / 3
Phase: Ai(4)-mm-abaddon's End step
Phase: Ai(4)-mm-abaddon's Cleanup step
Turn: Turn 22 (Ai(1)-mm-jarad-graveyard)
Phase: Ai(1)-mm-jarad-graveyard's Untap step
Phase: Ai(1)-mm-jarad-graveyard's Upkeep step
Add To Stack: Ai(1)-mm-jarad-graveyard triggered Splinterfright
Zone Change: Ai(1)-mm-jarad-graveyard milled Greater Good (79) and Temple of Malady (22).
Resolve Stack: At the beginning of your upkeep, mill two cards. [Phase: Ai(1)-mm-jarad-graveyard]
Mana: Forest (28) - {T}: Add {G}.
Add To Stack: Ai(1)-mm-jarad-graveyard activated Hermit Druid
Resolve Stack: Hermit Druid (139) - Ai(1)-mm-jarad-graveyardreveals cards from their library until revealing a basic land card. Put that card into their hand and all other cards into their graveyard.
Add To Stack: Ai(2)-mm-muldrotha-value triggered Syr Konrad, the Grim
Damage: Syr Konrad, the Grim (194) deals 1 non-combat damage to Ai(1)-mm-jarad-graveyard.
Damage: Syr Konrad, the Grim (194) deals 1 non-combat damage to Ai(3)-mm-sythis-enchantress.
Damage: Syr Konrad, the Grim (194) deals 1 non-combat damage to Ai(4)-mm-abaddon.
Life: Life: Ai(1)-mm-jarad-graveyard 20 > 19
Life: Life: Ai(3)-mm-sythis-enchantress 40 > 39
Life: Life: Ai(4)-mm-abaddon 27 > 26
Resolve Stack: Whenever another creature dies, or a creature card is put into a graveyard from anywhere other than the battlefield, or a creature card leaves your graveyard, Syr Konrad, the Grim deals 1 damage to each opponent. [Zone Changer: Daemogoth Titan (18)]
Phase: Ai(1)-mm-jarad-graveyard's Draw step
Add To Stack: Ai(3)-mm-sythis-enchantress triggered Smothering Tithe
Resolve Stack: Whenever an opponent draws a card, that player may pay {2}. If the player doesn't, you create a Treasure token. (It's an artifact with "{T}, Sacrifice this token: Add one mana of any color.") [Player: Ai(1)-mm-jarad-graveyard]
Phase: Ai(1)-mm-jarad-graveyard's Main phase, precombat
Land: Ai(1)-mm-jarad-graveyard played Swamp (63)
Phase: Ai(1)-mm-jarad-graveyard's Beginning of Combat Step
Phase: Ai(1)-mm-jarad-graveyard's Declare Attackers Step
Phase: Ai(1)-mm-jarad-graveyard's Declare Blockers Step
Phase: Ai(1)-mm-jarad-graveyard's First Strike Damage Step
Phase: Ai(1)-mm-jarad-graveyard's Combat Damage Step
Phase: Ai(1)-mm-jarad-graveyard's End of Combat Step
Phase: Ai(1)-mm-jarad-graveyard's Main phase, postcombat
Mana: Swamp (60) - {T}: Add {B}.
Mana: Swamp (61) - {T}: Add {B}.
Mana: Swamp (63) - {T}: Add {B}.
Mana: Forest (32) - {T}: Add {G}.
Add To Stack: Ai(1)-mm-jarad-graveyard cast Mortivore
Resolve Stack: Mortivore - Creature * / *
Mana: Llanowar Elves (83) - {T}: Add {G}.
Mana: Skull Prophet (82) - {T}: Add {B} or {G}.
Add To Stack: Ai(1)-mm-jarad-graveyard cast Boneyard Wurm
Resolve Stack: Boneyard Wurm - Creature * / *
Phase: Ai(1)-mm-jarad-graveyard's End step
Phase: Ai(1)-mm-jarad-graveyard's Cleanup step
Turn: Turn 23 (Ai(2)-mm-muldrotha-value)
Phase: Ai(2)-mm-muldrotha-value's Untap step
Phase: Ai(2)-mm-muldrotha-value's Upkeep step
Phase: Ai(2)-mm-muldrotha-value's Draw step
Add To Stack: Ai(3)-mm-sythis-enchantress triggered Smothering Tithe
Resolve Stack: Whenever an opponent draws a card, that player may pay {2}. If the player doesn't, you create a Treasure token. (It's an artifact with "{T}, Sacrifice this token: Add one mana of any color.") [Player: Ai(2)-mm-muldrotha-value]
Phase: Ai(2)-mm-muldrotha-value's Main phase, precombat
Phase: Ai(2)-mm-muldrotha-value's Beginning of Combat Step
Phase: Ai(2)-mm-muldrotha-value's Declare Attackers Step
Phase: Ai(2)-mm-muldrotha-value's Declare Blockers Step
Phase: Ai(2)-mm-muldrotha-value's First Strike Damage Step
Phase: Ai(2)-mm-muldrotha-value's Combat Damage Step
Phase: Ai(2)-mm-muldrotha-value's End of Combat Step
Phase: Ai(2)-mm-muldrotha-value's Main phase, postcombat
Mana: Swamp (167) - {T}: Add {B}.
Mana: Swamp (165) - {T}: Add {B}.
Mana: Island (134) - {T}: Add {U}.
Mana: Exotic Orchard (150) - {T}: Add one mana of any color that a land an opponent controls could produce.
Add To Stack: Ai(2)-mm-muldrotha-value cast Solemn Simulacrum
Resolve Stack: Solemn Simulacrum - Creature 2 / 2
Add To Stack: Ai(2)-mm-muldrotha-value triggered Solemn Simulacrum
Resolve Stack: When Solemn Simulacrum enters, you may search your library for a basic land card, put that card onto the battlefield tapped, then shuffle. [Zone Changer: Solemn Simulacrum (146)]
Phase: Ai(2)-mm-muldrotha-value's End step
Phase: Ai(2)-mm-muldrotha-value's Cleanup step
Turn: Turn 24 (Ai(3)-mm-sythis-enchantress)
Phase: Ai(3)-mm-sythis-enchantress' Untap step
Phase: Ai(3)-mm-sythis-enchantress' Upkeep step
Phase: Ai(3)-mm-sythis-enchantress' Draw step
Phase: Ai(3)-mm-sythis-enchantress' Main phase, precombat
Land: Ai(3)-mm-sythis-enchantress played Plains (288)
Mana: Forest (238) - {T}: Add {G}.
Mana: Plains (293) - {T}: Add {W}.
Mana: Forest (245) - {T}: Add {G}.
Mana: Plains (289) - {T}: Add {W}.
Mana: Plains (288) - {T}: Add {W}.
Add To Stack: Ai(3)-mm-sythis-enchantress cast Mirari's Wake
Add To Stack: Ai(3)-mm-sythis-enchantress triggered Sythis, Harvest's Hand
Add To Stack: Ai(3)-mm-sythis-enchantress triggered Satyr Enchanter
Resolve Stack: Whenever you cast an enchantment spell, draw a card. [Card: Mirari's Wake (233), Activator: Ai(3)-mm-sythis-enchantress, SpellAbility: Mirari's Wake]
Life: Life: Ai(3)-mm-sythis-enchantress 39 > 40
Resolve Stack: Whenever you cast an enchantment spell, you gain 1 life and draw a card. [Card: Mirari's Wake (233), Activator: Ai(3)-mm-sythis-enchantress, SpellAbility: Mirari's Wake]
Add To Stack: Ai(3)-mm-sythis-enchantress triggered Heliod, Sun-Crowned targeting [Heliod, Sun-Crowned (297)]
Resolve Stack: Whenever you gain life, put a +1/+1 counter on target creature or enchantment you control. (Targeting: [[Heliod, Sun-Crowned (297)]]) [Player: Ai(3)-mm-sythis-enchantress, Gained Amount: 1]
Resolve Stack: Mirari's Wake
Mana: Canopy Vista (270) - {T}: Add {G}.
Zone Change: Treasure Token (428) was put into Graveyard from Battlefield.
Mana: Treasure Token (428) - {T}, Sacrifice this token: Add one mana of any color.
Add To Stack: Ai(3)-mm-sythis-enchantress cast Enchantress's Presence
Add To Stack: Ai(3)-mm-sythis-enchantress triggered Sythis, Harvest's Hand
Add To Stack: Ai(3)-mm-sythis-enchantress triggered Satyr Enchanter
Resolve Stack: Whenever you cast an enchantment spell, draw a card. [Card: Enchantress's Presence (250), Activator: Ai(3)-mm-sythis-enchantress, SpellAbility: Enchantress's Presence]
Life: Life: Ai(3)-mm-sythis-enchantress 40 > 41
Resolve Stack: Whenever you cast an enchantment spell, you gain 1 life and draw a card. [Card: Enchantress's Presence (250), Activator: Ai(3)-mm-sythis-enchantress, SpellAbility: Enchantress's Presence]
Add To Stack: Ai(3)-mm-sythis-enchantress triggered Heliod, Sun-Crowned targeting [Heliod, Sun-Crowned (297)]
Resolve Stack: Whenever you gain life, put a +1/+1 counter on target creature or enchantment you control. (Targeting: [[Heliod, Sun-Crowned (297)]]) [Player: Ai(3)-mm-sythis-enchantress, Gained Amount: 1]
Resolve Stack: Enchantress's Presence
Zone Change: Treasure Token (424) was put into Graveyard from Battlefield.
Mana: Treasure Token (424) - {T}, Sacrifice this token: Add one mana of any color.
Add To Stack: Ai(3)-mm-sythis-enchantress cast Alseid of Life's Bounty
Add To Stack: Ai(3)-mm-sythis-enchantress triggered Sythis, Harvest's Hand
Add To Stack: Ai(3)-mm-sythis-enchantress triggered Satyr Enchanter
Add To Stack: Ai(3)-mm-sythis-enchantress triggered Enchantress's Presence
Resolve Stack: Whenever you cast an enchantment spell, draw a card. [Card: Alseid of Life's Bounty (249), Activator: Ai(3)-mm-sythis-enchantress, SpellAbility: Alseid of Life's Bounty - Creature 1 / 1]
Resolve Stack: Whenever you cast an enchantment spell, draw a card. [Card: Alseid of Life's Bounty (249), Activator: Ai(3)-mm-sythis-enchantress, SpellAbility: Alseid of Life's Bounty - Creature 1 / 1]
Life: Life: Ai(3)-mm-sythis-enchantress 41 > 42
Resolve Stack: Whenever you cast an enchantment spell, you gain 1 life and draw a card. [Card: Alseid of Life's Bounty (249), Activator: Ai(3)-mm-sythis-enchantress, SpellAbility: Alseid of Life's Bounty - Creature 1 / 1]
Add To Stack: Ai(3)-mm-sythis-enchantress triggered Heliod, Sun-Crowned targeting [Heliod, Sun-Crowned (297)]
Resolve Stack: Whenever you gain life, put a +1/+1 counter on target creature or enchantment you control. (Targeting: [[Heliod, Sun-Crowned (297)]]) [Player: Ai(3)-mm-sythis-enchantress, Gained Amount: 1]
Resolve Stack: Alseid of Life's Bounty - Creature 1 / 1
Zone Change: Treasure Token (420) was put into Graveyard from Battlefield.
Mana: Treasure Token (420) - {T}, Sacrifice this token: Add one mana of any color.
Add To Stack: Ai(3)-mm-sythis-enchantress cast Rancor targeting [Heliod, Sun-Crowned (297)]
Add To Stack: Ai(3)-mm-sythis-enchantress triggered Sythis, Harvest's Hand
Add To Stack: Ai(3)-mm-sythis-enchantress triggered Satyr Enchanter
Add To Stack: Ai(3)-mm-sythis-enchantress triggered Enchantress's Presence
Resolve Stack: Whenever you cast an enchantment spell, draw a card. [Card: Rancor (211), Activator: Ai(3)-mm-sythis-enchantress, SpellAbility: Rancor]
Resolve Stack: Whenever you cast an enchantment spell, draw a card. [Card: Rancor (211), Activator: Ai(3)-mm-sythis-enchantress, SpellAbility: Rancor]
Life: Life: Ai(3)-mm-sythis-enchantress 42 > 43
Resolve Stack: Whenever you cast an enchantment spell, you gain 1 life and draw a card. [Card: Rancor (211), Activator: Ai(3)-mm-sythis-enchantress, SpellAbility: Rancor]
Add To Stack: Ai(3)-mm-sythis-enchantress triggered Heliod, Sun-Crowned targeting [Heliod, Sun-Crowned (297)]
Resolve Stack: Whenever you gain life, put a +1/+1 counter on target creature or enchantment you control. (Targeting: [[Heliod, Sun-Crowned (297)]]) [Player: Ai(3)-mm-sythis-enchantress, Gained Amount: 1]
Resolve Stack: Rancor (211) -  Attach to Heliod, Sun-Crowned (297)
Phase: Ai(3)-mm-sythis-enchantress' Beginning of Combat Step
Phase: Ai(3)-mm-sythis-enchantress' Declare Attackers Step
Combat: Ai(3)-mm-sythis-enchantress assigned Satyr Enchanter (248) and Heliod, Sun-Crowned (297) to attack Ai(1)-mm-jarad-graveyard.
Phase: Ai(3)-mm-sythis-enchantress' Declare Blockers Step
Combat: Ai(1)-mm-jarad-graveyard assigned Boneyard Wurm (98) to block Satyr Enchanter (248).
Ai(1)-mm-jarad-graveyard didn't block Heliod, Sun-Crowned (297).
Phase: Ai(3)-mm-sythis-enchantress' First Strike Damage Step
Phase: Ai(3)-mm-sythis-enchantress' Combat Damage Step
Damage: Satyr Enchanter (248) deals 12 damage to Boneyard Wurm (98).
Damage: Heliod, Sun-Crowned (297) deals 12 combat damage to Ai(1)-mm-jarad-graveyard.
Damage: Boneyard Wurm (98) deals 2 damage to Satyr Enchanter (248).
Life: Life: Ai(1)-mm-jarad-graveyard 19 > 7
Zone Change: Boneyard Wurm (98) was put into Graveyard from Battlefield.
Add To Stack: Ai(2)-mm-muldrotha-value triggered Syr Konrad, the Grim
Damage: Syr Konrad, the Grim (194) deals 1 non-combat damage to Ai(1)-mm-jarad-graveyard.
Damage: Syr Konrad, the Grim (194) deals 1 non-combat damage to Ai(3)-mm-sythis-enchantress.
Damage: Syr Konrad, the Grim (194) deals 1 non-combat damage to Ai(4)-mm-abaddon.
Life: Life: Ai(1)-mm-jarad-graveyard 7 > 6
Life: Life: Ai(3)-mm-sythis-enchantress 43 > 42
Life: Life: Ai(4)-mm-abaddon 26 > 25
Resolve Stack: Whenever another creature dies, or a creature card is put into a graveyard from anywhere other than the battlefield, or a creature card leaves your graveyard, Syr Konrad, the Grim deals 1 damage to each opponent. [Zone Changer: Boneyard Wurm (98)]
Phase: Ai(3)-mm-sythis-enchantress' End of Combat Step
Phase: Ai(3)-mm-sythis-enchantress' Main phase, postcombat
Phase: Ai(3)-mm-sythis-enchantress' End step
Phase: Ai(3)-mm-sythis-enchantress' Cleanup step
Discard: Ai(3)-mm-sythis-enchantress discards Forest (242).
Discard: Ai(3)-mm-sythis-enchantress discards Utopia Sprawl (204).
Discard: Ai(3)-mm-sythis-enchantress discards Sol Ring (227).
Discard: Ai(3)-mm-sythis-enchantress discards Destiny Spinner (229).
Discard: Ai(3)-mm-sythis-enchantress discards Sanctum Weaver (269).
Discard: Ai(3)-mm-sythis-enchantress discards Arcane Signet (299).
Add To Stack: Ai(2)-mm-muldrotha-value triggered Syr Konrad, the Grim
Add To Stack: Ai(2)-mm-muldrotha-value triggered Syr Konrad, the Grim
Damage: Syr Konrad, the Grim (194) deals 1 non-combat damage to Ai(1)-mm-jarad-graveyard.
Damage: Syr Konrad, the Grim (194) deals 1 non-combat damage to Ai(3)-mm-sythis-enchantress.
Damage: Syr Konrad, the Grim (194) deals 1 non-combat damage to Ai(4)-mm-abaddon.
Life: Life: Ai(1)-mm-jarad-graveyard 6 > 5
Life: Life: Ai(3)-mm-sythis-enchantress 42 > 41
Life: Life: Ai(4)-mm-abaddon 25 > 24
Resolve Stack: Whenever another creature dies, or a creature card is put into a graveyard from anywhere other than the battlefield, or a creature card leaves your graveyard, Syr Konrad, the Grim deals 1 damage to each opponent. [Zone Changer: Sanctum Weaver (269)]
Damage: Syr Konrad, the Grim (194) deals 1 non-combat damage to Ai(1)-mm-jarad-graveyard.
Damage: Syr Konrad, the Grim (194) deals 1 non-combat damage to Ai(3)-mm-sythis-enchantress.
Damage: Syr Konrad, the Grim (194) deals 1 non-combat damage to Ai(4)-mm-abaddon.
Life: Life: Ai(1)-mm-jarad-graveyard 5 > 4
Life: Life: Ai(3)-mm-sythis-enchantress 41 > 40
Life: Life: Ai(4)-mm-abaddon 24 > 23
Resolve Stack: Whenever another creature dies, or a creature card is put into a graveyard from anywhere other than the battlefield, or a creature card leaves your graveyard, Syr Konrad, the Grim deals 1 damage to each opponent. [Zone Changer: Destiny Spinner (229)]
Phase: RepeatAi(3)-mm-sythis-enchantress' Cleanup step
Turn: Turn 25 (Ai(4)-mm-abaddon)
Phase: Ai(4)-mm-abaddon's Untap step
Phase: Ai(4)-mm-abaddon's Upkeep step
Phase: Ai(4)-mm-abaddon's Draw step
Add To Stack: Ai(3)-mm-sythis-enchantress triggered Smothering Tithe
Resolve Stack: Whenever an opponent draws a card, that player may pay {2}. If the player doesn't, you create a Treasure token. (It's an artifact with "{T}, Sacrifice this token: Add one mana of any color.") [Player: Ai(4)-mm-abaddon]
Phase: Ai(4)-mm-abaddon's Main phase, precombat
Phase: Ai(4)-mm-abaddon's Beginning of Combat Step
Phase: Ai(4)-mm-abaddon's Declare Attackers Step
Phase: Ai(4)-mm-abaddon's Declare Blockers Step
Phase: Ai(4)-mm-abaddon's First Strike Damage Step
Phase: Ai(4)-mm-abaddon's Combat Damage Step
Phase: Ai(4)-mm-abaddon's End of Combat Step
Phase: Ai(4)-mm-abaddon's Main phase, postcombat
Mana: Chromatic Lantern (400) - {T}: Add one mana of any color.
Mana: Swamp (352) - {T}: Add {B}.
Mana: Mountain (391) - {T}: Add {R}.
Mana: Drowned Catacomb (379) - {T}: Add {U} or {B}.
Mana: Watery Grave (326) - {T}: Add {B}.
Add To Stack: Ai(4)-mm-abaddon cast Heralds of Tzeentch
Add To Stack: Ai(4)-mm-abaddon triggered Heralds of Tzeentch
Add To Stack: Ai(4)-mm-abaddon cast Exalted Flamer of Tzeentch
Resolve Stack: Cascade - Heralds of Tzeentch [Card: Heralds of Tzeentch (359), Activator: Ai(4)-mm-abaddon, SpellAbility: Heralds of Tzeentch - Creature 3 / 3]
Add To Stack: Ai(4)-mm-abaddon triggered Keeper of Secrets targeting [Ai(1)-mm-jarad-graveyard]
Damage: Keeper of Secrets (321) deals 4 non-combat damage to Ai(1)-mm-jarad-graveyard.
Life: Life: Ai(1)-mm-jarad-graveyard 4 > 0
Resolve Stack: Symphony of Pain — Whenever you cast a spell from anywhere other than your hand, Keeper of Secrets deals damage equal to that spell's mana value to target opponent. (Targeting: [[Ai(1)-mm-jarad-graveyard]]) [Card: Exalted Flamer of Tzeentch (381), Activator: Ai(4)-mm-abaddon, SpellAbility: Exalted Flamer of Tzeentch - Creature 2 / 4 (without paying its mana cost)]
Zone Change: Hermit Druid (139) was put into Exile from Battlefield.
Zone Change: Treasure Token (432) was put into Graveyard from Battlefield.
Mana: Treasure Token (432) - {T}, Sacrifice this token: Add one mana of any color.
Add To Stack: Ai(3)-mm-sythis-enchantress cast Swords to Plowshares targeting [Abaddon the Despoiler (403)]
Zone Change: Abaddon the Despoiler (403) was put into Exile from Battlefield.
Life: Life: Ai(4)-mm-abaddon 23 > 28
Resolve Stack: Swords to Plowshares (261) - Exile Abaddon the Despoiler (403). Ai(4)-mm-abaddon gains life equal to its power.
Resolve Stack: Exalted Flamer of Tzeentch - Creature 2 / 4
Resolve Stack: Heralds of Tzeentch - Creature 3 / 3
Phase: Ai(4)-mm-abaddon's End step
Phase: Ai(4)-mm-abaddon's Cleanup step
Turn: Turn 26 (Ai(2)-mm-muldrotha-value)
Phase: Ai(2)-mm-muldrotha-value's Untap step
Phase: Ai(2)-mm-muldrotha-value's Upkeep step
Phase: Ai(2)-mm-muldrotha-value's Draw step
Add To Stack: Ai(3)-mm-sythis-enchantress triggered Smothering Tithe
Resolve Stack: Whenever an opponent draws a card, that player may pay {2}. If the player doesn't, you create a Treasure token. (It's an artifact with "{T}, Sacrifice this token: Add one mana of any color.") [Player: Ai(2)-mm-muldrotha-value]
Phase: Ai(2)-mm-muldrotha-value's Main phase, precombat
Phase: Ai(2)-mm-muldrotha-value's Beginning of Combat Step
Phase: Ai(2)-mm-muldrotha-value's Declare Attackers Step
Combat: Ai(2)-mm-muldrotha-value assigned Syr Konrad, the Grim (194) to attack Ai(3)-mm-sythis-enchantress.
Phase: Ai(2)-mm-muldrotha-value's Declare Blockers Step
Combat: Ai(3)-mm-sythis-enchantress didn't block Syr Konrad, the Grim (194).
Phase: Ai(2)-mm-muldrotha-value's First Strike Damage Step
Phase: Ai(2)-mm-muldrotha-value's Combat Damage Step
Damage: Syr Konrad, the Grim (194) deals 5 combat damage to Ai(3)-mm-sythis-enchantress.
Life: Life: Ai(3)-mm-sythis-enchantress 40 > 35
Phase: Ai(2)-mm-muldrotha-value's End of Combat Step
Phase: Ai(2)-mm-muldrotha-value's Main phase, postcombat
Mana: Island (134) - {T}: Add {U}.
Mana: Exotic Orchard (150) - {T}: Add one mana of any color that a land an opponent controls could produce.
Mana: Swamp (167) - {T}: Add {B}.
Mana: Swamp (165) - {T}: Add {B}.
Mana: Forest (143) - {T}: Add {G}.
Mana: Opulent Palace (178) - {T}: Add {B}, {G}, or {U}.
Add To Stack: Ai(2)-mm-muldrotha-value cast Muldrotha, the Gravetide
Resolve Stack: Muldrotha, the Gravetide - Creature 6 / 6
Land: Ai(2)-mm-muldrotha-value played Command Tower (114)
Mana: Command Tower (114) - {T}: Add one mana of any color in your commander's color identity.
Add To Stack: Ai(2)-mm-muldrotha-value cast Spore Frog
Resolve Stack: Spore Frog - Creature 1 / 1
Phase: Ai(2)-mm-muldrotha-value's End step
Phase: Ai(2)-mm-muldrotha-value's Cleanup step
Turn: Turn 27 (Ai(3)-mm-sythis-enchantress)
Phase: Ai(3)-mm-sythis-enchantress' Untap step
Phase: Ai(3)-mm-sythis-enchantress' Upkeep step
Phase: Ai(3)-mm-sythis-enchantress' Draw step
Phase: Ai(3)-mm-sythis-enchantress' Main phase, precombat
Mana: Plains (293) - {T}: Add {W}.
Mana: Forest (238) - {T}: Add {G}.
Mana: Forest (245) - {T}: Add {G}.
Add To Stack: Ai(3)-mm-sythis-enchantress cast Winds of Rath
Zone Change: Sythis, Harvest's Hand (302) was put into Graveyard from Battlefield.
Zone Change: Alseid of Life's Bounty (249) was put into Graveyard from Battlefield.
Zone Change: Keeper of Secrets (321) was put into Graveyard from Battlefield.
Zone Change: Dark Apostle (346) was put into Graveyard from Battlefield.
Zone Change: Exalted Flamer of Tzeentch (381) was put into Graveyard from Battlefield.
Zone Change: Heralds of Tzeentch (359) was put into Graveyard from Battlefield.
Zone Change: Stitcher's Supplier (186) was put into Graveyard from Battlefield.
Zone Change: Doc Aurlock, Grizzled Genius (124) was put into Graveyard from Battlefield.
Zone Change: Syr Konrad, the Grim (194) was put into Graveyard from Battlefield.
Zone Change: Solemn Simulacrum (146) was put into Graveyard from Battlefield.
Zone Change: Muldrotha, the Gravetide (201) was put into Graveyard from Battlefield.
Zone Change: Spore Frog (151) was put into Graveyard from Battlefield.
Resolve Stack: Winds of Rath (280) - Destroy all creatures that aren't enchanted. They can't be regenerated.
Add To Stack: Ai(2)-mm-muldrotha-value triggered Syr Konrad, the Grim
Add To Stack: Ai(2)-mm-muldrotha-value triggered Syr Konrad, the Grim
Add To Stack: Ai(2)-mm-muldrotha-value triggered Syr Konrad, the Grim
Add To Stack: Ai(2)-mm-muldrotha-value triggered Syr Konrad, the Grim
Add To Stack: Ai(2)-mm-muldrotha-value triggered Syr Konrad, the Grim
Add To Stack: Ai(2)-mm-muldrotha-value triggered Syr Konrad, the Grim
Add To Stack: Ai(2)-mm-muldrotha-value triggered Stitcher's Supplier
Add To Stack: Ai(2)-mm-muldrotha-value triggered Syr Konrad, the Grim
Add To Stack: Ai(2)-mm-muldrotha-value triggered Syr Konrad, the Grim
Add To Stack: Ai(2)-mm-muldrotha-value triggered Syr Konrad, the Grim
Add To Stack: Ai(2)-mm-muldrotha-value triggered Syr Konrad, the Grim
Add To Stack: Ai(2)-mm-muldrotha-value triggered Syr Konrad, the Grim
Add To Stack: Ai(2)-mm-muldrotha-value triggered Solemn Simulacrum
Resolve Stack: When Solemn Simulacrum dies, you may draw a card. [Zone Changer: Solemn Simulacrum (146)]
Add To Stack: Ai(3)-mm-sythis-enchantress triggered Smothering Tithe
Resolve Stack: Whenever an opponent draws a card, that player may pay {2}. If the player doesn't, you create a Treasure token. (It's an artifact with "{T}, Sacrifice this token: Add one mana of any color.") [Player: Ai(2)-mm-muldrotha-value]
Damage: Syr Konrad, the Grim (194) deals 1 non-combat damage to Ai(3)-mm-sythis-enchantress.
Damage: Syr Konrad, the Grim (194) deals 1 non-combat damage to Ai(4)-mm-abaddon.
Life: Life: Ai(3)-mm-sythis-enchantress 35 > 34
Life: Life: Ai(4)-mm-abaddon 28 > 27
Resolve Stack: Whenever another creature dies, or a creature card is put into a graveyard from anywhere other than the battlefield, or a creature card leaves your graveyard, Syr Konrad, the Grim deals 1 damage to each opponent. [Zone Changer: Spore Frog (151)]
Damage: Syr Konrad, the Grim (194) deals 1 non-combat damage to Ai(3)-mm-sythis-enchantress.
Damage: Syr Konrad, the Grim (194) deals 1 non-combat damage to Ai(4)-mm-abaddon.
Life: Life: Ai(3)-mm-sythis-enchantress 34 > 33
Life: Life: Ai(4)-mm-abaddon 27 > 26
Resolve Stack: Whenever another creature dies, or a creature card is put into a graveyard from anywhere other than the battlefield, or a creature card leaves your graveyard, Syr Konrad, the Grim deals 1 damage to each opponent. [Zone Changer: Muldrotha, the Gravetide (201)]
Damage: Syr Konrad, the Grim (194) deals 1 non-combat damage to Ai(3)-mm-sythis-enchantress.
Damage: Syr Konrad, the Grim (194) deals 1 non-combat damage to Ai(4)-mm-abaddon.
Life: Life: Ai(3)-mm-sythis-enchantress 33 > 32
Life: Life: Ai(4)-mm-abaddon 26 > 25
Resolve Stack: Whenever another creature dies, or a creature card is put into a graveyard from anywhere other than the battlefield, or a creature card leaves your graveyard, Syr Konrad, the Grim deals 1 damage to each opponent. [Zone Changer: Solemn Simulacrum (146)]
Damage: Syr Konrad, the Grim (194) deals 1 non-combat damage to Ai(3)-mm-sythis-enchantress.
Damage: Syr Konrad, the Grim (194) deals 1 non-combat damage to Ai(4)-mm-abaddon.
Life: Life: Ai(3)-mm-sythis-enchantress 32 > 31
Life: Life: Ai(4)-mm-abaddon 25 > 24
Resolve Stack: Whenever another creature dies, or a creature card is put into a graveyard from anywhere other than the battlefield, or a creature card leaves your graveyard, Syr Konrad, the Grim deals 1 damage to each opponent. [Zone Changer: Doc Aurlock, Grizzled Genius (124)]
Damage: Syr Konrad, the Grim (194) deals 1 non-combat damage to Ai(3)-mm-sythis-enchantress.
Damage: Syr Konrad, the Grim (194) deals 1 non-combat damage to Ai(4)-mm-abaddon.
Life: Life: Ai(3)-mm-sythis-enchantress 31 > 30
Life: Life: Ai(4)-mm-abaddon 24 > 23
Resolve Stack: Whenever another creature dies, or a creature card is put into a graveyard from anywhere other than the battlefield, or a creature card leaves your graveyard, Syr Konrad, the Grim deals 1 damage to each opponent. [Zone Changer: Stitcher's Supplier (186)]
Zone Change: Ai(2)-mm-muldrotha-value milled Lightning Greaves (195), Accursed Marauder (172) and World Shaper (160).
Resolve Stack: When Stitcher's Supplier enters or dies, mill three cards. [Zone Changer: Stitcher's Supplier (186)]
Damage: Syr Konrad, the Grim (194) deals 1 non-combat damage to Ai(3)-mm-sythis-enchantress.
Damage: Syr Konrad, the Grim (194) deals 1 non-combat damage to Ai(4)-mm-abaddon.
Life: Life: Ai(3)-mm-sythis-enchantress 30 > 29
Life: Life: Ai(4)-mm-abaddon 23 > 22
Resolve Stack: Whenever another creature dies, or a creature card is put into a graveyard from anywhere other than the battlefield, or a creature card leaves your graveyard, Syr Konrad, the Grim deals 1 damage to each opponent. [Zone Changer: Heralds of Tzeentch (359)]
Damage: Syr Konrad, the Grim (194) deals 1 non-combat damage to Ai(3)-mm-sythis-enchantress.
Damage: Syr Konrad, the Grim (194) deals 1 non-combat damage to Ai(4)-mm-abaddon.
Life: Life: Ai(3)-mm-sythis-enchantress 29 > 28
Life: Life: Ai(4)-mm-abaddon 22 > 21
Resolve Stack: Whenever another creature dies, or a creature card is put into a graveyard from anywhere other than the battlefield, or a creature card leaves your graveyard, Syr Konrad, the Grim deals 1 damage to each opponent. [Zone Changer: Exalted Flamer of Tzeentch (381)]
Damage: Syr Konrad, the Grim (194) deals 1 non-combat damage to Ai(3)-mm-sythis-enchantress.
Damage: Syr Konrad, the Grim (194) deals 1 non-combat damage to Ai(4)-mm-abaddon.
Life: Life: Ai(3)-mm-sythis-enchantress 28 > 27
Life: Life: Ai(4)-mm-abaddon 21 > 20
Resolve Stack: Whenever another creature dies, or a creature card is put into a graveyard from anywhere other than the battlefield, or a creature card leaves your graveyard, Syr Konrad, the Grim deals 1 damage to each opponent. [Zone Changer: Dark Apostle (346)]
Damage: Syr Konrad, the Grim (194) deals 1 non-combat damage to Ai(3)-mm-sythis-enchantress.
Damage: Syr Konrad, the Grim (194) deals 1 non-combat damage to Ai(4)-mm-abaddon.
Life: Life: Ai(3)-mm-sythis-enchantress 27 > 26
Life: Life: Ai(4)-mm-abaddon 20 > 19
Resolve Stack: Whenever another creature dies, or a creature card is put into a graveyard from anywhere other than the battlefield, or a creature card leaves your graveyard, Syr Konrad, the Grim deals 1 damage to each opponent. [Zone Changer: Keeper of Secrets (321)]
Damage: Syr Konrad, the Grim (194) deals 1 non-combat damage to Ai(3)-mm-sythis-enchantress.
Damage: Syr Konrad, the Grim (194) deals 1 non-combat damage to Ai(4)-mm-abaddon.
Life: Life: Ai(3)-mm-sythis-enchantress 26 > 25
Life: Life: Ai(4)-mm-abaddon 19 > 18
Resolve Stack: Whenever another creature dies, or a creature card is put into a graveyard from anywhere other than the battlefield, or a creature card leaves your graveyard, Syr Konrad, the Grim deals 1 damage to each opponent. [Zone Changer: Alseid of Life's Bounty (249)]
Damage: Syr Konrad, the Grim (194) deals 1 non-combat damage to Ai(3)-mm-sythis-enchantress.
Damage: Syr Konrad, the Grim (194) deals 1 non-combat damage to Ai(4)-mm-abaddon.
Life: Life: Ai(3)-mm-sythis-enchantress 25 > 24
Life: Life: Ai(4)-mm-abaddon 18 > 17
Resolve Stack: Whenever another creature dies, or a creature card is put into a graveyard from anywhere other than the battlefield, or a creature card leaves your graveyard, Syr Konrad, the Grim deals 1 damage to each opponent. [Zone Changer: Sythis, Harvest's Hand (302)]
Mana: Plains (289) - {T}: Add {W}.
Mana: Plains (288) - {T}: Add {W}.
Add To Stack: Ai(3)-mm-sythis-enchantress cast Archon of Sun's Grace
Resolve Stack: Archon of Sun's Grace - Creature 3 / 4
Mana: Canopy Vista (270) - {T}: Add {W}.
Zone Change: Treasure Token (440) was put into Graveyard from Battlefield.
Mana: Treasure Token (440) - {T}, Sacrifice this token: Add one mana of any color.
Add To Stack: Ai(3)-mm-sythis-enchantress cast Ajani's Chosen
Resolve Stack: Ajani's Chosen - Creature 3 / 3
Phase: Ai(3)-mm-sythis-enchantress' Beginning of Combat Step
Phase: Ai(3)-mm-sythis-enchantress' Declare Attackers Step
Combat: Ai(3)-mm-sythis-enchantress assigned Satyr Enchanter (248) and Heliod, Sun-Crowned (297) to attack Ai(4)-mm-abaddon.
Phase: Ai(3)-mm-sythis-enchantress' Declare Blockers Step
Combat: Ai(4)-mm-abaddon didn't block Satyr Enchanter (248).
Ai(4)-mm-abaddon didn't block Heliod, Sun-Crowned (297).
Phase: Ai(3)-mm-sythis-enchantress' First Strike Damage Step
Phase: Ai(3)-mm-sythis-enchantress' Combat Damage Step
Damage: Satyr Enchanter (248) deals 12 combat damage to Ai(4)-mm-abaddon.
Damage: Heliod, Sun-Crowned (297) deals 12 combat damage to Ai(4)-mm-abaddon.
Life: Life: Ai(4)-mm-abaddon 17 > -7
Phase: Ai(3)-mm-sythis-enchantress' End of Combat Step
Phase: Ai(3)-mm-sythis-enchantress' Main phase, postcombat
Phase: Ai(3)-mm-sythis-enchantress' End step
Phase: Ai(3)-mm-sythis-enchantress' Cleanup step
Turn: Turn 28 (Ai(2)-mm-muldrotha-value)
Phase: Ai(2)-mm-muldrotha-value's Untap step
Phase: Ai(2)-mm-muldrotha-value's Upkeep step
Phase: Ai(2)-mm-muldrotha-value's Draw step
Add To Stack: Ai(3)-mm-sythis-enchantress triggered Smothering Tithe
Resolve Stack: Whenever an opponent draws a card, that player may pay {2}. If the player doesn't, you create a Treasure token. (It's an artifact with "{T}, Sacrifice this token: Add one mana of any color.") [Player: Ai(2)-mm-muldrotha-value]
Phase: Ai(2)-mm-muldrotha-value's Main phase, precombat
Phase: Ai(2)-mm-muldrotha-value's Beginning of Combat Step
Phase: Ai(2)-mm-muldrotha-value's Declare Attackers Step
Phase: Ai(2)-mm-muldrotha-value's Declare Blockers Step
Phase: Ai(2)-mm-muldrotha-value's First Strike Damage Step
Phase: Ai(2)-mm-muldrotha-value's Combat Damage Step
Phase: Ai(2)-mm-muldrotha-value's End of Combat Step
Phase: Ai(2)-mm-muldrotha-value's Main phase, postcombat
Mana: Island (134) - {T}: Add {U}.
Mana: Swamp (167) - {T}: Add {B}.
Mana: Exotic Orchard (150) - {T}: Add one mana of any color that a land an opponent controls could produce.
Mana: Swamp (165) - {T}: Add {B}.
Add To Stack: Ai(2)-mm-muldrotha-value cast Kheru Goldkeeper
Resolve Stack: Kheru Goldkeeper - Creature 3 / 3
Mana: Opulent Palace (178) - {T}: Add {B}, {G}, or {U}.
Mana: Forest (143) - {T}: Add {G}.
Mana: Command Tower (114) - {T}: Add one mana of any color in your commander's color identity.
Add To Stack: Ai(2)-mm-muldrotha-value cast Rhystic Study
Resolve Stack: Rhystic Study
Phase: Ai(2)-mm-muldrotha-value's End step
Phase: Ai(2)-mm-muldrotha-value's Cleanup step
Turn: Turn 29 (Ai(3)-mm-sythis-enchantress)
Phase: Ai(3)-mm-sythis-enchantress' Untap step
Phase: Ai(3)-mm-sythis-enchantress' Upkeep step
Phase: Ai(3)-mm-sythis-enchantress' Draw step
Phase: Ai(3)-mm-sythis-enchantress' Main phase, precombat
Land: Ai(3)-mm-sythis-enchantress played Brushland (298)
Mana: Forest (238) - {T}: Add {G}.
Mana: Forest (245) - {T}: Add {G}.
Add To Stack: Ai(3)-mm-sythis-enchantress cast Ancestral Mask targeting [Archon of Sun's Grace (217)]
Add To Stack: Ai(3)-mm-sythis-enchantress triggered Satyr Enchanter
Add To Stack: Ai(3)-mm-sythis-enchantress triggered Enchantress's Presence
Add To Stack: Ai(2)-mm-muldrotha-value triggered Rhystic Study
Resolve Stack: Whenever an opponent casts a spell, you may draw a card unless that player pays {1}. [Card: Ancestral Mask (255), Activator: Ai(3)-mm-sythis-enchantress, SpellAbility: Ancestral Mask]
Resolve Stack: Whenever you cast an enchantment spell, draw a card. [Card: Ancestral Mask (255), Activator: Ai(3)-mm-sythis-enchantress, SpellAbility: Ancestral Mask]
Resolve Stack: Whenever you cast an enchantment spell, draw a card. [Card: Ancestral Mask (255), Activator: Ai(3)-mm-sythis-enchantress, SpellAbility: Ancestral Mask]
Resolve Stack: Ancestral Mask (255) -  Attach to Archon of Sun's Grace (217)
Add To Stack: Ai(3)-mm-sythis-enchantress triggered Archon of Sun's Grace
Add To Stack: Ai(3)-mm-sythis-enchantress triggered Ajani's Chosen
Resolve Stack: Whenever an enchantment you control enters, create a 2/2 white Cat creature token. If that enchantment is an Aura, you may attach it to the token. [Zone Changer: Ancestral Mask (255)]
Resolve Stack: Constellation — Whenever an enchantment you control enters, create a 2/2 white Pegasus creature token with flying. [Zone Changer: Ancestral Mask (255)]
Mana: Canopy Vista (270) - {T}: Add {G}.
Add To Stack: Ai(3)-mm-sythis-enchantress cast Weaver of Harmony
Add To Stack: Ai(3)-mm-sythis-enchantress triggered Satyr Enchanter
Add To Stack: Ai(3)-mm-sythis-enchantress triggered Enchantress's Presence
Add To Stack: Ai(2)-mm-muldrotha-value triggered Rhystic Study
Mana: Plains (293) - {T}: Add {W}.
Resolve Stack: Whenever an opponent casts a spell, you may draw a card unless that player pays {1}. [Card: Weaver of Harmony (257), Activator: Ai(3)-mm-sythis-enchantress, SpellAbility: Weaver of Harmony - Creature 2 / 2]
Resolve Stack: Whenever you cast an enchantment spell, draw a card. [Card: Weaver of Harmony (257), Activator: Ai(3)-mm-sythis-enchantress, SpellAbility: Weaver of Harmony - Creature 2 / 2]
Resolve Stack: Whenever you cast an enchantment spell, draw a card. [Card: Weaver of Harmony (257), Activator: Ai(3)-mm-sythis-enchantress, SpellAbility: Weaver of Harmony - Creature 2 / 2]
Resolve Stack: Weaver of Harmony - Creature 2 / 2
Add To Stack: Ai(3)-mm-sythis-enchantress triggered Archon of Sun's Grace
Add To Stack: Ai(3)-mm-sythis-enchantress triggered Ajani's Chosen
Resolve Stack: Whenever an enchantment you control enters, create a 2/2 white Cat creature token. If that enchantment is an Aura, you may attach it to the token. [Zone Changer: Weaver of Harmony (257)]
Resolve Stack: Constellation — Whenever an enchantment you control enters, create a 2/2 white Pegasus creature token with flying. [Zone Changer: Weaver of Harmony (257)]
Damage: Brushland (298) deals 1 non-combat damage to Ai(3)-mm-sythis-enchantress.
Life: Life: Ai(3)-mm-sythis-enchantress 24 > 23
Mana: Brushland (298) - {T}: Add {G} or {W}. Brushland deals 1 damage to you. 
Mana: Plains (289) - {T}: Add {W}.
Add To Stack: Ai(3)-mm-sythis-enchantress cast Sythis, Harvest's Hand
Add To Stack: Ai(3)-mm-sythis-enchantress triggered Satyr Enchanter
Add To Stack: Ai(3)-mm-sythis-enchantress triggered Enchantress's Presence
Add To Stack: Ai(2)-mm-muldrotha-value triggered Rhystic Study
Resolve Stack: Whenever an opponent casts a spell, you may draw a card unless that player pays {1}. [Card: Sythis, Harvest's Hand (302), Activator: Ai(3)-mm-sythis-enchantress, SpellAbility: Sythis, Harvest's Hand - Creature 1 / 2]
Resolve Stack: Whenever you cast an enchantment spell, draw a card. [Card: Sythis, Harvest's Hand (302), Activator: Ai(3)-mm-sythis-enchantress, SpellAbility: Sythis, Harvest's Hand - Creature 1 / 2]
Resolve Stack: Whenever you cast an enchantment spell, draw a card. [Card: Sythis, Harvest's Hand (302), Activator: Ai(3)-mm-sythis-enchantress, SpellAbility: Sythis, Harvest's Hand - Creature 1 / 2]
Resolve Stack: Sythis, Harvest's Hand - Creature 1 / 2
Add To Stack: Ai(3)-mm-sythis-enchantress triggered Archon of Sun's Grace
Add To Stack: Ai(3)-mm-sythis-enchantress triggered Ajani's Chosen
Resolve Stack: Whenever an enchantment you control enters, create a 2/2 white Cat creature token. If that enchantment is an Aura, you may attach it to the token. [Zone Changer: Sythis, Harvest's Hand (302)]
Resolve Stack: Constellation — Whenever an enchantment you control enters, create a 2/2 white Pegasus creature token with flying. [Zone Changer: Sythis, Harvest's Hand (302)]
Zone Change: Treasure Token (444) was put into Graveyard from Battlefield.
Mana: Treasure Token (444) - {T}, Sacrifice this token: Add one mana of any color.
Mana: Plains (288) - {T}: Add {W}.
Add To Stack: Ai(3)-mm-sythis-enchantress cast Seal of Primordium
Add To Stack: Ai(3)-mm-sythis-enchantress triggered Sythis, Harvest's Hand
Add To Stack: Ai(3)-mm-sythis-enchantress triggered Satyr Enchanter
Add To Stack: Ai(3)-mm-sythis-enchantress triggered Enchantress's Presence
Add To Stack: Ai(2)-mm-muldrotha-value triggered Rhystic Study
Resolve Stack: Whenever an opponent casts a spell, you may draw a card unless that player pays {1}. [Card: Seal of Primordium (256), Activator: Ai(3)-mm-sythis-enchantress, SpellAbility: Seal of Primordium]
Resolve Stack: Whenever you cast an enchantment spell, draw a card. [Card: Seal of Primordium (256), Activator: Ai(3)-mm-sythis-enchantress, SpellAbility: Seal of Primordium]
Resolve Stack: Whenever you cast an enchantment spell, draw a card. [Card: Seal of Primordium (256), Activator: Ai(3)-mm-sythis-enchantress, SpellAbility: Seal of Primordium]
Life: Life: Ai(3)-mm-sythis-enchantress 23 > 24
Resolve Stack: Whenever you cast an enchantment spell, you gain 1 life and draw a card. [Card: Seal of Primordium (256), Activator: Ai(3)-mm-sythis-enchantress, SpellAbility: Seal of Primordium]
Add To Stack: Ai(3)-mm-sythis-enchantress triggered Heliod, Sun-Crowned targeting [Satyr Enchanter (248)]
Resolve Stack: Whenever you gain life, put a +1/+1 counter on target creature or enchantment you control. (Targeting: [[Satyr Enchanter (248)]]) [Player: Ai(3)-mm-sythis-enchantress, Gained Amount: 1]
Resolve Stack: Seal of Primordium
Add To Stack: Ai(3)-mm-sythis-enchantress triggered Archon of Sun's Grace
Add To Stack: Ai(3)-mm-sythis-enchantress triggered Ajani's Chosen
Resolve Stack: Whenever an enchantment you control enters, create a 2/2 white Cat creature token. If that enchantment is an Aura, you may attach it to the token. [Zone Changer: Seal of Primordium (256)]
Resolve Stack: Constellation — Whenever an enchantment you control enters, create a 2/2 white Pegasus creature token with flying. [Zone Changer: Seal of Primordium (256)]
Zone Change: Seal of Primordium (256) was put into Graveyard from Battlefield.
Add To Stack: Ai(3)-mm-sythis-enchantress activated Seal of Primordium targeting [Rhystic Study (126)]
Zone Change: Rhystic Study (126) was put into Graveyard from Battlefield.
Resolve Stack: Seal of Primordium (256) - Destroy Rhystic Study (126).
Zone Change: Treasure Token (436) was put into Graveyard from Battlefield.
Mana: Treasure Token (436) - {T}, Sacrifice this token: Add one mana of any color.
Add To Stack: Ai(3)-mm-sythis-enchantress cast Ethereal Armor targeting [Archon of Sun's Grace (217)]
Add To Stack: Ai(3)-mm-sythis-enchantress triggered Sythis, Harvest's Hand
Add To Stack: Ai(3)-mm-sythis-enchantress triggered Satyr Enchanter
Add To Stack: Ai(3)-mm-sythis-enchantress triggered Enchantress's Presence
Resolve Stack: Whenever you cast an enchantment spell, draw a card. [Card: Ethereal Armor (272), Activator: Ai(3)-mm-sythis-enchantress, SpellAbility: Ethereal Armor]
Resolve Stack: Whenever you cast an enchantment spell, draw a card. [Card: Ethereal Armor (272), Activator: Ai(3)-mm-sythis-enchantress, SpellAbility: Ethereal Armor]
Life: Life: Ai(3)-mm-sythis-enchantress 24 > 25
Resolve Stack: Whenever you cast an enchantment spell, you gain 1 life and draw a card. [Card: Ethereal Armor (272), Activator: Ai(3)-mm-sythis-enchantress, SpellAbility: Ethereal Armor]
Add To Stack: Ai(3)-mm-sythis-enchantress triggered Heliod, Sun-Crowned targeting [Satyr Enchanter (248)]
Resolve Stack: Whenever you gain life, put a +1/+1 counter on target creature or enchantment you control. (Targeting: [[Satyr Enchanter (248)]]) [Player: Ai(3)-mm-sythis-enchantress, Gained Amount: 1]
Resolve Stack: Ethereal Armor (272) -  Attach to Archon of Sun's Grace (217)
Add To Stack: Ai(3)-mm-sythis-enchantress triggered Archon of Sun's Grace
Add To Stack: Ai(3)-mm-sythis-enchantress triggered Ajani's Chosen
Resolve Stack: Whenever an enchantment you control enters, create a 2/2 white Cat creature token. If that enchantment is an Aura, you may attach it to the token. [Zone Changer: Ethereal Armor (272)]
Resolve Stack: Constellation — Whenever an enchantment you control enters, create a 2/2 white Pegasus creature token with flying. [Zone Changer: Ethereal Armor (272)]
Phase: Ai(3)-mm-sythis-enchantress' Beginning of Combat Step
Phase: Ai(3)-mm-sythis-enchantress' Declare Attackers Step
Combat: Ai(3)-mm-sythis-enchantress assigned Satyr Enchanter (248), Heliod, Sun-Crowned (297), Archon of Sun's Grace (217) and Ajani's Chosen (263) to attack Ai(2)-mm-muldrotha-value.
Phase: Ai(3)-mm-sythis-enchantress' Declare Blockers Step
Combat: Ai(2)-mm-muldrotha-value assigned Kheru Goldkeeper (173) to block Satyr Enchanter (248).
Ai(2)-mm-muldrotha-value didn't block Heliod, Sun-Crowned (297).
Ai(2)-mm-muldrotha-value didn't block Archon of Sun's Grace (217).
Ai(2)-mm-muldrotha-value didn't block Ajani's Chosen (263).
Phase: Ai(3)-mm-sythis-enchantress' First Strike Damage Step
Phase: Ai(3)-mm-sythis-enchantress' Combat Damage Step
Damage: Satyr Enchanter (248) deals 28 damage to Kheru Goldkeeper (173).
Damage: Heliod, Sun-Crowned (297) deals 13 combat damage to Ai(2)-mm-muldrotha-value.
Damage: Archon of Sun's Grace (217) deals 4 combat damage to Ai(2)-mm-muldrotha-value.
Life: Life: Ai(3)-mm-sythis-enchantress 25 > 29
Damage: Ajani's Chosen (263) deals 4 combat damage to Ai(2)-mm-muldrotha-value.
Damage: Kheru Goldkeeper (173) deals 3 damage to Satyr Enchanter (248).
Life: Life: Ai(2)-mm-muldrotha-value 40 > 19
Zone Change: Kheru Goldkeeper (173) was put into Graveyard from Battlefield.
Add To Stack: Ai(3)-mm-sythis-enchantress triggered Heliod, Sun-Crowned targeting [Satyr Enchanter (248)]
Resolve Stack: Whenever you gain life, put a +1/+1 counter on target creature or enchantment you control. (Targeting: [[Satyr Enchanter (248)]]) [Player: Ai(3)-mm-sythis-enchantress, Gained Amount: 4]
Phase: Ai(3)-mm-sythis-enchantress' End of Combat Step
Phase: Ai(3)-mm-sythis-enchantress' Main phase, postcombat
Phase: Ai(3)-mm-sythis-enchantress' End step
Phase: Ai(3)-mm-sythis-enchantress' Cleanup step
Discard: Ai(3)-mm-sythis-enchantress discards Forest (237).
Discard: Ai(3)-mm-sythis-enchantress discards Plains (295).
Discard: Ai(3)-mm-sythis-enchantress discards Forest (239).
Discard: Ai(3)-mm-sythis-enchantress discards Temple Garden (275).
Discard: Ai(3)-mm-sythis-enchantress discards Flickering Ward (203).
Turn: Turn 30 (Ai(2)-mm-muldrotha-value)
Phase: Ai(2)-mm-muldrotha-value's Untap step
Phase: Ai(2)-mm-muldrotha-value's Upkeep step
Phase: Ai(2)-mm-muldrotha-value's Draw step
Add To Stack: Ai(3)-mm-sythis-enchantress triggered Smothering Tithe
Resolve Stack: Whenever an opponent draws a card, that player may pay {2}. If the player doesn't, you create a Treasure token. (It's an artifact with "{T}, Sacrifice this token: Add one mana of any color.") [Player: Ai(2)-mm-muldrotha-value]
Phase: Ai(2)-mm-muldrotha-value's Main phase, precombat
Phase: Ai(2)-mm-muldrotha-value's Beginning of Combat Step
Phase: Ai(2)-mm-muldrotha-value's Declare Attackers Step
Phase: Ai(2)-mm-muldrotha-value's Declare Blockers Step
Phase: Ai(2)-mm-muldrotha-value's First Strike Damage Step
Phase: Ai(2)-mm-muldrotha-value's Combat Damage Step
Phase: Ai(2)-mm-muldrotha-value's End of Combat Step
Phase: Ai(2)-mm-muldrotha-value's Main phase, postcombat
Mana: Island (134) - {T}: Add {U}.
Mana: Opulent Palace (178) - {T}: Add {B}, {G}, or {U}.
Mana: Command Tower (114) - {T}: Add one mana of any color in your commander's color identity.
Mana: Exotic Orchard (150) - {T}: Add one mana of any color that a land an opponent controls could produce.
Add To Stack: Ai(2)-mm-muldrotha-value cast Jace, Wielder of Mysteries
Replacement Effect: Jace, Wielder of Mysteries enters with four loyalty counters on it.
Resolve Stack: Jace, Wielder of Mysteries
Add To Stack: Ai(2)-mm-muldrotha-value activated Jace, Wielder of Mysteries targeting [Ai(3)-mm-sythis-enchantress]
Zone Change: Ai(3)-mm-sythis-enchantress milled Overgrown Farmland (235) and Privileged Position (259).
Resolve Stack: Jace, Wielder of Mysteries (179) - Ai(3)-mm-sythis-enchantress mills two cards. Ai(2)-mm-muldrotha-value draws a card.
Add To Stack: Ai(3)-mm-sythis-enchantress triggered Smothering Tithe
Resolve Stack: Whenever an opponent draws a card, that player may pay {2}. If the player doesn't, you create a Treasure token. (It's an artifact with "{T}, Sacrifice this token: Add one mana of any color.") [Player: Ai(2)-mm-muldrotha-value]
Mana: Swamp (167) - {T}: Add {B}.
Mana: Swamp (165) - {T}: Add {B}.
Mana: Forest (143) - {T}: Add {G}.
Add To Stack: Ai(2)-mm-muldrotha-value cast Ashiok, Dream Render
Zone Change: Treasure Token (482) was put into Graveyard from Battlefield.
Mana: Treasure Token (482) - {T}, Sacrifice this token: Add one mana of any color.
Zone Change: Treasure Token (478) was put into Graveyard from Battlefield.
Mana: Treasure Token (478) - {T}, Sacrifice this token: Add one mana of any color.
Add To Stack: Ai(3)-mm-sythis-enchantress cast Eladamri's Call
Resolve Stack: Eladamri's Call (258) - Ai(3)-mm-sythis-enchantress searches their library for a creature card, reveals it, puts it into their hand, then shuffles.
Replacement Effect: Ashiok, Dream Render enters with five loyalty counters on it.
Resolve Stack: Ashiok, Dream Render
Add To Stack: Ai(2)-mm-muldrotha-value activated Ashiok, Dream Render targeting [Ai(3)-mm-sythis-enchantress]
Zone Change: Ai(3)-mm-sythis-enchantress milled Darksteel Mutation (264), Temple of Plenty (260), Calix, Guided by Fate (232) and Fortified Village (251).
Resolve Stack: Ashiok, Dream Render (170) - Ai(3)-mm-sythis-enchantress mills four cards. 
Phase: Ai(2)-mm-muldrotha-value's End step
Phase: Ai(2)-mm-muldrotha-value's Cleanup step
Turn: Turn 31 (Ai(3)-mm-sythis-enchantress)
Phase: Ai(3)-mm-sythis-enchantress' Untap step
Phase: Ai(3)-mm-sythis-enchantress' Upkeep step
Phase: Ai(3)-mm-sythis-enchantress' Draw step
Phase: Ai(3)-mm-sythis-enchantress' Main phase, precombat
Mana: Forest (238) - {T}: Add {G}.
Mana: Plains (293) - {T}: Add {W}.
Add To Stack: Ai(3)-mm-sythis-enchantress cast Yenna, Redtooth Regent
Resolve Stack: Yenna, Redtooth Regent - Creature 4 / 4
Mana: Plains (289) - {T}: Add {W}.
Add To Stack: Ai(3)-mm-sythis-enchantress cast All That Glitters targeting [Archon of Sun's Grace (217)]
Add To Stack: Ai(3)-mm-sythis-enchantress triggered Sythis, Harvest's Hand
Add To Stack: Ai(3)-mm-sythis-enchantress triggered Satyr Enchanter
Add To Stack: Ai(3)-mm-sythis-enchantress triggered Enchantress's Presence
Resolve Stack: Whenever you cast an enchantment spell, draw a card. [Card: All That Glitters (236), Activator: Ai(3)-mm-sythis-enchantress, SpellAbility: All That Glitters]
Resolve Stack: Whenever you cast an enchantment spell, draw a card. [Card: All That Glitters (236), Activator: Ai(3)-mm-sythis-enchantress, SpellAbility: All That Glitters]
Life: Life: Ai(3)-mm-sythis-enchantress 29 > 30
Resolve Stack: Whenever you cast an enchantment spell, you gain 1 life and draw a card. [Card: All That Glitters (236), Activator: Ai(3)-mm-sythis-enchantress, SpellAbility: All That Glitters]
Add To Stack: Ai(3)-mm-sythis-enchantress triggered Heliod, Sun-Crowned targeting [Satyr Enchanter (248)]
Resolve Stack: Whenever you gain life, put a +1/+1 counter on target creature or enchantment you control. (Targeting: [[Satyr Enchanter (248)]]) [Player: Ai(3)-mm-sythis-enchantress, Gained Amount: 1]
Resolve Stack: All That Glitters (236) -  Attach to Archon of Sun's Grace (217)
Add To Stack: Ai(3)-mm-sythis-enchantress triggered Archon of Sun's Grace
Add To Stack: Ai(3)-mm-sythis-enchantress triggered Ajani's Chosen
Resolve Stack: Whenever an enchantment you control enters, create a 2/2 white Cat creature token. If that enchantment is an Aura, you may attach it to the token. [Zone Changer: All That Glitters (236)]
Resolve Stack: Constellation — Whenever an enchantment you control enters, create a 2/2 white Pegasus creature token with flying. [Zone Changer: All That Glitters (236)]
Land: Ai(3)-mm-sythis-enchantress played Reliquary Tower (274)
Mana: Plains (288) - {T}: Add {W}.
Mana: Forest (245) - {T}: Add {G}.
Add To Stack: Ai(3)-mm-sythis-enchantress cast Sterling Grove
Add To Stack: Ai(3)-mm-sythis-enchantress triggered Sythis, Harvest's Hand
Add To Stack: Ai(3)-mm-sythis-enchantress triggered Satyr Enchanter
Add To Stack: Ai(3)-mm-sythis-enchantress triggered Enchantress's Presence
Resolve Stack: Whenever you cast an enchantment spell, draw a card. [Card: Sterling Grove (221), Activator: Ai(3)-mm-sythis-enchantress, SpellAbility: Sterling Grove]
Resolve Stack: Whenever you cast an enchantment spell, draw a card. [Card: Sterling Grove (221), Activator: Ai(3)-mm-sythis-enchantress, SpellAbility: Sterling Grove]
Life: Life: Ai(3)-mm-sythis-enchantress 30 > 31
Resolve Stack: Whenever you cast an enchantment spell, you gain 1 life and draw a card. [Card: Sterling Grove (221), Activator: Ai(3)-mm-sythis-enchantress, SpellAbility: Sterling Grove]
Add To Stack: Ai(3)-mm-sythis-enchantress triggered Heliod, Sun-Crowned targeting [Satyr Enchanter (248)]
Resolve Stack: Whenever you gain life, put a +1/+1 counter on target creature or enchantment you control. (Targeting: [[Satyr Enchanter (248)]]) [Player: Ai(3)-mm-sythis-enchantress, Gained Amount: 1]
Resolve Stack: Sterling Grove
Add To Stack: Ai(3)-mm-sythis-enchantress triggered Archon of Sun's Grace
Add To Stack: Ai(3)-mm-sythis-enchantress triggered Ajani's Chosen
Resolve Stack: Whenever an enchantment you control enters, create a 2/2 white Cat creature token. If that enchantment is an Aura, you may attach it to the token. [Zone Changer: Sterling Grove (221)]
Resolve Stack: Constellation — Whenever an enchantment you control enters, create a 2/2 white Pegasus creature token with flying. [Zone Changer: Sterling Grove (221)]
Mana: Reliquary Tower (274) - {T}: Add {C}.
Add To Stack: Ai(3)-mm-sythis-enchantress cast Setessan Champion
Resolve Stack: Setessan Champion - Creature 1 / 3
Mana: Canopy Vista (270) - {T}: Add {G}.
Add To Stack: Ai(3)-mm-sythis-enchantress cast Thought Vessel
Resolve Stack: Thought Vessel
Mana: Thought Vessel (246) - {T}: Add {C}.
Add To Stack: Ai(3)-mm-sythis-enchantress cast Composer of Spring
Resolve Stack: Composer of Spring - Creature 1 / 3
Damage: Brushland (298) deals 1 non-combat damage to Ai(3)-mm-sythis-enchantress.
Life: Life: Ai(3)-mm-sythis-enchantress 31 > 30
Mana: Brushland (298) - {T}: Add {G} or {W}. Brushland deals 1 damage to you. 
Add To Stack: Ai(3)-mm-sythis-enchantress cast Authority of the Consuls
Add To Stack: Ai(3)-mm-sythis-enchantress triggered Sythis, Harvest's Hand
Add To Stack: Ai(3)-mm-sythis-enchantress triggered Satyr Enchanter
Add To Stack: Ai(3)-mm-sythis-enchantress triggered Enchantress's Presence
Resolve Stack: Whenever you cast an enchantment spell, draw a card. [Card: Authority of the Consuls (296), Activator: Ai(3)-mm-sythis-enchantress, SpellAbility: Authority of the Consuls]
Resolve Stack: Whenever you cast an enchantment spell, draw a card. [Card: Authority of the Consuls (296), Activator: Ai(3)-mm-sythis-enchantress, SpellAbility: Authority of the Consuls]
Life: Life: Ai(3)-mm-sythis-enchantress 30 > 31
Resolve Stack: Whenever you cast an enchantment spell, you gain 1 life and draw a card. [Card: Authority of the Consuls (296), Activator: Ai(3)-mm-sythis-enchantress, SpellAbility: Authority of the Consuls]
Add To Stack: Ai(3)-mm-sythis-enchantress triggered Heliod, Sun-Crowned targeting [Satyr Enchanter (248)]
Resolve Stack: Whenever you gain life, put a +1/+1 counter on target creature or enchantment you control. (Targeting: [[Satyr Enchanter (248)]]) [Player: Ai(3)-mm-sythis-enchantress, Gained Amount: 1]
Resolve Stack: Authority of the Consuls
Add To Stack: Ai(3)-mm-sythis-enchantress triggered Composer of Spring
Add To Stack: Ai(3)-mm-sythis-enchantress triggered Setessan Champion
Add To Stack: Ai(3)-mm-sythis-enchantress triggered Archon of Sun's Grace
Add To Stack: Ai(3)-mm-sythis-enchantress triggered Ajani's Chosen
Resolve Stack: Whenever an enchantment you control enters, create a 2/2 white Cat creature token. If that enchantment is an Aura, you may attach it to the token. [Zone Changer: Authority of the Consuls (296)]
Resolve Stack: Constellation — Whenever an enchantment you control enters, create a 2/2 white Pegasus creature token with flying. [Zone Changer: Authority of the Consuls (296)]
Resolve Stack: Constellation — Whenever an enchantment you control enters, put a +1/+1 counter on Setessan Champion and draw a card. [Zone Changer: Authority of the Consuls (296)]
Resolve Stack: Constellation — Whenever an enchantment you control enters, you may put a land card from your hand onto the battlefield tapped. If you control six or more enchantments, instead you may put a creature or land card from your hand onto the battlefield tapped. [Zone Changer: Authority of the Consuls (296)]
Add To Stack: Ai(3)-mm-sythis-enchantress triggered Composer of Spring
Add To Stack: Ai(3)-mm-sythis-enchantress triggered Eidolon of Blossoms
Add To Stack: Ai(3)-mm-sythis-enchantress triggered Setessan Champion
Add To Stack: Ai(3)-mm-sythis-enchantress triggered Archon of Sun's Grace
Add To Stack: Ai(3)-mm-sythis-enchantress triggered Ajani's Chosen
Resolve Stack: Whenever an enchantment you control enters, create a 2/2 white Cat creature token. If that enchantment is an Aura, you may attach it to the token. [Zone Changer: Eidolon of Blossoms (209)]
Resolve Stack: Constellation — Whenever an enchantment you control enters, create a 2/2 white Pegasus creature token with flying. [Zone Changer: Eidolon of Blossoms (209)]
Resolve Stack: Constellation — Whenever an enchantment you control enters, put a +1/+1 counter on Setessan Champion and draw a card. [Zone Changer: Eidolon of Blossoms (209)]
Resolve Stack: Constellation — Whenever Eidolon of Blossoms or another enchantment you control enters, draw a card. [Zone Changer: Eidolon of Blossoms (209)]
Resolve Stack: Constellation — Whenever an enchantment you control enters, you may put a land card from your hand onto the battlefield tapped. If you control six or more enchantments, instead you may put a creature or land card from your hand onto the battlefield tapped. [Zone Changer: Eidolon of Blossoms (209)]
Phase: Ai(3)-mm-sythis-enchantress' Beginning of Combat Step
Phase: Ai(3)-mm-sythis-enchantress' Declare Attackers Step
Combat: Ai(3)-mm-sythis-enchantress assigned Satyr Enchanter (248), Cat Token (448), Cat Token (472), Heliod, Sun-Crowned (297), Archon of Sun's Grace (217), Ajani's Chosen (263), Pegasus Token (450), Weaver of Harmony (257), Cat Token (454), Pegasus Token (456), Sythis, Harvest's Hand (302), Cat Token (460), Pegasus Token (462), Cat Token (466), Pegasus Token (468) and Pegasus Token (474) to attack Ai(2)-mm-muldrotha-value.
Phase: Ai(3)-mm-sythis-enchantress' Declare Blockers Step
Combat: Ai(2)-mm-muldrotha-value didn't block Satyr Enchanter (248).
Ai(2)-mm-muldrotha-value didn't block Cat Token (448).
Ai(2)-mm-muldrotha-value didn't block Cat Token (472).
Ai(2)-mm-muldrotha-value didn't block Heliod, Sun-Crowned (297).
Ai(2)-mm-muldrotha-value didn't block Archon of Sun's Grace (217).
Ai(2)-mm-muldrotha-value didn't block Ajani's Chosen (263).
Ai(2)-mm-muldrotha-value didn't block Pegasus Token (450).
Ai(2)-mm-muldrotha-value didn't block Weaver of Harmony (257).
Ai(2)-mm-muldrotha-value didn't block Cat Token (454).
Ai(2)-mm-muldrotha-value didn't block Pegasus Token (456).
Ai(2)-mm-muldrotha-value didn't block Sythis, Harvest's Hand (302).
Ai(2)-mm-muldrotha-value didn't block Cat Token (460).
Ai(2)-mm-muldrotha-value didn't block Pegasus Token (462).
Ai(2)-mm-muldrotha-value didn't block Cat Token (466).
Ai(2)-mm-muldrotha-value didn't block Pegasus Token (468).
Ai(2)-mm-muldrotha-value didn't block Pegasus Token (474).
Phase: Ai(3)-mm-sythis-enchantress' First Strike Damage Step
Damage: Cat Token (472) deals 17 combat damage to Ai(2)-mm-muldrotha-value.
Life: Life: Ai(2)-mm-muldrotha-value 19 > 2
Phase: Ai(3)-mm-sythis-enchantress' Combat Damage Step
Damage: Satyr Enchanter (248) deals 48 combat damage to Ai(2)-mm-muldrotha-value.
Damage: Cat Token (448) deals 29 combat damage to Ai(2)-mm-muldrotha-value.
Damage: Heliod, Sun-Crowned (297) deals 13 combat damage to Ai(2)-mm-muldrotha-value.
Damage: Archon of Sun's Grace (217) deals 4 combat damage to Ai(2)-mm-muldrotha-value.
Life: Life: Ai(3)-mm-sythis-enchantress 31 > 35
Damage: Ajani's Chosen (263) deals 4 combat damage to Ai(2)-mm-muldrotha-value.
Damage: Pegasus Token (450) deals 3 combat damage to Ai(2)-mm-muldrotha-value.
Life: Life: Ai(3)-mm-sythis-enchantress 35 > 38
Damage: Weaver of Harmony (257) deals 3 combat damage to Ai(2)-mm-muldrotha-value.
Damage: Cat Token (454) deals 3 combat damage to Ai(2)-mm-muldrotha-value.
Damage: Pegasus Token (456) deals 3 combat damage to Ai(2)-mm-muldrotha-value.
Life: Life: Ai(3)-mm-sythis-enchantress 38 > 41
Damage: Sythis, Harvest's Hand (302) deals 3 combat damage to Ai(2)-mm-muldrotha-value.
Damage: Cat Token (460) deals 3 combat damage to Ai(2)-mm-muldrotha-value.
Damage: Pegasus Token (462) deals 3 combat damage to Ai(2)-mm-muldrotha-value.
Life: Life: Ai(3)-mm-sythis-enchantress 41 > 44
Damage: Cat Token (466) deals 3 combat damage to Ai(2)-mm-muldrotha-value.
Damage: Pegasus Token (468) deals 3 combat damage to Ai(2)-mm-muldrotha-value.
Life: Life: Ai(3)-mm-sythis-enchantress 44 > 47
Damage: Pegasus Token (474) deals 3 combat damage to Ai(2)-mm-muldrotha-value.
Life: Life: Ai(3)-mm-sythis-enchantress 47 > 50
Life: Life: Ai(2)-mm-muldrotha-value 2 > -126
Player Control: Ai(1)-mm-jarad-graveyard has restored control over themself
Player Control: Ai(2)-mm-muldrotha-value has restored control over themself
Player Control: Ai(3)-mm-sythis-enchantress has restored control over themself
Player Control: Ai(4)-mm-abaddon has restored control over themself
Game Outcome: Turn 16
Game Outcome: Ai(1)-mm-jarad-graveyard has lost because life total reached 0
Game Outcome: Ai(2)-mm-muldrotha-value has lost because life total reached 0
Game Outcome: Ai(3)-mm-sythis-enchantress has won because all opponents have lost
Game Outcome: Ai(4)-mm-abaddon has lost because life total reached 0
Match Result: Ai(1)-mm-jarad-graveyard: 0 Ai(2)-mm-muldrotha-value: 0 Ai(3)-mm-sythis-enchantress: 1 Ai(4)-mm-abaddon: 0 

Game Result: Game 1 ended in 122569 ms. Ai(3)-mm-sythis-enchantress has won!

Warning: default (ie. inherited from base class) implementation of confirmAction is used by Jarad, Golgari Lich Lord for forge.ai.ability.PermanentCreatureAi. Consider declaring an overloaded method
Warning: default (ie. inherited from base class) implementation of confirmAction is used by Abaddon the Despoiler for forge.ai.ability.PermanentCreatureAi. Consider declaring an overloaded method
Warning: default (ie. inherited from base class) implementation of confirmAction is used by Jarad, Golgari Lich Lord for forge.ai.ability.PermanentCreatureAi. Consider declaring an overloaded method
java.util.concurrent.TimeoutException
	at java.base/java.util.concurrent.FutureTask.get(FutureTask.java:204)
	at forge.ai.AiController.chooseSpellAbilityToPlayFromList(AiController.java:1696)
	at forge.ai.AiController.getSpellAbilityToPlay(AiController.java:1583)
	at forge.ai.AiController.chooseSpellAbilityToPlay(AiController.java:1403)
	at forge.ai.PlayerControllerAi.chooseSpellAbilityToPlay(PlayerControllerAi.java:832)
	at forge.game.phase.PhaseHandler.mainLoopStep(PhaseHandler.java:1056)
	at forge.game.phase.PhaseHandler.mainGameLoop(PhaseHandler.java:1035)
	at forge.game.phase.PhaseHandler.startFirstTurn(PhaseHandler.java:1029)
	at forge.game.GameAction.startGame(GameAction.java:2373)
	at forge.game.Match.startGame(Match.java:92)
	at forge.game.Match.startGame(Match.java:77)
	at forge.view.SimulateMatch.lambda$simulateSingleMatch$0(SimulateMatch.java:213)
	at forge.view.TimeLimitedCodeBlock.lambda$runWithTimeout$0(TimeLimitedCodeBlock.java:18)
	at java.base/java.util.concurrent.FutureTask.run(FutureTask.java:317)
	at java.base/java.util.concurrent.ThreadPoolExecutor.runWorker(ThreadPoolExecutor.java:1144)
	at java.base/java.util.concurrent.ThreadPoolExecutor$Worker.run(ThreadPoolExecutor.java:642)
	at java.base/java.lang.Thread.run(Thread.java:1583)
AI eval thread at timeout:
	at java.base/java.util.Collection.stream(Collection.java:750)
	at forge.game.card.Card.hasRemoveIntrinsic(Card.java:3425)
	at forge.game.card.CardState$LandTraitChanges.applyReplacementEffect(CardState.java:580)
	at forge.game.card.Card.updateReplacementEffects(Card.java:7065)
	at forge.game.card.CardState.getReplacementEffects(CardState.java:754)
	at forge.game.card.CardState.getReplacementEffects(CardState.java:723)
	at forge.game.card.Card.getReplacementEffects(Card.java:7055)
	at forge.game.replacement.ReplacementHandler.lambda$getReplacementList$0(ReplacementHandler.java:134)
	at forge.util.Visitor.visitAll(Visitor.java:16)
	at forge.game.Game.forEachCardInGame(Game.java:760)
	at forge.game.replacement.ReplacementHandler.getReplacementList(ReplacementHandler.java:102)
	at forge.game.replacement.ReplacementHandler.cantHappenCheck(ReplacementHandler.java:174)
	at forge.game.card.Card.canUntap(Card.java:4745)
	at forge.game.spellability.SpellAbility.calculateScoreForManaAbility(SpellAbility.java:2413)
	at forge.ai.ComputerUtilMana.scoreManaProducingCard(ComputerUtilMana.java:110)
	at forge.ai.ComputerUtilMana.sortManaAbilities(ComputerUtilMana.java:140)
	at forge.ai.ComputerUtilMana.getSourcesForShards(ComputerUtilMana.java:858)
	at forge.ai.ComputerUtilMana.payManaCost(ComputerUtilMana.java:638)
	at forge.ai.ComputerUtilMana.payManaCost(ComputerUtilMana.java:74)
	at forge.ai.ComputerUtilMana.canPayManaCost(ComputerUtilMana.java:63)
	at forge.ai.ComputerUtilCost.canPayCost(ComputerUtilCost.java:634)
	at forge.ai.ComputerUtilCost.canPayCost(ComputerUtilCost.java:530)
	at forge.ai.ComputerUtilCombat.canGainKeyword(ComputerUtilCombat.java:2290)
	at forge.ai.ComputerUtilCombat.dealsFirstStrikeDamage(ComputerUtilCombat.java:2251)
	at forge.ai.ComputerUtilCombat.predictPowerBonusOfAttacker(ComputerUtilCombat.java:1162)
	at forge.ai.ComputerUtilCombat.canDestroyBlocker(ComputerUtilCombat.java:1912)
	at forge.ai.AiBlockController.getSafeBlockers(AiBlockController.java:106)
	at forge.ai.AiBlockController.reinforceBlockersToKill(AiBlockController.java:819)
	at forge.ai.AiBlockController.assignBlockers(AiBlockController.java:1104)
	at forge.ai.AiBlockController.assignBlockersForCombat(AiBlockController.java:1014)
java.util.concurrent.TimeoutException
	at java.base/java.util.concurrent.FutureTask.get(FutureTask.java:204)
	at forge.ai.AiController.chooseSpellAbilityToPlayFromList(AiController.java:1696)
	at forge.ai.AiController.getSpellAbilityToPlay(AiController.java:1583)
	at forge.ai.AiController.chooseSpellAbilityToPlay(AiController.java:1403)
	at forge.ai.PlayerControllerAi.chooseSpellAbilityToPlay(PlayerControllerAi.java:832)
	at forge.game.phase.PhaseHandler.mainLoopStep(PhaseHandler.java:1056)
	at forge.game.phase.PhaseHandler.mainGameLoop(PhaseHandler.java:1035)
	at forge.game.phase.PhaseHandler.startFirstTurn(PhaseHandler.java:1029)
	at forge.game.GameAction.startGame(GameAction.java:2373)
	at forge.game.Match.startGame(Match.java:92)
	at forge.game.Match.startGame(Match.java:77)
	at forge.view.SimulateMatch.lambda$simulateSingleMatch$0(SimulateMatch.java:213)
	at forge.view.TimeLimitedCodeBlock.lambda$runWithTimeout$0(TimeLimitedCodeBlock.java:18)
	at java.base/java.util.concurrent.FutureTask.run(FutureTask.java:317)
	at java.base/java.util.concurrent.ThreadPoolExecutor.runWorker(ThreadPoolExecutor.java:1144)
	at java.base/java.util.concurrent.ThreadPoolExecutor$Worker.run(ThreadPoolExecutor.java:642)
	at java.base/java.lang.Thread.run(Thread.java:1583)
AI eval thread at timeout:
	at forge.game.card.Card.updateReplacementEffects(Card.java:7066)
	at forge.game.card.CardState.getReplacementEffects(CardState.java:754)
	at forge.game.card.CardState.getReplacementEffects(CardState.java:723)
	at forge.game.card.Card.getReplacementEffects(Card.java:7055)
	at forge.game.replacement.ReplacementHandler.lambda$getReplacementList$0(ReplacementHandler.java:134)
	at forge.util.Visitor.visitAll(Visitor.java:16)
	at forge.game.Game.forEachCardInGame(Game.java:757)
	at forge.game.replacement.ReplacementHandler.getReplacementList(ReplacementHandler.java:102)
	at forge.game.replacement.ReplacementHandler.cantHappenCheck(ReplacementHandler.java:174)
	at forge.game.card.Card.canTap(Card.java:4696)
	at forge.game.card.Card.canTap(Card.java:4688)
	at forge.game.cost.CostTap.canPay(CostTap.java:69)
	at forge.game.cost.Cost.canPay(Cost.java:1085)
	at forge.game.cost.CostPayment.canPayAdditionalCosts(CostPayment.java:104)
	at forge.game.cost.CostPayment.canPayAdditionalCosts(CostPayment.java:96)
	at forge.game.spellability.AbilityActivated.canPlay(AbilityActivated.java:103)
	at forge.ai.ComputerUtilMana.getAvailableManaEstimate(ComputerUtilMana.java:1305)
	at forge.ai.ComputerUtilMana.getAvailableManaEstimate(ComputerUtilMana.java:1289)
	at forge.ai.AiBlockController.removeUnpayableBlocks(AiBlockController.java:1365)
	at forge.ai.AiBlockController.assignBlockers(AiBlockController.java:1108)
	at forge.ai.AiBlockController.assignBlockersForCombat(AiBlockController.java:1014)
	at forge.ai.ComputerUtil.predictNextCombatsRemainingLife(ComputerUtil.java:3214)
	at forge.ai.ComputerUtil.evaluateBoardPositionChanged(ComputerUtil.java:2959)
	at forge.ai.ComputerUtil.lambda$evaluateBoardPosition$21(ComputerUtil.java:2930)
	at forge.ai.AiCache.getCached(AiCache.java:40)
	at forge.ai.ComputerUtil.evaluateBoardPosition(ComputerUtil.java:2929)
	at forge.ai.AiAttackController.choosePreferredDefenderPlayer(AiAttackController.java:213)
	at forge.ai.AiAttackController.choosePreferredDefenderPlayer(AiAttackController.java:202)
	at forge.ai.ability.ChangeZoneAi.hiddenOriginCanPlayAI(ChangeZoneAi.java:276)
	at forge.ai.ability.ChangeZoneAi.checkApiLogic(ChangeZoneAi.java:178)
java.util.concurrent.TimeoutException
	at java.base/java.util.concurrent.FutureTask.get(FutureTask.java:204)
	at forge.ai.AiController.chooseSpellAbilityToPlayFromList(AiController.java:1696)
	at forge.ai.AiController.getSpellAbilityToPlay(AiController.java:1583)
	at forge.ai.AiController.chooseSpellAbilityToPlay(AiController.java:1403)
	at forge.ai.PlayerControllerAi.chooseSpellAbilityToPlay(PlayerControllerAi.java:832)
	at forge.game.phase.PhaseHandler.mainLoopStep(PhaseHandler.java:1056)
	at forge.game.phase.PhaseHandler.mainGameLoop(PhaseHandler.java:1035)
	at forge.game.phase.PhaseHandler.startFirstTurn(PhaseHandler.java:1029)
	at forge.game.GameAction.startGame(GameAction.java:2373)
	at forge.game.Match.startGame(Match.java:92)
	at forge.game.Match.startGame(Match.java:77)
	at forge.view.SimulateMatch.lambda$simulateSingleMatch$0(SimulateMatch.java:213)
	at forge.view.TimeLimitedCodeBlock.lambda$runWithTimeout$0(TimeLimitedCodeBlock.java:18)
	at java.base/java.util.concurrent.FutureTask.run(FutureTask.java:317)
	at java.base/java.util.concurrent.ThreadPoolExecutor.runWorker(ThreadPoolExecutor.java:1144)
	at java.base/java.util.concurrent.ThreadPoolExecutor$Worker.run(ThreadPoolExecutor.java:642)
	at java.base/java.lang.Thread.run(Thread.java:1583)
AI eval thread at timeout:
	at forge.game.card.Card.updateStaticAbilities(Card.java:7011)
	at forge.game.card.CardState.getStaticAbilities(CardState.java:712)
	at forge.game.card.Card.getStaticAbilities(Card.java:6993)
	at forge.game.staticability.StaticAbilityCastWithFlash.anyWithFlashNeedsInfo(StaticAbilityCastWithFlash.java:17)
	at forge.game.spellability.SpellAbilityRestriction.canPlay(SpellAbilityRestriction.java:559)
	at forge.game.spellability.AbilityActivated.canPlay(AbilityActivated.java:98)
	at forge.ai.ComputerUtilMana.getAvailableManaEstimate(ComputerUtilMana.java:1305)
	at forge.ai.ComputerUtilMana.getAvailableManaEstimate(ComputerUtilMana.java:1289)
	at forge.ai.AiBlockController.removeUnpayableBlocks(AiBlockController.java:1365)
	at forge.ai.AiBlockController.assignBlockers(AiBlockController.java:1108)
	at forge.ai.AiBlockController.assignBlockersForCombat(AiBlockController.java:1014)
	at forge.ai.ComputerUtil.predictNextCombatsRemainingLife(ComputerUtil.java:3214)
	at forge.ai.ComputerUtil.predictNextCombatsRemainingLife(ComputerUtil.java:3179)
	at forge.ai.AiAttackController.notNeededAsBlockers(AiAttackController.java:426)
	at forge.ai.AiAttackController.declareAttackers(AiAttackController.java:1279)
	at forge.ai.ComputerUtilCard.doesSpecifiedCreatureAttackAI(ComputerUtilCard.java:820)
	at forge.ai.ComputerUtilCard.shouldPumpCard(ComputerUtilCard.java:1557)
	at forge.ai.ability.PumpAiBase.lambda$getPumpCreatures$2(PumpAiBase.java:376)
	at java.base/java.util.stream.ReferencePipeline$2$1.accept(ReferencePipeline.java:178)
	at java.base/java.util.Spliterators$IteratorSpliterator.tryAdvance(Spliterators.java:1950)
	at java.base/java.util.stream.StreamSpliterators$WrappingSpliterator.lambda$initPartialTraversalState$0(StreamSpliterators.java:292)
	at java.base/java.util.stream.StreamSpliterators$AbstractWrappingSpliterator.fillBuffer(StreamSpliterators.java:206)
	at java.base/java.util.stream.StreamSpliterators$AbstractWrappingSpliterator.doAdvance(StreamSpliterators.java:161)
	at java.base/java.util.stream.StreamSpliterators$WrappingSpliterator.tryAdvance(StreamSpliterators.java:298)
	at java.base/java.util.Spliterators$1Adapter.hasNext(Spliterators.java:681)
	at forge.util.collect.FCollection.addAll(FCollection.java:345)
	at forge.util.collect.FCollection.<init>(FCollection.java:103)
	at forge.game.card.CardCollection.<init>(CardCollection.java:118)
	at forge.game.card.CardLists.filter(CardLists.java:331)
	at forge.ai.ability.PumpAiBase.getPumpCreatures(PumpAiBase.java:376)
java.util.concurrent.TimeoutException
	at java.base/java.util.concurrent.FutureTask.get(FutureTask.java:204)
	at forge.ai.AiController.chooseSpellAbilityToPlayFromList(AiController.java:1696)
	at forge.ai.AiController.getSpellAbilityToPlay(AiController.java:1583)
	at forge.ai.AiController.chooseSpellAbilityToPlay(AiController.java:1403)
	at forge.ai.PlayerControllerAi.chooseSpellAbilityToPlay(PlayerControllerAi.java:832)
	at forge.game.phase.PhaseHandler.mainLoopStep(PhaseHandler.java:1056)
	at forge.game.phase.PhaseHandler.mainGameLoop(PhaseHandler.java:1035)
	at forge.game.phase.PhaseHandler.startFirstTurn(PhaseHandler.java:1029)
	at forge.game.GameAction.startGame(GameAction.java:2373)
	at forge.game.Match.startGame(Match.java:92)
	at forge.game.Match.startGame(Match.java:77)
	at forge.view.SimulateMatch.lambda$simulateSingleMatch$0(SimulateMatch.java:213)
	at forge.view.TimeLimitedCodeBlock.lambda$runWithTimeout$0(TimeLimitedCodeBlock.java:18)
	at java.base/java.util.concurrent.FutureTask.run(FutureTask.java:317)
	at java.base/java.util.concurrent.ThreadPoolExecutor.runWorker(ThreadPoolExecutor.java:1144)
	at java.base/java.util.concurrent.ThreadPoolExecutor$Worker.run(ThreadPoolExecutor.java:642)
	at java.base/java.lang.Thread.run(Thread.java:1583)
AI eval thread at timeout:
	at forge.game.card.Card.updateReplacementEffects(Card.java:7066)
	at forge.game.card.CardState.getReplacementEffects(CardState.java:754)
	at forge.game.card.CardState.getReplacementEffects(CardState.java:723)
	at forge.game.card.Card.getReplacementEffects(Card.java:7055)
	at forge.game.replacement.ReplacementHandler.lambda$getReplacementList$0(ReplacementHandler.java:134)
	at forge.util.Visitor.visitAll(Visitor.java:16)
	at forge.game.Game.forEachCardInGame(Game.java:757)
	at forge.game.replacement.ReplacementHandler.getReplacementList(ReplacementHandler.java:102)
	at forge.ai.ComputerUtilMana.groupSourcesByManaColor(ComputerUtilMana.java:1537)
	at forge.ai.ComputerUtilMana.getSourcesForShards(ComputerUtilMana.java:831)
	at forge.ai.ComputerUtilMana.payManaCost(ComputerUtilMana.java:638)
	at forge.ai.ComputerUtilMana.payManaCost(ComputerUtilMana.java:74)
	at forge.ai.ComputerUtilMana.canPayManaCost(ComputerUtilMana.java:63)
	at forge.ai.ComputerUtilCost.canPayCost(ComputerUtilCost.java:634)
	at forge.ai.ComputerUtilCost.canPayCost(ComputerUtilCost.java:530)
	at forge.ai.ComputerUtilCombat.canGainKeyword(ComputerUtilCombat.java:2290)
	at forge.ai.ComputerUtilCombat.dealsFirstStrikeDamage(ComputerUtilCombat.java:2251)
	at forge.ai.ComputerUtilCombat.predictPowerBonusOfAttacker(ComputerUtilCombat.java:1162)
	at forge.ai.ComputerUtilCombat.canDestroyBlocker(ComputerUtilCombat.java:1912)
	at forge.ai.AiBlockController.getSafeBlockers(AiBlockController.java:106)
	at forge.ai.AiBlockController.makeGoodBlocks(AiBlockController.java:198)
	at forge.ai.AiBlockController.assignBlockers(AiBlockController.java:1083)
	at forge.ai.AiBlockController.assignBlockersForCombat(AiBlockController.java:1014)
	at forge.ai.ComputerUtil.predictNextCombatsRemainingLife(ComputerUtil.java:3214)
	at forge.ai.ComputerUtil.evaluateBoardPositionChanged(ComputerUtil.java:2959)
	at forge.ai.ComputerUtil.lambda$evaluateBoardPosition$21(ComputerUtil.java:2930)
	at forge.ai.AiCache.getCached(AiCache.java:40)
	at forge.ai.ComputerUtil.evaluateBoardPosition(ComputerUtil.java:2929)
	at forge.ai.AiAttackController.choosePreferredDefenderPlayer(AiAttackController.java:213)
	at forge.ai.AiAttackController.choosePreferredDefenderPlayer(AiAttackController.java:202)
java.util.concurrent.TimeoutException
	at java.base/java.util.concurrent.FutureTask.get(FutureTask.java:204)
	at forge.ai.AiController.chooseSpellAbilityToPlayFromList(AiController.java:1696)
	at forge.ai.AiController.getSpellAbilityToPlay(AiController.java:1583)
	at forge.ai.AiController.chooseSpellAbilityToPlay(AiController.java:1403)
	at forge.ai.PlayerControllerAi.chooseSpellAbilityToPlay(PlayerControllerAi.java:832)
	at forge.game.phase.PhaseHandler.mainLoopStep(PhaseHandler.java:1056)
	at forge.game.phase.PhaseHandler.mainGameLoop(PhaseHandler.java:1035)
	at forge.game.phase.PhaseHandler.startFirstTurn(PhaseHandler.java:1029)
	at forge.game.GameAction.startGame(GameAction.java:2373)
	at forge.game.Match.startGame(Match.java:92)
	at forge.game.Match.startGame(Match.java:77)
	at forge.view.SimulateMatch.lambda$simulateSingleMatch$0(SimulateMatch.java:213)
	at forge.view.TimeLimitedCodeBlock.lambda$runWithTimeout$0(TimeLimitedCodeBlock.java:18)
	at java.base/java.util.concurrent.FutureTask.run(FutureTask.java:317)
	at java.base/java.util.concurrent.ThreadPoolExecutor.runWorker(ThreadPoolExecutor.java:1144)
	at java.base/java.util.concurrent.ThreadPoolExecutor$Worker.run(ThreadPoolExecutor.java:642)
	at java.base/java.lang.Thread.run(Thread.java:1583)
AI eval thread at timeout:
	at java.base/java.util.HashMap.resize(HashMap.java:713)
	at java.base/java.util.HashMap.putVal(HashMap.java:669)
	at java.base/java.util.HashMap.put(HashMap.java:618)
	at java.base/java.util.HashSet.add(HashSet.java:229)
	at forge.util.collect.FCollection.add(FCollection.java:273)
	at forge.util.collect.FCollection.addAll(FCollection.java:346)
	at forge.util.collect.FCollection.addAll(FCollection.java:325)
	at forge.game.player.PlayerCollection.getCardsIn(PlayerCollection.java:33)
	at forge.game.Game.getCardsIn(Game.java:610)
	at forge.game.cost.CostAdjustment.adjust(CostAdjustment.java:65)
	at forge.game.cost.CostPayment.canPayAdditionalCosts(CostPayment.java:103)
	at forge.game.cost.CostPayment.canPayAdditionalCosts(CostPayment.java:96)
	at forge.game.spellability.AbilityActivated.canPlay(AbilityActivated.java:103)
	at forge.ai.ComputerUtilMana.lambda$getAvailableManaSources$16(ComputerUtilMana.java:1341)
	at java.base/java.util.stream.ReferencePipeline$2$1.accept(ReferencePipeline.java:178)
	at java.base/java.util.Spliterators$IteratorSpliterator.tryAdvance(Spliterators.java:1950)
	at java.base/java.util.stream.StreamSpliterators$WrappingSpliterator.lambda$initPartialTraversalState$0(StreamSpliterators.java:292)
	at java.base/java.util.stream.StreamSpliterators$AbstractWrappingSpliterator.fillBuffer(StreamSpliterators.java:206)
	at java.base/java.util.stream.StreamSpliterators$AbstractWrappingSpliterator.doAdvance(StreamSpliterators.java:169)
	at java.base/java.util.stream.StreamSpliterators$WrappingSpliterator.tryAdvance(StreamSpliterators.java:298)
	at java.base/java.util.Spliterators$1Adapter.hasNext(Spliterators.java:681)
	at forge.util.collect.FCollection.addAll(FCollection.java:345)
	at forge.util.collect.FCollection.<init>(FCollection.java:103)
	at forge.game.card.CardCollection.<init>(CardCollection.java:118)
	at forge.game.card.CardLists.filter(CardLists.java:331)
	at forge.ai.ComputerUtilMana.getAvailableManaSources(ComputerUtilMana.java:1338)
	at forge.ai.ComputerUtilMana.groupSourcesByManaColor(ComputerUtilMana.java:1496)
	at forge.ai.ComputerUtilMana.getSourcesForShards(ComputerUtilMana.java:831)
	at forge.ai.ComputerUtilMana.payManaCost(ComputerUtilMana.java:638)
	at forge.ai.ComputerUtilMana.payManaCost(ComputerUtilMana.java:74)
java.util.concurrent.TimeoutException
	at java.base/java.util.concurrent.FutureTask.get(FutureTask.java:204)
	at forge.ai.AiController.chooseSpellAbilityToPlayFromList(AiController.java:1696)
	at forge.ai.AiController.getSpellAbilityToPlay(AiController.java:1583)
	at forge.ai.AiController.chooseSpellAbilityToPlay(AiController.java:1403)
	at forge.ai.PlayerControllerAi.chooseSpellAbilityToPlay(PlayerControllerAi.java:832)
	at forge.game.phase.PhaseHandler.mainLoopStep(PhaseHandler.java:1056)
	at forge.game.phase.PhaseHandler.mainGameLoop(PhaseHandler.java:1035)
	at forge.game.phase.PhaseHandler.startFirstTurn(PhaseHandler.java:1029)
	at forge.game.GameAction.startGame(GameAction.java:2373)
	at forge.game.Match.startGame(Match.java:92)
	at forge.game.Match.startGame(Match.java:77)
	at forge.view.SimulateMatch.lambda$simulateSingleMatch$0(SimulateMatch.java:213)
	at forge.view.TimeLimitedCodeBlock.lambda$runWithTimeout$0(TimeLimitedCodeBlock.java:18)
	at java.base/java.util.concurrent.FutureTask.run(FutureTask.java:317)
	at java.base/java.util.concurrent.ThreadPoolExecutor.runWorker(ThreadPoolExecutor.java:1144)
	at java.base/java.util.concurrent.ThreadPoolExecutor$Worker.run(ThreadPoolExecutor.java:642)
	at java.base/java.lang.Thread.run(Thread.java:1583)
AI eval thread at timeout:
	at java.base/java.util.HashMap.hash(HashMap.java:338)
	at java.base/java.util.HashMap.getNode(HashMap.java:576)
	at java.base/java.util.HashMap.containsKey(HashMap.java:602)
	at java.base/java.util.HashSet.contains(HashSet.java:213)
	at forge.game.replacement.ReplacementHandler.lambda$getReplacementList$0(ReplacementHandler.java:135)
	at forge.util.Visitor.visitAll(Visitor.java:16)
	at forge.game.Game.forEachCardInGame(Game.java:757)
	at forge.game.replacement.ReplacementHandler.getReplacementList(ReplacementHandler.java:102)
	at forge.game.replacement.ReplacementHandler.cantHappenCheck(ReplacementHandler.java:174)
	at forge.game.card.Card.canTap(Card.java:4696)
	at forge.game.card.Card.canTap(Card.java:4688)
	at forge.game.cost.CostTap.canPay(CostTap.java:69)
	at forge.game.cost.Cost.canPay(Cost.java:1085)
	at forge.game.cost.CostPayment.canPayAdditionalCosts(CostPayment.java:104)
	at forge.game.cost.CostPayment.canPayAdditionalCosts(CostPayment.java:96)
	at forge.game.spellability.AbilityActivated.canPlay(AbilityActivated.java:103)
	at forge.ai.ComputerUtilMana.groupSourcesByManaColor(ComputerUtilMana.java:1505)
	at forge.ai.ComputerUtilMana.getSourcesForShards(ComputerUtilMana.java:831)
	at forge.ai.ComputerUtilMana.payManaCost(ComputerUtilMana.java:638)
	at forge.ai.ComputerUtilMana.payManaCost(ComputerUtilMana.java:74)
	at forge.ai.ComputerUtilMana.canPayManaCost(ComputerUtilMana.java:63)
	at forge.ai.ComputerUtilCost.canPayCost(ComputerUtilCost.java:634)
	at forge.ai.ComputerUtilCost.canPayCost(ComputerUtilCost.java:530)
	at forge.ai.ComputerUtilCombat.canGainKeyword(ComputerUtilCombat.java:2290)
	at forge.ai.ComputerUtilCombat.dealsFirstStrikeDamage(ComputerUtilCombat.java:2251)
	at forge.ai.ComputerUtilCombat.predictPowerBonusOfAttacker(ComputerUtilCombat.java:1162)
	at forge.ai.ComputerUtilCombat.canDestroyAttacker(ComputerUtilCombat.java:1709)
	at forge.ai.AiBlockController.getKillingBlockers(AiBlockController.java:120)
	at forge.ai.AiBlockController.makeGoodBlocks(AiBlockController.java:203)
	at forge.ai.AiBlockController.assignBlockers(AiBlockController.java:1083)
Mulligan: Ai(3)-mm-sythis-enchantress has mulliganed down to 7 cards.
Mulligan: Ai(4)-mm-abaddon has mulliganed down to 7 cards.
Mulligan: Ai(3)-mm-sythis-enchantress has mulliganed down to 6 cards.
Mulligan: Ai(3)-mm-sythis-enchantress has mulliganed down to 5 cards.
Mulligan: Ai(1)-mm-jarad-graveyard has kept a hand of 7 cards
Mulligan: Ai(2)-mm-muldrotha-value has kept a hand of 7 cards
Mulligan: Ai(3)-mm-sythis-enchantress has kept a hand of 5 cards
Mulligan: Ai(4)-mm-abaddon has kept a hand of 7 cards
Turn: Turn 1 (Ai(1)-mm-jarad-graveyard)
Phase: Ai(1)-mm-jarad-graveyard's Untap step
Phase: Ai(1)-mm-jarad-graveyard's Upkeep step
Phase: Ai(1)-mm-jarad-graveyard's Draw step
Phase: Ai(1)-mm-jarad-graveyard's Main phase, precombat
Land: Ai(1)-mm-jarad-graveyard played Swamp (59)
Phase: Ai(1)-mm-jarad-graveyard's Beginning of Combat Step
Phase: Ai(1)-mm-jarad-graveyard's Declare Attackers Step
Phase: Ai(1)-mm-jarad-graveyard's Declare Blockers Step
Phase: Ai(1)-mm-jarad-graveyard's First Strike Damage Step
Phase: Ai(1)-mm-jarad-graveyard's Combat Damage Step
Phase: Ai(1)-mm-jarad-graveyard's End of Combat Step
Phase: Ai(1)-mm-jarad-graveyard's Main phase, postcombat
Phase: Ai(1)-mm-jarad-graveyard's End step
Phase: Ai(1)-mm-jarad-graveyard's Cleanup step
Turn: Turn 2 (Ai(2)-mm-muldrotha-value)
Phase: Ai(2)-mm-muldrotha-value's Untap step
Phase: Ai(2)-mm-muldrotha-value's Upkeep step
Phase: Ai(2)-mm-muldrotha-value's Draw step
Phase: Ai(2)-mm-muldrotha-value's Main phase, precombat
Land: Ai(2)-mm-muldrotha-value played Forest (143)
Phase: Ai(2)-mm-muldrotha-value's Beginning of Combat Step
Phase: Ai(2)-mm-muldrotha-value's Declare Attackers Step
Phase: Ai(2)-mm-muldrotha-value's Declare Blockers Step
Phase: Ai(2)-mm-muldrotha-value's First Strike Damage Step
Phase: Ai(2)-mm-muldrotha-value's Combat Damage Step
Phase: Ai(2)-mm-muldrotha-value's End of Combat Step
Phase: Ai(2)-mm-muldrotha-value's Main phase, postcombat
Phase: Ai(2)-mm-muldrotha-value's End step
Phase: Ai(2)-mm-muldrotha-value's Cleanup step
Turn: Turn 3 (Ai(3)-mm-sythis-enchantress)
Phase: Ai(3)-mm-sythis-enchantress' Untap step
Phase: Ai(3)-mm-sythis-enchantress' Upkeep step
Phase: Ai(3)-mm-sythis-enchantress' Draw step
Phase: Ai(3)-mm-sythis-enchantress' Main phase, precombat
Replacement Effect: Overgrown Farmland enters tapped unless you control two or more other lands.
Land: Ai(3)-mm-sythis-enchantress played Overgrown Farmland (235)
Phase: Ai(3)-mm-sythis-enchantress' Beginning of Combat Step
Phase: Ai(3)-mm-sythis-enchantress' Declare Attackers Step
Phase: Ai(3)-mm-sythis-enchantress' Declare Blockers Step
Phase: Ai(3)-mm-sythis-enchantress' First Strike Damage Step
Phase: Ai(3)-mm-sythis-enchantress' Combat Damage Step
Phase: Ai(3)-mm-sythis-enchantress' End of Combat Step
Phase: Ai(3)-mm-sythis-enchantress' Main phase, postcombat
Phase: Ai(3)-mm-sythis-enchantress' End step
Phase: Ai(3)-mm-sythis-enchantress' Cleanup step
Turn: Turn 4 (Ai(4)-mm-abaddon)
Phase: Ai(4)-mm-abaddon's Untap step
Phase: Ai(4)-mm-abaddon's Upkeep step
Phase: Ai(4)-mm-abaddon's Draw step
Phase: Ai(4)-mm-abaddon's Main phase, precombat
Land: Ai(4)-mm-abaddon played Shivan Reef (341)
Phase: Ai(4)-mm-abaddon's Beginning of Combat Step
Phase: Ai(4)-mm-abaddon's Declare Attackers Step
Phase: Ai(4)-mm-abaddon's Declare Blockers Step
Phase: Ai(4)-mm-abaddon's First Strike Damage Step
Phase: Ai(4)-mm-abaddon's Combat Damage Step
Phase: Ai(4)-mm-abaddon's End of Combat Step
Phase: Ai(4)-mm-abaddon's Main phase, postcombat
Phase: Ai(4)-mm-abaddon's End step
Phase: Ai(4)-mm-abaddon's Cleanup step
Turn: Turn 5 (Ai(1)-mm-jarad-graveyard)
Phase: Ai(1)-mm-jarad-graveyard's Untap step
Phase: Ai(1)-mm-jarad-graveyard's Upkeep step
Phase: Ai(1)-mm-jarad-graveyard's Draw step
Phase: Ai(1)-mm-jarad-graveyard's Main phase, precombat
Land: Ai(1)-mm-jarad-graveyard played Forest (35)
Phase: Ai(1)-mm-jarad-graveyard's Beginning of Combat Step
Phase: Ai(1)-mm-jarad-graveyard's Declare Attackers Step
Phase: Ai(1)-mm-jarad-graveyard's Declare Blockers Step
Phase: Ai(1)-mm-jarad-graveyard's First Strike Damage Step
Phase: Ai(1)-mm-jarad-graveyard's Combat Damage Step
Phase: Ai(1)-mm-jarad-graveyard's End of Combat Step
Phase: Ai(1)-mm-jarad-graveyard's Main phase, postcombat
Mana: Swamp (59) - {T}: Add {B}.
Mana: Forest (35) - {T}: Add {G}.
Add To Stack: Ai(1)-mm-jarad-graveyard cast Wight of the Reliquary
Resolve Stack: Wight of the Reliquary - Creature 2 / 2
Phase: Ai(1)-mm-jarad-graveyard's End step
Phase: Ai(1)-mm-jarad-graveyard's Cleanup step
Turn: Turn 6 (Ai(2)-mm-muldrotha-value)
Phase: Ai(2)-mm-muldrotha-value's Untap step
Phase: Ai(2)-mm-muldrotha-value's Upkeep step
Phase: Ai(2)-mm-muldrotha-value's Draw step
Phase: Ai(2)-mm-muldrotha-value's Main phase, precombat
Life: Life: Ai(2)-mm-muldrotha-value 40 > 38
Replacement Effect: As Watery Grave enters, you may pay 2 life. If you don't, it enters tapped.
Land: Ai(2)-mm-muldrotha-value played Watery Grave (131)
Phase: Ai(2)-mm-muldrotha-value's Beginning of Combat Step
Phase: Ai(2)-mm-muldrotha-value's Declare Attackers Step
Phase: Ai(2)-mm-muldrotha-value's Declare Blockers Step
Phase: Ai(2)-mm-muldrotha-value's First Strike Damage Step
Phase: Ai(2)-mm-muldrotha-value's Combat Damage Step
Phase: Ai(2)-mm-muldrotha-value's End of Combat Step
Phase: Ai(2)-mm-muldrotha-value's Main phase, postcombat
Mana: Forest (143) - {T}: Add {G}.
Mana: Watery Grave (131) - {T}: Add {B}.
Add To Stack: Ai(2)-mm-muldrotha-value cast Mesmeric Orb
Resolve Stack: Mesmeric Orb
Phase: Ai(2)-mm-muldrotha-value's End step
Phase: Ai(2)-mm-muldrotha-value's Cleanup step
Turn: Turn 7 (Ai(3)-mm-sythis-enchantress)
Phase: Ai(3)-mm-sythis-enchantress' Untap step
Phase: Ai(3)-mm-sythis-enchantress' Upkeep step
Add To Stack: Ai(2)-mm-muldrotha-value triggered Mesmeric Orb
Zone Change: Ai(3)-mm-sythis-enchantress milled Forest (239).
Resolve Stack: Whenever a permanent becomes untapped, that permanent's controller mills a card. [Untapped: Overgrown Farmland (235)]
Phase: Ai(3)-mm-sythis-enchantress' Draw step
Phase: Ai(3)-mm-sythis-enchantress' Main phase, precombat
Land: Ai(3)-mm-sythis-enchantress played Branchloft Pathway (278)
Phase: Ai(3)-mm-sythis-enchantress' Beginning of Combat Step
Phase: Ai(3)-mm-sythis-enchantress' Declare Attackers Step
Phase: Ai(3)-mm-sythis-enchantress' Declare Blockers Step
Phase: Ai(3)-mm-sythis-enchantress' First Strike Damage Step
Phase: Ai(3)-mm-sythis-enchantress' Combat Damage Step
Phase: Ai(3)-mm-sythis-enchantress' End of Combat Step
Phase: Ai(3)-mm-sythis-enchantress' Main phase, postcombat
Mana: Overgrown Farmland (235) - {T}: Add {G} or {W}.
Mana: Branchloft Pathway (278) - {T}: Add {G}.
Add To Stack: Ai(3)-mm-sythis-enchantress cast Sythis, Harvest's Hand
Resolve Stack: Sythis, Harvest's Hand - Creature 1 / 2
Phase: Ai(3)-mm-sythis-enchantress' End step
Phase: Ai(3)-mm-sythis-enchantress' Cleanup step
Turn: Turn 8 (Ai(4)-mm-abaddon)
Phase: Ai(4)-mm-abaddon's Untap step
Phase: Ai(4)-mm-abaddon's Upkeep step
Phase: Ai(4)-mm-abaddon's Draw step
Phase: Ai(4)-mm-abaddon's Main phase, precombat
Land: Ai(4)-mm-abaddon played Swamp (353)
Phase: Ai(4)-mm-abaddon's Beginning of Combat Step
Phase: Ai(4)-mm-abaddon's Declare Attackers Step
Phase: Ai(4)-mm-abaddon's Declare Blockers Step
Phase: Ai(4)-mm-abaddon's First Strike Damage Step
Phase: Ai(4)-mm-abaddon's Combat Damage Step
Phase: Ai(4)-mm-abaddon's End of Combat Step
Phase: Ai(4)-mm-abaddon's Main phase, postcombat
Mana: Swamp (353) - {T}: Add {B}.
Mana: Shivan Reef (341) - {T}: Add {C}.
Add To Stack: Ai(4)-mm-abaddon cast Lightning Greaves
Resolve Stack: Lightning Greaves
Phase: Ai(4)-mm-abaddon's End step
Phase: Ai(4)-mm-abaddon's Cleanup step
Turn: Turn 9 (Ai(1)-mm-jarad-graveyard)
Phase: Ai(1)-mm-jarad-graveyard's Untap step
Phase: Ai(1)-mm-jarad-graveyard's Upkeep step
Add To Stack: Ai(2)-mm-muldrotha-value triggered Mesmeric Orb
Add To Stack: Ai(2)-mm-muldrotha-value triggered Mesmeric Orb
Zone Change: Ai(1)-mm-jarad-graveyard milled Rampant Growth (87).
Resolve Stack: Whenever a permanent becomes untapped, that permanent's controller mills a card. [Untapped: Forest (35)]
Zone Change: Ai(1)-mm-jarad-graveyard milled Honest Rutstein (52).
Resolve Stack: Whenever a permanent becomes untapped, that permanent's controller mills a card. [Untapped: Swamp (59)]
Phase: Ai(1)-mm-jarad-graveyard's Draw step
Phase: Ai(1)-mm-jarad-graveyard's Main phase, precombat
Land: Ai(1)-mm-jarad-graveyard played Swamp (63)
Mana: Swamp (59) - {T}: Add {B}.
Mana: Forest (35) - {T}: Add {G}.
Add To Stack: Ai(1)-mm-jarad-graveyard cast Animate Dead targeting [Honest Rutstein (52)]
Resolve Stack: Animate Dead (4) -  Attach to Honest Rutstein (52)
Add To Stack: Ai(1)-mm-jarad-graveyard triggered Animate Dead
Resolve Stack: When Animate Dead enters, if it's on the battlefield, it loses "enchant creature card in a graveyard" and gains "enchant creature put onto the battlefield with Animate Dead." Return enchanted creature card to the battlefield under your control and attach Animate Dead to it. When Animate Dead leaves the battlefield, that creature's controller sacrifices it. [Zone Changer: Animate Dead (4)]
Phase: Ai(1)-mm-jarad-graveyard's Beginning of Combat Step
Phase: Ai(1)-mm-jarad-graveyard's Declare Attackers Step
Combat: Ai(1)-mm-jarad-graveyard assigned Wight of the Reliquary (58) to attack Ai(2)-mm-muldrotha-value.
Phase: Ai(1)-mm-jarad-graveyard's Declare Blockers Step
Combat: Ai(2)-mm-muldrotha-value didn't block Wight of the Reliquary (58).
Zone Change: Honest Rutstein (52) was put into Graveyard from Battlefield.
Add To Stack: Ai(1)-mm-jarad-graveyard activated Wight of the Reliquary
Zone Change: Animate Dead (4) was put into Graveyard from Battlefield.
Add To Stack: Ai(1)-mm-jarad-graveyard triggered Animate Dead
Resolve Stack: When Animate Dead leaves the battlefield, that creature's controller sacrifices it. ([Honest Rutstein (52)]) [Zone Changer: Animate Dead (4)]
Replacement Effect: Golgari Rot Farm enters tapped.
Resolve Stack: Wight of the Reliquary (58) - Ai(1)-mm-jarad-graveyard searches their library for a land card, puts it onto the battlefield tapped, then shuffles.
Add To Stack: Ai(1)-mm-jarad-graveyard triggered Golgari Rot Farm
Resolve Stack: When Golgari Rot Farm enters, return a land you control to its owner's hand. [Zone Changer: Golgari Rot Farm (75)]
Phase: Ai(1)-mm-jarad-graveyard's First Strike Damage Step
Phase: Ai(1)-mm-jarad-graveyard's Combat Damage Step
Damage: Wight of the Reliquary (58) deals 3 combat damage to Ai(2)-mm-muldrotha-value.
Life: Life: Ai(2)-mm-muldrotha-value 38 > 35
Phase: Ai(1)-mm-jarad-graveyard's End of Combat Step
Phase: Ai(1)-mm-jarad-graveyard's Main phase, postcombat
Mana: Swamp (63) - {T}: Add {B}.
Add To Stack: Ai(1)-mm-jarad-graveyard cast Reanimate targeting [Honest Rutstein (52)]
Life: Life: Ai(1)-mm-jarad-graveyard 40 > 37
Resolve Stack: Reanimate (55) - Return Honest Rutstein (52) from the graveyard to the battlefield under your control. Ai(1)-mm-jarad-graveyard loses 0 life. 
Phase: Ai(1)-mm-jarad-graveyard's End step
Phase: Ai(1)-mm-jarad-graveyard's Cleanup step
Turn: Turn 10 (Ai(2)-mm-muldrotha-value)
Phase: Ai(2)-mm-muldrotha-value's Untap step
Phase: Ai(2)-mm-muldrotha-value's Upkeep step
Add To Stack: Ai(2)-mm-muldrotha-value triggered Mesmeric Orb
Add To Stack: Ai(2)-mm-muldrotha-value triggered Mesmeric Orb
Zone Change: Ai(2)-mm-muldrotha-value milled Opulent Palace (178).
Resolve Stack: Whenever a permanent becomes untapped, that permanent's controller mills a card. [Untapped: Watery Grave (131)]
Zone Change: Ai(2)-mm-muldrotha-value milled Exotic Orchard (150).
Resolve Stack: Whenever a permanent becomes untapped, that permanent's controller mills a card. [Untapped: Forest (143)]
Phase: Ai(2)-mm-muldrotha-value's Draw step
Phase: Ai(2)-mm-muldrotha-value's Main phase, precombat
Land: Ai(2)-mm-muldrotha-value played Polluted Delta (111)
Life: Life: Ai(2)-mm-muldrotha-value 35 > 34
Zone Change: Polluted Delta (111) was put into Graveyard from Battlefield.
Add To Stack: Ai(2)-mm-muldrotha-value activated Polluted Delta
Replacement Effect: Zagoth Triome enters tapped.
Resolve Stack: Polluted Delta (111) - Ai(2)-mm-muldrotha-value searches their library for an Island or Swamp card, puts it onto the battlefield, then shuffles.
Phase: Ai(2)-mm-muldrotha-value's Beginning of Combat Step
Phase: Ai(2)-mm-muldrotha-value's Declare Attackers Step
Phase: Ai(2)-mm-muldrotha-value's Declare Blockers Step
Phase: Ai(2)-mm-muldrotha-value's First Strike Damage Step
Phase: Ai(2)-mm-muldrotha-value's Combat Damage Step
Phase: Ai(2)-mm-muldrotha-value's End of Combat Step
Phase: Ai(2)-mm-muldrotha-value's Main phase, postcombat
Phase: Ai(2)-mm-muldrotha-value's End step
Phase: Ai(2)-mm-muldrotha-value's Cleanup step
Turn: Turn 11 (Ai(3)-mm-sythis-enchantress)
Phase: Ai(3)-mm-sythis-enchantress' Untap step
Phase: Ai(3)-mm-sythis-enchantress' Upkeep step
Add To Stack: Ai(2)-mm-muldrotha-value triggered Mesmeric Orb
Add To Stack: Ai(2)-mm-muldrotha-value triggered Mesmeric Orb
Zone Change: Ai(3)-mm-sythis-enchantress milled Composer of Spring (247).
Resolve Stack: Whenever a permanent becomes untapped, that permanent's controller mills a card. [Untapped: Branchloft Pathway (278)]
Zone Change: Ai(3)-mm-sythis-enchantress milled Reliquary Tower (274).
Resolve Stack: Whenever a permanent becomes untapped, that permanent's controller mills a card. [Untapped: Overgrown Farmland (235)]
Phase: Ai(3)-mm-sythis-enchantress' Draw step
Phase: Ai(3)-mm-sythis-enchantress' Main phase, precombat
Land: Ai(3)-mm-sythis-enchantress played Plains (294)
Mana: Plains (294) - {T}: Add {W}.
Mana: Overgrown Farmland (235) - {T}: Add {G} or {W}.
Mana: Branchloft Pathway (278) - {T}: Add {G}.
Add To Stack: Ai(3)-mm-sythis-enchantress cast Grasp of Fate
Add To Stack: Ai(3)-mm-sythis-enchantress triggered Sythis, Harvest's Hand
Life: Life: Ai(3)-mm-sythis-enchantress 40 > 41
Resolve Stack: Whenever you cast an enchantment spell, you gain 1 life and draw a card. [Card: Grasp of Fate (219), Activator: Ai(3)-mm-sythis-enchantress, SpellAbility: Grasp of Fate]
Resolve Stack: Grasp of Fate
Add To Stack: Ai(3)-mm-sythis-enchantress triggered Grasp of Fate targeting [Wight of the Reliquary (58), Mesmeric Orb (104), Lightning Greaves (396)]
Zone Change: Wight of the Reliquary (58) was put into Exile from Battlefield.
Zone Change: Mesmeric Orb (104) was put into Exile from Battlefield.
Zone Change: Lightning Greaves (396) was put into Exile from Battlefield.
Resolve Stack: When Grasp of Fate enters, for each opponent, exile up to one target nonland permanent that player controls until Grasp of Fate leaves the battlefield. (Those permanents return under their owners' control.) (Targeting: [[Wight of the Reliquary (58), Mesmeric Orb (104), Lightning Greaves (396)]]) [Zone Changer: Grasp of Fate (219)]
Phase: Ai(3)-mm-sythis-enchantress' Beginning of Combat Step
Phase: Ai(3)-mm-sythis-enchantress' Declare Attackers Step
Phase: Ai(3)-mm-sythis-enchantress' Declare Blockers Step
Phase: Ai(3)-mm-sythis-enchantress' First Strike Damage Step
Phase: Ai(3)-mm-sythis-enchantress' Combat Damage Step
Phase: Ai(3)-mm-sythis-enchantress' End of Combat Step
Phase: Ai(3)-mm-sythis-enchantress' Main phase, postcombat
Phase: Ai(3)-mm-sythis-enchantress' End step
Phase: Ai(3)-mm-sythis-enchantress' Cleanup step
Turn: Turn 12 (Ai(4)-mm-abaddon)
Phase: Ai(4)-mm-abaddon's Untap step
Phase: Ai(4)-mm-abaddon's Upkeep step
Phase: Ai(4)-mm-abaddon's Draw step
Phase: Ai(4)-mm-abaddon's Main phase, precombat
Land: Ai(4)-mm-abaddon played Island (327)
Phase: Ai(4)-mm-abaddon's Beginning of Combat Step
Phase: Ai(4)-mm-abaddon's Declare Attackers Step
Phase: Ai(4)-mm-abaddon's Declare Blockers Step
Phase: Ai(4)-mm-abaddon's First Strike Damage Step
Phase: Ai(4)-mm-abaddon's Combat Damage Step
Phase: Ai(4)-mm-abaddon's End of Combat Step
Phase: Ai(4)-mm-abaddon's Main phase, postcombat
Mana: Swamp (353) - {T}: Add {B}.
Mana: Island (327) - {T}: Add {U}.
Mana: Shivan Reef (341) - {T}: Add {C}.
Add To Stack: Ai(4)-mm-abaddon cast Poxwalkers
Resolve Stack: Poxwalkers - Creature 3 / 1
Phase: Ai(4)-mm-abaddon's End step
Phase: Ai(4)-mm-abaddon's Cleanup step
Turn: Turn 13 (Ai(1)-mm-jarad-graveyard)
Phase: Ai(1)-mm-jarad-graveyard's Untap step
Phase: Ai(1)-mm-jarad-graveyard's Upkeep step
Phase: Ai(1)-mm-jarad-graveyard's Draw step
Phase: Ai(1)-mm-jarad-graveyard's Main phase, precombat
Phase: Ai(1)-mm-jarad-graveyard's Beginning of Combat Step
Phase: Ai(1)-mm-jarad-graveyard's Declare Attackers Step
Combat: Ai(1)-mm-jarad-graveyard assigned Honest Rutstein (52) to attack Ai(3)-mm-sythis-enchantress.
Phase: Ai(1)-mm-jarad-graveyard's Declare Blockers Step
Combat: Ai(3)-mm-sythis-enchantress didn't block Honest Rutstein (52).
Phase: Ai(1)-mm-jarad-graveyard's First Strike Damage Step
Phase: Ai(1)-mm-jarad-graveyard's Combat Damage Step
Damage: Honest Rutstein (52) deals 3 combat damage to Ai(3)-mm-sythis-enchantress.
Life: Life: Ai(3)-mm-sythis-enchantress 41 > 38
Phase: Ai(1)-mm-jarad-graveyard's End of Combat Step
Phase: Ai(1)-mm-jarad-graveyard's Main phase, postcombat
Replacement Effect: Dakmor Salvage enters tapped.
Land: Ai(1)-mm-jarad-graveyard played Dakmor Salvage (72)
Mana: Swamp (63) - {T}: Add {B}.
Mana: Golgari Rot Farm (75) - {T}: Add {B}{G}.
Mana: Forest (35) - {T}: Add {G}.
Add To Stack: Ai(1)-mm-jarad-graveyard cast Jarad, Golgari Lich Lord
Resolve Stack: Jarad, Golgari Lich Lord - Creature 2 / 2
Phase: Ai(1)-mm-jarad-graveyard's End step
Phase: Ai(1)-mm-jarad-graveyard's Cleanup step
Turn: Turn 14 (Ai(2)-mm-muldrotha-value)
Phase: Ai(2)-mm-muldrotha-value's Untap step
Phase: Ai(2)-mm-muldrotha-value's Upkeep step
Phase: Ai(2)-mm-muldrotha-value's Draw step
Phase: Ai(2)-mm-muldrotha-value's Main phase, precombat
Mana: Watery Grave (131) - {T}: Add {B}.
Add To Stack: Ai(2)-mm-muldrotha-value cast Reanimate targeting [Composer of Spring (247)]
Life: Life: Ai(2)-mm-muldrotha-value 34 > 32
Resolve Stack: Reanimate (159) - Return Composer of Spring (247) from the graveyard to the battlefield under your control. Ai(2)-mm-muldrotha-value loses 0 life. 
Phase: Ai(2)-mm-muldrotha-value's Beginning of Combat Step
Phase: Ai(2)-mm-muldrotha-value's Declare Attackers Step
Phase: Ai(2)-mm-muldrotha-value's Declare Blockers Step
Phase: Ai(2)-mm-muldrotha-value's First Strike Damage Step
Phase: Ai(2)-mm-muldrotha-value's Combat Damage Step
Phase: Ai(2)-mm-muldrotha-value's End of Combat Step
Phase: Ai(2)-mm-muldrotha-value's Main phase, postcombat
Mana: Forest (143) - {T}: Add {G}.
Mana: Zagoth Triome (116) - {T}: Add {G}.
Add To Stack: Ai(2)-mm-muldrotha-value cast Hermit Druid
Resolve Stack: Hermit Druid - Creature 1 / 1
Phase: Ai(2)-mm-muldrotha-value's End step
Phase: Ai(2)-mm-muldrotha-value's Cleanup step
Turn: Turn 15 (Ai(3)-mm-sythis-enchantress)
Phase: Ai(3)-mm-sythis-enchantress' Untap step
Phase: Ai(3)-mm-sythis-enchantress' Upkeep step
Phase: Ai(3)-mm-sythis-enchantress' Draw step
Phase: Ai(3)-mm-sythis-enchantress' Main phase, precombat
Land: Ai(3)-mm-sythis-enchantress played Forest (238)
Mana: Branchloft Pathway (278) - {T}: Add {G}.
Add To Stack: Ai(3)-mm-sythis-enchantress cast Rancor targeting [Sythis, Harvest's Hand (302)]
Add To Stack: Ai(3)-mm-sythis-enchantress triggered Sythis, Harvest's Hand
Life: Life: Ai(3)-mm-sythis-enchantress 38 > 39
Resolve Stack: Whenever you cast an enchantment spell, you gain 1 life and draw a card. [Card: Rancor (211), Activator: Ai(3)-mm-sythis-enchantress, SpellAbility: Rancor]
Resolve Stack: Rancor (211) -  Attach to Sythis, Harvest's Hand (302)
Phase: Ai(3)-mm-sythis-enchantress' Beginning of Combat Step
Phase: Ai(3)-mm-sythis-enchantress' Declare Attackers Step
Phase: Ai(3)-mm-sythis-enchantress' Declare Blockers Step
Phase: Ai(3)-mm-sythis-enchantress' First Strike Damage Step
Phase: Ai(3)-mm-sythis-enchantress' Combat Damage Step
Phase: Ai(3)-mm-sythis-enchantress' End of Combat Step
Phase: Ai(3)-mm-sythis-enchantress' Main phase, postcombat
Mana: Plains (294) - {T}: Add {W}.
Mana: Forest (238) - {T}: Add {G}.
Mana: Overgrown Farmland (235) - {T}: Add {G} or {W}.
Add To Stack: Ai(3)-mm-sythis-enchantress cast Heliod, Sun-Crowned
Add To Stack: Ai(3)-mm-sythis-enchantress triggered Sythis, Harvest's Hand
Life: Life: Ai(3)-mm-sythis-enchantress 39 > 40
Resolve Stack: Whenever you cast an enchantment spell, you gain 1 life and draw a card. [Card: Heliod, Sun-Crowned (297), Activator: Ai(3)-mm-sythis-enchantress, SpellAbility: Heliod, Sun-Crowned - Creature 5 / 5]
Resolve Stack: Heliod, Sun-Crowned - Creature 5 / 5
Phase: Ai(3)-mm-sythis-enchantress' End step
Phase: Ai(3)-mm-sythis-enchantress' Cleanup step
Turn: Turn 16 (Ai(4)-mm-abaddon)
Phase: Ai(4)-mm-abaddon's Untap step
Phase: Ai(4)-mm-abaddon's Upkeep step
Phase: Ai(4)-mm-abaddon's Draw step
Phase: Ai(4)-mm-abaddon's Main phase, precombat
Mana: Swamp (353) - {T}: Add {B}.
Add To Stack: Ai(4)-mm-abaddon cast Dark Ritual
Resolve Stack: Dark Ritual (319) - Ai(4)-mm-abaddon adds {B}{B}{B}.
Mana: Island (327) - {T}: Add {U}.
Mana: Shivan Reef (341) - {T}: Add {C}.
Add To Stack: Ai(4)-mm-abaddon cast Deny Reality targeting [Sythis, Harvest's Hand (302)]
Add To Stack: Ai(4)-mm-abaddon triggered Deny Reality
Resolve Stack: Cascade - Deny Reality [Card: Deny Reality (318), Activator: Ai(4)-mm-abaddon, SpellAbility: Return target permanent to its owner's hand.]
Resolve Stack: Deny Reality (318) - Return Sythis, Harvest's Hand (302) to its owner's hand.
Zone Change: Rancor (211) was put into Graveyard from Battlefield.
Add To Stack: Ai(3)-mm-sythis-enchantress triggered Rancor
Resolve Stack: When Rancor is put into a graveyard from the battlefield, return Rancor to its owner's hand. [Zone Changer: Rancor (211)]
Phase: Ai(4)-mm-abaddon's Beginning of Combat Step
Phase: Ai(4)-mm-abaddon's Declare Attackers Step
Combat: Ai(4)-mm-abaddon assigned Poxwalkers (364) to attack Ai(3)-mm-sythis-enchantress.
Phase: Ai(4)-mm-abaddon's Declare Blockers Step
Combat: Ai(3)-mm-sythis-enchantress didn't block Poxwalkers (364).
Phase: Ai(4)-mm-abaddon's First Strike Damage Step
Phase: Ai(4)-mm-abaddon's Combat Damage Step
Damage: Poxwalkers (364) deals 3 combat damage to Ai(3)-mm-sythis-enchantress.
Life: Life: Ai(3)-mm-sythis-enchantress 40 > 37
Phase: Ai(4)-mm-abaddon's End of Combat Step
Phase: Ai(4)-mm-abaddon's Main phase, postcombat
Replacement Effect: Sulfur Falls enters tapped unless you control an Island or a Mountain.
Land: Ai(4)-mm-abaddon played Sulfur Falls (323)
Phase: Ai(4)-mm-abaddon's End step
Phase: Ai(4)-mm-abaddon's Cleanup step
Turn: Turn 17 (Ai(1)-mm-jarad-graveyard)
Phase: Ai(1)-mm-jarad-graveyard's Untap step
Phase: Ai(1)-mm-jarad-graveyard's Upkeep step
Phase: Ai(1)-mm-jarad-graveyard's Draw step
Phase: Ai(1)-mm-jarad-graveyard's Main phase, precombat
Land: Ai(1)-mm-jarad-graveyard played Swamp (68)
Mana: Forest (35) - {T}: Add {G}.
Mana: Swamp (63) - {T}: Add {B}.
Add To Stack: Ai(1)-mm-jarad-graveyard cast Assassin's Trophy targeting [Composer of Spring (247)]
Zone Change: Composer of Spring (247) was put into Graveyard from Battlefield.
Resolve Stack: Assassin's Trophy (49) - Destroy Composer of Spring (247). (OPTIONAL) Ai(1)-mm-jarad-graveyard searches Ai(2)-mm-muldrotha-value library for a basic land card, puts it onto the battlefield, then shuffles.
Phase: Ai(1)-mm-jarad-graveyard's Beginning of Combat Step
Phase: Ai(1)-mm-jarad-graveyard's Declare Attackers Step
Combat: Ai(1)-mm-jarad-graveyard assigned Honest Rutstein (52) and Jarad, Golgari Lich Lord (100) to attack Ai(3)-mm-sythis-enchantress.
Phase: Ai(1)-mm-jarad-graveyard's Declare Blockers Step
Combat: Ai(3)-mm-sythis-enchantress didn't block Honest Rutstein (52).
Ai(3)-mm-sythis-enchantress didn't block Jarad, Golgari Lich Lord (100).
Phase: Ai(1)-mm-jarad-graveyard's First Strike Damage Step
Phase: Ai(1)-mm-jarad-graveyard's Combat Damage Step
Damage: Honest Rutstein (52) deals 3 combat damage to Ai(3)-mm-sythis-enchantress.
Damage: Jarad, Golgari Lich Lord (100) deals 2 combat damage to Ai(3)-mm-sythis-enchantress.
Life: Life: Ai(3)-mm-sythis-enchantress 37 > 32
Phase: Ai(1)-mm-jarad-graveyard's End of Combat Step
Phase: Ai(1)-mm-jarad-graveyard's Main phase, postcombat
Mana: Golgari Rot Farm (75) - {T}: Add {B}{G}.
Add To Stack: Ai(1)-mm-jarad-graveyard cast Elves of Deep Shadow
Resolve Stack: Elves of Deep Shadow - Creature 1 / 1
Phase: Ai(1)-mm-jarad-graveyard's End step
Phase: Ai(1)-mm-jarad-graveyard's Cleanup step
Turn: Turn 18 (Ai(2)-mm-muldrotha-value)
Phase: Ai(2)-mm-muldrotha-value's Untap step
Phase: Ai(2)-mm-muldrotha-value's Upkeep step
Mana: Forest (143) - {T}: Add {G}.
Add To Stack: Ai(2)-mm-muldrotha-value activated Hermit Druid
Resolve Stack: Hermit Druid (139) - Ai(2)-mm-muldrotha-valuereveals cards from their library until revealing a basic land card. Put that card into their hand and all other cards into their graveyard.
Phase: Ai(2)-mm-muldrotha-value's Draw step
Zone Change: Ai(2)-mm-muldrotha-value milled Satyr Wayfinder (127), Verdant Catacombs (115) and Doc Aurlock, Grizzled Genius (124).
Replacement Effect: Life from the Loam - Dredge 3
Phase: Ai(2)-mm-muldrotha-value's Main phase, precombat
Land: Ai(2)-mm-muldrotha-value played Island (137)
Phase: Ai(2)-mm-muldrotha-value's Beginning of Combat Step
Phase: Ai(2)-mm-muldrotha-value's Declare Attackers Step
Phase: Ai(2)-mm-muldrotha-value's Declare Blockers Step
Phase: Ai(2)-mm-muldrotha-value's First Strike Damage Step
Phase: Ai(2)-mm-muldrotha-value's Combat Damage Step
Phase: Ai(2)-mm-muldrotha-value's End of Combat Step
Phase: Ai(2)-mm-muldrotha-value's Main phase, postcombat
Mana: Zagoth Triome (116) - {T}: Add {G}.
Mana: Island (134) - {T}: Add {U}.
Mana: Island (137) - {T}: Add {U}.
Mana: Watery Grave (131) - {T}: Add {B}.
Add To Stack: Ai(2)-mm-muldrotha-value cast World Shaper
Resolve Stack: World Shaper - Creature 3 / 3
Phase: Ai(2)-mm-muldrotha-value's End step
Phase: Ai(2)-mm-muldrotha-value's Cleanup step
Turn: Turn 19 (Ai(3)-mm-sythis-enchantress)
Phase: Ai(3)-mm-sythis-enchantress' Untap step
Phase: Ai(3)-mm-sythis-enchantress' Upkeep step
Phase: Ai(3)-mm-sythis-enchantress' Draw step
Phase: Ai(3)-mm-sythis-enchantress' Main phase, precombat
Land: Ai(3)-mm-sythis-enchantress played Plains (291)
Mana: Plains (294) - {T}: Add {W}.
Mana: Branchloft Pathway (278) - {T}: Add {G}.
Mana: Forest (238) - {T}: Add {G}.
Add To Stack: Ai(3)-mm-sythis-enchantress cast Satyr Enchanter
Resolve Stack: Satyr Enchanter - Creature 2 / 2
Mana: Overgrown Farmland (235) - {T}: Add {G} or {W}.
Mana: Plains (291) - {T}: Add {W}.
Add To Stack: Ai(3)-mm-sythis-enchantress cast Sythis, Harvest's Hand
Add To Stack: Ai(3)-mm-sythis-enchantress triggered Satyr Enchanter
Resolve Stack: Whenever you cast an enchantment spell, draw a card. [Card: Sythis, Harvest's Hand (302), Activator: Ai(3)-mm-sythis-enchantress, SpellAbility: Sythis, Harvest's Hand - Creature 1 / 2]
Resolve Stack: Sythis, Harvest's Hand - Creature 1 / 2
Phase: Ai(3)-mm-sythis-enchantress' Beginning of Combat Step
Phase: Ai(3)-mm-sythis-enchantress' Declare Attackers Step
Combat: Ai(3)-mm-sythis-enchantress assigned Heliod, Sun-Crowned (297) to attack Ai(1)-mm-jarad-graveyard.
Phase: Ai(3)-mm-sythis-enchantress' Declare Blockers Step
Combat: Ai(1)-mm-jarad-graveyard didn't block Heliod, Sun-Crowned (297).
Phase: Ai(3)-mm-sythis-enchantress' First Strike Damage Step
Phase: Ai(3)-mm-sythis-enchantress' Combat Damage Step
Damage: Heliod, Sun-Crowned (297) deals 5 combat damage to Ai(1)-mm-jarad-graveyard.
Life: Life: Ai(1)-mm-jarad-graveyard 37 > 32
Phase: Ai(3)-mm-sythis-enchantress' End of Combat Step
Phase: Ai(3)-mm-sythis-enchantress' Main phase, postcombat
Phase: Ai(3)-mm-sythis-enchantress' End step
Phase: Ai(3)-mm-sythis-enchantress' Cleanup step
Turn: Turn 20 (Ai(4)-mm-abaddon)
Phase: Ai(4)-mm-abaddon's Untap step
Phase: Ai(4)-mm-abaddon's Upkeep step
Phase: Ai(4)-mm-abaddon's Draw step
Phase: Ai(4)-mm-abaddon's Main phase, precombat
Phase: Ai(4)-mm-abaddon's Beginning of Combat Step
Phase: Ai(4)-mm-abaddon's Declare Attackers Step
Phase: Ai(4)-mm-abaddon's Declare Blockers Step
Phase: Ai(4)-mm-abaddon's First Strike Damage Step
Phase: Ai(4)-mm-abaddon's Combat Damage Step
Phase: Ai(4)-mm-abaddon's End of Combat Step
Phase: Ai(4)-mm-abaddon's Main phase, postcombat
Land: Ai(4)-mm-abaddon played Exotic Orchard (338)
Mana: Exotic Orchard (338) - {T}: Add one mana of any color that a land an opponent controls could produce.
Mana: Sulfur Falls (323) - {T}: Add {U} or {R}.
Mana: Island (327) - {T}: Add {U}.
Mana: Swamp (353) - {T}: Add {B}.
Mana: Shivan Reef (341) - {T}: Add {C}.
Add To Stack: Ai(4)-mm-abaddon cast Abaddon the Despoiler
Resolve Stack: Abaddon the Despoiler - Creature 5 / 5
Phase: Ai(4)-mm-abaddon's End step
Phase: Ai(4)-mm-abaddon's Cleanup step
Turn: Turn 21 (Ai(1)-mm-jarad-graveyard)
Phase: Ai(1)-mm-jarad-graveyard's Untap step
Phase: Ai(1)-mm-jarad-graveyard's Upkeep step
Phase: Ai(1)-mm-jarad-graveyard's Draw step
Phase: Ai(1)-mm-jarad-graveyard's Main phase, precombat
Land: Ai(1)-mm-jarad-graveyard played Forest (31)
Phase: Ai(1)-mm-jarad-graveyard's Beginning of Combat Step
Phase: Ai(1)-mm-jarad-graveyard's Declare Attackers Step
Phase: Ai(1)-mm-jarad-graveyard's Declare Blockers Step
Phase: Ai(1)-mm-jarad-graveyard's First Strike Damage Step
Phase: Ai(1)-mm-jarad-graveyard's Combat Damage Step
Phase: Ai(1)-mm-jarad-graveyard's End of Combat Step
Phase: Ai(1)-mm-jarad-graveyard's Main phase, postcombat
Mana: Forest (35) - {T}: Add {G}.
Add To Stack: Ai(1)-mm-jarad-graveyard cast Llanowar Elves
Resolve Stack: Llanowar Elves - Creature 1 / 1
Phase: Ai(1)-mm-jarad-graveyard's End step
Phase: Ai(1)-mm-jarad-graveyard's Cleanup step
Turn: Turn 22 (Ai(2)-mm-muldrotha-value)
Phase: Ai(2)-mm-muldrotha-value's Untap step
Phase: Ai(2)-mm-muldrotha-value's Upkeep step
Mana: Forest (143) - {T}: Add {G}.
Add To Stack: Ai(2)-mm-muldrotha-value activated Hermit Druid
Resolve Stack: Hermit Druid (139) - Ai(2)-mm-muldrotha-valuereveals cards from their library until revealing a basic land card. Put that card into their hand and all other cards into their graveyard.
Phase: Ai(2)-mm-muldrotha-value's Draw step
Phase: Ai(2)-mm-muldrotha-value's Main phase, precombat
Land: Ai(2)-mm-muldrotha-value played Forest (142)
Phase: Ai(2)-mm-muldrotha-value's Beginning of Combat Step
Phase: Ai(2)-mm-muldrotha-value's Declare Attackers Step
Combat: Ai(2)-mm-muldrotha-value assigned World Shaper (160) to attack Ai(3)-mm-sythis-enchantress.
Add To Stack: Ai(2)-mm-muldrotha-value triggered World Shaper
Zone Change: Ai(2)-mm-muldrotha-value milled Cyclonic Rift (108), Swamp (165) and Icetill Explorer (133).
Resolve Stack: Whenever World Shaper attacks, you may mill three cards. [Attacker: World Shaper (160)]
Phase: Ai(2)-mm-muldrotha-value's Declare Blockers Step
Combat: Ai(3)-mm-sythis-enchantress didn't block World Shaper (160).
Phase: Ai(2)-mm-muldrotha-value's First Strike Damage Step
Phase: Ai(2)-mm-muldrotha-value's Combat Damage Step
Damage: World Shaper (160) deals 3 combat damage to Ai(3)-mm-sythis-enchantress.
Life: Life: Ai(3)-mm-sythis-enchantress 32 > 29
Phase: Ai(2)-mm-muldrotha-value's End of Combat Step
Phase: Ai(2)-mm-muldrotha-value's Main phase, postcombat
Mana: Watery Grave (131) - {T}: Add {B}.
Mana: Forest (142) - {T}: Add {G}.
Mana: Island (134) - {T}: Add {U}.
Mana: Island (137) - {T}: Add {U}.
Mana: Zagoth Triome (116) - {T}: Add {G}.
Add To Stack: Ai(2)-mm-muldrotha-value cast The Gitrog Monster
Resolve Stack: The Gitrog Monster - Creature 6 / 6
Replacement Effect: Bojuka Bog enters tapped.
Land: Ai(2)-mm-muldrotha-value played Bojuka Bog (156)
Add To Stack: Ai(2)-mm-muldrotha-value triggered Bojuka Bog targeting [Ai(1)-mm-jarad-graveyard]
Resolve Stack: When Bojuka Bog enters, exile all cards from target player's graveyard. (Targeting: [[Ai(1)-mm-jarad-graveyard]]) [Zone Changer: Bojuka Bog (156)]
Phase: Ai(2)-mm-muldrotha-value's End step
Phase: Ai(2)-mm-muldrotha-value's Cleanup step
Turn: Turn 23 (Ai(3)-mm-sythis-enchantress)
Phase: Ai(3)-mm-sythis-enchantress' Untap step
Phase: Ai(3)-mm-sythis-enchantress' Upkeep step
Phase: Ai(3)-mm-sythis-enchantress' Draw step
Phase: Ai(3)-mm-sythis-enchantress' Main phase, precombat
Land: Ai(3)-mm-sythis-enchantress played Hall of Heliod's Generosity (212)
Mana: Plains (294) - {T}: Add {W}.
Mana: Branchloft Pathway (278) - {T}: Add {G}.
Mana: Plains (291) - {T}: Add {W}.
Add To Stack: Ai(3)-mm-sythis-enchantress cast Calix, Guided by Fate
Add To Stack: Ai(3)-mm-sythis-enchantress triggered Sythis, Harvest's Hand
Add To Stack: Ai(3)-mm-sythis-enchantress triggered Satyr Enchanter
Resolve Stack: Whenever you cast an enchantment spell, draw a card. [Card: Calix, Guided by Fate (232), Activator: Ai(3)-mm-sythis-enchantress, SpellAbility: Calix, Guided by Fate - Creature 2 / 2]
Life: Life: Ai(3)-mm-sythis-enchantress 29 > 30
Resolve Stack: Whenever you cast an enchantment spell, you gain 1 life and draw a card. [Card: Calix, Guided by Fate (232), Activator: Ai(3)-mm-sythis-enchantress, SpellAbility: Calix, Guided by Fate - Creature 2 / 2]
Add To Stack: Ai(3)-mm-sythis-enchantress triggered Heliod, Sun-Crowned targeting [Heliod, Sun-Crowned (297)]
Resolve Stack: Whenever you gain life, put a +1/+1 counter on target creature or enchantment you control. (Targeting: [[Heliod, Sun-Crowned (297)]]) [Player: Ai(3)-mm-sythis-enchantress, Gained Amount: 1]
Resolve Stack: Calix, Guided by Fate - Creature 2 / 2
Add To Stack: Ai(3)-mm-sythis-enchantress triggered Calix, Guided by Fate targeting [Heliod, Sun-Crowned (297)]
Resolve Stack: Constellation — Whenever Calix, Guided by Fate or another enchantment you control enters, put a +1/+1 counter on target creature. (Targeting: [[Heliod, Sun-Crowned (297)]]) [Zone Changer: Calix, Guided by Fate (232)]
Mana: Overgrown Farmland (235) - {T}: Add {G} or {W}.
Add To Stack: Ai(3)-mm-sythis-enchantress cast Alseid of Life's Bounty
Add To Stack: Ai(3)-mm-sythis-enchantress triggered Sythis, Harvest's Hand
Add To Stack: Ai(3)-mm-sythis-enchantress triggered Satyr Enchanter
Resolve Stack: Whenever you cast an enchantment spell, draw a card. [Card: Alseid of Life's Bounty (249), Activator: Ai(3)-mm-sythis-enchantress, SpellAbility: Alseid of Life's Bounty - Creature 1 / 1]
Life: Life: Ai(3)-mm-sythis-enchantress 30 > 31
Resolve Stack: Whenever you cast an enchantment spell, you gain 1 life and draw a card. [Card: Alseid of Life's Bounty (249), Activator: Ai(3)-mm-sythis-enchantress, SpellAbility: Alseid of Life's Bounty - Creature 1 / 1]
Add To Stack: Ai(3)-mm-sythis-enchantress triggered Heliod, Sun-Crowned targeting [Heliod, Sun-Crowned (297)]
Resolve Stack: Whenever you gain life, put a +1/+1 counter on target creature or enchantment you control. (Targeting: [[Heliod, Sun-Crowned (297)]]) [Player: Ai(3)-mm-sythis-enchantress, Gained Amount: 1]
Resolve Stack: Alseid of Life's Bounty - Creature 1 / 1
Add To Stack: Ai(3)-mm-sythis-enchantress triggered Calix, Guided by Fate targeting [Heliod, Sun-Crowned (297)]
Resolve Stack: Constellation — Whenever Calix, Guided by Fate or another enchantment you control enters, put a +1/+1 counter on target creature. (Targeting: [[Heliod, Sun-Crowned (297)]]) [Zone Changer: Alseid of Life's Bounty (249)]
Mana: Forest (238) - {T}: Add {G}.
Add To Stack: Ai(3)-mm-sythis-enchantress cast Rancor targeting [Heliod, Sun-Crowned (297)]
Add To Stack: Ai(3)-mm-sythis-enchantress triggered Sythis, Harvest's Hand
Add To Stack: Ai(3)-mm-sythis-enchantress triggered Satyr Enchanter
Resolve Stack: Whenever you cast an enchantment spell, draw a card. [Card: Rancor (211), Activator: Ai(3)-mm-sythis-enchantress, SpellAbility: Rancor]
Life: Life: Ai(3)-mm-sythis-enchantress 31 > 32
Resolve Stack: Whenever you cast an enchantment spell, you gain 1 life and draw a card. [Card: Rancor (211), Activator: Ai(3)-mm-sythis-enchantress, SpellAbility: Rancor]
Add To Stack: Ai(3)-mm-sythis-enchantress triggered Heliod, Sun-Crowned targeting [Heliod, Sun-Crowned (297)]
Resolve Stack: Whenever you gain life, put a +1/+1 counter on target creature or enchantment you control. (Targeting: [[Heliod, Sun-Crowned (297)]]) [Player: Ai(3)-mm-sythis-enchantress, Gained Amount: 1]
Resolve Stack: Rancor (211) -  Attach to Heliod, Sun-Crowned (297)
Add To Stack: Ai(3)-mm-sythis-enchantress triggered Calix, Guided by Fate targeting [Heliod, Sun-Crowned (297)]
Resolve Stack: Constellation — Whenever Calix, Guided by Fate or another enchantment you control enters, put a +1/+1 counter on target creature. (Targeting: [[Heliod, Sun-Crowned (297)]]) [Zone Changer: Rancor (211)]
Phase: Ai(3)-mm-sythis-enchantress' Beginning of Combat Step
Phase: Ai(3)-mm-sythis-enchantress' Declare Attackers Step
Combat: Ai(3)-mm-sythis-enchantress assigned Heliod, Sun-Crowned (297) and Satyr Enchanter (248) to attack Ai(1)-mm-jarad-graveyard.
Phase: Ai(3)-mm-sythis-enchantress' Declare Blockers Step
Combat: Ai(1)-mm-jarad-graveyard didn't block Heliod, Sun-Crowned (297).
Ai(1)-mm-jarad-graveyard didn't block Satyr Enchanter (248).
Phase: Ai(3)-mm-sythis-enchantress' First Strike Damage Step
Phase: Ai(3)-mm-sythis-enchantress' Combat Damage Step
Damage: Heliod, Sun-Crowned (297) deals 13 combat damage to Ai(1)-mm-jarad-graveyard.
Damage: Satyr Enchanter (248) deals 2 combat damage to Ai(1)-mm-jarad-graveyard.
Life: Life: Ai(1)-mm-jarad-graveyard 32 > 17
Add To Stack: Ai(3)-mm-sythis-enchantress triggered Calix, Guided by Fate
Resolve Stack: Whenever Calix or an enchanted creature you control deals combat damage to a player, you may create a token that's a copy of a nonlegendary enchantment you control. Do this only once each turn. [Damage Source: Heliod, Sun-Crowned (297), Damaged: Ai(1)-mm-jarad-graveyard, Amount: 13]
Add To Stack: Ai(3)-mm-sythis-enchantress triggered Grasp of Fate targeting [The Gitrog Monster (176), Abaddon the Despoiler (403), Jarad, Golgari Lich Lord (100)]
Add To Stack: Ai(3)-mm-sythis-enchantress triggered Calix, Guided by Fate targeting [Heliod, Sun-Crowned (297)]
Resolve Stack: Constellation — Whenever Calix, Guided by Fate or another enchantment you control enters, put a +1/+1 counter on target creature. (Targeting: [[Heliod, Sun-Crowned (297)]]) [Zone Changer: Grasp of Fate (406)]
Zone Change: The Gitrog Monster (176) was put into Exile from Battlefield.
Zone Change: Abaddon the Despoiler (403) was put into Exile from Battlefield.
Zone Change: Jarad, Golgari Lich Lord (100) was put into Exile from Battlefield.
Resolve Stack: When Grasp of Fate enters, for each opponent, exile up to one target nonland permanent that player controls until Grasp of Fate leaves the battlefield. (Those permanents return under their owners' control.) (Targeting: [[The Gitrog Monster (176), Abaddon the Despoiler (403), Jarad, Golgari Lich Lord (100)]]) [Zone Changer: Grasp of Fate (406)]
Phase: Ai(3)-mm-sythis-enchantress' End of Combat Step
Phase: Ai(3)-mm-sythis-enchantress' Main phase, postcombat
Phase: Ai(3)-mm-sythis-enchantress' End step
Phase: Ai(3)-mm-sythis-enchantress' Cleanup step
Discard: Ai(3)-mm-sythis-enchantress discards Windswept Heath (300).
Discard: Ai(3)-mm-sythis-enchantress discards Sungrass Prairie (208).
Turn: Turn 24 (Ai(4)-mm-abaddon)
Phase: Ai(4)-mm-abaddon's Untap step
Phase: Ai(4)-mm-abaddon's Upkeep step
Phase: Ai(4)-mm-abaddon's Draw step
Phase: Ai(4)-mm-abaddon's Main phase, precombat
Phase: Ai(4)-mm-abaddon's Beginning of Combat Step
Phase: Ai(4)-mm-abaddon's Declare Attackers Step
Phase: Ai(4)-mm-abaddon's Declare Blockers Step
Phase: Ai(4)-mm-abaddon's First Strike Damage Step
Phase: Ai(4)-mm-abaddon's Combat Damage Step
Phase: Ai(4)-mm-abaddon's End of Combat Step
Phase: Ai(4)-mm-abaddon's Main phase, postcombat
Mana: Sulfur Falls (323) - {T}: Add {U} or {R}.
Mana: Island (327) - {T}: Add {U}.
Mana: Exotic Orchard (338) - {T}: Add one mana of any color that a land an opponent controls could produce.
Mana: Swamp (353) - {T}: Add {B}.
Mana: Shivan Reef (341) - {T}: Add {C}.
Add To Stack: Ai(4)-mm-abaddon cast Pink Horror
Resolve Stack: Pink Horror - Creature 4 / 4
Phase: Ai(4)-mm-abaddon's End step
Phase: Ai(4)-mm-abaddon's Cleanup step
Turn: Turn 25 (Ai(1)-mm-jarad-graveyard)
Phase: Ai(1)-mm-jarad-graveyard's Untap step
Phase: Ai(1)-mm-jarad-graveyard's Upkeep step
Phase: Ai(1)-mm-jarad-graveyard's Draw step
Phase: Ai(1)-mm-jarad-graveyard's Main phase, precombat
Phase: Ai(1)-mm-jarad-graveyard's Beginning of Combat Step
Phase: Ai(1)-mm-jarad-graveyard's Declare Attackers Step
Phase: Ai(1)-mm-jarad-graveyard's Declare Blockers Step
Phase: Ai(1)-mm-jarad-graveyard's First Strike Damage Step
Phase: Ai(1)-mm-jarad-graveyard's Combat Damage Step
Phase: Ai(1)-mm-jarad-graveyard's End of Combat Step
Phase: Ai(1)-mm-jarad-graveyard's Main phase, postcombat
Land: Ai(1)-mm-jarad-graveyard played Forest (29)
Mana: Swamp (63) - {T}: Add {B}.
Mana: Dakmor Salvage (72) - {T}: Add {B}.
Mana: Forest (35) - {T}: Add {G}.
Mana: Forest (31) - {T}: Add {G}.
Mana: Swamp (68) - {T}: Add {B}.
Add To Stack: Ai(1)-mm-jarad-graveyard cast Jarad, Golgari Lich Lord
Resolve Stack: Jarad, Golgari Lich Lord - Creature 2 / 2
Phase: Ai(1)-mm-jarad-graveyard's End step
Phase: Ai(1)-mm-jarad-graveyard's Cleanup step
Turn: Turn 26 (Ai(2)-mm-muldrotha-value)
Phase: Ai(2)-mm-muldrotha-value's Untap step
Phase: Ai(2)-mm-muldrotha-value's Upkeep step
Mana: Forest (143) - {T}: Add {G}.
Add To Stack: Ai(2)-mm-muldrotha-value activated Hermit Druid
Resolve Stack: Hermit Druid (139) - Ai(2)-mm-muldrotha-valuereveals cards from their library until revealing a basic land card. Put that card into their hand and all other cards into their graveyard.
Phase: Ai(2)-mm-muldrotha-value's Draw step
Phase: Ai(2)-mm-muldrotha-value's Main phase, precombat
Land: Ai(2)-mm-muldrotha-value played Island (135)
Phase: Ai(2)-mm-muldrotha-value's Beginning of Combat Step
Phase: Ai(2)-mm-muldrotha-value's Declare Attackers Step
Combat: Ai(2)-mm-muldrotha-value assigned World Shaper (160) to attack Ai(3)-mm-sythis-enchantress.
Add To Stack: Ai(2)-mm-muldrotha-value triggered World Shaper
Zone Change: Ai(2)-mm-muldrotha-value milled Undergrowth Stadium (193), Skull Prophet (182) and Demonic Tutor (199).
Resolve Stack: Whenever World Shaper attacks, you may mill three cards. [Attacker: World Shaper (160)]
Phase: Ai(2)-mm-muldrotha-value's Declare Blockers Step
Combat: Ai(3)-mm-sythis-enchantress didn't block World Shaper (160).
Phase: Ai(2)-mm-muldrotha-value's First Strike Damage Step
Phase: Ai(2)-mm-muldrotha-value's Combat Damage Step
Damage: World Shaper (160) deals 3 combat damage to Ai(3)-mm-sythis-enchantress.
Life: Life: Ai(3)-mm-sythis-enchantress 32 > 29
Phase: Ai(2)-mm-muldrotha-value's End of Combat Step
Phase: Ai(2)-mm-muldrotha-value's Main phase, postcombat
Mana: Bojuka Bog (156) - {T}: Add {B}.
Mana: Forest (142) - {T}: Add {G}.
Mana: Island (134) - {T}: Add {U}.
Mana: Island (137) - {T}: Add {U}.
Mana: Island (135) - {T}: Add {U}.
Add To Stack: Ai(2)-mm-muldrotha-value cast Gravebreaker Lamia
Resolve Stack: Gravebreaker Lamia - Creature 4 / 4
Add To Stack: Ai(2)-mm-muldrotha-value triggered Gravebreaker Lamia
Resolve Stack: When Gravebreaker Lamia enters, search your library for a card, put it into your graveyard, then shuffle. [Zone Changer: Gravebreaker Lamia (189)]
Mana: Zagoth Triome (116) - {T}: Add {G}.
Mana: Watery Grave (131) - {T}: Add {B}.
Add To Stack: Ai(2)-mm-muldrotha-value cast Life from the Loam targeting [Opulent Palace (178), Polluted Delta (111), Overgrown Tomb (175)]
Resolve Stack: Life from the Loam (152) - Return Opulent Palace (178), Polluted Delta (111) and Overgrown Tomb (175) from the graveyard to their owner's hand.
Phase: Ai(2)-mm-muldrotha-value's End step
Phase: Ai(2)-mm-muldrotha-value's Cleanup step
Turn: Turn 27 (Ai(3)-mm-sythis-enchantress)
Phase: Ai(3)-mm-sythis-enchantress' Untap step
Phase: Ai(3)-mm-sythis-enchantress' Upkeep step
Phase: Ai(3)-mm-sythis-enchantress' Draw step
Phase: Ai(3)-mm-sythis-enchantress' Main phase, precombat
Mana: Plains (294) - {T}: Add {W}.
Mana: Branchloft Pathway (278) - {T}: Add {G}.
Add To Stack: Ai(3)-mm-sythis-enchantress cast All That Glitters targeting [Satyr Enchanter (248)]
Add To Stack: Ai(3)-mm-sythis-enchantress triggered Sythis, Harvest's Hand
Add To Stack: Ai(3)-mm-sythis-enchantress triggered Satyr Enchanter
Resolve Stack: Whenever you cast an enchantment spell, draw a card. [Card: All That Glitters (236), Activator: Ai(3)-mm-sythis-enchantress, SpellAbility: All That Glitters]
Life: Life: Ai(3)-mm-sythis-enchantress 29 > 30
Resolve Stack: Whenever you cast an enchantment spell, you gain 1 life and draw a card. [Card: All That Glitters (236), Activator: Ai(3)-mm-sythis-enchantress, SpellAbility: All That Glitters]
Add To Stack: Ai(3)-mm-sythis-enchantress triggered Heliod, Sun-Crowned targeting [Heliod, Sun-Crowned (297)]
Resolve Stack: Whenever you gain life, put a +1/+1 counter on target creature or enchantment you control. (Targeting: [[Heliod, Sun-Crowned (297)]]) [Player: Ai(3)-mm-sythis-enchantress, Gained Amount: 1]
Resolve Stack: All That Glitters (236) -  Attach to Satyr Enchanter (248)
Add To Stack: Ai(3)-mm-sythis-enchantress triggered Calix, Guided by Fate targeting [Heliod, Sun-Crowned (297)]
Resolve Stack: Constellation — Whenever Calix, Guided by Fate or another enchantment you control enters, put a +1/+1 counter on target creature. (Targeting: [[Heliod, Sun-Crowned (297)]]) [Zone Changer: All That Glitters (236)]
Replacement Effect: As Fortified Village enters, you may reveal a Forest or Plains card from your hand. If you don't, Fortified Village enters tapped.
Land: Ai(3)-mm-sythis-enchantress played Fortified Village (251)
Mana: Forest (238) - {T}: Add {G}.
Mana: Plains (291) - {T}: Add {W}.
Mana: Overgrown Farmland (235) - {T}: Add {G} or {W}.
Add To Stack: Ai(3)-mm-sythis-enchantress cast Dryad of the Ilysian Grove
Add To Stack: Ai(3)-mm-sythis-enchantress triggered Sythis, Harvest's Hand
Add To Stack: Ai(3)-mm-sythis-enchantress triggered Satyr Enchanter
Resolve Stack: Whenever you cast an enchantment spell, draw a card. [Card: Dryad of the Ilysian Grove (216), Activator: Ai(3)-mm-sythis-enchantress, SpellAbility: Dryad of the Ilysian Grove - Creature 2 / 4]
Life: Life: Ai(3)-mm-sythis-enchantress 30 > 31
Resolve Stack: Whenever you cast an enchantment spell, you gain 1 life and draw a card. [Card: Dryad of the Ilysian Grove (216), Activator: Ai(3)-mm-sythis-enchantress, SpellAbility: Dryad of the Ilysian Grove - Creature 2 / 4]
Add To Stack: Ai(3)-mm-sythis-enchantress triggered Heliod, Sun-Crowned targeting [Heliod, Sun-Crowned (297)]
Resolve Stack: Whenever you gain life, put a +1/+1 counter on target creature or enchantment you control. (Targeting: [[Heliod, Sun-Crowned (297)]]) [Player: Ai(3)-mm-sythis-enchantress, Gained Amount: 1]
Resolve Stack: Dryad of the Ilysian Grove - Creature 2 / 4
Add To Stack: Ai(3)-mm-sythis-enchantress triggered Calix, Guided by Fate targeting [Heliod, Sun-Crowned (297)]
Resolve Stack: Constellation — Whenever Calix, Guided by Fate or another enchantment you control enters, put a +1/+1 counter on target creature. (Targeting: [[Heliod, Sun-Crowned (297)]]) [Zone Changer: Dryad of the Ilysian Grove (216)]
Land: Ai(3)-mm-sythis-enchantress played Plains (287)
Mana: Plains (287) - {T}: Add {G}.
Mana: Hall of Heliod's Generosity (212) - {T}: Add {C}.
Add To Stack: Ai(3)-mm-sythis-enchantress cast Seal of Primordium
Add To Stack: Ai(3)-mm-sythis-enchantress triggered Sythis, Harvest's Hand
Add To Stack: Ai(3)-mm-sythis-enchantress triggered Satyr Enchanter
Resolve Stack: Whenever you cast an enchantment spell, draw a card. [Card: Seal of Primordium (256), Activator: Ai(3)-mm-sythis-enchantress, SpellAbility: Seal of Primordium]
Life: Life: Ai(3)-mm-sythis-enchantress 31 > 32
Resolve Stack: Whenever you cast an enchantment spell, you gain 1 life and draw a card. [Card: Seal of Primordium (256), Activator: Ai(3)-mm-sythis-enchantress, SpellAbility: Seal of Primordium]
Add To Stack: Ai(3)-mm-sythis-enchantress triggered Heliod, Sun-Crowned targeting [Heliod, Sun-Crowned (297)]
Resolve Stack: Whenever you gain life, put a +1/+1 counter on target creature or enchantment you control. (Targeting: [[Heliod, Sun-Crowned (297)]]) [Player: Ai(3)-mm-sythis-enchantress, Gained Amount: 1]
Resolve Stack: Seal of Primordium
Add To Stack: Ai(3)-mm-sythis-enchantress triggered Calix, Guided by Fate targeting [Heliod, Sun-Crowned (297)]
Resolve Stack: Constellation — Whenever Calix, Guided by Fate or another enchantment you control enters, put a +1/+1 counter on target creature. (Targeting: [[Heliod, Sun-Crowned (297)]]) [Zone Changer: Seal of Primordium (256)]
Zone Change: Seal of Primordium (256) was put into Graveyard from Battlefield.
Add To Stack: Ai(3)-mm-sythis-enchantress activated Seal of Primordium targeting [Gravebreaker Lamia (189)]
Zone Change: Gravebreaker Lamia (189) was put into Graveyard from Battlefield.
Resolve Stack: Seal of Primordium (256) - Destroy Gravebreaker Lamia (189).
Phase: Ai(3)-mm-sythis-enchantress' Beginning of Combat Step
Phase: Ai(3)-mm-sythis-enchantress' Declare Attackers Step
Combat: Ai(3)-mm-sythis-enchantress assigned Heliod, Sun-Crowned (297), Satyr Enchanter (248) and Calix, Guided by Fate (232) to attack Ai(1)-mm-jarad-graveyard.
Phase: Ai(3)-mm-sythis-enchantress' Declare Blockers Step
Combat: Ai(1)-mm-jarad-graveyard assigned Honest Rutstein (52) and Jarad, Golgari Lich Lord (100) to block Heliod, Sun-Crowned (297).
Ai(1)-mm-jarad-graveyard assigned Elves of Deep Shadow (94) to block Satyr Enchanter (248).
Ai(1)-mm-jarad-graveyard assigned Llanowar Elves (83) to block Calix, Guided by Fate (232).
Phase: Ai(3)-mm-sythis-enchantress' First Strike Damage Step
Phase: Ai(3)-mm-sythis-enchantress' Combat Damage Step
Damage: Heliod, Sun-Crowned (297) deals 16 combat damage to Ai(1)-mm-jarad-graveyard.
Damage: Heliod, Sun-Crowned (297) deals 2 damage to Jarad, Golgari Lich Lord (100).
Damage: Heliod, Sun-Crowned (297) deals 2 damage to Honest Rutstein (52).
Damage: Satyr Enchanter (248) deals 11 damage to Elves of Deep Shadow (94).
Damage: Calix, Guided by Fate (232) deals 2 damage to Llanowar Elves (83).
Damage: Elves of Deep Shadow (94) deals 1 damage to Satyr Enchanter (248).
Damage: Llanowar Elves (83) deals 1 damage to Calix, Guided by Fate (232).
Damage: Honest Rutstein (52) deals 3 damage to Heliod, Sun-Crowned (297).
Damage: Jarad, Golgari Lich Lord (100) deals 2 damage to Heliod, Sun-Crowned (297).
Life: Life: Ai(1)-mm-jarad-graveyard 17 > 1
Zone Change: Honest Rutstein (52) was put into Graveyard from Battlefield.
Zone Change: Elves of Deep Shadow (94) was put into Graveyard from Battlefield.
Zone Change: Llanowar Elves (83) was put into Graveyard from Battlefield.
Zone Change: Jarad, Golgari Lich Lord (100) was put into Graveyard from Battlefield.
Add To Stack: Ai(3)-mm-sythis-enchantress triggered Calix, Guided by Fate
Resolve Stack: Whenever Calix or an enchanted creature you control deals combat damage to a player, you may create a token that's a copy of a nonlegendary enchantment you control. Do this only once each turn. [Damage Source: Heliod, Sun-Crowned (297), Damaged: Ai(1)-mm-jarad-graveyard, Amount: 16]
Add To Stack: Ai(3)-mm-sythis-enchantress triggered Calix, Guided by Fate targeting [Heliod, Sun-Crowned (297)]
Resolve Stack: Constellation — Whenever Calix, Guided by Fate or another enchantment you control enters, put a +1/+1 counter on target creature. (Targeting: [[Heliod, Sun-Crowned (297)]]) [Zone Changer: Dryad of the Ilysian Grove (408)]
Phase: Ai(3)-mm-sythis-enchantress' End of Combat Step
Phase: Ai(3)-mm-sythis-enchantress' Main phase, postcombat
Land: Ai(3)-mm-sythis-enchantress played Plains (289)
Mana: Plains (289) - {T}: Add {W}.
Add To Stack: Ai(3)-mm-sythis-enchantress cast Authority of the Consuls
Add To Stack: Ai(3)-mm-sythis-enchantress triggered Sythis, Harvest's Hand
Add To Stack: Ai(3)-mm-sythis-enchantress triggered Satyr Enchanter
Resolve Stack: Whenever you cast an enchantment spell, draw a card. [Card: Authority of the Consuls (296), Activator: Ai(3)-mm-sythis-enchantress, SpellAbility: Authority of the Consuls]
Life: Life: Ai(3)-mm-sythis-enchantress 32 > 33
Resolve Stack: Whenever you cast an enchantment spell, you gain 1 life and draw a card. [Card: Authority of the Consuls (296), Activator: Ai(3)-mm-sythis-enchantress, SpellAbility: Authority of the Consuls]
Add To Stack: Ai(3)-mm-sythis-enchantress triggered Heliod, Sun-Crowned targeting [Heliod, Sun-Crowned (297)]
Resolve Stack: Whenever you gain life, put a +1/+1 counter on target creature or enchantment you control. (Targeting: [[Heliod, Sun-Crowned (297)]]) [Player: Ai(3)-mm-sythis-enchantress, Gained Amount: 1]
Resolve Stack: Authority of the Consuls
Add To Stack: Ai(3)-mm-sythis-enchantress triggered Calix, Guided by Fate targeting [Heliod, Sun-Crowned (297)]
Resolve Stack: Constellation — Whenever Calix, Guided by Fate or another enchantment you control enters, put a +1/+1 counter on target creature. (Targeting: [[Heliod, Sun-Crowned (297)]]) [Zone Changer: Authority of the Consuls (296)]
Phase: Ai(3)-mm-sythis-enchantress' End step
Phase: Ai(3)-mm-sythis-enchantress' Cleanup step
Discard: Ai(3)-mm-sythis-enchantress discards Forest (245).
Discard: Ai(3)-mm-sythis-enchantress discards Utopia Sprawl (204).
Turn: Turn 28 (Ai(4)-mm-abaddon)
Phase: Ai(4)-mm-abaddon's Untap step
Phase: Ai(4)-mm-abaddon's Upkeep step
Phase: Ai(4)-mm-abaddon's Draw step
Phase: Ai(4)-mm-abaddon's Main phase, precombat
Phase: Ai(4)-mm-abaddon's Beginning of Combat Step
Phase: Ai(4)-mm-abaddon's Declare Attackers Step
Phase: Ai(4)-mm-abaddon's Declare Blockers Step
Phase: Ai(4)-mm-abaddon's First Strike Damage Step
Phase: Ai(4)-mm-abaddon's Combat Damage Step
Phase: Ai(4)-mm-abaddon's End of Combat Step
Phase: Ai(4)-mm-abaddon's Main phase, postcombat
Replacement Effect: As Foreboding Ruins enters, you may reveal a Swamp or Mountain card from your hand. If you don't, Foreboding Ruins enters tapped.
Land: Ai(4)-mm-abaddon played Foreboding Ruins (362)
Mana: Swamp (353) - {T}: Add {B}.
Mana: Island (327) - {T}: Add {U}.
Mana: Exotic Orchard (338) - {T}: Add one mana of any color that a land an opponent controls could produce.
Mana: Sulfur Falls (323) - {T}: Add {U} or {R}.
Add To Stack: Ai(4)-mm-abaddon cast Plague Drone
Replacement Effect: Creatures your opponents control enter tapped.
Resolve Stack: Plague Drone - Creature 3 / 3
Add To Stack: Ai(3)-mm-sythis-enchantress triggered Authority of the Consuls
Life: Life: Ai(3)-mm-sythis-enchantress 33 > 32
Replacement Effect: Rot Fly — If an opponent would gain life, that player loses that much life instead.
Resolve Stack: Whenever a creature an opponent controls enters, you gain 1 life. [Zone Changer: Plague Drone (401)]
Phase: Ai(4)-mm-abaddon's End step
Phase: Ai(4)-mm-abaddon's Cleanup step
Turn: Turn 29 (Ai(1)-mm-jarad-graveyard)
Phase: Ai(1)-mm-jarad-graveyard's Untap step
Phase: Ai(1)-mm-jarad-graveyard's Upkeep step
Phase: Ai(1)-mm-jarad-graveyard's Draw step
Phase: Ai(1)-mm-jarad-graveyard's Main phase, precombat
Land: Ai(1)-mm-jarad-graveyard played Swamp (59)
Phase: Ai(1)-mm-jarad-graveyard's Beginning of Combat Step
Phase: Ai(1)-mm-jarad-graveyard's Declare Attackers Step
Phase: Ai(1)-mm-jarad-graveyard's Declare Blockers Step
Phase: Ai(1)-mm-jarad-graveyard's First Strike Damage Step
Phase: Ai(1)-mm-jarad-graveyard's Combat Damage Step
Phase: Ai(1)-mm-jarad-graveyard's End of Combat Step
Phase: Ai(1)-mm-jarad-graveyard's Main phase, postcombat
Mana: Forest (35) - {T}: Add {G}.
Mana: Forest (31) - {T}: Add {G}.
Mana: Swamp (63) - {T}: Add {B}.
Mana: Dakmor Salvage (72) - {T}: Add {B}.
Mana: Swamp (68) - {T}: Add {B}.
Mana: Swamp (59) - {T}: Add {B}.
Mana: Forest (29) - {T}: Add {G}.
Mana: Golgari Rot Farm (75) - {T}: Add {B}{G}.
Add To Stack: Ai(1)-mm-jarad-graveyard cast Jarad, Golgari Lich Lord
Replacement Effect: Creatures your opponents control enter tapped.
Resolve Stack: Jarad, Golgari Lich Lord - Creature 2 / 2
Add To Stack: Ai(3)-mm-sythis-enchantress triggered Authority of the Consuls
Life: Life: Ai(3)-mm-sythis-enchantress 32 > 31
Replacement Effect: Rot Fly — If an opponent would gain life, that player loses that much life instead.
Resolve Stack: Whenever a creature an opponent controls enters, you gain 1 life. [Zone Changer: Jarad, Golgari Lich Lord (100)]
Phase: Ai(1)-mm-jarad-graveyard's End step
Phase: Ai(1)-mm-jarad-graveyard's Cleanup step
Turn: Turn 30 (Ai(2)-mm-muldrotha-value)
Phase: Ai(2)-mm-muldrotha-value's Untap step
Phase: Ai(2)-mm-muldrotha-value's Upkeep step
Mana: Forest (143) - {T}: Add {G}.
Add To Stack: Ai(2)-mm-muldrotha-value activated Hermit Druid
Resolve Stack: Hermit Druid (139) - Ai(2)-mm-muldrotha-valuereveals cards from their library until revealing a basic land card. Put that card into their hand and all other cards into their graveyard.
Phase: Ai(2)-mm-muldrotha-value's Draw step
Zone Change: Ai(2)-mm-muldrotha-value milled Seal of Removal (171), Crop Rotation (162) and Perpetual Timepiece (168).
Replacement Effect: Life from the Loam - Dredge 3
Phase: Ai(2)-mm-muldrotha-value's Main phase, precombat
Land: Ai(2)-mm-muldrotha-value played Forest (144)
Phase: Ai(2)-mm-muldrotha-value's Beginning of Combat Step
Phase: Ai(2)-mm-muldrotha-value's Declare Attackers Step
Phase: Ai(2)-mm-muldrotha-value's Declare Blockers Step
Phase: Ai(2)-mm-muldrotha-value's First Strike Damage Step
Phase: Ai(2)-mm-muldrotha-value's Combat Damage Step
Phase: Ai(2)-mm-muldrotha-value's End of Combat Step
Phase: Ai(2)-mm-muldrotha-value's Main phase, postcombat
Mana: Bojuka Bog (156) - {T}: Add {B}.
Mana: Forest (142) - {T}: Add {G}.
Mana: Island (134) - {T}: Add {U}.
Mana: Forest (144) - {T}: Add {G}.
Mana: Island (137) - {T}: Add {U}.
Mana: Island (135) - {T}: Add {U}.
Add To Stack: Ai(2)-mm-muldrotha-value cast Muldrotha, the Gravetide
Replacement Effect: Creatures your opponents control enter tapped.
Resolve Stack: Muldrotha, the Gravetide - Creature 6 / 6
Add To Stack: Ai(3)-mm-sythis-enchantress triggered Authority of the Consuls
Life: Life: Ai(3)-mm-sythis-enchantress 31 > 30
Replacement Effect: Rot Fly — If an opponent would gain life, that player loses that much life instead.
Resolve Stack: Whenever a creature an opponent controls enters, you gain 1 life. [Zone Changer: Muldrotha, the Gravetide (201)]
Mana: Zagoth Triome (116) - {T}: Add {G}.
Mana: Watery Grave (131) - {T}: Add {U}.
Add To Stack: Ai(2)-mm-muldrotha-value cast Doc Aurlock, Grizzled Genius
Replacement Effect: Creatures your opponents control enter tapped.
Resolve Stack: Doc Aurlock, Grizzled Genius - Creature 2 / 3
Add To Stack: Ai(3)-mm-sythis-enchantress triggered Authority of the Consuls
Life: Life: Ai(3)-mm-sythis-enchantress 30 > 29
Replacement Effect: Rot Fly — If an opponent would gain life, that player loses that much life instead.
Resolve Stack: Whenever a creature an opponent controls enters, you gain 1 life. [Zone Changer: Doc Aurlock, Grizzled Genius (124)]
Add To Stack: Ai(2)-mm-muldrotha-value cast Lightning Greaves
Resolve Stack: Lightning Greaves
Add To Stack: Ai(2)-mm-muldrotha-value activated Lightning Greaves targeting [Muldrotha, the Gravetide (201)]
Resolve Stack: Lightning Greaves (195) -  Attach to Muldrotha, the Gravetide (201)
Phase: Ai(2)-mm-muldrotha-value's End step
Phase: Ai(2)-mm-muldrotha-value's Cleanup step
Turn: Turn 31 (Ai(3)-mm-sythis-enchantress)
Phase: Ai(3)-mm-sythis-enchantress' Untap step
Phase: Ai(3)-mm-sythis-enchantress' Upkeep step
Phase: Ai(3)-mm-sythis-enchantress' Draw step
Phase: Ai(3)-mm-sythis-enchantress' Main phase, precombat
Replacement Effect: Canopy Vista enters tapped unless you control two or more basic lands.
Land: Ai(3)-mm-sythis-enchantress played Canopy Vista (270)
Mana: Plains (294) - {T}: Add {G}.
Mana: Forest (238) - {T}: Add {G}.
Add To Stack: Ai(3)-mm-sythis-enchantress cast Destiny Spinner
Add To Stack: Ai(3)-mm-sythis-enchantress triggered Sythis, Harvest's Hand
Add To Stack: Ai(3)-mm-sythis-enchantress triggered Satyr Enchanter
Resolve Stack: Whenever you cast an enchantment spell, draw a card. [Card: Destiny Spinner (229), Activator: Ai(3)-mm-sythis-enchantress, SpellAbility: Destiny Spinner - Creature 2 / 3]
Life: Life: Ai(3)-mm-sythis-enchantress 29 > 28
Replacement Effect: Rot Fly — If an opponent would gain life, that player loses that much life instead.
Resolve Stack: Whenever you cast an enchantment spell, you gain 1 life and draw a card. [Card: Destiny Spinner (229), Activator: Ai(3)-mm-sythis-enchantress, SpellAbility: Destiny Spinner - Creature 2 / 3]
Resolve Stack: Destiny Spinner - Creature 2 / 3
Add To Stack: Ai(3)-mm-sythis-enchantress triggered Calix, Guided by Fate targeting [Heliod, Sun-Crowned (297)]
Resolve Stack: Constellation — Whenever Calix, Guided by Fate or another enchantment you control enters, put a +1/+1 counter on target creature. (Targeting: [[Heliod, Sun-Crowned (297)]]) [Zone Changer: Destiny Spinner (229)]
Land: Ai(3)-mm-sythis-enchantress played Forest (243)
Mana: Plains (291) - {T}: Add {G}.
Mana: Plains (287) - {T}: Add {G}.
Mana: Plains (289) - {T}: Add {G}.
Mana: Canopy Vista (270) - {T}: Add {G}.
Add To Stack: Ai(3)-mm-sythis-enchantress cast Eidolon of Blossoms
Add To Stack: Ai(3)-mm-sythis-enchantress triggered Sythis, Harvest's Hand
Add To Stack: Ai(3)-mm-sythis-enchantress triggered Satyr Enchanter
Resolve Stack: Whenever you cast an enchantment spell, draw a card. [Card: Eidolon of Blossoms (209), Activator: Ai(3)-mm-sythis-enchantress, SpellAbility: Eidolon of Blossoms - Creature 2 / 2]
Life: Life: Ai(3)-mm-sythis-enchantress 28 > 27
Replacement Effect: Rot Fly — If an opponent would gain life, that player loses that much life instead.
Resolve Stack: Whenever you cast an enchantment spell, you gain 1 life and draw a card. [Card: Eidolon of Blossoms (209), Activator: Ai(3)-mm-sythis-enchantress, SpellAbility: Eidolon of Blossoms - Creature 2 / 2]
Resolve Stack: Eidolon of Blossoms - Creature 2 / 2
Add To Stack: Ai(3)-mm-sythis-enchantress triggered Eidolon of Blossoms
Add To Stack: Ai(3)-mm-sythis-enchantress triggered Calix, Guided by Fate targeting [Heliod, Sun-Crowned (297)]
Resolve Stack: Constellation — Whenever Calix, Guided by Fate or another enchantment you control enters, put a +1/+1 counter on target creature. (Targeting: [[Heliod, Sun-Crowned (297)]]) [Zone Changer: Eidolon of Blossoms (209)]
Resolve Stack: Constellation — Whenever Eidolon of Blossoms or another enchantment you control enters, draw a card. [Zone Changer: Eidolon of Blossoms (209)]
Land: Ai(3)-mm-sythis-enchantress played Plains (292)
Mana: Forest (243) - {T}: Add {G}.
Mana: Plains (292) - {T}: Add {G}.
Add To Stack: Ai(3)-mm-sythis-enchantress cast Sanctum Weaver
Add To Stack: Ai(3)-mm-sythis-enchantress triggered Sythis, Harvest's Hand
Add To Stack: Ai(3)-mm-sythis-enchantress triggered Satyr Enchanter
Resolve Stack: Whenever you cast an enchantment spell, draw a card. [Card: Sanctum Weaver (269), Activator: Ai(3)-mm-sythis-enchantress, SpellAbility: Sanctum Weaver - Creature 0 / 2]
Life: Life: Ai(3)-mm-sythis-enchantress 27 > 26
Replacement Effect: Rot Fly — If an opponent would gain life, that player loses that much life instead.
Resolve Stack: Whenever you cast an enchantment spell, you gain 1 life and draw a card. [Card: Sanctum Weaver (269), Activator: Ai(3)-mm-sythis-enchantress, SpellAbility: Sanctum Weaver - Creature 0 / 2]
Resolve Stack: Sanctum Weaver - Creature 0 / 2
Add To Stack: Ai(3)-mm-sythis-enchantress triggered Eidolon of Blossoms
Add To Stack: Ai(3)-mm-sythis-enchantress triggered Calix, Guided by Fate targeting [Heliod, Sun-Crowned (297)]
Resolve Stack: Constellation — Whenever Calix, Guided by Fate or another enchantment you control enters, put a +1/+1 counter on target creature. (Targeting: [[Heliod, Sun-Crowned (297)]]) [Zone Changer: Sanctum Weaver (269)]
Resolve Stack: Constellation — Whenever Eidolon of Blossoms or another enchantment you control enters, draw a card. [Zone Changer: Sanctum Weaver (269)]
Mana: Branchloft Pathway (278) - {T}: Add {W}.
Mana: Overgrown Farmland (235) - {T}: Add {G}.
Mana: Fortified Village (251) - {T}: Add {G}.
Mana: Hall of Heliod's Generosity (212) - {T}: Add {C}.
Add To Stack: Ai(3)-mm-sythis-enchantress cast Yenna, Redtooth Regent
Resolve Stack: Yenna, Redtooth Regent - Creature 4 / 4
Phase: Ai(3)-mm-sythis-enchantress' Beginning of Combat Step
Phase: Ai(3)-mm-sythis-enchantress' Declare Attackers Step
Combat: Ai(3)-mm-sythis-enchantress assigned Heliod, Sun-Crowned (297), Satyr Enchanter (248), Calix, Guided by Fate (232), Dryad of the Ilysian Grove (216), Dryad of the Ilysian Grove (408), Sythis, Harvest's Hand (302) and Alseid of Life's Bounty (249) to attack Ai(2)-mm-muldrotha-value.
Phase: Ai(3)-mm-sythis-enchantress' Declare Blockers Step
Combat: Ai(2)-mm-muldrotha-value didn't block Heliod, Sun-Crowned (297).
Ai(2)-mm-muldrotha-value assigned World Shaper (160) to block Satyr Enchanter (248).
Ai(2)-mm-muldrotha-value didn't block Calix, Guided by Fate (232).
Ai(2)-mm-muldrotha-value didn't block Dryad of the Ilysian Grove (216).
Ai(2)-mm-muldrotha-value didn't block Dryad of the Ilysian Grove (408).
Ai(2)-mm-muldrotha-value didn't block Sythis, Harvest's Hand (302).
Ai(2)-mm-muldrotha-value didn't block Alseid of Life's Bounty (249).
Phase: Ai(3)-mm-sythis-enchantress' First Strike Damage Step
Phase: Ai(3)-mm-sythis-enchantress' Combat Damage Step
Damage: Heliod, Sun-Crowned (297) deals 26 combat damage to Ai(2)-mm-muldrotha-value.
Damage: Satyr Enchanter (248) deals 16 damage to World Shaper (160).
Damage: Calix, Guided by Fate (232) deals 2 combat damage to Ai(2)-mm-muldrotha-value.
Damage: Dryad of the Ilysian Grove (216) deals 2 combat damage to Ai(2)-mm-muldrotha-value.
Damage: Dryad of the Ilysian Grove (408) deals 2 combat damage to Ai(2)-mm-muldrotha-value.
Damage: Sythis, Harvest's Hand (302) deals 1 combat damage to Ai(2)-mm-muldrotha-value.
Damage: Alseid of Life's Bounty (249) deals 1 combat damage to Ai(2)-mm-muldrotha-value.
Life: Life: Ai(3)-mm-sythis-enchantress 26 > 25
Replacement Effect: Rot Fly — If an opponent would gain life, that player loses that much life instead.
Damage: World Shaper (160) deals 3 damage to Satyr Enchanter (248).
Life: Life: Ai(2)-mm-muldrotha-value 32 > -2
Add To Stack: Ai(3)-mm-sythis-enchantress triggered Calix, Guided by Fate
Add To Stack: Ai(3)-mm-sythis-enchantress triggered Calix, Guided by Fate
Resolve Stack: Whenever Calix or an enchanted creature you control deals combat damage to a player, you may create a token that's a copy of a nonlegendary enchantment you control. Do this only once each turn. [Damage Source: Calix, Guided by Fate (232), Damaged: Ai(2)-mm-muldrotha-value, Amount: 2]
Add To Stack: Ai(3)-mm-sythis-enchantress triggered Eidolon of Blossoms
Add To Stack: Ai(3)-mm-sythis-enchantress triggered Eidolon of Blossoms
Add To Stack: Ai(3)-mm-sythis-enchantress triggered Calix, Guided by Fate targeting [Heliod, Sun-Crowned (297)]
Resolve Stack: Constellation — Whenever Calix, Guided by Fate or another enchantment you control enters, put a +1/+1 counter on target creature. (Targeting: [[Heliod, Sun-Crowned (297)]]) [Zone Changer: Eidolon of Blossoms (410)]
Resolve Stack: Constellation — Whenever Eidolon of Blossoms or another enchantment you control enters, draw a card. [Zone Changer: Eidolon of Blossoms (410)]
Resolve Stack: Constellation — Whenever Eidolon of Blossoms or another enchantment you control enters, draw a card. [Zone Changer: Eidolon of Blossoms (410)]
Resolve Stack: Whenever Calix or an enchanted creature you control deals combat damage to a player, you may create a token that's a copy of a nonlegendary enchantment you control. Do this only once each turn. [Damage Source: Heliod, Sun-Crowned (297), Damaged: Ai(2)-mm-muldrotha-value, Amount: 26]
Phase: Ai(3)-mm-sythis-enchantress' End of Combat Step
Phase: Ai(3)-mm-sythis-enchantress' Main phase, postcombat
Phase: Ai(3)-mm-sythis-enchantress' End step
Phase: Ai(3)-mm-sythis-enchantress' Cleanup step
Discard: Ai(3)-mm-sythis-enchantress discards Temple Garden (275).
Discard: Ai(3)-mm-sythis-enchantress discards Flickering Ward (203).
Discard: Ai(3)-mm-sythis-enchantress discards Exploration (230).
Discard: Ai(3)-mm-sythis-enchantress discards Abundant Growth (220).
Turn: Turn 32 (Ai(4)-mm-abaddon)
Phase: Ai(4)-mm-abaddon's Untap step
Phase: Ai(4)-mm-abaddon's Upkeep step
Phase: Ai(4)-mm-abaddon's Draw step
Phase: Ai(4)-mm-abaddon's Main phase, precombat
Phase: Ai(4)-mm-abaddon's Beginning of Combat Step
Phase: Ai(4)-mm-abaddon's Declare Attackers Step
Phase: Ai(4)-mm-abaddon's Declare Blockers Step
Phase: Ai(4)-mm-abaddon's First Strike Damage Step
Phase: Ai(4)-mm-abaddon's Combat Damage Step
Phase: Ai(4)-mm-abaddon's End of Combat Step
Phase: Ai(4)-mm-abaddon's Main phase, postcombat
Mana: Island (327) - {T}: Add {U}.
Mana: Exotic Orchard (338) - {T}: Add one mana of any color that a land an opponent controls could produce.
Mana: Swamp (353) - {T}: Add {B}.
Resolve Stack: Ai(4)-mm-abaddon has suspended Inevitable Betrayal with 3 time counters on it.
Mana: Sulfur Falls (323) - {T}: Add {U} or {R}.
Mana: Foreboding Ruins (362) - {T}: Add {B} or {R}.
Add To Stack: Ai(4)-mm-abaddon cast Thermo-Alchemist
Replacement Effect: Creatures your opponents control enter tapped.
Resolve Stack: Thermo-Alchemist - Creature 0 / 3
Add To Stack: Ai(3)-mm-sythis-enchantress triggered Authority of the Consuls
Life: Life: Ai(3)-mm-sythis-enchantress 25 > 24
Replacement Effect: Rot Fly — If an opponent would gain life, that player loses that much life instead.
Resolve Stack: Whenever a creature an opponent controls enters, you gain 1 life. [Zone Changer: Thermo-Alchemist (385)]
Phase: Ai(4)-mm-abaddon's End step
Phase: Ai(4)-mm-abaddon's Cleanup step
Turn: Turn 33 (Ai(1)-mm-jarad-graveyard)
Phase: Ai(1)-mm-jarad-graveyard's Untap step
Phase: Ai(1)-mm-jarad-graveyard's Upkeep step
Phase: Ai(1)-mm-jarad-graveyard's Draw step
Phase: Ai(1)-mm-jarad-graveyard's Main phase, precombat
Land: Ai(1)-mm-jarad-graveyard played Swamp (60)
Mana: Forest (35) - {T}: Add {G}.
Mana: Swamp (63) - {T}: Add {B}.
Mana: Dakmor Salvage (72) - {T}: Add {B}.
Add To Stack: Ai(1)-mm-jarad-graveyard cast Reclamation Sage
Replacement Effect: Creatures your opponents control enter tapped.
Resolve Stack: Reclamation Sage - Creature 2 / 1
Add To Stack: Ai(1)-mm-jarad-graveyard triggered Reclamation Sage targeting [Dryad of the Ilysian Grove (408)]
Add To Stack: Ai(3)-mm-sythis-enchantress triggered Authority of the Consuls
Life: Life: Ai(3)-mm-sythis-enchantress 24 > 23
Replacement Effect: Rot Fly — If an opponent would gain life, that player loses that much life instead.
Resolve Stack: Whenever a creature an opponent controls enters, you gain 1 life. [Zone Changer: Reclamation Sage (48)]
Zone Change: Dryad of the Ilysian Grove (408) was put into Graveyard from Battlefield.
Resolve Stack: When Reclamation Sage enters, you may destroy target artifact or enchantment. (Targeting: [[Dryad of the Ilysian Grove (408)]]) [Zone Changer: Reclamation Sage (48)]
Phase: Ai(1)-mm-jarad-graveyard's Beginning of Combat Step
Phase: Ai(1)-mm-jarad-graveyard's Declare Attackers Step
Phase: Ai(1)-mm-jarad-graveyard's Declare Blockers Step
Phase: Ai(1)-mm-jarad-graveyard's First Strike Damage Step
Phase: Ai(1)-mm-jarad-graveyard's Combat Damage Step
Phase: Ai(1)-mm-jarad-graveyard's End of Combat Step
Phase: Ai(1)-mm-jarad-graveyard's Main phase, postcombat
Mana: Forest (31) - {T}: Add {G}.
Mana: Forest (29) - {T}: Add {G}.
Add To Stack: Ai(1)-mm-jarad-graveyard cast Satyr Wayfinder
Replacement Effect: Creatures your opponents control enter tapped.
Resolve Stack: Satyr Wayfinder - Creature 1 / 1
Add To Stack: Ai(1)-mm-jarad-graveyard triggered Satyr Wayfinder
Add To Stack: Ai(3)-mm-sythis-enchantress triggered Authority of the Consuls
Life: Life: Ai(3)-mm-sythis-enchantress 23 > 22
Replacement Effect: Rot Fly — If an opponent would gain life, that player loses that much life instead.
Resolve Stack: Whenever a creature an opponent controls enters, you gain 1 life. [Zone Changer: Satyr Wayfinder (19)]
Resolve Stack: When Satyr Wayfinder enters, reveal the top four cards of your library. You may put a land card from among them into your hand. Put the rest into your graveyard. [Zone Changer: Satyr Wayfinder (19)]
Phase: Ai(1)-mm-jarad-graveyard's End step
Phase: Ai(1)-mm-jarad-graveyard's Cleanup step
Turn: Turn 34 (Ai(3)-mm-sythis-enchantress)
Phase: Ai(3)-mm-sythis-enchantress' Untap step
Phase: Ai(3)-mm-sythis-enchantress' Upkeep step
Phase: Ai(3)-mm-sythis-enchantress' Draw step
Phase: Ai(3)-mm-sythis-enchantress' Main phase, precombat
Mana: Plains (294) - {T}: Add {W}.
Mana: Forest (238) - {T}: Add {G}.
Add To Stack: Ai(3)-mm-sythis-enchantress cast Starfield Mystic
Resolve Stack: Starfield Mystic - Creature 2 / 2
Mana: Plains (291) - {T}: Add {G}.
Mana: Plains (287) - {T}: Add {G}.
Add To Stack: Ai(3)-mm-sythis-enchantress cast Overgrowth targeting [Overgrown Farmland (235)]
Add To Stack: Ai(3)-mm-sythis-enchantress triggered Sythis, Harvest's Hand
Add To Stack: Ai(3)-mm-sythis-enchantress triggered Satyr Enchanter
Resolve Stack: Whenever you cast an enchantment spell, draw a card. [Card: Overgrowth (262), Activator: Ai(3)-mm-sythis-enchantress, SpellAbility: Overgrowth]
Life: Life: Ai(3)-mm-sythis-enchantress 22 > 21
Replacement Effect: Rot Fly — If an opponent would gain life, that player loses that much life instead.
Resolve Stack: Whenever you cast an enchantment spell, you gain 1 life and draw a card. [Card: Overgrowth (262), Activator: Ai(3)-mm-sythis-enchantress, SpellAbility: Overgrowth]
Resolve Stack: Overgrowth (262) -  Attach to Overgrown Farmland (235)
Add To Stack: Ai(3)-mm-sythis-enchantress triggered Eidolon of Blossoms
Add To Stack: Ai(3)-mm-sythis-enchantress triggered Eidolon of Blossoms
Add To Stack: Ai(3)-mm-sythis-enchantress triggered Calix, Guided by Fate targeting [Heliod, Sun-Crowned (297)]
Resolve Stack: Constellation — Whenever Calix, Guided by Fate or another enchantment you control enters, put a +1/+1 counter on target creature. (Targeting: [[Heliod, Sun-Crowned (297)]]) [Zone Changer: Overgrowth (262)]
Resolve Stack: Constellation — Whenever Eidolon of Blossoms or another enchantment you control enters, draw a card. [Zone Changer: Overgrowth (262)]
Resolve Stack: Constellation — Whenever Eidolon of Blossoms or another enchantment you control enters, draw a card. [Zone Changer: Overgrowth (262)]
Land: Ai(3)-mm-sythis-enchantress played Forest (240)
Mana: Plains (289) - {T}: Add {G}.
Mana: Canopy Vista (270) - {T}: Add {G}.
Add To Stack: Ai(3)-mm-sythis-enchantress activated Yenna, Redtooth Regent targeting [Heliod, Sun-Crowned (297)]
Resolve Stack: Yenna, Redtooth Regent (281) - Ai(3)-mm-sythis-enchantress creates a token that's a copy of Heliod, Sun-Crowned (297). Untap Yenna, Redtooth Regent (281). Ai(3)-mm-sythis-enchantress scries 2. 
Add To Stack: Ai(3)-mm-sythis-enchantress triggered Eidolon of Blossoms
Add To Stack: Ai(3)-mm-sythis-enchantress triggered Eidolon of Blossoms
Add To Stack: Ai(3)-mm-sythis-enchantress triggered Calix, Guided by Fate targeting [Heliod, Sun-Crowned (297)]
Resolve Stack: Constellation — Whenever Calix, Guided by Fate or another enchantment you control enters, put a +1/+1 counter on target creature. (Targeting: [[Heliod, Sun-Crowned (297)]]) [Zone Changer: Heliod, Sun-Crowned (412)]
Resolve Stack: Constellation — Whenever Eidolon of Blossoms or another enchantment you control enters, draw a card. [Zone Changer: Heliod, Sun-Crowned (412)]
Resolve Stack: Constellation — Whenever Eidolon of Blossoms or another enchantment you control enters, draw a card. [Zone Changer: Heliod, Sun-Crowned (412)]
Land: Ai(3)-mm-sythis-enchantress played Plains (290)
Phase: Ai(3)-mm-sythis-enchantress' Beginning of Combat Step
Phase: Ai(3)-mm-sythis-enchantress' Declare Attackers Step
Combat: Ai(3)-mm-sythis-enchantress assigned Heliod, Sun-Crowned (297), Satyr Enchanter (248), Calix, Guided by Fate (232), Dryad of the Ilysian Grove (216), Destiny Spinner (229), Eidolon of Blossoms (209), Eidolon of Blossoms (410), Sythis, Harvest's Hand (302) and Alseid of Life's Bounty (249) to attack Ai(1)-mm-jarad-graveyard.
Phase: Ai(3)-mm-sythis-enchantress' Declare Blockers Step
Combat: Ai(1)-mm-jarad-graveyard didn't block Heliod, Sun-Crowned (297).
Ai(1)-mm-jarad-graveyard assigned Jarad, Golgari Lich Lord (100) to block Satyr Enchanter (248).
Ai(1)-mm-jarad-graveyard didn't block Calix, Guided by Fate (232).
Ai(1)-mm-jarad-graveyard didn't block Dryad of the Ilysian Grove (216).
Ai(1)-mm-jarad-graveyard didn't block Destiny Spinner (229).
Ai(1)-mm-jarad-graveyard didn't block Eidolon of Blossoms (209).
Ai(1)-mm-jarad-graveyard didn't block Eidolon of Blossoms (410).
Ai(1)-mm-jarad-graveyard didn't block Sythis, Harvest's Hand (302).
Ai(1)-mm-jarad-graveyard didn't block Alseid of Life's Bounty (249).
Mana: Forest (243) - {T}: Add {W}.
Mana: Plains (292) - {T}: Add {G}.
Add To Stack: Ai(3)-mm-sythis-enchantress activated Heliod, Sun-Crowned targeting [Satyr Enchanter (248)]
Resolve Stack: Heliod, Sun-Crowned (297) - Satyr Enchanter (248) gains lifelink until end of turn.
Mana: Forest (240) - {T}: Add {W}.
Mana: Plains (290) - {T}: Add {G}.
Add To Stack: Ai(3)-mm-sythis-enchantress activated Heliod, Sun-Crowned targeting [Heliod, Sun-Crowned (297)]
Resolve Stack: Heliod, Sun-Crowned (412) - Heliod, Sun-Crowned (297) gains lifelink until end of turn.
Mana: Branchloft Pathway (278) - {T}: Add {W}.
Mana: Fortified Village (251) - {T}: Add {G}.
Add To Stack: Ai(3)-mm-sythis-enchantress activated Heliod, Sun-Crowned targeting [Dryad of the Ilysian Grove (216)]
Resolve Stack: Heliod, Sun-Crowned (297) - Dryad of the Ilysian Grove (216) gains lifelink until end of turn.
Mana: Hall of Heliod's Generosity (212) - {T}: Add {W}.
Mana: Sanctum Weaver (269) - {T}: Add X mana of any one color, where X is the number of enchantments you control.
Add To Stack: Ai(3)-mm-sythis-enchantress activated Heliod, Sun-Crowned targeting [Eidolon of Blossoms (209)]
Resolve Stack: Heliod, Sun-Crowned (297) - Eidolon of Blossoms (209) gains lifelink until end of turn.
Phase: Ai(3)-mm-sythis-enchantress' First Strike Damage Step
Phase: Ai(3)-mm-sythis-enchantress' Combat Damage Step
Damage: Heliod, Sun-Crowned (297) deals 29 combat damage to Ai(1)-mm-jarad-graveyard.
Life: Life: Ai(3)-mm-sythis-enchantress 21 > -8
Replacement Effect: Rot Fly — If an opponent would gain life, that player loses that much life instead.
Damage: Satyr Enchanter (248) deals 18 damage to Jarad, Golgari Lich Lord (100).
Life: Life: Ai(3)-mm-sythis-enchantress -8 > -26
Replacement Effect: Rot Fly — If an opponent would gain life, that player loses that much life instead.
Damage: Calix, Guided by Fate (232) deals 2 combat damage to Ai(1)-mm-jarad-graveyard.
Damage: Dryad of the Ilysian Grove (216) deals 2 combat damage to Ai(1)-mm-jarad-graveyard.
Life: Life: Ai(3)-mm-sythis-enchantress -26 > -28
Replacement Effect: Rot Fly — If an opponent would gain life, that player loses that much life instead.
Damage: Destiny Spinner (229) deals 2 combat damage to Ai(1)-mm-jarad-graveyard.
Damage: Eidolon of Blossoms (209) deals 2 combat damage to Ai(1)-mm-jarad-graveyard.
Life: Life: Ai(3)-mm-sythis-enchantress -28 > -30
Replacement Effect: Rot Fly — If an opponent would gain life, that player loses that much life instead.
Damage: Eidolon of Blossoms (410) deals 2 combat damage to Ai(1)-mm-jarad-graveyard.
Damage: Sythis, Harvest's Hand (302) deals 1 combat damage to Ai(1)-mm-jarad-graveyard.
Damage: Alseid of Life's Bounty (249) deals 1 combat damage to Ai(1)-mm-jarad-graveyard.
Life: Life: Ai(3)-mm-sythis-enchantress -30 > -31
Replacement Effect: Rot Fly — If an opponent would gain life, that player loses that much life instead.
Damage: Jarad, Golgari Lich Lord (100) deals 6 damage to Satyr Enchanter (248).
Life: Life: Ai(1)-mm-jarad-graveyard 1 > -40
Player Control: Ai(1)-mm-jarad-graveyard has restored control over themself
Player Control: Ai(2)-mm-muldrotha-value has restored control over themself
Player Control: Ai(3)-mm-sythis-enchantress has restored control over themself
Player Control: Ai(4)-mm-abaddon has restored control over themself
Game Outcome: Turn 17
Game Outcome: Ai(1)-mm-jarad-graveyard has lost because life total reached 0
Game Outcome: Ai(2)-mm-muldrotha-value has lost because life total reached 0
Game Outcome: Ai(3)-mm-sythis-enchantress has lost because life total reached 0
Game Outcome: Ai(4)-mm-abaddon has won because all opponents have lost
Match Result: Ai(1)-mm-jarad-graveyard: 0 Ai(2)-mm-muldrotha-value: 0 Ai(3)-mm-sythis-enchantress: 1 Ai(4)-mm-abaddon: 1 

Game Result: Game 2 ended in 199767 ms. Ai(4)-mm-abaddon has won!

