Error handling registered!
14:59:48 [INFO ] GuiBase: ##########################################
14:59:48 [INFO ] GuiBase: APP: Forge v.2.0.14-SNAPSHOT-08.08
14:59:48 [INFO ] GuiBase: Java: 21.0.9 (Oracle Corporation)
14:59:48 [INFO ] GuiBase: OS: Mac OS X 26.3 aarch64
14:59:48 [INFO ] GuiBase: RAM: 4096 MB max, 8 CPUs
14:59:48 [INFO ] GuiBase: ##########################################
Language 'en-US' loaded successfully.
(ThreadUtil first call): Running with priority 5
Read cards: 33617 archived files in 2 ms (25 parts) using thread pool
Upcoming set Star Trek (TRK) dated in the future. All `upcoming` cards will be added to this set with unknown rarity.
The card A-Alrund's Epiphany was not assigned to any set. Adding it to UNKNOWN set... to fix see res/editions/ folder. 
The card A-Baba Lysaga, Night Witch was not assigned to any set. Adding it to UNKNOWN set... to fix see res/editions/ folder. 
The card A-Divide by Zero was not assigned to any set. Adding it to UNKNOWN set... to fix see res/editions/ folder. 
The card A-Esika's Chariot was not assigned to any set. Adding it to UNKNOWN set... to fix see res/editions/ folder. 
The card A-Faceless Haven was not assigned to any set. Adding it to UNKNOWN set... to fix see res/editions/ folder. 
The card A-Fires of Invention was not assigned to any set. Adding it to UNKNOWN set... to fix see res/editions/ folder. 
The card A-Goldspan Dragon was not assigned to any set. Adding it to UNKNOWN set... to fix see res/editions/ folder. 
The card A-Hullbreaker Horror was not assigned to any set. Adding it to UNKNOWN set... to fix see res/editions/ folder. 
The card A-Kumano Faces Kakkazan was not assigned to any set. Adding it to UNKNOWN set... to fix see res/editions/ folder. 
The card A-Luminarch Aspirant was not assigned to any set. Adding it to UNKNOWN set... to fix see res/editions/ folder. 
The card A-Monster Manual was not assigned to any set. Adding it to UNKNOWN set... to fix see res/editions/ folder. 
The card A-Omnath, Locus of Creation was not assigned to any set. Adding it to UNKNOWN set... to fix see res/editions/ folder. 
The card A-The Meathook Massacre was not assigned to any set. Adding it to UNKNOWN set... to fix see res/editions/ folder. 
The card A-Unholy Heat was not assigned to any set. Adding it to UNKNOWN set... to fix see res/editions/ folder. 
The card Blinding Radiance was not assigned to any set. Adding it to UNKNOWN set... to fix see res/editions/ folder. 
The card Goblin Bruiser was not assigned to any set. Adding it to UNKNOWN set... to fix see res/editions/ folder. 
The card Ogre Painbringer was not assigned to any set. Adding it to UNKNOWN set... to fix see res/editions/ folder. 
The card Titanic Pelagosaur was not assigned to any set. Adding it to UNKNOWN set... to fix see res/editions/ folder. 
The card Treetop Recluse was not assigned to any set. Adding it to UNKNOWN set... to fix see res/editions/ folder. 
Upcoming set Star Trek (TRK) dated in the future. All `upcoming` cards will be added to this set with unknown rarity.
Read cards: 836 files in 0 ms (8 parts) using thread pool
Simulation mode
Ai(1)-mm-sythis-enchantress [Experimental] vs Ai(2)-mm-abaddon [Experimental] vs Ai(3)-mm-jarad-graveyard [Experimental] vs Ai(4)-mm-muldrotha-value [Experimental] - two games of Commander seed 1548609020
Warning: default (ie. inherited from base class) implementation of confirmAction is used by Sythis, Harvest's Hand for forge.ai.ability.PermanentCreatureAi. Consider declaring an overloaded method
Warning: default (ie. inherited from base class) implementation of confirmAction is used by Muldrotha, the Gravetide for forge.ai.ability.PermanentCreatureAi. Consider declaring an overloaded method
Correcting zone for Angel Token (474)
Warning: default (ie. inherited from base class) implementation of confirmAction is used by Sythis, Harvest's Hand for forge.ai.ability.PermanentCreatureAi. Consider declaring an overloaded method
Correcting zone for Angel Token (474)
Mulligan: Ai(1)-mm-sythis-enchantress has mulliganed down to 7 cards.
Mulligan: Ai(3)-mm-jarad-graveyard has mulliganed down to 7 cards.
Mulligan: Ai(1)-mm-sythis-enchantress has kept a hand of 7 cards
Mulligan: Ai(2)-mm-abaddon has kept a hand of 7 cards
Mulligan: Ai(3)-mm-jarad-graveyard has kept a hand of 7 cards
Mulligan: Ai(4)-mm-muldrotha-value has kept a hand of 7 cards
Turn: Turn 1 (Ai(1)-mm-sythis-enchantress)
Phase: Ai(1)-mm-sythis-enchantress' Untap step
Phase: Ai(1)-mm-sythis-enchantress' Upkeep step
Phase: Ai(1)-mm-sythis-enchantress' Draw step
Phase: Ai(1)-mm-sythis-enchantress' Main phase, precombat
Land: Ai(1)-mm-sythis-enchantress played Plains (87)
Phase: Ai(1)-mm-sythis-enchantress' Beginning of Combat Step
Phase: Ai(1)-mm-sythis-enchantress' Declare Attackers Step
Phase: Ai(1)-mm-sythis-enchantress' Declare Blockers Step
Phase: Ai(1)-mm-sythis-enchantress' First Strike Damage Step
Phase: Ai(1)-mm-sythis-enchantress' Combat Damage Step
Phase: Ai(1)-mm-sythis-enchantress' End of Combat Step
Phase: Ai(1)-mm-sythis-enchantress' Main phase, postcombat
Phase: Ai(1)-mm-sythis-enchantress' End step
Phase: Ai(1)-mm-sythis-enchantress' Cleanup step
Turn: Turn 2 (Ai(2)-mm-abaddon)
Phase: Ai(2)-mm-abaddon's Untap step
Phase: Ai(2)-mm-abaddon's Upkeep step
Phase: Ai(2)-mm-abaddon's Draw step
Phase: Ai(2)-mm-abaddon's Main phase, precombat
Replacement Effect: Crumbling Necropolis enters tapped.
Land: Ai(2)-mm-abaddon played Crumbling Necropolis (153)
Phase: Ai(2)-mm-abaddon's Beginning of Combat Step
Phase: Ai(2)-mm-abaddon's Declare Attackers Step
Phase: Ai(2)-mm-abaddon's Declare Blockers Step
Phase: Ai(2)-mm-abaddon's First Strike Damage Step
Phase: Ai(2)-mm-abaddon's Combat Damage Step
Phase: Ai(2)-mm-abaddon's End of Combat Step
Phase: Ai(2)-mm-abaddon's Main phase, postcombat
Phase: Ai(2)-mm-abaddon's End step
Phase: Ai(2)-mm-abaddon's Cleanup step
Turn: Turn 3 (Ai(3)-mm-jarad-graveyard)
Phase: Ai(3)-mm-jarad-graveyard's Untap step
Phase: Ai(3)-mm-jarad-graveyard's Upkeep step
Phase: Ai(3)-mm-jarad-graveyard's Draw step
Phase: Ai(3)-mm-jarad-graveyard's Main phase, precombat
Replacement Effect: Deathcap Glade enters tapped unless you control two or more other lands.
Land: Ai(3)-mm-jarad-graveyard played Deathcap Glade (243)
Phase: Ai(3)-mm-jarad-graveyard's Beginning of Combat Step
Phase: Ai(3)-mm-jarad-graveyard's Declare Attackers Step
Phase: Ai(3)-mm-jarad-graveyard's Declare Blockers Step
Phase: Ai(3)-mm-jarad-graveyard's First Strike Damage Step
Phase: Ai(3)-mm-jarad-graveyard's Combat Damage Step
Phase: Ai(3)-mm-jarad-graveyard's End of Combat Step
Phase: Ai(3)-mm-jarad-graveyard's Main phase, postcombat
Phase: Ai(3)-mm-jarad-graveyard's End step
Phase: Ai(3)-mm-jarad-graveyard's Cleanup step
Turn: Turn 4 (Ai(4)-mm-muldrotha-value)
Phase: Ai(4)-mm-muldrotha-value's Untap step
Phase: Ai(4)-mm-muldrotha-value's Upkeep step
Phase: Ai(4)-mm-muldrotha-value's Draw step
Phase: Ai(4)-mm-muldrotha-value's Main phase, precombat
Land: Ai(4)-mm-muldrotha-value played Island (338)
Phase: Ai(4)-mm-muldrotha-value's Beginning of Combat Step
Phase: Ai(4)-mm-muldrotha-value's Declare Attackers Step
Phase: Ai(4)-mm-muldrotha-value's Declare Blockers Step
Phase: Ai(4)-mm-muldrotha-value's First Strike Damage Step
Phase: Ai(4)-mm-muldrotha-value's Combat Damage Step
Phase: Ai(4)-mm-muldrotha-value's End of Combat Step
Phase: Ai(4)-mm-muldrotha-value's Main phase, postcombat
Phase: Ai(4)-mm-muldrotha-value's End step
Phase: Ai(4)-mm-muldrotha-value's Cleanup step
Turn: Turn 5 (Ai(1)-mm-sythis-enchantress)
Phase: Ai(1)-mm-sythis-enchantress' Untap step
Phase: Ai(1)-mm-sythis-enchantress' Upkeep step
Phase: Ai(1)-mm-sythis-enchantress' Draw step
Phase: Ai(1)-mm-sythis-enchantress' Main phase, precombat
Land: Ai(1)-mm-sythis-enchantress played Hall of Heliod's Generosity (10)
Phase: Ai(1)-mm-sythis-enchantress' Beginning of Combat Step
Phase: Ai(1)-mm-sythis-enchantress' Declare Attackers Step
Phase: Ai(1)-mm-sythis-enchantress' Declare Blockers Step
Phase: Ai(1)-mm-sythis-enchantress' First Strike Damage Step
Phase: Ai(1)-mm-sythis-enchantress' Combat Damage Step
Phase: Ai(1)-mm-sythis-enchantress' End of Combat Step
Phase: Ai(1)-mm-sythis-enchantress' Main phase, postcombat
Mana: Plains (87) - {T}: Add {W}.
Add To Stack: Ai(1)-mm-sythis-enchantress cast Alseid of Life's Bounty
Resolve Stack: Alseid of Life's Bounty - Creature 1 / 1
Phase: Ai(1)-mm-sythis-enchantress' End step
Phase: Ai(1)-mm-sythis-enchantress' Cleanup step
Turn: Turn 6 (Ai(2)-mm-abaddon)
Phase: Ai(2)-mm-abaddon's Untap step
Phase: Ai(2)-mm-abaddon's Upkeep step
Phase: Ai(2)-mm-abaddon's Draw step
Phase: Ai(2)-mm-abaddon's Main phase, precombat
Land: Ai(2)-mm-abaddon played Mountain (184)
Phase: Ai(2)-mm-abaddon's Beginning of Combat Step
Phase: Ai(2)-mm-abaddon's Declare Attackers Step
Phase: Ai(2)-mm-abaddon's Declare Blockers Step
Phase: Ai(2)-mm-abaddon's First Strike Damage Step
Phase: Ai(2)-mm-abaddon's Combat Damage Step
Phase: Ai(2)-mm-abaddon's End of Combat Step
Phase: Ai(2)-mm-abaddon's Main phase, postcombat
Mana: Mountain (184) - {T}: Add {R}.
Mana: Crumbling Necropolis (153) - {T}: Add {U}, {B}, or {R}.
Add To Stack: Ai(2)-mm-abaddon cast Swiftfoot Boots
Resolve Stack: Swiftfoot Boots
Phase: Ai(2)-mm-abaddon's End step
Phase: Ai(2)-mm-abaddon's Cleanup step
Turn: Turn 7 (Ai(3)-mm-jarad-graveyard)
Phase: Ai(3)-mm-jarad-graveyard's Untap step
Phase: Ai(3)-mm-jarad-graveyard's Upkeep step
Phase: Ai(3)-mm-jarad-graveyard's Draw step
Phase: Ai(3)-mm-jarad-graveyard's Main phase, precombat
Land: Ai(3)-mm-jarad-graveyard played Swamp (263)
Mana: Deathcap Glade (243) - {T}: Add {B} or {G}.
Mana: Swamp (263) - {T}: Add {B}.
Add To Stack: Ai(3)-mm-jarad-graveyard cast Abrupt Decay targeting [Swiftfoot Boots (145)]
Zone Change: Swiftfoot Boots (145) was put into Graveyard from Battlefield.
Resolve Stack: Abrupt Decay (298) - Destroy Swiftfoot Boots (145).
Phase: Ai(3)-mm-jarad-graveyard's Beginning of Combat Step
Phase: Ai(3)-mm-jarad-graveyard's Declare Attackers Step
Phase: Ai(3)-mm-jarad-graveyard's Declare Blockers Step
Phase: Ai(3)-mm-jarad-graveyard's First Strike Damage Step
Phase: Ai(3)-mm-jarad-graveyard's Combat Damage Step
Phase: Ai(3)-mm-jarad-graveyard's End of Combat Step
Phase: Ai(3)-mm-jarad-graveyard's Main phase, postcombat
Phase: Ai(3)-mm-jarad-graveyard's End step
Phase: Ai(3)-mm-jarad-graveyard's Cleanup step
Turn: Turn 8 (Ai(4)-mm-muldrotha-value)
Phase: Ai(4)-mm-muldrotha-value's Untap step
Phase: Ai(4)-mm-muldrotha-value's Upkeep step
Phase: Ai(4)-mm-muldrotha-value's Draw step
Phase: Ai(4)-mm-muldrotha-value's Main phase, precombat
Replacement Effect: Opulent Palace enters tapped.
Land: Ai(4)-mm-muldrotha-value played Opulent Palace (380)
Phase: Ai(4)-mm-muldrotha-value's Beginning of Combat Step
Phase: Ai(4)-mm-muldrotha-value's Declare Attackers Step
Phase: Ai(4)-mm-muldrotha-value's Declare Blockers Step
Phase: Ai(4)-mm-muldrotha-value's First Strike Damage Step
Phase: Ai(4)-mm-muldrotha-value's Combat Damage Step
Phase: Ai(4)-mm-muldrotha-value's End of Combat Step
Phase: Ai(4)-mm-muldrotha-value's Main phase, postcombat
Phase: Ai(4)-mm-muldrotha-value's End step
Phase: Ai(4)-mm-muldrotha-value's Cleanup step
Turn: Turn 9 (Ai(1)-mm-sythis-enchantress)
Phase: Ai(1)-mm-sythis-enchantress' Untap step
Phase: Ai(1)-mm-sythis-enchantress' Upkeep step
Phase: Ai(1)-mm-sythis-enchantress' Draw step
Phase: Ai(1)-mm-sythis-enchantress' Main phase, precombat
Phase: Ai(1)-mm-sythis-enchantress' Beginning of Combat Step
Phase: Ai(1)-mm-sythis-enchantress' Declare Attackers Step
Combat: Ai(1)-mm-sythis-enchantress assigned Alseid of Life's Bounty (47) to attack Ai(3)-mm-jarad-graveyard.
Phase: Ai(1)-mm-sythis-enchantress' Declare Blockers Step
Combat: Ai(3)-mm-jarad-graveyard didn't block Alseid of Life's Bounty (47).
Phase: Ai(1)-mm-sythis-enchantress' First Strike Damage Step
Phase: Ai(1)-mm-sythis-enchantress' Combat Damage Step
Damage: Alseid of Life's Bounty (47) deals 1 combat damage to Ai(3)-mm-jarad-graveyard.
Life: Life: Ai(1)-mm-sythis-enchantress 40 > 41
Life: Life: Ai(3)-mm-jarad-graveyard 40 > 39
Phase: Ai(1)-mm-sythis-enchantress' End of Combat Step
Phase: Ai(1)-mm-sythis-enchantress' Main phase, postcombat
Replacement Effect: Temple of Plenty enters tapped.
Land: Ai(1)-mm-sythis-enchantress played Temple of Plenty (58)
Add To Stack: Ai(1)-mm-sythis-enchantress triggered Temple of Plenty
Resolve Stack: Ai(1)-mm-sythis-enchantress scried 1 card(s) to the top of the library
Resolve Stack: When Temple of Plenty enters, scry 1. (Look at the top card of your library. You may put that card on the bottom.) [Zone Changer: Temple of Plenty (58)]
Phase: Ai(1)-mm-sythis-enchantress' End step
Phase: Ai(1)-mm-sythis-enchantress' Cleanup step
Turn: Turn 10 (Ai(2)-mm-abaddon)
Phase: Ai(2)-mm-abaddon's Untap step
Phase: Ai(2)-mm-abaddon's Upkeep step
Phase: Ai(2)-mm-abaddon's Draw step
Phase: Ai(2)-mm-abaddon's Main phase, precombat
Land: Ai(2)-mm-abaddon played Island (125)
Phase: Ai(2)-mm-abaddon's Beginning of Combat Step
Phase: Ai(2)-mm-abaddon's Declare Attackers Step
Phase: Ai(2)-mm-abaddon's Declare Blockers Step
Phase: Ai(2)-mm-abaddon's First Strike Damage Step
Phase: Ai(2)-mm-abaddon's Combat Damage Step
Phase: Ai(2)-mm-abaddon's End of Combat Step
Phase: Ai(2)-mm-abaddon's Main phase, postcombat
Mana: Island (125) - {T}: Add {U}.
Mana: Mountain (184) - {T}: Add {R}.
Mana: Crumbling Necropolis (153) - {T}: Add {U}, {B}, or {R}.
Add To Stack: Ai(2)-mm-abaddon cast Frantic Search
Discard: Ai(2)-mm-abaddon discards Dragonskull Summit (141).
Discard: Ai(2)-mm-abaddon discards Mountain (188).
Resolve Stack: Frantic Search (123) - Ai(2)-mm-abaddon draws two cards. Ai(2)-mm-abaddon discards two cards. Untap up to 3 Lands.
Mana: Crumbling Necropolis (153) - {T}: Add {U}, {B}, or {R}.
Mana: Island (125) - {T}: Add {U}.
Add To Stack: Ai(2)-mm-abaddon cast Nightscape Familiar
Resolve Stack: Nightscape Familiar - Creature 1 / 1
Phase: Ai(2)-mm-abaddon's End step
Phase: Ai(2)-mm-abaddon's Cleanup step
Turn: Turn 11 (Ai(3)-mm-jarad-graveyard)
Phase: Ai(3)-mm-jarad-graveyard's Untap step
Phase: Ai(3)-mm-jarad-graveyard's Upkeep step
Phase: Ai(3)-mm-jarad-graveyard's Draw step
Phase: Ai(3)-mm-jarad-graveyard's Main phase, precombat
Land: Ai(3)-mm-jarad-graveyard played Forest (228)
Phase: Ai(3)-mm-jarad-graveyard's Beginning of Combat Step
Phase: Ai(3)-mm-jarad-graveyard's Declare Attackers Step
Phase: Ai(3)-mm-jarad-graveyard's Declare Blockers Step
Phase: Ai(3)-mm-jarad-graveyard's First Strike Damage Step
Phase: Ai(3)-mm-jarad-graveyard's Combat Damage Step
Phase: Ai(3)-mm-jarad-graveyard's End of Combat Step
Phase: Ai(3)-mm-jarad-graveyard's Main phase, postcombat
Mana: Swamp (263) - {T}: Add {B}.
Mana: Forest (228) - {T}: Add {G}.
Mana: Deathcap Glade (243) - {T}: Add {B} or {G}.
Add To Stack: Ai(3)-mm-jarad-graveyard cast Stinkweed Imp
Resolve Stack: Stinkweed Imp - Creature 1 / 2
Phase: Ai(3)-mm-jarad-graveyard's End step
Phase: Ai(3)-mm-jarad-graveyard's Cleanup step
Turn: Turn 12 (Ai(4)-mm-muldrotha-value)
Phase: Ai(4)-mm-muldrotha-value's Untap step
Phase: Ai(4)-mm-muldrotha-value's Upkeep step
Phase: Ai(4)-mm-muldrotha-value's Draw step
Phase: Ai(4)-mm-muldrotha-value's Main phase, precombat
Land: Ai(4)-mm-muldrotha-value played Terramorphic Expanse (402)
Zone Change: Terramorphic Expanse (402) was put into Graveyard from Battlefield.
Add To Stack: Ai(4)-mm-muldrotha-value activated Terramorphic Expanse
Resolve Stack: Terramorphic Expanse (402) - Ai(4)-mm-muldrotha-value searches their library for a basic land card, puts it onto the battlefield tapped, then shuffles.
Phase: Ai(4)-mm-muldrotha-value's Beginning of Combat Step
Phase: Ai(4)-mm-muldrotha-value's Declare Attackers Step
Phase: Ai(4)-mm-muldrotha-value's Declare Blockers Step
Phase: Ai(4)-mm-muldrotha-value's First Strike Damage Step
Phase: Ai(4)-mm-muldrotha-value's Combat Damage Step
Phase: Ai(4)-mm-muldrotha-value's End of Combat Step
Phase: Ai(4)-mm-muldrotha-value's Main phase, postcombat
Mana: Opulent Palace (380) - {T}: Add {B}, {G}, or {U}.
Add To Stack: Ai(4)-mm-muldrotha-value cast Stitcher's Supplier
Resolve Stack: Stitcher's Supplier - Creature 1 / 1
Add To Stack: Ai(4)-mm-muldrotha-value triggered Stitcher's Supplier
Zone Change: Ai(4)-mm-muldrotha-value milled Sakura-Tribe Elder (387), Undergrowth Stadium (395) and Victimize (350).
Resolve Stack: When Stitcher's Supplier enters or dies, mill three cards. [Zone Changer: Stitcher's Supplier (388)]
Phase: Ai(4)-mm-muldrotha-value's End step
Phase: Ai(4)-mm-muldrotha-value's Cleanup step
Turn: Turn 13 (Ai(1)-mm-sythis-enchantress)
Phase: Ai(1)-mm-sythis-enchantress' Untap step
Phase: Ai(1)-mm-sythis-enchantress' Upkeep step
Phase: Ai(1)-mm-sythis-enchantress' Draw step
Phase: Ai(1)-mm-sythis-enchantress' Main phase, precombat
Replacement Effect: As Fortified Village enters, you may reveal a Forest or Plains card from your hand. If you don't, Fortified Village enters tapped.
Land: Ai(1)-mm-sythis-enchantress played Fortified Village (49)
Mana: Plains (87) - {T}: Add {W}.
Mana: Temple of Plenty (58) - {T}: Add {G} or {W}.
Mana: Hall of Heliod's Generosity (10) - {T}: Add {C}.
Add To Stack: Ai(1)-mm-sythis-enchantress cast Grasp of Fate
Resolve Stack: Grasp of Fate
Add To Stack: Ai(1)-mm-sythis-enchantress triggered Grasp of Fate targeting [Stinkweed Imp (291)]
Zone Change: Stinkweed Imp (291) was put into Exile from Battlefield.
Resolve Stack: When Grasp of Fate enters, for each opponent, exile up to one target nonland permanent that player controls until Grasp of Fate leaves the battlefield. (Those permanents return under their owners' control.) (Targeting: [[Stinkweed Imp (291)]]) [Zone Changer: Grasp of Fate (17)]
Phase: Ai(1)-mm-sythis-enchantress' Beginning of Combat Step
Phase: Ai(1)-mm-sythis-enchantress' Declare Attackers Step
Phase: Ai(1)-mm-sythis-enchantress' Declare Blockers Step
Phase: Ai(1)-mm-sythis-enchantress' First Strike Damage Step
Phase: Ai(1)-mm-sythis-enchantress' Combat Damage Step
Phase: Ai(1)-mm-sythis-enchantress' End of Combat Step
Phase: Ai(1)-mm-sythis-enchantress' Main phase, postcombat
Phase: Ai(1)-mm-sythis-enchantress' End step
Phase: Ai(1)-mm-sythis-enchantress' Cleanup step
Turn: Turn 14 (Ai(2)-mm-abaddon)
Phase: Ai(2)-mm-abaddon's Untap step
Phase: Ai(2)-mm-abaddon's Upkeep step
Phase: Ai(2)-mm-abaddon's Draw step
Phase: Ai(2)-mm-abaddon's Main phase, precombat
Replacement Effect: As Foreboding Ruins enters, you may reveal a Swamp or Mountain card from your hand. If you don't, Foreboding Ruins enters tapped.
Land: Ai(2)-mm-abaddon played Foreboding Ruins (160)
Phase: Ai(2)-mm-abaddon's Beginning of Combat Step
Phase: Ai(2)-mm-abaddon's Declare Attackers Step
Combat: Ai(2)-mm-abaddon assigned Nightscape Familiar (120) to attack Ai(1)-mm-sythis-enchantress.
Phase: Ai(2)-mm-abaddon's Declare Blockers Step
Combat: Ai(1)-mm-sythis-enchantress didn't block Nightscape Familiar (120).
Phase: Ai(2)-mm-abaddon's First Strike Damage Step
Phase: Ai(2)-mm-abaddon's Combat Damage Step
Damage: Nightscape Familiar (120) deals 1 combat damage to Ai(1)-mm-sythis-enchantress.
Life: Life: Ai(1)-mm-sythis-enchantress 41 > 40
Phase: Ai(2)-mm-abaddon's End of Combat Step
Phase: Ai(2)-mm-abaddon's Main phase, postcombat
Phase: Ai(2)-mm-abaddon's End step
Phase: Ai(2)-mm-abaddon's Cleanup step
Turn: Turn 15 (Ai(3)-mm-jarad-graveyard)
Phase: Ai(3)-mm-jarad-graveyard's Untap step
Phase: Ai(3)-mm-jarad-graveyard's Upkeep step
Phase: Ai(3)-mm-jarad-graveyard's Draw step
Phase: Ai(3)-mm-jarad-graveyard's Main phase, precombat
Land: Ai(3)-mm-jarad-graveyard played Swamp (269)
Phase: Ai(3)-mm-jarad-graveyard's Beginning of Combat Step
Phase: Ai(3)-mm-jarad-graveyard's Declare Attackers Step
Phase: Ai(3)-mm-jarad-graveyard's Declare Blockers Step
Phase: Ai(3)-mm-jarad-graveyard's First Strike Damage Step
Phase: Ai(3)-mm-jarad-graveyard's Combat Damage Step
Phase: Ai(3)-mm-jarad-graveyard's End of Combat Step
Phase: Ai(3)-mm-jarad-graveyard's Main phase, postcombat
Mana: Forest (228) - {T}: Add {G}.
Mana: Deathcap Glade (243) - {T}: Add {B} or {G}.
Mana: Swamp (263) - {T}: Add {B}.
Mana: Swamp (269) - {T}: Add {B}.
Add To Stack: Ai(3)-mm-jarad-graveyard cast Jarad, Golgari Lich Lord
Resolve Stack: Jarad, Golgari Lich Lord - Creature 2 / 2
Phase: Ai(3)-mm-jarad-graveyard's End step
Phase: Ai(3)-mm-jarad-graveyard's Cleanup step
Turn: Turn 16 (Ai(4)-mm-muldrotha-value)
Phase: Ai(4)-mm-muldrotha-value's Untap step
Phase: Ai(4)-mm-muldrotha-value's Upkeep step
Phase: Ai(4)-mm-muldrotha-value's Draw step
Mana: Island (338) - {T}: Add {U}.
Mana: Swamp (368) - {T}: Add {B}.
Add To Stack: Ai(4)-mm-muldrotha-value cast Cyclonic Rift targeting [Jarad, Golgari Lich Lord (302)]
Resolve Stack: Cyclonic Rift (310) - Return Jarad, Golgari Lich Lord (302) to its owner's hand.
Phase: Ai(4)-mm-muldrotha-value's Main phase, precombat
Land: Ai(4)-mm-muldrotha-value played Fabled Passage (311)
Zone Change: Fabled Passage (311) was put into Graveyard from Battlefield.
Add To Stack: Ai(4)-mm-muldrotha-value activated Fabled Passage
Resolve Stack: Fabled Passage (311) - Search your library for a basic land card, put it onto the battlefield tapped, then shuffle. Then if you control four or more lands, untap that land.  
Phase: Ai(4)-mm-muldrotha-value's Beginning of Combat Step
Phase: Ai(4)-mm-muldrotha-value's Declare Attackers Step
Phase: Ai(4)-mm-muldrotha-value's Declare Blockers Step
Phase: Ai(4)-mm-muldrotha-value's First Strike Damage Step
Phase: Ai(4)-mm-muldrotha-value's Combat Damage Step
Phase: Ai(4)-mm-muldrotha-value's End of Combat Step
Phase: Ai(4)-mm-muldrotha-value's Main phase, postcombat
Phase: Ai(4)-mm-muldrotha-value's End step
Phase: Ai(4)-mm-muldrotha-value's Cleanup step
Turn: Turn 17 (Ai(1)-mm-sythis-enchantress)
Phase: Ai(1)-mm-sythis-enchantress' Untap step
Phase: Ai(1)-mm-sythis-enchantress' Upkeep step
Phase: Ai(1)-mm-sythis-enchantress' Draw step
Phase: Ai(1)-mm-sythis-enchantress' Main phase, precombat
Land: Ai(1)-mm-sythis-enchantress played Plains (83)
Phase: Ai(1)-mm-sythis-enchantress' Beginning of Combat Step
Phase: Ai(1)-mm-sythis-enchantress' Declare Attackers Step
Combat: Ai(1)-mm-sythis-enchantress assigned Alseid of Life's Bounty (47) to attack Ai(2)-mm-abaddon.
Phase: Ai(1)-mm-sythis-enchantress' Declare Blockers Step
Combat: Ai(2)-mm-abaddon didn't block Alseid of Life's Bounty (47).
Phase: Ai(1)-mm-sythis-enchantress' First Strike Damage Step
Phase: Ai(1)-mm-sythis-enchantress' Combat Damage Step
Damage: Alseid of Life's Bounty (47) deals 1 combat damage to Ai(2)-mm-abaddon.
Life: Life: Ai(1)-mm-sythis-enchantress 40 > 41
Life: Life: Ai(2)-mm-abaddon 40 > 39
Phase: Ai(1)-mm-sythis-enchantress' End of Combat Step
Phase: Ai(1)-mm-sythis-enchantress' Main phase, postcombat
Mana: Plains (87) - {T}: Add {W}.
Mana: Plains (83) - {T}: Add {W}.
Mana: Temple of Plenty (58) - {T}: Add {G} or {W}.
Mana: Fortified Village (49) - {T}: Add {G} or {W}.
Add To Stack: Ai(1)-mm-sythis-enchantress cast Hallowed Haunting
Resolve Stack: Hallowed Haunting
Phase: Ai(1)-mm-sythis-enchantress' End step
Phase: Ai(1)-mm-sythis-enchantress' Cleanup step
Turn: Turn 18 (Ai(2)-mm-abaddon)
Phase: Ai(2)-mm-abaddon's Untap step
Phase: Ai(2)-mm-abaddon's Upkeep step
Phase: Ai(2)-mm-abaddon's Draw step
Phase: Ai(2)-mm-abaddon's Main phase, precombat
Mana: Mountain (184) - {T}: Add {R}.
Mana: Foreboding Ruins (160) - {T}: Add {B} or {R}.
Mana: Island (125) - {T}: Add {U}.
Mana: Crumbling Necropolis (153) - {T}: Add {U}, {B}, or {R}.
Add To Stack: Ai(2)-mm-abaddon cast Neheb, the Eternal
Resolve Stack: Neheb, the Eternal - Creature 4 / 6
Phase: Ai(2)-mm-abaddon's Beginning of Combat Step
Phase: Ai(2)-mm-abaddon's Declare Attackers Step
Combat: Ai(2)-mm-abaddon assigned Nightscape Familiar (120) to attack Ai(1)-mm-sythis-enchantress.
Phase: Ai(2)-mm-abaddon's Declare Blockers Step
Combat: Ai(1)-mm-sythis-enchantress didn't block Nightscape Familiar (120).
Phase: Ai(2)-mm-abaddon's First Strike Damage Step
Phase: Ai(2)-mm-abaddon's Combat Damage Step
Damage: Nightscape Familiar (120) deals 1 combat damage to Ai(1)-mm-sythis-enchantress.
Life: Life: Ai(1)-mm-sythis-enchantress 41 > 40
Phase: Ai(2)-mm-abaddon's End of Combat Step
Phase: Ai(2)-mm-abaddon's Main phase, postcombat
Add To Stack: Ai(2)-mm-abaddon triggered Neheb, the Eternal
Resolve Stack: At the beginning of each of your postcombat main phases, add {R} for each 1 life your opponents have lost this turn. [Phase: Ai(2)-mm-abaddon]
Phase: Ai(2)-mm-abaddon's End step
Phase: Ai(2)-mm-abaddon's Cleanup step
Turn: Turn 19 (Ai(3)-mm-jarad-graveyard)
Phase: Ai(3)-mm-jarad-graveyard's Untap step
Phase: Ai(3)-mm-jarad-graveyard's Upkeep step
Phase: Ai(3)-mm-jarad-graveyard's Draw step
Mana: Forest (228) - {T}: Add {G}.
Mana: Swamp (263) - {T}: Add {B}.
Add To Stack: Ai(3)-mm-jarad-graveyard cast Assassin's Trophy targeting [Neheb, the Eternal (140)]
Zone Change: Neheb, the Eternal (140) was put into Graveyard from Battlefield.
Resolve Stack: Assassin's Trophy (251) - Destroy Neheb, the Eternal (140). (OPTIONAL) Ai(3)-mm-jarad-graveyard searches Ai(2)-mm-abaddon library for a basic land card, puts it onto the battlefield, then shuffles.
Phase: Ai(3)-mm-jarad-graveyard's Main phase, precombat
Phase: Ai(3)-mm-jarad-graveyard's Beginning of Combat Step
Phase: Ai(3)-mm-jarad-graveyard's Declare Attackers Step
Phase: Ai(3)-mm-jarad-graveyard's Declare Blockers Step
Phase: Ai(3)-mm-jarad-graveyard's First Strike Damage Step
Phase: Ai(3)-mm-jarad-graveyard's Combat Damage Step
Phase: Ai(3)-mm-jarad-graveyard's End of Combat Step
Phase: Ai(3)-mm-jarad-graveyard's Main phase, postcombat
Mana: Deathcap Glade (243) - {T}: Add {B} or {G}.
Mana: Swamp (269) - {T}: Add {B}.
Add To Stack: Ai(3)-mm-jarad-graveyard cast Satyr Wayfinder
Resolve Stack: Satyr Wayfinder - Creature 1 / 1
Add To Stack: Ai(3)-mm-jarad-graveyard triggered Satyr Wayfinder
Resolve Stack: When Satyr Wayfinder enters, reveal the top four cards of your library. You may put a land card from among them into your hand. Put the rest into your graveyard. [Zone Changer: Satyr Wayfinder (221)]
Replacement Effect: Bojuka Bog enters tapped.
Land: Ai(3)-mm-jarad-graveyard played Bojuka Bog (253)
Add To Stack: Ai(3)-mm-jarad-graveyard triggered Bojuka Bog targeting [Ai(2)-mm-abaddon]
Resolve Stack: When Bojuka Bog enters, exile all cards from target player's graveyard. (Targeting: [[Ai(2)-mm-abaddon]]) [Zone Changer: Bojuka Bog (253)]
Phase: Ai(3)-mm-jarad-graveyard's End step
Phase: Ai(3)-mm-jarad-graveyard's Cleanup step
Turn: Turn 20 (Ai(4)-mm-muldrotha-value)
Phase: Ai(4)-mm-muldrotha-value's Untap step
Phase: Ai(4)-mm-muldrotha-value's Upkeep step
Phase: Ai(4)-mm-muldrotha-value's Draw step
Phase: Ai(4)-mm-muldrotha-value's Main phase, precombat
Phase: Ai(4)-mm-muldrotha-value's Beginning of Combat Step
Phase: Ai(4)-mm-muldrotha-value's Declare Attackers Step
Combat: Ai(4)-mm-muldrotha-value assigned Stitcher's Supplier (388) to attack Ai(1)-mm-sythis-enchantress.
Phase: Ai(4)-mm-muldrotha-value's Declare Blockers Step
Combat: Ai(1)-mm-sythis-enchantress didn't block Stitcher's Supplier (388).
Phase: Ai(4)-mm-muldrotha-value's First Strike Damage Step
Phase: Ai(4)-mm-muldrotha-value's Combat Damage Step
Damage: Stitcher's Supplier (388) deals 1 combat damage to Ai(1)-mm-sythis-enchantress.
Life: Life: Ai(1)-mm-sythis-enchantress 40 > 39
Phase: Ai(4)-mm-muldrotha-value's End of Combat Step
Phase: Ai(4)-mm-muldrotha-value's Main phase, postcombat
Mana: Island (338) - {T}: Add {U}.
Mana: Swamp (368) - {T}: Add {B}.
Mana: Forest (345) - {T}: Add {G}.
Mana: Opulent Palace (380) - {T}: Add {B}, {G}, or {U}.
Add To Stack: Ai(4)-mm-muldrotha-value cast Kheru Goldkeeper
Resolve Stack: Kheru Goldkeeper - Creature 3 / 3
Phase: Ai(4)-mm-muldrotha-value's End step
Phase: Ai(4)-mm-muldrotha-value's Cleanup step
Turn: Turn 21 (Ai(1)-mm-sythis-enchantress)
Phase: Ai(1)-mm-sythis-enchantress' Untap step
Phase: Ai(1)-mm-sythis-enchantress' Upkeep step
Phase: Ai(1)-mm-sythis-enchantress' Draw step
Phase: Ai(1)-mm-sythis-enchantress' Main phase, precombat
Land: Ai(1)-mm-sythis-enchantress played Plains (93)
Phase: Ai(1)-mm-sythis-enchantress' Beginning of Combat Step
Phase: Ai(1)-mm-sythis-enchantress' Declare Attackers Step
Phase: Ai(1)-mm-sythis-enchantress' Declare Blockers Step
Phase: Ai(1)-mm-sythis-enchantress' First Strike Damage Step
Phase: Ai(1)-mm-sythis-enchantress' Combat Damage Step
Phase: Ai(1)-mm-sythis-enchantress' End of Combat Step
Phase: Ai(1)-mm-sythis-enchantress' Main phase, postcombat
Mana: Temple of Plenty (58) - {T}: Add {G} or {W}.
Mana: Plains (87) - {T}: Add {W}.
Add To Stack: Ai(1)-mm-sythis-enchantress cast Weaver of Harmony
Add To Stack: Ai(1)-mm-sythis-enchantress triggered Hallowed Haunting
Resolve Stack: Whenever you cast an enchantment spell, create a white Spirit Cleric creature token with "This token's power and toughness are each equal to the number of Spirits you control." [Card: Weaver of Harmony (55), Activator: Ai(1)-mm-sythis-enchantress, SpellAbility: Weaver of Harmony - Creature 2 / 2]
Resolve Stack: Weaver of Harmony - Creature 2 / 2
Mana: Fortified Village (49) - {T}: Add {G} or {W}.
Mana: Plains (83) - {T}: Add {W}.
Add To Stack: Ai(1)-mm-sythis-enchantress cast Sythis, Harvest's Hand
Add To Stack: Ai(1)-mm-sythis-enchantress triggered Hallowed Haunting
Resolve Stack: Whenever you cast an enchantment spell, create a white Spirit Cleric creature token with "This token's power and toughness are each equal to the number of Spirits you control." [Card: Sythis, Harvest's Hand (100), Activator: Ai(1)-mm-sythis-enchantress, SpellAbility: Sythis, Harvest's Hand - Creature 1 / 2]
Resolve Stack: Sythis, Harvest's Hand - Creature 1 / 2
Mana: Plains (93) - {T}: Add {W}.
Mana: Hall of Heliod's Generosity (10) - {T}: Add {C}.
Resolve Stack: Ai(1)-mm-sythis-enchantress has suspended Resurgent Belief with 2 time counters on it.
Phase: Ai(1)-mm-sythis-enchantress' End step
Phase: Ai(1)-mm-sythis-enchantress' Cleanup step
Turn: Turn 22 (Ai(2)-mm-abaddon)
Phase: Ai(2)-mm-abaddon's Untap step
Phase: Ai(2)-mm-abaddon's Upkeep step
Phase: Ai(2)-mm-abaddon's Draw step
Phase: Ai(2)-mm-abaddon's Main phase, precombat
Phase: Ai(2)-mm-abaddon's Beginning of Combat Step
Phase: Ai(2)-mm-abaddon's Declare Attackers Step
Phase: Ai(2)-mm-abaddon's Declare Blockers Step
Phase: Ai(2)-mm-abaddon's First Strike Damage Step
Phase: Ai(2)-mm-abaddon's Combat Damage Step
Phase: Ai(2)-mm-abaddon's End of Combat Step
Phase: Ai(2)-mm-abaddon's Main phase, postcombat
Mana: Mountain (184) - {T}: Add {R}.
Mana: Swamp (151) - {T}: Add {B}.
Mana: Island (125) - {T}: Add {U}.
Mana: Foreboding Ruins (160) - {T}: Add {B} or {R}.
Mana: Crumbling Necropolis (153) - {T}: Add {U}, {B}, or {R}.
Add To Stack: Ai(2)-mm-abaddon cast Nalfeshnee
Resolve Stack: Nalfeshnee - Creature 4 / 6
Phase: Ai(2)-mm-abaddon's End step
Phase: Ai(2)-mm-abaddon's Cleanup step
Turn: Turn 23 (Ai(3)-mm-jarad-graveyard)
Phase: Ai(3)-mm-jarad-graveyard's Untap step
Phase: Ai(3)-mm-jarad-graveyard's Upkeep step
Phase: Ai(3)-mm-jarad-graveyard's Draw step
Phase: Ai(3)-mm-jarad-graveyard's Main phase, precombat
Mana: Swamp (263) - {T}: Add {B}.
Mana: Swamp (269) - {T}: Add {B}.
Mana: Forest (228) - {T}: Add {G}.
Mana: Bojuka Bog (253) - {T}: Add {B}.
Add To Stack: Ai(3)-mm-jarad-graveyard cast Nighthowler targeting [Satyr Wayfinder (221)]
Resolve Stack: Bestow - Nighthowler
Phase: Ai(3)-mm-jarad-graveyard's Beginning of Combat Step
Phase: Ai(3)-mm-jarad-graveyard's Declare Attackers Step
Phase: Ai(3)-mm-jarad-graveyard's Declare Blockers Step
Phase: Ai(3)-mm-jarad-graveyard's First Strike Damage Step
Phase: Ai(3)-mm-jarad-graveyard's Combat Damage Step
Phase: Ai(3)-mm-jarad-graveyard's End of Combat Step
Phase: Ai(3)-mm-jarad-graveyard's Main phase, postcombat
Phase: Ai(3)-mm-jarad-graveyard's End step
Phase: Ai(3)-mm-jarad-graveyard's Cleanup step
Turn: Turn 24 (Ai(4)-mm-muldrotha-value)
Phase: Ai(4)-mm-muldrotha-value's Untap step
Phase: Ai(4)-mm-muldrotha-value's Upkeep step
Phase: Ai(4)-mm-muldrotha-value's Draw step
Phase: Ai(4)-mm-muldrotha-value's Main phase, precombat
Phase: Ai(4)-mm-muldrotha-value's Beginning of Combat Step
Phase: Ai(4)-mm-muldrotha-value's Declare Attackers Step
Combat: Ai(4)-mm-muldrotha-value assigned Kheru Goldkeeper (375) to attack Ai(1)-mm-sythis-enchantress.
Phase: Ai(4)-mm-muldrotha-value's Declare Blockers Step
Combat: Ai(1)-mm-sythis-enchantress didn't block Kheru Goldkeeper (375).
Phase: Ai(4)-mm-muldrotha-value's First Strike Damage Step
Phase: Ai(4)-mm-muldrotha-value's Combat Damage Step
Damage: Kheru Goldkeeper (375) deals 3 combat damage to Ai(1)-mm-sythis-enchantress.
Life: Life: Ai(1)-mm-sythis-enchantress 39 > 36
Phase: Ai(4)-mm-muldrotha-value's End of Combat Step
Phase: Ai(4)-mm-muldrotha-value's Main phase, postcombat
Mana: Island (338) - {T}: Add {U}.
Mana: Swamp (368) - {T}: Add {B}.
Mana: Forest (345) - {T}: Add {G}.
Mana: Opulent Palace (380) - {T}: Add {B}, {G}, or {U}.
Add To Stack: Ai(4)-mm-muldrotha-value cast Sidisi, Brood Tyrant
Resolve Stack: Sidisi, Brood Tyrant - Creature 3 / 3
Add To Stack: Ai(4)-mm-muldrotha-value triggered Sidisi, Brood Tyrant
Zone Change: Ai(4)-mm-muldrotha-value milled Exotic Orchard (352), Island (336) and Swamp (366).
Resolve Stack: Whenever Sidisi, Brood Tyrant enters or attacks, mill three cards. [Zone Changer: Sidisi, Brood Tyrant (322)]
Phase: Ai(4)-mm-muldrotha-value's End step
Phase: Ai(4)-mm-muldrotha-value's Cleanup step
Turn: Turn 25 (Ai(1)-mm-sythis-enchantress)
Phase: Ai(1)-mm-sythis-enchantress' Untap step
Phase: Ai(1)-mm-sythis-enchantress' Upkeep step
Add To Stack: Ai(1)-mm-sythis-enchantress triggered Resurgent Belief
Resolve Stack: At the beginning of your upkeep, if this card is suspended, remove a time counter from it [Phase: Ai(1)-mm-sythis-enchantress]
Phase: Ai(1)-mm-sythis-enchantress' Draw step
Phase: Ai(1)-mm-sythis-enchantress' Main phase, precombat
Phase: Ai(1)-mm-sythis-enchantress' Beginning of Combat Step
Phase: Ai(1)-mm-sythis-enchantress' Declare Attackers Step
Phase: Ai(1)-mm-sythis-enchantress' Declare Blockers Step
Phase: Ai(1)-mm-sythis-enchantress' First Strike Damage Step
Phase: Ai(1)-mm-sythis-enchantress' Combat Damage Step
Phase: Ai(1)-mm-sythis-enchantress' End of Combat Step
Phase: Ai(1)-mm-sythis-enchantress' Main phase, postcombat
Mana: Temple of Plenty (58) - {T}: Add {G} or {W}.
Mana: Plains (87) - {T}: Add {W}.
Add To Stack: Ai(1)-mm-sythis-enchantress cast Destiny Spinner
Add To Stack: Ai(1)-mm-sythis-enchantress triggered Sythis, Harvest's Hand
Add To Stack: Ai(1)-mm-sythis-enchantress triggered Hallowed Haunting
Resolve Stack: Whenever you cast an enchantment spell, create a white Spirit Cleric creature token with "This token's power and toughness are each equal to the number of Spirits you control." [Card: Destiny Spinner (27), Activator: Ai(1)-mm-sythis-enchantress, SpellAbility: Destiny Spinner - Creature 2 / 3]
Life: Life: Ai(1)-mm-sythis-enchantress 36 > 37
Resolve Stack: Whenever you cast an enchantment spell, you gain 1 life and draw a card. [Card: Destiny Spinner (27), Activator: Ai(1)-mm-sythis-enchantress, SpellAbility: Destiny Spinner - Creature 2 / 3]
Resolve Stack: Destiny Spinner - Creature 2 / 3
Phase: Ai(1)-mm-sythis-enchantress' End step
Phase: Ai(1)-mm-sythis-enchantress' Cleanup step
Turn: Turn 26 (Ai(2)-mm-abaddon)
Phase: Ai(2)-mm-abaddon's Untap step
Phase: Ai(2)-mm-abaddon's Upkeep step
Mana: Swamp (151) - {T}: Add {B}.
Mana: Mountain (184) - {T}: Add {R}.
Mana: Island (125) - {T}: Add {U}.
Mana: Foreboding Ruins (160) - {T}: Add {B} or {R}.
Add To Stack: Ai(2)-mm-abaddon cast Bituminous Blast targeting [Destiny Spinner (27)]
Add To Stack: Ai(2)-mm-abaddon triggered Bituminous Blast
Add To Stack: Ai(2)-mm-abaddon cast Poxwalkers
Resolve Stack: Cascade - Bituminous Blast [Card: Bituminous Blast (182), Activator: Ai(2)-mm-abaddon, SpellAbility: Bituminous Blast deals 4 damage to target creature.]
Add To Stack: Ai(2)-mm-abaddon triggered Nalfeshnee
Add To Stack: Ai(2)-mm-abaddon cast Poxwalkers
Resolve Stack: Whenever you cast a spell from exile, copy it. You may choose new targets for the copy. If it's a permanent spell, the copy gains haste and "At the beginning of the end step, sacrifice this permanent." (A copy of a permanent spell becomes a token.) [Card: Poxwalkers (162), Activator: Ai(2)-mm-abaddon, SpellAbility: Poxwalkers - Creature 3 / 1 (without paying its mana cost)]
Resolve Stack: Poxwalkers - Creature 3 / 1
Resolve Stack: Poxwalkers - Creature 3 / 1
Damage: Bituminous Blast (182) deals 4 damage to Destiny Spinner (27).
Resolve Stack: Bituminous Blast (182) - Bituminous Blast (182) deals 4 damage to Destiny Spinner (27).
Zone Change: Destiny Spinner (27) was put into Graveyard from Battlefield.
Phase: Ai(2)-mm-abaddon's Draw step
Phase: Ai(2)-mm-abaddon's Main phase, precombat
Phase: Ai(2)-mm-abaddon's Beginning of Combat Step
Phase: Ai(2)-mm-abaddon's Declare Attackers Step
Combat: Ai(2)-mm-abaddon assigned Nalfeshnee (143) to attack Ai(1)-mm-sythis-enchantress.
Phase: Ai(2)-mm-abaddon's Declare Blockers Step
Combat: Ai(1)-mm-sythis-enchantress didn't block Nalfeshnee (143).
Phase: Ai(2)-mm-abaddon's First Strike Damage Step
Phase: Ai(2)-mm-abaddon's Combat Damage Step
Damage: Nalfeshnee (143) deals 4 combat damage to Ai(1)-mm-sythis-enchantress.
Life: Life: Ai(1)-mm-sythis-enchantress 37 > 33
Phase: Ai(2)-mm-abaddon's End of Combat Step
Phase: Ai(2)-mm-abaddon's Main phase, postcombat
Phase: Ai(2)-mm-abaddon's End step
Add To Stack: Ai(2)-mm-abaddon triggered Poxwalkers
Zone Change: Poxwalkers (414) was put into Graveyard from Battlefield.
Resolve Stack: At the beginning of the end step, sacrifice this permanent. [Phase: Ai(2)-mm-abaddon]
Phase: Ai(2)-mm-abaddon's Cleanup step
Turn: Turn 27 (Ai(3)-mm-jarad-graveyard)
Phase: Ai(3)-mm-jarad-graveyard's Untap step
Phase: Ai(3)-mm-jarad-graveyard's Upkeep step
Phase: Ai(3)-mm-jarad-graveyard's Draw step
Phase: Ai(3)-mm-jarad-graveyard's Main phase, precombat
Phase: Ai(3)-mm-jarad-graveyard's Beginning of Combat Step
Phase: Ai(3)-mm-jarad-graveyard's Declare Attackers Step
Phase: Ai(3)-mm-jarad-graveyard's Declare Blockers Step
Phase: Ai(3)-mm-jarad-graveyard's First Strike Damage Step
Phase: Ai(3)-mm-jarad-graveyard's Combat Damage Step
Phase: Ai(3)-mm-jarad-graveyard's End of Combat Step
Phase: Ai(3)-mm-jarad-graveyard's Main phase, postcombat
Mana: Swamp (263) - {T}: Add {B}.
Mana: Swamp (269) - {T}: Add {B}.
Mana: Forest (228) - {T}: Add {G}.
Mana: Bojuka Bog (253) - {T}: Add {B}.
Add To Stack: Ai(3)-mm-jarad-graveyard cast Mortivore
Resolve Stack: Mortivore - Creature * / *
Mana: Deathcap Glade (243) - {T}: Add {B} or {G}.
Add To Stack: Ai(3)-mm-jarad-graveyard cast Sol Ring
Resolve Stack: Sol Ring
Phase: Ai(3)-mm-jarad-graveyard's End step
Phase: Ai(3)-mm-jarad-graveyard's Cleanup step
Turn: Turn 28 (Ai(4)-mm-muldrotha-value)
Phase: Ai(4)-mm-muldrotha-value's Untap step
Phase: Ai(4)-mm-muldrotha-value's Upkeep step
Phase: Ai(4)-mm-muldrotha-value's Draw step
Phase: Ai(4)-mm-muldrotha-value's Main phase, precombat
Phase: Ai(4)-mm-muldrotha-value's Beginning of Combat Step
Phase: Ai(4)-mm-muldrotha-value's Declare Attackers Step
Combat: Ai(4)-mm-muldrotha-value assigned Kheru Goldkeeper (375) to attack Ai(1)-mm-sythis-enchantress.
Phase: Ai(4)-mm-muldrotha-value's Declare Blockers Step
Combat: Ai(1)-mm-sythis-enchantress didn't block Kheru Goldkeeper (375).
Phase: Ai(4)-mm-muldrotha-value's First Strike Damage Step
Phase: Ai(4)-mm-muldrotha-value's Combat Damage Step
Damage: Kheru Goldkeeper (375) deals 3 combat damage to Ai(1)-mm-sythis-enchantress.
Life: Life: Ai(1)-mm-sythis-enchantress 33 > 30
Phase: Ai(4)-mm-muldrotha-value's End of Combat Step
Phase: Ai(4)-mm-muldrotha-value's Main phase, postcombat
Mana: Forest (345) - {T}: Add {G}.
Mana: Opulent Palace (380) - {T}: Add {B}, {G}, or {U}.
Mana: Island (338) - {T}: Add {U}.
Add To Stack: Ai(4)-mm-muldrotha-value cast Eternal Witness
Resolve Stack: Eternal Witness - Creature 2 / 1
Add To Stack: Ai(4)-mm-muldrotha-value triggered Eternal Witness targeting [Sakura-Tribe Elder (387)]
Resolve Stack: When Eternal Witness enters, you may return target card from your graveyard to your hand. (Targeting: [[Sakura-Tribe Elder (387)]]) [Zone Changer: Eternal Witness (309)]
Add To Stack: Ai(4)-mm-muldrotha-value triggered Kheru Goldkeeper
Resolve Stack: Whenever one or more cards leave your graveyard during your turn, create a Treasure token. (It's an artifact with "{T}, Sacrifice this token: Add one mana of any color.") [Amount: 1]
Mana: Swamp (368) - {T}: Add {B}.
Zone Change: Treasure Token (417) was put into Graveyard from Battlefield.
Mana: Treasure Token (417) - {T}, Sacrifice this token: Add one mana of any color.
Add To Stack: Ai(4)-mm-muldrotha-value cast Accursed Marauder
Resolve Stack: Accursed Marauder - Creature 2 / 1
Add To Stack: Ai(4)-mm-muldrotha-value triggered Accursed Marauder
Zone Change: Stitcher's Supplier (388) was put into Graveyard from Battlefield.
Zone Change: Alseid of Life's Bounty (47) was put into Graveyard from Battlefield.
Zone Change: Poxwalkers (162) was put into Graveyard from Battlefield.
Zone Change: Mortivore (204) was put into Graveyard from Battlefield.
Resolve Stack: When Accursed Marauder enters, each player sacrifices a nontoken creature. [Zone Changer: Accursed Marauder (374)]
Add To Stack: Ai(4)-mm-muldrotha-value triggered Stitcher's Supplier
Zone Change: Ai(4)-mm-muldrotha-value milled Command Beacon (308), Verdant Catacombs (317) and World Shaper (362).
Resolve Stack: When Stitcher's Supplier enters or dies, mill three cards. [Zone Changer: Stitcher's Supplier (388)]
Add To Stack: Ai(4)-mm-muldrotha-value triggered Sidisi, Brood Tyrant
Resolve Stack: Whenever one or more creature cards are put into your graveyard from your library, create a 2/2 black Zombie creature token. [Amount: 1]
Phase: Ai(4)-mm-muldrotha-value's End step
Mana: Plains (83) - {T}: Add {W}.
Mana: Plains (93) - {T}: Add {W}.
Add To Stack: Ai(1)-mm-sythis-enchantress activated Hall of Heliod's Generosity targeting [Destiny Spinner (27)]
Resolve Stack: Hall of Heliod's Generosity (10) - Put Destiny Spinner (27) from the graveyard on top of its owner's library.
Phase: Ai(4)-mm-muldrotha-value's Cleanup step
Turn: Turn 29 (Ai(1)-mm-sythis-enchantress)
Phase: Ai(1)-mm-sythis-enchantress' Untap step
Phase: Ai(1)-mm-sythis-enchantress' Upkeep step
Add To Stack: Ai(1)-mm-sythis-enchantress triggered Resurgent Belief
Resolve Stack: At the beginning of your upkeep, if this card is suspended, remove a time counter from it [Phase: Ai(1)-mm-sythis-enchantress]
Add To Stack: Ai(1)-mm-sythis-enchantress triggered Resurgent Belief
Add To Stack: Ai(1)-mm-sythis-enchantress cast Resurgent Belief
Resolve Stack: When the last time counter is removed from this card, if it's exiled, you may play it without paying its mana cost if able.  If you can't, it remains exiled. If you cast a creature spell this way, it gains haste until you lose control of the spell or the permanent it becomes. [Removed from: Resurgent Belief (75)]
Resolve Stack: Resurgent Belief (75) - Return all enchantment cards from your graveyard to the battlefield. (Auras with nothing to enchant remain in your graveyard.) (without paying its mana cost)
Phase: Ai(1)-mm-sythis-enchantress' Draw step
Phase: Ai(1)-mm-sythis-enchantress' Main phase, precombat
Phase: Ai(1)-mm-sythis-enchantress' Beginning of Combat Step
Phase: Ai(1)-mm-sythis-enchantress' Declare Attackers Step
Phase: Ai(1)-mm-sythis-enchantress' Declare Blockers Step
Phase: Ai(1)-mm-sythis-enchantress' First Strike Damage Step
Phase: Ai(1)-mm-sythis-enchantress' Combat Damage Step
Phase: Ai(1)-mm-sythis-enchantress' End of Combat Step
Phase: Ai(1)-mm-sythis-enchantress' Main phase, postcombat
Mana: Temple of Plenty (58) - {T}: Add {G} or {W}.
Mana: Plains (87) - {T}: Add {W}.
Add To Stack: Ai(1)-mm-sythis-enchantress cast Destiny Spinner
Add To Stack: Ai(1)-mm-sythis-enchantress triggered Sythis, Harvest's Hand
Add To Stack: Ai(1)-mm-sythis-enchantress triggered Hallowed Haunting
Resolve Stack: Whenever you cast an enchantment spell, create a white Spirit Cleric creature token with "This token's power and toughness are each equal to the number of Spirits you control." [Card: Destiny Spinner (27), Activator: Ai(1)-mm-sythis-enchantress, SpellAbility: Destiny Spinner - Creature 2 / 3]
Life: Life: Ai(1)-mm-sythis-enchantress 30 > 31
Resolve Stack: Whenever you cast an enchantment spell, you gain 1 life and draw a card. [Card: Destiny Spinner (27), Activator: Ai(1)-mm-sythis-enchantress, SpellAbility: Destiny Spinner - Creature 2 / 3]
Resolve Stack: Destiny Spinner - Creature 2 / 3
Land: Ai(1)-mm-sythis-enchantress played Plains (86)
Phase: Ai(1)-mm-sythis-enchantress' End step
Phase: Ai(1)-mm-sythis-enchantress' Cleanup step
Turn: Turn 30 (Ai(2)-mm-abaddon)
Phase: Ai(2)-mm-abaddon's Untap step
Phase: Ai(2)-mm-abaddon's Upkeep step
Phase: Ai(2)-mm-abaddon's Draw step
Phase: Ai(2)-mm-abaddon's Main phase, precombat
Phase: Ai(2)-mm-abaddon's Beginning of Combat Step
Phase: Ai(2)-mm-abaddon's Declare Attackers Step
Combat: Ai(2)-mm-abaddon assigned Nalfeshnee (143) to attack Ai(1)-mm-sythis-enchantress.
Phase: Ai(2)-mm-abaddon's Declare Blockers Step
Combat: Ai(1)-mm-sythis-enchantress didn't block Nalfeshnee (143).
Phase: Ai(2)-mm-abaddon's First Strike Damage Step
Phase: Ai(2)-mm-abaddon's Combat Damage Step
Damage: Nalfeshnee (143) deals 4 combat damage to Ai(1)-mm-sythis-enchantress.
Life: Life: Ai(1)-mm-sythis-enchantress 31 > 27
Phase: Ai(2)-mm-abaddon's End of Combat Step
Phase: Ai(2)-mm-abaddon's Main phase, postcombat
Mana: Island (125) - {T}: Add {U}.
Mana: Swamp (151) - {T}: Add {B}.
Mana: Mountain (184) - {T}: Add {R}.
Mana: Foreboding Ruins (160) - {T}: Add {B} or {R}.
Add To Stack: Ai(2)-mm-abaddon cast Abaddon the Despoiler
Add To Stack: Ai(2)-mm-abaddon triggered Poxwalkers
Resolve Stack: Curse of the Walking Pox — Whenever you cast a spell from anywhere other than your hand, return Poxwalkers from your graveyard to the battlefield tapped. [Card: Abaddon the Despoiler (201), Activator: Ai(2)-mm-abaddon, SpellAbility: Abaddon the Despoiler - Creature 5 / 5]
Resolve Stack: Abaddon the Despoiler - Creature 5 / 5
Phase: Ai(2)-mm-abaddon's End step
Phase: Ai(2)-mm-abaddon's Cleanup step
Turn: Turn 31 (Ai(3)-mm-jarad-graveyard)
Phase: Ai(3)-mm-jarad-graveyard's Untap step
Phase: Ai(3)-mm-jarad-graveyard's Upkeep step
Phase: Ai(3)-mm-jarad-graveyard's Draw step
Phase: Ai(3)-mm-jarad-graveyard's Main phase, precombat
Phase: Ai(3)-mm-jarad-graveyard's Beginning of Combat Step
Phase: Ai(3)-mm-jarad-graveyard's Declare Attackers Step
Phase: Ai(3)-mm-jarad-graveyard's Declare Blockers Step
Phase: Ai(3)-mm-jarad-graveyard's First Strike Damage Step
Phase: Ai(3)-mm-jarad-graveyard's Combat Damage Step
Phase: Ai(3)-mm-jarad-graveyard's End of Combat Step
Phase: Ai(3)-mm-jarad-graveyard's Main phase, postcombat
Mana: Forest (228) - {T}: Add {G}.
Mana: Deathcap Glade (243) - {T}: Add {B} or {G}.
Mana: Swamp (263) - {T}: Add {B}.
Mana: Swamp (269) - {T}: Add {B}.
Add To Stack: Ai(3)-mm-jarad-graveyard cast Jarad, Golgari Lich Lord
Resolve Stack: Jarad, Golgari Lich Lord - Creature 2 / 2
Mana: Bojuka Bog (253) - {T}: Add {B}.
Mana: Sol Ring (218) - {T}: Add {C}{C}.
Add To Stack: Ai(3)-mm-jarad-graveyard cast Buried Alive
Resolve Stack: Buried Alive (219) - Ai(3)-mm-jarad-graveyard searches their library for  up to three creature cards, puts them into their owner's graveyard, then shuffles.
Phase: Ai(3)-mm-jarad-graveyard's End step
Phase: Ai(3)-mm-jarad-graveyard's Cleanup step
Turn: Turn 32 (Ai(4)-mm-muldrotha-value)
Phase: Ai(4)-mm-muldrotha-value's Untap step
Phase: Ai(4)-mm-muldrotha-value's Upkeep step
Phase: Ai(4)-mm-muldrotha-value's Draw step
Phase: Ai(4)-mm-muldrotha-value's Main phase, precombat
Replacement Effect: As Breeding Pool enters, you may pay 2 life. If you don't, it enters tapped.
Land: Ai(4)-mm-muldrotha-value played Breeding Pool (371)
Phase: Ai(4)-mm-muldrotha-value's Beginning of Combat Step
Phase: Ai(4)-mm-muldrotha-value's Declare Attackers Step
Combat: Ai(4)-mm-muldrotha-value assigned Kheru Goldkeeper (375) to attack Ai(1)-mm-sythis-enchantress.
Phase: Ai(4)-mm-muldrotha-value's Declare Blockers Step
Combat: Ai(1)-mm-sythis-enchantress didn't block Kheru Goldkeeper (375).
Phase: Ai(4)-mm-muldrotha-value's First Strike Damage Step
Phase: Ai(4)-mm-muldrotha-value's Combat Damage Step
Damage: Kheru Goldkeeper (375) deals 3 combat damage to Ai(1)-mm-sythis-enchantress.
Life: Life: Ai(1)-mm-sythis-enchantress 27 > 24
Phase: Ai(4)-mm-muldrotha-value's End of Combat Step
Phase: Ai(4)-mm-muldrotha-value's Main phase, postcombat
Mana: Swamp (368) - {T}: Add {B}.
Mana: Forest (345) - {T}: Add {G}.
Mana: Island (338) - {T}: Add {U}.
Add To Stack: Ai(4)-mm-muldrotha-value cast Buried Alive
Resolve Stack: Buried Alive (324) - Ai(4)-mm-muldrotha-value searches their library for  up to three creature cards, puts them into their owner's graveyard, then shuffles.
Add To Stack: Ai(4)-mm-muldrotha-value triggered Sidisi, Brood Tyrant
Resolve Stack: Whenever one or more creature cards are put into your graveyard from your library, create a 2/2 black Zombie creature token. [Amount: 3]
Phase: Ai(4)-mm-muldrotha-value's End step
Phase: Ai(4)-mm-muldrotha-value's Cleanup step
Turn: Turn 33 (Ai(1)-mm-sythis-enchantress)
Phase: Ai(1)-mm-sythis-enchantress' Untap step
Phase: Ai(1)-mm-sythis-enchantress' Upkeep step
Phase: Ai(1)-mm-sythis-enchantress' Draw step
Phase: Ai(1)-mm-sythis-enchantress' Main phase, precombat
Phase: Ai(1)-mm-sythis-enchantress' Beginning of Combat Step
Phase: Ai(1)-mm-sythis-enchantress' Declare Attackers Step
Phase: Ai(1)-mm-sythis-enchantress' Declare Blockers Step
Phase: Ai(1)-mm-sythis-enchantress' First Strike Damage Step
Phase: Ai(1)-mm-sythis-enchantress' Combat Damage Step
Phase: Ai(1)-mm-sythis-enchantress' End of Combat Step
Phase: Ai(1)-mm-sythis-enchantress' Main phase, postcombat
Mana: Temple of Plenty (58) - {T}: Add {G} or {W}.
Mana: Fortified Village (49) - {T}: Add {G} or {W}.
Mana: Plains (87) - {T}: Add {W}.
Mana: Plains (83) - {T}: Add {W}.
Add To Stack: Ai(1)-mm-sythis-enchantress cast Eidolon of Blossoms
Add To Stack: Ai(1)-mm-sythis-enchantress triggered Sythis, Harvest's Hand
Add To Stack: Ai(1)-mm-sythis-enchantress triggered Hallowed Haunting
Resolve Stack: Whenever you cast an enchantment spell, create a white Spirit Cleric creature token with "This token's power and toughness are each equal to the number of Spirits you control." [Card: Eidolon of Blossoms (7), Activator: Ai(1)-mm-sythis-enchantress, SpellAbility: Eidolon of Blossoms - Creature 2 / 2]
Life: Life: Ai(1)-mm-sythis-enchantress 24 > 25
Resolve Stack: Whenever you cast an enchantment spell, you gain 1 life and draw a card. [Card: Eidolon of Blossoms (7), Activator: Ai(1)-mm-sythis-enchantress, SpellAbility: Eidolon of Blossoms - Creature 2 / 2]
Resolve Stack: Eidolon of Blossoms - Creature 2 / 2
Add To Stack: Ai(1)-mm-sythis-enchantress triggered Eidolon of Blossoms
Resolve Stack: Constellation — Whenever Eidolon of Blossoms or another enchantment you control enters, draw a card. [Zone Changer: Eidolon of Blossoms (7)]
Phase: Ai(1)-mm-sythis-enchantress' End step
Phase: Ai(1)-mm-sythis-enchantress' Cleanup step
Turn: Turn 34 (Ai(2)-mm-abaddon)
Phase: Ai(2)-mm-abaddon's Untap step
Phase: Ai(2)-mm-abaddon's Upkeep step
Phase: Ai(2)-mm-abaddon's Draw step
Mana: Island (125) - {T}: Add {U}.
Mana: Mountain (184) - {T}: Add {R}.
Mana: Swamp (151) - {T}: Add {B}.
Mana: Foreboding Ruins (160) - {T}: Add {B} or {R}.
Add To Stack: Ai(2)-mm-abaddon cast Chaos Mutation targeting [Spirit Cleric Token (407), Satyr Wayfinder (221), Kheru Goldkeeper (375)]
Zone Change: Spirit Cleric Token (407) was put into Exile from Battlefield.
Zone Change: Satyr Wayfinder (221) was put into Exile from Battlefield.
Zone Change: Kheru Goldkeeper (375) was put into Exile from Battlefield.
Resolve Stack: Chaos Mutation (146) - Exile Spirit Cleric Token (407), Satyr Wayfinder (221) and Kheru Goldkeeper (375). For each creature exiled this way, its controller reveals cards from the top of their library until they reveal a creature card, puts that card onto the battlefield, then puts the rest on the bottom of their library in a random order. 
Add To Stack: Ai(1)-mm-sythis-enchantress triggered Eidolon of Blossoms
Resolve Stack: Constellation — Whenever Eidolon of Blossoms or another enchantment you control enters, draw a card. [Zone Changer: Dryad of the Ilysian Grove (14)]
Phase: Ai(2)-mm-abaddon's Main phase, precombat
Land: Ai(2)-mm-abaddon played Command Tower (110)
Phase: Ai(2)-mm-abaddon's Beginning of Combat Step
Phase: Ai(2)-mm-abaddon's Declare Attackers Step
Phase: Ai(2)-mm-abaddon's Declare Blockers Step
Phase: Ai(2)-mm-abaddon's First Strike Damage Step
Phase: Ai(2)-mm-abaddon's Combat Damage Step
Phase: Ai(2)-mm-abaddon's End of Combat Step
Phase: Ai(2)-mm-abaddon's Main phase, postcombat
Mana: Crumbling Necropolis (153) - {T}: Add {U}, {B}, or {R}.
Mana: Command Tower (110) - {T}: Add one mana of any color in your commander's color identity.
Add To Stack: Ai(2)-mm-abaddon cast Descent into Avernus
Resolve Stack: Descent into Avernus
Phase: Ai(2)-mm-abaddon's End step
Phase: Ai(2)-mm-abaddon's Cleanup step
Turn: Turn 35 (Ai(3)-mm-jarad-graveyard)
Phase: Ai(3)-mm-jarad-graveyard's Untap step
Phase: Ai(3)-mm-jarad-graveyard's Upkeep step
Phase: Ai(3)-mm-jarad-graveyard's Draw step
Phase: Ai(3)-mm-jarad-graveyard's Main phase, precombat
Land: Ai(3)-mm-jarad-graveyard played Forest (237)
Phase: Ai(3)-mm-jarad-graveyard's Beginning of Combat Step
Phase: Ai(3)-mm-jarad-graveyard's Declare Attackers Step
Combat: Ai(3)-mm-jarad-graveyard assigned Nighthowler (290), Jarad, Golgari Lich Lord (302) and Souls of the Lost (209) to attack Ai(1)-mm-sythis-enchantress.
Phase: Ai(3)-mm-jarad-graveyard's Declare Blockers Step
Combat: Ai(1)-mm-sythis-enchantress assigned Alseid of Life's Bounty (47) to block Nighthowler (290).
Ai(1)-mm-sythis-enchantress didn't block Jarad, Golgari Lich Lord (302).
Ai(1)-mm-sythis-enchantress didn't block Souls of the Lost (209).
Phase: Ai(3)-mm-jarad-graveyard's First Strike Damage Step
Phase: Ai(3)-mm-jarad-graveyard's Combat Damage Step
Damage: Nighthowler (290) deals 10 damage to Alseid of Life's Bounty (47).
Damage: Jarad, Golgari Lich Lord (302) deals 7 combat damage to Ai(1)-mm-sythis-enchantress.
Damage: Souls of the Lost (209) deals 6 combat damage to Ai(1)-mm-sythis-enchantress.
Damage: Alseid of Life's Bounty (47) deals 2 damage to Nighthowler (290).
Life: Life: Ai(1)-mm-sythis-enchantress 25 > 27
Life: Life: Ai(1)-mm-sythis-enchantress 27 > 14
Zone Change: Alseid of Life's Bounty (47) was put into Graveyard from Battlefield.
Phase: Ai(3)-mm-jarad-graveyard's End of Combat Step
Phase: Ai(3)-mm-jarad-graveyard's Main phase, postcombat
Mana: Forest (228) - {T}: Add {G}.
Mana: Forest (237) - {T}: Add {G}.
Mana: Sol Ring (218) - {T}: Add {C}{C}.
Add To Stack: Ai(3)-mm-jarad-graveyard cast Conduit of Worlds
Resolve Stack: Conduit of Worlds
Mana: Swamp (263) - {T}: Add {B}.
Mana: Swamp (269) - {T}: Add {B}.
Add To Stack: Ai(3)-mm-jarad-graveyard cast Ripples of Undeath
Resolve Stack: Ripples of Undeath
Phase: Ai(3)-mm-jarad-graveyard's End step
Mana: Opulent Palace (380) - {T}: Add {B}, {G}, or {U}.
Zone Change: Haywire Mite (334) was put into Graveyard from Battlefield.
Add To Stack: Ai(4)-mm-muldrotha-value activated Haywire Mite targeting [Hallowed Haunting (11)]
Add To Stack: Ai(4)-mm-muldrotha-value triggered Haywire Mite
Life: Life: Ai(4)-mm-muldrotha-value 40 > 42
Resolve Stack: When Haywire Mite dies, you gain 2 life. [Zone Changer: Haywire Mite (334)]
Zone Change: Hallowed Haunting (11) was put into Exile from Battlefield.
Resolve Stack: Haywire Mite (334) - Exile Hallowed Haunting (11).
Phase: Ai(3)-mm-jarad-graveyard's Cleanup step
Turn: Turn 36 (Ai(4)-mm-muldrotha-value)
Phase: Ai(4)-mm-muldrotha-value's Untap step
Phase: Ai(4)-mm-muldrotha-value's Upkeep step
Phase: Ai(4)-mm-muldrotha-value's Draw step
Phase: Ai(4)-mm-muldrotha-value's Main phase, precombat
Mana: Island (338) - {T}: Add {U}.
Add To Stack: Ai(4)-mm-muldrotha-value cast Seal of Removal
Resolve Stack: Seal of Removal
Zone Change: Seal of Removal (373) was put into Graveyard from Battlefield.
Add To Stack: Ai(4)-mm-muldrotha-value activated Seal of Removal targeting [Nalfeshnee (143)]
Resolve Stack: Seal of Removal (373) - Return Nalfeshnee (143) to its owner's hand.
Phase: Ai(4)-mm-muldrotha-value's Beginning of Combat Step
Phase: Ai(4)-mm-muldrotha-value's Declare Attackers Step
Phase: Ai(4)-mm-muldrotha-value's Declare Blockers Step
Phase: Ai(4)-mm-muldrotha-value's First Strike Damage Step
Phase: Ai(4)-mm-muldrotha-value's Combat Damage Step
Phase: Ai(4)-mm-muldrotha-value's End of Combat Step
Phase: Ai(4)-mm-muldrotha-value's Main phase, postcombat
Mana: Forest (345) - {T}: Add {G}.
Mana: Swamp (368) - {T}: Add {B}.
Add To Stack: Ai(4)-mm-muldrotha-value cast Sakura-Tribe Elder
Resolve Stack: Sakura-Tribe Elder - Creature 1 / 1
Zone Change: Sakura-Tribe Elder (387) was put into Graveyard from Battlefield.
Add To Stack: Ai(4)-mm-muldrotha-value activated Sakura-Tribe Elder
Resolve Stack: Sakura-Tribe Elder (387) - Ai(4)-mm-muldrotha-value searches their library for a basic land card, puts it onto the battlefield tapped, then shuffles.
Phase: Ai(4)-mm-muldrotha-value's End step
Mana: Plains (93) - {T}: Add {W}.
Mana: Plains (86) - {T}: Add {G}.
Add To Stack: Ai(1)-mm-sythis-enchantress activated Hall of Heliod's Generosity targeting [Alseid of Life's Bounty (47)]
Resolve Stack: Hall of Heliod's Generosity (10) - Put Alseid of Life's Bounty (47) from the graveyard on top of its owner's library.
Phase: Ai(4)-mm-muldrotha-value's Cleanup step
Turn: Turn 37 (Ai(1)-mm-sythis-enchantress)
Phase: Ai(1)-mm-sythis-enchantress' Untap step
Phase: Ai(1)-mm-sythis-enchantress' Upkeep step
Phase: Ai(1)-mm-sythis-enchantress' Draw step
Phase: Ai(1)-mm-sythis-enchantress' Main phase, precombat
Mana: Plains (87) - {T}: Add {G}.
Mana: Plains (83) - {T}: Add {G}.
Mana: Plains (93) - {T}: Add {G}.
Add To Stack: Ai(1)-mm-sythis-enchantress cast Overgrowth targeting [Temple of Plenty (58)]
Add To Stack: Ai(1)-mm-sythis-enchantress triggered Sythis, Harvest's Hand
Life: Life: Ai(1)-mm-sythis-enchantress 14 > 15
Resolve Stack: Whenever you cast an enchantment spell, you gain 1 life and draw a card. [Card: Overgrowth (60), Activator: Ai(1)-mm-sythis-enchantress, SpellAbility: Overgrowth]
Resolve Stack: Overgrowth (60) -  Attach to Temple of Plenty (58)
Add To Stack: Ai(1)-mm-sythis-enchantress triggered Eidolon of Blossoms
Resolve Stack: Constellation — Whenever Eidolon of Blossoms or another enchantment you control enters, draw a card. [Zone Changer: Overgrowth (60)]
Replacement Effect: Sunpetal Grove enters tapped unless you control a Forest or a Plains.
Land: Ai(1)-mm-sythis-enchantress played Sunpetal Grove (63)
Mana: Plains (86) - {T}: Add {W}.
Add To Stack: Ai(1)-mm-sythis-enchantress cast Alseid of Life's Bounty
Add To Stack: Ai(1)-mm-sythis-enchantress triggered Sythis, Harvest's Hand
Life: Life: Ai(1)-mm-sythis-enchantress 15 > 16
Resolve Stack: Whenever you cast an enchantment spell, you gain 1 life and draw a card. [Card: Alseid of Life's Bounty (47), Activator: Ai(1)-mm-sythis-enchantress, SpellAbility: Alseid of Life's Bounty - Creature 1 / 1]
Resolve Stack: Alseid of Life's Bounty - Creature 1 / 1
Add To Stack: Ai(1)-mm-sythis-enchantress triggered Eidolon of Blossoms
Resolve Stack: Constellation — Whenever Eidolon of Blossoms or another enchantment you control enters, draw a card. [Zone Changer: Alseid of Life's Bounty (47)]
Mana: Fortified Village (49) - {T}: Add {W}.
Mana: Sunpetal Grove (63) - {T}: Add {G}.
Mana: Temple of Plenty (58) - {T}: Add {G}.
Add To Stack: Ai(1)-mm-sythis-enchantress cast Ghostly Prison
Add To Stack: Ai(1)-mm-sythis-enchantress triggered Sythis, Harvest's Hand
Life: Life: Ai(1)-mm-sythis-enchantress 16 > 17
Resolve Stack: Whenever you cast an enchantment spell, you gain 1 life and draw a card. [Card: Ghostly Prison (21), Activator: Ai(1)-mm-sythis-enchantress, SpellAbility: Ghostly Prison]
Resolve Stack: Ghostly Prison
Add To Stack: Ai(1)-mm-sythis-enchantress triggered Eidolon of Blossoms
Resolve Stack: Constellation — Whenever Eidolon of Blossoms or another enchantment you control enters, draw a card. [Zone Changer: Ghostly Prison (21)]
Add To Stack: Ai(1)-mm-sythis-enchantress cast Herald of the Pantheon
Resolve Stack: Herald of the Pantheon - Creature 2 / 2
Mana: Hall of Heliod's Generosity (10) - {T}: Add {G}.
Add To Stack: Ai(1)-mm-sythis-enchantress cast Exploration
Add To Stack: Ai(1)-mm-sythis-enchantress triggered Sythis, Harvest's Hand
Add To Stack: Ai(1)-mm-sythis-enchantress triggered Herald of the Pantheon
Life: Life: Ai(1)-mm-sythis-enchantress 17 > 18
Resolve Stack: Whenever you cast an enchantment spell, you gain 1 life. [Card: Exploration (28), Activator: Ai(1)-mm-sythis-enchantress, SpellAbility: Exploration]
Life: Life: Ai(1)-mm-sythis-enchantress 18 > 19
Resolve Stack: Whenever you cast an enchantment spell, you gain 1 life and draw a card. [Card: Exploration (28), Activator: Ai(1)-mm-sythis-enchantress, SpellAbility: Exploration]
Resolve Stack: Exploration
Add To Stack: Ai(1)-mm-sythis-enchantress triggered Eidolon of Blossoms
Resolve Stack: Constellation — Whenever Eidolon of Blossoms or another enchantment you control enters, draw a card. [Zone Changer: Exploration (28)]
Land: Ai(1)-mm-sythis-enchantress played Forest (38)
Mana: Forest (38) - {T}: Add {G}.
Add To Stack: Ai(1)-mm-sythis-enchantress cast Whip Silk targeting [Dryad of the Ilysian Grove (14)]
Add To Stack: Ai(1)-mm-sythis-enchantress triggered Sythis, Harvest's Hand
Add To Stack: Ai(1)-mm-sythis-enchantress triggered Herald of the Pantheon
Life: Life: Ai(1)-mm-sythis-enchantress 19 > 20
Resolve Stack: Whenever you cast an enchantment spell, you gain 1 life. [Card: Whip Silk (71), Activator: Ai(1)-mm-sythis-enchantress, SpellAbility: Whip Silk]
Life: Life: Ai(1)-mm-sythis-enchantress 20 > 21
Resolve Stack: Whenever you cast an enchantment spell, you gain 1 life and draw a card. [Card: Whip Silk (71), Activator: Ai(1)-mm-sythis-enchantress, SpellAbility: Whip Silk]
Resolve Stack: Whip Silk (71) -  Attach to Dryad of the Ilysian Grove (14)
Add To Stack: Ai(1)-mm-sythis-enchantress triggered Eidolon of Blossoms
Resolve Stack: Constellation — Whenever Eidolon of Blossoms or another enchantment you control enters, draw a card. [Zone Changer: Whip Silk (71)]
Phase: Ai(1)-mm-sythis-enchantress' Beginning of Combat Step
Phase: Ai(1)-mm-sythis-enchantress' Declare Attackers Step
Combat: Ai(1)-mm-sythis-enchantress assigned Spirit Cleric Token (410), Spirit Cleric Token (413), Spirit Cleric Token (423), Spirit Cleric Token (429), Destiny Spinner (27), Eidolon of Blossoms (7), Dryad of the Ilysian Grove (14), Weaver of Harmony (55) and Sythis, Harvest's Hand (100) to attack Ai(3)-mm-jarad-graveyard.
Phase: Ai(1)-mm-sythis-enchantress' Declare Blockers Step
Combat: Ai(3)-mm-jarad-graveyard didn't block Spirit Cleric Token (410).
Ai(3)-mm-jarad-graveyard didn't block Spirit Cleric Token (413).
Ai(3)-mm-jarad-graveyard didn't block Spirit Cleric Token (423).
Ai(3)-mm-jarad-graveyard didn't block Spirit Cleric Token (429).
Ai(3)-mm-jarad-graveyard didn't block Destiny Spinner (27).
Ai(3)-mm-jarad-graveyard didn't block Eidolon of Blossoms (7).
Ai(3)-mm-jarad-graveyard didn't block Dryad of the Ilysian Grove (14).
Ai(3)-mm-jarad-graveyard didn't block Weaver of Harmony (55).
Ai(3)-mm-jarad-graveyard didn't block Sythis, Harvest's Hand (100).
Phase: Ai(1)-mm-sythis-enchantress' First Strike Damage Step
Phase: Ai(1)-mm-sythis-enchantress' Combat Damage Step
Damage: Spirit Cleric Token (410) deals 5 combat damage to Ai(3)-mm-jarad-graveyard.
Damage: Spirit Cleric Token (413) deals 5 combat damage to Ai(3)-mm-jarad-graveyard.
Damage: Spirit Cleric Token (423) deals 5 combat damage to Ai(3)-mm-jarad-graveyard.
Damage: Spirit Cleric Token (429) deals 5 combat damage to Ai(3)-mm-jarad-graveyard.
Damage: Destiny Spinner (27) deals 3 combat damage to Ai(3)-mm-jarad-graveyard.
Damage: Eidolon of Blossoms (7) deals 3 combat damage to Ai(3)-mm-jarad-graveyard.
Damage: Dryad of the Ilysian Grove (14) deals 3 combat damage to Ai(3)-mm-jarad-graveyard.
Damage: Weaver of Harmony (55) deals 2 combat damage to Ai(3)-mm-jarad-graveyard.
Damage: Sythis, Harvest's Hand (100) deals 2 combat damage to Ai(3)-mm-jarad-graveyard.
Life: Life: Ai(3)-mm-jarad-graveyard 39 > 6
Phase: Ai(1)-mm-sythis-enchantress' End of Combat Step
Phase: Ai(1)-mm-sythis-enchantress' Main phase, postcombat
Phase: Ai(1)-mm-sythis-enchantress' End step
Phase: Ai(1)-mm-sythis-enchantress' Cleanup step
Discard: Ai(1)-mm-sythis-enchantress discards Abundant Growth (18).
Discard: Ai(1)-mm-sythis-enchantress discards Rancor (9).
Turn: Turn 38 (Ai(2)-mm-abaddon)
Phase: Ai(2)-mm-abaddon's Untap step
Phase: Ai(2)-mm-abaddon's Upkeep step
Add To Stack: Ai(2)-mm-abaddon triggered Descent into Avernus
Damage: Descent into Avernus (175) deals 2 non-combat damage to Ai(1)-mm-sythis-enchantress.
Damage: Descent into Avernus (175) deals 2 non-combat damage to Ai(2)-mm-abaddon.
Damage: Descent into Avernus (175) deals 2 non-combat damage to Ai(3)-mm-jarad-graveyard.
Damage: Descent into Avernus (175) deals 2 non-combat damage to Ai(4)-mm-muldrotha-value.
Life: Life: Ai(1)-mm-sythis-enchantress 21 > 19
Life: Life: Ai(2)-mm-abaddon 39 > 37
Life: Life: Ai(3)-mm-jarad-graveyard 6 > 4
Life: Life: Ai(4)-mm-muldrotha-value 42 > 40
Resolve Stack: At the beginning of your upkeep, put two descent counters on Descent into Avernus. Then each player creates X Treasure tokens and Descent into Avernus deals X damage to each player, where X is the number of descent counters on Descent into Avernus. [Phase: Ai(2)-mm-abaddon]
Phase: Ai(2)-mm-abaddon's Draw step
Phase: Ai(2)-mm-abaddon's Main phase, precombat
Land: Ai(2)-mm-abaddon played Mountain (187)
Mana: Mountain (184) - {T}: Add {R}.
Add To Stack: Ai(2)-mm-abaddon cast Boltwave
Add To Stack: Ai(2)-mm-abaddon triggered Boltwave
Add To Stack: Ai(2)-mm-abaddon cast Profane Tutor
Resolve Stack: Cascade - Boltwave [Card: Boltwave (169), Activator: Ai(2)-mm-abaddon, SpellAbility: Boltwave deals 3 damage to each opponent.]
Resolve Stack: Profane Tutor (105) - Search your library for a card, put that card into your hand, then shuffle.
Damage: Boltwave (169) deals 3 non-combat damage to Ai(1)-mm-sythis-enchantress.
Damage: Boltwave (169) deals 3 non-combat damage to Ai(3)-mm-jarad-graveyard.
Damage: Boltwave (169) deals 3 non-combat damage to Ai(4)-mm-muldrotha-value.
Life: Life: Ai(1)-mm-sythis-enchantress 19 > 16
Life: Life: Ai(3)-mm-jarad-graveyard 4 > 1
Life: Life: Ai(4)-mm-muldrotha-value 40 > 37
Resolve Stack: Boltwave (169) - Boltwave (169) deals 3 damage to Ai(1)-mm-sythis-enchantress, Ai(3)-mm-jarad-graveyard and Ai(4)-mm-muldrotha-value.
Phase: Ai(2)-mm-abaddon's Beginning of Combat Step
Phase: Ai(2)-mm-abaddon's Declare Attackers Step
Phase: Ai(2)-mm-abaddon's Declare Blockers Step
Phase: Ai(2)-mm-abaddon's First Strike Damage Step
Phase: Ai(2)-mm-abaddon's Combat Damage Step
Phase: Ai(2)-mm-abaddon's End of Combat Step
Phase: Ai(2)-mm-abaddon's Main phase, postcombat
Mana: Mountain (187) - {T}: Add {R}.
Mana: Island (125) - {T}: Add {U}.
Mana: Swamp (151) - {T}: Add {B}.
Mana: Foreboding Ruins (160) - {T}: Add {B} or {R}.
Mana: Crumbling Necropolis (153) - {T}: Add {U}, {B}, or {R}.
Add To Stack: Ai(2)-mm-abaddon cast Bloodthirster
Add To Stack: Ai(2)-mm-abaddon triggered Bloodthirster
Resolve Stack: Cascade - Bloodthirster [Card: Bloodthirster (196), Activator: Ai(2)-mm-abaddon, SpellAbility: Bloodthirster - Creature 6 / 6]
Resolve Stack: Bloodthirster - Creature 6 / 6
Phase: Ai(2)-mm-abaddon's End step
Phase: Ai(2)-mm-abaddon's Cleanup step
Turn: Turn 39 (Ai(3)-mm-jarad-graveyard)
Phase: Ai(3)-mm-jarad-graveyard's Untap step
Phase: Ai(3)-mm-jarad-graveyard's Upkeep step
Phase: Ai(3)-mm-jarad-graveyard's Draw step
Phase: Ai(3)-mm-jarad-graveyard's Main phase, precombat
Add To Stack: Ai(3)-mm-jarad-graveyard triggered Ripples of Undeath
Zone Change: Ai(3)-mm-jarad-graveyard milled Jarad's Orders (244), Honest Rutstein (254) and Stitcher's Supplier (287).
Resolve Stack: At the beginning of your first main phase, mill three cards. Then you may pay {1} and 3 life. If you do, put a card from among those cards into your hand. [Phase: Ai(3)-mm-jarad-graveyard]
Land: Ai(3)-mm-jarad-graveyard played Llanowar Wastes (283)
Phase: Ai(3)-mm-jarad-graveyard's Beginning of Combat Step
Phase: Ai(3)-mm-jarad-graveyard's Declare Attackers Step
Phase: Ai(3)-mm-jarad-graveyard's Declare Blockers Step
Phase: Ai(3)-mm-jarad-graveyard's First Strike Damage Step
Phase: Ai(3)-mm-jarad-graveyard's Combat Damage Step
Phase: Ai(3)-mm-jarad-graveyard's End of Combat Step
Phase: Ai(3)-mm-jarad-graveyard's Main phase, postcombat
Add To Stack: Ai(3)-mm-jarad-graveyard activated Conduit of Worlds targeting [Mortivore (204)]
Mana: Swamp (263) - {T}: Add {B}.
Mana: Swamp (269) - {T}: Add {B}.
Mana: Sol Ring (218) - {T}: Add {C}{C}.
Add To Stack: Ai(3)-mm-jarad-graveyard cast Mortivore
Resolve Stack: Conduit of Worlds (288) - Ai(3)-mm-jarad-graveyard may cast Mortivore (204).  
Resolve Stack: Mortivore - Creature * / *
Phase: Ai(3)-mm-jarad-graveyard's End step
Phase: Ai(3)-mm-jarad-graveyard's Cleanup step
Turn: Turn 40 (Ai(4)-mm-muldrotha-value)
Phase: Ai(4)-mm-muldrotha-value's Untap step
Phase: Ai(4)-mm-muldrotha-value's Upkeep step
Phase: Ai(4)-mm-muldrotha-value's Draw step
Phase: Ai(4)-mm-muldrotha-value's Main phase, precombat
Mana: Forest (345) - {T}: Add {G}.
Mana: Island (338) - {T}: Add {U}.
Add To Stack: Ai(4)-mm-muldrotha-value cast Lightning Greaves
Resolve Stack: Lightning Greaves
Add To Stack: Ai(4)-mm-muldrotha-value activated Lightning Greaves targeting [Sidisi, Brood Tyrant (322)]
Resolve Stack: Lightning Greaves (397) -  Attach to Sidisi, Brood Tyrant (322)
Phase: Ai(4)-mm-muldrotha-value's Beginning of Combat Step
Phase: Ai(4)-mm-muldrotha-value's Declare Attackers Step
Phase: Ai(4)-mm-muldrotha-value's Declare Blockers Step
Phase: Ai(4)-mm-muldrotha-value's First Strike Damage Step
Phase: Ai(4)-mm-muldrotha-value's Combat Damage Step
Phase: Ai(4)-mm-muldrotha-value's End of Combat Step
Phase: Ai(4)-mm-muldrotha-value's Main phase, postcombat
Mana: Breeding Pool (371) - {T}: Add {U}.
Mana: Opulent Palace (380) - {T}: Add {B}, {G}, or {U}.
Mana: Swamp (368) - {T}: Add {B}.
Mana: Swamp (367) - {T}: Add {B}.
Zone Change: Treasure Token (439) was put into Graveyard from Battlefield.
Mana: Treasure Token (439) - {T}, Sacrifice this token: Add one mana of any color.
Zone Change: Treasure Token (438) was put into Graveyard from Battlefield.
Mana: Treasure Token (438) - {T}, Sacrifice this token: Add one mana of any color.
Add To Stack: Ai(4)-mm-muldrotha-value cast Muldrotha, the Gravetide
Resolve Stack: Muldrotha, the Gravetide - Creature 6 / 6
Land: Ai(4)-mm-muldrotha-value played Command Beacon (308)
Mana: Command Beacon (308) - {T}: Add {C}.
Add To Stack: Ai(4)-mm-muldrotha-value cast Haywire Mite
Resolve Stack: Haywire Mite - Creature 1 / 1
Phase: Ai(4)-mm-muldrotha-value's End step
Phase: Ai(4)-mm-muldrotha-value's Cleanup step
Turn: Turn 41 (Ai(1)-mm-sythis-enchantress)
Phase: Ai(1)-mm-sythis-enchantress' Untap step
Phase: Ai(1)-mm-sythis-enchantress' Upkeep step
Phase: Ai(1)-mm-sythis-enchantress' Draw step
Phase: Ai(1)-mm-sythis-enchantress' Main phase, precombat
Mana: Plains (87) - {T}: Add {W}.
Mana: Plains (83) - {T}: Add {G}.
Mana: Plains (93) - {T}: Add {G}.
Mana: Plains (86) - {T}: Add {G}.
Add To Stack: Ai(1)-mm-sythis-enchantress cast Sphere of Safety
Add To Stack: Ai(1)-mm-sythis-enchantress triggered Sythis, Harvest's Hand
Add To Stack: Ai(1)-mm-sythis-enchantress triggered Herald of the Pantheon
Life: Life: Ai(1)-mm-sythis-enchantress 16 > 17
Resolve Stack: Whenever you cast an enchantment spell, you gain 1 life. [Card: Sphere of Safety (26), Activator: Ai(1)-mm-sythis-enchantress, SpellAbility: Sphere of Safety]
Life: Life: Ai(1)-mm-sythis-enchantress 17 > 18
Resolve Stack: Whenever you cast an enchantment spell, you gain 1 life and draw a card. [Card: Sphere of Safety (26), Activator: Ai(1)-mm-sythis-enchantress, SpellAbility: Sphere of Safety]
Resolve Stack: Sphere of Safety
Add To Stack: Ai(1)-mm-sythis-enchantress triggered Eidolon of Blossoms
Resolve Stack: Constellation — Whenever Eidolon of Blossoms or another enchantment you control enters, draw a card. [Zone Changer: Sphere of Safety (26)]
Land: Ai(1)-mm-sythis-enchantress played Forest (43)
Mana: Forest (38) - {T}: Add {W}.
Mana: Forest (43) - {T}: Add {W}.
Mana: Fortified Village (49) - {T}: Add {G}.
Mana: Sunpetal Grove (63) - {T}: Add {G}.
Add To Stack: Ai(1)-mm-sythis-enchantress cast Archon of Sun's Grace
Resolve Stack: Archon of Sun's Grace - Creature 3 / 4
Mana: Temple of Plenty (58) - {T}: Add {G}.
Add To Stack: Ai(1)-mm-sythis-enchantress cast Strength of the Harvest targeting [Archon of Sun's Grace (15)]
Add To Stack: Ai(1)-mm-sythis-enchantress triggered Sythis, Harvest's Hand
Add To Stack: Ai(1)-mm-sythis-enchantress triggered Herald of the Pantheon
Life: Life: Ai(1)-mm-sythis-enchantress 18 > 19
Resolve Stack: Whenever you cast an enchantment spell, you gain 1 life. [Card: Strength of the Harvest (82), Activator: Ai(1)-mm-sythis-enchantress, SpellAbility: Strength of the Harvest]
Life: Life: Ai(1)-mm-sythis-enchantress 19 > 20
Resolve Stack: Whenever you cast an enchantment spell, you gain 1 life and draw a card. [Card: Strength of the Harvest (82), Activator: Ai(1)-mm-sythis-enchantress, SpellAbility: Strength of the Harvest]
Resolve Stack: Strength of the Harvest (82) -  Attach to Archon of Sun's Grace (15)
Add To Stack: Ai(1)-mm-sythis-enchantress triggered Eidolon of Blossoms
Add To Stack: Ai(1)-mm-sythis-enchantress triggered Archon of Sun's Grace
Resolve Stack: Constellation — Whenever an enchantment you control enters, create a 2/2 white Pegasus creature token with flying. [Zone Changer: Strength of the Harvest (82)]
Resolve Stack: Constellation — Whenever Eidolon of Blossoms or another enchantment you control enters, draw a card. [Zone Changer: Strength of the Harvest (82)]
Land: Ai(1)-mm-sythis-enchantress played Forest (36)
Mana: Forest (36) - {T}: Add {G}.
Mana: Hall of Heliod's Generosity (10) - {T}: Add {C}.
Add To Stack: Ai(1)-mm-sythis-enchantress cast Verduran Enchantress
Resolve Stack: Verduran Enchantress - Creature 0 / 2
Zone Change: Treasure Token (441) was put into Graveyard from Battlefield.
Mana: Treasure Token (441) - {T}, Sacrifice this token: Add one mana of any color.
Add To Stack: Ai(1)-mm-sythis-enchantress cast Seal of Cleansing
Add To Stack: Ai(1)-mm-sythis-enchantress triggered Sythis, Harvest's Hand
Add To Stack: Ai(1)-mm-sythis-enchantress triggered Herald of the Pantheon
Add To Stack: Ai(1)-mm-sythis-enchantress triggered Verduran Enchantress
Resolve Stack: Whenever you cast an enchantment spell, you may draw a card. [Card: Seal of Cleansing (3), Activator: Ai(1)-mm-sythis-enchantress, SpellAbility: Seal of Cleansing]
Life: Life: Ai(1)-mm-sythis-enchantress 20 > 21
Resolve Stack: Whenever you cast an enchantment spell, you gain 1 life. [Card: Seal of Cleansing (3), Activator: Ai(1)-mm-sythis-enchantress, SpellAbility: Seal of Cleansing]
Life: Life: Ai(1)-mm-sythis-enchantress 21 > 22
Resolve Stack: Whenever you cast an enchantment spell, you gain 1 life and draw a card. [Card: Seal of Cleansing (3), Activator: Ai(1)-mm-sythis-enchantress, SpellAbility: Seal of Cleansing]
Resolve Stack: Seal of Cleansing
Add To Stack: Ai(1)-mm-sythis-enchantress triggered Eidolon of Blossoms
Add To Stack: Ai(1)-mm-sythis-enchantress triggered Archon of Sun's Grace
Resolve Stack: Constellation — Whenever an enchantment you control enters, create a 2/2 white Pegasus creature token with flying. [Zone Changer: Seal of Cleansing (3)]
Resolve Stack: Constellation — Whenever Eidolon of Blossoms or another enchantment you control enters, draw a card. [Zone Changer: Seal of Cleansing (3)]
Land: Ai(1)-mm-sythis-enchantress played Plains (89)
Zone Change: Seal of Cleansing (3) was put into Graveyard from Battlefield.
Add To Stack: Ai(1)-mm-sythis-enchantress activated Seal of Cleansing targeting [Nighthowler (290)]
Zone Change: Nighthowler (290) was put into Graveyard from Battlefield.
Resolve Stack: Seal of Cleansing (3) - Destroy Nighthowler (290).
Mana: Plains (89) - {T}: Add {W}.
Zone Change: Treasure Token (440) was put into Graveyard from Battlefield.
Mana: Treasure Token (440) - {T}, Sacrifice this token: Add one mana of any color.
Add To Stack: Ai(1)-mm-sythis-enchantress cast Calix, Guided by Fate
Add To Stack: Ai(1)-mm-sythis-enchantress triggered Sythis, Harvest's Hand
Add To Stack: Ai(1)-mm-sythis-enchantress triggered Herald of the Pantheon
Add To Stack: Ai(1)-mm-sythis-enchantress triggered Verduran Enchantress
Resolve Stack: Whenever you cast an enchantment spell, you may draw a card. [Card: Calix, Guided by Fate (30), Activator: Ai(1)-mm-sythis-enchantress, SpellAbility: Calix, Guided by Fate - Creature 2 / 2]
Life: Life: Ai(1)-mm-sythis-enchantress 22 > 23
Resolve Stack: Whenever you cast an enchantment spell, you gain 1 life. [Card: Calix, Guided by Fate (30), Activator: Ai(1)-mm-sythis-enchantress, SpellAbility: Calix, Guided by Fate - Creature 2 / 2]
Life: Life: Ai(1)-mm-sythis-enchantress 23 > 24
Resolve Stack: Whenever you cast an enchantment spell, you gain 1 life and draw a card. [Card: Calix, Guided by Fate (30), Activator: Ai(1)-mm-sythis-enchantress, SpellAbility: Calix, Guided by Fate - Creature 2 / 2]
Resolve Stack: Calix, Guided by Fate - Creature 2 / 2
Add To Stack: Ai(1)-mm-sythis-enchantress triggered Eidolon of Blossoms
Add To Stack: Ai(1)-mm-sythis-enchantress triggered Calix, Guided by Fate targeting [Archon of Sun's Grace (15)]
Add To Stack: Ai(1)-mm-sythis-enchantress triggered Archon of Sun's Grace
Resolve Stack: Constellation — Whenever an enchantment you control enters, create a 2/2 white Pegasus creature token with flying. [Zone Changer: Calix, Guided by Fate (30)]
Resolve Stack: Constellation — Whenever Calix, Guided by Fate or another enchantment you control enters, put a +1/+1 counter on target creature. (Targeting: [[Archon of Sun's Grace (15)]]) [Zone Changer: Calix, Guided by Fate (30)]
Resolve Stack: Constellation — Whenever Eidolon of Blossoms or another enchantment you control enters, draw a card. [Zone Changer: Calix, Guided by Fate (30)]
Phase: Ai(1)-mm-sythis-enchantress' Beginning of Combat Step
Phase: Ai(1)-mm-sythis-enchantress' Declare Attackers Step
Combat: Ai(1)-mm-sythis-enchantress assigned Spirit Cleric Token (410), Spirit Cleric Token (413), Spirit Cleric Token (423), Spirit Cleric Token (429), Destiny Spinner (27), Eidolon of Blossoms (7), Dryad of the Ilysian Grove (14), Weaver of Harmony (55), Sythis, Harvest's Hand (100), Alseid of Life's Bounty (47) and Herald of the Pantheon (77) to attack Ai(3)-mm-jarad-graveyard.
Phase: Ai(1)-mm-sythis-enchantress' Declare Blockers Step
Combat: Ai(3)-mm-jarad-graveyard assigned Souls of the Lost (209) to block Spirit Cleric Token (410).
Ai(3)-mm-jarad-graveyard assigned Jarad, Golgari Lich Lord (302) to block Spirit Cleric Token (413).
Ai(3)-mm-jarad-graveyard assigned Mortivore (204) to block Spirit Cleric Token (423).
Ai(3)-mm-jarad-graveyard didn't block Spirit Cleric Token (429).
Ai(3)-mm-jarad-graveyard didn't block Destiny Spinner (27).
Ai(3)-mm-jarad-graveyard didn't block Eidolon of Blossoms (7).
Ai(3)-mm-jarad-graveyard didn't block Dryad of the Ilysian Grove (14).
Ai(3)-mm-jarad-graveyard didn't block Weaver of Harmony (55).
Ai(3)-mm-jarad-graveyard didn't block Sythis, Harvest's Hand (100).
Ai(3)-mm-jarad-graveyard didn't block Alseid of Life's Bounty (47).
Ai(3)-mm-jarad-graveyard didn't block Herald of the Pantheon (77).
Phase: Ai(1)-mm-sythis-enchantress' First Strike Damage Step
Phase: Ai(1)-mm-sythis-enchantress' Combat Damage Step
Damage: Spirit Cleric Token (410) deals 5 damage to Souls of the Lost (209).
Damage: Spirit Cleric Token (413) deals 5 damage to Jarad, Golgari Lich Lord (302).
Damage: Spirit Cleric Token (423) deals 5 damage to Mortivore (204).
Damage: Spirit Cleric Token (429) deals 5 combat damage to Ai(3)-mm-jarad-graveyard.
Damage: Destiny Spinner (27) deals 3 combat damage to Ai(3)-mm-jarad-graveyard.
Damage: Eidolon of Blossoms (7) deals 3 combat damage to Ai(3)-mm-jarad-graveyard.
Damage: Dryad of the Ilysian Grove (14) deals 3 combat damage to Ai(3)-mm-jarad-graveyard.
Damage: Weaver of Harmony (55) deals 2 combat damage to Ai(3)-mm-jarad-graveyard.
Damage: Sythis, Harvest's Hand (100) deals 2 combat damage to Ai(3)-mm-jarad-graveyard.
Damage: Alseid of Life's Bounty (47) deals 2 combat damage to Ai(3)-mm-jarad-graveyard.
Life: Life: Ai(1)-mm-sythis-enchantress 24 > 26
Damage: Herald of the Pantheon (77) deals 2 combat damage to Ai(3)-mm-jarad-graveyard.
Damage: Souls of the Lost (209) deals 7 damage to Spirit Cleric Token (410).
Damage: Jarad, Golgari Lich Lord (302) deals 9 damage to Spirit Cleric Token (413).
Damage: Mortivore (204) deals 13 damage to Spirit Cleric Token (423).
Life: Life: Ai(3)-mm-jarad-graveyard 1 > -21
Zone Change: Spirit Cleric Token (410) was put into Graveyard from Battlefield.
Zone Change: Spirit Cleric Token (413) was put into Graveyard from Battlefield.
Zone Change: Spirit Cleric Token (423) was put into Graveyard from Battlefield.
Add To Stack: Ai(1)-mm-sythis-enchantress triggered Calix, Guided by Fate
Resolve Stack: Whenever Calix or an enchanted creature you control deals combat damage to a player, you may create a token that's a copy of a nonlegendary enchantment you control. Do this only once each turn. [Damage Source: Dryad of the Ilysian Grove (14), Damaged: Ai(3)-mm-jarad-graveyard, Amount: 3]
Add To Stack: Ai(1)-mm-sythis-enchantress triggered Eidolon of Blossoms
Add To Stack: Ai(1)-mm-sythis-enchantress triggered Calix, Guided by Fate targeting [Archon of Sun's Grace (15)]
Add To Stack: Ai(1)-mm-sythis-enchantress triggered Archon of Sun's Grace
Resolve Stack: Constellation — Whenever an enchantment you control enters, create a 2/2 white Pegasus creature token with flying. [Zone Changer: Sphere of Safety (453)]
Resolve Stack: Constellation — Whenever Calix, Guided by Fate or another enchantment you control enters, put a +1/+1 counter on target creature. (Targeting: [[Archon of Sun's Grace (15)]]) [Zone Changer: Sphere of Safety (453)]
Resolve Stack: Constellation — Whenever Eidolon of Blossoms or another enchantment you control enters, draw a card. [Zone Changer: Sphere of Safety (453)]
Phase: Ai(1)-mm-sythis-enchantress' End of Combat Step
Phase: Ai(1)-mm-sythis-enchantress' Main phase, postcombat
Phase: Ai(1)-mm-sythis-enchantress' End step
Phase: Ai(1)-mm-sythis-enchantress' Cleanup step
Discard: Ai(1)-mm-sythis-enchantress discards Plains (88).
Discard: Ai(1)-mm-sythis-enchantress discards Ethereal Armor (70).
Discard: Ai(1)-mm-sythis-enchantress discards Wild Growth (12).
Turn: Turn 42 (Ai(2)-mm-abaddon)
Phase: Ai(2)-mm-abaddon's Untap step
Phase: Ai(2)-mm-abaddon's Upkeep step
Add To Stack: Ai(2)-mm-abaddon triggered Descent into Avernus
Damage: Descent into Avernus (175) deals 4 non-combat damage to Ai(1)-mm-sythis-enchantress.
Damage: Descent into Avernus (175) deals 4 non-combat damage to Ai(2)-mm-abaddon.
Damage: Descent into Avernus (175) deals 4 non-combat damage to Ai(4)-mm-muldrotha-value.
Life: Life: Ai(1)-mm-sythis-enchantress 26 > 22
Life: Life: Ai(2)-mm-abaddon 37 > 33
Life: Life: Ai(4)-mm-muldrotha-value 37 > 33
Resolve Stack: At the beginning of your upkeep, put two descent counters on Descent into Avernus. Then each player creates X Treasure tokens and Descent into Avernus deals X damage to each player, where X is the number of descent counters on Descent into Avernus. [Phase: Ai(2)-mm-abaddon]
Phase: Ai(2)-mm-abaddon's Draw step
Phase: Ai(2)-mm-abaddon's Main phase, precombat
Land: Ai(2)-mm-abaddon played Bloodstained Mire (152)
Life: Life: Ai(2)-mm-abaddon 33 > 32
Zone Change: Bloodstained Mire (152) was put into Graveyard from Battlefield.
Add To Stack: Ai(2)-mm-abaddon activated Bloodstained Mire
Replacement Effect: As Steam Vents enters, you may pay 2 life. If you don't, it enters tapped.
Resolve Stack: Bloodstained Mire (152) - Ai(2)-mm-abaddon searches their library for a Swamp or Mountain card, puts it onto the battlefield, then shuffles.
Mana: Mountain (184) - {T}: Add {R}.
Mana: Island (125) - {T}: Add {U}.
Mana: Swamp (151) - {T}: Add {B}.
Mana: Mountain (187) - {T}: Add {R}.
Mana: Foreboding Ruins (160) - {T}: Add {B} or {R}.
Add To Stack: Ai(2)-mm-abaddon cast Let the Galaxy Burn
Add To Stack: Ai(2)-mm-abaddon triggered Let the Galaxy Burn
Add To Stack: Ai(2)-mm-abaddon triggered Let the Galaxy Burn
Zone Change: Treasure Token (467) was put into Graveyard from Battlefield.
Mana: Treasure Token (467) - {T}, Sacrifice this token: Add one mana of any color.
Zone Change: Haywire Mite (334) was put into Graveyard from Battlefield.
Add To Stack: Ai(4)-mm-muldrotha-value activated Haywire Mite targeting [Sphere of Safety (453)]
Add To Stack: Ai(4)-mm-muldrotha-value triggered Haywire Mite
Life: Life: Ai(4)-mm-muldrotha-value 33 > 35
Resolve Stack: When Haywire Mite dies, you gain 2 life. [Zone Changer: Haywire Mite (334)]
Zone Change: Sphere of Safety (453) was put into Exile from Battlefield.
Resolve Stack: Haywire Mite (334) - Exile Sphere of Safety (453).
Add To Stack: Ai(2)-mm-abaddon cast Arcane Signet
Resolve Stack: Cascade - Let the Galaxy Burn [Card: Let the Galaxy Burn (192), Activator: Ai(2)-mm-abaddon, SpellAbility: Let the Galaxy Burn deals X plus 2 damage to each creature that didn't enter this turn.]
Resolve Stack: Arcane Signet
Add To Stack: Ai(2)-mm-abaddon cast Lightning Greaves
Resolve Stack: Cascade - Let the Galaxy Burn [Card: Let the Galaxy Burn (192), Activator: Ai(2)-mm-abaddon, SpellAbility: Let the Galaxy Burn deals X plus 2 damage to each creature that didn't enter this turn.]
Resolve Stack: Lightning Greaves
Zone Change: Treasure Token (471) was put into Graveyard from Battlefield.
Mana: Treasure Token (471) - {T}, Sacrifice this token: Add one mana of any color.
Zone Change: Alseid of Life's Bounty (47) was put into Graveyard from Battlefield.
Add To Stack: Ai(1)-mm-sythis-enchantress activated Alseid of Life's Bounty targeting [Pegasus Token (445)]
Resolve Stack: Alseid of Life's Bounty (47) - Pegasus Token (445) gains protection from your choice of white, blue, black, red, or green until end of turn.
Replacement Effect: Protection from red
Damage: Let the Galaxy Burn (192) deals 2 damage to Weaver of Harmony (55).
Damage: Let the Galaxy Burn (192) deals 2 damage to Sythis, Harvest's Hand (100).
Damage: Let the Galaxy Burn (192) deals 2 damage to Destiny Spinner (27).
Damage: Let the Galaxy Burn (192) deals 2 damage to Spirit Cleric Token (429).
Damage: Let the Galaxy Burn (192) deals 2 damage to Eidolon of Blossoms (7).
Damage: Let the Galaxy Burn (192) deals 2 damage to Dryad of the Ilysian Grove (14).
Damage: Let the Galaxy Burn (192) deals 2 damage to Herald of the Pantheon (77).
Damage: Let the Galaxy Burn (192) deals 2 damage to Archon of Sun's Grace (15).
Damage: Let the Galaxy Burn (192) deals 2 damage to Verduran Enchantress (23).
Damage: Let the Galaxy Burn (192) deals 2 damage to Pegasus Token (448).
Damage: Let the Galaxy Burn (192) deals 2 damage to Calix, Guided by Fate (30).
Damage: Let the Galaxy Burn (192) deals 2 damage to Pegasus Token (451).
Damage: Let the Galaxy Burn (192) deals 2 damage to Pegasus Token (456).
Damage: Let the Galaxy Burn (192) deals 2 damage to Nightscape Familiar (120).
Damage: Let the Galaxy Burn (192) deals 2 damage to Poxwalkers (162).
Damage: Let the Galaxy Burn (192) deals 2 damage to Abaddon the Despoiler (201).
Damage: Let the Galaxy Burn (192) deals 2 damage to Bloodthirster (196).
Damage: Let the Galaxy Burn (192) deals 2 damage to Sidisi, Brood Tyrant (322).
Damage: Let the Galaxy Burn (192) deals 2 damage to Eternal Witness (309).
Damage: Let the Galaxy Burn (192) deals 2 damage to Accursed Marauder (374).
Damage: Let the Galaxy Burn (192) deals 2 damage to Zombie Token (420).
Damage: Let the Galaxy Burn (192) deals 2 damage to Zombie Token (426).
Damage: Let the Galaxy Burn (192) deals 2 damage to Muldrotha, the Gravetide (403).
Resolve Stack: Let the Galaxy Burn (192) - Deals 2 damage to Creature.!ThisTurnEntered. (X=0)
Zone Change: Nightscape Familiar (120) was put into Graveyard from Battlefield.
Zone Change: Poxwalkers (162) was put into Graveyard from Battlefield.
Zone Change: Eternal Witness (309) was put into Graveyard from Battlefield.
Zone Change: Accursed Marauder (374) was put into Graveyard from Battlefield.
Zone Change: Zombie Token (420) was put into Graveyard from Battlefield.
Zone Change: Zombie Token (426) was put into Graveyard from Battlefield.
Zone Change: Weaver of Harmony (55) was put into Graveyard from Battlefield.
Zone Change: Spirit Cleric Token (429) was put into Graveyard from Battlefield.
Zone Change: Herald of the Pantheon (77) was put into Graveyard from Battlefield.
Zone Change: Verduran Enchantress (23) was put into Graveyard from Battlefield.
Zone Change: Pegasus Token (448) was put into Graveyard from Battlefield.
Zone Change: Pegasus Token (451) was put into Graveyard from Battlefield.
Zone Change: Pegasus Token (456) was put into Graveyard from Battlefield.
Zone Change: Sythis, Harvest's Hand (100) was put into Graveyard from Battlefield.
Zone Change: Eidolon of Blossoms (7) was put into Graveyard from Battlefield.
Zone Change: Calix, Guided by Fate (30) was put into Graveyard from Battlefield.
Add To Stack: Ai(2)-mm-abaddon activated Lightning Greaves targeting [Bloodthirster (196)]
Resolve Stack: Lightning Greaves (194) -  Attach to Bloodthirster (196)
Phase: Ai(2)-mm-abaddon's Beginning of Combat Step
Phase: Ai(2)-mm-abaddon's Declare Attackers Step
Phase: Ai(2)-mm-abaddon's Declare Blockers Step
Phase: Ai(2)-mm-abaddon's First Strike Damage Step
Phase: Ai(2)-mm-abaddon's Combat Damage Step
Phase: Ai(2)-mm-abaddon's End of Combat Step
Phase: Ai(2)-mm-abaddon's Main phase, postcombat
Mana: Crumbling Necropolis (153) - {T}: Add {U}, {B}, or {R}.
Mana: Command Tower (110) - {T}: Add one mana of any color in your commander's color identity.
Mana: Arcane Signet (195) - {T}: Add one mana of any color in your commander's color identity.
Zone Change: Treasure Token (463) was put into Graveyard from Battlefield.
Mana: Treasure Token (463) - {T}, Sacrifice this token: Add one mana of any color.
Zone Change: Treasure Token (462) was put into Graveyard from Battlefield.
Mana: Treasure Token (462) - {T}, Sacrifice this token: Add one mana of any color.
Zone Change: Treasure Token (461) was put into Graveyard from Battlefield.
Mana: Treasure Token (461) - {T}, Sacrifice this token: Add one mana of any color.
Zone Change: Treasure Token (460) was put into Graveyard from Battlefield.
Mana: Treasure Token (460) - {T}, Sacrifice this token: Add one mana of any color.
Zone Change: Treasure Token (435) was put into Graveyard from Battlefield.
Mana: Treasure Token (435) - {T}, Sacrifice this token: Add one mana of any color.
Add To Stack: Ai(2)-mm-abaddon cast Call Forth the Tempest
Add To Stack: Ai(2)-mm-abaddon triggered Call Forth the Tempest
Add To Stack: Ai(2)-mm-abaddon triggered Call Forth the Tempest
Add To Stack: Ai(2)-mm-abaddon triggered Call Forth the Tempest
Add To Stack: Ai(2)-mm-abaddon cast Chaos Warp targeting [Archon of Sun's Grace (15)]
Resolve Stack: Cascade - Call Forth the Tempest [Card: Call Forth the Tempest (197), Activator: Ai(2)-mm-abaddon, SpellAbility: Call Forth the Tempest deals damage to each creature your opponents control equal to the total mana value of other spells you've cast this turn.]
Add To Stack: Ai(2)-mm-abaddon triggered Poxwalkers
Resolve Stack: Curse of the Walking Pox — Whenever you cast a spell from anywhere other than your hand, return Poxwalkers from your graveyard to the battlefield tapped. [Card: Chaos Warp (171), Activator: Ai(2)-mm-abaddon, SpellAbility: The owner of target permanent shuffles it into their library, then reveals the top card of their library. If it's a permanent card, they put it onto the battlefield. (without paying its mana cost) ]
Resolve Stack: Chaos Warp (171) - Shuffle Archon of Sun's Grace (15) into its owner's library. Ai(2)-mm-abaddon reveals the top card of Ai(1)-mm-sythis-enchantress' library.
Zone Change: Strength of the Harvest (82) was put into Graveyard from Battlefield.
Add To Stack: Ai(2)-mm-abaddon cast Fellwar Stone
Resolve Stack: Cascade - Call Forth the Tempest [Card: Call Forth the Tempest (197), Activator: Ai(2)-mm-abaddon, SpellAbility: Call Forth the Tempest deals damage to each creature your opponents control equal to the total mana value of other spells you've cast this turn.]
Resolve Stack: Fellwar Stone
Add To Stack: Ai(2)-mm-abaddon cast Geyadrone Dihada
Resolve Stack: Cascade - Call Forth the Tempest [Card: Call Forth the Tempest (197), Activator: Ai(2)-mm-abaddon, SpellAbility: Call Forth the Tempest deals damage to each creature your opponents control equal to the total mana value of other spells you've cast this turn.]
Replacement Effect: Geyadrone Dihada enters with four loyalty counters on it.
Resolve Stack: Geyadrone Dihada
Replacement Effect: Protection from red
Damage: Call Forth the Tempest (197) deals 19 damage to Destiny Spinner (27).
Damage: Call Forth the Tempest (197) deals 19 damage to Dryad of the Ilysian Grove (14).
Damage: Call Forth the Tempest (197) deals 19 damage to Sidisi, Brood Tyrant (322).
Damage: Call Forth the Tempest (197) deals 19 damage to Muldrotha, the Gravetide (403).
Resolve Stack: Call Forth the Tempest (197) - Deals 19 damage to each creature your opponents control.
Zone Change: Sidisi, Brood Tyrant (322) was put into Graveyard from Battlefield.
Zone Change: Muldrotha, the Gravetide (403) was put into Graveyard from Battlefield.
Zone Change: Destiny Spinner (27) was put into Graveyard from Battlefield.
Zone Change: Dryad of the Ilysian Grove (14) was put into Graveyard from Battlefield.
Zone Change: Whip Silk (71) was put into Graveyard from Battlefield.
Phase: Ai(2)-mm-abaddon's End step
Phase: Ai(2)-mm-abaddon's Cleanup step
Turn: Turn 43 (Ai(4)-mm-muldrotha-value)
Phase: Ai(4)-mm-muldrotha-value's Untap step
Phase: Ai(4)-mm-muldrotha-value's Upkeep step
Phase: Ai(4)-mm-muldrotha-value's Draw step
Phase: Ai(4)-mm-muldrotha-value's Main phase, precombat
Mana: Island (338) - {T}: Add {U}.
Mana: Swamp (368) - {T}: Add {B}.
Mana: Forest (345) - {T}: Add {G}.
Mana: Swamp (367) - {T}: Add {B}.
Mana: Breeding Pool (371) - {T}: Add {G}.
Mana: Opulent Palace (380) - {T}: Add {B}, {G}, or {U}.
Mana: Command Beacon (308) - {T}: Add {C}.
Zone Change: Treasure Token (466) was put into Graveyard from Battlefield.
Mana: Treasure Token (466) - {T}, Sacrifice this token: Add one mana of any color.
Add To Stack: Ai(4)-mm-muldrotha-value cast Muldrotha, the Gravetide
Resolve Stack: Muldrotha, the Gravetide - Creature 6 / 6
Replacement Effect: Undergrowth Stadium enters tapped unless you have two or more opponents.
Land: Ai(4)-mm-muldrotha-value played Undergrowth Stadium (395)
Add To Stack: Ai(4)-mm-muldrotha-value activated Lightning Greaves targeting [Muldrotha, the Gravetide (403)]
Resolve Stack: Lightning Greaves (397) -  Attach to Muldrotha, the Gravetide (403)
Zone Change: Treasure Token (465) was put into Graveyard from Battlefield.
Mana: Treasure Token (465) - {T}, Sacrifice this token: Add one mana of any color.
Add To Stack: Ai(4)-mm-muldrotha-value cast Seal of Removal
Resolve Stack: Seal of Removal
Zone Change: Seal of Removal (373) was put into Graveyard from Battlefield.
Add To Stack: Ai(4)-mm-muldrotha-value activated Seal of Removal targeting [Pegasus Token (445)]
Resolve Stack: Seal of Removal (373) - Return Pegasus Token (445) to its owner's hand.
Phase: Ai(4)-mm-muldrotha-value's Beginning of Combat Step
Phase: Ai(4)-mm-muldrotha-value's Declare Attackers Step
Phase: Ai(4)-mm-muldrotha-value's Declare Blockers Step
Phase: Ai(4)-mm-muldrotha-value's First Strike Damage Step
Phase: Ai(4)-mm-muldrotha-value's Combat Damage Step
Phase: Ai(4)-mm-muldrotha-value's End of Combat Step
Phase: Ai(4)-mm-muldrotha-value's Main phase, postcombat
Mana: Undergrowth Stadium (395) - {T}: Add {B} or {G}.
Zone Change: Treasure Token (464) was put into Graveyard from Battlefield.
Mana: Treasure Token (464) - {T}, Sacrifice this token: Add one mana of any color.
Add To Stack: Ai(4)-mm-muldrotha-value cast Sakura-Tribe Elder
Resolve Stack: Sakura-Tribe Elder - Creature 1 / 1
Zone Change: Sakura-Tribe Elder (387) was put into Graveyard from Battlefield.
Add To Stack: Ai(4)-mm-muldrotha-value activated Sakura-Tribe Elder
Resolve Stack: Sakura-Tribe Elder (387) - Ai(4)-mm-muldrotha-value searches their library for a basic land card, puts it onto the battlefield tapped, then shuffles.
Phase: Ai(4)-mm-muldrotha-value's End step
Phase: Ai(4)-mm-muldrotha-value's Cleanup step
Turn: Turn 44 (Ai(1)-mm-sythis-enchantress)
Phase: Ai(1)-mm-sythis-enchantress' Untap step
Phase: Ai(1)-mm-sythis-enchantress' Upkeep step
Phase: Ai(1)-mm-sythis-enchantress' Draw step
Phase: Ai(1)-mm-sythis-enchantress' Main phase, precombat
Land: Ai(1)-mm-sythis-enchantress played Branchloft Pathway (76)
Phase: Ai(1)-mm-sythis-enchantress' Beginning of Combat Step
Phase: Ai(1)-mm-sythis-enchantress' Declare Attackers Step
Phase: Ai(1)-mm-sythis-enchantress' Declare Blockers Step
Phase: Ai(1)-mm-sythis-enchantress' First Strike Damage Step
Phase: Ai(1)-mm-sythis-enchantress' Combat Damage Step
Phase: Ai(1)-mm-sythis-enchantress' End of Combat Step
Phase: Ai(1)-mm-sythis-enchantress' Main phase, postcombat
Mana: Plains (87) - {T}: Add {W}.
Mana: Forest (38) - {T}: Add {G}.
Mana: Forest (43) - {T}: Add {G}.
Mana: Forest (36) - {T}: Add {G}.
Add To Stack: Ai(1)-mm-sythis-enchantress cast Smothering Tithe
Add To Stack: Ai(1)-mm-sythis-enchantress triggered Sigil of the Empty Throne
Resolve Stack: Whenever you cast an enchantment spell, create a 4/4 white Angel creature token with flying. [Card: Smothering Tithe (16), Activator: Ai(1)-mm-sythis-enchantress, SpellAbility: Smothering Tithe]
Resolve Stack: Smothering Tithe
Mana: Branchloft Pathway (76) - {T}: Add {G}.
Mana: Plains (83) - {T}: Add {W}.
Add To Stack: Ai(1)-mm-sythis-enchantress cast Argothian Enchantress
Resolve Stack: Argothian Enchantress - Creature 0 / 1
Mana: Fortified Village (49) - {T}: Add {G} or {W}.
Mana: Plains (93) - {T}: Add {W}.
Mana: Plains (86) - {T}: Add {W}.
Mana: Plains (89) - {T}: Add {W}.
Add To Stack: Ai(1)-mm-sythis-enchantress cast Sythis, Harvest's Hand
Add To Stack: Ai(1)-mm-sythis-enchantress triggered Argothian Enchantress
Add To Stack: Ai(1)-mm-sythis-enchantress triggered Sigil of the Empty Throne
Resolve Stack: Whenever you cast an enchantment spell, create a 4/4 white Angel creature token with flying. [Card: Sythis, Harvest's Hand (100), Activator: Ai(1)-mm-sythis-enchantress, SpellAbility: Sythis, Harvest's Hand - Creature 1 / 2]
Resolve Stack: Whenever you cast an enchantment spell, draw a card. [Card: Sythis, Harvest's Hand (100), Activator: Ai(1)-mm-sythis-enchantress, SpellAbility: Sythis, Harvest's Hand - Creature 1 / 2]
Resolve Stack: Sythis, Harvest's Hand - Creature 1 / 2
Land: Ai(1)-mm-sythis-enchantress played Forest (40)
Mana: Forest (40) - {T}: Add {G}.
Mana: Sunpetal Grove (63) - {T}: Add {G} or {W}.
Add To Stack: Ai(1)-mm-sythis-enchantress cast Arcane Signet
Resolve Stack: Arcane Signet
Phase: Ai(1)-mm-sythis-enchantress' End step
Phase: Ai(1)-mm-sythis-enchantress' Cleanup step
Turn: Turn 45 (Ai(2)-mm-abaddon)
Phase: Ai(2)-mm-abaddon's Untap step
Phase: Ai(2)-mm-abaddon's Upkeep step
Add To Stack: Ai(2)-mm-abaddon triggered Descent into Avernus
Damage: Descent into Avernus (175) deals 6 non-combat damage to Ai(1)-mm-sythis-enchantress.
Damage: Descent into Avernus (175) deals 6 non-combat damage to Ai(2)-mm-abaddon.
Damage: Descent into Avernus (175) deals 6 non-combat damage to Ai(4)-mm-muldrotha-value.
Life: Life: Ai(1)-mm-sythis-enchantress 22 > 16
Life: Life: Ai(2)-mm-abaddon 32 > 26
Life: Life: Ai(4)-mm-muldrotha-value 35 > 29
Resolve Stack: At the beginning of your upkeep, put two descent counters on Descent into Avernus. Then each player creates X Treasure tokens and Descent into Avernus deals X damage to each player, where X is the number of descent counters on Descent into Avernus. [Phase: Ai(2)-mm-abaddon]
Phase: Ai(2)-mm-abaddon's Draw step
Add To Stack: Ai(1)-mm-sythis-enchantress triggered Smothering Tithe
Resolve Stack: Whenever an opponent draws a card, that player may pay {2}. If the player doesn't, you create a Treasure token. (It's an artifact with "{T}, Sacrifice this token: Add one mana of any color.") [Player: Ai(2)-mm-abaddon]
Phase: Ai(2)-mm-abaddon's Main phase, precombat
Add To Stack: Ai(2)-mm-abaddon activated Geyadrone Dihada targeting [Angel Token (474)]
Resolve Stack: Geyadrone Dihada (131) - Ai(2)-mm-abaddon gains control of Angel Token (474) until end of turn. Untap it. It gains haste until end of turn. Ai(2)-mm-abaddon puts a corruption counter on Angel Token (474).
Phase: Ai(2)-mm-abaddon's Beginning of Combat Step
Phase: Ai(2)-mm-abaddon's Declare Attackers Step
Mana: Steam Vents (159) - {T}: Add {R}.
Mana: Crumbling Necropolis (153) - {T}: Add {U}, {B}, or {R}.
Mana: Command Tower (110) - {T}: Add one mana of any color in your commander's color identity.
Mana: Arcane Signet (195) - {T}: Add one mana of any color in your commander's color identity.
Zone Change: Treasure Token (486) was put into Graveyard from Battlefield.
Mana: Treasure Token (486) - {T}, Sacrifice this token: Add one mana of any color.
Zone Change: Treasure Token (485) was put into Graveyard from Battlefield.
Mana: Treasure Token (485) - {T}, Sacrifice this token: Add one mana of any color.
Zone Change: Treasure Token (484) was put into Graveyard from Battlefield.
Mana: Treasure Token (484) - {T}, Sacrifice this token: Add one mana of any color.
Zone Change: Treasure Token (483) was put into Graveyard from Battlefield.
Mana: Treasure Token (483) - {T}, Sacrifice this token: Add one mana of any color.
Zone Change: Treasure Token (482) was put into Graveyard from Battlefield.
Mana: Treasure Token (482) - {T}, Sacrifice this token: Add one mana of any color.
Zone Change: Treasure Token (481) was put into Graveyard from Battlefield.
Mana: Treasure Token (481) - {T}, Sacrifice this token: Add one mana of any color.
Combat: Ai(2)-mm-abaddon assigned Bloodthirster (196) to attack Ai(1)-mm-sythis-enchantress.
Phase: Ai(2)-mm-abaddon's Declare Blockers Step
Combat: Ai(1)-mm-sythis-enchantress didn't block Bloodthirster (196).
Phase: Ai(2)-mm-abaddon's First Strike Damage Step
Phase: Ai(2)-mm-abaddon's Combat Damage Step
Damage: Bloodthirster (196) deals 6 combat damage to Ai(1)-mm-sythis-enchantress.
Life: Life: Ai(1)-mm-sythis-enchantress 16 > 10
Add To Stack: Ai(2)-mm-abaddon triggered Bloodthirster
Resolve Stack: Whenever Bloodthirster deals combat damage to a player, untap it. After this combat phase, there is an additional combat phase. [Damage Source: Bloodthirster (196), Damaged: Ai(1)-mm-sythis-enchantress, Amount: 6]
Phase: Ai(2)-mm-abaddon's End of Combat Step
Phase: AdditionalAi(2)-mm-abaddon's Beginning of Combat Step
Phase: Ai(2)-mm-abaddon's Declare Attackers Step
Phase: Ai(2)-mm-abaddon's Declare Blockers Step
Phase: Ai(2)-mm-abaddon's First Strike Damage Step
Phase: Ai(2)-mm-abaddon's Combat Damage Step
Phase: Ai(2)-mm-abaddon's End of Combat Step
Phase: Ai(2)-mm-abaddon's Main phase, postcombat
Land: Ai(2)-mm-abaddon played Mountain (185)
Mana: Mountain (184) - {T}: Add {R}.
Mana: Mountain (187) - {T}: Add {R}.
Mana: Mountain (185) - {T}: Add {R}.
Mana: Island (125) - {T}: Add {U}.
Mana: Swamp (151) - {T}: Add {B}.
Mana: Fellwar Stone (172) - {T}: Add one mana of any color that a land an opponent controls could produce.
Add To Stack: Ai(2)-mm-abaddon cast Nalfeshnee
Add To Stack: Ai(2)-mm-abaddon triggered Nalfeshnee
Add To Stack: Ai(2)-mm-abaddon cast Noise Marine
Resolve Stack: Cascade - Nalfeshnee [Card: Nalfeshnee (143), Activator: Ai(2)-mm-abaddon, SpellAbility: Nalfeshnee - Creature 4 / 6]
Add To Stack: Ai(2)-mm-abaddon triggered Noise Marine
Add To Stack: Ai(2)-mm-abaddon cast Chromatic Lantern
Resolve Stack: Cascade - Noise Marine [Card: Noise Marine (107), Activator: Ai(2)-mm-abaddon, SpellAbility: Noise Marine - Creature 3 / 2 (without paying its mana cost)]
Resolve Stack: Chromatic Lantern
Resolve Stack: Noise Marine - Creature 3 / 2
Add To Stack: Ai(2)-mm-abaddon triggered Noise Marine targeting [Sythis, Harvest's Hand (100)]
Damage: Noise Marine (107) deals 3 damage to Sythis, Harvest's Hand (100).
Resolve Stack: Sonic Blaster — When Noise Marine enters, it deals damage equal to the number of spells you've cast this turn to any target. (Targeting: [[Sythis, Harvest's Hand (100)]]) [Zone Changer: Noise Marine (107)]
Zone Change: Sythis, Harvest's Hand (100) was put into Graveyard from Battlefield.
Resolve Stack: Nalfeshnee - Creature 4 / 6
Phase: Ai(2)-mm-abaddon's End step
Phase: Ai(2)-mm-abaddon's Cleanup step
Turn: Turn 46 (Ai(4)-mm-muldrotha-value)
Phase: Ai(4)-mm-muldrotha-value's Untap step
Phase: Ai(4)-mm-muldrotha-value's Upkeep step
Phase: Ai(4)-mm-muldrotha-value's Draw step
Add To Stack: Ai(1)-mm-sythis-enchantress triggered Smothering Tithe
Resolve Stack: Whenever an opponent draws a card, that player may pay {2}. If the player doesn't, you create a Treasure token. (It's an artifact with "{T}, Sacrifice this token: Add one mana of any color.") [Player: Ai(4)-mm-muldrotha-value]
Phase: Ai(4)-mm-muldrotha-value's Main phase, precombat
Mana: Island (338) - {T}: Add {U}.
Add To Stack: Ai(4)-mm-muldrotha-value cast Seal of Removal
Resolve Stack: Seal of Removal
Zone Change: Seal of Removal (373) was put into Graveyard from Battlefield.
Add To Stack: Ai(4)-mm-muldrotha-value activated Seal of Removal targeting [Nalfeshnee (143)]
Resolve Stack: Seal of Removal (373) - Return Nalfeshnee (143) to its owner's hand.
Phase: Ai(4)-mm-muldrotha-value's Beginning of Combat Step
Phase: Ai(4)-mm-muldrotha-value's Declare Attackers Step
Phase: Ai(4)-mm-muldrotha-value's Declare Blockers Step
Phase: Ai(4)-mm-muldrotha-value's First Strike Damage Step
Phase: Ai(4)-mm-muldrotha-value's Combat Damage Step
Phase: Ai(4)-mm-muldrotha-value's End of Combat Step
Phase: Ai(4)-mm-muldrotha-value's Main phase, postcombat
Land: Ai(4)-mm-muldrotha-value played Island (336)
Mana: Swamp (368) - {T}: Add {B}.
Mana: Forest (345) - {T}: Add {G}.
Mana: Island (339) - {T}: Add {U}.
Mana: Island (336) - {T}: Add {U}.
Mana: Swamp (367) - {T}: Add {B}.
Add To Stack: Ai(4)-mm-muldrotha-value cast Gravebreaker Lamia
Resolve Stack: Gravebreaker Lamia - Creature 4 / 4
Add To Stack: Ai(4)-mm-muldrotha-value triggered Gravebreaker Lamia
Resolve Stack: When Gravebreaker Lamia enters, search your library for a card, put it into your graveyard, then shuffle. [Zone Changer: Gravebreaker Lamia (391)]
Add To Stack: Ai(4)-mm-muldrotha-value cast Haywire Mite
Resolve Stack: Haywire Mite - Creature 1 / 1
Mana: Undergrowth Stadium (395) - {T}: Add {B} or {G}.
Mana: Opulent Palace (380) - {T}: Add {B}, {G}, or {U}.
Mana: Breeding Pool (371) - {T}: Add {G}.
Mana: Command Beacon (308) - {T}: Add {C}.
Zone Change: Treasure Token (492) was put into Graveyard from Battlefield.
Mana: Treasure Token (492) - {T}, Sacrifice this token: Add one mana of any color.
Add To Stack: Ai(4)-mm-muldrotha-value cast Syr Konrad, the Grim
Resolve Stack: Syr Konrad, the Grim - Creature 5 / 4
Zone Change: Treasure Token (491) was put into Graveyard from Battlefield.
Mana: Treasure Token (491) - {T}, Sacrifice this token: Add one mana of any color.
Zone Change: Treasure Token (490) was put into Graveyard from Battlefield.
Mana: Treasure Token (490) - {T}, Sacrifice this token: Add one mana of any color.
Zone Change: Treasure Token (489) was put into Graveyard from Battlefield.
Mana: Treasure Token (489) - {T}, Sacrifice this token: Add one mana of any color.
Zone Change: Treasure Token (488) was put into Graveyard from Battlefield.
Mana: Treasure Token (488) - {T}, Sacrifice this token: Add one mana of any color.
Zone Change: Treasure Token (487) was put into Graveyard from Battlefield.
Mana: Treasure Token (487) - {T}, Sacrifice this token: Add one mana of any color.
Add To Stack: Ai(4)-mm-muldrotha-value cast Tatyova, Benthic Druid
Resolve Stack: Tatyova, Benthic Druid - Creature 3 / 3
Phase: Ai(4)-mm-muldrotha-value's End step
Mana: Arcane Signet (97) - {T}: Add one mana of any color in your commander's color identity.
Mana: Temple of Plenty (58) - {T}: Add {G} or {W}.
Add To Stack: Ai(1)-mm-sythis-enchantress activated Hall of Heliod's Generosity targeting [Dryad of the Ilysian Grove (14)]
Resolve Stack: Hall of Heliod's Generosity (10) - Put Dryad of the Ilysian Grove (14) from the graveyard on top of its owner's library.
Phase: Ai(4)-mm-muldrotha-value's Cleanup step
Turn: Turn 47 (Ai(1)-mm-sythis-enchantress)
Phase: Ai(1)-mm-sythis-enchantress' Untap step
Phase: Ai(1)-mm-sythis-enchantress' Upkeep step
Phase: Ai(1)-mm-sythis-enchantress' Draw step
Phase: Ai(1)-mm-sythis-enchantress' Main phase, precombat
Phase: Ai(1)-mm-sythis-enchantress' Beginning of Combat Step
Phase: Ai(1)-mm-sythis-enchantress' Declare Attackers Step
Phase: Ai(1)-mm-sythis-enchantress' Declare Blockers Step
Phase: Ai(1)-mm-sythis-enchantress' First Strike Damage Step
Phase: Ai(1)-mm-sythis-enchantress' Combat Damage Step
Phase: Ai(1)-mm-sythis-enchantress' End of Combat Step
Phase: Ai(1)-mm-sythis-enchantress' Main phase, postcombat
Mana: Forest (38) - {T}: Add {G}.
Mana: Forest (43) - {T}: Add {G}.
Mana: Forest (36) - {T}: Add {G}.
Add To Stack: Ai(1)-mm-sythis-enchantress cast Dryad of the Ilysian Grove
Add To Stack: Ai(1)-mm-sythis-enchantress triggered Argothian Enchantress
Add To Stack: Ai(1)-mm-sythis-enchantress triggered Sigil of the Empty Throne
Resolve Stack: Whenever you cast an enchantment spell, create a 4/4 white Angel creature token with flying. [Card: Dryad of the Ilysian Grove (14), Activator: Ai(1)-mm-sythis-enchantress, SpellAbility: Dryad of the Ilysian Grove - Creature 2 / 4]
Resolve Stack: Whenever you cast an enchantment spell, draw a card. [Card: Dryad of the Ilysian Grove (14), Activator: Ai(1)-mm-sythis-enchantress, SpellAbility: Dryad of the Ilysian Grove - Creature 2 / 4]
Resolve Stack: Dryad of the Ilysian Grove - Creature 2 / 4
Mana: Arcane Signet (97) - {T}: Add one mana of any color in your commander's color identity.
Mana: Plains (87) - {T}: Add {G}.
Mana: Plains (83) - {T}: Add {G}.
Mana: Plains (93) - {T}: Add {G}.
Mana: Plains (86) - {T}: Add {G}.
Add To Stack: Ai(1)-mm-sythis-enchantress cast Mirari's Wake
Add To Stack: Ai(1)-mm-sythis-enchantress triggered Argothian Enchantress
Add To Stack: Ai(1)-mm-sythis-enchantress triggered Sigil of the Empty Throne
Resolve Stack: Whenever you cast an enchantment spell, create a 4/4 white Angel creature token with flying. [Card: Mirari's Wake (31), Activator: Ai(1)-mm-sythis-enchantress, SpellAbility: Mirari's Wake]
Resolve Stack: Whenever you cast an enchantment spell, draw a card. [Card: Mirari's Wake (31), Activator: Ai(1)-mm-sythis-enchantress, SpellAbility: Mirari's Wake]
Resolve Stack: Mirari's Wake
Mana: Plains (89) - {T}: Add {W}.
Mana: Forest (40) - {T}: Add {G}.
Mana: Branchloft Pathway (76) - {T}: Add {G}.
Add To Stack: Ai(1)-mm-sythis-enchantress cast Sythis, Harvest's Hand
Add To Stack: Ai(1)-mm-sythis-enchantress triggered Argothian Enchantress
Add To Stack: Ai(1)-mm-sythis-enchantress triggered Sigil of the Empty Throne
Resolve Stack: Whenever you cast an enchantment spell, create a 4/4 white Angel creature token with flying. [Card: Sythis, Harvest's Hand (100), Activator: Ai(1)-mm-sythis-enchantress, SpellAbility: Sythis, Harvest's Hand - Creature 1 / 2]
Resolve Stack: Whenever you cast an enchantment spell, draw a card. [Card: Sythis, Harvest's Hand (100), Activator: Ai(1)-mm-sythis-enchantress, SpellAbility: Sythis, Harvest's Hand - Creature 1 / 2]
Resolve Stack: Sythis, Harvest's Hand - Creature 1 / 2
Land: Ai(1)-mm-sythis-enchantress played Forest (41)
Mana: Forest (41) - {T}: Add {W}.
Add To Stack: Ai(1)-mm-sythis-enchantress cast Blind Obedience
Add To Stack: Ai(1)-mm-sythis-enchantress triggered Sythis, Harvest's Hand
Add To Stack: Ai(1)-mm-sythis-enchantress triggered Argothian Enchantress
Add To Stack: Ai(1)-mm-sythis-enchantress triggered Sigil of the Empty Throne
Resolve Stack: Whenever you cast an enchantment spell, create a 4/4 white Angel creature token with flying. [Card: Blind Obedience (29), Activator: Ai(1)-mm-sythis-enchantress, SpellAbility: Blind Obedience]
Resolve Stack: Whenever you cast an enchantment spell, draw a card. [Card: Blind Obedience (29), Activator: Ai(1)-mm-sythis-enchantress, SpellAbility: Blind Obedience]
Life: Life: Ai(1)-mm-sythis-enchantress 10 > 11
Resolve Stack: Whenever you cast an enchantment spell, you gain 1 life and draw a card. [Card: Blind Obedience (29), Activator: Ai(1)-mm-sythis-enchantress, SpellAbility: Blind Obedience]
Resolve Stack: Blind Obedience
Land: Ai(1)-mm-sythis-enchantress played Forest (42)
Land: Ai(1)-mm-sythis-enchantress played Plains (85)
Phase: Ai(1)-mm-sythis-enchantress' End step
Phase: Ai(1)-mm-sythis-enchantress' Cleanup step
Turn: Turn 48 (Ai(2)-mm-abaddon)
Phase: Ai(2)-mm-abaddon's Untap step
Phase: Ai(2)-mm-abaddon's Upkeep step
Add To Stack: Ai(2)-mm-abaddon triggered Descent into Avernus
Replacement Effect: Artifacts and creatures your opponents control enter tapped.
Replacement Effect: Artifacts and creatures your opponents control enter tapped.
Replacement Effect: Artifacts and creatures your opponents control enter tapped.
Replacement Effect: Artifacts and creatures your opponents control enter tapped.
Replacement Effect: Artifacts and creatures your opponents control enter tapped.
Replacement Effect: Artifacts and creatures your opponents control enter tapped.
Replacement Effect: Artifacts and creatures your opponents control enter tapped.
Replacement Effect: Artifacts and creatures your opponents control enter tapped.
Replacement Effect: Artifacts and creatures your opponents control enter tapped.
Replacement Effect: Artifacts and creatures your opponents control enter tapped.
Replacement Effect: Artifacts and creatures your opponents control enter tapped.
Replacement Effect: Artifacts and creatures your opponents control enter tapped.
Replacement Effect: Artifacts and creatures your opponents control enter tapped.
Replacement Effect: Artifacts and creatures your opponents control enter tapped.
Replacement Effect: Artifacts and creatures your opponents control enter tapped.
Replacement Effect: Artifacts and creatures your opponents control enter tapped.
Damage: Descent into Avernus (175) deals 8 non-combat damage to Ai(1)-mm-sythis-enchantress.
Damage: Descent into Avernus (175) deals 8 non-combat damage to Ai(2)-mm-abaddon.
Damage: Descent into Avernus (175) deals 8 non-combat damage to Ai(4)-mm-muldrotha-value.
Life: Life: Ai(1)-mm-sythis-enchantress 11 > 3
Life: Life: Ai(2)-mm-abaddon 26 > 18
Life: Life: Ai(4)-mm-muldrotha-value 29 > 21
Resolve Stack: At the beginning of your upkeep, put two descent counters on Descent into Avernus. Then each player creates X Treasure tokens and Descent into Avernus deals X damage to each player, where X is the number of descent counters on Descent into Avernus. [Phase: Ai(2)-mm-abaddon]
Phase: Ai(2)-mm-abaddon's Draw step
Add To Stack: Ai(1)-mm-sythis-enchantress triggered Smothering Tithe
Resolve Stack: Whenever an opponent draws a card, that player may pay {2}. If the player doesn't, you create a Treasure token. (It's an artifact with "{T}, Sacrifice this token: Add one mana of any color.") [Player: Ai(2)-mm-abaddon]
Phase: Ai(2)-mm-abaddon's Main phase, precombat
Phase: Ai(2)-mm-abaddon's Beginning of Combat Step
Phase: Ai(2)-mm-abaddon's Declare Attackers Step
Phase: Ai(2)-mm-abaddon's Declare Blockers Step
Phase: Ai(2)-mm-abaddon's First Strike Damage Step
Phase: Ai(2)-mm-abaddon's Combat Damage Step
Phase: Ai(2)-mm-abaddon's End of Combat Step
Phase: Ai(2)-mm-abaddon's Main phase, postcombat
Mana: Fellwar Stone (172) - {T}: Add one mana of any color that a land an opponent controls could produce.
Mana: Arcane Signet (195) - {T}: Add one mana of any color in your commander's color identity.
Mana: Chromatic Lantern (198) - {T}: Add one mana of any color.
Mana: Mountain (184) - {T}: Add {R}.
Mana: Island (125) - {T}: Add {U}.
Mana: Swamp (151) - {T}: Add {B}.
Mana: Mountain (187) - {T}: Add {R}.
Mana: Mountain (185) - {T}: Add {R}.
Mana: Foreboding Ruins (160) - {T}: Add {B} or {R}.
Mana: Steam Vents (159) - {T}: Add {R}.
Mana: Crumbling Necropolis (153) - {T}: Add {U}, {B}, or {R}.
Add To Stack: Ai(2)-mm-abaddon cast Blood for the Blood God!
Add To Stack: Ai(2)-mm-abaddon triggered Blood for the Blood God!
Add To Stack: Ai(2)-mm-abaddon cast Inevitable Betrayal targeting [Ai(1)-mm-sythis-enchantress]
Resolve Stack: Cascade - Blood for the Blood God! [Card: Blood for the Blood God! (109), Activator: Ai(2)-mm-abaddon, SpellAbility: Discard your hand, then draw eight cards.  Blood for the Blood God! deals 8 damage to each opponent. Exile Blood for the Blood God!.]
Resolve Stack: Inevitable Betrayal (142) - Search target opponent's library for a creature card and put that card onto the battlefield under your control. Then that player shuffles. (Targeting: Ai(1)-mm-sythis-enchantress)
Discard: Ai(2)-mm-abaddon discards Nalfeshnee (143).
Damage: Blood for the Blood God! (109) deals 8 non-combat damage to Ai(1)-mm-sythis-enchantress.
Damage: Blood for the Blood God! (109) deals 8 non-combat damage to Ai(4)-mm-muldrotha-value.
Life: Life: Ai(1)-mm-sythis-enchantress 3 > -5
Life: Life: Ai(4)-mm-muldrotha-value 21 > 13
Resolve Stack: Blood for the Blood God! (109) - Ai(2)-mm-abaddon discards their hand. Ai(2)-mm-abaddon draws eight cards. Blood for the Blood God! (109) deals 8 damage to Ai(1)-mm-sythis-enchantress and Ai(4)-mm-muldrotha-value. Exile Blood for the Blood God! (109).
Add To Stack: Ai(4)-mm-muldrotha-value triggered Syr Konrad, the Grim
Damage: Syr Konrad, the Grim (396) deals 1 non-combat damage to Ai(2)-mm-abaddon.
Life: Life: Ai(2)-mm-abaddon 18 > 17
Resolve Stack: Whenever another creature dies, or a creature card is put into a graveyard from anywhere other than the battlefield, or a creature card leaves your graveyard, Syr Konrad, the Grim deals 1 damage to each opponent. [Zone Changer: Nalfeshnee (143)]
Mana: Command Tower (110) - {T}: Add one mana of any color in your commander's color identity.
Zone Change: Treasure Token (434) was put into Graveyard from Battlefield.
Mana: Treasure Token (434) - {T}, Sacrifice this token: Add one mana of any color.
Add To Stack: Ai(2)-mm-abaddon cast Creeping Bloodsucker
Add To Stack: Ai(2)-mm-abaddon triggered Creeping Bloodsucker
Resolve Stack: Cascade - Creeping Bloodsucker [Card: Creeping Bloodsucker (166), Activator: Ai(2)-mm-abaddon, SpellAbility: Creeping Bloodsucker - Creature 1 / 2]
Resolve Stack: Creeping Bloodsucker - Creature 1 / 2
Phase: Ai(2)-mm-abaddon's End step
Phase: Ai(2)-mm-abaddon's Cleanup step
Turn: Turn 49 (Ai(4)-mm-muldrotha-value)
Phase: Ai(4)-mm-muldrotha-value's Untap step
Phase: Ai(4)-mm-muldrotha-value's Upkeep step
Phase: Ai(4)-mm-muldrotha-value's Draw step
Phase: Ai(4)-mm-muldrotha-value's Main phase, precombat
Land: Ai(4)-mm-muldrotha-value played Swamp (366)
Add To Stack: Ai(4)-mm-muldrotha-value triggered Tatyova, Benthic Druid
Life: Life: Ai(4)-mm-muldrotha-value 13 > 14
Resolve Stack: Landfall — Whenever a land you control enters, you gain 1 life and draw a card. [Zone Changer: Swamp (366)]
Mana: Island (339) - {T}: Add {U}.
Add To Stack: Ai(4)-mm-muldrotha-value cast Seal of Removal
Resolve Stack: Seal of Removal
Zone Change: Seal of Removal (373) was put into Graveyard from Battlefield.
Add To Stack: Ai(4)-mm-muldrotha-value activated Seal of Removal targeting [Abaddon the Despoiler (201)]
Resolve Stack: Seal of Removal (373) - Return Abaddon the Despoiler (201) to its owner's hand.
Phase: Ai(4)-mm-muldrotha-value's Beginning of Combat Step
Phase: Ai(4)-mm-muldrotha-value's Declare Attackers Step
Phase: Ai(4)-mm-muldrotha-value's Declare Blockers Step
Phase: Ai(4)-mm-muldrotha-value's First Strike Damage Step
Phase: Ai(4)-mm-muldrotha-value's Combat Damage Step
Phase: Ai(4)-mm-muldrotha-value's End of Combat Step
Phase: Ai(4)-mm-muldrotha-value's Main phase, postcombat
Mana: Forest (345) - {T}: Add {G}.
Mana: Swamp (368) - {T}: Add {B}.
Mana: Swamp (367) - {T}: Add {B}.
Mana: Swamp (366) - {T}: Add {B}.
Add To Stack: Ai(4)-mm-muldrotha-value cast The Gitrog Monster
Add To Stack: Ai(4)-mm-muldrotha-value triggered Syr Konrad, the Grim
Damage: Syr Konrad, the Grim (396) deals 1 non-combat damage to Ai(2)-mm-abaddon.
Life: Life: Ai(2)-mm-abaddon 17 > 16
Resolve Stack: Whenever another creature dies, or a creature card is put into a graveyard from anywhere other than the battlefield, or a creature card leaves your graveyard, Syr Konrad, the Grim deals 1 damage to each opponent. [Zone Changer: The Gitrog Monster (378)]
Resolve Stack: The Gitrog Monster - Creature 6 / 6
Land: Ai(4)-mm-muldrotha-value played Forest (342)
Add To Stack: Ai(4)-mm-muldrotha-value triggered Tatyova, Benthic Druid
Life: Life: Ai(4)-mm-muldrotha-value 14 > 15
Resolve Stack: Landfall — Whenever a land you control enters, you gain 1 life and draw a card. [Zone Changer: Forest (342)]
Mana: Island (338) - {T}: Add {U}.
Mana: Island (336) - {T}: Add {U}.
Mana: Forest (342) - {T}: Add {G}.
Mana: Undergrowth Stadium (395) - {T}: Add {B} or {G}.
Mana: Breeding Pool (371) - {T}: Add {G}.
Add To Stack: Ai(4)-mm-muldrotha-value cast River Kelpie
Resolve Stack: River Kelpie - Creature 3 / 3
Mana: Opulent Palace (380) - {T}: Add {B}, {G}, or {U}.
Zone Change: Treasure Token (537) was put into Graveyard from Battlefield.
Mana: Treasure Token (537) - {T}, Sacrifice this token: Add one mana of any color.
Mana: Command Beacon (308) - {T}: Add {C}.
Zone Change: Treasure Token (536) was put into Graveyard from Battlefield.
Mana: Treasure Token (536) - {T}, Sacrifice this token: Add one mana of any color.
Add To Stack: Ai(4)-mm-muldrotha-value cast Hedge Shredder
Resolve Stack: Hedge Shredder
Zone Change: Treasure Token (535) was put into Graveyard from Battlefield.
Mana: Treasure Token (535) - {T}, Sacrifice this token: Add one mana of any color.
Zone Change: Treasure Token (534) was put into Graveyard from Battlefield.
Mana: Treasure Token (534) - {T}, Sacrifice this token: Add one mana of any color.
Add To Stack: Ai(4)-mm-muldrotha-value cast Hermit Druid
Resolve Stack: Hermit Druid - Creature 1 / 1
Zone Change: Treasure Token (533) was put into Graveyard from Battlefield.
Mana: Treasure Token (533) - {T}, Sacrifice this token: Add one mana of any color.
Add To Stack: Ai(4)-mm-muldrotha-value cast Sol Ring
Resolve Stack: Sol Ring
Phase: Ai(4)-mm-muldrotha-value's End step
Phase: Ai(4)-mm-muldrotha-value's Cleanup step
Turn: Turn 50 (Ai(2)-mm-abaddon)
Phase: Ai(2)-mm-abaddon's Untap step
Phase: Ai(2)-mm-abaddon's Upkeep step
Add To Stack: Ai(2)-mm-abaddon triggered Creeping Bloodsucker
Add To Stack: Ai(2)-mm-abaddon triggered Descent into Avernus
Damage: Descent into Avernus (175) deals 10 non-combat damage to Ai(2)-mm-abaddon.
Damage: Descent into Avernus (175) deals 10 non-combat damage to Ai(4)-mm-muldrotha-value.
Life: Life: Ai(2)-mm-abaddon 16 > 6
Life: Life: Ai(4)-mm-muldrotha-value 15 > 5
Resolve Stack: At the beginning of your upkeep, put two descent counters on Descent into Avernus. Then each player creates X Treasure tokens and Descent into Avernus deals X damage to each player, where X is the number of descent counters on Descent into Avernus. [Phase: Ai(2)-mm-abaddon]
Damage: Creeping Bloodsucker (166) deals 1 non-combat damage to Ai(4)-mm-muldrotha-value.
Life: Life: Ai(4)-mm-muldrotha-value 5 > 4
Life: Life: Ai(2)-mm-abaddon 6 > 7
Resolve Stack: At the beginning of your upkeep, Creeping Bloodsucker deals 1 damage to each opponent. You gain life equal to the damage dealt this way. [Phase: Ai(2)-mm-abaddon]
Phase: Ai(2)-mm-abaddon's Draw step
Phase: Ai(2)-mm-abaddon's Main phase, precombat
Mana: Swamp (151) - {T}: Add one mana of any color.
Mana: Mountain (187) - {T}: Add one mana of any color.
Mana: Mountain (185) - {T}: Add {R}.
Mana: Foreboding Ruins (160) - {T}: Add {B} or {R}.
Mana: Steam Vents (159) - {T}: Add {R}.
Add To Stack: Ai(2)-mm-abaddon cast Deny Reality targeting [Geyadrone Dihada (131)]
Add To Stack: Ai(2)-mm-abaddon triggered Deny Reality
Resolve Stack: Cascade - Deny Reality [Card: Deny Reality (116), Activator: Ai(2)-mm-abaddon, SpellAbility: Return target permanent to its owner's hand.]
Resolve Stack: Deny Reality (116) - Return Geyadrone Dihada (131) to its owner's hand.
Replacement Effect: Drowned Catacomb enters tapped unless you control an Island or a Swamp.
Land: Ai(2)-mm-abaddon played Drowned Catacomb (177)
Phase: Ai(2)-mm-abaddon's Beginning of Combat Step
Phase: Ai(2)-mm-abaddon's Declare Attackers Step
Combat: Ai(2)-mm-abaddon assigned Bloodthirster (196), Poxwalkers (162), Noise Marine (107) and Creeping Bloodsucker (166) to attack Ai(4)-mm-muldrotha-value.
Phase: Ai(2)-mm-abaddon's Declare Blockers Step
Combat: Ai(4)-mm-muldrotha-value didn't block Bloodthirster (196).
Ai(4)-mm-muldrotha-value assigned Haywire Mite (334) to block Poxwalkers (162).
Ai(4)-mm-muldrotha-value assigned Hermit Druid (341) and Muldrotha, the Gravetide (403) to block Noise Marine (107).
Ai(4)-mm-muldrotha-value assigned Tatyova, Benthic Druid (392) to block Creeping Bloodsucker (166).
Phase: Ai(2)-mm-abaddon's First Strike Damage Step
Phase: Ai(2)-mm-abaddon's Combat Damage Step
Damage: Bloodthirster (196) deals 6 combat damage to Ai(4)-mm-muldrotha-value.
Damage: Poxwalkers (162) deals 3 damage (Deathtouch) to Haywire Mite (334).
Damage: Noise Marine (107) deals 2 damage to Muldrotha, the Gravetide (403).
Damage: Noise Marine (107) deals 1 damage to Hermit Druid (341).
Damage: Creeping Bloodsucker (166) deals 1 damage to Tatyova, Benthic Druid (392).
Damage: Haywire Mite (334) deals 1 damage to Poxwalkers (162).
Damage: Hermit Druid (341) deals 1 damage to Noise Marine (107).
Damage: Muldrotha, the Gravetide (403) deals 6 damage to Noise Marine (107).
Damage: Tatyova, Benthic Druid (392) deals 3 damage to Creeping Bloodsucker (166).
Life: Life: Ai(4)-mm-muldrotha-value 4 > -2
Player Control: Ai(1)-mm-sythis-enchantress has restored control over themself
Player Control: Ai(2)-mm-abaddon has restored control over themself
Player Control: Ai(3)-mm-jarad-graveyard has restored control over themself
Player Control: Ai(4)-mm-muldrotha-value has restored control over themself
Game Outcome: Turn 25
Game Outcome: Ai(1)-mm-sythis-enchantress has lost because life total reached 0
Game Outcome: Ai(2)-mm-abaddon has won because all opponents have lost
Game Outcome: Ai(3)-mm-jarad-graveyard has lost because life total reached 0
Game Outcome: Ai(4)-mm-muldrotha-value has lost because life total reached 0
Match Result: Ai(1)-mm-sythis-enchantress: 0 Ai(2)-mm-abaddon: 1 Ai(3)-mm-jarad-graveyard: 0 Ai(4)-mm-muldrotha-value: 0 

Game Result: Game 1 ended in 513867 ms. Ai(2)-mm-abaddon has won!

Warning: default (ie. inherited from base class) implementation of confirmAction is used by Muldrotha, the Gravetide for forge.ai.ability.PermanentCreatureAi. Consider declaring an overloaded method
Warning: default (ie. inherited from base class) implementation of confirmAction is used by Muldrotha, the Gravetide for forge.ai.ability.PermanentCreatureAi. Consider declaring an overloaded method
Active player is no longer in the game...
Correcting zone for Overgrown Tomb (377)
Mulligan: Ai(4)-mm-muldrotha-value has mulliganed down to 7 cards.
Mulligan: Ai(1)-mm-sythis-enchantress has kept a hand of 7 cards
Mulligan: Ai(2)-mm-abaddon has kept a hand of 7 cards
Mulligan: Ai(3)-mm-jarad-graveyard has kept a hand of 7 cards
Mulligan: Ai(4)-mm-muldrotha-value has kept a hand of 7 cards
Turn: Turn 1 (Ai(1)-mm-sythis-enchantress)
Phase: Ai(1)-mm-sythis-enchantress' Untap step
Phase: Ai(1)-mm-sythis-enchantress' Upkeep step
Phase: Ai(1)-mm-sythis-enchantress' Draw step
Phase: Ai(1)-mm-sythis-enchantress' Main phase, precombat
Land: Ai(1)-mm-sythis-enchantress played Command Tower (20)
Phase: Ai(1)-mm-sythis-enchantress' Beginning of Combat Step
Phase: Ai(1)-mm-sythis-enchantress' Declare Attackers Step
Phase: Ai(1)-mm-sythis-enchantress' Declare Blockers Step
Phase: Ai(1)-mm-sythis-enchantress' First Strike Damage Step
Phase: Ai(1)-mm-sythis-enchantress' Combat Damage Step
Phase: Ai(1)-mm-sythis-enchantress' End of Combat Step
Phase: Ai(1)-mm-sythis-enchantress' Main phase, postcombat
Phase: Ai(1)-mm-sythis-enchantress' End step
Phase: Ai(1)-mm-sythis-enchantress' Cleanup step
Turn: Turn 2 (Ai(2)-mm-abaddon)
Phase: Ai(2)-mm-abaddon's Untap step
Phase: Ai(2)-mm-abaddon's Upkeep step
Phase: Ai(2)-mm-abaddon's Draw step
Phase: Ai(2)-mm-abaddon's Main phase, precombat
Replacement Effect: Training Center enters tapped unless you have two or more opponents.
Land: Ai(2)-mm-abaddon played Training Center (137)
Phase: Ai(2)-mm-abaddon's Beginning of Combat Step
Phase: Ai(2)-mm-abaddon's Declare Attackers Step
Phase: Ai(2)-mm-abaddon's Declare Blockers Step
Phase: Ai(2)-mm-abaddon's First Strike Damage Step
Phase: Ai(2)-mm-abaddon's Combat Damage Step
Phase: Ai(2)-mm-abaddon's End of Combat Step
Phase: Ai(2)-mm-abaddon's Main phase, postcombat
Phase: Ai(2)-mm-abaddon's End step
Phase: Ai(2)-mm-abaddon's Cleanup step
Turn: Turn 3 (Ai(3)-mm-jarad-graveyard)
Phase: Ai(3)-mm-jarad-graveyard's Untap step
Phase: Ai(3)-mm-jarad-graveyard's Upkeep step
Phase: Ai(3)-mm-jarad-graveyard's Draw step
Phase: Ai(3)-mm-jarad-graveyard's Main phase, precombat
Land: Ai(3)-mm-jarad-graveyard played Forest (228)
Phase: Ai(3)-mm-jarad-graveyard's Beginning of Combat Step
Phase: Ai(3)-mm-jarad-graveyard's Declare Attackers Step
Phase: Ai(3)-mm-jarad-graveyard's Declare Blockers Step
Phase: Ai(3)-mm-jarad-graveyard's First Strike Damage Step
Phase: Ai(3)-mm-jarad-graveyard's Combat Damage Step
Phase: Ai(3)-mm-jarad-graveyard's End of Combat Step
Phase: Ai(3)-mm-jarad-graveyard's Main phase, postcombat
Phase: Ai(3)-mm-jarad-graveyard's End step
Phase: Ai(3)-mm-jarad-graveyard's Cleanup step
Turn: Turn 4 (Ai(4)-mm-muldrotha-value)
Phase: Ai(4)-mm-muldrotha-value's Untap step
Phase: Ai(4)-mm-muldrotha-value's Upkeep step
Phase: Ai(4)-mm-muldrotha-value's Draw step
Phase: Ai(4)-mm-muldrotha-value's Main phase, precombat
Land: Ai(4)-mm-muldrotha-value played Island (339)
Phase: Ai(4)-mm-muldrotha-value's Beginning of Combat Step
Phase: Ai(4)-mm-muldrotha-value's Declare Attackers Step
Phase: Ai(4)-mm-muldrotha-value's Declare Blockers Step
Phase: Ai(4)-mm-muldrotha-value's First Strike Damage Step
Phase: Ai(4)-mm-muldrotha-value's Combat Damage Step
Phase: Ai(4)-mm-muldrotha-value's End of Combat Step
Phase: Ai(4)-mm-muldrotha-value's Main phase, postcombat
Mana: Island (339) - {T}: Add {U}.
Add To Stack: Ai(4)-mm-muldrotha-value cast Siren Stormtamer
Resolve Stack: Siren Stormtamer - Creature 1 / 1
Phase: Ai(4)-mm-muldrotha-value's End step
Phase: Ai(4)-mm-muldrotha-value's Cleanup step
Turn: Turn 5 (Ai(1)-mm-sythis-enchantress)
Phase: Ai(1)-mm-sythis-enchantress' Untap step
Phase: Ai(1)-mm-sythis-enchantress' Upkeep step
Phase: Ai(1)-mm-sythis-enchantress' Draw step
Phase: Ai(1)-mm-sythis-enchantress' Main phase, precombat
Land: Ai(1)-mm-sythis-enchantress played Plains (83)
Phase: Ai(1)-mm-sythis-enchantress' Beginning of Combat Step
Phase: Ai(1)-mm-sythis-enchantress' Declare Attackers Step
Phase: Ai(1)-mm-sythis-enchantress' Declare Blockers Step
Phase: Ai(1)-mm-sythis-enchantress' First Strike Damage Step
Phase: Ai(1)-mm-sythis-enchantress' Combat Damage Step
Phase: Ai(1)-mm-sythis-enchantress' End of Combat Step
Phase: Ai(1)-mm-sythis-enchantress' Main phase, postcombat
Mana: Command Tower (20) - {T}: Add one mana of any color in your commander's color identity.
Mana: Plains (83) - {T}: Add {W}.
Add To Stack: Ai(1)-mm-sythis-enchantress cast Sythis, Harvest's Hand
Resolve Stack: Sythis, Harvest's Hand - Creature 1 / 2
Phase: Ai(1)-mm-sythis-enchantress' End step
Phase: Ai(1)-mm-sythis-enchantress' Cleanup step
Turn: Turn 6 (Ai(2)-mm-abaddon)
Phase: Ai(2)-mm-abaddon's Untap step
Phase: Ai(2)-mm-abaddon's Upkeep step
Phase: Ai(2)-mm-abaddon's Draw step
Phase: Ai(2)-mm-abaddon's Main phase, precombat
Land: Ai(2)-mm-abaddon played Mountain (185)
Phase: Ai(2)-mm-abaddon's Beginning of Combat Step
Phase: Ai(2)-mm-abaddon's Declare Attackers Step
Phase: Ai(2)-mm-abaddon's Declare Blockers Step
Phase: Ai(2)-mm-abaddon's First Strike Damage Step
Phase: Ai(2)-mm-abaddon's Combat Damage Step
Phase: Ai(2)-mm-abaddon's End of Combat Step
Phase: Ai(2)-mm-abaddon's Main phase, postcombat
Mana: Mountain (185) - {T}: Add {R}.
Mana: Training Center (137) - {T}: Add {U} or {R}.
Add To Stack: Ai(2)-mm-abaddon cast Arcane Signet
Resolve Stack: Arcane Signet
Phase: Ai(2)-mm-abaddon's End step
Phase: Ai(2)-mm-abaddon's Cleanup step
Turn: Turn 7 (Ai(3)-mm-jarad-graveyard)
Phase: Ai(3)-mm-jarad-graveyard's Untap step
Phase: Ai(3)-mm-jarad-graveyard's Upkeep step
Phase: Ai(3)-mm-jarad-graveyard's Draw step
Phase: Ai(3)-mm-jarad-graveyard's Main phase, precombat
Land: Ai(3)-mm-jarad-graveyard played Forest (231)
Phase: Ai(3)-mm-jarad-graveyard's Beginning of Combat Step
Phase: Ai(3)-mm-jarad-graveyard's Declare Attackers Step
Phase: Ai(3)-mm-jarad-graveyard's Declare Blockers Step
Phase: Ai(3)-mm-jarad-graveyard's First Strike Damage Step
Phase: Ai(3)-mm-jarad-graveyard's Combat Damage Step
Phase: Ai(3)-mm-jarad-graveyard's End of Combat Step
Phase: Ai(3)-mm-jarad-graveyard's Main phase, postcombat
Mana: Forest (228) - {T}: Add {G}.
Mana: Forest (231) - {T}: Add {G}.
Add To Stack: Ai(3)-mm-jarad-graveyard cast Fiend Artisan
Resolve Stack: Fiend Artisan - Creature 1 / 1
Phase: Ai(3)-mm-jarad-graveyard's End step
Phase: Ai(3)-mm-jarad-graveyard's Cleanup step
Turn: Turn 8 (Ai(4)-mm-muldrotha-value)
Phase: Ai(4)-mm-muldrotha-value's Untap step
Phase: Ai(4)-mm-muldrotha-value's Upkeep step
Phase: Ai(4)-mm-muldrotha-value's Draw step
Phase: Ai(4)-mm-muldrotha-value's Main phase, precombat
Replacement Effect: Woodland Cemetery enters tapped unless you control a Swamp or a Forest.
Land: Ai(4)-mm-muldrotha-value played Woodland Cemetery (393)
Phase: Ai(4)-mm-muldrotha-value's Beginning of Combat Step
Phase: Ai(4)-mm-muldrotha-value's Declare Attackers Step
Combat: Ai(4)-mm-muldrotha-value assigned Siren Stormtamer (305) to attack Ai(3)-mm-jarad-graveyard.
Phase: Ai(4)-mm-muldrotha-value's Declare Blockers Step
Combat: Ai(3)-mm-jarad-graveyard didn't block Siren Stormtamer (305).
Phase: Ai(4)-mm-muldrotha-value's First Strike Damage Step
Phase: Ai(4)-mm-muldrotha-value's Combat Damage Step
Damage: Siren Stormtamer (305) deals 1 combat damage to Ai(3)-mm-jarad-graveyard.
Life: Life: Ai(3)-mm-jarad-graveyard 40 > 39
Phase: Ai(4)-mm-muldrotha-value's End of Combat Step
Phase: Ai(4)-mm-muldrotha-value's Main phase, postcombat
Phase: Ai(4)-mm-muldrotha-value's End step
Phase: Ai(4)-mm-muldrotha-value's Cleanup step
Turn: Turn 9 (Ai(1)-mm-sythis-enchantress)
Phase: Ai(1)-mm-sythis-enchantress' Untap step
Phase: Ai(1)-mm-sythis-enchantress' Upkeep step
Phase: Ai(1)-mm-sythis-enchantress' Draw step
Phase: Ai(1)-mm-sythis-enchantress' Main phase, precombat
Mana: Command Tower (20) - {T}: Add one mana of any color in your commander's color identity.
Add To Stack: Ai(1)-mm-sythis-enchantress cast Rancor targeting [Sythis, Harvest's Hand (100)]
Add To Stack: Ai(1)-mm-sythis-enchantress triggered Sythis, Harvest's Hand
Life: Life: Ai(1)-mm-sythis-enchantress 40 > 41
Resolve Stack: Whenever you cast an enchantment spell, you gain 1 life and draw a card. [Card: Rancor (9), Activator: Ai(1)-mm-sythis-enchantress, SpellAbility: Rancor]
Resolve Stack: Rancor (9) -  Attach to Sythis, Harvest's Hand (100)
Phase: Ai(1)-mm-sythis-enchantress' Beginning of Combat Step
Phase: Ai(1)-mm-sythis-enchantress' Declare Attackers Step
Combat: Ai(1)-mm-sythis-enchantress assigned Sythis, Harvest's Hand (100) to attack Ai(4)-mm-muldrotha-value.
Phase: Ai(1)-mm-sythis-enchantress' Declare Blockers Step
Combat: Ai(4)-mm-muldrotha-value didn't block Sythis, Harvest's Hand (100).
Phase: Ai(1)-mm-sythis-enchantress' First Strike Damage Step
Phase: Ai(1)-mm-sythis-enchantress' Combat Damage Step
Damage: Sythis, Harvest's Hand (100) deals 3 combat damage to Ai(4)-mm-muldrotha-value.
Life: Life: Ai(4)-mm-muldrotha-value 40 > 37
Phase: Ai(1)-mm-sythis-enchantress' End of Combat Step
Phase: Ai(1)-mm-sythis-enchantress' Main phase, postcombat
Land: Ai(1)-mm-sythis-enchantress played Brushland (96)
Mana: Plains (83) - {T}: Add {W}.
Mana: Brushland (96) - {T}: Add {C}.
Resolve Stack: Ai(1)-mm-sythis-enchantress has suspended Resurgent Belief with 2 time counters on it.
Phase: Ai(1)-mm-sythis-enchantress' End step
Phase: Ai(1)-mm-sythis-enchantress' Cleanup step
Turn: Turn 10 (Ai(2)-mm-abaddon)
Phase: Ai(2)-mm-abaddon's Untap step
Phase: Ai(2)-mm-abaddon's Upkeep step
Phase: Ai(2)-mm-abaddon's Draw step
Phase: Ai(2)-mm-abaddon's Main phase, precombat
Land: Ai(2)-mm-abaddon played Exotic Orchard (136)
Phase: Ai(2)-mm-abaddon's Beginning of Combat Step
Phase: Ai(2)-mm-abaddon's Declare Attackers Step
Phase: Ai(2)-mm-abaddon's Declare Blockers Step
Phase: Ai(2)-mm-abaddon's First Strike Damage Step
Phase: Ai(2)-mm-abaddon's Combat Damage Step
Phase: Ai(2)-mm-abaddon's End of Combat Step
Phase: Ai(2)-mm-abaddon's Main phase, postcombat
Mana: Exotic Orchard (136) - {T}: Add one mana of any color that a land an opponent controls could produce.
Mana: Mountain (185) - {T}: Add {R}.
Mana: Training Center (137) - {T}: Add {U} or {R}.
Mana: Arcane Signet (195) - {T}: Add one mana of any color in your commander's color identity.
Add To Stack: Ai(2)-mm-abaddon cast The Ruinous Powers
Resolve Stack: The Ruinous Powers
Phase: Ai(2)-mm-abaddon's End step
Phase: Ai(2)-mm-abaddon's Cleanup step
Turn: Turn 11 (Ai(3)-mm-jarad-graveyard)
Phase: Ai(3)-mm-jarad-graveyard's Untap step
Phase: Ai(3)-mm-jarad-graveyard's Upkeep step
Phase: Ai(3)-mm-jarad-graveyard's Draw step
Phase: Ai(3)-mm-jarad-graveyard's Main phase, precombat
Replacement Effect: Deathcap Glade enters tapped unless you control two or more other lands.
Land: Ai(3)-mm-jarad-graveyard played Deathcap Glade (243)
Phase: Ai(3)-mm-jarad-graveyard's Beginning of Combat Step
Phase: Ai(3)-mm-jarad-graveyard's Declare Attackers Step
Combat: Ai(3)-mm-jarad-graveyard assigned Fiend Artisan (239) to attack Ai(1)-mm-sythis-enchantress.
Phase: Ai(3)-mm-jarad-graveyard's Declare Blockers Step
Combat: Ai(1)-mm-sythis-enchantress didn't block Fiend Artisan (239).
Phase: Ai(3)-mm-jarad-graveyard's First Strike Damage Step
Phase: Ai(3)-mm-jarad-graveyard's Combat Damage Step
Damage: Fiend Artisan (239) deals 1 combat damage to Ai(1)-mm-sythis-enchantress.
Life: Life: Ai(1)-mm-sythis-enchantress 41 > 40
Phase: Ai(3)-mm-jarad-graveyard's End of Combat Step
Phase: Ai(3)-mm-jarad-graveyard's Main phase, postcombat
Mana: Deathcap Glade (243) - {T}: Add {B} or {G}.
Mana: Forest (228) - {T}: Add {G}.
Add To Stack: Ai(3)-mm-jarad-graveyard cast Golgari Thug
Resolve Stack: Golgari Thug - Creature 1 / 1
Phase: Ai(3)-mm-jarad-graveyard's End step
Phase: Ai(3)-mm-jarad-graveyard's Cleanup step
Turn: Turn 12 (Ai(4)-mm-muldrotha-value)
Phase: Ai(4)-mm-muldrotha-value's Untap step
Phase: Ai(4)-mm-muldrotha-value's Upkeep step
Phase: Ai(4)-mm-muldrotha-value's Draw step
Phase: Ai(4)-mm-muldrotha-value's Main phase, precombat
Phase: Ai(4)-mm-muldrotha-value's Beginning of Combat Step
Phase: Ai(4)-mm-muldrotha-value's Declare Attackers Step
Combat: Ai(4)-mm-muldrotha-value assigned Siren Stormtamer (305) to attack Ai(3)-mm-jarad-graveyard.
Phase: Ai(4)-mm-muldrotha-value's Declare Blockers Step
Combat: Ai(3)-mm-jarad-graveyard didn't block Siren Stormtamer (305).
Phase: Ai(4)-mm-muldrotha-value's First Strike Damage Step
Phase: Ai(4)-mm-muldrotha-value's Combat Damage Step
Damage: Siren Stormtamer (305) deals 1 combat damage to Ai(3)-mm-jarad-graveyard.
Life: Life: Ai(3)-mm-jarad-graveyard 39 > 38
Phase: Ai(4)-mm-muldrotha-value's End of Combat Step
Phase: Ai(4)-mm-muldrotha-value's Main phase, postcombat
Mana: Woodland Cemetery (393) - {T}: Add {B} or {G}.
Mana: Island (339) - {T}: Add {U}.
Add To Stack: Ai(4)-mm-muldrotha-value cast Hermit Druid
Resolve Stack: Hermit Druid - Creature 1 / 1
Phase: Ai(4)-mm-muldrotha-value's End step
Phase: Ai(4)-mm-muldrotha-value's Cleanup step
Turn: Turn 13 (Ai(1)-mm-sythis-enchantress)
Phase: Ai(1)-mm-sythis-enchantress' Untap step
Phase: Ai(1)-mm-sythis-enchantress' Upkeep step
Add To Stack: Ai(1)-mm-sythis-enchantress triggered Resurgent Belief
Resolve Stack: At the beginning of your upkeep, if this card is suspended, remove a time counter from it [Phase: Ai(1)-mm-sythis-enchantress]
Phase: Ai(1)-mm-sythis-enchantress' Draw step
Phase: Ai(1)-mm-sythis-enchantress' Main phase, precombat
Land: Ai(1)-mm-sythis-enchantress played Forest (42)
Phase: Ai(1)-mm-sythis-enchantress' Beginning of Combat Step
Phase: Ai(1)-mm-sythis-enchantress' Declare Attackers Step
Combat: Ai(1)-mm-sythis-enchantress assigned Sythis, Harvest's Hand (100) to attack Ai(2)-mm-abaddon.
Phase: Ai(1)-mm-sythis-enchantress' Declare Blockers Step
Combat: Ai(2)-mm-abaddon didn't block Sythis, Harvest's Hand (100).
Phase: Ai(1)-mm-sythis-enchantress' First Strike Damage Step
Phase: Ai(1)-mm-sythis-enchantress' Combat Damage Step
Damage: Sythis, Harvest's Hand (100) deals 3 combat damage to Ai(2)-mm-abaddon.
Life: Life: Ai(2)-mm-abaddon 40 > 37
Phase: Ai(1)-mm-sythis-enchantress' End of Combat Step
Phase: Ai(1)-mm-sythis-enchantress' Main phase, postcombat
Phase: Ai(1)-mm-sythis-enchantress' End step
Phase: Ai(1)-mm-sythis-enchantress' Cleanup step
Turn: Turn 14 (Ai(2)-mm-abaddon)
Phase: Ai(2)-mm-abaddon's Untap step
Phase: Ai(2)-mm-abaddon's Upkeep step
Add To Stack: Ai(2)-mm-abaddon triggered The Ruinous Powers
Resolve Stack: At the beginning of your upkeep, choose an opponent at random. Exile the top card of that player's library. Until end of turn, you may play that card and you may spend mana as though it were mana of any color to cast it. When you cast a spell this way, its owner loses life equal to its mana value. [Phase: Ai(2)-mm-abaddon]
Phase: Ai(2)-mm-abaddon's Draw step
Phase: Ai(2)-mm-abaddon's Main phase, precombat
Phase: Ai(2)-mm-abaddon's Beginning of Combat Step
Phase: Ai(2)-mm-abaddon's Declare Attackers Step
Phase: Ai(2)-mm-abaddon's Declare Blockers Step
Phase: Ai(2)-mm-abaddon's First Strike Damage Step
Phase: Ai(2)-mm-abaddon's Combat Damage Step
Phase: Ai(2)-mm-abaddon's End of Combat Step
Phase: Ai(2)-mm-abaddon's Main phase, postcombat
Mana: Exotic Orchard (136) - {T}: Add one mana of any color that a land an opponent controls could produce.
Mana: Training Center (137) - {T}: Add {U} or {R}.
Mana: Mountain (185) - {T}: Add {R}.
Resolve Stack: Ai(2)-mm-abaddon has suspended Inevitable Betrayal with 3 time counters on it.
Phase: Ai(2)-mm-abaddon's End step
Phase: Ai(2)-mm-abaddon's Cleanup step
Turn: Turn 15 (Ai(3)-mm-jarad-graveyard)
Phase: Ai(3)-mm-jarad-graveyard's Untap step
Phase: Ai(3)-mm-jarad-graveyard's Upkeep step
Phase: Ai(3)-mm-jarad-graveyard's Draw step
Phase: Ai(3)-mm-jarad-graveyard's Main phase, precombat
Replacement Effect: As Overgrown Tomb enters, you may pay 2 life. If you don't, it enters tapped.
Land: Ai(3)-mm-jarad-graveyard played Overgrown Tomb (279)
Phase: Ai(3)-mm-jarad-graveyard's Beginning of Combat Step
Phase: Ai(3)-mm-jarad-graveyard's Declare Attackers Step
Combat: Ai(3)-mm-jarad-graveyard assigned Golgari Thug (246) to attack Ai(4)-mm-muldrotha-value.
Phase: Ai(3)-mm-jarad-graveyard's Declare Blockers Step
Combat: Ai(4)-mm-muldrotha-value didn't block Golgari Thug (246).
Phase: Ai(3)-mm-jarad-graveyard's First Strike Damage Step
Phase: Ai(3)-mm-jarad-graveyard's Combat Damage Step
Damage: Golgari Thug (246) deals 1 combat damage to Ai(4)-mm-muldrotha-value.
Life: Life: Ai(4)-mm-muldrotha-value 37 > 36
Phase: Ai(3)-mm-jarad-graveyard's End of Combat Step
Phase: Ai(3)-mm-jarad-graveyard's Main phase, postcombat
Mana: Forest (228) - {T}: Add {G}.
Mana: Forest (231) - {T}: Add {G}.
Mana: Deathcap Glade (243) - {T}: Add {B} or {G}.
Add To Stack: Ai(3)-mm-jarad-graveyard cast Ramunap Excavator
Resolve Stack: Ramunap Excavator - Creature 2 / 3
Phase: Ai(3)-mm-jarad-graveyard's End step
Phase: Ai(3)-mm-jarad-graveyard's Cleanup step
Turn: Turn 16 (Ai(4)-mm-muldrotha-value)
Phase: Ai(4)-mm-muldrotha-value's Untap step
Phase: Ai(4)-mm-muldrotha-value's Upkeep step
Mana: Woodland Cemetery (393) - {T}: Add {B} or {G}.
Add To Stack: Ai(4)-mm-muldrotha-value activated Hermit Druid
Resolve Stack: Hermit Druid (341) - Ai(4)-mm-muldrotha-valuereveals cards from their library until revealing a basic land card. Put that card into their hand and all other cards into their graveyard.
Phase: Ai(4)-mm-muldrotha-value's Draw step
Zone Change: Ai(4)-mm-muldrotha-value milled Pernicious Deed (385), Victimize (350) and Mystic Remora (315).
Replacement Effect: Life from the Loam - Dredge 3
Phase: Ai(4)-mm-muldrotha-value's Main phase, precombat
Land: Ai(4)-mm-muldrotha-value played Swamp (365)
Phase: Ai(4)-mm-muldrotha-value's Beginning of Combat Step
Phase: Ai(4)-mm-muldrotha-value's Declare Attackers Step
Combat: Ai(4)-mm-muldrotha-value assigned Siren Stormtamer (305) to attack Ai(3)-mm-jarad-graveyard.
Phase: Ai(4)-mm-muldrotha-value's Declare Blockers Step
Combat: Ai(3)-mm-jarad-graveyard didn't block Siren Stormtamer (305).
Phase: Ai(4)-mm-muldrotha-value's First Strike Damage Step
Phase: Ai(4)-mm-muldrotha-value's Combat Damage Step
Damage: Siren Stormtamer (305) deals 1 combat damage to Ai(3)-mm-jarad-graveyard.
Life: Life: Ai(3)-mm-jarad-graveyard 38 > 37
Phase: Ai(4)-mm-muldrotha-value's End of Combat Step
Phase: Ai(4)-mm-muldrotha-value's Main phase, postcombat
Phase: Ai(4)-mm-muldrotha-value's End step
Phase: Ai(4)-mm-muldrotha-value's Cleanup step
Turn: Turn 17 (Ai(1)-mm-sythis-enchantress)
Phase: Ai(1)-mm-sythis-enchantress' Untap step
Phase: Ai(1)-mm-sythis-enchantress' Upkeep step
Add To Stack: Ai(1)-mm-sythis-enchantress triggered Resurgent Belief
Resolve Stack: At the beginning of your upkeep, if this card is suspended, remove a time counter from it [Phase: Ai(1)-mm-sythis-enchantress]
Add To Stack: Ai(1)-mm-sythis-enchantress triggered Resurgent Belief
Resolve Stack: When the last time counter is removed from this card, if it's exiled, you may play it without paying its mana cost if able.  If you can't, it remains exiled. If you cast a creature spell this way, it gains haste until you lose control of the spell or the permanent it becomes. [Removed from: Resurgent Belief (75)]
Phase: Ai(1)-mm-sythis-enchantress' Draw step
Phase: Ai(1)-mm-sythis-enchantress' Main phase, precombat
Land: Ai(1)-mm-sythis-enchantress played Sungrass Prairie (6)
Mana: Forest (42) - {T}: Add {G}.
Add To Stack: Ai(1)-mm-sythis-enchantress cast Abundant Growth targeting [Command Tower (20)]
Add To Stack: Ai(1)-mm-sythis-enchantress triggered Sythis, Harvest's Hand
Life: Life: Ai(1)-mm-sythis-enchantress 40 > 41
Resolve Stack: Whenever you cast an enchantment spell, you gain 1 life and draw a card. [Card: Abundant Growth (18), Activator: Ai(1)-mm-sythis-enchantress, SpellAbility: Abundant Growth]
Resolve Stack: Abundant Growth (18) -  Attach to Command Tower (20)
Add To Stack: Ai(1)-mm-sythis-enchantress triggered Abundant Growth
Resolve Stack: When Abundant Growth enters, draw a card. [Zone Changer: Abundant Growth (18)]
Phase: Ai(1)-mm-sythis-enchantress' Beginning of Combat Step
Phase: Ai(1)-mm-sythis-enchantress' Declare Attackers Step
Phase: Ai(1)-mm-sythis-enchantress' Declare Blockers Step
Phase: Ai(1)-mm-sythis-enchantress' First Strike Damage Step
Phase: Ai(1)-mm-sythis-enchantress' Combat Damage Step
Phase: Ai(1)-mm-sythis-enchantress' End of Combat Step
Phase: Ai(1)-mm-sythis-enchantress' Main phase, postcombat
Phase: Ai(1)-mm-sythis-enchantress' End step
Phase: Ai(1)-mm-sythis-enchantress' Cleanup step
Turn: Turn 18 (Ai(2)-mm-abaddon)
Phase: Ai(2)-mm-abaddon's Untap step
Phase: Ai(2)-mm-abaddon's Upkeep step
Add To Stack: Ai(2)-mm-abaddon triggered The Ruinous Powers
Add To Stack: Ai(2)-mm-abaddon triggered Inevitable Betrayal
Resolve Stack: At the beginning of your upkeep, if this card is suspended, remove a time counter from it [Phase: Ai(2)-mm-abaddon]
Resolve Stack: At the beginning of your upkeep, choose an opponent at random. Exile the top card of that player's library. Until end of turn, you may play that card and you may spend mana as though it were mana of any color to cast it. When you cast a spell this way, its owner loses life equal to its mana value. [Phase: Ai(2)-mm-abaddon]
Phase: Ai(2)-mm-abaddon's Draw step
Phase: Ai(2)-mm-abaddon's Main phase, precombat
Mana: Mountain (185) - {T}: Add {R}.
Mana: Exotic Orchard (136) - {T}: Add one mana of any color that a land an opponent controls could produce.
Mana: Training Center (137) - {T}: Add {U} or {R}.
Add To Stack: Ai(2)-mm-abaddon cast Blasphemous Act
Mana: Command Tower (20) - {T}: Add one mana of any color in your commander's color identity.
Mana: Plains (83) - {T}: Add {W}.
Add To Stack: Ai(1)-mm-sythis-enchantress cast Heroic Intervention
Resolve Stack: Heroic Intervention (81) - Permanents you control gain hexproof and indestructible until end of turn.
Damage: Blasphemous Act (114) deals 13 damage to Sythis, Harvest's Hand (100).
Damage: Blasphemous Act (114) deals 13 damage to Fiend Artisan (239).
Damage: Blasphemous Act (114) deals 13 damage to Golgari Thug (246).
Damage: Blasphemous Act (114) deals 13 damage to Ramunap Excavator (225).
Damage: Blasphemous Act (114) deals 13 damage to Siren Stormtamer (305).
Damage: Blasphemous Act (114) deals 13 damage to Hermit Druid (341).
Resolve Stack: Blasphemous Act (114) - Deals 13 damage to each creature.
Zone Change: Fiend Artisan (239) was put into Graveyard from Battlefield.
Zone Change: Golgari Thug (246) was put into Graveyard from Battlefield.
Zone Change: Ramunap Excavator (225) was put into Graveyard from Battlefield.
Zone Change: Siren Stormtamer (305) was put into Graveyard from Battlefield.
Zone Change: Hermit Druid (341) was put into Graveyard from Battlefield.
Add To Stack: Ai(3)-mm-jarad-graveyard triggered Golgari Thug targeting [Ramunap Excavator (225)]
Resolve Stack: When Golgari Thug dies, put target creature card from your graveyard on top of your library. (Targeting: [[Ramunap Excavator (225)]]) [Zone Changer: Golgari Thug (246)]
Phase: Ai(2)-mm-abaddon's Beginning of Combat Step
Phase: Ai(2)-mm-abaddon's Declare Attackers Step
Phase: Ai(2)-mm-abaddon's Declare Blockers Step
Phase: Ai(2)-mm-abaddon's First Strike Damage Step
Phase: Ai(2)-mm-abaddon's Combat Damage Step
Phase: Ai(2)-mm-abaddon's End of Combat Step
Phase: Ai(2)-mm-abaddon's Main phase, postcombat
Phase: Ai(2)-mm-abaddon's End step
Phase: Ai(2)-mm-abaddon's Cleanup step
Turn: Turn 19 (Ai(3)-mm-jarad-graveyard)
Phase: Ai(3)-mm-jarad-graveyard's Untap step
Phase: Ai(3)-mm-jarad-graveyard's Upkeep step
Phase: Ai(3)-mm-jarad-graveyard's Draw step
Zone Change: Ai(3)-mm-jarad-graveyard milled Ramunap Excavator (225), Stitcher's Supplier (287), Swamp (261) and Grisly Salvage (247).
Replacement Effect: Golgari Thug - Dredge 4
Phase: Ai(3)-mm-jarad-graveyard's Main phase, precombat
Replacement Effect: Dakmor Salvage enters tapped.
Land: Ai(3)-mm-jarad-graveyard played Dakmor Salvage (274)
Mana: Deathcap Glade (243) - {T}: Add {B} or {G}.
Add To Stack: Ai(3)-mm-jarad-graveyard cast Reanimate targeting [Syr Konrad, the Grim (396)]
Life: Life: Ai(3)-mm-jarad-graveyard 37 > 32
Resolve Stack: Reanimate (257) - Return Syr Konrad, the Grim (396) from the graveyard to the battlefield under your control. Ai(3)-mm-jarad-graveyard loses 0 life. 
Phase: Ai(3)-mm-jarad-graveyard's Beginning of Combat Step
Phase: Ai(3)-mm-jarad-graveyard's Declare Attackers Step
Phase: Ai(3)-mm-jarad-graveyard's Declare Blockers Step
Phase: Ai(3)-mm-jarad-graveyard's First Strike Damage Step
Phase: Ai(3)-mm-jarad-graveyard's Combat Damage Step
Phase: Ai(3)-mm-jarad-graveyard's End of Combat Step
Phase: Ai(3)-mm-jarad-graveyard's Main phase, postcombat
Mana: Overgrown Tomb (279) - {T}: Add {B}.
Mana: Forest (228) - {T}: Add {G}.
Mana: Forest (231) - {T}: Add {G}.
Add To Stack: Ai(3)-mm-jarad-graveyard cast Old Stickfingers
Add To Stack: Ai(3)-mm-jarad-graveyard triggered Old Stickfingers
Resolve Stack: When you cast Old Stickfingers, reveal cards from the top of your library until you reveal X creature cards. Put all the creature cards revealed this way into your graveyard and the rest on the bottom of your library in a random order. [Card: Old Stickfingers (205), Activator: Ai(3)-mm-jarad-graveyard, SpellAbility: Old Stickfingers - Creature * / * (X=0)]
Add To Stack: Ai(3)-mm-jarad-graveyard triggered Syr Konrad, the Grim
Damage: Syr Konrad, the Grim (396) deals 1 non-combat damage to Ai(1)-mm-sythis-enchantress.
Damage: Syr Konrad, the Grim (396) deals 1 non-combat damage to Ai(2)-mm-abaddon.
Damage: Syr Konrad, the Grim (396) deals 1 non-combat damage to Ai(4)-mm-muldrotha-value.
Life: Life: Ai(1)-mm-sythis-enchantress 41 > 40
Life: Life: Ai(2)-mm-abaddon 37 > 36
Life: Life: Ai(4)-mm-muldrotha-value 36 > 35
Resolve Stack: Whenever another creature dies, or a creature card is put into a graveyard from anywhere other than the battlefield, or a creature card leaves your graveyard, Syr Konrad, the Grim deals 1 damage to each opponent. [Zone Changer: Elvish Mystic (210)]
Resolve Stack: Old Stickfingers - Creature * / * (X=1)
Phase: Ai(3)-mm-jarad-graveyard's End step
Phase: Ai(3)-mm-jarad-graveyard's Cleanup step
Turn: Turn 20 (Ai(4)-mm-muldrotha-value)
Phase: Ai(4)-mm-muldrotha-value's Untap step
Phase: Ai(4)-mm-muldrotha-value's Upkeep step
Mana: Woodland Cemetery (393) - {T}: Add {B} or {G}.
Mana: Swamp (365) - {T}: Add {B}.
Mana: Island (339) - {T}: Add {U}.
Zone Change: Island (339) was put into Graveyard from Battlefield.
Add To Stack: Ai(4)-mm-muldrotha-value cast Harrow
Resolve Stack: Harrow (386) - Ai(4)-mm-muldrotha-value searches their library for  up to two basic land cards, puts them onto the battlefield, then shuffles.
Phase: Ai(4)-mm-muldrotha-value's Draw step
Phase: Ai(4)-mm-muldrotha-value's Main phase, precombat
Phase: Ai(4)-mm-muldrotha-value's Beginning of Combat Step
Phase: Ai(4)-mm-muldrotha-value's Declare Attackers Step
Phase: Ai(4)-mm-muldrotha-value's Declare Blockers Step
Phase: Ai(4)-mm-muldrotha-value's First Strike Damage Step
Phase: Ai(4)-mm-muldrotha-value's Combat Damage Step
Phase: Ai(4)-mm-muldrotha-value's End of Combat Step
Phase: Ai(4)-mm-muldrotha-value's Main phase, postcombat
Phase: Ai(4)-mm-muldrotha-value's End step
Phase: Ai(4)-mm-muldrotha-value's Cleanup step
Turn: Turn 21 (Ai(1)-mm-sythis-enchantress)
Phase: Ai(1)-mm-sythis-enchantress' Untap step
Phase: Ai(1)-mm-sythis-enchantress' Upkeep step
Phase: Ai(1)-mm-sythis-enchantress' Draw step
Phase: Ai(1)-mm-sythis-enchantress' Main phase, precombat
Replacement Effect: Sunpetal Grove enters tapped unless you control a Forest or a Plains.
Land: Ai(1)-mm-sythis-enchantress played Sunpetal Grove (63)
Phase: Ai(1)-mm-sythis-enchantress' Beginning of Combat Step
Phase: Ai(1)-mm-sythis-enchantress' Declare Attackers Step
Phase: Ai(1)-mm-sythis-enchantress' Declare Blockers Step
Phase: Ai(1)-mm-sythis-enchantress' First Strike Damage Step
Phase: Ai(1)-mm-sythis-enchantress' Combat Damage Step
Phase: Ai(1)-mm-sythis-enchantress' End of Combat Step
Phase: Ai(1)-mm-sythis-enchantress' Main phase, postcombat
Mana: Plains (83) - {T}: Add {W}.
Mana: Forest (42) - {T}: Add {G}.
Mana: Sunpetal Grove (63) - {T}: Add {G} or {W}.
Mana: Command Tower (20) - {T}: Add one mana of any color in your commander's color identity.
Mana: Brushland (96) - {T}: Add {C}.
Add To Stack: Ai(1)-mm-sythis-enchantress cast Sphere of Safety
Add To Stack: Ai(1)-mm-sythis-enchantress triggered Sythis, Harvest's Hand
Life: Life: Ai(1)-mm-sythis-enchantress 40 > 41
Resolve Stack: Whenever you cast an enchantment spell, you gain 1 life and draw a card. [Card: Sphere of Safety (26), Activator: Ai(1)-mm-sythis-enchantress, SpellAbility: Sphere of Safety]
Resolve Stack: Sphere of Safety
Phase: Ai(1)-mm-sythis-enchantress' End step
Phase: Ai(1)-mm-sythis-enchantress' Cleanup step
Turn: Turn 22 (Ai(2)-mm-abaddon)
Phase: Ai(2)-mm-abaddon's Untap step
Phase: Ai(2)-mm-abaddon's Upkeep step
Add To Stack: Ai(2)-mm-abaddon triggered The Ruinous Powers
Add To Stack: Ai(2)-mm-abaddon triggered Inevitable Betrayal
Resolve Stack: At the beginning of your upkeep, if this card is suspended, remove a time counter from it [Phase: Ai(2)-mm-abaddon]
Resolve Stack: At the beginning of your upkeep, choose an opponent at random. Exile the top card of that player's library. Until end of turn, you may play that card and you may spend mana as though it were mana of any color to cast it. When you cast a spell this way, its owner loses life equal to its mana value. [Phase: Ai(2)-mm-abaddon]
Phase: Ai(2)-mm-abaddon's Draw step
Phase: Ai(2)-mm-abaddon's Main phase, precombat
Phase: Ai(2)-mm-abaddon's Beginning of Combat Step
Phase: Ai(2)-mm-abaddon's Declare Attackers Step
Phase: Ai(2)-mm-abaddon's Declare Blockers Step
Phase: Ai(2)-mm-abaddon's First Strike Damage Step
Phase: Ai(2)-mm-abaddon's Combat Damage Step
Phase: Ai(2)-mm-abaddon's End of Combat Step
Phase: Ai(2)-mm-abaddon's Main phase, postcombat
Mana: Mountain (185) - {T}: Add {R}.
Mana: Exotic Orchard (136) - {T}: Add one mana of any color that a land an opponent controls could produce.
Mana: Training Center (137) - {T}: Add {U} or {R}.
Mana: Arcane Signet (195) - {T}: Add one mana of any color in your commander's color identity.
Add To Stack: Ai(2)-mm-abaddon cast Dark Apostle
Resolve Stack: Dark Apostle - Creature 3 / 3
Phase: Ai(2)-mm-abaddon's End step
Phase: Ai(2)-mm-abaddon's Cleanup step
Turn: Turn 23 (Ai(3)-mm-jarad-graveyard)
Phase: Ai(3)-mm-jarad-graveyard's Untap step
Phase: Ai(3)-mm-jarad-graveyard's Upkeep step
Phase: Ai(3)-mm-jarad-graveyard's Draw step
Phase: Ai(3)-mm-jarad-graveyard's Main phase, precombat
Phase: Ai(3)-mm-jarad-graveyard's Beginning of Combat Step
Phase: Ai(3)-mm-jarad-graveyard's Declare Attackers Step
Mana: Forest (228) - {T}: Add {G}.
Mana: Forest (231) - {T}: Add {G}.
Mana: Dakmor Salvage (274) - {T}: Add {B}.
Mana: Deathcap Glade (243) - {T}: Add {B} or {G}.
Combat: Ai(3)-mm-jarad-graveyard assigned Syr Konrad, the Grim (396) to attack Ai(1)-mm-sythis-enchantress.
Phase: Ai(3)-mm-jarad-graveyard's Declare Blockers Step
Combat: Ai(1)-mm-sythis-enchantress didn't block Syr Konrad, the Grim (396).
Phase: Ai(3)-mm-jarad-graveyard's First Strike Damage Step
Phase: Ai(3)-mm-jarad-graveyard's Combat Damage Step
Damage: Syr Konrad, the Grim (396) deals 5 combat damage to Ai(1)-mm-sythis-enchantress.
Life: Life: Ai(1)-mm-sythis-enchantress 41 > 36
Phase: Ai(3)-mm-jarad-graveyard's End of Combat Step
Phase: Ai(3)-mm-jarad-graveyard's Main phase, postcombat
Phase: Ai(3)-mm-jarad-graveyard's End step
Phase: Ai(3)-mm-jarad-graveyard's Cleanup step
Turn: Turn 24 (Ai(4)-mm-muldrotha-value)
Phase: Ai(4)-mm-muldrotha-value's Untap step
Phase: Ai(4)-mm-muldrotha-value's Upkeep step
Phase: Ai(4)-mm-muldrotha-value's Draw step
Phase: Ai(4)-mm-muldrotha-value's Main phase, precombat
Land: Ai(4)-mm-muldrotha-value played Fabled Passage (311)
Zone Change: Fabled Passage (311) was put into Graveyard from Battlefield.
Add To Stack: Ai(4)-mm-muldrotha-value activated Fabled Passage
Resolve Stack: Fabled Passage (311) - Search your library for a basic land card, put it onto the battlefield tapped, then shuffle. Then if you control four or more lands, untap that land.  
Mana: Swamp (365) - {T}: Add {B}.
Add To Stack: Ai(4)-mm-muldrotha-value cast Reanimate targeting [Ramunap Excavator (225)]
Life: Life: Ai(4)-mm-muldrotha-value 35 > 32
Resolve Stack: Reanimate (361) - Return Ramunap Excavator (225) from the graveyard to the battlefield under your control. Ai(4)-mm-muldrotha-value loses 0 life. 
Add To Stack: Ai(3)-mm-jarad-graveyard triggered Syr Konrad, the Grim
Damage: Syr Konrad, the Grim (396) deals 1 non-combat damage to Ai(1)-mm-sythis-enchantress.
Damage: Syr Konrad, the Grim (396) deals 1 non-combat damage to Ai(2)-mm-abaddon.
Damage: Syr Konrad, the Grim (396) deals 1 non-combat damage to Ai(4)-mm-muldrotha-value.
Life: Life: Ai(1)-mm-sythis-enchantress 36 > 35
Life: Life: Ai(2)-mm-abaddon 36 > 35
Life: Life: Ai(4)-mm-muldrotha-value 32 > 31
Resolve Stack: Whenever another creature dies, or a creature card is put into a graveyard from anywhere other than the battlefield, or a creature card leaves your graveyard, Syr Konrad, the Grim deals 1 damage to each opponent. [Zone Changer: Ramunap Excavator (225)]
Phase: Ai(4)-mm-muldrotha-value's Beginning of Combat Step
Phase: Ai(4)-mm-muldrotha-value's Declare Attackers Step
Phase: Ai(4)-mm-muldrotha-value's Declare Blockers Step
Phase: Ai(4)-mm-muldrotha-value's First Strike Damage Step
Phase: Ai(4)-mm-muldrotha-value's Combat Damage Step
Phase: Ai(4)-mm-muldrotha-value's End of Combat Step
Phase: Ai(4)-mm-muldrotha-value's Main phase, postcombat
Mana: Woodland Cemetery (393) - {T}: Add {B} or {G}.
Mana: Forest (342) - {T}: Add {G}.
Mana: Island (337) - {T}: Add {U}.
Mana: Island (336) - {T}: Add {U}.
Add To Stack: Ai(4)-mm-muldrotha-value cast Teval, the Balanced Scale
Resolve Stack: Teval, the Balanced Scale - Creature 4 / 4
Phase: Ai(4)-mm-muldrotha-value's End step
Phase: Ai(4)-mm-muldrotha-value's Cleanup step
Turn: Turn 25 (Ai(1)-mm-sythis-enchantress)
Phase: Ai(1)-mm-sythis-enchantress' Untap step
Phase: Ai(1)-mm-sythis-enchantress' Upkeep step
Phase: Ai(1)-mm-sythis-enchantress' Draw step
Phase: Ai(1)-mm-sythis-enchantress' Main phase, precombat
Land: Ai(1)-mm-sythis-enchantress played Forest (38)
Mana: Plains (83) - {T}: Add {W}.
Mana: Sunpetal Grove (63) - {T}: Add {G} or {W}.
Mana: Forest (42) - {T}: Add {G}.
Mana: Forest (38) - {T}: Add {G}.
Mana: Command Tower (20) - {T}: Add one mana of any color in your commander's color identity.
Add To Stack: Ai(1)-mm-sythis-enchantress cast Winds of Rath
Zone Change: Dark Apostle (144) was put into Graveyard from Battlefield.
Zone Change: Old Stickfingers (205) was put into Graveyard from Battlefield.
Zone Change: Ramunap Excavator (225) was put into Graveyard from Battlefield.
Zone Change: Syr Konrad, the Grim (396) was put into Graveyard from Battlefield.
Zone Change: Teval, the Balanced Scale (398) was put into Graveyard from Battlefield.
Resolve Stack: Winds of Rath (78) - Destroy all creatures that aren't enchanted. They can't be regenerated.
Add To Stack: Ai(3)-mm-jarad-graveyard triggered Syr Konrad, the Grim
Add To Stack: Ai(3)-mm-jarad-graveyard triggered Syr Konrad, the Grim
Add To Stack: Ai(3)-mm-jarad-graveyard triggered Syr Konrad, the Grim
Add To Stack: Ai(3)-mm-jarad-graveyard triggered Syr Konrad, the Grim
Damage: Syr Konrad, the Grim (396) deals 1 non-combat damage to Ai(1)-mm-sythis-enchantress.
Damage: Syr Konrad, the Grim (396) deals 1 non-combat damage to Ai(2)-mm-abaddon.
Damage: Syr Konrad, the Grim (396) deals 1 non-combat damage to Ai(4)-mm-muldrotha-value.
Life: Life: Ai(1)-mm-sythis-enchantress 35 > 34
Life: Life: Ai(2)-mm-abaddon 35 > 34
Life: Life: Ai(4)-mm-muldrotha-value 31 > 30
Resolve Stack: Whenever another creature dies, or a creature card is put into a graveyard from anywhere other than the battlefield, or a creature card leaves your graveyard, Syr Konrad, the Grim deals 1 damage to each opponent. [Zone Changer: Teval, the Balanced Scale (398)]
Damage: Syr Konrad, the Grim (396) deals 1 non-combat damage to Ai(1)-mm-sythis-enchantress.
Damage: Syr Konrad, the Grim (396) deals 1 non-combat damage to Ai(2)-mm-abaddon.
Damage: Syr Konrad, the Grim (396) deals 1 non-combat damage to Ai(4)-mm-muldrotha-value.
Life: Life: Ai(1)-mm-sythis-enchantress 34 > 33
Life: Life: Ai(2)-mm-abaddon 34 > 33
Life: Life: Ai(4)-mm-muldrotha-value 30 > 29
Resolve Stack: Whenever another creature dies, or a creature card is put into a graveyard from anywhere other than the battlefield, or a creature card leaves your graveyard, Syr Konrad, the Grim deals 1 damage to each opponent. [Zone Changer: Ramunap Excavator (225)]
Damage: Syr Konrad, the Grim (396) deals 1 non-combat damage to Ai(1)-mm-sythis-enchantress.
Damage: Syr Konrad, the Grim (396) deals 1 non-combat damage to Ai(2)-mm-abaddon.
Damage: Syr Konrad, the Grim (396) deals 1 non-combat damage to Ai(4)-mm-muldrotha-value.
Life: Life: Ai(1)-mm-sythis-enchantress 33 > 32
Life: Life: Ai(2)-mm-abaddon 33 > 32
Life: Life: Ai(4)-mm-muldrotha-value 29 > 28
Resolve Stack: Whenever another creature dies, or a creature card is put into a graveyard from anywhere other than the battlefield, or a creature card leaves your graveyard, Syr Konrad, the Grim deals 1 damage to each opponent. [Zone Changer: Old Stickfingers (205)]
Damage: Syr Konrad, the Grim (396) deals 1 non-combat damage to Ai(1)-mm-sythis-enchantress.
Damage: Syr Konrad, the Grim (396) deals 1 non-combat damage to Ai(2)-mm-abaddon.
Damage: Syr Konrad, the Grim (396) deals 1 non-combat damage to Ai(4)-mm-muldrotha-value.
Life: Life: Ai(1)-mm-sythis-enchantress 32 > 31
Life: Life: Ai(2)-mm-abaddon 32 > 31
Life: Life: Ai(4)-mm-muldrotha-value 28 > 27
Resolve Stack: Whenever another creature dies, or a creature card is put into a graveyard from anywhere other than the battlefield, or a creature card leaves your graveyard, Syr Konrad, the Grim deals 1 damage to each opponent. [Zone Changer: Dark Apostle (144)]
Phase: Ai(1)-mm-sythis-enchantress' Beginning of Combat Step
Phase: Ai(1)-mm-sythis-enchantress' Declare Attackers Step
Combat: Ai(1)-mm-sythis-enchantress assigned Sythis, Harvest's Hand (100) to attack Ai(2)-mm-abaddon.
Phase: Ai(1)-mm-sythis-enchantress' Declare Blockers Step
Combat: Ai(2)-mm-abaddon didn't block Sythis, Harvest's Hand (100).
Phase: Ai(1)-mm-sythis-enchantress' First Strike Damage Step
Phase: Ai(1)-mm-sythis-enchantress' Combat Damage Step
Damage: Sythis, Harvest's Hand (100) deals 3 combat damage to Ai(2)-mm-abaddon.
Life: Life: Ai(2)-mm-abaddon 31 > 28
Phase: Ai(1)-mm-sythis-enchantress' End of Combat Step
Phase: Ai(1)-mm-sythis-enchantress' Main phase, postcombat
Phase: Ai(1)-mm-sythis-enchantress' End step
Phase: Ai(1)-mm-sythis-enchantress' Cleanup step
Turn: Turn 26 (Ai(2)-mm-abaddon)
Phase: Ai(2)-mm-abaddon's Untap step
Phase: Ai(2)-mm-abaddon's Upkeep step
Add To Stack: Ai(2)-mm-abaddon triggered The Ruinous Powers
Add To Stack: Ai(2)-mm-abaddon triggered Inevitable Betrayal
Resolve Stack: At the beginning of your upkeep, if this card is suspended, remove a time counter from it [Phase: Ai(2)-mm-abaddon]
Add To Stack: Ai(2)-mm-abaddon triggered Inevitable Betrayal
Add To Stack: Ai(2)-mm-abaddon cast Inevitable Betrayal targeting [Ai(1)-mm-sythis-enchantress]
Resolve Stack: When the last time counter is removed from this card, if it's exiled, you may play it without paying its mana cost if able.  If you can't, it remains exiled. If you cast a creature spell this way, it gains haste until you lose control of the spell or the permanent it becomes. [Removed from: Inevitable Betrayal (142)]
Resolve Stack: Inevitable Betrayal (142) - Search target opponent's library for a creature card and put that card onto the battlefield under your control. Then that player shuffles. (Targeting: Ai(1)-mm-sythis-enchantress)
Resolve Stack: At the beginning of your upkeep, choose an opponent at random. Exile the top card of that player's library. Until end of turn, you may play that card and you may spend mana as though it were mana of any color to cast it. When you cast a spell this way, its owner loses life equal to its mana value. [Phase: Ai(2)-mm-abaddon]
Phase: Ai(2)-mm-abaddon's Draw step
Phase: Ai(2)-mm-abaddon's Main phase, precombat
Land: Ai(2)-mm-abaddon played Shivan Reef (139)
Phase: Ai(2)-mm-abaddon's Beginning of Combat Step
Phase: Ai(2)-mm-abaddon's Declare Attackers Step
Phase: Ai(2)-mm-abaddon's Declare Blockers Step
Phase: Ai(2)-mm-abaddon's First Strike Damage Step
Phase: Ai(2)-mm-abaddon's Combat Damage Step
Phase: Ai(2)-mm-abaddon's End of Combat Step
Phase: Ai(2)-mm-abaddon's Main phase, postcombat
Mana: Mountain (185) - {T}: Add {R}.
Mana: Exotic Orchard (136) - {T}: Add one mana of any color that a land an opponent controls could produce.
Zone Change: Shivan Reef (139) was put into Graveyard from Battlefield.
Add To Stack: Ai(2)-mm-abaddon cast Souls of the Lost
Add To Stack: Ai(2)-mm-abaddon triggered The Ruinous Powers (176)'s Effect
Life: Life: Ai(3)-mm-jarad-graveyard 32 > 30
Resolve Stack: When you cast a spell this way, its owner loses life equal to its mana value. [Card: Souls of the Lost (209), Activator: Ai(2)-mm-abaddon, SpellAbility: Souls of the Lost - Creature * / *+1 by The Ruinous Powers (176) (may spend mana as though it were mana of any color to cast it) (Additional cost: Sacrifice a permanent)]
Resolve Stack: Souls of the Lost - Creature * / *+1
Mana: Training Center (137) - {T}: Add {U} or {R}.
Mana: Arcane Signet (195) - {T}: Add one mana of any color in your commander's color identity.
Add To Stack: Ai(2)-mm-abaddon cast Talisman of Dominance
Resolve Stack: Talisman of Dominance
Phase: Ai(2)-mm-abaddon's End step
Phase: Ai(2)-mm-abaddon's Cleanup step
Turn: Turn 27 (Ai(3)-mm-jarad-graveyard)
Phase: Ai(3)-mm-jarad-graveyard's Untap step
Phase: Ai(3)-mm-jarad-graveyard's Upkeep step
Phase: Ai(3)-mm-jarad-graveyard's Draw step
Phase: Ai(3)-mm-jarad-graveyard's Main phase, precombat
Replacement Effect: Temple of Malady enters tapped.
Land: Ai(3)-mm-jarad-graveyard played Temple of Malady (224)
Add To Stack: Ai(3)-mm-jarad-graveyard triggered Temple of Malady
Resolve Stack: Ai(3)-mm-jarad-graveyard scried 1 card(s) to the top of the library
Resolve Stack: When Temple of Malady enters, scry 1. [Zone Changer: Temple of Malady (224)]
Phase: Ai(3)-mm-jarad-graveyard's Beginning of Combat Step
Phase: Ai(3)-mm-jarad-graveyard's Declare Attackers Step
Phase: Ai(3)-mm-jarad-graveyard's Declare Blockers Step
Phase: Ai(3)-mm-jarad-graveyard's First Strike Damage Step
Phase: Ai(3)-mm-jarad-graveyard's Combat Damage Step
Phase: Ai(3)-mm-jarad-graveyard's End of Combat Step
Phase: Ai(3)-mm-jarad-graveyard's Main phase, postcombat
Mana: Forest (228) - {T}: Add {G}.
Mana: Forest (231) - {T}: Add {G}.
Add To Stack: Ai(3)-mm-jarad-graveyard cast Boneyard Wurm
Resolve Stack: Boneyard Wurm - Creature * / *
Mana: Deathcap Glade (243) - {T}: Add {B} or {G}.
Mana: Dakmor Salvage (274) - {T}: Add {B}.
Add To Stack: Ai(3)-mm-jarad-graveyard cast Wight of the Reliquary
Resolve Stack: Wight of the Reliquary - Creature 2 / 2
Phase: Ai(3)-mm-jarad-graveyard's End step
Phase: Ai(3)-mm-jarad-graveyard's Cleanup step
Turn: Turn 28 (Ai(4)-mm-muldrotha-value)
Phase: Ai(4)-mm-muldrotha-value's Untap step
Phase: Ai(4)-mm-muldrotha-value's Upkeep step
Phase: Ai(4)-mm-muldrotha-value's Draw step
Phase: Ai(4)-mm-muldrotha-value's Main phase, precombat
Land: Ai(4)-mm-muldrotha-value played Exotic Orchard (352)
Phase: Ai(4)-mm-muldrotha-value's Beginning of Combat Step
Phase: Ai(4)-mm-muldrotha-value's Declare Attackers Step
Phase: Ai(4)-mm-muldrotha-value's Declare Blockers Step
Phase: Ai(4)-mm-muldrotha-value's First Strike Damage Step
Phase: Ai(4)-mm-muldrotha-value's Combat Damage Step
Phase: Ai(4)-mm-muldrotha-value's End of Combat Step
Phase: Ai(4)-mm-muldrotha-value's Main phase, postcombat
Mana: Island (337) - {T}: Add {U}.
Mana: Exotic Orchard (352) - {T}: Add one mana of any color that a land an opponent controls could produce.
Mana: Forest (342) - {T}: Add {G}.
Mana: Swamp (365) - {T}: Add {B}.
Mana: Island (336) - {T}: Add {U}.
Mana: Woodland Cemetery (393) - {T}: Add {B} or {G}.
Add To Stack: Ai(4)-mm-muldrotha-value cast Muldrotha, the Gravetide
Resolve Stack: Muldrotha, the Gravetide - Creature 6 / 6
Phase: Ai(4)-mm-muldrotha-value's End step
Phase: Ai(4)-mm-muldrotha-value's Cleanup step
Turn: Turn 29 (Ai(1)-mm-sythis-enchantress)
Phase: Ai(1)-mm-sythis-enchantress' Untap step
Phase: Ai(1)-mm-sythis-enchantress' Upkeep step
Phase: Ai(1)-mm-sythis-enchantress' Draw step
Phase: Ai(1)-mm-sythis-enchantress' Main phase, precombat
Land: Ai(1)-mm-sythis-enchantress played Plains (84)
Phase: Ai(1)-mm-sythis-enchantress' Beginning of Combat Step
Phase: Ai(1)-mm-sythis-enchantress' Declare Attackers Step
Phase: Ai(1)-mm-sythis-enchantress' Declare Blockers Step
Phase: Ai(1)-mm-sythis-enchantress' First Strike Damage Step
Phase: Ai(1)-mm-sythis-enchantress' Combat Damage Step
Phase: Ai(1)-mm-sythis-enchantress' End of Combat Step
Phase: Ai(1)-mm-sythis-enchantress' Main phase, postcombat
Mana: Plains (83) - {T}: Add {W}.
Mana: Forest (42) - {T}: Add {G}.
Mana: Forest (38) - {T}: Add {G}.
Add To Stack: Ai(1)-mm-sythis-enchantress cast Satyr Enchanter
Resolve Stack: Satyr Enchanter - Creature 2 / 2
Mana: Sunpetal Grove (63) - {T}: Add {G} or {W}.
Mana: Plains (84) - {T}: Add {W}.
Add To Stack: Ai(1)-mm-sythis-enchantress cast Sanctum Weaver
Add To Stack: Ai(1)-mm-sythis-enchantress triggered Sythis, Harvest's Hand
Add To Stack: Ai(1)-mm-sythis-enchantress triggered Satyr Enchanter
Resolve Stack: Whenever you cast an enchantment spell, draw a card. [Card: Sanctum Weaver (67), Activator: Ai(1)-mm-sythis-enchantress, SpellAbility: Sanctum Weaver - Creature 0 / 2]
Life: Life: Ai(1)-mm-sythis-enchantress 31 > 32
Resolve Stack: Whenever you cast an enchantment spell, you gain 1 life and draw a card. [Card: Sanctum Weaver (67), Activator: Ai(1)-mm-sythis-enchantress, SpellAbility: Sanctum Weaver - Creature 0 / 2]
Resolve Stack: Sanctum Weaver - Creature 0 / 2
Mana: Command Tower (20) - {T}: Add one mana of any color in your commander's color identity.
Mana: Brushland (96) - {T}: Add {C}.
Add To Stack: Ai(1)-mm-sythis-enchantress cast Destiny Spinner
Add To Stack: Ai(1)-mm-sythis-enchantress triggered Sythis, Harvest's Hand
Add To Stack: Ai(1)-mm-sythis-enchantress triggered Satyr Enchanter
Resolve Stack: Whenever you cast an enchantment spell, draw a card. [Card: Destiny Spinner (27), Activator: Ai(1)-mm-sythis-enchantress, SpellAbility: Destiny Spinner - Creature 2 / 3]
Life: Life: Ai(1)-mm-sythis-enchantress 32 > 33
Resolve Stack: Whenever you cast an enchantment spell, you gain 1 life and draw a card. [Card: Destiny Spinner (27), Activator: Ai(1)-mm-sythis-enchantress, SpellAbility: Destiny Spinner - Creature 2 / 3]
Resolve Stack: Destiny Spinner - Creature 2 / 3
Phase: Ai(1)-mm-sythis-enchantress' End step
Phase: Ai(1)-mm-sythis-enchantress' Cleanup step
Turn: Turn 30 (Ai(2)-mm-abaddon)
Phase: Ai(2)-mm-abaddon's Untap step
Phase: Ai(2)-mm-abaddon's Upkeep step
Add To Stack: Ai(2)-mm-abaddon triggered The Ruinous Powers
Resolve Stack: At the beginning of your upkeep, choose an opponent at random. Exile the top card of that player's library. Until end of turn, you may play that card and you may spend mana as though it were mana of any color to cast it. When you cast a spell this way, its owner loses life equal to its mana value. [Phase: Ai(2)-mm-abaddon]
Phase: Ai(2)-mm-abaddon's Draw step
Phase: Ai(2)-mm-abaddon's Main phase, precombat
Replacement Effect: As Overgrown Tomb enters, you may pay 2 life. If you don't, it enters tapped.
Land: Ai(2)-mm-abaddon played Overgrown Tomb (377)
Mana: Mountain (185) - {T}: Add {R}.
Mana: Exotic Orchard (136) - {T}: Add one mana of any color that a land an opponent controls could produce.
Add To Stack: Ai(2)-mm-abaddon cast Lightning Greaves
Resolve Stack: Lightning Greaves
Add To Stack: Ai(2)-mm-abaddon activated Lightning Greaves targeting [Souls of the Lost (209)]
Resolve Stack: Lightning Greaves (194) -  Attach to Souls of the Lost (209)
Phase: Ai(2)-mm-abaddon's Beginning of Combat Step
Phase: Ai(2)-mm-abaddon's Declare Attackers Step
Phase: Ai(2)-mm-abaddon's Declare Blockers Step
Phase: Ai(2)-mm-abaddon's First Strike Damage Step
Phase: Ai(2)-mm-abaddon's Combat Damage Step
Phase: Ai(2)-mm-abaddon's End of Combat Step
Phase: Ai(2)-mm-abaddon's Main phase, postcombat
Phase: Ai(2)-mm-abaddon's End step
Phase: Ai(2)-mm-abaddon's Cleanup step
Turn: Turn 31 (Ai(3)-mm-jarad-graveyard)
Phase: Ai(3)-mm-jarad-graveyard's Untap step
Phase: Ai(3)-mm-jarad-graveyard's Upkeep step
Phase: Ai(3)-mm-jarad-graveyard's Draw step
Phase: Ai(3)-mm-jarad-graveyard's Main phase, precombat
Phase: Ai(3)-mm-jarad-graveyard's Beginning of Combat Step
Phase: Ai(3)-mm-jarad-graveyard's Declare Attackers Step
Mana: Forest (228) - {T}: Add {G}.
Mana: Forest (231) - {T}: Add {G}.
Mana: Dakmor Salvage (274) - {T}: Add {B}.
Mana: Deathcap Glade (243) - {T}: Add {B} or {G}.
Mana: Temple of Malady (224) - {T}: Add {B} or {G}.
Mana: Overgrown Tomb (279) - {T}: Add {G}.
Combat: Ai(3)-mm-jarad-graveyard assigned Boneyard Wurm (300) to attack Ai(1)-mm-sythis-enchantress.
Phase: Ai(3)-mm-jarad-graveyard's Declare Blockers Step
Combat: Ai(1)-mm-sythis-enchantress didn't block Boneyard Wurm (300).
Zone Change: Boneyard Wurm (300) was put into Graveyard from Battlefield.
Add To Stack: Ai(3)-mm-jarad-graveyard activated Wight of the Reliquary
Resolve Stack: Wight of the Reliquary (260) - Ai(3)-mm-jarad-graveyard searches their library for a land card, puts it onto the battlefield tapped, then shuffles.
Phase: Ai(3)-mm-jarad-graveyard's First Strike Damage Step
Phase: Ai(3)-mm-jarad-graveyard's Combat Damage Step
Phase: Ai(3)-mm-jarad-graveyard's End of Combat Step
Phase: Ai(3)-mm-jarad-graveyard's Main phase, postcombat
Phase: Ai(3)-mm-jarad-graveyard's End step
Phase: Ai(3)-mm-jarad-graveyard's Cleanup step
Turn: Turn 32 (Ai(4)-mm-muldrotha-value)
Phase: Ai(4)-mm-muldrotha-value's Untap step
Phase: Ai(4)-mm-muldrotha-value's Upkeep step
Phase: Ai(4)-mm-muldrotha-value's Draw step
Phase: Ai(4)-mm-muldrotha-value's Main phase, precombat
Replacement Effect: Drowned Catacomb enters tapped unless you control an Island or a Swamp.
Land: Ai(4)-mm-muldrotha-value played Drowned Catacomb (389)
Mana: Swamp (365) - {T}: Add {B}.
Mana: Forest (342) - {T}: Add {G}.
Add To Stack: Ai(4)-mm-muldrotha-value cast Animate Dead targeting [Old Stickfingers (205)]
Resolve Stack: Animate Dead (307) -  Attach to Old Stickfingers (205)
Add To Stack: Ai(4)-mm-muldrotha-value triggered Animate Dead
Resolve Stack: When Animate Dead enters, if it's on the battlefield, it loses "enchant creature card in a graveyard" and gains "enchant creature put onto the battlefield with Animate Dead." Return enchanted creature card to the battlefield under your control and attach Animate Dead to it. When Animate Dead leaves the battlefield, that creature's controller sacrifices it. [Zone Changer: Animate Dead (307)]
Mana: Exotic Orchard (352) - {T}: Add one mana of any color that a land an opponent controls could produce.
Mana: Island (337) - {T}: Add {U}.
Add To Stack: Ai(4)-mm-muldrotha-value cast Farseek
Replacement Effect: Sunken Hollow enters tapped unless you control two or more basic lands.
Resolve Stack: Farseek (383) - Ai(4)-mm-muldrotha-value searches their library for a Plains, Island, Swamp or Mountain card, puts it onto the battlefield tapped, then shuffles.
Phase: Ai(4)-mm-muldrotha-value's Beginning of Combat Step
Phase: Ai(4)-mm-muldrotha-value's Declare Attackers Step
Phase: Ai(4)-mm-muldrotha-value's Declare Blockers Step
Phase: Ai(4)-mm-muldrotha-value's First Strike Damage Step
Phase: Ai(4)-mm-muldrotha-value's Combat Damage Step
Phase: Ai(4)-mm-muldrotha-value's End of Combat Step
Phase: Ai(4)-mm-muldrotha-value's Main phase, postcombat
Mana: Woodland Cemetery (393) - {T}: Add {B} or {G}.
Mana: Island (336) - {T}: Add {U}.
Add To Stack: Ai(4)-mm-muldrotha-value cast Hermit Druid
Resolve Stack: Hermit Druid - Creature 1 / 1
Phase: Ai(4)-mm-muldrotha-value's End step
Phase: Ai(4)-mm-muldrotha-value's Cleanup step
Turn: Turn 33 (Ai(1)-mm-sythis-enchantress)
Phase: Ai(1)-mm-sythis-enchantress' Untap step
Phase: Ai(1)-mm-sythis-enchantress' Upkeep step
Phase: Ai(1)-mm-sythis-enchantress' Draw step
Phase: Ai(1)-mm-sythis-enchantress' Main phase, precombat
Land: Ai(1)-mm-sythis-enchantress played Forest (43)
Mana: Plains (83) - {T}: Add {W}.
Mana: Forest (42) - {T}: Add {G}.
Mana: Forest (38) - {T}: Add {G}.
Add To Stack: Ai(1)-mm-sythis-enchantress cast Strength of the Harvest targeting [Destiny Spinner (27)]
Add To Stack: Ai(1)-mm-sythis-enchantress triggered Sythis, Harvest's Hand
Add To Stack: Ai(1)-mm-sythis-enchantress triggered Satyr Enchanter
Resolve Stack: Whenever you cast an enchantment spell, draw a card. [Card: Strength of the Harvest (82), Activator: Ai(1)-mm-sythis-enchantress, SpellAbility: Strength of the Harvest]
Life: Life: Ai(1)-mm-sythis-enchantress 33 > 34
Resolve Stack: Whenever you cast an enchantment spell, you gain 1 life and draw a card. [Card: Strength of the Harvest (82), Activator: Ai(1)-mm-sythis-enchantress, SpellAbility: Strength of the Harvest]
Resolve Stack: Strength of the Harvest (82) -  Attach to Destiny Spinner (27)
Mana: Plains (84) - {T}: Add {W}.
Add To Stack: Ai(1)-mm-sythis-enchantress cast Alseid of Life's Bounty
Add To Stack: Ai(1)-mm-sythis-enchantress triggered Sythis, Harvest's Hand
Add To Stack: Ai(1)-mm-sythis-enchantress triggered Satyr Enchanter
Resolve Stack: Whenever you cast an enchantment spell, draw a card. [Card: Alseid of Life's Bounty (47), Activator: Ai(1)-mm-sythis-enchantress, SpellAbility: Alseid of Life's Bounty - Creature 1 / 1]
Life: Life: Ai(1)-mm-sythis-enchantress 34 > 35
Resolve Stack: Whenever you cast an enchantment spell, you gain 1 life and draw a card. [Card: Alseid of Life's Bounty (47), Activator: Ai(1)-mm-sythis-enchantress, SpellAbility: Alseid of Life's Bounty - Creature 1 / 1]
Resolve Stack: Alseid of Life's Bounty - Creature 1 / 1
Phase: Ai(1)-mm-sythis-enchantress' Beginning of Combat Step
Mana: Sunpetal Grove (63) - {T}: Add {G} or {W}.
Mana: Command Tower (20) - {T}: Add one mana of any color in your commander's color identity.
Mana: Brushland (96) - {T}: Add {C}.
Mana: Sanctum Weaver (67) - {T}: Add X mana of any one color, where X is the number of enchantments you control.
Add To Stack: Ai(1)-mm-sythis-enchantress activated Destiny Spinner targeting [Forest (43)]
Resolve Stack: Destiny Spinner (27) - Forest (43) has base power and toughness 8/8  and becomes a creature Elemental and  gains trample and haste until end of turn.
Phase: Ai(1)-mm-sythis-enchantress' Declare Attackers Step
Combat: Ai(1)-mm-sythis-enchantress assigned Destiny Spinner (27) and Forest (43) to attack Ai(4)-mm-muldrotha-value.
Phase: Ai(1)-mm-sythis-enchantress' Declare Blockers Step
Combat: Ai(4)-mm-muldrotha-value didn't block Destiny Spinner (27).
Ai(4)-mm-muldrotha-value assigned Old Stickfingers (205) and Muldrotha, the Gravetide (403) to block Forest (43).
Phase: Ai(1)-mm-sythis-enchantress' First Strike Damage Step
Phase: Ai(1)-mm-sythis-enchantress' Combat Damage Step
Damage: Destiny Spinner (27) deals 12 combat damage to Ai(4)-mm-muldrotha-value.
Damage: Forest (43) deals 6 damage to Muldrotha, the Gravetide (403).
Damage: Forest (43) deals 2 damage to Old Stickfingers (205).
Damage: Old Stickfingers (205) deals 2 damage to Forest (43).
Damage: Muldrotha, the Gravetide (403) deals 6 damage to Forest (43).
Life: Life: Ai(4)-mm-muldrotha-value 27 > 15
Zone Change: Forest (43) was put into Graveyard from Battlefield.
Zone Change: Muldrotha, the Gravetide (403) was put into Graveyard from Battlefield.
Phase: Ai(1)-mm-sythis-enchantress' End of Combat Step
Phase: Ai(1)-mm-sythis-enchantress' Main phase, postcombat
Phase: Ai(1)-mm-sythis-enchantress' End step
Phase: Ai(1)-mm-sythis-enchantress' Cleanup step
Discard: Ai(1)-mm-sythis-enchantress discards Plains (93).
Turn: Turn 34 (Ai(2)-mm-abaddon)
Phase: Ai(2)-mm-abaddon's Untap step
Phase: Ai(2)-mm-abaddon's Upkeep step
Add To Stack: Ai(2)-mm-abaddon triggered The Ruinous Powers
Resolve Stack: At the beginning of your upkeep, choose an opponent at random. Exile the top card of that player's library. Until end of turn, you may play that card and you may spend mana as though it were mana of any color to cast it. When you cast a spell this way, its owner loses life equal to its mana value. [Phase: Ai(2)-mm-abaddon]
Phase: Ai(2)-mm-abaddon's Draw step
Phase: Ai(2)-mm-abaddon's Main phase, precombat
Phase: Ai(2)-mm-abaddon's Beginning of Combat Step
Phase: Ai(2)-mm-abaddon's Declare Attackers Step
Phase: Ai(2)-mm-abaddon's Declare Blockers Step
Phase: Ai(2)-mm-abaddon's First Strike Damage Step
Phase: Ai(2)-mm-abaddon's Combat Damage Step
Phase: Ai(2)-mm-abaddon's End of Combat Step
Phase: Ai(2)-mm-abaddon's Main phase, postcombat
Mana: Mountain (185) - {T}: Add {R}.
Mana: Exotic Orchard (136) - {T}: Add one mana of any color that a land an opponent controls could produce.
Mana: Training Center (137) - {T}: Add {U} or {R}.
Mana: Overgrown Tomb (377) - {T}: Add {G}.
Mana: Arcane Signet (195) - {T}: Add one mana of any color in your commander's color identity.
Mana: Talisman of Dominance (102) - {T}: Add {C}.
Add To Stack: Ai(2)-mm-abaddon cast Bloodthirster
Resolve Stack: Bloodthirster - Creature 6 / 6
Add To Stack: Ai(2)-mm-abaddon activated Lightning Greaves targeting [Bloodthirster (196)]
Resolve Stack: Lightning Greaves (194) -  Attach to Bloodthirster (196)
Phase: Ai(2)-mm-abaddon's End step
Phase: Ai(2)-mm-abaddon's Cleanup step
Turn: Turn 35 (Ai(3)-mm-jarad-graveyard)
Phase: Ai(3)-mm-jarad-graveyard's Untap step
Phase: Ai(3)-mm-jarad-graveyard's Upkeep step
Phase: Ai(3)-mm-jarad-graveyard's Draw step
Phase: Ai(3)-mm-jarad-graveyard's Main phase, precombat
Phase: Ai(3)-mm-jarad-graveyard's Beginning of Combat Step
Phase: Ai(3)-mm-jarad-graveyard's Declare Attackers Step
Phase: Ai(3)-mm-jarad-graveyard's Declare Blockers Step
Phase: Ai(3)-mm-jarad-graveyard's First Strike Damage Step
Phase: Ai(3)-mm-jarad-graveyard's Combat Damage Step
Phase: Ai(3)-mm-jarad-graveyard's End of Combat Step
Phase: Ai(3)-mm-jarad-graveyard's Main phase, postcombat
Mana: Forest (228) - {T}: Add {G}.
Mana: Forest (231) - {T}: Add {G}.
Mana: Dakmor Salvage (274) - {T}: Add {B}.
Add To Stack: Ai(3)-mm-jarad-graveyard cast Ghoultree
Resolve Stack: Ghoultree - Creature 10 / 10
Zone Change: Ghoultree (301) was put into Graveyard from Battlefield.
Add To Stack: Ai(3)-mm-jarad-graveyard activated Wight of the Reliquary
Replacement Effect: As Necroblossom Snarl enters, you may reveal a Swamp or Forest card from your hand. If you don't, Necroblossom Snarl enters tapped.
Resolve Stack: Wight of the Reliquary (260) - Ai(3)-mm-jarad-graveyard searches their library for a land card, puts it onto the battlefield tapped, then shuffles.
Mana: Deathcap Glade (243) - {T}: Add {B} or {G}.
Mana: Temple of Malady (224) - {T}: Add {B} or {G}.
Add To Stack: Ai(3)-mm-jarad-graveyard cast Skull Prophet
Resolve Stack: Skull Prophet - Creature 3 / 1
Mana: Overgrown Tomb (279) - {T}: Add {B}.
Mana: Tainted Wood (213) - {T}: Add {C}.
Add To Stack: Ai(3)-mm-jarad-graveyard cast Golgari Thug
Resolve Stack: Golgari Thug - Creature 1 / 1
Phase: Ai(3)-mm-jarad-graveyard's End step
Phase: Ai(3)-mm-jarad-graveyard's Cleanup step
Turn: Turn 36 (Ai(4)-mm-muldrotha-value)
Phase: Ai(4)-mm-muldrotha-value's Untap step
Phase: Ai(4)-mm-muldrotha-value's Upkeep step
Mana: Forest (342) - {T}: Add {G}.
Add To Stack: Ai(4)-mm-muldrotha-value activated Hermit Druid
Resolve Stack: Hermit Druid (341) - Ai(4)-mm-muldrotha-valuereveals cards from their library until revealing a basic land card. Put that card into their hand and all other cards into their graveyard.
Phase: Ai(4)-mm-muldrotha-value's Draw step
Phase: Ai(4)-mm-muldrotha-value's Main phase, precombat
Land: Ai(4)-mm-muldrotha-value played Swamp (366)
Phase: Ai(4)-mm-muldrotha-value's Beginning of Combat Step
Phase: Ai(4)-mm-muldrotha-value's Declare Attackers Step
Phase: Ai(4)-mm-muldrotha-value's Declare Blockers Step
Phase: Ai(4)-mm-muldrotha-value's First Strike Damage Step
Phase: Ai(4)-mm-muldrotha-value's Combat Damage Step
Phase: Ai(4)-mm-muldrotha-value's End of Combat Step
Phase: Ai(4)-mm-muldrotha-value's Main phase, postcombat
Mana: Exotic Orchard (352) - {T}: Add one mana of any color that a land an opponent controls could produce.
Mana: Island (337) - {T}: Add {U}.
Mana: Swamp (365) - {T}: Add {B}.
Mana: Swamp (366) - {T}: Add {B}.
Mana: Island (336) - {T}: Add {U}.
Mana: Woodland Cemetery (393) - {T}: Add {B} or {G}.
Mana: Drowned Catacomb (389) - {T}: Add {U} or {B}.
Mana: Sunken Hollow (331) - {T}: Add {B}.
Add To Stack: Ai(4)-mm-muldrotha-value cast Muldrotha, the Gravetide
Resolve Stack: Muldrotha, the Gravetide - Creature 6 / 6
Phase: Ai(4)-mm-muldrotha-value's End step
Phase: Ai(4)-mm-muldrotha-value's Cleanup step
Turn: Turn 37 (Ai(1)-mm-sythis-enchantress)
Phase: Ai(1)-mm-sythis-enchantress' Untap step
Phase: Ai(1)-mm-sythis-enchantress' Upkeep step
Phase: Ai(1)-mm-sythis-enchantress' Draw step
Phase: Ai(1)-mm-sythis-enchantress' Main phase, precombat
Land: Ai(1)-mm-sythis-enchantress played Plains (88)
Mana: Forest (42) - {T}: Add {G}.
Mana: Forest (38) - {T}: Add {G}.
Mana: Plains (83) - {T}: Add {W}.
Mana: Plains (84) - {T}: Add {W}.
Add To Stack: Ai(1)-mm-sythis-enchantress cast Eidolon of Blossoms
Add To Stack: Ai(1)-mm-sythis-enchantress triggered Sythis, Harvest's Hand
Add To Stack: Ai(1)-mm-sythis-enchantress triggered Satyr Enchanter
Resolve Stack: Whenever you cast an enchantment spell, draw a card. [Card: Eidolon of Blossoms (7), Activator: Ai(1)-mm-sythis-enchantress, SpellAbility: Eidolon of Blossoms - Creature 2 / 2]
Life: Life: Ai(1)-mm-sythis-enchantress 35 > 36
Resolve Stack: Whenever you cast an enchantment spell, you gain 1 life and draw a card. [Card: Eidolon of Blossoms (7), Activator: Ai(1)-mm-sythis-enchantress, SpellAbility: Eidolon of Blossoms - Creature 2 / 2]
Resolve Stack: Eidolon of Blossoms - Creature 2 / 2
Add To Stack: Ai(1)-mm-sythis-enchantress triggered Eidolon of Blossoms
Resolve Stack: Constellation — Whenever Eidolon of Blossoms or another enchantment you control enters, draw a card. [Zone Changer: Eidolon of Blossoms (7)]
Mana: Sunpetal Grove (63) - {T}: Add {G} or {W}.
Mana: Plains (88) - {T}: Add {W}.
Mana: Command Tower (20) - {T}: Add one mana of any color in your commander's color identity.
Add To Stack: Ai(1)-mm-sythis-enchantress cast Dryad of the Ilysian Grove
Add To Stack: Ai(1)-mm-sythis-enchantress triggered Sythis, Harvest's Hand
Add To Stack: Ai(1)-mm-sythis-enchantress triggered Satyr Enchanter
Resolve Stack: Whenever you cast an enchantment spell, draw a card. [Card: Dryad of the Ilysian Grove (14), Activator: Ai(1)-mm-sythis-enchantress, SpellAbility: Dryad of the Ilysian Grove - Creature 2 / 4]
Life: Life: Ai(1)-mm-sythis-enchantress 36 > 37
Resolve Stack: Whenever you cast an enchantment spell, you gain 1 life and draw a card. [Card: Dryad of the Ilysian Grove (14), Activator: Ai(1)-mm-sythis-enchantress, SpellAbility: Dryad of the Ilysian Grove - Creature 2 / 4]
Resolve Stack: Dryad of the Ilysian Grove - Creature 2 / 4
Add To Stack: Ai(1)-mm-sythis-enchantress triggered Eidolon of Blossoms
Resolve Stack: Constellation — Whenever Eidolon of Blossoms or another enchantment you control enters, draw a card. [Zone Changer: Dryad of the Ilysian Grove (14)]
Land: Ai(1)-mm-sythis-enchantress played Hall of Heliod's Generosity (10)
Mana: Sungrass Prairie (6) - {T}: Add {G}.
Mana: Hall of Heliod's Generosity (10) - {T}: Add {G}.
Mana: Brushland (96) - {T}: Add {G}.
Mana: Sanctum Weaver (67) - {T}: Add X mana of any one color, where X is the number of enchantments you control.
Add To Stack: Ai(1)-mm-sythis-enchantress cast Privileged Position
Add To Stack: Ai(1)-mm-sythis-enchantress triggered Sythis, Harvest's Hand
Add To Stack: Ai(1)-mm-sythis-enchantress triggered Satyr Enchanter
Resolve Stack: Whenever you cast an enchantment spell, draw a card. [Card: Privileged Position (57), Activator: Ai(1)-mm-sythis-enchantress, SpellAbility: Privileged Position]
Life: Life: Ai(1)-mm-sythis-enchantress 37 > 38
Resolve Stack: Whenever you cast an enchantment spell, you gain 1 life and draw a card. [Card: Privileged Position (57), Activator: Ai(1)-mm-sythis-enchantress, SpellAbility: Privileged Position]
Resolve Stack: Privileged Position
Add To Stack: Ai(1)-mm-sythis-enchantress triggered Eidolon of Blossoms
Resolve Stack: Constellation — Whenever Eidolon of Blossoms or another enchantment you control enters, draw a card. [Zone Changer: Privileged Position (57)]
Add To Stack: Ai(1)-mm-sythis-enchantress cast Smothering Tithe
Add To Stack: Ai(1)-mm-sythis-enchantress triggered Sythis, Harvest's Hand
Add To Stack: Ai(1)-mm-sythis-enchantress triggered Satyr Enchanter
Resolve Stack: Whenever you cast an enchantment spell, draw a card. [Card: Smothering Tithe (16), Activator: Ai(1)-mm-sythis-enchantress, SpellAbility: Smothering Tithe]
Life: Life: Ai(1)-mm-sythis-enchantress 38 > 39
Resolve Stack: Whenever you cast an enchantment spell, you gain 1 life and draw a card. [Card: Smothering Tithe (16), Activator: Ai(1)-mm-sythis-enchantress, SpellAbility: Smothering Tithe]
Resolve Stack: Smothering Tithe
Add To Stack: Ai(1)-mm-sythis-enchantress triggered Eidolon of Blossoms
Resolve Stack: Constellation — Whenever Eidolon of Blossoms or another enchantment you control enters, draw a card. [Zone Changer: Smothering Tithe (16)]
Add To Stack: Ai(1)-mm-sythis-enchantress cast Ethereal Armor targeting [Destiny Spinner (27)]
Add To Stack: Ai(1)-mm-sythis-enchantress triggered Sythis, Harvest's Hand
Add To Stack: Ai(1)-mm-sythis-enchantress triggered Satyr Enchanter
Resolve Stack: Whenever you cast an enchantment spell, draw a card. [Card: Ethereal Armor (70), Activator: Ai(1)-mm-sythis-enchantress, SpellAbility: Ethereal Armor]
Life: Life: Ai(1)-mm-sythis-enchantress 39 > 40
Resolve Stack: Whenever you cast an enchantment spell, you gain 1 life and draw a card. [Card: Ethereal Armor (70), Activator: Ai(1)-mm-sythis-enchantress, SpellAbility: Ethereal Armor]
Resolve Stack: Ethereal Armor (70) -  Attach to Destiny Spinner (27)
Add To Stack: Ai(1)-mm-sythis-enchantress triggered Eidolon of Blossoms
Resolve Stack: Constellation — Whenever Eidolon of Blossoms or another enchantment you control enters, draw a card. [Zone Changer: Ethereal Armor (70)]
Phase: Ai(1)-mm-sythis-enchantress' Beginning of Combat Step
Phase: Ai(1)-mm-sythis-enchantress' Declare Attackers Step
Combat: Ai(1)-mm-sythis-enchantress assigned Destiny Spinner (27) to attack Ai(2)-mm-abaddon.
Phase: Ai(1)-mm-sythis-enchantress' Declare Blockers Step
Combat: Ai(2)-mm-abaddon assigned Souls of the Lost (209) to block Destiny Spinner (27).
Phase: Ai(1)-mm-sythis-enchantress' First Strike Damage Step
Damage: Destiny Spinner (27) deals 29 damage to Souls of the Lost (209).
Zone Change: Souls of the Lost (209) was put into Graveyard from Battlefield.
Phase: Ai(1)-mm-sythis-enchantress' Combat Damage Step
Phase: Ai(1)-mm-sythis-enchantress' End of Combat Step
Phase: Ai(1)-mm-sythis-enchantress' Main phase, postcombat
Phase: Ai(1)-mm-sythis-enchantress' End step
Phase: Ai(1)-mm-sythis-enchantress' Cleanup step
Discard: Ai(1)-mm-sythis-enchantress discards Forest (37).
Discard: Ai(1)-mm-sythis-enchantress discards Forest (35).
Discard: Ai(1)-mm-sythis-enchantress discards Plains (89).
Discard: Ai(1)-mm-sythis-enchantress discards Forest (41).
Discard: Ai(1)-mm-sythis-enchantress discards Temple of Plenty (58).
Discard: Ai(1)-mm-sythis-enchantress discards Canopy Vista (68).
Discard: Ai(1)-mm-sythis-enchantress discards Whip Silk (71).
Discard: Ai(1)-mm-sythis-enchantress discards Flickering Ward (1).
Discard: Ai(1)-mm-sythis-enchantress discards Sterling Grove (19).
Turn: Turn 38 (Ai(2)-mm-abaddon)
Phase: Ai(2)-mm-abaddon's Untap step
Phase: Ai(2)-mm-abaddon's Upkeep step
Add To Stack: Ai(2)-mm-abaddon triggered The Ruinous Powers
Resolve Stack: At the beginning of your upkeep, choose an opponent at random. Exile the top card of that player's library. Until end of turn, you may play that card and you may spend mana as though it were mana of any color to cast it. When you cast a spell this way, its owner loses life equal to its mana value. [Phase: Ai(2)-mm-abaddon]
Phase: Ai(2)-mm-abaddon's Draw step
Add To Stack: Ai(1)-mm-sythis-enchantress triggered Smothering Tithe
Resolve Stack: Whenever an opponent draws a card, that player may pay {2}. If the player doesn't, you create a Treasure token. (It's an artifact with "{T}, Sacrifice this token: Add one mana of any color.") [Player: Ai(2)-mm-abaddon]
Phase: Ai(2)-mm-abaddon's Main phase, precombat
Phase: Ai(2)-mm-abaddon's Beginning of Combat Step
Phase: Ai(2)-mm-abaddon's Declare Attackers Step
Phase: Ai(2)-mm-abaddon's Declare Blockers Step
Phase: Ai(2)-mm-abaddon's First Strike Damage Step
Phase: Ai(2)-mm-abaddon's Combat Damage Step
Phase: Ai(2)-mm-abaddon's End of Combat Step
Phase: Ai(2)-mm-abaddon's Main phase, postcombat
Mana: Exotic Orchard (136) - {T}: Add one mana of any color that a land an opponent controls could produce.
Mana: Mountain (185) - {T}: Add {R}.
Mana: Training Center (137) - {T}: Add {U} or {R}.
Mana: Overgrown Tomb (377) - {T}: Add {G}.
Mana: Arcane Signet (195) - {T}: Add one mana of any color in your commander's color identity.
Mana: Talisman of Dominance (102) - {T}: Add {C}.
Add To Stack: Ai(2)-mm-abaddon cast Mutalith Vortex Beast
Resolve Stack: Mutalith Vortex Beast - Creature 6 / 6
Add To Stack: Ai(2)-mm-abaddon triggered Mutalith Vortex Beast
Damage: Mutalith Vortex Beast (158) deals 3 non-combat damage to Ai(3)-mm-jarad-graveyard.
Damage: Mutalith Vortex Beast (158) deals 3 non-combat damage to Ai(4)-mm-muldrotha-value.
Damage: Mutalith Vortex Beast (158) deals 3 non-combat damage to Ai(1)-mm-sythis-enchantress.
Life: Life: Ai(1)-mm-sythis-enchantress 40 > 37
Life: Life: Ai(3)-mm-jarad-graveyard 30 > 27
Life: Life: Ai(4)-mm-muldrotha-value 15 > 12
Resolve Stack: Warp Vortex — When Mutalith Vortex Beast enters, flip a coin for each opponent you have. For each flip you win, draw a card. For each flip you lose, Mutalith Vortex Beast deals 3 damage to that player. [Zone Changer: Mutalith Vortex Beast (158)]
Phase: Ai(2)-mm-abaddon's End step
Phase: Ai(2)-mm-abaddon's Cleanup step
Turn: Turn 39 (Ai(3)-mm-jarad-graveyard)
Phase: Ai(3)-mm-jarad-graveyard's Untap step
Phase: Ai(3)-mm-jarad-graveyard's Upkeep step
Phase: Ai(3)-mm-jarad-graveyard's Draw step
Add To Stack: Ai(1)-mm-sythis-enchantress triggered Smothering Tithe
Resolve Stack: Whenever an opponent draws a card, that player may pay {2}. If the player doesn't, you create a Treasure token. (It's an artifact with "{T}, Sacrifice this token: Add one mana of any color.") [Player: Ai(3)-mm-jarad-graveyard]
Phase: Ai(3)-mm-jarad-graveyard's Main phase, precombat
Phase: Ai(3)-mm-jarad-graveyard's Beginning of Combat Step
Phase: Ai(3)-mm-jarad-graveyard's Declare Attackers Step
Phase: Ai(3)-mm-jarad-graveyard's Declare Blockers Step
Phase: Ai(3)-mm-jarad-graveyard's First Strike Damage Step
Phase: Ai(3)-mm-jarad-graveyard's Combat Damage Step
Phase: Ai(3)-mm-jarad-graveyard's End of Combat Step
Zone Change: Golgari Thug (246) was put into Graveyard from Battlefield.
Add To Stack: Ai(3)-mm-jarad-graveyard activated Wight of the Reliquary
Add To Stack: Ai(3)-mm-jarad-graveyard triggered Golgari Thug targeting [Ghoultree (301)]
Resolve Stack: When Golgari Thug dies, put target creature card from your graveyard on top of your library. (Targeting: [[Ghoultree (301)]]) [Zone Changer: Golgari Thug (246)]
Replacement Effect: Woodland Cemetery enters tapped unless you control a Swamp or a Forest.
Resolve Stack: Wight of the Reliquary (260) - Ai(3)-mm-jarad-graveyard searches their library for a land card, puts it onto the battlefield tapped, then shuffles.
Phase: Ai(3)-mm-jarad-graveyard's Main phase, postcombat
Mana: Dakmor Salvage (274) - {T}: Add {B}.
Mana: Deathcap Glade (243) - {T}: Add {B} or {G}.
Mana: Forest (228) - {T}: Add {G}.
Mana: Forest (231) - {T}: Add {G}.
Add To Stack: Ai(3)-mm-jarad-graveyard cast Jarad, Golgari Lich Lord
Zone Change: Treasure Token (419) was put into Graveyard from Battlefield.
Mana: Treasure Token (419) - {T}, Sacrifice this token: Add one mana of any color.
Zone Change: Treasure Token (415) was put into Graveyard from Battlefield.
Mana: Treasure Token (415) - {T}, Sacrifice this token: Add one mana of any color.
Add To Stack: Ai(1)-mm-sythis-enchantress cast Eladamri's Call
Resolve Stack: Eladamri's Call (56) - Ai(1)-mm-sythis-enchantress searches their library for a creature card, reveals it, puts it into their hand, then shuffles.
Resolve Stack: Jarad, Golgari Lich Lord - Creature 2 / 2
Phase: Ai(3)-mm-jarad-graveyard's End step
Phase: Ai(3)-mm-jarad-graveyard's Cleanup step
Turn: Turn 40 (Ai(4)-mm-muldrotha-value)
Phase: Ai(4)-mm-muldrotha-value's Untap step
Phase: Ai(4)-mm-muldrotha-value's Upkeep step
Mana: Forest (342) - {T}: Add {G}.
Add To Stack: Ai(4)-mm-muldrotha-value activated Hermit Druid
Resolve Stack: Hermit Druid (341) - Ai(4)-mm-muldrotha-valuereveals cards from their library until revealing a basic land card. Put that card into their hand and all other cards into their graveyard.
Phase: Ai(4)-mm-muldrotha-value's Draw step
Add To Stack: Ai(1)-mm-sythis-enchantress triggered Smothering Tithe
Resolve Stack: Whenever an opponent draws a card, that player may pay {2}. If the player doesn't, you create a Treasure token. (It's an artifact with "{T}, Sacrifice this token: Add one mana of any color.") [Player: Ai(4)-mm-muldrotha-value]
Phase: Ai(4)-mm-muldrotha-value's Main phase, precombat
Replacement Effect: Hinterland Harbor enters tapped unless you control a Forest or an Island.
Land: Ai(4)-mm-muldrotha-value played Hinterland Harbor (330)
Phase: Ai(4)-mm-muldrotha-value's Beginning of Combat Step
Phase: Ai(4)-mm-muldrotha-value's Declare Attackers Step
Phase: Ai(4)-mm-muldrotha-value's Declare Blockers Step
Phase: Ai(4)-mm-muldrotha-value's First Strike Damage Step
Phase: Ai(4)-mm-muldrotha-value's Combat Damage Step
Phase: Ai(4)-mm-muldrotha-value's End of Combat Step
Phase: Ai(4)-mm-muldrotha-value's Main phase, postcombat
Mana: Swamp (365) - {T}: Add {B}.
Mana: Exotic Orchard (352) - {T}: Add one mana of any color that a land an opponent controls could produce.
Mana: Swamp (366) - {T}: Add {B}.
Mana: Island (337) - {T}: Add {U}.
Mana: Island (336) - {T}: Add {U}.
Add To Stack: Ai(4)-mm-muldrotha-value cast Syr Konrad, the Grim
Resolve Stack: Syr Konrad, the Grim - Creature 5 / 4
Mana: Woodland Cemetery (393) - {T}: Add {B} or {G}.
Mana: Drowned Catacomb (389) - {T}: Add {U} or {B}.
Mana: Hinterland Harbor (330) - {T}: Add {G} or {U}.
Add To Stack: Ai(4)-mm-muldrotha-value cast Pernicious Deed
Resolve Stack: Pernicious Deed
Mana: Sunken Hollow (331) - {T}: Add {B}.
Zone Change: Pernicious Deed (385) was put into Graveyard from Battlefield.
Add To Stack: Ai(4)-mm-muldrotha-value activated Pernicious Deed
Zone Change: Rancor (9) was put into Graveyard from Battlefield.
Zone Change: Abundant Growth (18) was put into Graveyard from Battlefield.
Zone Change: Alseid of Life's Bounty (47) was put into Graveyard from Battlefield.
Zone Change: Ethereal Armor (70) was put into Graveyard from Battlefield.
Zone Change: Treasure Token (423) was put into Graveyard from Battlefield.
Resolve Stack: Pernicious Deed (385) - Destroy each artifact, creature, and enchantment with mana value X or less. (X=1)
Add To Stack: Ai(4)-mm-muldrotha-value triggered Syr Konrad, the Grim
Add To Stack: Ai(1)-mm-sythis-enchantress triggered Rancor
Resolve Stack: When Rancor is put into a graveyard from the battlefield, return Rancor to its owner's hand. [Zone Changer: Rancor (9)]
Damage: Syr Konrad, the Grim (396) deals 1 non-combat damage to Ai(1)-mm-sythis-enchantress.
Damage: Syr Konrad, the Grim (396) deals 1 non-combat damage to Ai(2)-mm-abaddon.
Damage: Syr Konrad, the Grim (396) deals 1 non-combat damage to Ai(3)-mm-jarad-graveyard.
Life: Life: Ai(1)-mm-sythis-enchantress 37 > 36
Life: Life: Ai(2)-mm-abaddon 28 > 27
Life: Life: Ai(3)-mm-jarad-graveyard 27 > 26
Resolve Stack: Whenever another creature dies, or a creature card is put into a graveyard from anywhere other than the battlefield, or a creature card leaves your graveyard, Syr Konrad, the Grim deals 1 damage to each opponent. [Zone Changer: Alseid of Life's Bounty (47)]
Phase: Ai(4)-mm-muldrotha-value's End step
Phase: Ai(4)-mm-muldrotha-value's Cleanup step
Discard: Ai(4)-mm-muldrotha-value discards Forest (346).
Turn: Turn 41 (Ai(1)-mm-sythis-enchantress)
Phase: Ai(1)-mm-sythis-enchantress' Untap step
Phase: Ai(1)-mm-sythis-enchantress' Upkeep step
Phase: Ai(1)-mm-sythis-enchantress' Draw step
Phase: Ai(1)-mm-sythis-enchantress' Main phase, precombat
Mana: Plains (83) - {T}: Add {W}.
Mana: Forest (42) - {T}: Add {W}.
Mana: Forest (38) - {T}: Add {G}.
Mana: Plains (84) - {T}: Add {G}.
Add To Stack: Ai(1)-mm-sythis-enchantress cast Archon of Sun's Grace
Resolve Stack: Archon of Sun's Grace - Creature 3 / 4
Mana: Plains (88) - {T}: Add {W}.
Mana: Command Tower (20) - {T}: Add {W}.
Mana: Sunpetal Grove (63) - {T}: Add {G}.
Mana: Sungrass Prairie (6) - {T}: Add {G}.
Add To Stack: Ai(1)-mm-sythis-enchantress cast Hallowed Haunting
Add To Stack: Ai(1)-mm-sythis-enchantress triggered Sythis, Harvest's Hand
Add To Stack: Ai(1)-mm-sythis-enchantress triggered Satyr Enchanter
Resolve Stack: Whenever you cast an enchantment spell, draw a card. [Card: Hallowed Haunting (11), Activator: Ai(1)-mm-sythis-enchantress, SpellAbility: Hallowed Haunting]
Life: Life: Ai(1)-mm-sythis-enchantress 36 > 37
Resolve Stack: Whenever you cast an enchantment spell, you gain 1 life and draw a card. [Card: Hallowed Haunting (11), Activator: Ai(1)-mm-sythis-enchantress, SpellAbility: Hallowed Haunting]
Resolve Stack: Hallowed Haunting
Add To Stack: Ai(1)-mm-sythis-enchantress triggered Eidolon of Blossoms
Add To Stack: Ai(1)-mm-sythis-enchantress triggered Archon of Sun's Grace
Resolve Stack: Constellation — Whenever an enchantment you control enters, create a 2/2 white Pegasus creature token with flying. [Zone Changer: Hallowed Haunting (11)]
Resolve Stack: Constellation — Whenever Eidolon of Blossoms or another enchantment you control enters, draw a card. [Zone Changer: Hallowed Haunting (11)]
Land: Ai(1)-mm-sythis-enchantress played Plains (90)
Land: Ai(1)-mm-sythis-enchantress played Forest (39)
Mana: Plains (90) - {T}: Add {G}.
Mana: Forest (39) - {T}: Add {G}.
Mana: Hall of Heliod's Generosity (10) - {T}: Add {C}.
Add To Stack: Ai(1)-mm-sythis-enchantress cast Enchantress's Presence
Add To Stack: Ai(1)-mm-sythis-enchantress triggered Sythis, Harvest's Hand
Add To Stack: Ai(1)-mm-sythis-enchantress triggered Satyr Enchanter
Add To Stack: Ai(1)-mm-sythis-enchantress triggered Hallowed Haunting
Resolve Stack: Whenever you cast an enchantment spell, create a white Spirit Cleric creature token with "This token's power and toughness are each equal to the number of Spirits you control." [Card: Enchantress's Presence (48), Activator: Ai(1)-mm-sythis-enchantress, SpellAbility: Enchantress's Presence]
Resolve Stack: Whenever you cast an enchantment spell, draw a card. [Card: Enchantress's Presence (48), Activator: Ai(1)-mm-sythis-enchantress, SpellAbility: Enchantress's Presence]
Life: Life: Ai(1)-mm-sythis-enchantress 37 > 38
Resolve Stack: Whenever you cast an enchantment spell, you gain 1 life and draw a card. [Card: Enchantress's Presence (48), Activator: Ai(1)-mm-sythis-enchantress, SpellAbility: Enchantress's Presence]
Resolve Stack: Enchantress's Presence
Add To Stack: Ai(1)-mm-sythis-enchantress triggered Eidolon of Blossoms
Add To Stack: Ai(1)-mm-sythis-enchantress triggered Archon of Sun's Grace
Resolve Stack: Constellation — Whenever an enchantment you control enters, create a 2/2 white Pegasus creature token with flying. [Zone Changer: Enchantress's Presence (48)]
Resolve Stack: Constellation — Whenever Eidolon of Blossoms or another enchantment you control enters, draw a card. [Zone Changer: Enchantress's Presence (48)]
Mana: Brushland (96) - {T}: Add {W}.
Mana: Sanctum Weaver (67) - {T}: Add X mana of any one color, where X is the number of enchantments you control.
Add To Stack: Ai(1)-mm-sythis-enchantress cast Sigil of the Empty Throne
Add To Stack: Ai(1)-mm-sythis-enchantress triggered Sythis, Harvest's Hand
Add To Stack: Ai(1)-mm-sythis-enchantress triggered Satyr Enchanter
Add To Stack: Ai(1)-mm-sythis-enchantress triggered Enchantress's Presence
Add To Stack: Ai(1)-mm-sythis-enchantress triggered Hallowed Haunting
Resolve Stack: Whenever you cast an enchantment spell, create a white Spirit Cleric creature token with "This token's power and toughness are each equal to the number of Spirits you control." [Card: Sigil of the Empty Throne (32), Activator: Ai(1)-mm-sythis-enchantress, SpellAbility: Sigil of the Empty Throne]
Resolve Stack: Whenever you cast an enchantment spell, draw a card. [Card: Sigil of the Empty Throne (32), Activator: Ai(1)-mm-sythis-enchantress, SpellAbility: Sigil of the Empty Throne]
Resolve Stack: Whenever you cast an enchantment spell, draw a card. [Card: Sigil of the Empty Throne (32), Activator: Ai(1)-mm-sythis-enchantress, SpellAbility: Sigil of the Empty Throne]
Life: Life: Ai(1)-mm-sythis-enchantress 38 > 39
Resolve Stack: Whenever you cast an enchantment spell, you gain 1 life and draw a card. [Card: Sigil of the Empty Throne (32), Activator: Ai(1)-mm-sythis-enchantress, SpellAbility: Sigil of the Empty Throne]
Resolve Stack: Sigil of the Empty Throne
Add To Stack: Ai(1)-mm-sythis-enchantress triggered Eidolon of Blossoms
Add To Stack: Ai(1)-mm-sythis-enchantress triggered Archon of Sun's Grace
Resolve Stack: Constellation — Whenever an enchantment you control enters, create a 2/2 white Pegasus creature token with flying. [Zone Changer: Sigil of the Empty Throne (32)]
Resolve Stack: Constellation — Whenever Eidolon of Blossoms or another enchantment you control enters, draw a card. [Zone Changer: Sigil of the Empty Throne (32)]
Add To Stack: Ai(1)-mm-sythis-enchantress cast Starfield Mystic
Resolve Stack: Starfield Mystic - Creature 2 / 2
Add To Stack: Ai(1)-mm-sythis-enchantress cast All That Glitters targeting [Destiny Spinner (27)]
Add To Stack: Ai(1)-mm-sythis-enchantress triggered Sythis, Harvest's Hand
Add To Stack: Ai(1)-mm-sythis-enchantress triggered Satyr Enchanter
Add To Stack: Ai(1)-mm-sythis-enchantress triggered Enchantress's Presence
Add To Stack: Ai(1)-mm-sythis-enchantress triggered Hallowed Haunting
Add To Stack: Ai(1)-mm-sythis-enchantress triggered Sigil of the Empty Throne
Resolve Stack: Whenever you cast an enchantment spell, create a 4/4 white Angel creature token with flying. [Card: All That Glitters (34), Activator: Ai(1)-mm-sythis-enchantress, SpellAbility: All That Glitters]
Resolve Stack: Whenever you cast an enchantment spell, create a white Spirit Cleric creature token with "This token's power and toughness are each equal to the number of Spirits you control." [Card: All That Glitters (34), Activator: Ai(1)-mm-sythis-enchantress, SpellAbility: All That Glitters]
Resolve Stack: Whenever you cast an enchantment spell, draw a card. [Card: All That Glitters (34), Activator: Ai(1)-mm-sythis-enchantress, SpellAbility: All That Glitters]
Resolve Stack: Whenever you cast an enchantment spell, draw a card. [Card: All That Glitters (34), Activator: Ai(1)-mm-sythis-enchantress, SpellAbility: All That Glitters]
Life: Life: Ai(1)-mm-sythis-enchantress 39 > 40
Resolve Stack: Whenever you cast an enchantment spell, you gain 1 life and draw a card. [Card: All That Glitters (34), Activator: Ai(1)-mm-sythis-enchantress, SpellAbility: All That Glitters]
Resolve Stack: All That Glitters (34) -  Attach to Destiny Spinner (27)
Add To Stack: Ai(1)-mm-sythis-enchantress triggered Eidolon of Blossoms
Add To Stack: Ai(1)-mm-sythis-enchantress triggered Archon of Sun's Grace
Resolve Stack: Constellation — Whenever an enchantment you control enters, create a 2/2 white Pegasus creature token with flying. [Zone Changer: All That Glitters (34)]
Resolve Stack: Constellation — Whenever Eidolon of Blossoms or another enchantment you control enters, draw a card. [Zone Changer: All That Glitters (34)]
Add To Stack: Ai(1)-mm-sythis-enchantress cast Aura of Silence
Add To Stack: Ai(1)-mm-sythis-enchantress triggered Sythis, Harvest's Hand
Add To Stack: Ai(1)-mm-sythis-enchantress triggered Satyr Enchanter
Add To Stack: Ai(1)-mm-sythis-enchantress triggered Enchantress's Presence
Add To Stack: Ai(1)-mm-sythis-enchantress triggered Hallowed Haunting
Add To Stack: Ai(1)-mm-sythis-enchantress triggered Sigil of the Empty Throne
Resolve Stack: Whenever you cast an enchantment spell, create a 4/4 white Angel creature token with flying. [Card: Aura of Silence (24), Activator: Ai(1)-mm-sythis-enchantress, SpellAbility: Aura of Silence]
Resolve Stack: Whenever you cast an enchantment spell, create a white Spirit Cleric creature token with "This token's power and toughness are each equal to the number of Spirits you control." [Card: Aura of Silence (24), Activator: Ai(1)-mm-sythis-enchantress, SpellAbility: Aura of Silence]
Resolve Stack: Whenever you cast an enchantment spell, draw a card. [Card: Aura of Silence (24), Activator: Ai(1)-mm-sythis-enchantress, SpellAbility: Aura of Silence]
Resolve Stack: Whenever you cast an enchantment spell, draw a card. [Card: Aura of Silence (24), Activator: Ai(1)-mm-sythis-enchantress, SpellAbility: Aura of Silence]
Life: Life: Ai(1)-mm-sythis-enchantress 40 > 41
Resolve Stack: Whenever you cast an enchantment spell, you gain 1 life and draw a card. [Card: Aura of Silence (24), Activator: Ai(1)-mm-sythis-enchantress, SpellAbility: Aura of Silence]
Resolve Stack: Aura of Silence
Add To Stack: Ai(1)-mm-sythis-enchantress triggered Eidolon of Blossoms
Add To Stack: Ai(1)-mm-sythis-enchantress triggered Archon of Sun's Grace
Resolve Stack: Constellation — Whenever an enchantment you control enters, create a 2/2 white Pegasus creature token with flying. [Zone Changer: Aura of Silence (24)]
Resolve Stack: Constellation — Whenever Eidolon of Blossoms or another enchantment you control enters, draw a card. [Zone Changer: Aura of Silence (24)]
Zone Change: Aura of Silence (24) was put into Graveyard from Battlefield.
Add To Stack: Ai(1)-mm-sythis-enchantress activated Aura of Silence targeting [The Ruinous Powers (176)]
Add To Stack: Ai(1)-mm-sythis-enchantress triggered Starfield Mystic
Resolve Stack: Whenever an enchantment you control is put into a graveyard from the battlefield, put a +1/+1 counter on Starfield Mystic. [Zone Changer: Aura of Silence (24)]
Zone Change: The Ruinous Powers (176) was put into Graveyard from Battlefield.
Resolve Stack: Aura of Silence (24) - Destroy The Ruinous Powers (176).
Add To Stack: Ai(1)-mm-sythis-enchantress cast Thought Vessel
Resolve Stack: Thought Vessel
Phase: Ai(1)-mm-sythis-enchantress' Beginning of Combat Step
Phase: Ai(1)-mm-sythis-enchantress' Declare Attackers Step
Combat: Ai(1)-mm-sythis-enchantress assigned Destiny Spinner (27) to attack Ai(2)-mm-abaddon.
Phase: Ai(1)-mm-sythis-enchantress' Declare Blockers Step
Combat: Ai(2)-mm-abaddon assigned Bloodthirster (196) to block Destiny Spinner (27).
Phase: Ai(1)-mm-sythis-enchantress' First Strike Damage Step
Phase: Ai(1)-mm-sythis-enchantress' Combat Damage Step
Damage: Destiny Spinner (27) deals 43 damage to Bloodthirster (196).
Damage: Bloodthirster (196) deals 6 damage to Destiny Spinner (27).
Zone Change: Bloodthirster (196) was put into Graveyard from Battlefield.
Add To Stack: Ai(4)-mm-muldrotha-value triggered Syr Konrad, the Grim
Damage: Syr Konrad, the Grim (396) deals 1 non-combat damage to Ai(1)-mm-sythis-enchantress.
Damage: Syr Konrad, the Grim (396) deals 1 non-combat damage to Ai(2)-mm-abaddon.
Damage: Syr Konrad, the Grim (396) deals 1 non-combat damage to Ai(3)-mm-jarad-graveyard.
Life: Life: Ai(1)-mm-sythis-enchantress 41 > 40
Life: Life: Ai(2)-mm-abaddon 27 > 26
Life: Life: Ai(3)-mm-jarad-graveyard 26 > 25
Resolve Stack: Whenever another creature dies, or a creature card is put into a graveyard from anywhere other than the battlefield, or a creature card leaves your graveyard, Syr Konrad, the Grim deals 1 damage to each opponent. [Zone Changer: Bloodthirster (196)]
Phase: Ai(1)-mm-sythis-enchantress' End of Combat Step
Phase: Ai(1)-mm-sythis-enchantress' Main phase, postcombat
Phase: Ai(1)-mm-sythis-enchantress' End step
Phase: Ai(1)-mm-sythis-enchantress' Cleanup step
Turn: Turn 42 (Ai(2)-mm-abaddon)
Phase: Ai(2)-mm-abaddon's Untap step
Phase: Ai(2)-mm-abaddon's Upkeep step
Mana: Exotic Orchard (136) - {T}: Add one mana of any color that a land an opponent controls could produce.
Mana: Mountain (185) - {T}: Add {R}.
Mana: Training Center (137) - {T}: Add {U} or {R}.
Mana: Overgrown Tomb (377) - {T}: Add {G}.
Mana: Arcane Signet (195) - {T}: Add one mana of any color in your commander's color identity.
Add To Stack: Ai(2)-mm-abaddon cast Chaos Mutation targeting [Wight of the Reliquary (260), Muldrotha, the Gravetide (403)]
Zone Change: Wight of the Reliquary (260) was put into Exile from Battlefield.
Zone Change: Muldrotha, the Gravetide (403) was put into Exile from Battlefield.
Resolve Stack: Chaos Mutation (146) - Exile Wight of the Reliquary (260) and Muldrotha, the Gravetide (403). For each creature exiled this way, its controller reveals cards from the top of their library until they reveal a creature card, puts that card onto the battlefield, then puts the rest on the bottom of their library in a random order. 
Add To Stack: Ai(4)-mm-muldrotha-value triggered Sidisi, Brood Tyrant
Zone Change: Ai(4)-mm-muldrotha-value milled Jace, Wielder of Mysteries (381), Eternal Witness (309) and Stitcher's Supplier (388).
Resolve Stack: Whenever Sidisi, Brood Tyrant enters or attacks, mill three cards. [Zone Changer: Sidisi, Brood Tyrant (322)]
Add To Stack: Ai(4)-mm-muldrotha-value triggered Syr Konrad, the Grim
Add To Stack: Ai(4)-mm-muldrotha-value triggered Syr Konrad, the Grim
Add To Stack: Ai(4)-mm-muldrotha-value triggered Sidisi, Brood Tyrant
Resolve Stack: Whenever one or more creature cards are put into your graveyard from your library, create a 2/2 black Zombie creature token. [Amount: 2]
Damage: Syr Konrad, the Grim (396) deals 1 non-combat damage to Ai(1)-mm-sythis-enchantress.
Damage: Syr Konrad, the Grim (396) deals 1 non-combat damage to Ai(2)-mm-abaddon.
Damage: Syr Konrad, the Grim (396) deals 1 non-combat damage to Ai(3)-mm-jarad-graveyard.
Life: Life: Ai(1)-mm-sythis-enchantress 40 > 39
Life: Life: Ai(2)-mm-abaddon 26 > 25
Life: Life: Ai(3)-mm-jarad-graveyard 25 > 24
Resolve Stack: Whenever another creature dies, or a creature card is put into a graveyard from anywhere other than the battlefield, or a creature card leaves your graveyard, Syr Konrad, the Grim deals 1 damage to each opponent. [Zone Changer: Stitcher's Supplier (388)]
Damage: Syr Konrad, the Grim (396) deals 1 non-combat damage to Ai(1)-mm-sythis-enchantress.
Damage: Syr Konrad, the Grim (396) deals 1 non-combat damage to Ai(2)-mm-abaddon.
Damage: Syr Konrad, the Grim (396) deals 1 non-combat damage to Ai(3)-mm-jarad-graveyard.
Life: Life: Ai(1)-mm-sythis-enchantress 39 > 38
Life: Life: Ai(2)-mm-abaddon 25 > 24
Life: Life: Ai(3)-mm-jarad-graveyard 24 > 23
Resolve Stack: Whenever another creature dies, or a creature card is put into a graveyard from anywhere other than the battlefield, or a creature card leaves your graveyard, Syr Konrad, the Grim deals 1 damage to each opponent. [Zone Changer: Eternal Witness (309)]
Phase: Ai(2)-mm-abaddon's Draw step
Add To Stack: Ai(1)-mm-sythis-enchantress triggered Smothering Tithe
Resolve Stack: Whenever an opponent draws a card, that player may pay {2}. If the player doesn't, you create a Treasure token. (It's an artifact with "{T}, Sacrifice this token: Add one mana of any color.") [Player: Ai(2)-mm-abaddon]
Phase: Ai(2)-mm-abaddon's Main phase, precombat
Add To Stack: Ai(2)-mm-abaddon activated Lightning Greaves targeting [Mutalith Vortex Beast (158)]
Resolve Stack: Lightning Greaves (194) -  Attach to Mutalith Vortex Beast (158)
Phase: Ai(2)-mm-abaddon's Beginning of Combat Step
Phase: Ai(2)-mm-abaddon's Declare Attackers Step
Phase: Ai(2)-mm-abaddon's Declare Blockers Step
Phase: Ai(2)-mm-abaddon's First Strike Damage Step
Phase: Ai(2)-mm-abaddon's Combat Damage Step
Phase: Ai(2)-mm-abaddon's End of Combat Step
Phase: Ai(2)-mm-abaddon's Main phase, postcombat
Phase: Ai(2)-mm-abaddon's End step
Add To Stack: Ai(3)-mm-jarad-graveyard activated Skull Prophet
Zone Change: Ai(3)-mm-jarad-graveyard milled Birds of Paradise (282) and Victimize (241).
Resolve Stack: Skull Prophet (284) - Ai(3)-mm-jarad-graveyard mills two cards.
Add To Stack: Ai(4)-mm-muldrotha-value triggered Syr Konrad, the Grim
Damage: Syr Konrad, the Grim (396) deals 1 non-combat damage to Ai(1)-mm-sythis-enchantress.
Damage: Syr Konrad, the Grim (396) deals 1 non-combat damage to Ai(2)-mm-abaddon.
Damage: Syr Konrad, the Grim (396) deals 1 non-combat damage to Ai(3)-mm-jarad-graveyard.
Life: Life: Ai(1)-mm-sythis-enchantress 38 > 37
Life: Life: Ai(2)-mm-abaddon 24 > 23
Life: Life: Ai(3)-mm-jarad-graveyard 23 > 22
Resolve Stack: Whenever another creature dies, or a creature card is put into a graveyard from anywhere other than the battlefield, or a creature card leaves your graveyard, Syr Konrad, the Grim deals 1 damage to each opponent. [Zone Changer: Birds of Paradise (282)]
Phase: Ai(2)-mm-abaddon's Cleanup step
Turn: Turn 43 (Ai(3)-mm-jarad-graveyard)
Phase: Ai(3)-mm-jarad-graveyard's Untap step
Phase: Ai(3)-mm-jarad-graveyard's Upkeep step
Phase: Ai(3)-mm-jarad-graveyard's Draw step
Zone Change: Ai(3)-mm-jarad-graveyard milled Forest (233), Arcane Signet (299), Command Tower (212) and Aftermath Analyst (223).
Replacement Effect: Golgari Thug - Dredge 4
Add To Stack: Ai(4)-mm-muldrotha-value triggered Syr Konrad, the Grim
Damage: Syr Konrad, the Grim (396) deals 1 non-combat damage to Ai(1)-mm-sythis-enchantress.
Damage: Syr Konrad, the Grim (396) deals 1 non-combat damage to Ai(2)-mm-abaddon.
Damage: Syr Konrad, the Grim (396) deals 1 non-combat damage to Ai(3)-mm-jarad-graveyard.
Life: Life: Ai(1)-mm-sythis-enchantress 37 > 36
Life: Life: Ai(2)-mm-abaddon 23 > 22
Life: Life: Ai(3)-mm-jarad-graveyard 22 > 21
Resolve Stack: Whenever another creature dies, or a creature card is put into a graveyard from anywhere other than the battlefield, or a creature card leaves your graveyard, Syr Konrad, the Grim deals 1 damage to each opponent. [Zone Changer: Aftermath Analyst (223)]
Phase: Ai(3)-mm-jarad-graveyard's Main phase, precombat
Phase: Ai(3)-mm-jarad-graveyard's Beginning of Combat Step
Phase: Ai(3)-mm-jarad-graveyard's Declare Attackers Step
Phase: Ai(3)-mm-jarad-graveyard's Declare Blockers Step
Phase: Ai(3)-mm-jarad-graveyard's First Strike Damage Step
Phase: Ai(3)-mm-jarad-graveyard's Combat Damage Step
Phase: Ai(3)-mm-jarad-graveyard's End of Combat Step
Phase: Ai(3)-mm-jarad-graveyard's Main phase, postcombat
Mana: Dakmor Salvage (274) - {T}: Add {B}.
Mana: Forest (228) - {T}: Add {G}.
Add To Stack: Ai(3)-mm-jarad-graveyard cast Golgari Thug
Resolve Stack: Golgari Thug - Creature 1 / 1
Phase: Ai(3)-mm-jarad-graveyard's End step
Phase: Ai(3)-mm-jarad-graveyard's Cleanup step
Turn: Turn 44 (Ai(4)-mm-muldrotha-value)
Phase: Ai(4)-mm-muldrotha-value's Untap step
Phase: Ai(4)-mm-muldrotha-value's Upkeep step
Mana: Forest (342) - {T}: Add {G}.
Add To Stack: Ai(4)-mm-muldrotha-value activated Hermit Druid
Resolve Stack: Hermit Druid (341) - Ai(4)-mm-muldrotha-valuereveals cards from their library until revealing a basic land card. Put that card into their hand and all other cards into their graveyard.
Add To Stack: Ai(4)-mm-muldrotha-value triggered Syr Konrad, the Grim
Add To Stack: Ai(4)-mm-muldrotha-value triggered Sidisi, Brood Tyrant
Resolve Stack: Whenever one or more creature cards are put into your graveyard from your library, create a 2/2 black Zombie creature token. [Amount: 1]
Damage: Syr Konrad, the Grim (396) deals 1 non-combat damage to Ai(1)-mm-sythis-enchantress.
Damage: Syr Konrad, the Grim (396) deals 1 non-combat damage to Ai(2)-mm-abaddon.
Damage: Syr Konrad, the Grim (396) deals 1 non-combat damage to Ai(3)-mm-jarad-graveyard.
Life: Life: Ai(1)-mm-sythis-enchantress 36 > 35
Life: Life: Ai(2)-mm-abaddon 22 > 21
Life: Life: Ai(3)-mm-jarad-graveyard 21 > 20
Resolve Stack: Whenever another creature dies, or a creature card is put into a graveyard from anywhere other than the battlefield, or a creature card leaves your graveyard, Syr Konrad, the Grim deals 1 damage to each opponent. [Zone Changer: World Shaper (362)]
Phase: Ai(4)-mm-muldrotha-value's Draw step
Add To Stack: Ai(1)-mm-sythis-enchantress triggered Smothering Tithe
Resolve Stack: Whenever an opponent draws a card, that player may pay {2}. If the player doesn't, you create a Treasure token. (It's an artifact with "{T}, Sacrifice this token: Add one mana of any color.") [Player: Ai(4)-mm-muldrotha-value]
Phase: Ai(4)-mm-muldrotha-value's Main phase, precombat
Land: Ai(4)-mm-muldrotha-value played Forest (343)
Mana: Island (337) - {T}: Add {U}.
Add To Stack: Ai(4)-mm-muldrotha-value cast Seal of Removal
Resolve Stack: Seal of Removal
Zone Change: Seal of Removal (373) was put into Graveyard from Battlefield.
Add To Stack: Ai(4)-mm-muldrotha-value activated Seal of Removal targeting [Mortivore (204)]
Resolve Stack: Seal of Removal (373) - Return Mortivore (204) to its owner's hand.
Phase: Ai(4)-mm-muldrotha-value's Beginning of Combat Step
Phase: Ai(4)-mm-muldrotha-value's Declare Attackers Step
Phase: Ai(4)-mm-muldrotha-value's Declare Blockers Step
Phase: Ai(4)-mm-muldrotha-value's First Strike Damage Step
Phase: Ai(4)-mm-muldrotha-value's Combat Damage Step
Phase: Ai(4)-mm-muldrotha-value's End of Combat Step
Phase: Ai(4)-mm-muldrotha-value's Main phase, postcombat
Mana: Island (336) - {T}: Add {U}.
Mana: Forest (343) - {T}: Add {G}.
Mana: Swamp (365) - {T}: Add {B}.
Mana: Swamp (366) - {T}: Add {B}.
Add To Stack: Ai(4)-mm-muldrotha-value cast Glen Elendra Archmage
Resolve Stack: Glen Elendra Archmage - Creature 2 / 2
Mana: Exotic Orchard (352) - {T}: Add one mana of any color that a land an opponent controls could produce.
Mana: Woodland Cemetery (393) - {T}: Add {B} or {G}.
Mana: Hinterland Harbor (330) - {T}: Add {G} or {U}.
Mana: Drowned Catacomb (389) - {T}: Add {U} or {B}.
Add To Stack: Ai(4)-mm-muldrotha-value cast Hedge Shredder
Resolve Stack: Hedge Shredder
Phase: Ai(4)-mm-muldrotha-value's End step
Phase: Ai(4)-mm-muldrotha-value's Cleanup step
Turn: Turn 45 (Ai(1)-mm-sythis-enchantress)
Phase: Ai(1)-mm-sythis-enchantress' Untap step
Phase: Ai(1)-mm-sythis-enchantress' Upkeep step
Phase: Ai(1)-mm-sythis-enchantress' Draw step
Phase: Ai(1)-mm-sythis-enchantress' Main phase, precombat
Replacement Effect: Overgrown Farmland enters tapped unless you control two or more other lands.
Land: Ai(1)-mm-sythis-enchantress played Overgrown Farmland (33)
Land: Ai(1)-mm-sythis-enchantress played Plains (85)
Mana: Plains (83) - {T}: Add {W}.
Mana: Forest (42) - {T}: Add {G}.
Mana: Thought Vessel (44) - {T}: Add {C}.
Mana: Forest (38) - {T}: Add {G}.
Add To Stack: Ai(1)-mm-sythis-enchantress cast Mirari's Wake
Add To Stack: Ai(1)-mm-sythis-enchantress triggered Sythis, Harvest's Hand
Add To Stack: Ai(1)-mm-sythis-enchantress triggered Satyr Enchanter
Add To Stack: Ai(1)-mm-sythis-enchantress triggered Enchantress's Presence
Add To Stack: Ai(1)-mm-sythis-enchantress triggered Hallowed Haunting
Add To Stack: Ai(1)-mm-sythis-enchantress triggered Sigil of the Empty Throne
Resolve Stack: Whenever you cast an enchantment spell, create a 4/4 white Angel creature token with flying. [Card: Mirari's Wake (31), Activator: Ai(1)-mm-sythis-enchantress, SpellAbility: Mirari's Wake]
Resolve Stack: Whenever you cast an enchantment spell, create a white Spirit Cleric creature token with "This token's power and toughness are each equal to the number of Spirits you control." [Card: Mirari's Wake (31), Activator: Ai(1)-mm-sythis-enchantress, SpellAbility: Mirari's Wake]
Resolve Stack: Whenever you cast an enchantment spell, draw a card. [Card: Mirari's Wake (31), Activator: Ai(1)-mm-sythis-enchantress, SpellAbility: Mirari's Wake]
Resolve Stack: Whenever you cast an enchantment spell, draw a card. [Card: Mirari's Wake (31), Activator: Ai(1)-mm-sythis-enchantress, SpellAbility: Mirari's Wake]
Life: Life: Ai(1)-mm-sythis-enchantress 35 > 36
Resolve Stack: Whenever you cast an enchantment spell, you gain 1 life and draw a card. [Card: Mirari's Wake (31), Activator: Ai(1)-mm-sythis-enchantress, SpellAbility: Mirari's Wake]
Resolve Stack: Mirari's Wake
Add To Stack: Ai(1)-mm-sythis-enchantress triggered Eidolon of Blossoms
Add To Stack: Ai(1)-mm-sythis-enchantress triggered Archon of Sun's Grace
Resolve Stack: Constellation — Whenever an enchantment you control enters, create a 2/2 white Pegasus creature token with flying. [Zone Changer: Mirari's Wake (31)]
Resolve Stack: Constellation — Whenever Eidolon of Blossoms or another enchantment you control enters, draw a card. [Zone Changer: Mirari's Wake (31)]
Mana: Plains (84) - {T}: Add {W}.
Mana: Plains (88) - {T}: Add {G}.
Add To Stack: Ai(1)-mm-sythis-enchantress cast Jukai Naturalist
Add To Stack: Ai(1)-mm-sythis-enchantress triggered Sythis, Harvest's Hand
Add To Stack: Ai(1)-mm-sythis-enchantress triggered Satyr Enchanter
Add To Stack: Ai(1)-mm-sythis-enchantress triggered Enchantress's Presence
Add To Stack: Ai(1)-mm-sythis-enchantress triggered Hallowed Haunting
Add To Stack: Ai(1)-mm-sythis-enchantress triggered Sigil of the Empty Throne
Resolve Stack: Whenever you cast an enchantment spell, create a 4/4 white Angel creature token with flying. [Card: Jukai Naturalist (22), Activator: Ai(1)-mm-sythis-enchantress, SpellAbility: Jukai Naturalist - Creature 2 / 2]
Resolve Stack: Whenever you cast an enchantment spell, create a white Spirit Cleric creature token with "This token's power and toughness are each equal to the number of Spirits you control." [Card: Jukai Naturalist (22), Activator: Ai(1)-mm-sythis-enchantress, SpellAbility: Jukai Naturalist - Creature 2 / 2]
Resolve Stack: Whenever you cast an enchantment spell, draw a card. [Card: Jukai Naturalist (22), Activator: Ai(1)-mm-sythis-enchantress, SpellAbility: Jukai Naturalist - Creature 2 / 2]
Resolve Stack: Whenever you cast an enchantment spell, draw a card. [Card: Jukai Naturalist (22), Activator: Ai(1)-mm-sythis-enchantress, SpellAbility: Jukai Naturalist - Creature 2 / 2]
Life: Life: Ai(1)-mm-sythis-enchantress 36 > 37
Resolve Stack: Whenever you cast an enchantment spell, you gain 1 life and draw a card. [Card: Jukai Naturalist (22), Activator: Ai(1)-mm-sythis-enchantress, SpellAbility: Jukai Naturalist - Creature 2 / 2]
Resolve Stack: Jukai Naturalist - Creature 2 / 2
Add To Stack: Ai(1)-mm-sythis-enchantress triggered Eidolon of Blossoms
Add To Stack: Ai(1)-mm-sythis-enchantress triggered Archon of Sun's Grace
Resolve Stack: Constellation — Whenever an enchantment you control enters, create a 2/2 white Pegasus creature token with flying. [Zone Changer: Jukai Naturalist (22)]
Resolve Stack: Constellation — Whenever Eidolon of Blossoms or another enchantment you control enters, draw a card. [Zone Changer: Jukai Naturalist (22)]
Add To Stack: Ai(1)-mm-sythis-enchantress cast Herald of the Pantheon
Resolve Stack: Herald of the Pantheon - Creature 2 / 2
Mana: Plains (90) - {T}: Add {G}.
Add To Stack: Ai(1)-mm-sythis-enchantress cast Overgrowth targeting [Command Tower (20)]
Add To Stack: Ai(1)-mm-sythis-enchantress triggered Sythis, Harvest's Hand
Add To Stack: Ai(1)-mm-sythis-enchantress triggered Herald of the Pantheon
Add To Stack: Ai(1)-mm-sythis-enchantress triggered Satyr Enchanter
Add To Stack: Ai(1)-mm-sythis-enchantress triggered Enchantress's Presence
Add To Stack: Ai(1)-mm-sythis-enchantress triggered Hallowed Haunting
Add To Stack: Ai(1)-mm-sythis-enchantress triggered Sigil of the Empty Throne
Resolve Stack: Whenever you cast an enchantment spell, create a 4/4 white Angel creature token with flying. [Card: Overgrowth (60), Activator: Ai(1)-mm-sythis-enchantress, SpellAbility: Overgrowth]
Resolve Stack: Whenever you cast an enchantment spell, create a white Spirit Cleric creature token with "This token's power and toughness are each equal to the number of Spirits you control." [Card: Overgrowth (60), Activator: Ai(1)-mm-sythis-enchantress, SpellAbility: Overgrowth]
Resolve Stack: Whenever you cast an enchantment spell, draw a card. [Card: Overgrowth (60), Activator: Ai(1)-mm-sythis-enchantress, SpellAbility: Overgrowth]
Resolve Stack: Whenever you cast an enchantment spell, draw a card. [Card: Overgrowth (60), Activator: Ai(1)-mm-sythis-enchantress, SpellAbility: Overgrowth]
Life: Life: Ai(1)-mm-sythis-enchantress 37 > 38
Resolve Stack: Whenever you cast an enchantment spell, you gain 1 life. [Card: Overgrowth (60), Activator: Ai(1)-mm-sythis-enchantress, SpellAbility: Overgrowth]
Life: Life: Ai(1)-mm-sythis-enchantress 38 > 39
Resolve Stack: Whenever you cast an enchantment spell, you gain 1 life and draw a card. [Card: Overgrowth (60), Activator: Ai(1)-mm-sythis-enchantress, SpellAbility: Overgrowth]
Resolve Stack: Overgrowth (60) -  Attach to Command Tower (20)
Add To Stack: Ai(1)-mm-sythis-enchantress triggered Eidolon of Blossoms
Add To Stack: Ai(1)-mm-sythis-enchantress triggered Archon of Sun's Grace
Resolve Stack: Constellation — Whenever an enchantment you control enters, create a 2/2 white Pegasus creature token with flying. [Zone Changer: Overgrowth (60)]
Resolve Stack: Constellation — Whenever Eidolon of Blossoms or another enchantment you control enters, draw a card. [Zone Changer: Overgrowth (60)]
Mana: Forest (39) - {T}: Add {G}.
Add To Stack: Ai(1)-mm-sythis-enchantress cast Setessan Champion
Resolve Stack: Setessan Champion - Creature 1 / 3
Mana: Plains (85) - {T}: Add {W}.
Add To Stack: Ai(1)-mm-sythis-enchantress cast Ghostly Prison
Add To Stack: Ai(1)-mm-sythis-enchantress triggered Sythis, Harvest's Hand
Add To Stack: Ai(1)-mm-sythis-enchantress triggered Herald of the Pantheon
Add To Stack: Ai(1)-mm-sythis-enchantress triggered Satyr Enchanter
Add To Stack: Ai(1)-mm-sythis-enchantress triggered Enchantress's Presence
Add To Stack: Ai(1)-mm-sythis-enchantress triggered Hallowed Haunting
Add To Stack: Ai(1)-mm-sythis-enchantress triggered Sigil of the Empty Throne
Resolve Stack: Whenever you cast an enchantment spell, create a 4/4 white Angel creature token with flying. [Card: Ghostly Prison (21), Activator: Ai(1)-mm-sythis-enchantress, SpellAbility: Ghostly Prison]
Resolve Stack: Whenever you cast an enchantment spell, create a white Spirit Cleric creature token with "This token's power and toughness are each equal to the number of Spirits you control." [Card: Ghostly Prison (21), Activator: Ai(1)-mm-sythis-enchantress, SpellAbility: Ghostly Prison]
Resolve Stack: Whenever you cast an enchantment spell, draw a card. [Card: Ghostly Prison (21), Activator: Ai(1)-mm-sythis-enchantress, SpellAbility: Ghostly Prison]
Resolve Stack: Whenever you cast an enchantment spell, draw a card. [Card: Ghostly Prison (21), Activator: Ai(1)-mm-sythis-enchantress, SpellAbility: Ghostly Prison]
Life: Life: Ai(1)-mm-sythis-enchantress 39 > 40
Resolve Stack: Whenever you cast an enchantment spell, you gain 1 life. [Card: Ghostly Prison (21), Activator: Ai(1)-mm-sythis-enchantress, SpellAbility: Ghostly Prison]
Life: Life: Ai(1)-mm-sythis-enchantress 40 > 41
Resolve Stack: Whenever you cast an enchantment spell, you gain 1 life and draw a card. [Card: Ghostly Prison (21), Activator: Ai(1)-mm-sythis-enchantress, SpellAbility: Ghostly Prison]
Resolve Stack: Ghostly Prison
Add To Stack: Ai(1)-mm-sythis-enchantress triggered Eidolon of Blossoms
Add To Stack: Ai(1)-mm-sythis-enchantress triggered Setessan Champion
Add To Stack: Ai(1)-mm-sythis-enchantress triggered Archon of Sun's Grace
Resolve Stack: Constellation — Whenever an enchantment you control enters, create a 2/2 white Pegasus creature token with flying. [Zone Changer: Ghostly Prison (21)]
Resolve Stack: Constellation — Whenever an enchantment you control enters, put a +1/+1 counter on Setessan Champion and draw a card. [Zone Changer: Ghostly Prison (21)]
Resolve Stack: Constellation — Whenever Eidolon of Blossoms or another enchantment you control enters, draw a card. [Zone Changer: Ghostly Prison (21)]
Mana: Sunpetal Grove (63) - {T}: Add {W}.
Mana: Overgrown Farmland (33) - {T}: Add {G}.
Add To Stack: Ai(1)-mm-sythis-enchantress cast Ajani's Chosen
Resolve Stack: Ajani's Chosen - Creature 3 / 3
Mana: Command Tower (20) - {T}: Add {G}.
Add To Stack: Ai(1)-mm-sythis-enchantress cast Courser of Kruphix
Add To Stack: Ai(1)-mm-sythis-enchantress triggered Sythis, Harvest's Hand
Add To Stack: Ai(1)-mm-sythis-enchantress triggered Herald of the Pantheon
Add To Stack: Ai(1)-mm-sythis-enchantress triggered Satyr Enchanter
Add To Stack: Ai(1)-mm-sythis-enchantress triggered Enchantress's Presence
Add To Stack: Ai(1)-mm-sythis-enchantress triggered Hallowed Haunting
Add To Stack: Ai(1)-mm-sythis-enchantress triggered Sigil of the Empty Throne
Resolve Stack: Whenever you cast an enchantment spell, create a 4/4 white Angel creature token with flying. [Card: Courser of Kruphix (99), Activator: Ai(1)-mm-sythis-enchantress, SpellAbility: Courser of Kruphix - Creature 2 / 4]
Resolve Stack: Whenever you cast an enchantment spell, create a white Spirit Cleric creature token with "This token's power and toughness are each equal to the number of Spirits you control." [Card: Courser of Kruphix (99), Activator: Ai(1)-mm-sythis-enchantress, SpellAbility: Courser of Kruphix - Creature 2 / 4]
Resolve Stack: Whenever you cast an enchantment spell, draw a card. [Card: Courser of Kruphix (99), Activator: Ai(1)-mm-sythis-enchantress, SpellAbility: Courser of Kruphix - Creature 2 / 4]
Resolve Stack: Whenever you cast an enchantment spell, draw a card. [Card: Courser of Kruphix (99), Activator: Ai(1)-mm-sythis-enchantress, SpellAbility: Courser of Kruphix - Creature 2 / 4]
Life: Life: Ai(1)-mm-sythis-enchantress 41 > 42
Resolve Stack: Whenever you cast an enchantment spell, you gain 1 life. [Card: Courser of Kruphix (99), Activator: Ai(1)-mm-sythis-enchantress, SpellAbility: Courser of Kruphix - Creature 2 / 4]
Life: Life: Ai(1)-mm-sythis-enchantress 42 > 43
Resolve Stack: Whenever you cast an enchantment spell, you gain 1 life and draw a card. [Card: Courser of Kruphix (99), Activator: Ai(1)-mm-sythis-enchantress, SpellAbility: Courser of Kruphix - Creature 2 / 4]
Resolve Stack: Courser of Kruphix - Creature 2 / 4
Add To Stack: Ai(1)-mm-sythis-enchantress triggered Eidolon of Blossoms
Add To Stack: Ai(1)-mm-sythis-enchantress triggered Setessan Champion
Add To Stack: Ai(1)-mm-sythis-enchantress triggered Archon of Sun's Grace
Add To Stack: Ai(1)-mm-sythis-enchantress triggered Ajani's Chosen
Resolve Stack: Whenever an enchantment you control enters, create a 2/2 white Cat creature token. If that enchantment is an Aura, you may attach it to the token. [Zone Changer: Courser of Kruphix (99)]
Resolve Stack: Constellation — Whenever an enchantment you control enters, create a 2/2 white Pegasus creature token with flying. [Zone Changer: Courser of Kruphix (99)]
Resolve Stack: Constellation — Whenever an enchantment you control enters, put a +1/+1 counter on Setessan Champion and draw a card. [Zone Changer: Courser of Kruphix (99)]
Resolve Stack: Constellation — Whenever Eidolon of Blossoms or another enchantment you control enters, draw a card. [Zone Changer: Courser of Kruphix (99)]
Mana: Sungrass Prairie (6) - {T}: Add {W}.
Add To Stack: Ai(1)-mm-sythis-enchantress cast Calix, Guided by Fate
Add To Stack: Ai(1)-mm-sythis-enchantress triggered Sythis, Harvest's Hand
Add To Stack: Ai(1)-mm-sythis-enchantress triggered Herald of the Pantheon
Add To Stack: Ai(1)-mm-sythis-enchantress triggered Satyr Enchanter
Add To Stack: Ai(1)-mm-sythis-enchantress triggered Enchantress's Presence
Add To Stack: Ai(1)-mm-sythis-enchantress triggered Hallowed Haunting
Add To Stack: Ai(1)-mm-sythis-enchantress triggered Sigil of the Empty Throne
Resolve Stack: Whenever you cast an enchantment spell, create a 4/4 white Angel creature token with flying. [Card: Calix, Guided by Fate (30), Activator: Ai(1)-mm-sythis-enchantress, SpellAbility: Calix, Guided by Fate - Creature 2 / 2]
Resolve Stack: Whenever you cast an enchantment spell, create a white Spirit Cleric creature token with "This token's power and toughness are each equal to the number of Spirits you control." [Card: Calix, Guided by Fate (30), Activator: Ai(1)-mm-sythis-enchantress, SpellAbility: Calix, Guided by Fate - Creature 2 / 2]
Resolve Stack: Whenever you cast an enchantment spell, draw a card. [Card: Calix, Guided by Fate (30), Activator: Ai(1)-mm-sythis-enchantress, SpellAbility: Calix, Guided by Fate - Creature 2 / 2]
Resolve Stack: Whenever you cast an enchantment spell, draw a card. [Card: Calix, Guided by Fate (30), Activator: Ai(1)-mm-sythis-enchantress, SpellAbility: Calix, Guided by Fate - Creature 2 / 2]
Life: Life: Ai(1)-mm-sythis-enchantress 43 > 44
Resolve Stack: Whenever you cast an enchantment spell, you gain 1 life. [Card: Calix, Guided by Fate (30), Activator: Ai(1)-mm-sythis-enchantress, SpellAbility: Calix, Guided by Fate - Creature 2 / 2]
Life: Life: Ai(1)-mm-sythis-enchantress 44 > 45
Resolve Stack: Whenever you cast an enchantment spell, you gain 1 life and draw a card. [Card: Calix, Guided by Fate (30), Activator: Ai(1)-mm-sythis-enchantress, SpellAbility: Calix, Guided by Fate - Creature 2 / 2]
Resolve Stack: Calix, Guided by Fate - Creature 2 / 2
Add To Stack: Ai(1)-mm-sythis-enchantress triggered Eidolon of Blossoms
Add To Stack: Ai(1)-mm-sythis-enchantress triggered Setessan Champion
Add To Stack: Ai(1)-mm-sythis-enchantress triggered Calix, Guided by Fate targeting [Destiny Spinner (27)]
Add To Stack: Ai(1)-mm-sythis-enchantress triggered Archon of Sun's Grace
Add To Stack: Ai(1)-mm-sythis-enchantress triggered Ajani's Chosen
Resolve Stack: Whenever an enchantment you control enters, create a 2/2 white Cat creature token. If that enchantment is an Aura, you may attach it to the token. [Zone Changer: Calix, Guided by Fate (30)]
Resolve Stack: Constellation — Whenever an enchantment you control enters, create a 2/2 white Pegasus creature token with flying. [Zone Changer: Calix, Guided by Fate (30)]
Resolve Stack: Constellation — Whenever Calix, Guided by Fate or another enchantment you control enters, put a +1/+1 counter on target creature. (Targeting: [[Destiny Spinner (27)]]) [Zone Changer: Calix, Guided by Fate (30)]
Resolve Stack: Constellation — Whenever an enchantment you control enters, put a +1/+1 counter on Setessan Champion and draw a card. [Zone Changer: Calix, Guided by Fate (30)]
Resolve Stack: Constellation — Whenever Eidolon of Blossoms or another enchantment you control enters, draw a card. [Zone Changer: Calix, Guided by Fate (30)]
Add To Stack: Ai(1)-mm-sythis-enchantress cast Moon-Blessed Cleric
Resolve Stack: Moon-Blessed Cleric - Creature 3 / 2
Add To Stack: Ai(1)-mm-sythis-enchantress triggered Moon-Blessed Cleric
Resolve Stack: Divine Intervention — When Moon-Blessed Cleric enters, you may search your library for an enchantment card, reveal it, then shuffle and put that card on top. [Zone Changer: Moon-Blessed Cleric (50)]
Mana: Hall of Heliod's Generosity (10) - {T}: Add {G}.
Add To Stack: Ai(1)-mm-sythis-enchantress cast Weaver of Harmony
Add To Stack: Ai(1)-mm-sythis-enchantress triggered Sythis, Harvest's Hand
Add To Stack: Ai(1)-mm-sythis-enchantress triggered Herald of the Pantheon
Add To Stack: Ai(1)-mm-sythis-enchantress triggered Satyr Enchanter
Add To Stack: Ai(1)-mm-sythis-enchantress triggered Enchantress's Presence
Add To Stack: Ai(1)-mm-sythis-enchantress triggered Hallowed Haunting
Add To Stack: Ai(1)-mm-sythis-enchantress triggered Sigil of the Empty Throne
Resolve Stack: Whenever you cast an enchantment spell, create a 4/4 white Angel creature token with flying. [Card: Weaver of Harmony (55), Activator: Ai(1)-mm-sythis-enchantress, SpellAbility: Weaver of Harmony - Creature 2 / 2]
Resolve Stack: Whenever you cast an enchantment spell, create a white Spirit Cleric creature token with "This token's power and toughness are each equal to the number of Spirits you control." [Card: Weaver of Harmony (55), Activator: Ai(1)-mm-sythis-enchantress, SpellAbility: Weaver of Harmony - Creature 2 / 2]
Resolve Stack: Whenever you cast an enchantment spell, draw a card. [Card: Weaver of Harmony (55), Activator: Ai(1)-mm-sythis-enchantress, SpellAbility: Weaver of Harmony - Creature 2 / 2]
Resolve Stack: Whenever you cast an enchantment spell, draw a card. [Card: Weaver of Harmony (55), Activator: Ai(1)-mm-sythis-enchantress, SpellAbility: Weaver of Harmony - Creature 2 / 2]
Life: Life: Ai(1)-mm-sythis-enchantress 45 > 46
Resolve Stack: Whenever you cast an enchantment spell, you gain 1 life. [Card: Weaver of Harmony (55), Activator: Ai(1)-mm-sythis-enchantress, SpellAbility: Weaver of Harmony - Creature 2 / 2]
Life: Life: Ai(1)-mm-sythis-enchantress 46 > 47
Resolve Stack: Whenever you cast an enchantment spell, you gain 1 life and draw a card. [Card: Weaver of Harmony (55), Activator: Ai(1)-mm-sythis-enchantress, SpellAbility: Weaver of Harmony - Creature 2 / 2]
Resolve Stack: Weaver of Harmony - Creature 2 / 2
Add To Stack: Ai(1)-mm-sythis-enchantress triggered Eidolon of Blossoms
Add To Stack: Ai(1)-mm-sythis-enchantress triggered Setessan Champion
Add To Stack: Ai(1)-mm-sythis-enchantress triggered Calix, Guided by Fate targeting [Destiny Spinner (27)]
Add To Stack: Ai(1)-mm-sythis-enchantress triggered Archon of Sun's Grace
Add To Stack: Ai(1)-mm-sythis-enchantress triggered Ajani's Chosen
Resolve Stack: Whenever an enchantment you control enters, create a 2/2 white Cat creature token. If that enchantment is an Aura, you may attach it to the token. [Zone Changer: Weaver of Harmony (55)]
Resolve Stack: Constellation — Whenever an enchantment you control enters, create a 2/2 white Pegasus creature token with flying. [Zone Changer: Weaver of Harmony (55)]
Resolve Stack: Constellation — Whenever Calix, Guided by Fate or another enchantment you control enters, put a +1/+1 counter on target creature. (Targeting: [[Destiny Spinner (27)]]) [Zone Changer: Weaver of Harmony (55)]
Resolve Stack: Constellation — Whenever an enchantment you control enters, put a +1/+1 counter on Setessan Champion and draw a card. [Zone Changer: Weaver of Harmony (55)]
Resolve Stack: Constellation — Whenever Eidolon of Blossoms or another enchantment you control enters, draw a card. [Zone Changer: Weaver of Harmony (55)]
Phase: Ai(1)-mm-sythis-enchantress' Beginning of Combat Step
Phase: Ai(1)-mm-sythis-enchantress' Declare Attackers Step
Phase: Ai(1)-mm-sythis-enchantress' Declare Blockers Step
Phase: Ai(1)-mm-sythis-enchantress' First Strike Damage Step
Phase: Ai(1)-mm-sythis-enchantress' Combat Damage Step
Phase: Ai(1)-mm-sythis-enchantress' End of Combat Step
Phase: Ai(1)-mm-sythis-enchantress' Main phase, postcombat
Phase: Ai(1)-mm-sythis-enchantress' End step
Phase: Ai(1)-mm-sythis-enchantress' Cleanup step
Turn: Turn 46 (Ai(2)-mm-abaddon)
Phase: Ai(2)-mm-abaddon's Untap step
Phase: Ai(2)-mm-abaddon's Upkeep step
Phase: Ai(2)-mm-abaddon's Draw step
Phase: Ai(2)-mm-abaddon's Main phase, precombat
Land: Ai(2)-mm-abaddon played Swamp (147)
Mana: Mountain (185) - {T}: Add {R}.
Mana: Swamp (147) - {T}: Add {B}.
Mana: Exotic Orchard (136) - {T}: Add one mana of any color that a land an opponent controls could produce.
Mana: Training Center (137) - {T}: Add {U} or {R}.
Mana: Overgrown Tomb (377) - {T}: Add {G}.
Mana: Arcane Signet (195) - {T}: Add one mana of any color in your commander's color identity.
Add To Stack: Ai(2)-mm-abaddon cast Let the Galaxy Burn
Add To Stack: Ai(2)-mm-abaddon triggered Let the Galaxy Burn
Add To Stack: Ai(2)-mm-abaddon cast Frantic Search
Resolve Stack: Cascade - Let the Galaxy Burn [Card: Let the Galaxy Burn (192), Activator: Ai(2)-mm-abaddon, SpellAbility: Let the Galaxy Burn deals X plus 2 damage to each creature that didn't enter this turn.]
Discard: Ai(2)-mm-abaddon discards Poxwalkers (162).
Discard: Ai(2)-mm-abaddon discards Blood for the Blood God! (109).
Resolve Stack: Frantic Search (123) - Ai(2)-mm-abaddon draws two cards. Ai(2)-mm-abaddon discards two cards. Untap up to 3 Lands.
Add To Stack: Ai(4)-mm-muldrotha-value triggered Syr Konrad, the Grim
Damage: Syr Konrad, the Grim (396) deals 1 non-combat damage to Ai(2)-mm-abaddon.
Damage: Syr Konrad, the Grim (396) deals 1 non-combat damage to Ai(3)-mm-jarad-graveyard.
Life: Life: Ai(2)-mm-abaddon 21 > 20
Life: Life: Ai(3)-mm-jarad-graveyard 20 > 19
Resolve Stack: Whenever another creature dies, or a creature card is put into a graveyard from anywhere other than the battlefield, or a creature card leaves your graveyard, Syr Konrad, the Grim deals 1 damage to each opponent. [Zone Changer: Poxwalkers (162)]
Mana: Sunken Hollow (331) - {T}: Add {U}.
Zone Change: Glen Elendra Archmage (390) was put into Graveyard from Battlefield.
Add To Stack: Ai(4)-mm-muldrotha-value activated Glen Elendra Archmage targeting [Let the Galaxy Burn deals X plus 2 damage to each creature that didn't enter this turn.]
Add To Stack: Ai(4)-mm-muldrotha-value triggered Syr Konrad, the Grim
Add To Stack: Ai(4)-mm-muldrotha-value triggered Glen Elendra Archmage
Resolve Stack: Persist (When this creature dies, if it had no -1/-1 counters on it, return it to the battlefield under its owner's control with a -1/-1 counter on it.) [Zone Changer: Glen Elendra Archmage (390)]
Add To Stack: Ai(4)-mm-muldrotha-value triggered Syr Konrad, the Grim
Damage: Syr Konrad, the Grim (396) deals 1 non-combat damage to Ai(2)-mm-abaddon.
Damage: Syr Konrad, the Grim (396) deals 1 non-combat damage to Ai(3)-mm-jarad-graveyard.
Life: Life: Ai(2)-mm-abaddon 20 > 19
Life: Life: Ai(3)-mm-jarad-graveyard 19 > 18
Resolve Stack: Whenever another creature dies, or a creature card is put into a graveyard from anywhere other than the battlefield, or a creature card leaves your graveyard, Syr Konrad, the Grim deals 1 damage to each opponent. [Zone Changer: Glen Elendra Archmage (390)]
Damage: Syr Konrad, the Grim (396) deals 1 non-combat damage to Ai(2)-mm-abaddon.
Damage: Syr Konrad, the Grim (396) deals 1 non-combat damage to Ai(3)-mm-jarad-graveyard.
Life: Life: Ai(2)-mm-abaddon 19 > 18
Life: Life: Ai(3)-mm-jarad-graveyard 18 > 17
Resolve Stack: Whenever another creature dies, or a creature card is put into a graveyard from anywhere other than the battlefield, or a creature card leaves your graveyard, Syr Konrad, the Grim deals 1 damage to each opponent. [Zone Changer: Glen Elendra Archmage (390)]
Zone Change: Send countered spell to Graveyard
Resolve Stack: Glen Elendra Archmage (390) - Counter Let the Galaxy Burn (192).
Phase: Ai(2)-mm-abaddon's Beginning of Combat Step
Phase: Ai(2)-mm-abaddon's Declare Attackers Step
Phase: Ai(2)-mm-abaddon's Declare Blockers Step
Phase: Ai(2)-mm-abaddon's First Strike Damage Step
Phase: Ai(2)-mm-abaddon's Combat Damage Step
Phase: Ai(2)-mm-abaddon's End of Combat Step
Phase: Ai(2)-mm-abaddon's Main phase, postcombat
Mana: Exotic Orchard (136) - {T}: Add one mana of any color that a land an opponent controls could produce.
Mana: Training Center (137) - {T}: Add {U} or {R}.
Mana: Overgrown Tomb (377) - {T}: Add {G}.
Mana: Talisman of Dominance (102) - {T}: Add {C}.
Add To Stack: Ai(2)-mm-abaddon cast Plague Drone
Resolve Stack: Plague Drone - Creature 3 / 3
Phase: Ai(2)-mm-abaddon's End step
Add To Stack: Ai(3)-mm-jarad-graveyard activated Skull Prophet
Zone Change: Ai(3)-mm-jarad-graveyard milled Beast Within (273) and Nyx Weaver (272).
Resolve Stack: Skull Prophet (284) - Ai(3)-mm-jarad-graveyard mills two cards.
Add To Stack: Ai(4)-mm-muldrotha-value triggered Syr Konrad, the Grim
Damage: Syr Konrad, the Grim (396) deals 1 non-combat damage to Ai(2)-mm-abaddon.
Damage: Syr Konrad, the Grim (396) deals 1 non-combat damage to Ai(3)-mm-jarad-graveyard.
Life: Life: Ai(2)-mm-abaddon 18 > 17
Life: Life: Ai(3)-mm-jarad-graveyard 17 > 16
Resolve Stack: Whenever another creature dies, or a creature card is put into a graveyard from anywhere other than the battlefield, or a creature card leaves your graveyard, Syr Konrad, the Grim deals 1 damage to each opponent. [Zone Changer: Nyx Weaver (272)]
Phase: Ai(2)-mm-abaddon's Cleanup step
Turn: Turn 47 (Ai(3)-mm-jarad-graveyard)
Phase: Ai(3)-mm-jarad-graveyard's Untap step
Phase: Ai(3)-mm-jarad-graveyard's Upkeep step
Phase: Ai(3)-mm-jarad-graveyard's Draw step
Phase: Ai(3)-mm-jarad-graveyard's Main phase, precombat
Land: Ai(3)-mm-jarad-graveyard played Swamp (263)
Phase: Ai(3)-mm-jarad-graveyard's Beginning of Combat Step
Phase: Ai(3)-mm-jarad-graveyard's Declare Attackers Step
Phase: Ai(3)-mm-jarad-graveyard's Declare Blockers Step
Phase: Ai(3)-mm-jarad-graveyard's First Strike Damage Step
Phase: Ai(3)-mm-jarad-graveyard's Combat Damage Step
Phase: Ai(3)-mm-jarad-graveyard's End of Combat Step
Phase: Ai(3)-mm-jarad-graveyard's Main phase, postcombat
Mana: Dakmor Salvage (274) - {T}: Add {B}.
Mana: Swamp (263) - {T}: Add {B}.
Mana: Forest (228) - {T}: Add {G}.
Mana: Forest (231) - {T}: Add {G}.
Add To Stack: Ai(3)-mm-jarad-graveyard cast Mortivore
Resolve Stack: Mortivore - Creature * / *
Phase: Ai(3)-mm-jarad-graveyard's End step
Phase: Ai(3)-mm-jarad-graveyard's Cleanup step
Turn: Turn 48 (Ai(4)-mm-muldrotha-value)
Phase: Ai(4)-mm-muldrotha-value's Untap step
Phase: Ai(4)-mm-muldrotha-value's Upkeep step
Mana: Forest (342) - {T}: Add {G}.
Add To Stack: Ai(4)-mm-muldrotha-value activated Hermit Druid
Resolve Stack: Hermit Druid (341) - Ai(4)-mm-muldrotha-valuereveals cards from their library until revealing a basic land card. Put that card into their hand and all other cards into their graveyard.
Add To Stack: Ai(4)-mm-muldrotha-value triggered Syr Konrad, the Grim
Add To Stack: Ai(4)-mm-muldrotha-value triggered Syr Konrad, the Grim
Add To Stack: Ai(4)-mm-muldrotha-value triggered Syr Konrad, the Grim
Add To Stack: Ai(4)-mm-muldrotha-value triggered Syr Konrad, the Grim
Add To Stack: Ai(4)-mm-muldrotha-value triggered Syr Konrad, the Grim
Add To Stack: Ai(4)-mm-muldrotha-value triggered Hedge Shredder
Add To Stack: Ai(4)-mm-muldrotha-value triggered Sidisi, Brood Tyrant
Resolve Stack: Whenever one or more creature cards are put into your graveyard from your library, create a 2/2 black Zombie creature token. [Amount: 5]
Resolve Stack: Whenever one or more land cards are put into your graveyard from your library, put them onto the battlefield tapped. [Amount: 1]
Damage: Syr Konrad, the Grim (396) deals 1 non-combat damage to Ai(2)-mm-abaddon.
Damage: Syr Konrad, the Grim (396) deals 1 non-combat damage to Ai(3)-mm-jarad-graveyard.
Life: Life: Ai(2)-mm-abaddon 17 > 16
Life: Life: Ai(3)-mm-jarad-graveyard 16 > 15
Resolve Stack: Whenever another creature dies, or a creature card is put into a graveyard from anywhere other than the battlefield, or a creature card leaves your graveyard, Syr Konrad, the Grim deals 1 damage to each opponent. [Zone Changer: Solemn Simulacrum (348)]
Damage: Syr Konrad, the Grim (396) deals 1 non-combat damage to Ai(2)-mm-abaddon.
Damage: Syr Konrad, the Grim (396) deals 1 non-combat damage to Ai(3)-mm-jarad-graveyard.
Life: Life: Ai(2)-mm-abaddon 16 > 15
Life: Life: Ai(3)-mm-jarad-graveyard 15 > 14
Resolve Stack: Whenever another creature dies, or a creature card is put into a graveyard from anywhere other than the battlefield, or a creature card leaves your graveyard, Syr Konrad, the Grim deals 1 damage to each opponent. [Zone Changer: Haywire Mite (334)]
Damage: Syr Konrad, the Grim (396) deals 1 non-combat damage to Ai(2)-mm-abaddon.
Damage: Syr Konrad, the Grim (396) deals 1 non-combat damage to Ai(3)-mm-jarad-graveyard.
Life: Life: Ai(2)-mm-abaddon 15 > 14
Life: Life: Ai(3)-mm-jarad-graveyard 14 > 13
Resolve Stack: Whenever another creature dies, or a creature card is put into a graveyard from anywhere other than the battlefield, or a creature card leaves your graveyard, Syr Konrad, the Grim deals 1 damage to each opponent. [Zone Changer: Skull Prophet (384)]
Damage: Syr Konrad, the Grim (396) deals 1 non-combat damage to Ai(2)-mm-abaddon.
Damage: Syr Konrad, the Grim (396) deals 1 non-combat damage to Ai(3)-mm-jarad-graveyard.
Life: Life: Ai(2)-mm-abaddon 14 > 13
Life: Life: Ai(3)-mm-jarad-graveyard 13 > 12
Resolve Stack: Whenever another creature dies, or a creature card is put into a graveyard from anywhere other than the battlefield, or a creature card leaves your graveyard, Syr Konrad, the Grim deals 1 damage to each opponent. [Zone Changer: River Kelpie (355)]
Damage: Syr Konrad, the Grim (396) deals 1 non-combat damage to Ai(2)-mm-abaddon.
Damage: Syr Konrad, the Grim (396) deals 1 non-combat damage to Ai(3)-mm-jarad-graveyard.
Life: Life: Ai(2)-mm-abaddon 13 > 12
Life: Life: Ai(3)-mm-jarad-graveyard 12 > 11
Resolve Stack: Whenever another creature dies, or a creature card is put into a graveyard from anywhere other than the battlefield, or a creature card leaves your graveyard, Syr Konrad, the Grim deals 1 damage to each opponent. [Zone Changer: Tatyova, Benthic Druid (392)]
Phase: Ai(4)-mm-muldrotha-value's Draw step
Phase: Ai(4)-mm-muldrotha-value's Main phase, precombat
Land: Ai(4)-mm-muldrotha-value played Forest (347)
Phase: Ai(4)-mm-muldrotha-value's Beginning of Combat Step
Phase: Ai(4)-mm-muldrotha-value's Declare Attackers Step
Phase: Ai(4)-mm-muldrotha-value's Declare Blockers Step
Phase: Ai(4)-mm-muldrotha-value's First Strike Damage Step
Phase: Ai(4)-mm-muldrotha-value's Combat Damage Step
Phase: Ai(4)-mm-muldrotha-value's End of Combat Step
Phase: Ai(4)-mm-muldrotha-value's Main phase, postcombat
Mana: Exotic Orchard (352) - {T}: Add one mana of any color that a land an opponent controls could produce.
Mana: Island (337) - {T}: Add {U}.
Mana: Swamp (365) - {T}: Add {B}.
Mana: Forest (343) - {T}: Add {G}.
Mana: Forest (347) - {T}: Add {G}.
Mana: Swamp (366) - {T}: Add {B}.
Mana: Island (336) - {T}: Add {U}.
Mana: Woodland Cemetery (393) - {T}: Add {B} or {G}.
Mana: Hinterland Harbor (330) - {T}: Add {G} or {U}.
Mana: Drowned Catacomb (389) - {T}: Add {U} or {B}.
Add To Stack: Ai(4)-mm-muldrotha-value cast Muldrotha, the Gravetide
Resolve Stack: Muldrotha, the Gravetide - Creature 6 / 6
Mana: Sunken Hollow (331) - {T}: Add {U}.
Add To Stack: Ai(4)-mm-muldrotha-value cast Siren Stormtamer
Add To Stack: Ai(4)-mm-muldrotha-value triggered Syr Konrad, the Grim
Damage: Syr Konrad, the Grim (396) deals 1 non-combat damage to Ai(2)-mm-abaddon.
Damage: Syr Konrad, the Grim (396) deals 1 non-combat damage to Ai(3)-mm-jarad-graveyard.
Life: Life: Ai(2)-mm-abaddon 12 > 11
Life: Life: Ai(3)-mm-jarad-graveyard 11 > 10
Resolve Stack: Whenever another creature dies, or a creature card is put into a graveyard from anywhere other than the battlefield, or a creature card leaves your graveyard, Syr Konrad, the Grim deals 1 damage to each opponent. [Zone Changer: Siren Stormtamer (305)]
Resolve Stack: Siren Stormtamer - Creature 1 / 1
Phase: Ai(4)-mm-muldrotha-value's End step
Phase: Ai(4)-mm-muldrotha-value's Cleanup step
Turn: Turn 49 (Ai(2)-mm-abaddon)
Phase: Ai(2)-mm-abaddon's Untap step
Phase: Ai(2)-mm-abaddon's Upkeep step
Phase: Ai(2)-mm-abaddon's Draw step
Phase: Ai(2)-mm-abaddon's Main phase, precombat
Phase: Ai(2)-mm-abaddon's Beginning of Combat Step
Phase: Ai(2)-mm-abaddon's Declare Attackers Step
Phase: Ai(2)-mm-abaddon's Declare Blockers Step
Phase: Ai(2)-mm-abaddon's First Strike Damage Step
Phase: Ai(2)-mm-abaddon's Combat Damage Step
Phase: Ai(2)-mm-abaddon's End of Combat Step
Phase: Ai(2)-mm-abaddon's Main phase, postcombat
Land: Ai(2)-mm-abaddon played Island (125)
Mana: Exotic Orchard (136) - {T}: Add one mana of any color that a land an opponent controls could produce.
Mana: Island (125) - {T}: Add {U}.
Mana: Swamp (147) - {T}: Add {B}.
Mana: Mountain (185) - {T}: Add {R}.
Mana: Training Center (137) - {T}: Add {U} or {R}.
Add To Stack: Ai(2)-mm-abaddon cast Abaddon the Despoiler
Add To Stack: Ai(2)-mm-abaddon triggered Poxwalkers
Resolve Stack: Curse of the Walking Pox — Whenever you cast a spell from anywhere other than your hand, return Poxwalkers from your graveyard to the battlefield tapped. [Card: Abaddon the Despoiler (201), Activator: Ai(2)-mm-abaddon, SpellAbility: Abaddon the Despoiler - Creature 5 / 5]
Resolve Stack: Abaddon the Despoiler - Creature 5 / 5
Mana: Overgrown Tomb (377) - {T}: Add {G}.
Mana: Arcane Signet (195) - {T}: Add one mana of any color in your commander's color identity.
Add To Stack: Ai(2)-mm-abaddon cast Fellwar Stone
Resolve Stack: Fellwar Stone
Phase: Ai(2)-mm-abaddon's End step
Add To Stack: Ai(3)-mm-jarad-graveyard activated Skull Prophet
Zone Change: Ai(3)-mm-jarad-graveyard milled Sol Ring (218) and Grapple with the Past (203).
Resolve Stack: Skull Prophet (284) - Ai(3)-mm-jarad-graveyard mills two cards.
Phase: Ai(2)-mm-abaddon's Cleanup step
Turn: Turn 50 (Ai(3)-mm-jarad-graveyard)
Phase: Ai(3)-mm-jarad-graveyard's Untap step
Phase: Ai(3)-mm-jarad-graveyard's Upkeep step
Phase: Ai(3)-mm-jarad-graveyard's Draw step
Phase: Ai(3)-mm-jarad-graveyard's Main phase, precombat
Land: Ai(3)-mm-jarad-graveyard played Swamp (269)
Phase: Ai(3)-mm-jarad-graveyard's Beginning of Combat Step
Phase: Ai(3)-mm-jarad-graveyard's Declare Attackers Step
Phase: Ai(3)-mm-jarad-graveyard's Declare Blockers Step
Phase: Ai(3)-mm-jarad-graveyard's First Strike Damage Step
Phase: Ai(3)-mm-jarad-graveyard's Combat Damage Step
Phase: Ai(3)-mm-jarad-graveyard's End of Combat Step
Phase: Ai(3)-mm-jarad-graveyard's Main phase, postcombat
Phase: Ai(3)-mm-jarad-graveyard's End step
Phase: Ai(3)-mm-jarad-graveyard's Cleanup step
Turn: Turn 51 (Ai(4)-mm-muldrotha-value)
Phase: Ai(4)-mm-muldrotha-value's Untap step
Phase: Ai(4)-mm-muldrotha-value's Upkeep step
Life: Life: Ai(4)-mm-muldrotha-value 12 > 11
Zone Change: Verdant Catacombs (317) was put into Graveyard from Battlefield.
Add To Stack: Ai(4)-mm-muldrotha-value activated Verdant Catacombs
Replacement Effect: Zagoth Triome enters tapped.
Resolve Stack: Verdant Catacombs (317) - Ai(4)-mm-muldrotha-value searches their library for a Swamp or Forest card, puts it onto the battlefield, then shuffles.
Mana: Forest (342) - {T}: Add {G}.
Add To Stack: Ai(4)-mm-muldrotha-value activated Hermit Druid
Resolve Stack: Hermit Druid (341) - Ai(4)-mm-muldrotha-valuereveals cards from their library until revealing a basic land card. Put that card into their hand and all other cards into their graveyard.
Phase: Ai(4)-mm-muldrotha-value's Draw step
Phase: Ai(4)-mm-muldrotha-value's Main phase, precombat
Replacement Effect: Rejuvenating Springs enters tapped unless you have two or more opponents.
Land: Ai(4)-mm-muldrotha-value played Rejuvenating Springs (312)
Mana: Forest (343) - {T}: Add {G}.
Mana: Forest (347) - {T}: Add {G}.
Add To Stack: Ai(4)-mm-muldrotha-value cast Lightning Greaves
Resolve Stack: Lightning Greaves
Add To Stack: Ai(4)-mm-muldrotha-value activated Lightning Greaves targeting [Old Stickfingers (205)]
Resolve Stack: Lightning Greaves (397) -  Attach to Old Stickfingers (205)
Mana: Drowned Catacomb (389) - {T}: Add {U} or {B}.
Add To Stack: Ai(4)-mm-muldrotha-value cast Seal of Removal
Resolve Stack: Seal of Removal
Zone Change: Seal of Removal (373) was put into Graveyard from Battlefield.
Add To Stack: Ai(4)-mm-muldrotha-value activated Seal of Removal targeting [Glen Elendra Archmage (390)]
Resolve Stack: Seal of Removal (373) - Return Glen Elendra Archmage (390) to its owner's hand.
Phase: Ai(4)-mm-muldrotha-value's Beginning of Combat Step
Phase: Ai(4)-mm-muldrotha-value's Declare Attackers Step
Combat: Ai(4)-mm-muldrotha-value assigned Old Stickfingers (205), Muldrotha, the Gravetide (403), Syr Konrad, the Grim (396), Sidisi, Brood Tyrant (322), Zombie Token (459), Zombie Token (466), Zombie Token (545) and Siren Stormtamer (305) to attack Ai(2)-mm-abaddon.
Add To Stack: Ai(4)-mm-muldrotha-value triggered Sidisi, Brood Tyrant
Zone Change: Ai(4)-mm-muldrotha-value milled The Gitrog Monster (378), Doc Aurlock, Grizzled Genius (326) and Mesmeric Orb (306).
Resolve Stack: Whenever Sidisi, Brood Tyrant enters or attacks, mill three cards. [Attacker: Sidisi, Brood Tyrant (322)]
Add To Stack: Ai(4)-mm-muldrotha-value triggered Syr Konrad, the Grim
Add To Stack: Ai(4)-mm-muldrotha-value triggered Syr Konrad, the Grim
Add To Stack: Ai(4)-mm-muldrotha-value triggered Sidisi, Brood Tyrant
Resolve Stack: Whenever one or more creature cards are put into your graveyard from your library, create a 2/2 black Zombie creature token. [Amount: 2]
Damage: Syr Konrad, the Grim (396) deals 1 non-combat damage to Ai(2)-mm-abaddon.
Damage: Syr Konrad, the Grim (396) deals 1 non-combat damage to Ai(3)-mm-jarad-graveyard.
Life: Life: Ai(2)-mm-abaddon 11 > 10
Life: Life: Ai(3)-mm-jarad-graveyard 10 > 9
Resolve Stack: Whenever another creature dies, or a creature card is put into a graveyard from anywhere other than the battlefield, or a creature card leaves your graveyard, Syr Konrad, the Grim deals 1 damage to each opponent. [Zone Changer: Doc Aurlock, Grizzled Genius (326)]
Damage: Syr Konrad, the Grim (396) deals 1 non-combat damage to Ai(2)-mm-abaddon.
Damage: Syr Konrad, the Grim (396) deals 1 non-combat damage to Ai(3)-mm-jarad-graveyard.
Life: Life: Ai(2)-mm-abaddon 10 > 9
Life: Life: Ai(3)-mm-jarad-graveyard 9 > 8
Resolve Stack: Whenever another creature dies, or a creature card is put into a graveyard from anywhere other than the battlefield, or a creature card leaves your graveyard, Syr Konrad, the Grim deals 1 damage to each opponent. [Zone Changer: The Gitrog Monster (378)]
Phase: Ai(4)-mm-muldrotha-value's Declare Blockers Step
Combat: Ai(2)-mm-abaddon assigned Plague Drone (199) to block Old Stickfingers (205).
Ai(2)-mm-abaddon assigned Abaddon the Despoiler (201) to block Muldrotha, the Gravetide (403).
Ai(2)-mm-abaddon assigned Mutalith Vortex Beast (158) to block Syr Konrad, the Grim (396).
Ai(2)-mm-abaddon didn't block Sidisi, Brood Tyrant (322).
Ai(2)-mm-abaddon didn't block Zombie Token (459).
Ai(2)-mm-abaddon didn't block Zombie Token (466).
Ai(2)-mm-abaddon didn't block Zombie Token (545).
Ai(2)-mm-abaddon didn't block Siren Stormtamer (305).
Phase: Ai(4)-mm-muldrotha-value's First Strike Damage Step
Phase: Ai(4)-mm-muldrotha-value's Combat Damage Step
Damage: Old Stickfingers (205) deals 11 damage to Plague Drone (199).
Damage: Muldrotha, the Gravetide (403) deals 6 damage to Abaddon the Despoiler (201).
Damage: Syr Konrad, the Grim (396) deals 5 damage to Mutalith Vortex Beast (158).
Damage: Sidisi, Brood Tyrant (322) deals 3 combat damage to Ai(2)-mm-abaddon.
Damage: Zombie Token (459) deals 2 combat damage to Ai(2)-mm-abaddon.
Damage: Zombie Token (466) deals 2 combat damage to Ai(2)-mm-abaddon.
Damage: Zombie Token (545) deals 2 combat damage to Ai(2)-mm-abaddon.
Damage: Siren Stormtamer (305) deals 1 combat damage to Ai(2)-mm-abaddon.
Damage: Plague Drone (199) deals 3 damage to Old Stickfingers (205).
Damage: Abaddon the Despoiler (201) deals 5 damage to Muldrotha, the Gravetide (403).
Damage: Mutalith Vortex Beast (158) deals 6 damage to Syr Konrad, the Grim (396).
Life: Life: Ai(2)-mm-abaddon 9 > -1
Zone Change: Overgrown Tomb (377) was put into Exile from Battlefield.
Zone Change: Syr Konrad, the Grim (396) was put into Graveyard from Battlefield.
Phase: Ai(4)-mm-muldrotha-value's End of Combat Step
Phase: Ai(4)-mm-muldrotha-value's Main phase, postcombat
Mana: Exotic Orchard (352) - {T}: Add one mana of any color that a land an opponent controls could produce.
Mana: Swamp (365) - {T}: Add {B}.
Mana: Swamp (366) - {T}: Add {B}.
Mana: Island (337) - {T}: Add {U}.
Mana: Island (336) - {T}: Add {U}.
Add To Stack: Ai(4)-mm-muldrotha-value cast The Gitrog Monster
Resolve Stack: The Gitrog Monster - Creature 6 / 6
Land: Ai(4)-mm-muldrotha-value played Forest (344)
Mana: Hinterland Harbor (330) - {T}: Add {G} or {U}.
Mana: Rejuvenating Springs (312) - {T}: Add {G} or {U}.
Mana: Sunken Hollow (331) - {T}: Add {U}.
Mana: Forest (344) - {T}: Add {G}.
Add To Stack: Ai(4)-mm-muldrotha-value cast Jace, Wielder of Mysteries
Replacement Effect: Jace, Wielder of Mysteries enters with four loyalty counters on it.
Resolve Stack: Jace, Wielder of Mysteries
Phase: Ai(4)-mm-muldrotha-value's End step
Add To Stack: Ai(3)-mm-jarad-graveyard activated Skull Prophet
Zone Change: Ai(3)-mm-jarad-graveyard milled Disciple of Bolas (238) and Twilight Mire (276).
Resolve Stack: Skull Prophet (284) - Ai(3)-mm-jarad-graveyard mills two cards.
Phase: Ai(4)-mm-muldrotha-value's Cleanup step
Discard: Ai(4)-mm-muldrotha-value discards Misty Rainforest (314).
Add To Stack: Ai(4)-mm-muldrotha-value triggered The Gitrog Monster
Resolve Stack: Whenever one or more land cards are put into your graveyard from anywhere, draw a card. [Amount: 1]
Phase: RepeatAi(4)-mm-muldrotha-value's Cleanup step
Discard: Ai(4)-mm-muldrotha-value discards Command Beacon (308).
Add To Stack: Ai(4)-mm-muldrotha-value triggered The Gitrog Monster
Resolve Stack: Whenever one or more land cards are put into your graveyard from anywhere, draw a card. [Amount: 1]
Phase: RepeatAi(4)-mm-muldrotha-value's Cleanup step
Discard: Ai(4)-mm-muldrotha-value discards Swiftfoot Boots (360).
Turn: Turn 52 (Ai(3)-mm-jarad-graveyard)
Phase: Ai(3)-mm-jarad-graveyard's Untap step
Phase: Ai(3)-mm-jarad-graveyard's Upkeep step
Phase: Ai(3)-mm-jarad-graveyard's Draw step
Phase: Ai(3)-mm-jarad-graveyard's Main phase, precombat
Land: Ai(3)-mm-jarad-graveyard played Swamp (264)
Phase: Ai(3)-mm-jarad-graveyard's Beginning of Combat Step
Phase: Ai(3)-mm-jarad-graveyard's Declare Attackers Step
Phase: Ai(3)-mm-jarad-graveyard's Declare Blockers Step
Phase: Ai(3)-mm-jarad-graveyard's First Strike Damage Step
Phase: Ai(3)-mm-jarad-graveyard's Combat Damage Step
Phase: Ai(3)-mm-jarad-graveyard's End of Combat Step
Phase: Ai(3)-mm-jarad-graveyard's Main phase, postcombat
Phase: Ai(3)-mm-jarad-graveyard's End step
Phase: Ai(3)-mm-jarad-graveyard's Cleanup step
Turn: Turn 53 (Ai(4)-mm-muldrotha-value)
Phase: Ai(4)-mm-muldrotha-value's Untap step
Phase: Ai(4)-mm-muldrotha-value's Upkeep step
Add To Stack: Ai(4)-mm-muldrotha-value triggered The Gitrog Monster
Zone Change: Forest (344) was put into Graveyard from Battlefield.
Resolve Stack: At the beginning of your upkeep, sacrifice The Gitrog Monster unless you sacrifice a land. [Phase: Ai(4)-mm-muldrotha-value]
Add To Stack: Ai(4)-mm-muldrotha-value triggered The Gitrog Monster
Resolve Stack: Whenever one or more land cards are put into your graveyard from anywhere, draw a card. [Amount: 1]
Mana: Forest (342) - {T}: Add {G}.
Add To Stack: Ai(4)-mm-muldrotha-value activated Hermit Druid
Resolve Stack: Hermit Druid (341) - Ai(4)-mm-muldrotha-valuereveals cards from their library until revealing a basic land card. Put that card into their hand and all other cards into their graveyard.
Add To Stack: Ai(4)-mm-muldrotha-value triggered Hedge Shredder
Add To Stack: Ai(4)-mm-muldrotha-value triggered The Gitrog Monster
Add To Stack: Ai(4)-mm-muldrotha-value triggered Sidisi, Brood Tyrant
Resolve Stack: Whenever one or more creature cards are put into your graveyard from your library, create a 2/2 black Zombie creature token. [Amount: 5]
Resolve Stack: Whenever one or more land cards are put into your graveyard from anywhere, draw a card. [Amount: 4]
Replacement Effect: As Breeding Pool enters, you may pay 2 life. If you don't, it enters tapped.
Replacement Effect: Bojuka Bog enters tapped.
Replacement Effect: Undergrowth Stadium enters tapped unless you have two or more opponents.
Resolve Stack: Whenever one or more land cards are put into your graveyard from your library, put them onto the battlefield tapped. [Amount: 4]
Add To Stack: Ai(4)-mm-muldrotha-value triggered Bojuka Bog targeting [Ai(3)-mm-jarad-graveyard]
Resolve Stack: When Bojuka Bog enters, exile all cards from target player's graveyard. (Targeting: [[Ai(3)-mm-jarad-graveyard]]) [Zone Changer: Bojuka Bog (358)]
Phase: Ai(4)-mm-muldrotha-value's Draw step
Phase: Ai(4)-mm-muldrotha-value's Main phase, precombat
Land: Ai(4)-mm-muldrotha-value played Command Beacon (308)
Land: Ai(4)-mm-muldrotha-value played Swamp (368)
Add To Stack: Ai(4)-mm-muldrotha-value cast Lotus Petal
Resolve Stack: Lotus Petal
Mana: Swamp (368) - {T}: Add {B}.
Add To Stack: Ai(4)-mm-muldrotha-value cast Kaya's Ghostform targeting [Muldrotha, the Gravetide (403)]
Resolve Stack: Kaya's Ghostform (394) -  Attach to Muldrotha, the Gravetide (403)
Phase: Ai(4)-mm-muldrotha-value's Beginning of Combat Step
Phase: Ai(4)-mm-muldrotha-value's Declare Attackers Step
Combat: Ai(4)-mm-muldrotha-value assigned Old Stickfingers (205), Muldrotha, the Gravetide (403), The Gitrog Monster (378), Sidisi, Brood Tyrant (322), Zombie Token (459), Zombie Token (466), Zombie Token (545), Zombie Token (548) and Siren Stormtamer (305) to attack Ai(3)-mm-jarad-graveyard.
Add To Stack: Ai(4)-mm-muldrotha-value triggered Sidisi, Brood Tyrant
Zone Change: Ai(4)-mm-muldrotha-value milled Terramorphic Expanse (402), Rhystic Study (328) and Seal of Primordium (359).
Resolve Stack: Whenever Sidisi, Brood Tyrant enters or attacks, mill three cards. [Attacker: Sidisi, Brood Tyrant (322)]
Add To Stack: Ai(4)-mm-muldrotha-value triggered Hedge Shredder
Add To Stack: Ai(4)-mm-muldrotha-value triggered The Gitrog Monster
Resolve Stack: Whenever one or more land cards are put into your graveyard from anywhere, draw a card. [Amount: 1]
Resolve Stack: Whenever one or more land cards are put into your graveyard from your library, put them onto the battlefield tapped. [Amount: 1]
Phase: Ai(4)-mm-muldrotha-value's Declare Blockers Step
Combat: Ai(3)-mm-jarad-graveyard assigned Golgari Thug (246) to block Old Stickfingers (205).
Ai(3)-mm-jarad-graveyard assigned Jarad, Golgari Lich Lord (302) to block Muldrotha, the Gravetide (403).
Ai(3)-mm-jarad-graveyard assigned Skull Prophet (284) to block The Gitrog Monster (378).
Ai(3)-mm-jarad-graveyard assigned Mortivore (204) to block Sidisi, Brood Tyrant (322).
Ai(3)-mm-jarad-graveyard didn't block Zombie Token (459).
Ai(3)-mm-jarad-graveyard didn't block Zombie Token (466).
Ai(3)-mm-jarad-graveyard didn't block Zombie Token (545).
Ai(3)-mm-jarad-graveyard didn't block Zombie Token (548).
Ai(3)-mm-jarad-graveyard didn't block Siren Stormtamer (305).
Phase: Ai(4)-mm-muldrotha-value's First Strike Damage Step
Phase: Ai(4)-mm-muldrotha-value's Combat Damage Step
Damage: Old Stickfingers (205) deals 16 damage to Golgari Thug (246).
Damage: Muldrotha, the Gravetide (403) deals 6 damage to Jarad, Golgari Lich Lord (302).
Damage: The Gitrog Monster (378) deals 6 damage (Deathtouch) to Skull Prophet (284).
Damage: Sidisi, Brood Tyrant (322) deals 3 damage to Mortivore (204).
Damage: Zombie Token (459) deals 2 combat damage to Ai(3)-mm-jarad-graveyard.
Damage: Zombie Token (466) deals 2 combat damage to Ai(3)-mm-jarad-graveyard.
Damage: Zombie Token (545) deals 2 combat damage to Ai(3)-mm-jarad-graveyard.
Damage: Zombie Token (548) deals 2 combat damage to Ai(3)-mm-jarad-graveyard.
Damage: Siren Stormtamer (305) deals 1 combat damage to Ai(3)-mm-jarad-graveyard.
Damage: Golgari Thug (246) deals 1 damage to Old Stickfingers (205).
Damage: Jarad, Golgari Lich Lord (302) deals 2 damage to Muldrotha, the Gravetide (403).
Damage: Skull Prophet (284) deals 3 damage to The Gitrog Monster (378).
Damage: Mortivore (204) deals 17 damage to Sidisi, Brood Tyrant (322).
Life: Life: Ai(3)-mm-jarad-graveyard 8 > -1
Player Control: Ai(1)-mm-sythis-enchantress has restored control over themself
Player Control: Ai(2)-mm-abaddon has restored control over themself
Player Control: Ai(3)-mm-jarad-graveyard has restored control over themself
Player Control: Ai(4)-mm-muldrotha-value has restored control over themself
Game Outcome: Turn 27
Game Outcome: Ai(1)-mm-sythis-enchantress has lost trying to draw cards from empty library
Game Outcome: Ai(2)-mm-abaddon has lost because life total reached 0
Game Outcome: Ai(3)-mm-jarad-graveyard has lost because life total reached 0
Game Outcome: Ai(4)-mm-muldrotha-value has won because all opponents have lost
Match Result: Ai(1)-mm-sythis-enchantress: 0 Ai(2)-mm-abaddon: 1 Ai(3)-mm-jarad-graveyard: 0 Ai(4)-mm-muldrotha-value: 1 

Game Result: Game 2 ended in 242232 ms. Ai(4)-mm-muldrotha-value has won!

