Error handling registered!
14:27:44 [INFO ] GuiBase: ##########################################
14:27:44 [INFO ] GuiBase: APP: Forge v.2.0.14-SNAPSHOT-08.08
14:27:44 [INFO ] GuiBase: Java: 21.0.9 (Oracle Corporation)
14:27:44 [INFO ] GuiBase: OS: Mac OS X 26.3 aarch64
14:27:44 [INFO ] GuiBase: RAM: 4096 MB max, 8 CPUs
14:27:44 [INFO ] GuiBase: ##########################################
Language 'en-US' loaded successfully.
(ThreadUtil first call): Running with priority 5
Read cards: 33617 archived files in 1 ms (25 parts) using thread pool
Upcoming set Star Trek (TRK) dated in the future. All `upcoming` cards will be added to this set with unknown rarity.
The card A-Alrund's Epiphany was not assigned to any set. Adding it to UNKNOWN set... to fix see res/editions/ folder. 
The card A-Baba Lysaga, Night Witch was not assigned to any set. Adding it to UNKNOWN set... to fix see res/editions/ folder. 
The card A-Divide by Zero was not assigned to any set. Adding it to UNKNOWN set... to fix see res/editions/ folder. 
The card A-Esika's Chariot was not assigned to any set. Adding it to UNKNOWN set... to fix see res/editions/ folder. 
The card A-Faceless Haven was not assigned to any set. Adding it to UNKNOWN set... to fix see res/editions/ folder. 
The card A-Fires of Invention was not assigned to any set. Adding it to UNKNOWN set... to fix see res/editions/ folder. 
The card A-Goldspan Dragon was not assigned to any set. Adding it to UNKNOWN set... to fix see res/editions/ folder. 
The card A-Hullbreaker Horror was not assigned to any set. Adding it to UNKNOWN set... to fix see res/editions/ folder. 
The card A-Kumano Faces Kakkazan was not assigned to any set. Adding it to UNKNOWN set... to fix see res/editions/ folder. 
The card A-Luminarch Aspirant was not assigned to any set. Adding it to UNKNOWN set... to fix see res/editions/ folder. 
The card A-Monster Manual was not assigned to any set. Adding it to UNKNOWN set... to fix see res/editions/ folder. 
The card A-Omnath, Locus of Creation was not assigned to any set. Adding it to UNKNOWN set... to fix see res/editions/ folder. 
The card A-The Meathook Massacre was not assigned to any set. Adding it to UNKNOWN set... to fix see res/editions/ folder. 
The card A-Unholy Heat was not assigned to any set. Adding it to UNKNOWN set... to fix see res/editions/ folder. 
The card Blinding Radiance was not assigned to any set. Adding it to UNKNOWN set... to fix see res/editions/ folder. 
The card Goblin Bruiser was not assigned to any set. Adding it to UNKNOWN set... to fix see res/editions/ folder. 
The card Ogre Painbringer was not assigned to any set. Adding it to UNKNOWN set... to fix see res/editions/ folder. 
The card Titanic Pelagosaur was not assigned to any set. Adding it to UNKNOWN set... to fix see res/editions/ folder. 
The card Treetop Recluse was not assigned to any set. Adding it to UNKNOWN set... to fix see res/editions/ folder. 
Upcoming set Star Trek (TRK) dated in the future. All `upcoming` cards will be added to this set with unknown rarity.
Read cards: 836 files in 0 ms (8 parts) using thread pool
Simulation mode
Ai(1)-mm-abaddon [Experimental] vs Ai(2)-mm-talrand-spells [Experimental] vs Ai(3)-mm-jarad-graveyard [Experimental] vs Ai(4)-mm-giada-angels [Experimental] - one game of Commander seed 1519318026
Warning: default (ie. inherited from base class) implementation of confirmAction is used by Abaddon the Despoiler for forge.ai.ability.PermanentCreatureAi. Consider declaring an overloaded method
Warning: default (ie. inherited from base class) implementation of confirmAction is used by Giada, Font of Hope for forge.ai.ability.PermanentCreatureAi. Consider declaring an overloaded method
Warning: default (ie. inherited from base class) implementation of confirmAction is used by Talrand, Sky Summoner for forge.ai.ability.PermanentCreatureAi. Consider declaring an overloaded method
Warning: default (ie. inherited from base class) implementation of confirmAction is used by Jarad, Golgari Lich Lord for forge.ai.ability.PermanentCreatureAi. Consider declaring an overloaded method
Correcting zone for Smothering Tithe (317)
Active player is no longer in the game...
Mulligan: Ai(4)-mm-giada-angels has mulliganed down to 7 cards.
Mulligan: Ai(3)-mm-jarad-graveyard has kept a hand of 7 cards
Mulligan: Ai(4)-mm-giada-angels has kept a hand of 7 cards
Mulligan: Ai(1)-mm-abaddon has kept a hand of 7 cards
Mulligan: Ai(2)-mm-talrand-spells has kept a hand of 7 cards
Turn: Turn 1 (Ai(3)-mm-jarad-graveyard)
Phase: Ai(3)-mm-jarad-graveyard's Untap step
Phase: Ai(3)-mm-jarad-graveyard's Upkeep step
Phase: Ai(3)-mm-jarad-graveyard's Draw step
Phase: Ai(3)-mm-jarad-graveyard's Main phase, precombat
Land: Ai(3)-mm-jarad-graveyard played Tainted Wood (213)
Phase: Ai(3)-mm-jarad-graveyard's Beginning of Combat Step
Phase: Ai(3)-mm-jarad-graveyard's Declare Attackers Step
Phase: Ai(3)-mm-jarad-graveyard's Declare Blockers Step
Phase: Ai(3)-mm-jarad-graveyard's First Strike Damage Step
Phase: Ai(3)-mm-jarad-graveyard's Combat Damage Step
Phase: Ai(3)-mm-jarad-graveyard's End of Combat Step
Phase: Ai(3)-mm-jarad-graveyard's Main phase, postcombat
Phase: Ai(3)-mm-jarad-graveyard's End step
Phase: Ai(3)-mm-jarad-graveyard's Cleanup step
Turn: Turn 2 (Ai(4)-mm-giada-angels)
Phase: Ai(4)-mm-giada-angels' Untap step
Phase: Ai(4)-mm-giada-angels' Upkeep step
Phase: Ai(4)-mm-giada-angels' Draw step
Phase: Ai(4)-mm-giada-angels' Main phase, precombat
Land: Ai(4)-mm-giada-angels played Plains (390)
Phase: Ai(4)-mm-giada-angels' Beginning of Combat Step
Phase: Ai(4)-mm-giada-angels' Declare Attackers Step
Phase: Ai(4)-mm-giada-angels' Declare Blockers Step
Phase: Ai(4)-mm-giada-angels' First Strike Damage Step
Phase: Ai(4)-mm-giada-angels' Combat Damage Step
Phase: Ai(4)-mm-giada-angels' End of Combat Step
Phase: Ai(4)-mm-giada-angels' Main phase, postcombat
Mana: Plains (390) - {T}: Add {W}.
Add To Stack: Ai(4)-mm-giada-angels cast Authority of the Consuls
Resolve Stack: Authority of the Consuls
Phase: Ai(4)-mm-giada-angels' End step
Phase: Ai(4)-mm-giada-angels' Cleanup step
Turn: Turn 3 (Ai(1)-mm-abaddon)
Phase: Ai(1)-mm-abaddon's Untap step
Phase: Ai(1)-mm-abaddon's Upkeep step
Phase: Ai(1)-mm-abaddon's Draw step
Phase: Ai(1)-mm-abaddon's Main phase, precombat
Replacement Effect: As Steam Vents enters, you may pay 2 life. If you don't, it enters tapped.
Land: Ai(1)-mm-abaddon played Steam Vents (58)
Phase: Ai(1)-mm-abaddon's Beginning of Combat Step
Phase: Ai(1)-mm-abaddon's Declare Attackers Step
Phase: Ai(1)-mm-abaddon's Declare Blockers Step
Phase: Ai(1)-mm-abaddon's First Strike Damage Step
Phase: Ai(1)-mm-abaddon's Combat Damage Step
Phase: Ai(1)-mm-abaddon's End of Combat Step
Phase: Ai(1)-mm-abaddon's Main phase, postcombat
Phase: Ai(1)-mm-abaddon's End step
Phase: Ai(1)-mm-abaddon's Cleanup step
Turn: Turn 4 (Ai(2)-mm-talrand-spells)
Phase: Ai(2)-mm-talrand-spells' Untap step
Phase: Ai(2)-mm-talrand-spells' Upkeep step
Phase: Ai(2)-mm-talrand-spells' Draw step
Phase: Ai(2)-mm-talrand-spells' Main phase, precombat
Land: Ai(2)-mm-talrand-spells played Island (127)
Phase: Ai(2)-mm-talrand-spells' Beginning of Combat Step
Phase: Ai(2)-mm-talrand-spells' Declare Attackers Step
Phase: Ai(2)-mm-talrand-spells' Declare Blockers Step
Phase: Ai(2)-mm-talrand-spells' First Strike Damage Step
Phase: Ai(2)-mm-talrand-spells' Combat Damage Step
Phase: Ai(2)-mm-talrand-spells' End of Combat Step
Phase: Ai(2)-mm-talrand-spells' Main phase, postcombat
Phase: Ai(2)-mm-talrand-spells' End step
Phase: Ai(2)-mm-talrand-spells' Cleanup step
Turn: Turn 5 (Ai(3)-mm-jarad-graveyard)
Phase: Ai(3)-mm-jarad-graveyard's Untap step
Phase: Ai(3)-mm-jarad-graveyard's Upkeep step
Phase: Ai(3)-mm-jarad-graveyard's Draw step
Phase: Ai(3)-mm-jarad-graveyard's Main phase, precombat
Land: Ai(3)-mm-jarad-graveyard played Twilight Mire (276)
Phase: Ai(3)-mm-jarad-graveyard's Beginning of Combat Step
Phase: Ai(3)-mm-jarad-graveyard's Declare Attackers Step
Phase: Ai(3)-mm-jarad-graveyard's Declare Blockers Step
Phase: Ai(3)-mm-jarad-graveyard's First Strike Damage Step
Phase: Ai(3)-mm-jarad-graveyard's Combat Damage Step
Phase: Ai(3)-mm-jarad-graveyard's End of Combat Step
Phase: Ai(3)-mm-jarad-graveyard's Main phase, postcombat
Phase: Ai(3)-mm-jarad-graveyard's End step
Phase: Ai(3)-mm-jarad-graveyard's Cleanup step
Turn: Turn 6 (Ai(4)-mm-giada-angels)
Phase: Ai(4)-mm-giada-angels' Untap step
Phase: Ai(4)-mm-giada-angels' Upkeep step
Phase: Ai(4)-mm-giada-angels' Draw step
Phase: Ai(4)-mm-giada-angels' Main phase, precombat
Phase: Ai(4)-mm-giada-angels' Beginning of Combat Step
Phase: Ai(4)-mm-giada-angels' Declare Attackers Step
Phase: Ai(4)-mm-giada-angels' Declare Blockers Step
Phase: Ai(4)-mm-giada-angels' First Strike Damage Step
Phase: Ai(4)-mm-giada-angels' Combat Damage Step
Phase: Ai(4)-mm-giada-angels' End of Combat Step
Phase: Ai(4)-mm-giada-angels' Main phase, postcombat
Land: Ai(4)-mm-giada-angels played Plains (387)
Mana: Plains (390) - {T}: Add {W}.
Mana: Plains (387) - {T}: Add {W}.
Add To Stack: Ai(4)-mm-giada-angels cast Giada, Font of Hope
Resolve Stack: Giada, Font of Hope - Creature 2 / 2
Phase: Ai(4)-mm-giada-angels' End step
Phase: Ai(4)-mm-giada-angels' Cleanup step
Turn: Turn 7 (Ai(1)-mm-abaddon)
Phase: Ai(1)-mm-abaddon's Untap step
Phase: Ai(1)-mm-abaddon's Upkeep step
Mana: Island (127) - {T}: Add {U}.
Add To Stack: Ai(2)-mm-talrand-spells cast Unsummon targeting [Giada, Font of Hope (403)]
Resolve Stack: Unsummon (186) - Return Giada, Font of Hope (403) to its owner's hand.
Phase: Ai(1)-mm-abaddon's Draw step
Phase: Ai(1)-mm-abaddon's Main phase, precombat
Replacement Effect: As Foreboding Ruins enters, you may reveal a Swamp or Mountain card from your hand. If you don't, Foreboding Ruins enters tapped.
Land: Ai(1)-mm-abaddon played Foreboding Ruins (59)
Phase: Ai(1)-mm-abaddon's Beginning of Combat Step
Phase: Ai(1)-mm-abaddon's Declare Attackers Step
Phase: Ai(1)-mm-abaddon's Declare Blockers Step
Phase: Ai(1)-mm-abaddon's First Strike Damage Step
Phase: Ai(1)-mm-abaddon's Combat Damage Step
Phase: Ai(1)-mm-abaddon's End of Combat Step
Phase: Ai(1)-mm-abaddon's Main phase, postcombat
Mana: Steam Vents (58) - {T}: Add {U}.
Resolve Stack: Ai(1)-mm-abaddon has suspended Ancestral Vision with 4 time counters on it.
Phase: Ai(1)-mm-abaddon's End step
Phase: Ai(1)-mm-abaddon's Cleanup step
Turn: Turn 8 (Ai(2)-mm-talrand-spells)
Phase: Ai(2)-mm-talrand-spells' Untap step
Phase: Ai(2)-mm-talrand-spells' Upkeep step
Phase: Ai(2)-mm-talrand-spells' Draw step
Phase: Ai(2)-mm-talrand-spells' Main phase, precombat
Land: Ai(2)-mm-talrand-spells played Island (156)
Phase: Ai(2)-mm-talrand-spells' Beginning of Combat Step
Phase: Ai(2)-mm-talrand-spells' Declare Attackers Step
Phase: Ai(2)-mm-talrand-spells' Declare Blockers Step
Phase: Ai(2)-mm-talrand-spells' First Strike Damage Step
Phase: Ai(2)-mm-talrand-spells' Combat Damage Step
Phase: Ai(2)-mm-talrand-spells' End of Combat Step
Phase: Ai(2)-mm-talrand-spells' Main phase, postcombat
Mana: Island (127) - {T}: Add {U}.
Mana: Island (156) - {T}: Add {U}.
Add To Stack: Ai(2)-mm-talrand-spells cast Think Twice
Resolve Stack: Think Twice (172) - Ai(2)-mm-talrand-spells draws a card.
Phase: Ai(2)-mm-talrand-spells' End step
Phase: Ai(2)-mm-talrand-spells' Cleanup step
Turn: Turn 9 (Ai(3)-mm-jarad-graveyard)
Phase: Ai(3)-mm-jarad-graveyard's Untap step
Phase: Ai(3)-mm-jarad-graveyard's Upkeep step
Phase: Ai(3)-mm-jarad-graveyard's Draw step
Phase: Ai(3)-mm-jarad-graveyard's Main phase, precombat
Land: Ai(3)-mm-jarad-graveyard played Swamp (264)
Mana: Tainted Wood (213) - {T}: Add {B} or {G}. Activate only if you control a Swamp.
Mana: Swamp (264) - {T}: Add {B}.
Add To Stack: Ai(3)-mm-jarad-graveyard cast Abrupt Decay targeting [Authority of the Consuls (399)]
Zone Change: Authority of the Consuls (399) was put into Graveyard from Battlefield.
Resolve Stack: Abrupt Decay (298) - Destroy Authority of the Consuls (399).
Phase: Ai(3)-mm-jarad-graveyard's Beginning of Combat Step
Phase: Ai(3)-mm-jarad-graveyard's Declare Attackers Step
Phase: Ai(3)-mm-jarad-graveyard's Declare Blockers Step
Phase: Ai(3)-mm-jarad-graveyard's First Strike Damage Step
Phase: Ai(3)-mm-jarad-graveyard's Combat Damage Step
Phase: Ai(3)-mm-jarad-graveyard's End of Combat Step
Phase: Ai(3)-mm-jarad-graveyard's Main phase, postcombat
Phase: Ai(3)-mm-jarad-graveyard's End step
Phase: Ai(3)-mm-jarad-graveyard's Cleanup step
Turn: Turn 10 (Ai(4)-mm-giada-angels)
Phase: Ai(4)-mm-giada-angels' Untap step
Phase: Ai(4)-mm-giada-angels' Upkeep step
Phase: Ai(4)-mm-giada-angels' Draw step
Phase: Ai(4)-mm-giada-angels' Main phase, precombat
Land: Ai(4)-mm-giada-angels played Plains (389)
Phase: Ai(4)-mm-giada-angels' Beginning of Combat Step
Phase: Ai(4)-mm-giada-angels' Declare Attackers Step
Phase: Ai(4)-mm-giada-angels' Declare Blockers Step
Phase: Ai(4)-mm-giada-angels' First Strike Damage Step
Phase: Ai(4)-mm-giada-angels' Combat Damage Step
Phase: Ai(4)-mm-giada-angels' End of Combat Step
Phase: Ai(4)-mm-giada-angels' Main phase, postcombat
Mana: Plains (390) - {T}: Add {W}.
Mana: Plains (387) - {T}: Add {W}.
Add To Stack: Ai(4)-mm-giada-angels cast Giada, Font of Hope
Resolve Stack: Giada, Font of Hope - Creature 2 / 2
Phase: Ai(4)-mm-giada-angels' End step
Phase: Ai(4)-mm-giada-angels' Cleanup step
Turn: Turn 11 (Ai(1)-mm-abaddon)
Phase: Ai(1)-mm-abaddon's Untap step
Phase: Ai(1)-mm-abaddon's Upkeep step
Add To Stack: Ai(1)-mm-abaddon triggered Ancestral Vision
Resolve Stack: At the beginning of your upkeep, if this card is suspended, remove a time counter from it [Phase: Ai(1)-mm-abaddon]
Phase: Ai(1)-mm-abaddon's Draw step
Phase: Ai(1)-mm-abaddon's Main phase, precombat
Land: Ai(1)-mm-abaddon played Mountain (88)
Phase: Ai(1)-mm-abaddon's Beginning of Combat Step
Phase: Ai(1)-mm-abaddon's Declare Attackers Step
Phase: Ai(1)-mm-abaddon's Declare Blockers Step
Phase: Ai(1)-mm-abaddon's First Strike Damage Step
Phase: Ai(1)-mm-abaddon's Combat Damage Step
Phase: Ai(1)-mm-abaddon's End of Combat Step
Phase: Ai(1)-mm-abaddon's Main phase, postcombat
Mana: Foreboding Ruins (59) - {T}: Add {B} or {R}.
Mana: Mountain (88) - {T}: Add {R}.
Add To Stack: Ai(1)-mm-abaddon cast Nightscape Familiar
Resolve Stack: Nightscape Familiar - Creature 1 / 1
Phase: Ai(1)-mm-abaddon's End step
Phase: Ai(1)-mm-abaddon's Cleanup step
Turn: Turn 12 (Ai(2)-mm-talrand-spells)
Phase: Ai(2)-mm-talrand-spells' Untap step
Phase: Ai(2)-mm-talrand-spells' Upkeep step
Phase: Ai(2)-mm-talrand-spells' Draw step
Phase: Ai(2)-mm-talrand-spells' Main phase, precombat
Land: Ai(2)-mm-talrand-spells played Island (130)
Phase: Ai(2)-mm-talrand-spells' Beginning of Combat Step
Phase: Ai(2)-mm-talrand-spells' Declare Attackers Step
Phase: Ai(2)-mm-talrand-spells' Declare Blockers Step
Phase: Ai(2)-mm-talrand-spells' First Strike Damage Step
Phase: Ai(2)-mm-talrand-spells' Combat Damage Step
Phase: Ai(2)-mm-talrand-spells' End of Combat Step
Phase: Ai(2)-mm-talrand-spells' Main phase, postcombat
Mana: Island (127) - {T}: Add {U}.
Mana: Island (156) - {T}: Add {U}.
Mana: Island (130) - {T}: Add {U}.
Add To Stack: Ai(2)-mm-talrand-spells cast Think Twice
Resolve Stack: Think Twice (172) - Ai(2)-mm-talrand-spells draws a card.
Replacement Effect: Flashback {2}{U} (You may cast this card from your graveyard for its flashback cost. Then exile it.)
Phase: Ai(2)-mm-talrand-spells' End step
Phase: Ai(2)-mm-talrand-spells' Cleanup step
Turn: Turn 13 (Ai(3)-mm-jarad-graveyard)
Phase: Ai(3)-mm-jarad-graveyard's Untap step
Phase: Ai(3)-mm-jarad-graveyard's Upkeep step
Phase: Ai(3)-mm-jarad-graveyard's Draw step
Phase: Ai(3)-mm-jarad-graveyard's Main phase, precombat
Land: Ai(3)-mm-jarad-graveyard played Forest (231)
Phase: Ai(3)-mm-jarad-graveyard's Beginning of Combat Step
Phase: Ai(3)-mm-jarad-graveyard's Declare Attackers Step
Phase: Ai(3)-mm-jarad-graveyard's Declare Blockers Step
Phase: Ai(3)-mm-jarad-graveyard's First Strike Damage Step
Phase: Ai(3)-mm-jarad-graveyard's Combat Damage Step
Phase: Ai(3)-mm-jarad-graveyard's End of Combat Step
Phase: Ai(3)-mm-jarad-graveyard's Main phase, postcombat
Mana: Forest (231) - {T}: Add {G}.
Mana: Swamp (264) - {T}: Add {B}.
Mana: Tainted Wood (213) - {T}: Add {C}.
Add To Stack: Ai(3)-mm-jarad-graveyard cast Cultivate
Resolve Stack: Cultivate (242) - Search your library for up to two basic land cards, reveal those cards, put one onto the battlefield tapped and the other into your hand, then shuffle.   
Phase: Ai(3)-mm-jarad-graveyard's End step
Phase: Ai(3)-mm-jarad-graveyard's Cleanup step
Turn: Turn 14 (Ai(4)-mm-giada-angels)
Phase: Ai(4)-mm-giada-angels' Untap step
Phase: Ai(4)-mm-giada-angels' Upkeep step
Phase: Ai(4)-mm-giada-angels' Draw step
Phase: Ai(4)-mm-giada-angels' Main phase, precombat
Mana: Plains (390) - {T}: Add {W}.
Mana: Plains (387) - {T}: Add {W}.
Mana: Plains (389) - {T}: Add {W}.
Mana: Giada, Font of Hope (403) - {T}: Add {W}. Spend this mana only to cast an Angel spell.
Add To Stack: Ai(4)-mm-giada-angels cast Linvala, Keeper of Silence
Replacement Effect: Each other Angel you control enters with an additional +1/+1 counter on it for each Angel you already control.
Resolve Stack: Linvala, Keeper of Silence - Creature 3 / 4
Phase: Ai(4)-mm-giada-angels' Beginning of Combat Step
Phase: Ai(4)-mm-giada-angels' Declare Attackers Step
Phase: Ai(4)-mm-giada-angels' Declare Blockers Step
Phase: Ai(4)-mm-giada-angels' First Strike Damage Step
Phase: Ai(4)-mm-giada-angels' Combat Damage Step
Phase: Ai(4)-mm-giada-angels' End of Combat Step
Phase: Ai(4)-mm-giada-angels' Main phase, postcombat
Replacement Effect: Myriad Landscape enters tapped.
Land: Ai(4)-mm-giada-angels played Myriad Landscape (365)
Phase: Ai(4)-mm-giada-angels' End step
Phase: Ai(4)-mm-giada-angels' Cleanup step
Turn: Turn 15 (Ai(1)-mm-abaddon)
Phase: Ai(1)-mm-abaddon's Untap step
Phase: Ai(1)-mm-abaddon's Upkeep step
Add To Stack: Ai(1)-mm-abaddon triggered Ancestral Vision
Resolve Stack: At the beginning of your upkeep, if this card is suspended, remove a time counter from it [Phase: Ai(1)-mm-abaddon]
Phase: Ai(1)-mm-abaddon's Draw step
Phase: Ai(1)-mm-abaddon's Main phase, precombat
Replacement Effect: Luxury Suite enters tapped unless you have two or more opponents.
Land: Ai(1)-mm-abaddon played Luxury Suite (31)
Phase: Ai(1)-mm-abaddon's Beginning of Combat Step
Phase: Ai(1)-mm-abaddon's Declare Attackers Step
Phase: Ai(1)-mm-abaddon's Declare Blockers Step
Phase: Ai(1)-mm-abaddon's First Strike Damage Step
Phase: Ai(1)-mm-abaddon's Combat Damage Step
Phase: Ai(1)-mm-abaddon's End of Combat Step
Phase: Ai(1)-mm-abaddon's Main phase, postcombat
Mana: Steam Vents (58) - {T}: Add {U}.
Mana: Foreboding Ruins (59) - {T}: Add {B} or {R}.
Mana: Mountain (88) - {T}: Add {R}.
Mana: Luxury Suite (31) - {T}: Add {B} or {R}.
Add To Stack: Ai(1)-mm-abaddon cast Abaddon the Despoiler
Resolve Stack: Abaddon the Despoiler - Creature 5 / 5
Phase: Ai(1)-mm-abaddon's End step
Phase: Ai(1)-mm-abaddon's Cleanup step
Turn: Turn 16 (Ai(2)-mm-talrand-spells)
Phase: Ai(2)-mm-talrand-spells' Untap step
Phase: Ai(2)-mm-talrand-spells' Upkeep step
Phase: Ai(2)-mm-talrand-spells' Draw step
Phase: Ai(2)-mm-talrand-spells' Main phase, precombat
Land: Ai(2)-mm-talrand-spells played Riptide Laboratory (110)
Phase: Ai(2)-mm-talrand-spells' Beginning of Combat Step
Phase: Ai(2)-mm-talrand-spells' Declare Attackers Step
Phase: Ai(2)-mm-talrand-spells' Declare Blockers Step
Phase: Ai(2)-mm-talrand-spells' First Strike Damage Step
Phase: Ai(2)-mm-talrand-spells' Combat Damage Step
Phase: Ai(2)-mm-talrand-spells' End of Combat Step
Phase: Ai(2)-mm-talrand-spells' Main phase, postcombat
Mana: Island (127) - {T}: Add {U}.
Mana: Island (156) - {T}: Add {U}.
Mana: Island (130) - {T}: Add {U}.
Mana: Riptide Laboratory (110) - {T}: Add {C}.
Add To Stack: Ai(2)-mm-talrand-spells cast Archmage Emeritus
Resolve Stack: Archmage Emeritus - Creature 2 / 2
Phase: Ai(2)-mm-talrand-spells' End step
Phase: Ai(2)-mm-talrand-spells' Cleanup step
Turn: Turn 17 (Ai(3)-mm-jarad-graveyard)
Phase: Ai(3)-mm-jarad-graveyard's Untap step
Phase: Ai(3)-mm-jarad-graveyard's Upkeep step
Phase: Ai(3)-mm-jarad-graveyard's Draw step
Phase: Ai(3)-mm-jarad-graveyard's Main phase, precombat
Land: Ai(3)-mm-jarad-graveyard played Swamp (266)
Phase: Ai(3)-mm-jarad-graveyard's Beginning of Combat Step
Phase: Ai(3)-mm-jarad-graveyard's Declare Attackers Step
Phase: Ai(3)-mm-jarad-graveyard's Declare Blockers Step
Phase: Ai(3)-mm-jarad-graveyard's First Strike Damage Step
Phase: Ai(3)-mm-jarad-graveyard's Combat Damage Step
Phase: Ai(3)-mm-jarad-graveyard's End of Combat Step
Phase: Ai(3)-mm-jarad-graveyard's Main phase, postcombat
Mana: Forest (231) - {T}: Add {G}.
Mana: Tainted Wood (213) - {T}: Add {B} or {G}. Activate only if you control a Swamp.
Mana: Swamp (264) - {T}: Add {B}.
Mana: Swamp (262) - {T}: Add {B}.
Add To Stack: Ai(3)-mm-jarad-graveyard cast Jarad, Golgari Lich Lord
Resolve Stack: Jarad, Golgari Lich Lord - Creature 2 / 2
Phase: Ai(3)-mm-jarad-graveyard's End step
Phase: Ai(3)-mm-jarad-graveyard's Cleanup step
Turn: Turn 18 (Ai(4)-mm-giada-angels)
Phase: Ai(4)-mm-giada-angels' Untap step
Phase: Ai(4)-mm-giada-angels' Upkeep step
Mana: Plains (390) - {T}: Add {W}.
Mana: Plains (387) - {T}: Add {W}.
Zone Change: Myriad Landscape (365) was put into Graveyard from Battlefield.
Add To Stack: Ai(4)-mm-giada-angels activated Myriad Landscape
Resolve Stack: Myriad Landscape (365) - Ai(4)-mm-giada-angels searches their library for  up to two basic land cards, puts them onto the battlefield tapped, then shuffles.
Phase: Ai(4)-mm-giada-angels' Draw step
Phase: Ai(4)-mm-giada-angels' Main phase, precombat
Land: Ai(4)-mm-giada-angels played Plains (380)
Phase: Ai(4)-mm-giada-angels' Beginning of Combat Step
Phase: Ai(4)-mm-giada-angels' Declare Attackers Step
Combat: Ai(4)-mm-giada-angels assigned Linvala, Keeper of Silence (324) and Giada, Font of Hope (403) to attack Ai(1)-mm-abaddon.
Phase: Ai(4)-mm-giada-angels' Declare Blockers Step
Combat: Ai(1)-mm-abaddon didn't block Linvala, Keeper of Silence (324).
Ai(1)-mm-abaddon didn't block Giada, Font of Hope (403).
Phase: Ai(4)-mm-giada-angels' First Strike Damage Step
Phase: Ai(4)-mm-giada-angels' Combat Damage Step
Damage: Linvala, Keeper of Silence (324) deals 4 combat damage to Ai(1)-mm-abaddon.
Damage: Giada, Font of Hope (403) deals 2 combat damage to Ai(1)-mm-abaddon.
Life: Life: Ai(1)-mm-abaddon 40 > 34
Phase: Ai(4)-mm-giada-angels' End of Combat Step
Phase: Ai(4)-mm-giada-angels' Main phase, postcombat
Mana: Plains (389) - {T}: Add {W}.
Mana: Plains (380) - {T}: Add {W}.
Mana: Giada, Font of Hope (403) - {T}: Add {W}. Spend this mana only to cast an Angel spell.
Add To Stack: Ai(4)-mm-giada-angels cast Dazzling Angel
Replacement Effect: Each other Angel you control enters with an additional +1/+1 counter on it for each Angel you already control.
Resolve Stack: Dazzling Angel - Creature 2 / 3
Phase: Ai(4)-mm-giada-angels' End step
Phase: Ai(4)-mm-giada-angels' Cleanup step
Turn: Turn 19 (Ai(1)-mm-abaddon)
Phase: Ai(1)-mm-abaddon's Untap step
Phase: Ai(1)-mm-abaddon's Upkeep step
Add To Stack: Ai(1)-mm-abaddon triggered Ancestral Vision
Resolve Stack: At the beginning of your upkeep, if this card is suspended, remove a time counter from it [Phase: Ai(1)-mm-abaddon]
Phase: Ai(1)-mm-abaddon's Draw step
Phase: Ai(1)-mm-abaddon's Main phase, precombat
Replacement Effect: Dragonskull Summit enters tapped unless you control a Swamp or a Mountain.
Land: Ai(1)-mm-abaddon played Dragonskull Summit (40)
Phase: Ai(1)-mm-abaddon's Beginning of Combat Step
Phase: Ai(1)-mm-abaddon's Declare Attackers Step
Combat: Ai(1)-mm-abaddon assigned Abaddon the Despoiler (100) to attack Ai(4)-mm-giada-angels.
Phase: Ai(1)-mm-abaddon's Declare Blockers Step
Combat: Ai(4)-mm-giada-angels didn't block Abaddon the Despoiler (100).
Phase: Ai(1)-mm-abaddon's First Strike Damage Step
Phase: Ai(1)-mm-abaddon's Combat Damage Step
Damage: Abaddon the Despoiler (100) deals 5 combat damage to Ai(4)-mm-giada-angels.
Life: Life: Ai(4)-mm-giada-angels 40 > 35
Phase: Ai(1)-mm-abaddon's End of Combat Step
Phase: Ai(1)-mm-abaddon's Main phase, postcombat
Mana: Mountain (88) - {T}: Add {R}.
Mana: Foreboding Ruins (59) - {T}: Add {B} or {R}.
Mana: Luxury Suite (31) - {T}: Add {B} or {R}.
Mana: Dragonskull Summit (40) - {T}: Add {B} or {R}.
Mana: Steam Vents (58) - {T}: Add {R}.
Add To Stack: Ai(1)-mm-abaddon cast Warstorm Surge
Resolve Stack: Warstorm Surge
Phase: Ai(1)-mm-abaddon's End step
Phase: Ai(1)-mm-abaddon's Cleanup step
Turn: Turn 20 (Ai(2)-mm-talrand-spells)
Phase: Ai(2)-mm-talrand-spells' Untap step
Phase: Ai(2)-mm-talrand-spells' Upkeep step
Mana: Island (127) - {T}: Add {U}.
Mana: Island (156) - {T}: Add {U}.
Add To Stack: Ai(2)-mm-talrand-spells cast Cyclonic Rift targeting [Linvala, Keeper of Silence (324)]
Add To Stack: Ai(2)-mm-talrand-spells triggered Archmage Emeritus
Resolve Stack: Magecraft — Whenever you cast or copy an instant or sorcery spell, draw a card. [Card: Cyclonic Rift (107), Activator: Ai(2)-mm-talrand-spells, SpellAbility: Return target nonland permanent you don't control to its owner's hand.]
Resolve Stack: Cyclonic Rift (107) - Return Linvala, Keeper of Silence (324) to its owner's hand.
Phase: Ai(2)-mm-talrand-spells' Draw step
Phase: Ai(2)-mm-talrand-spells' Main phase, precombat
Land: Ai(2)-mm-talrand-spells played Island (153)
Phase: Ai(2)-mm-talrand-spells' Beginning of Combat Step
Phase: Ai(2)-mm-talrand-spells' Declare Attackers Step
Combat: Ai(2)-mm-talrand-spells assigned Archmage Emeritus (178) to attack Ai(1)-mm-abaddon.
Phase: Ai(2)-mm-talrand-spells' Declare Blockers Step
Combat: Ai(1)-mm-abaddon didn't block Archmage Emeritus (178).
Phase: Ai(2)-mm-talrand-spells' First Strike Damage Step
Phase: Ai(2)-mm-talrand-spells' Combat Damage Step
Damage: Archmage Emeritus (178) deals 2 combat damage to Ai(1)-mm-abaddon.
Life: Life: Ai(1)-mm-abaddon 34 > 32
Phase: Ai(2)-mm-talrand-spells' End of Combat Step
Phase: Ai(2)-mm-talrand-spells' Main phase, postcombat
Mana: Island (130) - {T}: Add {U}.
Mana: Island (153) - {T}: Add {U}.
Mana: Riptide Laboratory (110) - {T}: Add {C}.
Add To Stack: Ai(2)-mm-talrand-spells cast Frantic Search
Add To Stack: Ai(2)-mm-talrand-spells triggered Archmage Emeritus
Resolve Stack: Magecraft — Whenever you cast or copy an instant or sorcery spell, draw a card. [Card: Frantic Search (125), Activator: Ai(2)-mm-talrand-spells, SpellAbility: Draw two cards, then discard two cards. Untap up to three lands.  ]
Discard: Ai(2)-mm-talrand-spells discards Jace's Sanctum (171).
Discard: Ai(2)-mm-talrand-spells discards Alandra, Sky Dreamer (103).
Resolve Stack: Frantic Search (125) - Ai(2)-mm-talrand-spells draws two cards. Ai(2)-mm-talrand-spells discards two cards. Untap up to 3 Lands.
Phase: Ai(2)-mm-talrand-spells' End step
Phase: Ai(2)-mm-talrand-spells' Cleanup step
Turn: Turn 21 (Ai(3)-mm-jarad-graveyard)
Phase: Ai(3)-mm-jarad-graveyard's Untap step
Phase: Ai(3)-mm-jarad-graveyard's Upkeep step
Mana: Island (130) - {T}: Add {U}.
Add To Stack: Ai(2)-mm-talrand-spells cast Opt
Add To Stack: Ai(2)-mm-talrand-spells triggered Archmage Emeritus
Resolve Stack: Magecraft — Whenever you cast or copy an instant or sorcery spell, draw a card. [Card: Opt (117), Activator: Ai(2)-mm-talrand-spells, SpellAbility: Scry 1. Draw a card.]
Resolve Stack: Ai(2)-mm-talrand-spells scried 1 card(s) to the top of the library
Resolve Stack: Opt (117) - Ai(2)-mm-talrand-spells scries 1. Ai(2)-mm-talrand-spells draws a card.
Phase: Ai(3)-mm-jarad-graveyard's Draw step
Phase: Ai(3)-mm-jarad-graveyard's Main phase, precombat
Mana: Forest (231) - {T}: Add {G}.
Mana: Swamp (264) - {T}: Add {B}.
Mana: Swamp (262) - {T}: Add {B}.
Mana: Swamp (266) - {T}: Add {B}.
Add To Stack: Ai(3)-mm-jarad-graveyard cast Bonehoard
Resolve Stack: Bonehoard
Add To Stack: Ai(3)-mm-jarad-graveyard triggered Bonehoard
Resolve Stack: Living Weapon (When this Equipment enters, create a 0/0 black Phyrexian Germ creature token, then attach this to it.) [Zone Changer: Bonehoard (256)]
Phase: Ai(3)-mm-jarad-graveyard's Beginning of Combat Step
Phase: Ai(3)-mm-jarad-graveyard's Declare Attackers Step
Combat: Ai(3)-mm-jarad-graveyard assigned Jarad, Golgari Lich Lord (302) to attack Ai(1)-mm-abaddon.
Phase: Ai(3)-mm-jarad-graveyard's Declare Blockers Step
Combat: Ai(1)-mm-abaddon didn't block Jarad, Golgari Lich Lord (302).
Phase: Ai(3)-mm-jarad-graveyard's First Strike Damage Step
Phase: Ai(3)-mm-jarad-graveyard's Combat Damage Step
Damage: Jarad, Golgari Lich Lord (302) deals 2 combat damage to Ai(1)-mm-abaddon.
Life: Life: Ai(1)-mm-abaddon 32 > 30
Phase: Ai(3)-mm-jarad-graveyard's End of Combat Step
Phase: Ai(3)-mm-jarad-graveyard's Main phase, postcombat
Replacement Effect: Temple of Malady enters tapped.
Land: Ai(3)-mm-jarad-graveyard played Temple of Malady (224)
Add To Stack: Ai(3)-mm-jarad-graveyard triggered Temple of Malady
Resolve Stack: Ai(3)-mm-jarad-graveyard scried 1 card(s) to the top of the library
Resolve Stack: When Temple of Malady enters, scry 1. [Zone Changer: Temple of Malady (224)]
Mana: Tainted Wood (213) - {T}: Add {B} or {G}. Activate only if you control a Swamp.
Add To Stack: Ai(3)-mm-jarad-graveyard cast Elves of Deep Shadow
Resolve Stack: Elves of Deep Shadow - Creature 1 / 1
Phase: Ai(3)-mm-jarad-graveyard's End step
Phase: Ai(3)-mm-jarad-graveyard's Cleanup step
Turn: Turn 22 (Ai(4)-mm-giada-angels)
Phase: Ai(4)-mm-giada-angels' Untap step
Phase: Ai(4)-mm-giada-angels' Upkeep step
Phase: Ai(4)-mm-giada-angels' Draw step
Mana: Plains (390) - {T}: Add {W}.
Mana: Plains (387) - {T}: Add {W}.
Mana: Plains (389) - {T}: Add {W}.
Add To Stack: Ai(4)-mm-giada-angels cast Generous Gift targeting [Abaddon the Despoiler (100)]
Zone Change: Abaddon the Despoiler (100) was put into Graveyard from Battlefield.
Resolve Stack: Generous Gift (345) - Destroy Abaddon the Despoiler (100). 
Add To Stack: Ai(1)-mm-abaddon triggered Warstorm Surge targeting [Giada, Font of Hope (403)]
Damage: Elephant Token (412) deals 3 damage to Giada, Font of Hope (403).
Resolve Stack: Whenever a creature you control enters, it deals damage equal to its power to any target. (Targeting: [[Giada, Font of Hope (403)]]) [Zone Changer: Elephant Token (412)]
Zone Change: Giada, Font of Hope (403) was put into Graveyard from Battlefield.
Phase: Ai(4)-mm-giada-angels' Main phase, precombat
Phase: Ai(4)-mm-giada-angels' Beginning of Combat Step
Phase: Ai(4)-mm-giada-angels' Declare Attackers Step
Combat: Ai(4)-mm-giada-angels assigned Dazzling Angel (331) to attack Ai(3)-mm-jarad-graveyard.
Phase: Ai(4)-mm-giada-angels' Declare Blockers Step
Combat: Ai(3)-mm-jarad-graveyard didn't block Dazzling Angel (331).
Phase: Ai(4)-mm-giada-angels' First Strike Damage Step
Phase: Ai(4)-mm-giada-angels' Combat Damage Step
Damage: Dazzling Angel (331) deals 4 combat damage to Ai(3)-mm-jarad-graveyard.
Life: Life: Ai(3)-mm-jarad-graveyard 40 > 36
Phase: Ai(4)-mm-giada-angels' End of Combat Step
Phase: Ai(4)-mm-giada-angels' Main phase, postcombat
Mana: Plains (385) - {T}: Add {W}.
Mana: Plains (383) - {T}: Add {W}.
Mana: Plains (380) - {T}: Add {W}.
Add To Stack: Ai(4)-mm-giada-angels cast Urza's Incubator
Mana: Island (153) - {T}: Add {U}.
Mana: Riptide Laboratory (110) - {T}: Add {C}.
Add To Stack: Ai(2)-mm-talrand-spells cast Mana Leak targeting [Urza's Incubator]
Add To Stack: Ai(2)-mm-talrand-spells triggered Archmage Emeritus
Resolve Stack: Magecraft — Whenever you cast or copy an instant or sorcery spell, draw a card. [Card: Mana Leak (162), Activator: Ai(2)-mm-talrand-spells, SpellAbility: Counter target spell unless its controller pays {3}.]
Zone Change: Send countered spell to Graveyard
Resolve Stack: Mana Leak (162) - Counter Urza's Incubator (366) unless its controller pays {3}.
Phase: Ai(4)-mm-giada-angels' End step
Phase: Ai(4)-mm-giada-angels' Cleanup step
Turn: Turn 23 (Ai(1)-mm-abaddon)
Phase: Ai(1)-mm-abaddon's Untap step
Phase: Ai(1)-mm-abaddon's Upkeep step
Add To Stack: Ai(1)-mm-abaddon triggered Ancestral Vision
Resolve Stack: At the beginning of your upkeep, if this card is suspended, remove a time counter from it [Phase: Ai(1)-mm-abaddon]
Add To Stack: Ai(1)-mm-abaddon triggered Ancestral Vision
Add To Stack: Ai(1)-mm-abaddon cast Ancestral Vision targeting [Ai(1)-mm-abaddon]
Resolve Stack: When the last time counter is removed from this card, if it's exiled, you may play it without paying its mana cost if able.  If you can't, it remains exiled. If you cast a creature spell this way, it gains haste until you lose control of the spell or the permanent it becomes. [Removed from: Ancestral Vision (53)]
Resolve Stack: Ancestral Vision (53) - Ai(1)-mm-abaddon draws three cards.
Phase: Ai(1)-mm-abaddon's Draw step
Phase: Ai(1)-mm-abaddon's Main phase, precombat
Land: Ai(1)-mm-abaddon played Mountain (86)
Mana: Mountain (88) - {T}: Add {R}.
Mana: Mountain (86) - {T}: Add {R}.
Add To Stack: Ai(1)-mm-abaddon cast Swiftfoot Boots
Resolve Stack: Swiftfoot Boots
Mana: Steam Vents (58) - {T}: Add {U}.
Mana: Foreboding Ruins (59) - {T}: Add {B} or {R}.
Mana: Luxury Suite (31) - {T}: Add {B} or {R}.
Add To Stack: Ai(1)-mm-abaddon cast Exalted Flamer of Tzeentch
Resolve Stack: Exalted Flamer of Tzeentch - Creature 2 / 4
Add To Stack: Ai(1)-mm-abaddon triggered Warstorm Surge targeting [Ai(4)-mm-giada-angels]
Damage: Exalted Flamer of Tzeentch (78) deals 2 non-combat damage to Ai(4)-mm-giada-angels.
Life: Life: Ai(4)-mm-giada-angels 35 > 33
Resolve Stack: Whenever a creature you control enters, it deals damage equal to its power to any target. (Targeting: [[Ai(4)-mm-giada-angels]]) [Zone Changer: Exalted Flamer of Tzeentch (78)]
Mana: Dragonskull Summit (40) - {T}: Add {B} or {R}.
Add To Stack: Ai(1)-mm-abaddon activated Swiftfoot Boots targeting [Exalted Flamer of Tzeentch (78)]
Resolve Stack: Swiftfoot Boots (44) -  Attach to Exalted Flamer of Tzeentch (78)
Phase: Ai(1)-mm-abaddon's Beginning of Combat Step
Phase: Ai(1)-mm-abaddon's Declare Attackers Step
Combat: Ai(1)-mm-abaddon assigned Elephant Token (412) and Exalted Flamer of Tzeentch (78) to attack Ai(3)-mm-jarad-graveyard.
Phase: Ai(1)-mm-abaddon's Declare Blockers Step
Combat: Ai(3)-mm-jarad-graveyard didn't block Elephant Token (412).
Ai(3)-mm-jarad-graveyard didn't block Exalted Flamer of Tzeentch (78).
Phase: Ai(1)-mm-abaddon's First Strike Damage Step
Phase: Ai(1)-mm-abaddon's Combat Damage Step
Damage: Elephant Token (412) deals 3 combat damage to Ai(3)-mm-jarad-graveyard.
Damage: Exalted Flamer of Tzeentch (78) deals 2 combat damage to Ai(3)-mm-jarad-graveyard.
Life: Life: Ai(3)-mm-jarad-graveyard 36 > 31
Phase: Ai(1)-mm-abaddon's End of Combat Step
Phase: Ai(1)-mm-abaddon's Main phase, postcombat
Phase: Ai(1)-mm-abaddon's End step
Phase: Ai(1)-mm-abaddon's Cleanup step
Turn: Turn 24 (Ai(2)-mm-talrand-spells)
Phase: Ai(2)-mm-talrand-spells' Untap step
Phase: Ai(2)-mm-talrand-spells' Upkeep step
Phase: Ai(2)-mm-talrand-spells' Draw step
Phase: Ai(2)-mm-talrand-spells' Main phase, precombat
Land: Ai(2)-mm-talrand-spells played Island (151)
Phase: Ai(2)-mm-talrand-spells' Beginning of Combat Step
Phase: Ai(2)-mm-talrand-spells' Declare Attackers Step
Combat: Ai(2)-mm-talrand-spells assigned Archmage Emeritus (178) to attack Ai(1)-mm-abaddon.
Phase: Ai(2)-mm-talrand-spells' Declare Blockers Step
Combat: Ai(1)-mm-abaddon didn't block Archmage Emeritus (178).
Phase: Ai(2)-mm-talrand-spells' First Strike Damage Step
Phase: Ai(2)-mm-talrand-spells' Combat Damage Step
Damage: Archmage Emeritus (178) deals 2 combat damage to Ai(1)-mm-abaddon.
Life: Life: Ai(1)-mm-abaddon 30 > 28
Phase: Ai(2)-mm-talrand-spells' End of Combat Step
Phase: Ai(2)-mm-talrand-spells' Main phase, postcombat
Mana: Island (127) - {T}: Add {U}.
Mana: Island (156) - {T}: Add {U}.
Mana: Island (130) - {T}: Add {U}.
Mana: Island (153) - {T}: Add {U}.
Add To Stack: Ai(2)-mm-talrand-spells cast Talrand, Sky Summoner
Resolve Stack: Talrand, Sky Summoner - Creature 2 / 2
Phase: Ai(2)-mm-talrand-spells' End step
Phase: Ai(2)-mm-talrand-spells' Cleanup step
Turn: Turn 25 (Ai(3)-mm-jarad-graveyard)
Phase: Ai(3)-mm-jarad-graveyard's Untap step
Phase: Ai(3)-mm-jarad-graveyard's Upkeep step
Phase: Ai(3)-mm-jarad-graveyard's Draw step
Phase: Ai(3)-mm-jarad-graveyard's Main phase, precombat
Mana: Temple of Malady (224) - {T}: Add {B} or {G}.
Mana: Tainted Wood (213) - {T}: Add {C}.
Add To Stack: Ai(3)-mm-jarad-graveyard activated Bonehoard targeting [Jarad, Golgari Lich Lord (302)]
Resolve Stack: Bonehoard (256) -  Attach to Jarad, Golgari Lich Lord (302)
Zone Change: Phyrexian Germ Token (410) was put into Graveyard from Battlefield.
Phase: Ai(3)-mm-jarad-graveyard's Beginning of Combat Step
Phase: Ai(3)-mm-jarad-graveyard's Declare Attackers Step
Combat: Ai(3)-mm-jarad-graveyard assigned Jarad, Golgari Lich Lord (302) to attack Ai(1)-mm-abaddon.
Phase: Ai(3)-mm-jarad-graveyard's Declare Blockers Step
Combat: Ai(1)-mm-abaddon didn't block Jarad, Golgari Lich Lord (302).
Phase: Ai(3)-mm-jarad-graveyard's First Strike Damage Step
Phase: Ai(3)-mm-jarad-graveyard's Combat Damage Step
Damage: Jarad, Golgari Lich Lord (302) deals 3 combat damage to Ai(1)-mm-abaddon.
Life: Life: Ai(1)-mm-abaddon 28 > 25
Phase: Ai(3)-mm-jarad-graveyard's End of Combat Step
Phase: Ai(3)-mm-jarad-graveyard's Main phase, postcombat
Mana: Swamp (264) - {T}: Add {B}.
Mana: Swamp (262) - {T}: Add {B}.
Mana: Swamp (266) - {T}: Add {B}.
Mana: Forest (231) - {T}: Add {G}.
Add To Stack: Ai(3)-mm-jarad-graveyard cast Daemogoth Titan
Resolve Stack: Daemogoth Titan - Creature 11 / 10
Phase: Ai(3)-mm-jarad-graveyard's End step
Phase: Ai(3)-mm-jarad-graveyard's Cleanup step
Turn: Turn 26 (Ai(4)-mm-giada-angels)
Phase: Ai(4)-mm-giada-angels' Untap step
Phase: Ai(4)-mm-giada-angels' Upkeep step
Phase: Ai(4)-mm-giada-angels' Draw step
Phase: Ai(4)-mm-giada-angels' Main phase, precombat
Mana: Plains (390) - {T}: Add {W}.
Mana: Plains (387) - {T}: Add {W}.
Mana: Plains (389) - {T}: Add {W}.
Mana: Plains (385) - {T}: Add {W}.
Mana: Plains (383) - {T}: Add {W}.
Mana: Plains (380) - {T}: Add {W}.
Add To Stack: Ai(4)-mm-giada-angels cast Austere Command
Zone Change: Warstorm Surge (5) was put into Graveyard from Battlefield.
Zone Change: Exalted Flamer of Tzeentch (78) was put into Graveyard from Battlefield.
Zone Change: Archmage Emeritus (178) was put into Graveyard from Battlefield.
Zone Change: Talrand, Sky Summoner (201) was put into Graveyard from Battlefield.
Zone Change: Jarad, Golgari Lich Lord (302) was put into Graveyard from Battlefield.
Zone Change: Daemogoth Titan (220) was put into Graveyard from Battlefield.
Resolve Stack: Austere Command (340) -  Destroy all enchantments. Destroy all creatures with mana value 4 or greater.
Phase: Ai(4)-mm-giada-angels' Beginning of Combat Step
Phase: Ai(4)-mm-giada-angels' Declare Attackers Step
Combat: Ai(4)-mm-giada-angels assigned Dazzling Angel (331) to attack Ai(1)-mm-abaddon.
Phase: Ai(4)-mm-giada-angels' Declare Blockers Step
Combat: Ai(1)-mm-abaddon didn't block Dazzling Angel (331).
Phase: Ai(4)-mm-giada-angels' First Strike Damage Step
Phase: Ai(4)-mm-giada-angels' Combat Damage Step
Damage: Dazzling Angel (331) deals 4 combat damage to Ai(1)-mm-abaddon.
Life: Life: Ai(1)-mm-abaddon 25 > 21
Phase: Ai(4)-mm-giada-angels' End of Combat Step
Phase: Ai(4)-mm-giada-angels' Main phase, postcombat
Phase: Ai(4)-mm-giada-angels' End step
Phase: Ai(4)-mm-giada-angels' Cleanup step
Turn: Turn 27 (Ai(1)-mm-abaddon)
Phase: Ai(1)-mm-abaddon's Untap step
Phase: Ai(1)-mm-abaddon's Upkeep step
Phase: Ai(1)-mm-abaddon's Draw step
Phase: Ai(1)-mm-abaddon's Main phase, precombat
Land: Ai(1)-mm-abaddon played Swamp (50)
Mana: Steam Vents (58) - {T}: Add {U}.
Mana: Swamp (50) - {T}: Add {B}.
Mana: Mountain (88) - {T}: Add {R}.
Mana: Mountain (86) - {T}: Add {R}.
Mana: Foreboding Ruins (59) - {T}: Add {B} or {R}.
Mana: Luxury Suite (31) - {T}: Add {B} or {R}.
Add To Stack: Ai(1)-mm-abaddon cast Abaddon the Despoiler
Resolve Stack: Abaddon the Despoiler - Creature 5 / 5
Mana: Dragonskull Summit (40) - {T}: Add {B} or {R}.
Add To Stack: Ai(1)-mm-abaddon activated Swiftfoot Boots targeting [Abaddon the Despoiler (100)]
Resolve Stack: Swiftfoot Boots (44) -  Attach to Abaddon the Despoiler (100)
Phase: Ai(1)-mm-abaddon's Beginning of Combat Step
Phase: Ai(1)-mm-abaddon's Declare Attackers Step
Combat: Ai(1)-mm-abaddon assigned Abaddon the Despoiler (100), Elephant Token (412) and Nightscape Familiar (19) to attack Ai(3)-mm-jarad-graveyard.
Phase: Ai(1)-mm-abaddon's Declare Blockers Step
Combat: Ai(3)-mm-jarad-graveyard didn't block Abaddon the Despoiler (100).
Ai(3)-mm-jarad-graveyard didn't block Elephant Token (412).
Ai(3)-mm-jarad-graveyard didn't block Nightscape Familiar (19).
Phase: Ai(1)-mm-abaddon's First Strike Damage Step
Phase: Ai(1)-mm-abaddon's Combat Damage Step
Damage: Abaddon the Despoiler (100) deals 5 combat damage to Ai(3)-mm-jarad-graveyard.
Damage: Elephant Token (412) deals 3 combat damage to Ai(3)-mm-jarad-graveyard.
Damage: Nightscape Familiar (19) deals 1 combat damage to Ai(3)-mm-jarad-graveyard.
Life: Life: Ai(3)-mm-jarad-graveyard 31 > 22
Phase: Ai(1)-mm-abaddon's End of Combat Step
Phase: Ai(1)-mm-abaddon's Main phase, postcombat
Phase: Ai(1)-mm-abaddon's End step
Phase: Ai(1)-mm-abaddon's Cleanup step
Turn: Turn 28 (Ai(2)-mm-talrand-spells)
Phase: Ai(2)-mm-talrand-spells' Untap step
Phase: Ai(2)-mm-talrand-spells' Upkeep step
Phase: Ai(2)-mm-talrand-spells' Draw step
Phase: Ai(2)-mm-talrand-spells' Main phase, precombat
Land: Ai(2)-mm-talrand-spells played Island (146)
Phase: Ai(2)-mm-talrand-spells' Beginning of Combat Step
Phase: Ai(2)-mm-talrand-spells' Declare Attackers Step
Phase: Ai(2)-mm-talrand-spells' Declare Blockers Step
Phase: Ai(2)-mm-talrand-spells' First Strike Damage Step
Phase: Ai(2)-mm-talrand-spells' Combat Damage Step
Phase: Ai(2)-mm-talrand-spells' End of Combat Step
Phase: Ai(2)-mm-talrand-spells' Main phase, postcombat
Mana: Island (127) - {T}: Add {U}.
Mana: Island (156) - {T}: Add {U}.
Mana: Island (130) - {T}: Add {U}.
Mana: Island (153) - {T}: Add {U}.
Mana: Island (151) - {T}: Add {U}.
Mana: Island (146) - {T}: Add {U}.
Add To Stack: Ai(2)-mm-talrand-spells cast Talrand, Sky Summoner
Resolve Stack: Talrand, Sky Summoner - Creature 2 / 2
Phase: Ai(2)-mm-talrand-spells' End step
Phase: Ai(2)-mm-talrand-spells' Cleanup step
Turn: Turn 29 (Ai(3)-mm-jarad-graveyard)
Phase: Ai(3)-mm-jarad-graveyard's Untap step
Phase: Ai(3)-mm-jarad-graveyard's Upkeep step
Phase: Ai(3)-mm-jarad-graveyard's Draw step
Phase: Ai(3)-mm-jarad-graveyard's Main phase, precombat
Mana: Forest (231) - {T}: Add {G}.
Mana: Swamp (264) - {T}: Add {B}.
Add To Stack: Ai(3)-mm-jarad-graveyard activated Bonehoard targeting [Elves of Deep Shadow (296)]
Resolve Stack: Bonehoard (256) -  Attach to Elves of Deep Shadow (296)
Phase: Ai(3)-mm-jarad-graveyard's Beginning of Combat Step
Phase: Ai(3)-mm-jarad-graveyard's Declare Attackers Step
Combat: Ai(3)-mm-jarad-graveyard assigned Elves of Deep Shadow (296) to attack Ai(1)-mm-abaddon.
Phase: Ai(3)-mm-jarad-graveyard's Declare Blockers Step
Combat: Ai(1)-mm-abaddon didn't block Elves of Deep Shadow (296).
Phase: Ai(3)-mm-jarad-graveyard's First Strike Damage Step
Phase: Ai(3)-mm-jarad-graveyard's Combat Damage Step
Damage: Elves of Deep Shadow (296) deals 5 combat damage to Ai(1)-mm-abaddon.
Life: Life: Ai(1)-mm-abaddon 21 > 16
Phase: Ai(3)-mm-jarad-graveyard's End of Combat Step
Phase: Ai(3)-mm-jarad-graveyard's Main phase, postcombat
Mana: Temple of Malady (224) - {T}: Add {B} or {G}.
Mana: Swamp (262) - {T}: Add {B}.
Mana: Swamp (266) - {T}: Add {B}.
Add To Stack: Ai(3)-mm-jarad-graveyard cast Ramunap Excavator
Resolve Stack: Ramunap Excavator - Creature 2 / 3
Mana: Tainted Wood (213) - {T}: Add {B} or {G}. Activate only if you control a Swamp.
Add To Stack: Ai(3)-mm-jarad-graveyard cast Llanowar Elves
Resolve Stack: Llanowar Elves - Creature 1 / 1
Phase: Ai(3)-mm-jarad-graveyard's End step
Phase: Ai(3)-mm-jarad-graveyard's Cleanup step
Turn: Turn 30 (Ai(4)-mm-giada-angels)
Phase: Ai(4)-mm-giada-angels' Untap step
Phase: Ai(4)-mm-giada-angels' Upkeep step
Phase: Ai(4)-mm-giada-angels' Draw step
Phase: Ai(4)-mm-giada-angels' Main phase, precombat
Mana: Plains (390) - {T}: Add {W}.
Mana: Plains (387) - {T}: Add {W}.
Mana: Plains (389) - {T}: Add {W}.
Mana: Plains (385) - {T}: Add {W}.
Mana: Plains (383) - {T}: Add {W}.
Add To Stack: Ai(4)-mm-giada-angels cast Lyra Dawnbringer
Resolve Stack: Lyra Dawnbringer - Creature 5 / 5
Add To Stack: Ai(4)-mm-giada-angels triggered Dazzling Angel
Life: Life: Ai(4)-mm-giada-angels 33 > 34
Resolve Stack: Whenever another creature you control enters, you gain 1 life. [Zone Changer: Lyra Dawnbringer (361)]
Phase: Ai(4)-mm-giada-angels' Beginning of Combat Step
Phase: Ai(4)-mm-giada-angels' Declare Attackers Step
Combat: Ai(4)-mm-giada-angels assigned Dazzling Angel (331) to attack Ai(1)-mm-abaddon.
Phase: Ai(4)-mm-giada-angels' Declare Blockers Step
Combat: Ai(1)-mm-abaddon didn't block Dazzling Angel (331).
Phase: Ai(4)-mm-giada-angels' First Strike Damage Step
Phase: Ai(4)-mm-giada-angels' Combat Damage Step
Damage: Dazzling Angel (331) deals 5 combat damage to Ai(1)-mm-abaddon.
Life: Life: Ai(4)-mm-giada-angels 34 > 39
Life: Life: Ai(1)-mm-abaddon 16 > 11
Phase: Ai(4)-mm-giada-angels' End of Combat Step
Phase: Ai(4)-mm-giada-angels' Main phase, postcombat
Phase: Ai(4)-mm-giada-angels' End step
Phase: Ai(4)-mm-giada-angels' Cleanup step
Turn: Turn 31 (Ai(1)-mm-abaddon)
Phase: Ai(1)-mm-abaddon's Untap step
Phase: Ai(1)-mm-abaddon's Upkeep step
Phase: Ai(1)-mm-abaddon's Draw step
Phase: Ai(1)-mm-abaddon's Main phase, precombat
Phase: Ai(1)-mm-abaddon's Beginning of Combat Step
Phase: Ai(1)-mm-abaddon's Declare Attackers Step
Phase: Ai(1)-mm-abaddon's Declare Blockers Step
Phase: Ai(1)-mm-abaddon's First Strike Damage Step
Phase: Ai(1)-mm-abaddon's Combat Damage Step
Phase: Ai(1)-mm-abaddon's End of Combat Step
Phase: Ai(1)-mm-abaddon's Main phase, postcombat
Mana: Swamp (50) - {T}: Add {B}.
Mana: Mountain (88) - {T}: Add {R}.
Mana: Mountain (86) - {T}: Add {R}.
Add To Stack: Ai(1)-mm-abaddon cast The Ruinous Powers
Resolve Stack: The Ruinous Powers
Mana: Foreboding Ruins (59) - {T}: Add {B} or {R}.
Mana: Luxury Suite (31) - {T}: Add {B} or {R}.
Mana: Dragonskull Summit (40) - {T}: Add {B} or {R}.
Mana: Steam Vents (58) - {T}: Add {R}.
Add To Stack: Ai(1)-mm-abaddon cast Court of Ambition
Resolve Stack: Court of Ambition
Add To Stack: Ai(1)-mm-abaddon triggered Court of Ambition
Resolve Stack: When Court of Ambition enters, you become the monarch. [Zone Changer: Court of Ambition (77)]
Phase: Ai(1)-mm-abaddon's End step
Add To Stack: Ai(1)-mm-abaddon triggered The Monarch
Resolve Stack: At the beginning of your end step, draw a card. [Phase: Ai(1)-mm-abaddon]
Phase: Ai(1)-mm-abaddon's Cleanup step
Turn: Turn 32 (Ai(2)-mm-talrand-spells)
Phase: Ai(2)-mm-talrand-spells' Untap step
Phase: Ai(2)-mm-talrand-spells' Upkeep step
Phase: Ai(2)-mm-talrand-spells' Draw step
Phase: Ai(2)-mm-talrand-spells' Main phase, precombat
Land: Ai(2)-mm-talrand-spells played Island (148)
Phase: Ai(2)-mm-talrand-spells' Beginning of Combat Step
Phase: Ai(2)-mm-talrand-spells' Declare Attackers Step
Phase: Ai(2)-mm-talrand-spells' Declare Blockers Step
Phase: Ai(2)-mm-talrand-spells' First Strike Damage Step
Phase: Ai(2)-mm-talrand-spells' Combat Damage Step
Phase: Ai(2)-mm-talrand-spells' End of Combat Step
Phase: Ai(2)-mm-talrand-spells' Main phase, postcombat
Mana: Island (127) - {T}: Add {U}.
Mana: Island (156) - {T}: Add {U}.
Mana: Island (130) - {T}: Add {U}.
Add To Stack: Ai(2)-mm-talrand-spells cast Rhystic Study
Resolve Stack: Rhystic Study
Mana: Island (153) - {T}: Add {U}.
Mana: Island (151) - {T}: Add {U}.
Add To Stack: Ai(2)-mm-talrand-spells cast Thought Vessel
Resolve Stack: Thought Vessel
Phase: Ai(2)-mm-talrand-spells' End step
Phase: Ai(2)-mm-talrand-spells' Cleanup step
Turn: Turn 33 (Ai(3)-mm-jarad-graveyard)
Phase: Ai(3)-mm-jarad-graveyard's Untap step
Phase: Ai(3)-mm-jarad-graveyard's Upkeep step
Phase: Ai(3)-mm-jarad-graveyard's Draw step
Mana: Forest (231) - {T}: Add {G}.
Mana: Swamp (264) - {T}: Add {B}.
Mana: Swamp (262) - {T}: Add {B}.
Add To Stack: Ai(3)-mm-jarad-graveyard cast Putrefy targeting [Lyra Dawnbringer (361)]
Add To Stack: Ai(2)-mm-talrand-spells triggered Rhystic Study
Mana: Swamp (266) - {T}: Add {B}.
Resolve Stack: Whenever an opponent casts a spell, you may draw a card unless that player pays {1}. [Card: Putrefy (275), Activator: Ai(3)-mm-jarad-graveyard, SpellAbility: Destroy target artifact or creature. It can't be regenerated.]
Zone Change: Lyra Dawnbringer (361) was put into Graveyard from Battlefield.
Resolve Stack: Putrefy (275) - Destroy Lyra Dawnbringer (361). It can't be regenerated.
Phase: Ai(3)-mm-jarad-graveyard's Main phase, precombat
Phase: Ai(3)-mm-jarad-graveyard's Beginning of Combat Step
Phase: Ai(3)-mm-jarad-graveyard's Declare Attackers Step
Combat: Ai(3)-mm-jarad-graveyard assigned Elves of Deep Shadow (296) to attack Ai(1)-mm-abaddon.
Phase: Ai(3)-mm-jarad-graveyard's Declare Blockers Step
Combat: Ai(1)-mm-abaddon assigned Nightscape Familiar (19) to block Elves of Deep Shadow (296).
Phase: Ai(3)-mm-jarad-graveyard's First Strike Damage Step
Phase: Ai(3)-mm-jarad-graveyard's Combat Damage Step
Damage: Elves of Deep Shadow (296) deals 6 damage to Nightscape Familiar (19).
Damage: Nightscape Familiar (19) deals 1 damage to Elves of Deep Shadow (296).
Zone Change: Nightscape Familiar (19) was put into Graveyard from Battlefield.
Phase: Ai(3)-mm-jarad-graveyard's End of Combat Step
Phase: Ai(3)-mm-jarad-graveyard's Main phase, postcombat
Mana: Temple of Malady (224) - {T}: Add {B} or {G}.
Mana: Tainted Wood (213) - {T}: Add {B} or {G}. Activate only if you control a Swamp.
Add To Stack: Ai(3)-mm-jarad-graveyard cast Fiend Artisan
Add To Stack: Ai(2)-mm-talrand-spells triggered Rhystic Study
Mana: Twilight Mire (276) - {T}: Add {C}.
Resolve Stack: Whenever an opponent casts a spell, you may draw a card unless that player pays {1}. [Card: Fiend Artisan (239), Activator: Ai(3)-mm-jarad-graveyard, SpellAbility: Fiend Artisan - Creature 1 / 1]
Resolve Stack: Fiend Artisan - Creature 1 / 1
Phase: Ai(3)-mm-jarad-graveyard's End step
Phase: Ai(3)-mm-jarad-graveyard's Cleanup step
Turn: Turn 34 (Ai(4)-mm-giada-angels)
Phase: Ai(4)-mm-giada-angels' Untap step
Phase: Ai(4)-mm-giada-angels' Upkeep step
Phase: Ai(4)-mm-giada-angels' Draw step
Phase: Ai(4)-mm-giada-angels' Main phase, precombat
Land: Ai(4)-mm-giada-angels played Plains (379)
Mana: Plains (390) - {T}: Add {W}.
Mana: Plains (387) - {T}: Add {W}.
Mana: Plains (389) - {T}: Add {W}.
Mana: Plains (385) - {T}: Add {W}.
Add To Stack: Ai(4)-mm-giada-angels cast Linvala, Keeper of Silence
Add To Stack: Ai(2)-mm-talrand-spells triggered Rhystic Study
Mana: Plains (383) - {T}: Add {W}.
Resolve Stack: Whenever an opponent casts a spell, you may draw a card unless that player pays {1}. [Card: Linvala, Keeper of Silence (324), Activator: Ai(4)-mm-giada-angels, SpellAbility: Linvala, Keeper of Silence - Creature 3 / 4]
Resolve Stack: Linvala, Keeper of Silence - Creature 3 / 4
Add To Stack: Ai(4)-mm-giada-angels triggered Dazzling Angel
Life: Life: Ai(4)-mm-giada-angels 39 > 40
Resolve Stack: Whenever another creature you control enters, you gain 1 life. [Zone Changer: Linvala, Keeper of Silence (324)]
Phase: Ai(4)-mm-giada-angels' Beginning of Combat Step
Phase: Ai(4)-mm-giada-angels' Declare Attackers Step
Combat: Ai(4)-mm-giada-angels assigned Dazzling Angel (331) to attack Ai(1)-mm-abaddon.
Phase: Ai(4)-mm-giada-angels' Declare Blockers Step
Combat: Ai(1)-mm-abaddon didn't block Dazzling Angel (331).
Phase: Ai(4)-mm-giada-angels' First Strike Damage Step
Phase: Ai(4)-mm-giada-angels' Combat Damage Step
Damage: Dazzling Angel (331) deals 4 combat damage to Ai(1)-mm-abaddon.
Life: Life: Ai(1)-mm-abaddon 11 > 7
Add To Stack: Ai(1)-mm-abaddon triggered The Monarch
Resolve Stack: Whenever a creature deals combat damage to you, its controller becomes the monarch. [Damage Source: Dazzling Angel (331), Damaged: Ai(1)-mm-abaddon, Amount: 4]
Phase: Ai(4)-mm-giada-angels' End of Combat Step
Phase: Ai(4)-mm-giada-angels' Main phase, postcombat
Phase: Ai(4)-mm-giada-angels' End step
Add To Stack: Ai(4)-mm-giada-angels triggered The Monarch
Resolve Stack: At the beginning of your end step, draw a card. [Phase: Ai(4)-mm-giada-angels]
Phase: Ai(4)-mm-giada-angels' Cleanup step
Turn: Turn 35 (Ai(1)-mm-abaddon)
Phase: Ai(1)-mm-abaddon's Untap step
Phase: Ai(1)-mm-abaddon's Upkeep step
Add To Stack: Ai(1)-mm-abaddon triggered The Ruinous Powers
Add To Stack: Ai(1)-mm-abaddon triggered Court of Ambition
Discard: Ai(2)-mm-talrand-spells discards Island (128).
Life: Life: Ai(3)-mm-jarad-graveyard 22 > 19
Life: Life: Ai(4)-mm-giada-angels 40 > 37
Resolve Stack: At the beginning of your upkeep, each opponent loses 3 life unless they discard a card. If you're the monarch, instead each opponent loses 6 life unless they discard two cards. [Phase: Ai(1)-mm-abaddon]
Resolve Stack: At the beginning of your upkeep, choose an opponent at random. Exile the top card of that player's library. Until end of turn, you may play that card and you may spend mana as though it were mana of any color to cast it. When you cast a spell this way, its owner loses life equal to its mana value. [Phase: Ai(1)-mm-abaddon]
Mana: Plains (380) - {T}: Add {W}.
Add To Stack: Ai(4)-mm-giada-angels cast Swords to Plowshares targeting [Elves of Deep Shadow (296)]
Add To Stack: Ai(2)-mm-talrand-spells triggered Rhystic Study
Mana: Plains (379) - {T}: Add {W}.
Resolve Stack: Whenever an opponent casts a spell, you may draw a card unless that player pays {1}. [Card: Swords to Plowshares (348), Activator: Ai(4)-mm-giada-angels, SpellAbility: Exile target creature. Its controller gains life equal to its power.]
Zone Change: Elves of Deep Shadow (296) was put into Exile from Battlefield.
Life: Life: Ai(3)-mm-jarad-graveyard 19 > 26
Resolve Stack: Swords to Plowshares (348) - Exile Elves of Deep Shadow (296). Ai(3)-mm-jarad-graveyard gains life equal to its power.
Phase: Ai(1)-mm-abaddon's Draw step
Phase: Ai(1)-mm-abaddon's Main phase, precombat
Phase: Ai(1)-mm-abaddon's Beginning of Combat Step
Phase: Ai(1)-mm-abaddon's Declare Attackers Step
Phase: Ai(1)-mm-abaddon's Declare Blockers Step
Phase: Ai(1)-mm-abaddon's First Strike Damage Step
Phase: Ai(1)-mm-abaddon's Combat Damage Step
Phase: Ai(1)-mm-abaddon's End of Combat Step
Phase: Ai(1)-mm-abaddon's Main phase, postcombat
Mana: Mountain (88) - {T}: Add {R}.
Mana: Mountain (86) - {T}: Add {R}.
Mana: Swamp (50) - {T}: Add {B}.
Mana: Foreboding Ruins (59) - {T}: Add {B} or {R}.
Add To Stack: Ai(1)-mm-abaddon cast Smothering Tithe
Add To Stack: Ai(1)-mm-abaddon triggered The Ruinous Powers (75)'s Effect
Add To Stack: Ai(2)-mm-talrand-spells triggered Rhystic Study
Mana: Luxury Suite (31) - {T}: Add {B} or {R}.
Resolve Stack: Whenever an opponent casts a spell, you may draw a card unless that player pays {1}. [Card: Smothering Tithe (317), Activator: Ai(1)-mm-abaddon, SpellAbility: Smothering Tithe by The Ruinous Powers (75) (may spend mana as though it were mana of any color to cast it)]
Life: Life: Ai(4)-mm-giada-angels 37 > 33
Resolve Stack: When you cast a spell this way, its owner loses life equal to its mana value. [Card: Smothering Tithe (317), Activator: Ai(1)-mm-abaddon, SpellAbility: Smothering Tithe by The Ruinous Powers (75) (may spend mana as though it were mana of any color to cast it)]
Resolve Stack: Smothering Tithe
Mana: Dragonskull Summit (40) - {T}: Add {B} or {R}.
Mana: Steam Vents (58) - {T}: Add {R}.
Add To Stack: Ai(1)-mm-abaddon cast Stormfist Crusader
Add To Stack: Ai(1)-mm-abaddon triggered Stormfist Crusader
Add To Stack: Ai(2)-mm-talrand-spells triggered Rhystic Study
Resolve Stack: Whenever an opponent casts a spell, you may draw a card unless that player pays {1}. [Card: Stormfist Crusader (33), Activator: Ai(1)-mm-abaddon, SpellAbility: Stormfist Crusader - Creature 2 / 2]
Add To Stack: Ai(1)-mm-abaddon triggered Smothering Tithe
Resolve Stack: Whenever an opponent draws a card, that player may pay {2}. If the player doesn't, you create a Treasure token. (It's an artifact with "{T}, Sacrifice this token: Add one mana of any color.") [Player: Ai(2)-mm-talrand-spells]
Add To Stack: Ai(1)-mm-abaddon cast Sol Ring
Resolve Stack: Cascade - Stormfist Crusader [Card: Stormfist Crusader (33), Activator: Ai(1)-mm-abaddon, SpellAbility: Stormfist Crusader - Creature 2 / 2]
Add To Stack: Ai(2)-mm-talrand-spells triggered Rhystic Study
Zone Change: Treasure Token (419) was put into Graveyard from Battlefield.
Mana: Treasure Token (419) - {T}, Sacrifice this token: Add one mana of any color.
Resolve Stack: Whenever an opponent casts a spell, you may draw a card unless that player pays {1}. [Card: Sol Ring (12), Activator: Ai(1)-mm-abaddon, SpellAbility: Sol Ring (without paying its mana cost)]
Resolve Stack: Sol Ring
Resolve Stack: Stormfist Crusader - Creature 2 / 2
Mana: Sol Ring (12) - {T}: Add {C}{C}.
Add To Stack: Ai(1)-mm-abaddon cast Arcane Signet
Add To Stack: Ai(1)-mm-abaddon triggered Arcane Signet
Add To Stack: Ai(2)-mm-talrand-spells triggered Rhystic Study
Resolve Stack: Whenever an opponent casts a spell, you may draw a card unless that player pays {1}. [Card: Arcane Signet (94), Activator: Ai(1)-mm-abaddon, SpellAbility: Arcane Signet]
Add To Stack: Ai(1)-mm-abaddon triggered Smothering Tithe
Resolve Stack: Whenever an opponent draws a card, that player may pay {2}. If the player doesn't, you create a Treasure token. (It's an artifact with "{T}, Sacrifice this token: Add one mana of any color.") [Player: Ai(2)-mm-talrand-spells]
Add To Stack: Ai(1)-mm-abaddon cast Brainstorm
Resolve Stack: Cascade - Arcane Signet [Card: Arcane Signet (94), Activator: Ai(1)-mm-abaddon, SpellAbility: Arcane Signet]
Add To Stack: Ai(2)-mm-talrand-spells triggered Rhystic Study
Zone Change: Treasure Token (423) was put into Graveyard from Battlefield.
Mana: Treasure Token (423) - {T}, Sacrifice this token: Add one mana of any color.
Resolve Stack: Whenever an opponent casts a spell, you may draw a card unless that player pays {1}. [Card: Brainstorm (79), Activator: Ai(1)-mm-abaddon, SpellAbility: Draw three cards, then put two cards from your hand on top of your library in any order. (without paying its mana cost) ]
Resolve Stack: Brainstorm (79) - Ai(1)-mm-abaddon draws three cards, then puts two cards from their hand on top of their library in any order.
Resolve Stack: Arcane Signet
Phase: Ai(1)-mm-abaddon's End step
Phase: Ai(1)-mm-abaddon's Cleanup step
Turn: Turn 36 (Ai(2)-mm-talrand-spells)
Phase: Ai(2)-mm-talrand-spells' Untap step
Phase: Ai(2)-mm-talrand-spells' Upkeep step
Phase: Ai(2)-mm-talrand-spells' Draw step
Add To Stack: Ai(1)-mm-abaddon triggered Smothering Tithe
Resolve Stack: Whenever an opponent draws a card, that player may pay {2}. If the player doesn't, you create a Treasure token. (It's an artifact with "{T}, Sacrifice this token: Add one mana of any color.") [Player: Ai(2)-mm-talrand-spells]
Phase: Ai(2)-mm-talrand-spells' Main phase, precombat
Land: Ai(2)-mm-talrand-spells played Island (143)
Mana: Island (127) - {T}: Add {U}.
Mana: Thought Vessel (158) - {T}: Add {C}.
Mana: Island (156) - {T}: Add {U}.
Add To Stack: Ai(2)-mm-talrand-spells cast Ravenform targeting [Linvala, Keeper of Silence (324)]
Add To Stack: Ai(2)-mm-talrand-spells triggered Talrand, Sky Summoner
Resolve Stack: Whenever you cast an instant or sorcery spell, create a 2/2 blue Drake creature token with flying. [Card: Ravenform (173), Activator: Ai(2)-mm-talrand-spells, SpellAbility: Exile target artifact or creature. Its controller creates a 1/1 blue Bird creature token with flying. ]
Zone Change: Linvala, Keeper of Silence (324) was put into Exile from Battlefield.
Resolve Stack: Ravenform (173) - Exile Linvala, Keeper of Silence (324). 
Add To Stack: Ai(4)-mm-giada-angels triggered Dazzling Angel
Life: Life: Ai(4)-mm-giada-angels 33 > 34
Resolve Stack: Whenever another creature you control enters, you gain 1 life. [Zone Changer: Bird Token (433)]
Phase: Ai(2)-mm-talrand-spells' Beginning of Combat Step
Phase: Ai(2)-mm-talrand-spells' Declare Attackers Step
Phase: Ai(2)-mm-talrand-spells' Declare Blockers Step
Phase: Ai(2)-mm-talrand-spells' First Strike Damage Step
Phase: Ai(2)-mm-talrand-spells' Combat Damage Step
Phase: Ai(2)-mm-talrand-spells' End of Combat Step
Phase: Ai(2)-mm-talrand-spells' Main phase, postcombat
Mana: Island (130) - {T}: Add {U}.
Mana: Island (153) - {T}: Add {U}.
Mana: Island (151) - {T}: Add {U}.
Mana: Island (146) - {T}: Add {U}.
Add To Stack: Ai(2)-mm-talrand-spells cast Reconnaissance Mission
Resolve Stack: Reconnaissance Mission
Mana: Island (148) - {T}: Add {U}.
Mana: Island (143) - {T}: Add {U}.
Add To Stack: Ai(2)-mm-talrand-spells cast Sapphire Medallion
Resolve Stack: Sapphire Medallion
Phase: Ai(2)-mm-talrand-spells' End step
Phase: Ai(2)-mm-talrand-spells' Cleanup step
Turn: Turn 37 (Ai(3)-mm-jarad-graveyard)
Phase: Ai(3)-mm-jarad-graveyard's Untap step
Phase: Ai(3)-mm-jarad-graveyard's Upkeep step
Phase: Ai(3)-mm-jarad-graveyard's Draw step
Add To Stack: Ai(1)-mm-abaddon triggered Smothering Tithe
Resolve Stack: Whenever an opponent draws a card, that player may pay {2}. If the player doesn't, you create a Treasure token. (It's an artifact with "{T}, Sacrifice this token: Add one mana of any color.") [Player: Ai(3)-mm-jarad-graveyard]
Phase: Ai(3)-mm-jarad-graveyard's Main phase, precombat
Mana: Forest (231) - {T}: Add {G}.
Mana: Swamp (264) - {T}: Add {B}.
Add To Stack: Ai(3)-mm-jarad-graveyard activated Bonehoard targeting [Ramunap Excavator (225)]
Resolve Stack: Bonehoard (256) -  Attach to Ramunap Excavator (225)
Phase: Ai(3)-mm-jarad-graveyard's Beginning of Combat Step
Phase: Ai(3)-mm-jarad-graveyard's Declare Attackers Step
Combat: Ai(3)-mm-jarad-graveyard assigned Ramunap Excavator (225) to attack Ai(1)-mm-abaddon.
Phase: Ai(3)-mm-jarad-graveyard's Declare Blockers Step
Combat: Ai(1)-mm-abaddon assigned Elephant Token (412) to block Ramunap Excavator (225).
Phase: Ai(3)-mm-jarad-graveyard's First Strike Damage Step
Phase: Ai(3)-mm-jarad-graveyard's Combat Damage Step
Damage: Ramunap Excavator (225) deals 8 damage to Elephant Token (412).
Damage: Elephant Token (412) deals 3 damage to Ramunap Excavator (225).
Zone Change: Elephant Token (412) was put into Graveyard from Battlefield.
Phase: Ai(3)-mm-jarad-graveyard's End of Combat Step
Phase: Ai(3)-mm-jarad-graveyard's Main phase, postcombat
Mana: Temple of Malady (224) - {T}: Add {B} or {G}.
Mana: Tainted Wood (213) - {T}: Add {B} or {G}. Activate only if you control a Swamp.
Mana: Swamp (262) - {T}: Add {B}.
Mana: Swamp (266) - {T}: Add {B}.
Mana: Twilight Mire (276) - {T}: Add {C}.
Mana: Llanowar Elves (285) - {T}: Add {G}.
Add To Stack: Ai(3)-mm-jarad-graveyard cast Jarad, Golgari Lich Lord
Add To Stack: Ai(2)-mm-talrand-spells triggered Rhystic Study
Mana: Arcane Signet (94) - {T}: Add one mana of any color in your commander's color identity.
Zone Change: Treasure Token (437) was put into Graveyard from Battlefield.
Mana: Treasure Token (437) - {T}, Sacrifice this token: Add one mana of any color.
Zone Change: Treasure Token (427) was put into Graveyard from Battlefield.
Mana: Treasure Token (427) - {T}, Sacrifice this token: Add one mana of any color.
Add To Stack: Ai(1)-mm-abaddon cast Frantic Search
Add To Stack: Ai(2)-mm-talrand-spells triggered Rhystic Study
Resolve Stack: Whenever an opponent casts a spell, you may draw a card unless that player pays {1}. [Card: Frantic Search (22), Activator: Ai(1)-mm-abaddon, SpellAbility: Draw two cards, then discard two cards. Untap up to three lands.  ]
Add To Stack: Ai(1)-mm-abaddon triggered Smothering Tithe
Resolve Stack: Whenever an opponent draws a card, that player may pay {2}. If the player doesn't, you create a Treasure token. (It's an artifact with "{T}, Sacrifice this token: Add one mana of any color.") [Player: Ai(2)-mm-talrand-spells]
Discard: Ai(1)-mm-abaddon discards Talisman of Indulgence (90).
Discard: Ai(1)-mm-abaddon discards The Lost and the Damned (64).
Resolve Stack: Frantic Search (22) - Ai(1)-mm-abaddon draws two cards. Ai(1)-mm-abaddon discards two cards. Untap up to 3 Lands.
Resolve Stack: Whenever an opponent casts a spell, you may draw a card unless that player pays {1}. [Card: Jarad, Golgari Lich Lord (302), Activator: Ai(3)-mm-jarad-graveyard, SpellAbility: Jarad, Golgari Lich Lord - Creature 2 / 2]
Add To Stack: Ai(1)-mm-abaddon triggered Smothering Tithe
Resolve Stack: Whenever an opponent draws a card, that player may pay {2}. If the player doesn't, you create a Treasure token. (It's an artifact with "{T}, Sacrifice this token: Add one mana of any color.") [Player: Ai(2)-mm-talrand-spells]
Mana: Steam Vents (58) - {T}: Add {U}.
Mana: Luxury Suite (31) - {T}: Add {B} or {R}.
Mana: Dragonskull Summit (40) - {T}: Add {B} or {R}.
Zone Change: Treasure Token (445) was put into Graveyard from Battlefield.
Mana: Treasure Token (445) - {T}, Sacrifice this token: Add one mana of any color.
Zone Change: Treasure Token (441) was put into Graveyard from Battlefield.
Mana: Treasure Token (441) - {T}, Sacrifice this token: Add one mana of any color.
Add To Stack: Ai(1)-mm-abaddon cast Chaos Mutation targeting [Dazzling Angel (331), Drake Token (431)]
Add To Stack: Ai(2)-mm-talrand-spells triggered Rhystic Study
Resolve Stack: Whenever an opponent casts a spell, you may draw a card unless that player pays {1}. [Card: Chaos Mutation (45), Activator: Ai(1)-mm-abaddon, SpellAbility: Exile any number of target creatures controlled by different players. For each creature exiled this way, its controller reveals cards from the top of their library until they reveal a creature card, puts that card onto the battlefield, then puts the rest on the bottom of their library in a random order. ]
Add To Stack: Ai(1)-mm-abaddon triggered Smothering Tithe
Resolve Stack: Whenever an opponent draws a card, that player may pay {2}. If the player doesn't, you create a Treasure token. (It's an artifact with "{T}, Sacrifice this token: Add one mana of any color.") [Player: Ai(2)-mm-talrand-spells]
Zone Change: Dazzling Angel (331) was put into Exile from Battlefield.
Zone Change: Drake Token (431) was put into Exile from Battlefield.
Resolve Stack: Chaos Mutation (45) - Exile Dazzling Angel (331) and Drake Token (431). For each creature exiled this way, its controller reveals cards from the top of their library until they reveal a creature card, puts that card onto the battlefield, then puts the rest on the bottom of their library in a random order. 
Resolve Stack: Jarad, Golgari Lich Lord - Creature 2 / 2
Phase: Ai(3)-mm-jarad-graveyard's End step
Phase: Ai(3)-mm-jarad-graveyard's Cleanup step
Turn: Turn 38 (Ai(4)-mm-giada-angels)
Phase: Ai(4)-mm-giada-angels' Untap step
Phase: Ai(4)-mm-giada-angels' Upkeep step
Phase: Ai(4)-mm-giada-angels' Draw step
Add To Stack: Ai(1)-mm-abaddon triggered Smothering Tithe
Resolve Stack: Whenever an opponent draws a card, that player may pay {2}. If the player doesn't, you create a Treasure token. (It's an artifact with "{T}, Sacrifice this token: Add one mana of any color.") [Player: Ai(4)-mm-giada-angels]
Phase: Ai(4)-mm-giada-angels' Main phase, precombat
Phase: Ai(4)-mm-giada-angels' Beginning of Combat Step
Phase: Ai(4)-mm-giada-angels' Declare Attackers Step
Combat: Ai(4)-mm-giada-angels assigned Battle Angels of Tyr (337) and Bird Token (433) to attack Ai(1)-mm-abaddon.
Add To Stack: Ai(4)-mm-giada-angels triggered Battle Angels of Tyr
Resolve Stack: Myriad (Whenever this creature attacks, for each opponent other than defending player, you may create a token that's a copy of this creature that's tapped and attacking that player or a planeswalker they control. Exile the tokens at end of combat.) [Attacker: Battle Angels of Tyr (337)]
Phase: Ai(4)-mm-giada-angels' Declare Blockers Step
Combat: Ai(1)-mm-abaddon didn't block Battle Angels of Tyr (337).
Ai(1)-mm-abaddon didn't block Bird Token (433).
Combat: Ai(2)-mm-talrand-spells didn't block Battle Angels of Tyr (456).
Combat: Ai(3)-mm-jarad-graveyard didn't block Battle Angels of Tyr (457).
Phase: Ai(4)-mm-giada-angels' First Strike Damage Step
Phase: Ai(4)-mm-giada-angels' Combat Damage Step
Damage: Battle Angels of Tyr (337) deals 4 combat damage to Ai(1)-mm-abaddon.
Damage: Bird Token (433) deals 1 combat damage to Ai(1)-mm-abaddon.
Damage: Battle Angels of Tyr (456) deals 4 combat damage to Ai(2)-mm-talrand-spells.
Damage: Battle Angels of Tyr (457) deals 4 combat damage to Ai(3)-mm-jarad-graveyard.
Life: Life: Ai(1)-mm-abaddon 7 > 2
Life: Life: Ai(2)-mm-talrand-spells 40 > 36
Life: Life: Ai(3)-mm-jarad-graveyard 26 > 22
Add To Stack: Ai(4)-mm-giada-angels triggered Battle Angels of Tyr
Add To Stack: Ai(4)-mm-giada-angels triggered Battle Angels of Tyr
Add To Stack: Ai(4)-mm-giada-angels triggered Battle Angels of Tyr
Resolve Stack: Whenever Battle Angels of Tyr deals combat damage to a player, draw a card if that player has more cards in hand than each other player. Then you create a Treasure token if that player controls more lands than each other player. Then you gain 3 life if that player has more life than each other player. [Damage Source: Battle Angels of Tyr (457), Damaged: Ai(3)-mm-jarad-graveyard, Amount: 4]
Life: Life: Ai(4)-mm-giada-angels 34 > 37
Resolve Stack: Whenever Battle Angels of Tyr deals combat damage to a player, draw a card if that player has more cards in hand than each other player. Then you create a Treasure token if that player controls more lands than each other player. Then you gain 3 life if that player has more life than each other player. [Damage Source: Battle Angels of Tyr (456), Damaged: Ai(2)-mm-talrand-spells, Amount: 4]
Add To Stack: Ai(1)-mm-abaddon triggered Smothering Tithe
Resolve Stack: Whenever an opponent draws a card, that player may pay {2}. If the player doesn't, you create a Treasure token. (It's an artifact with "{T}, Sacrifice this token: Add one mana of any color.") [Player: Ai(4)-mm-giada-angels]
Resolve Stack: Whenever Battle Angels of Tyr deals combat damage to a player, draw a card if that player has more cards in hand than each other player. Then you create a Treasure token if that player controls more lands than each other player. Then you gain 3 life if that player has more life than each other player. [Damage Source: Battle Angels of Tyr (337), Damaged: Ai(1)-mm-abaddon, Amount: 4]
Phase: Ai(4)-mm-giada-angels' End of Combat Step
Add To Stack: Ai(4)-mm-giada-angels triggered Battle Angels of Tyr
Zone Change: Battle Angels of Tyr (456) was put into Exile from Battlefield.
Zone Change: Battle Angels of Tyr (457) was put into Exile from Battlefield.
Resolve Stack: Exile Battle Angels of Tyr (456) and Battle Angels of Tyr (457) at the end of combat. ([Battle Angels of Tyr (456), Battle Angels of Tyr (457)]) [Phase: Ai(4)-mm-giada-angels]
Phase: Ai(4)-mm-giada-angels' Main phase, postcombat
Land: Ai(4)-mm-giada-angels played Plains (371)
Mana: Plains (390) - {T}: Add {W}.
Mana: Plains (387) - {T}: Add {W}.
Mana: Plains (389) - {T}: Add {W}.
Mana: Plains (385) - {T}: Add {W}.
Mana: Plains (383) - {T}: Add {W}.
Mana: Plains (380) - {T}: Add {W}.
Mana: Plains (379) - {T}: Add {W}.
Mana: Plains (371) - {T}: Add {W}.
Add To Stack: Ai(4)-mm-giada-angels cast Avacyn, Angel of Hope
Add To Stack: Ai(2)-mm-talrand-spells triggered Rhystic Study
Zone Change: Treasure Token (459) was put into Graveyard from Battlefield.
Mana: Treasure Token (459) - {T}, Sacrifice this token: Add one mana of any color.
Resolve Stack: Whenever an opponent casts a spell, you may draw a card unless that player pays {1}. [Card: Avacyn, Angel of Hope (354), Activator: Ai(4)-mm-giada-angels, SpellAbility: Avacyn, Angel of Hope - Creature 8 / 8]
Resolve Stack: Avacyn, Angel of Hope - Creature 8 / 8
Phase: Ai(4)-mm-giada-angels' End step
Add To Stack: Ai(4)-mm-giada-angels triggered The Monarch
Resolve Stack: At the beginning of your end step, draw a card. [Phase: Ai(4)-mm-giada-angels]
Add To Stack: Ai(1)-mm-abaddon triggered Smothering Tithe
Resolve Stack: Whenever an opponent draws a card, that player may pay {2}. If the player doesn't, you create a Treasure token. (It's an artifact with "{T}, Sacrifice this token: Add one mana of any color.") [Player: Ai(4)-mm-giada-angels]
Phase: Ai(4)-mm-giada-angels' Cleanup step
Turn: Turn 39 (Ai(1)-mm-abaddon)
Phase: Ai(1)-mm-abaddon's Untap step
Phase: Ai(1)-mm-abaddon's Upkeep step
Add To Stack: Ai(1)-mm-abaddon triggered The Ruinous Powers
Add To Stack: Ai(1)-mm-abaddon triggered Court of Ambition
Add To Stack: Ai(1)-mm-abaddon triggered Stormfist Crusader
Life: Life: Ai(1)-mm-abaddon 2 > 1
Life: Life: Ai(2)-mm-talrand-spells 36 > 35
Life: Life: Ai(3)-mm-jarad-graveyard 22 > 21
Life: Life: Ai(4)-mm-giada-angels 37 > 36
Resolve Stack: At the beginning of your upkeep, each player draws a card and loses 1 life. [Phase: Ai(1)-mm-abaddon]
Add To Stack: Ai(1)-mm-abaddon triggered Smothering Tithe
Add To Stack: Ai(1)-mm-abaddon triggered Smothering Tithe
Add To Stack: Ai(1)-mm-abaddon triggered Smothering Tithe
Resolve Stack: Whenever an opponent draws a card, that player may pay {2}. If the player doesn't, you create a Treasure token. (It's an artifact with "{T}, Sacrifice this token: Add one mana of any color.") [Player: Ai(4)-mm-giada-angels]
Resolve Stack: Whenever an opponent draws a card, that player may pay {2}. If the player doesn't, you create a Treasure token. (It's an artifact with "{T}, Sacrifice this token: Add one mana of any color.") [Player: Ai(3)-mm-jarad-graveyard]
Resolve Stack: Whenever an opponent draws a card, that player may pay {2}. If the player doesn't, you create a Treasure token. (It's an artifact with "{T}, Sacrifice this token: Add one mana of any color.") [Player: Ai(2)-mm-talrand-spells]
Discard: Ai(2)-mm-talrand-spells discards Island (141).
Discard: Ai(3)-mm-jarad-graveyard discards Forest (232).
Life: Life: Ai(4)-mm-giada-angels 36 > 33
Resolve Stack: At the beginning of your upkeep, each opponent loses 3 life unless they discard a card. If you're the monarch, instead each opponent loses 6 life unless they discard two cards. [Phase: Ai(1)-mm-abaddon]
Resolve Stack: At the beginning of your upkeep, choose an opponent at random. Exile the top card of that player's library. Until end of turn, you may play that card and you may spend mana as though it were mana of any color to cast it. When you cast a spell this way, its owner loses life equal to its mana value. [Phase: Ai(1)-mm-abaddon]
Phase: Ai(1)-mm-abaddon's Draw step
Phase: Ai(1)-mm-abaddon's Main phase, precombat
Land: Ai(1)-mm-abaddon played Evolving Wilds (29)
Zone Change: Evolving Wilds (29) was put into Graveyard from Battlefield.
Add To Stack: Ai(1)-mm-abaddon activated Evolving Wilds
Resolve Stack: Evolving Wilds (29) - Ai(1)-mm-abaddon searches their library for a basic land card, puts it onto the battlefield tapped, then shuffles.
Mana: Mountain (88) - {T}: Add {R}.
Mana: Sol Ring (12) - {T}: Add {C}{C}.
Mana: Mountain (86) - {T}: Add {R}.
Mana: Swamp (50) - {T}: Add {B}.
Mana: Foreboding Ruins (59) - {T}: Add {B} or {R}.
Add To Stack: Ai(1)-mm-abaddon cast Keeper of Secrets
Add To Stack: Ai(1)-mm-abaddon triggered Keeper of Secrets
Add To Stack: Ai(2)-mm-talrand-spells triggered Rhystic Study
Mana: Luxury Suite (31) - {T}: Add {B} or {R}.
Resolve Stack: Whenever an opponent casts a spell, you may draw a card unless that player pays {1}. [Card: Keeper of Secrets (18), Activator: Ai(1)-mm-abaddon, SpellAbility: Keeper of Secrets - Creature 6 / 4]
Add To Stack: Ai(1)-mm-abaddon cast Pink Horror
Resolve Stack: Cascade - Keeper of Secrets [Card: Keeper of Secrets (18), Activator: Ai(1)-mm-abaddon, SpellAbility: Keeper of Secrets - Creature 6 / 4]
Add To Stack: Ai(2)-mm-talrand-spells triggered Rhystic Study
Mana: Dragonskull Summit (40) - {T}: Add {B} or {R}.
Resolve Stack: Whenever an opponent casts a spell, you may draw a card unless that player pays {1}. [Card: Pink Horror (14), Activator: Ai(1)-mm-abaddon, SpellAbility: Pink Horror - Creature 4 / 4 (without paying its mana cost)]
Resolve Stack: Pink Horror - Creature 4 / 4
Resolve Stack: Keeper of Secrets - Creature 6 / 4
Mana: Arcane Signet (94) - {T}: Add one mana of any color in your commander's color identity.
Mana: Steam Vents (58) - {T}: Add {U}.
Zone Change: Treasure Token (479) was put into Graveyard from Battlefield.
Mana: Treasure Token (479) - {T}, Sacrifice this token: Add one mana of any color.
Zone Change: Treasure Token (476) was put into Graveyard from Battlefield.
Mana: Treasure Token (476) - {T}, Sacrifice this token: Add one mana of any color.
Zone Change: Treasure Token (473) was put into Graveyard from Battlefield.
Mana: Treasure Token (473) - {T}, Sacrifice this token: Add one mana of any color.
Add To Stack: Ai(1)-mm-abaddon cast Deny Reality targeting [Avacyn, Angel of Hope (354)]
Add To Stack: Ai(1)-mm-abaddon triggered Pink Horror targeting [Fiend Artisan (239)]
Add To Stack: Ai(1)-mm-abaddon triggered Deny Reality
Add To Stack: Ai(1)-mm-abaddon triggered Deny Reality
Add To Stack: Ai(2)-mm-talrand-spells triggered Rhystic Study
Zone Change: Treasure Token (467) was put into Graveyard from Battlefield.
Mana: Treasure Token (467) - {T}, Sacrifice this token: Add one mana of any color.
Resolve Stack: Whenever an opponent casts a spell, you may draw a card unless that player pays {1}. [Card: Deny Reality (15), Activator: Ai(1)-mm-abaddon, SpellAbility: Return target permanent to its owner's hand.]
Add To Stack: Ai(1)-mm-abaddon cast Descent into Avernus
Resolve Stack: Cascade - Deny Reality [Card: Deny Reality (15), Activator: Ai(1)-mm-abaddon, SpellAbility: Return target permanent to its owner's hand.]
Add To Stack: Ai(1)-mm-abaddon triggered Keeper of Secrets targeting [Ai(3)-mm-jarad-graveyard]
Add To Stack: Ai(2)-mm-talrand-spells triggered Rhystic Study
Zone Change: Treasure Token (463) was put into Graveyard from Battlefield.
Mana: Treasure Token (463) - {T}, Sacrifice this token: Add one mana of any color.
Resolve Stack: Whenever an opponent casts a spell, you may draw a card unless that player pays {1}. [Card: Descent into Avernus (74), Activator: Ai(1)-mm-abaddon, SpellAbility: Descent into Avernus (without paying its mana cost)]
Damage: Keeper of Secrets (18) deals 3 non-combat damage to Ai(3)-mm-jarad-graveyard.
Life: Life: Ai(3)-mm-jarad-graveyard 21 > 18
Resolve Stack: Symphony of Pain — Whenever you cast a spell from anywhere other than your hand, Keeper of Secrets deals damage equal to that spell's mana value to target opponent. (Targeting: [[Ai(3)-mm-jarad-graveyard]]) [Card: Descent into Avernus (74), Activator: Ai(1)-mm-abaddon, SpellAbility: Descent into Avernus (without paying its mana cost)]
Resolve Stack: Descent into Avernus
Resolve Stack: Cascade - Deny Reality [Card: Deny Reality (15), Activator: Ai(1)-mm-abaddon, SpellAbility: Return target permanent to its owner's hand.]
Damage: Pink Horror (14) deals 2 damage to Fiend Artisan (239).
Resolve Stack: Coruscating Flames — Whenever you cast an instant or sorcery spell, Pink Horror deals 2 damage to any target. (Targeting: [[Fiend Artisan (239)]]) [Card: Deny Reality (15), Activator: Ai(1)-mm-abaddon, SpellAbility: Return target permanent to its owner's hand.]
Zone Change: Fiend Artisan (239) was put into Graveyard from Battlefield.
Resolve Stack: Deny Reality (15) - Return Avacyn, Angel of Hope (354) to its owner's hand.
Phase: Ai(1)-mm-abaddon's Beginning of Combat Step
Phase: Ai(1)-mm-abaddon's Declare Attackers Step
Phase: Ai(1)-mm-abaddon's Declare Blockers Step
Phase: Ai(1)-mm-abaddon's First Strike Damage Step
Phase: Ai(1)-mm-abaddon's Combat Damage Step
Phase: Ai(1)-mm-abaddon's End of Combat Step
Phase: Ai(1)-mm-abaddon's Main phase, postcombat
Zone Change: Treasure Token (453) was put into Graveyard from Battlefield.
Mana: Treasure Token (453) - {T}, Sacrifice this token: Add one mana of any color.
Zone Change: Treasure Token (449) was put into Graveyard from Battlefield.
Mana: Treasure Token (449) - {T}, Sacrifice this token: Add one mana of any color.
Add To Stack: Ai(1)-mm-abaddon cast Aftermath Analyst
Add To Stack: Ai(1)-mm-abaddon triggered Keeper of Secrets targeting [Ai(3)-mm-jarad-graveyard]
Add To Stack: Ai(1)-mm-abaddon triggered The Ruinous Powers (75)'s Effect
Add To Stack: Ai(2)-mm-talrand-spells triggered Rhystic Study
Resolve Stack: Whenever an opponent casts a spell, you may draw a card unless that player pays {1}. [Card: Aftermath Analyst (223), Activator: Ai(1)-mm-abaddon, SpellAbility: Aftermath Analyst - Creature 1 / 3 by The Ruinous Powers (75) (may spend mana as though it were mana of any color to cast it)]
Add To Stack: Ai(1)-mm-abaddon triggered Smothering Tithe
Resolve Stack: Whenever an opponent draws a card, that player may pay {2}. If the player doesn't, you create a Treasure token. (It's an artifact with "{T}, Sacrifice this token: Add one mana of any color.") [Player: Ai(2)-mm-talrand-spells]
Life: Life: Ai(3)-mm-jarad-graveyard 18 > 16
Resolve Stack: When you cast a spell this way, its owner loses life equal to its mana value. [Card: Aftermath Analyst (223), Activator: Ai(1)-mm-abaddon, SpellAbility: Aftermath Analyst - Creature 1 / 3 by The Ruinous Powers (75) (may spend mana as though it were mana of any color to cast it)]
Damage: Keeper of Secrets (18) deals 2 non-combat damage to Ai(3)-mm-jarad-graveyard.
Life: Life: Ai(3)-mm-jarad-graveyard 16 > 14
Resolve Stack: Symphony of Pain — Whenever you cast a spell from anywhere other than your hand, Keeper of Secrets deals damage equal to that spell's mana value to target opponent. (Targeting: [[Ai(3)-mm-jarad-graveyard]]) [Card: Aftermath Analyst (223), Activator: Ai(1)-mm-abaddon, SpellAbility: Aftermath Analyst - Creature 1 / 3 by The Ruinous Powers (75) (may spend mana as though it were mana of any color to cast it)]
Resolve Stack: Aftermath Analyst - Creature 1 / 3
Add To Stack: Ai(1)-mm-abaddon triggered Aftermath Analyst
Zone Change: Ai(1)-mm-abaddon milled Reverberate (34), Prosper, Tome-Bound (62) and Island (28).
Resolve Stack: When Aftermath Analyst enters, mill three cards. [Zone Changer: Aftermath Analyst (223)]
Phase: Ai(1)-mm-abaddon's End step
Phase: Ai(1)-mm-abaddon's Cleanup step
Turn: Turn 40 (Ai(2)-mm-talrand-spells)
Phase: Ai(2)-mm-talrand-spells' Untap step
Phase: Ai(2)-mm-talrand-spells' Upkeep step
Phase: Ai(2)-mm-talrand-spells' Draw step
Add To Stack: Ai(1)-mm-abaddon triggered Smothering Tithe
Resolve Stack: Whenever an opponent draws a card, that player may pay {2}. If the player doesn't, you create a Treasure token. (It's an artifact with "{T}, Sacrifice this token: Add one mana of any color.") [Player: Ai(2)-mm-talrand-spells]
Phase: Ai(2)-mm-talrand-spells' Main phase, precombat
Land: Ai(2)-mm-talrand-spells played Island (149)
Phase: Ai(2)-mm-talrand-spells' Beginning of Combat Step
Phase: Ai(2)-mm-talrand-spells' Declare Attackers Step
Phase: Ai(2)-mm-talrand-spells' Declare Blockers Step
Phase: Ai(2)-mm-talrand-spells' First Strike Damage Step
Phase: Ai(2)-mm-talrand-spells' Combat Damage Step
Phase: Ai(2)-mm-talrand-spells' End of Combat Step
Phase: Ai(2)-mm-talrand-spells' Main phase, postcombat
Mana: Island (127) - {T}: Add {U}.
Mana: Thought Vessel (158) - {T}: Add {C}.
Mana: Island (156) - {T}: Add {U}.
Add To Stack: Ai(2)-mm-talrand-spells cast Curiosity Crafter
Resolve Stack: Curiosity Crafter - Creature 3 / 3
Mana: Island (130) - {T}: Add {U}.
Mana: Island (153) - {T}: Add {U}.
Add To Stack: Ai(2)-mm-talrand-spells cast Sky Diamond
Replacement Effect: Sky Diamond enters tapped.
Resolve Stack: Sky Diamond
Phase: Ai(2)-mm-talrand-spells' End step
Phase: Ai(2)-mm-talrand-spells' Cleanup step
Turn: Turn 41 (Ai(3)-mm-jarad-graveyard)
Phase: Ai(3)-mm-jarad-graveyard's Untap step
Phase: Ai(3)-mm-jarad-graveyard's Upkeep step
Phase: Ai(3)-mm-jarad-graveyard's Draw step
Add To Stack: Ai(1)-mm-abaddon triggered Smothering Tithe
Resolve Stack: Whenever an opponent draws a card, that player may pay {2}. If the player doesn't, you create a Treasure token. (It's an artifact with "{T}, Sacrifice this token: Add one mana of any color.") [Player: Ai(3)-mm-jarad-graveyard]
Phase: Ai(3)-mm-jarad-graveyard's Main phase, precombat
Land: Ai(3)-mm-jarad-graveyard played Forest (232)
Phase: Ai(3)-mm-jarad-graveyard's Beginning of Combat Step
Phase: Ai(3)-mm-jarad-graveyard's Declare Attackers Step
Combat: Ai(3)-mm-jarad-graveyard assigned Ramunap Excavator (225) to attack Ai(1)-mm-abaddon.
Phase: Ai(3)-mm-jarad-graveyard's Declare Blockers Step
Combat: Ai(1)-mm-abaddon assigned Aftermath Analyst (223) to block Ramunap Excavator (225).
Phase: Ai(3)-mm-jarad-graveyard's First Strike Damage Step
Phase: Ai(3)-mm-jarad-graveyard's Combat Damage Step
Damage: Ramunap Excavator (225) deals 10 damage to Aftermath Analyst (223).
Damage: Aftermath Analyst (223) deals 1 damage to Ramunap Excavator (225).
Zone Change: Aftermath Analyst (223) was put into Graveyard from Battlefield.
Phase: Ai(3)-mm-jarad-graveyard's End of Combat Step
Phase: Ai(3)-mm-jarad-graveyard's Main phase, postcombat
Mana: Forest (231) - {T}: Add {G}.
Add To Stack: Ai(3)-mm-jarad-graveyard cast Elvish Mystic
Add To Stack: Ai(2)-mm-talrand-spells triggered Rhystic Study
Mana: Swamp (264) - {T}: Add {B}.
Resolve Stack: Whenever an opponent casts a spell, you may draw a card unless that player pays {1}. [Card: Elvish Mystic (210), Activator: Ai(3)-mm-jarad-graveyard, SpellAbility: Elvish Mystic - Creature 1 / 1]
Resolve Stack: Elvish Mystic - Creature 1 / 1
Mana: Forest (232) - {T}: Add {G}.
Mana: Swamp (262) - {T}: Add {B}.
Add To Stack: Ai(3)-mm-jarad-graveyard cast Sakura-Tribe Elder
Add To Stack: Ai(2)-mm-talrand-spells triggered Rhystic Study
Mana: Swamp (266) - {T}: Add {B}.
Resolve Stack: Whenever an opponent casts a spell, you may draw a card unless that player pays {1}. [Card: Sakura-Tribe Elder (286), Activator: Ai(3)-mm-jarad-graveyard, SpellAbility: Sakura-Tribe Elder - Creature 1 / 1]
Resolve Stack: Sakura-Tribe Elder - Creature 1 / 1
Zone Change: Sakura-Tribe Elder (286) was put into Graveyard from Battlefield.
Add To Stack: Ai(3)-mm-jarad-graveyard activated Sakura-Tribe Elder
Resolve Stack: Sakura-Tribe Elder (286) - Ai(3)-mm-jarad-graveyard searches their library for a basic land card, puts it onto the battlefield tapped, then shuffles.
Phase: Ai(3)-mm-jarad-graveyard's End step
Phase: Ai(3)-mm-jarad-graveyard's Cleanup step
Turn: Turn 42 (Ai(4)-mm-giada-angels)
Phase: Ai(4)-mm-giada-angels' Untap step
Phase: Ai(4)-mm-giada-angels' Upkeep step
Phase: Ai(4)-mm-giada-angels' Draw step
Add To Stack: Ai(1)-mm-abaddon triggered Smothering Tithe
Resolve Stack: Whenever an opponent draws a card, that player may pay {2}. If the player doesn't, you create a Treasure token. (It's an artifact with "{T}, Sacrifice this token: Add one mana of any color.") [Player: Ai(4)-mm-giada-angels]
Phase: Ai(4)-mm-giada-angels' Main phase, precombat
Mana: Plains (390) - {T}: Add {W}.
Mana: Plains (387) - {T}: Add {W}.
Mana: Plains (389) - {T}: Add {W}.
Mana: Plains (385) - {T}: Add {W}.
Add To Stack: Ai(4)-mm-giada-angels cast Wrath of God
Add To Stack: Ai(2)-mm-talrand-spells triggered Rhystic Study
Mana: Plains (383) - {T}: Add {W}.
Resolve Stack: Whenever an opponent casts a spell, you may draw a card unless that player pays {1}. [Card: Wrath of God (401), Activator: Ai(4)-mm-giada-angels, SpellAbility: Destroy all creatures. They can't be regenerated.]
Mana: Island (151) - {T}: Add {U}.
Add To Stack: Ai(2)-mm-talrand-spells cast Negate targeting [Destroy all creatures. They can't be regenerated.]
Add To Stack: Ai(2)-mm-talrand-spells triggered Talrand, Sky Summoner
Add To Stack: Ai(2)-mm-talrand-spells triggered Murmuring Mystic
Resolve Stack: Whenever you cast an instant or sorcery spell, create a 1/1 blue Bird Illusion creature token with flying. [Card: Negate (105), Activator: Ai(2)-mm-talrand-spells, SpellAbility: Counter target noncreature spell.]
Resolve Stack: Whenever you cast an instant or sorcery spell, create a 2/2 blue Drake creature token with flying. [Card: Negate (105), Activator: Ai(2)-mm-talrand-spells, SpellAbility: Counter target noncreature spell.]
Zone Change: Send countered spell to Graveyard
Resolve Stack: Negate (105) - Counter Wrath of God (401).
Phase: Ai(4)-mm-giada-angels' Beginning of Combat Step
Phase: Ai(4)-mm-giada-angels' Declare Attackers Step
Combat: Ai(4)-mm-giada-angels assigned Battle Angels of Tyr (337) and Bird Token (433) to attack Ai(1)-mm-abaddon.
Add To Stack: Ai(4)-mm-giada-angels triggered Battle Angels of Tyr
Resolve Stack: Myriad (Whenever this creature attacks, for each opponent other than defending player, you may create a token that's a copy of this creature that's tapped and attacking that player or a planeswalker they control. Exile the tokens at end of combat.) [Attacker: Battle Angels of Tyr (337)]
Phase: Ai(4)-mm-giada-angels' Declare Blockers Step
Combat: Ai(1)-mm-abaddon didn't block Battle Angels of Tyr (337).
Ai(1)-mm-abaddon didn't block Bird Token (433).
Combat: Ai(2)-mm-talrand-spells didn't block Battle Angels of Tyr (505).
Combat: Ai(3)-mm-jarad-graveyard didn't block Battle Angels of Tyr (506).
Mana: Island (146) - {T}: Add {U}.
Mana: Island (148) - {T}: Add {U}.
Mana: Island (143) - {T}: Add {U}.
Add To Stack: Ai(2)-mm-talrand-spells cast Aetherize
Add To Stack: Ai(2)-mm-talrand-spells triggered Talrand, Sky Summoner
Add To Stack: Ai(2)-mm-talrand-spells triggered Murmuring Mystic
Resolve Stack: Whenever you cast an instant or sorcery spell, create a 1/1 blue Bird Illusion creature token with flying. [Card: Aetherize (102), Activator: Ai(2)-mm-talrand-spells, SpellAbility: Return all attacking creatures to their owner's hand.]
Resolve Stack: Whenever you cast an instant or sorcery spell, create a 2/2 blue Drake creature token with flying. [Card: Aetherize (102), Activator: Ai(2)-mm-talrand-spells, SpellAbility: Return all attacking creatures to their owner's hand.]
Resolve Stack: Aetherize (102) - Return all attacking creatures to their owner's hand.
Phase: Ai(4)-mm-giada-angels' First Strike Damage Step
Phase: Ai(4)-mm-giada-angels' Combat Damage Step
Phase: Ai(4)-mm-giada-angels' End of Combat Step
Add To Stack: Ai(4)-mm-giada-angels triggered Battle Angels of Tyr
Resolve Stack: Exile Battle Angels of Tyr (505) and Battle Angels of Tyr (506) at the end of combat. ([Battle Angels of Tyr (505), Battle Angels of Tyr (506)]) [Phase: Ai(4)-mm-giada-angels]
Phase: Ai(4)-mm-giada-angels' Main phase, postcombat
Mana: Plains (380) - {T}: Add {W}.
Mana: Plains (379) - {T}: Add {W}.
Mana: Plains (371) - {T}: Add {W}.
Add To Stack: Ai(4)-mm-giada-angels cast Resplendent Angel
Add To Stack: Ai(2)-mm-talrand-spells triggered Rhystic Study
Resolve Stack: Whenever an opponent casts a spell, you may draw a card unless that player pays {1}. [Card: Resplendent Angel (304), Activator: Ai(4)-mm-giada-angels, SpellAbility: Resplendent Angel - Creature 3 / 3]
Add To Stack: Ai(1)-mm-abaddon triggered Smothering Tithe
Resolve Stack: Whenever an opponent draws a card, that player may pay {2}. If the player doesn't, you create a Treasure token. (It's an artifact with "{T}, Sacrifice this token: Add one mana of any color.") [Player: Ai(2)-mm-talrand-spells]
Resolve Stack: Resplendent Angel - Creature 3 / 3
Phase: Ai(4)-mm-giada-angels' End step
Add To Stack: Ai(4)-mm-giada-angels triggered The Monarch
Resolve Stack: At the beginning of your end step, draw a card. [Phase: Ai(4)-mm-giada-angels]
Add To Stack: Ai(1)-mm-abaddon triggered Smothering Tithe
Resolve Stack: Whenever an opponent draws a card, that player may pay {2}. If the player doesn't, you create a Treasure token. (It's an artifact with "{T}, Sacrifice this token: Add one mana of any color.") [Player: Ai(4)-mm-giada-angels]
Phase: Ai(4)-mm-giada-angels' Cleanup step
Turn: Turn 43 (Ai(1)-mm-abaddon)
Phase: Ai(1)-mm-abaddon's Untap step
Phase: Ai(1)-mm-abaddon's Upkeep step
Add To Stack: Ai(1)-mm-abaddon triggered The Ruinous Powers
Add To Stack: Ai(1)-mm-abaddon triggered Court of Ambition
Add To Stack: Ai(1)-mm-abaddon triggered Stormfist Crusader
Add To Stack: Ai(1)-mm-abaddon triggered Descent into Avernus
Damage: Descent into Avernus (74) deals 2 non-combat damage to Ai(1)-mm-abaddon.
Damage: Descent into Avernus (74) deals 2 non-combat damage to Ai(2)-mm-talrand-spells.
Damage: Descent into Avernus (74) deals 2 non-combat damage to Ai(3)-mm-jarad-graveyard.
Damage: Descent into Avernus (74) deals 2 non-combat damage to Ai(4)-mm-giada-angels.
Life: Life: Ai(1)-mm-abaddon 1 > -1
Life: Life: Ai(2)-mm-talrand-spells 35 > 33
Life: Life: Ai(3)-mm-jarad-graveyard 14 > 12
Life: Life: Ai(4)-mm-giada-angels 33 > 31
Resolve Stack: At the beginning of your upkeep, put two descent counters on Descent into Avernus. Then each player creates X Treasure tokens and Descent into Avernus deals X damage to each player, where X is the number of descent counters on Descent into Avernus. [Phase: Ai(1)-mm-abaddon]
Zone Change: Smothering Tithe (317) was put into Exile from Battlefield.
Phase: Ai(1)-mm-abaddon's Draw step
Phase: Ai(1)-mm-abaddon's Main phase, precombat
Phase: Ai(1)-mm-abaddon's Beginning of Combat Step
Phase: Ai(1)-mm-abaddon's Declare Attackers Step
Phase: Ai(1)-mm-abaddon's Declare Blockers Step
Phase: Ai(1)-mm-abaddon's First Strike Damage Step
Phase: Ai(1)-mm-abaddon's Combat Damage Step
Phase: Ai(1)-mm-abaddon's End of Combat Step
Phase: Ai(1)-mm-abaddon's Main phase, postcombat
Phase: Ai(1)-mm-abaddon's End step
Phase: Ai(1)-mm-abaddon's Cleanup step
Turn: Turn 44 (Ai(2)-mm-talrand-spells)
Phase: Ai(2)-mm-talrand-spells' Untap step
Phase: Ai(2)-mm-talrand-spells' Upkeep step
Phase: Ai(2)-mm-talrand-spells' Draw step
Phase: Ai(2)-mm-talrand-spells' Main phase, precombat
Land: Ai(2)-mm-talrand-spells played Island (139)
Phase: Ai(2)-mm-talrand-spells' Beginning of Combat Step
Phase: Ai(2)-mm-talrand-spells' Declare Attackers Step
Combat: Ai(2)-mm-talrand-spells assigned Curiosity Crafter (123), Drake Token (502), Drake Token (512), Bird Illusion Token (500) and Bird Illusion Token (510) to attack Ai(3)-mm-jarad-graveyard.
Phase: Ai(2)-mm-talrand-spells' Declare Blockers Step
Combat: Ai(3)-mm-jarad-graveyard didn't block Curiosity Crafter (123).
Ai(3)-mm-jarad-graveyard didn't block Drake Token (502).
Ai(3)-mm-jarad-graveyard didn't block Drake Token (512).
Ai(3)-mm-jarad-graveyard didn't block Bird Illusion Token (500).
Ai(3)-mm-jarad-graveyard didn't block Bird Illusion Token (510).
Phase: Ai(2)-mm-talrand-spells' First Strike Damage Step
Phase: Ai(2)-mm-talrand-spells' Combat Damage Step
Damage: Curiosity Crafter (123) deals 3 combat damage to Ai(3)-mm-jarad-graveyard.
Damage: Drake Token (502) deals 2 combat damage to Ai(3)-mm-jarad-graveyard.
Damage: Drake Token (512) deals 2 combat damage to Ai(3)-mm-jarad-graveyard.
Damage: Bird Illusion Token (500) deals 1 combat damage to Ai(3)-mm-jarad-graveyard.
Damage: Bird Illusion Token (510) deals 1 combat damage to Ai(3)-mm-jarad-graveyard.
Life: Life: Ai(3)-mm-jarad-graveyard 12 > 3
Add To Stack: Ai(2)-mm-talrand-spells triggered Reconnaissance Mission
Add To Stack: Ai(2)-mm-talrand-spells triggered Reconnaissance Mission
Add To Stack: Ai(2)-mm-talrand-spells triggered Curiosity Crafter
Add To Stack: Ai(2)-mm-talrand-spells triggered Reconnaissance Mission
Add To Stack: Ai(2)-mm-talrand-spells triggered Curiosity Crafter
Add To Stack: Ai(2)-mm-talrand-spells triggered Reconnaissance Mission
Add To Stack: Ai(2)-mm-talrand-spells triggered Curiosity Crafter
Add To Stack: Ai(2)-mm-talrand-spells triggered Reconnaissance Mission
Add To Stack: Ai(2)-mm-talrand-spells triggered Curiosity Crafter
Resolve Stack: Whenever a creature token you control deals combat damage to a player, draw a card. [Damage Source: Bird Illusion Token (510), Damaged: Ai(3)-mm-jarad-graveyard, Amount: 1]
Resolve Stack: Whenever a creature you control deals combat damage to a player, you may draw a card. [Damage Source: Bird Illusion Token (510), Damaged: Ai(3)-mm-jarad-graveyard, Amount: 1]
Resolve Stack: Whenever a creature token you control deals combat damage to a player, draw a card. [Damage Source: Bird Illusion Token (500), Damaged: Ai(3)-mm-jarad-graveyard, Amount: 1]
Resolve Stack: Whenever a creature you control deals combat damage to a player, you may draw a card. [Damage Source: Bird Illusion Token (500), Damaged: Ai(3)-mm-jarad-graveyard, Amount: 1]
Resolve Stack: Whenever a creature token you control deals combat damage to a player, draw a card. [Damage Source: Drake Token (512), Damaged: Ai(3)-mm-jarad-graveyard, Amount: 2]
Resolve Stack: Whenever a creature you control deals combat damage to a player, you may draw a card. [Damage Source: Drake Token (512), Damaged: Ai(3)-mm-jarad-graveyard, Amount: 2]
Resolve Stack: Whenever a creature token you control deals combat damage to a player, draw a card. [Damage Source: Drake Token (502), Damaged: Ai(3)-mm-jarad-graveyard, Amount: 2]
Resolve Stack: Whenever a creature you control deals combat damage to a player, you may draw a card. [Damage Source: Drake Token (502), Damaged: Ai(3)-mm-jarad-graveyard, Amount: 2]
Resolve Stack: Whenever a creature you control deals combat damage to a player, you may draw a card. [Damage Source: Curiosity Crafter (123), Damaged: Ai(3)-mm-jarad-graveyard, Amount: 3]
Phase: Ai(2)-mm-talrand-spells' End of Combat Step
Phase: Ai(2)-mm-talrand-spells' Main phase, postcombat
Phase: Ai(2)-mm-talrand-spells' End step
Phase: Ai(2)-mm-talrand-spells' Cleanup step
Turn: Turn 45 (Ai(3)-mm-jarad-graveyard)
Phase: Ai(3)-mm-jarad-graveyard's Untap step
Phase: Ai(3)-mm-jarad-graveyard's Upkeep step
Phase: Ai(3)-mm-jarad-graveyard's Draw step
Phase: Ai(3)-mm-jarad-graveyard's Main phase, precombat
Mana: Island (127) - {T}: Add {U}.
Add To Stack: Ai(2)-mm-talrand-spells cast Reality Shift targeting [Ramunap Excavator (225)]
Add To Stack: Ai(2)-mm-talrand-spells triggered Talrand, Sky Summoner
Add To Stack: Ai(2)-mm-talrand-spells triggered Murmuring Mystic
Resolve Stack: Whenever you cast an instant or sorcery spell, create a 1/1 blue Bird Illusion creature token with flying. [Card: Reality Shift (180), Activator: Ai(2)-mm-talrand-spells, SpellAbility: Exile target creature. Its controller manifests the top card of their library. (That player puts the top card of their library onto the battlefield face down as a 2/2 creature. If it's a creature card, it can be turned face up any time for its mana cost.) ]
Resolve Stack: Whenever you cast an instant or sorcery spell, create a 2/2 blue Drake creature token with flying. [Card: Reality Shift (180), Activator: Ai(2)-mm-talrand-spells, SpellAbility: Exile target creature. Its controller manifests the top card of their library. (That player puts the top card of their library onto the battlefield face down as a 2/2 creature. If it's a creature card, it can be turned face up any time for its mana cost.) ]
Zone Change: Ramunap Excavator (225) was put into Exile from Battlefield.
Resolve Stack: Reality Shift (180) - Exile Ramunap Excavator (225). 
Mana: Forest (231) - {T}: Add {G}.
Mana: Forest (232) - {T}: Add {G}.
Add To Stack: Ai(3)-mm-jarad-graveyard activated Bonehoard targeting [Jarad, Golgari Lich Lord (302)]
Resolve Stack: Bonehoard (256) -  Attach to Jarad, Golgari Lich Lord (302)
Phase: Ai(3)-mm-jarad-graveyard's Beginning of Combat Step
Phase: Ai(3)-mm-jarad-graveyard's Declare Attackers Step
Phase: Ai(3)-mm-jarad-graveyard's Declare Blockers Step
Phase: Ai(3)-mm-jarad-graveyard's First Strike Damage Step
Phase: Ai(3)-mm-jarad-graveyard's Combat Damage Step
Phase: Ai(3)-mm-jarad-graveyard's End of Combat Step
Phase: Ai(3)-mm-jarad-graveyard's Main phase, postcombat
Mana: Swamp (264) - {T}: Add {B}.
Mana: Forest (237) - {T}: Add {G}.
Mana: Swamp (262) - {T}: Add {B}.
Mana: Swamp (266) - {T}: Add {B}.
Add To Stack: Ai(3)-mm-jarad-graveyard cast Jarad's Orders
Add To Stack: Ai(2)-mm-talrand-spells triggered Rhystic Study
Mana: Temple of Malady (224) - {T}: Add {B} or {G}.
Resolve Stack: Whenever an opponent casts a spell, you may draw a card unless that player pays {1}. [Card: Jarad's Orders (244), Activator: Ai(3)-mm-jarad-graveyard, SpellAbility: Search your library for up to two creature cards and reveal them. Put one into your hand and the other into your graveyard. Then shuffle.   ]
Mana: Island (156) - {T}: Add {U}.
Mana: Island (130) - {T}: Add {U}.
Add To Stack: Ai(2)-mm-talrand-spells cast Wizard's Retort targeting [Search your library for up to two creature cards and reveal them. Put one into your hand and the other into your graveyard. Then shuffle.   ]
Add To Stack: Ai(2)-mm-talrand-spells triggered Talrand, Sky Summoner
Add To Stack: Ai(2)-mm-talrand-spells triggered Murmuring Mystic
Resolve Stack: Whenever you cast an instant or sorcery spell, create a 1/1 blue Bird Illusion creature token with flying. [Card: Wizard's Retort (189), Activator: Ai(2)-mm-talrand-spells, SpellAbility: Counter target spell.]
Resolve Stack: Whenever you cast an instant or sorcery spell, create a 2/2 blue Drake creature token with flying. [Card: Wizard's Retort (189), Activator: Ai(2)-mm-talrand-spells, SpellAbility: Counter target spell.]
Zone Change: Send countered spell to Graveyard
Resolve Stack: Wizard's Retort (189) - Counter Jarad's Orders (244).
Phase: Ai(3)-mm-jarad-graveyard's End step
Phase: Ai(3)-mm-jarad-graveyard's Cleanup step
Turn: Turn 46 (Ai(4)-mm-giada-angels)
Phase: Ai(4)-mm-giada-angels' Untap step
Phase: Ai(4)-mm-giada-angels' Upkeep step
Phase: Ai(4)-mm-giada-angels' Draw step
Phase: Ai(4)-mm-giada-angels' Main phase, precombat
Land: Ai(4)-mm-giada-angels played Plains (382)
Mana: Plains (390) - {T}: Add {W}.
Mana: Plains (387) - {T}: Add {W}.
Mana: Plains (389) - {T}: Add {W}.
Mana: Plains (385) - {T}: Add {W}.
Mana: Plains (383) - {T}: Add {W}.
Mana: Plains (380) - {T}: Add {W}.
Mana: Plains (379) - {T}: Add {W}.
Add To Stack: Ai(4)-mm-giada-angels cast Sephara, Sky's Blade
Add To Stack: Ai(2)-mm-talrand-spells triggered Rhystic Study
Mana: Plains (371) - {T}: Add {W}.
Resolve Stack: Whenever an opponent casts a spell, you may draw a card unless that player pays {1}. [Card: Sephara, Sky's Blade (326), Activator: Ai(4)-mm-giada-angels, SpellAbility: Sephara, Sky's Blade - Creature 7 / 7]
Resolve Stack: Sephara, Sky's Blade - Creature 7 / 7
Phase: Ai(4)-mm-giada-angels' Beginning of Combat Step
Phase: Ai(4)-mm-giada-angels' Declare Attackers Step
Combat: Ai(4)-mm-giada-angels assigned Resplendent Angel (304) to attack Ai(2)-mm-talrand-spells.
Phase: Ai(4)-mm-giada-angels' Declare Blockers Step
Combat: Ai(2)-mm-talrand-spells didn't block Resplendent Angel (304).
Phase: Ai(4)-mm-giada-angels' First Strike Damage Step
Phase: Ai(4)-mm-giada-angels' Combat Damage Step
Damage: Resplendent Angel (304) deals 3 combat damage to Ai(2)-mm-talrand-spells.
Life: Life: Ai(2)-mm-talrand-spells 33 > 30
Phase: Ai(4)-mm-giada-angels' End of Combat Step
Phase: Ai(4)-mm-giada-angels' Main phase, postcombat
Mana: Plains (382) - {T}: Add {W}.
Zone Change: Treasure Token (532) was put into Graveyard from Battlefield.
Mana: Treasure Token (532) - {T}, Sacrifice this token: Add one mana of any color.
Add To Stack: Ai(4)-mm-giada-angels cast Youthful Valkyrie
Add To Stack: Ai(2)-mm-talrand-spells triggered Rhystic Study
Zone Change: Treasure Token (531) was put into Graveyard from Battlefield.
Mana: Treasure Token (531) - {T}, Sacrifice this token: Add one mana of any color.
Resolve Stack: Whenever an opponent casts a spell, you may draw a card unless that player pays {1}. [Card: Youthful Valkyrie (346), Activator: Ai(4)-mm-giada-angels, SpellAbility: Youthful Valkyrie - Creature 1 / 3]
Resolve Stack: Youthful Valkyrie - Creature 1 / 3
Phase: Ai(4)-mm-giada-angels' End step
Add To Stack: Ai(4)-mm-giada-angels triggered The Monarch
Mana: Island (153) - {T}: Add {U}.
Add To Stack: Ai(2)-mm-talrand-spells cast Anticipate
Add To Stack: Ai(2)-mm-talrand-spells triggered Talrand, Sky Summoner
Add To Stack: Ai(2)-mm-talrand-spells triggered Murmuring Mystic
Resolve Stack: Whenever you cast an instant or sorcery spell, create a 1/1 blue Bird Illusion creature token with flying. [Card: Anticipate (111), Activator: Ai(2)-mm-talrand-spells, SpellAbility: Look at the top three cards of your library. Put one of them into your hand and the rest on the bottom of your library in any order.]
Resolve Stack: Whenever you cast an instant or sorcery spell, create a 2/2 blue Drake creature token with flying. [Card: Anticipate (111), Activator: Ai(2)-mm-talrand-spells, SpellAbility: Look at the top three cards of your library. Put one of them into your hand and the rest on the bottom of your library in any order.]
Resolve Stack: Anticipate (111) - Ai(2)-mm-talrand-spells looks at the top three cards of their library. They put one of them into their hand and put the rest on the bottom of their library in any order.
Resolve Stack: At the beginning of your end step, draw a card. [Phase: Ai(4)-mm-giada-angels]
Phase: Ai(4)-mm-giada-angels' Cleanup step
Turn: Turn 47 (Ai(2)-mm-talrand-spells)
Phase: Ai(2)-mm-talrand-spells' Untap step
Phase: Ai(2)-mm-talrand-spells' Upkeep step
Phase: Ai(2)-mm-talrand-spells' Draw step
Phase: Ai(2)-mm-talrand-spells' Main phase, precombat
Land: Ai(2)-mm-talrand-spells played Island (134)
Mana: Island (127) - {T}: Add {U}.
Add To Stack: Ai(2)-mm-talrand-spells cast Sleight of Hand
Add To Stack: Ai(2)-mm-talrand-spells triggered Talrand, Sky Summoner
Add To Stack: Ai(2)-mm-talrand-spells triggered Murmuring Mystic
Resolve Stack: Whenever you cast an instant or sorcery spell, create a 1/1 blue Bird Illusion creature token with flying. [Card: Sleight of Hand (200), Activator: Ai(2)-mm-talrand-spells, SpellAbility: Look at the top two cards of your library. Put one of them into your hand and the other on the bottom of your library.]
Resolve Stack: Whenever you cast an instant or sorcery spell, create a 2/2 blue Drake creature token with flying. [Card: Sleight of Hand (200), Activator: Ai(2)-mm-talrand-spells, SpellAbility: Look at the top two cards of your library. Put one of them into your hand and the other on the bottom of your library.]
Resolve Stack: Sleight of Hand (200) - Ai(2)-mm-talrand-spells looks at the top two cards of their library. They put one of them into their hand and put the rest on the bottom of their library in any order.
Phase: Ai(2)-mm-talrand-spells' Beginning of Combat Step
Phase: Ai(2)-mm-talrand-spells' Declare Attackers Step
Combat: Ai(2)-mm-talrand-spells assigned Curiosity Crafter (123), Talrand, Sky Summoner (201), Drake Token (502), Drake Token (512), Drake Token (538), Drake Token (544), Drake Token (550), Murmuring Mystic (169), Bird Illusion Token (500), Bird Illusion Token (510), Bird Illusion Token (536), Bird Illusion Token (542) and Bird Illusion Token (548) to attack Ai(3)-mm-jarad-graveyard.
Phase: Ai(2)-mm-talrand-spells' Declare Blockers Step
Combat: Ai(3)-mm-jarad-graveyard didn't block Curiosity Crafter (123).
Ai(3)-mm-jarad-graveyard assigned Llanowar Elves (285) and Jarad, Golgari Lich Lord (302) to block Talrand, Sky Summoner (201).
Ai(3)-mm-jarad-graveyard didn't block Drake Token (502).
Ai(3)-mm-jarad-graveyard didn't block Drake Token (512).
Ai(3)-mm-jarad-graveyard didn't block Drake Token (538).
Ai(3)-mm-jarad-graveyard didn't block Drake Token (544).
Ai(3)-mm-jarad-graveyard didn't block Drake Token (550).
Ai(3)-mm-jarad-graveyard assigned Elvish Mystic (210) and Face-down card (H1) to block Murmuring Mystic (169).
Ai(3)-mm-jarad-graveyard didn't block Bird Illusion Token (500).
Ai(3)-mm-jarad-graveyard didn't block Bird Illusion Token (510).
Ai(3)-mm-jarad-graveyard didn't block Bird Illusion Token (536).
Ai(3)-mm-jarad-graveyard didn't block Bird Illusion Token (542).
Ai(3)-mm-jarad-graveyard didn't block Bird Illusion Token (548).
Mana: Island (156) - {T}: Add {U}.
Mana: Thought Vessel (158) - {T}: Add {C}.
Add To Stack: Ai(2)-mm-talrand-spells activated Riptide Laboratory targeting [Talrand, Sky Summoner (201)]
Resolve Stack: Riptide Laboratory (110) - Return Talrand, Sky Summoner (201) to its owner's hand.
Phase: Ai(2)-mm-talrand-spells' First Strike Damage Step
Phase: Ai(2)-mm-talrand-spells' Combat Damage Step
Damage: Curiosity Crafter (123) deals 3 combat damage to Ai(3)-mm-jarad-graveyard.
Damage: Drake Token (502) deals 2 combat damage to Ai(3)-mm-jarad-graveyard.
Damage: Drake Token (512) deals 2 combat damage to Ai(3)-mm-jarad-graveyard.
Damage: Drake Token (538) deals 2 combat damage to Ai(3)-mm-jarad-graveyard.
Damage: Drake Token (544) deals 2 combat damage to Ai(3)-mm-jarad-graveyard.
Damage: Drake Token (550) deals 2 combat damage to Ai(3)-mm-jarad-graveyard.
Damage: Murmuring Mystic (169) deals 1 damage to Elvish Mystic (210).
Damage: Bird Illusion Token (500) deals 1 combat damage to Ai(3)-mm-jarad-graveyard.
Damage: Bird Illusion Token (510) deals 1 combat damage to Ai(3)-mm-jarad-graveyard.
Damage: Bird Illusion Token (536) deals 1 combat damage to Ai(3)-mm-jarad-graveyard.
Damage: Bird Illusion Token (542) deals 1 combat damage to Ai(3)-mm-jarad-graveyard.
Damage: Bird Illusion Token (548) deals 1 combat damage to Ai(3)-mm-jarad-graveyard.
Damage: Elvish Mystic (210) deals 1 damage to Murmuring Mystic (169).
Damage: Face-down card (H1) deals 2 damage to Murmuring Mystic (169).
Life: Life: Ai(3)-mm-jarad-graveyard 3 > -15
Add To Stack: Ai(2)-mm-talrand-spells triggered Reconnaissance Mission
Add To Stack: Ai(2)-mm-talrand-spells triggered Reconnaissance Mission
Add To Stack: Ai(2)-mm-talrand-spells triggered Curiosity Crafter
Add To Stack: Ai(2)-mm-talrand-spells triggered Reconnaissance Mission
Add To Stack: Ai(2)-mm-talrand-spells triggered Curiosity Crafter
Add To Stack: Ai(2)-mm-talrand-spells triggered Reconnaissance Mission
Add To Stack: Ai(2)-mm-talrand-spells triggered Curiosity Crafter
Add To Stack: Ai(2)-mm-talrand-spells triggered Reconnaissance Mission
Add To Stack: Ai(2)-mm-talrand-spells triggered Curiosity Crafter
Add To Stack: Ai(2)-mm-talrand-spells triggered Reconnaissance Mission
Add To Stack: Ai(2)-mm-talrand-spells triggered Curiosity Crafter
Add To Stack: Ai(2)-mm-talrand-spells triggered Reconnaissance Mission
Add To Stack: Ai(2)-mm-talrand-spells triggered Curiosity Crafter
Add To Stack: Ai(2)-mm-talrand-spells triggered Reconnaissance Mission
Add To Stack: Ai(2)-mm-talrand-spells triggered Curiosity Crafter
Add To Stack: Ai(2)-mm-talrand-spells triggered Reconnaissance Mission
Add To Stack: Ai(2)-mm-talrand-spells triggered Curiosity Crafter
Add To Stack: Ai(2)-mm-talrand-spells triggered Reconnaissance Mission
Add To Stack: Ai(2)-mm-talrand-spells triggered Curiosity Crafter
Add To Stack: Ai(2)-mm-talrand-spells triggered Reconnaissance Mission
Add To Stack: Ai(2)-mm-talrand-spells triggered Curiosity Crafter
Resolve Stack: Whenever a creature token you control deals combat damage to a player, draw a card. [Damage Source: Bird Illusion Token (548), Damaged: Ai(3)-mm-jarad-graveyard, Amount: 1]
Resolve Stack: Whenever a creature you control deals combat damage to a player, you may draw a card. [Damage Source: Bird Illusion Token (548), Damaged: Ai(3)-mm-jarad-graveyard, Amount: 1]
Resolve Stack: Whenever a creature token you control deals combat damage to a player, draw a card. [Damage Source: Bird Illusion Token (542), Damaged: Ai(3)-mm-jarad-graveyard, Amount: 1]
Resolve Stack: Whenever a creature you control deals combat damage to a player, you may draw a card. [Damage Source: Bird Illusion Token (542), Damaged: Ai(3)-mm-jarad-graveyard, Amount: 1]
Resolve Stack: Whenever a creature token you control deals combat damage to a player, draw a card. [Damage Source: Bird Illusion Token (536), Damaged: Ai(3)-mm-jarad-graveyard, Amount: 1]
Resolve Stack: Whenever a creature you control deals combat damage to a player, you may draw a card. [Damage Source: Bird Illusion Token (536), Damaged: Ai(3)-mm-jarad-graveyard, Amount: 1]
Resolve Stack: Whenever a creature token you control deals combat damage to a player, draw a card. [Damage Source: Bird Illusion Token (510), Damaged: Ai(3)-mm-jarad-graveyard, Amount: 1]
Resolve Stack: Whenever a creature you control deals combat damage to a player, you may draw a card. [Damage Source: Bird Illusion Token (510), Damaged: Ai(3)-mm-jarad-graveyard, Amount: 1]
Resolve Stack: Whenever a creature token you control deals combat damage to a player, draw a card. [Damage Source: Bird Illusion Token (500), Damaged: Ai(3)-mm-jarad-graveyard, Amount: 1]
Resolve Stack: Whenever a creature you control deals combat damage to a player, you may draw a card. [Damage Source: Bird Illusion Token (500), Damaged: Ai(3)-mm-jarad-graveyard, Amount: 1]
Resolve Stack: Whenever a creature token you control deals combat damage to a player, draw a card. [Damage Source: Drake Token (550), Damaged: Ai(3)-mm-jarad-graveyard, Amount: 2]
Resolve Stack: Whenever a creature you control deals combat damage to a player, you may draw a card. [Damage Source: Drake Token (550), Damaged: Ai(3)-mm-jarad-graveyard, Amount: 2]
Resolve Stack: Whenever a creature token you control deals combat damage to a player, draw a card. [Damage Source: Drake Token (544), Damaged: Ai(3)-mm-jarad-graveyard, Amount: 2]
Resolve Stack: Whenever a creature you control deals combat damage to a player, you may draw a card. [Damage Source: Drake Token (544), Damaged: Ai(3)-mm-jarad-graveyard, Amount: 2]
Resolve Stack: Whenever a creature token you control deals combat damage to a player, draw a card. [Damage Source: Drake Token (538), Damaged: Ai(3)-mm-jarad-graveyard, Amount: 2]
Resolve Stack: Whenever a creature you control deals combat damage to a player, you may draw a card. [Damage Source: Drake Token (538), Damaged: Ai(3)-mm-jarad-graveyard, Amount: 2]
Resolve Stack: Whenever a creature token you control deals combat damage to a player, draw a card. [Damage Source: Drake Token (512), Damaged: Ai(3)-mm-jarad-graveyard, Amount: 2]
Resolve Stack: Whenever a creature you control deals combat damage to a player, you may draw a card. [Damage Source: Drake Token (512), Damaged: Ai(3)-mm-jarad-graveyard, Amount: 2]
Resolve Stack: Whenever a creature token you control deals combat damage to a player, draw a card. [Damage Source: Drake Token (502), Damaged: Ai(3)-mm-jarad-graveyard, Amount: 2]
Resolve Stack: Whenever a creature you control deals combat damage to a player, you may draw a card. [Damage Source: Drake Token (502), Damaged: Ai(3)-mm-jarad-graveyard, Amount: 2]
Resolve Stack: Whenever a creature you control deals combat damage to a player, you may draw a card. [Damage Source: Curiosity Crafter (123), Damaged: Ai(3)-mm-jarad-graveyard, Amount: 3]
Phase: Ai(2)-mm-talrand-spells' End of Combat Step
Phase: Ai(2)-mm-talrand-spells' Main phase, postcombat
Mana: Island (130) - {T}: Add {U}.
Mana: Island (153) - {T}: Add {U}.
Add To Stack: Ai(2)-mm-talrand-spells cast Haughty Djinn
Resolve Stack: Haughty Djinn - Creature * / 4
Mana: Island (151) - {T}: Add {U}.
Mana: Island (146) - {T}: Add {U}.
Mana: Island (148) - {T}: Add {U}.
Add To Stack: Ai(2)-mm-talrand-spells cast Talrand, Sky Summoner
Resolve Stack: Talrand, Sky Summoner - Creature 2 / 2
Mana: Island (143) - {T}: Add {U}.
Mana: Island (149) - {T}: Add {U}.
Add To Stack: Ai(2)-mm-talrand-spells cast Wavebreak Hippocamp
Resolve Stack: Wavebreak Hippocamp - Creature 2 / 2
Mana: Sky Diamond (196) - {T}: Add {U}.
Mana: Island (139) - {T}: Add {U}.
Mana: Island (134) - {T}: Add {U}.
Add To Stack: Ai(2)-mm-talrand-spells cast Heraldic Banner
Replacement Effect: As Heraldic Banner enters, choose a color.
Resolve Stack: Heraldic Banner
Mana: Heraldic Banner (106) - {T}: Add one mana of the chosen color.
Zone Change: Treasure Token (528) was put into Graveyard from Battlefield.
Mana: Treasure Token (528) - {T}, Sacrifice this token: Add one mana of any color.
Add To Stack: Ai(2)-mm-talrand-spells cast Arcane Signet
Resolve Stack: Arcane Signet
Phase: Ai(2)-mm-talrand-spells' End step
Phase: Ai(2)-mm-talrand-spells' Cleanup step
Turn: Turn 48 (Ai(4)-mm-giada-angels)
Phase: Ai(4)-mm-giada-angels' Untap step
Phase: Ai(4)-mm-giada-angels' Upkeep step
Phase: Ai(4)-mm-giada-angels' Draw step
Phase: Ai(4)-mm-giada-angels' Main phase, precombat
Land: Ai(4)-mm-giada-angels played Plains (372)
Phase: Ai(4)-mm-giada-angels' Beginning of Combat Step
Phase: Ai(4)-mm-giada-angels' Declare Attackers Step
Phase: Ai(4)-mm-giada-angels' Declare Blockers Step
Phase: Ai(4)-mm-giada-angels' First Strike Damage Step
Phase: Ai(4)-mm-giada-angels' Combat Damage Step
Phase: Ai(4)-mm-giada-angels' End of Combat Step
Phase: Ai(4)-mm-giada-angels' Main phase, postcombat
Mana: Plains (390) - {T}: Add {W}.
Mana: Plains (387) - {T}: Add {W}.
Mana: Plains (389) - {T}: Add {W}.
Mana: Plains (385) - {T}: Add {W}.
Mana: Plains (383) - {T}: Add {W}.
Mana: Plains (380) - {T}: Add {W}.
Mana: Plains (379) - {T}: Add {W}.
Mana: Plains (371) - {T}: Add {W}.
Add To Stack: Ai(4)-mm-giada-angels cast Avacyn, Angel of Hope
Add To Stack: Ai(2)-mm-talrand-spells triggered Rhystic Study
Mana: Plains (382) - {T}: Add {W}.
Resolve Stack: Whenever an opponent casts a spell, you may draw a card unless that player pays {1}. [Card: Avacyn, Angel of Hope (354), Activator: Ai(4)-mm-giada-angels, SpellAbility: Avacyn, Angel of Hope - Creature 8 / 8]
Mana: Arcane Signet (197) - {T}: Add one mana of any color in your commander's color identity.
Add To Stack: Ai(2)-mm-talrand-spells cast Disdainful Stroke targeting [Avacyn, Angel of Hope - Creature 8 / 8]
Add To Stack: Ai(2)-mm-talrand-spells triggered Wavebreak Hippocamp
Add To Stack: Ai(2)-mm-talrand-spells triggered Murmuring Mystic
Add To Stack: Ai(2)-mm-talrand-spells triggered Talrand, Sky Summoner
Resolve Stack: Whenever you cast an instant or sorcery spell, create a 2/2 blue Drake creature token with flying. [Card: Disdainful Stroke (175), Activator: Ai(2)-mm-talrand-spells, SpellAbility: Counter target spell with mana value 4 or greater.]
Resolve Stack: Whenever you cast an instant or sorcery spell, create a 1/1 blue Bird Illusion creature token with flying. [Card: Disdainful Stroke (175), Activator: Ai(2)-mm-talrand-spells, SpellAbility: Counter target spell with mana value 4 or greater.]
Resolve Stack: Whenever you cast your first spell during each opponent's turn, draw a card. [Card: Disdainful Stroke (175), Activator: Ai(2)-mm-talrand-spells, SpellAbility: Counter target spell with mana value 4 or greater.]
Zone Change: Send countered spell to Graveyard
Resolve Stack: Disdainful Stroke (175) - Counter Avacyn, Angel of Hope (354).
Phase: Ai(4)-mm-giada-angels' End step
Add To Stack: Ai(4)-mm-giada-angels triggered The Monarch
Resolve Stack: At the beginning of your end step, draw a card. [Phase: Ai(4)-mm-giada-angels]
Phase: Ai(4)-mm-giada-angels' Cleanup step
Turn: Turn 49 (Ai(2)-mm-talrand-spells)
Phase: Ai(2)-mm-talrand-spells' Untap step
Phase: Ai(2)-mm-talrand-spells' Upkeep step
Phase: Ai(2)-mm-talrand-spells' Draw step
Phase: Ai(2)-mm-talrand-spells' Main phase, precombat
Land: Ai(2)-mm-talrand-spells played Island (155)
Phase: Ai(2)-mm-talrand-spells' Beginning of Combat Step
Phase: Ai(2)-mm-talrand-spells' Declare Attackers Step
Combat: Ai(2)-mm-talrand-spells assigned Haughty Djinn (164), Curiosity Crafter (123), Drake Token (502), Drake Token (512), Drake Token (538), Drake Token (544), Drake Token (550), Drake Token (556), Talrand, Sky Summoner (201), Wavebreak Hippocamp (170), Drake Token (560), Murmuring Mystic (169), Bird Illusion Token (500), Bird Illusion Token (510), Bird Illusion Token (536), Bird Illusion Token (542), Bird Illusion Token (548), Bird Illusion Token (554) and Bird Illusion Token (562) to attack Ai(4)-mm-giada-angels.
Phase: Ai(2)-mm-talrand-spells' Declare Blockers Step
Combat: Ai(4)-mm-giada-angels assigned Youthful Valkyrie (346) to block Haughty Djinn (164).
Ai(4)-mm-giada-angels assigned Resplendent Angel (304) to block Curiosity Crafter (123).
Ai(4)-mm-giada-angels didn't block Drake Token (502).
Ai(4)-mm-giada-angels didn't block Drake Token (512).
Ai(4)-mm-giada-angels didn't block Drake Token (538).
Ai(4)-mm-giada-angels didn't block Drake Token (544).
Ai(4)-mm-giada-angels didn't block Drake Token (550).
Ai(4)-mm-giada-angels didn't block Drake Token (556).
Ai(4)-mm-giada-angels assigned Sephara, Sky's Blade (326) to block Talrand, Sky Summoner (201).
Ai(4)-mm-giada-angels didn't block Wavebreak Hippocamp (170).
Ai(4)-mm-giada-angels didn't block Drake Token (560).
Ai(4)-mm-giada-angels didn't block Murmuring Mystic (169).
Ai(4)-mm-giada-angels didn't block Bird Illusion Token (500).
Ai(4)-mm-giada-angels didn't block Bird Illusion Token (510).
Ai(4)-mm-giada-angels didn't block Bird Illusion Token (536).
Ai(4)-mm-giada-angels didn't block Bird Illusion Token (542).
Ai(4)-mm-giada-angels didn't block Bird Illusion Token (548).
Ai(4)-mm-giada-angels didn't block Bird Illusion Token (554).
Ai(4)-mm-giada-angels didn't block Bird Illusion Token (562).
Mana: Island (127) - {T}: Add {U}.
Mana: Thought Vessel (158) - {T}: Add {C}.
Add To Stack: Ai(2)-mm-talrand-spells activated Riptide Laboratory targeting [Curiosity Crafter (123)]
Resolve Stack: Riptide Laboratory (110) - Return Curiosity Crafter (123) to its owner's hand.
Phase: Ai(2)-mm-talrand-spells' First Strike Damage Step
Phase: Ai(2)-mm-talrand-spells' Combat Damage Step
Damage: Haughty Djinn (164) deals 14 damage to Youthful Valkyrie (346).
Damage: Drake Token (502) deals 3 combat damage to Ai(4)-mm-giada-angels.
Damage: Drake Token (512) deals 3 combat damage to Ai(4)-mm-giada-angels.
Damage: Drake Token (538) deals 3 combat damage to Ai(4)-mm-giada-angels.
Damage: Drake Token (544) deals 3 combat damage to Ai(4)-mm-giada-angels.
Damage: Drake Token (550) deals 3 combat damage to Ai(4)-mm-giada-angels.
Damage: Drake Token (556) deals 3 combat damage to Ai(4)-mm-giada-angels.
Damage: Talrand, Sky Summoner (201) deals 3 damage to Sephara, Sky's Blade (326).
Damage: Wavebreak Hippocamp (170) deals 3 combat damage to Ai(4)-mm-giada-angels.
Damage: Drake Token (560) deals 3 combat damage to Ai(4)-mm-giada-angels.
Damage: Murmuring Mystic (169) deals 2 combat damage to Ai(4)-mm-giada-angels.
Damage: Bird Illusion Token (500) deals 2 combat damage to Ai(4)-mm-giada-angels.
Damage: Bird Illusion Token (510) deals 2 combat damage to Ai(4)-mm-giada-angels.
Damage: Bird Illusion Token (536) deals 2 combat damage to Ai(4)-mm-giada-angels.
Damage: Bird Illusion Token (542) deals 2 combat damage to Ai(4)-mm-giada-angels.
Damage: Bird Illusion Token (548) deals 2 combat damage to Ai(4)-mm-giada-angels.
Damage: Bird Illusion Token (554) deals 2 combat damage to Ai(4)-mm-giada-angels.
Damage: Bird Illusion Token (562) deals 2 combat damage to Ai(4)-mm-giada-angels.
Damage: Youthful Valkyrie (346) deals 1 damage to Haughty Djinn (164).
Damage: Sephara, Sky's Blade (326) deals 7 damage to Talrand, Sky Summoner (201).
Life: Life: Ai(4)-mm-giada-angels 31 > 38
Life: Life: Ai(4)-mm-giada-angels 38 > -2
Player Control: Ai(1)-mm-abaddon has restored control over themself
Player Control: Ai(2)-mm-talrand-spells has restored control over themself
Player Control: Ai(3)-mm-jarad-graveyard has restored control over themself
Player Control: Ai(4)-mm-giada-angels has restored control over themself
Game Outcome: Turn 25
Game Outcome: Ai(1)-mm-abaddon has lost because life total reached 0
Game Outcome: Ai(2)-mm-talrand-spells has won because all opponents have lost
Game Outcome: Ai(3)-mm-jarad-graveyard has lost because life total reached 0
Game Outcome: Ai(4)-mm-giada-angels has lost because life total reached 0
Match Result: Ai(1)-mm-abaddon: 0 Ai(2)-mm-talrand-spells: 1 Ai(3)-mm-jarad-graveyard: 0 Ai(4)-mm-giada-angels: 0 

Game Result: Game 1 ended in 148552 ms. Ai(2)-mm-talrand-spells has won!

