Error handling registered!
02:22:37 [INFO ] GuiBase: ##########################################
02:22:37 [INFO ] GuiBase: APP: Forge v.2.0.14-SNAPSHOT-08.08
02:22:37 [INFO ] GuiBase: Java: 21.0.9 (Oracle Corporation)
02:22:37 [INFO ] GuiBase: OS: Mac OS X 26.3 aarch64
02:22:37 [INFO ] GuiBase: RAM: 4096 MB max, 8 CPUs
02:22:37 [INFO ] GuiBase: ##########################################
Language 'en-US' loaded successfully.
(ThreadUtil first call): Running with priority 5
Read cards: 33617 archived files in 1 ms (25 parts) using thread pool
Upcoming set Star Trek (TRK) dated in the future. All `upcoming` cards will be added to this set with unknown rarity.
The card A-Alrund's Epiphany was not assigned to any set. Adding it to UNKNOWN set... to fix see res/editions/ folder. 
The card A-Baba Lysaga, Night Witch was not assigned to any set. Adding it to UNKNOWN set... to fix see res/editions/ folder. 
The card A-Divide by Zero was not assigned to any set. Adding it to UNKNOWN set... to fix see res/editions/ folder. 
The card A-Esika's Chariot was not assigned to any set. Adding it to UNKNOWN set... to fix see res/editions/ folder. 
The card A-Faceless Haven was not assigned to any set. Adding it to UNKNOWN set... to fix see res/editions/ folder. 
The card A-Fires of Invention was not assigned to any set. Adding it to UNKNOWN set... to fix see res/editions/ folder. 
The card A-Goldspan Dragon was not assigned to any set. Adding it to UNKNOWN set... to fix see res/editions/ folder. 
The card A-Hullbreaker Horror was not assigned to any set. Adding it to UNKNOWN set... to fix see res/editions/ folder. 
The card A-Kumano Faces Kakkazan was not assigned to any set. Adding it to UNKNOWN set... to fix see res/editions/ folder. 
The card A-Luminarch Aspirant was not assigned to any set. Adding it to UNKNOWN set... to fix see res/editions/ folder. 
The card A-Monster Manual was not assigned to any set. Adding it to UNKNOWN set... to fix see res/editions/ folder. 
The card A-Omnath, Locus of Creation was not assigned to any set. Adding it to UNKNOWN set... to fix see res/editions/ folder. 
The card A-The Meathook Massacre was not assigned to any set. Adding it to UNKNOWN set... to fix see res/editions/ folder. 
The card A-Unholy Heat was not assigned to any set. Adding it to UNKNOWN set... to fix see res/editions/ folder. 
The card Blinding Radiance was not assigned to any set. Adding it to UNKNOWN set... to fix see res/editions/ folder. 
The card Goblin Bruiser was not assigned to any set. Adding it to UNKNOWN set... to fix see res/editions/ folder. 
The card Ogre Painbringer was not assigned to any set. Adding it to UNKNOWN set... to fix see res/editions/ folder. 
The card Titanic Pelagosaur was not assigned to any set. Adding it to UNKNOWN set... to fix see res/editions/ folder. 
The card Treetop Recluse was not assigned to any set. Adding it to UNKNOWN set... to fix see res/editions/ folder. 
Upcoming set Star Trek (TRK) dated in the future. All `upcoming` cards will be added to this set with unknown rarity.
Read cards: 836 files in 0 ms (8 parts) using thread pool
Simulation mode
An unsupported card was requested: "Ratonhnhaké꞉ton" from "null". 

Forge could not find this card in the Database. Any chance you might have mistyped the card name?
An unsupported card was requested: "Ratonhnhaké꞉ton" from "[N.A.]". 

Forge could not find this card in the Database. Any chance you might have mistyped the card name?
Ai(1)-mm-zur-enchantress vs Ai(2)-mm-giada-angels vs Ai(3)-mm-vito vs Ai(4)-mm-baylen-tokens - three games of Commander seed 204682631
Warning: default (ie. inherited from base class) implementation of confirmAction is used by Giada, Font of Hope for forge.ai.ability.PermanentCreatureAi. Consider declaring an overloaded method
Warning: default (ie. inherited from base class) implementation of confirmAction is used by Vito, Thorn of the Dusk Rose for forge.ai.ability.PermanentCreatureAi. Consider declaring an overloaded method
Active player is no longer in the game...
Active player is no longer in the game...
Active player is no longer in the game...
Active player is no longer in the game...
Active player is no longer in the game...
Active player is no longer in the game...
Active player is no longer in the game...
Active player is no longer in the game...
Active player is no longer in the game...
Active player is no longer in the game...
Active player is no longer in the game...
Active player is no longer in the game...
Active player is no longer in the game...
Active player is no longer in the game...
Active player is no longer in the game...
Active player is no longer in the game...
Active player is no longer in the game...
Active player is no longer in the game...
Active player is no longer in the game...
Active player is no longer in the game...
Active player is no longer in the game...
Active player is no longer in the game...
Active player is no longer in the game...
Active player is no longer in the game...
Active player is no longer in the game...
Active player is no longer in the game...
Active player is no longer in the game...
Active player is no longer in the game...
Active player is no longer in the game...
Active player is no longer in the game...
Active player is no longer in the game...
Active player is no longer in the game...
Active player is no longer in the game...
Active player is no longer in the game...
Active player is no longer in the game...
Active player is no longer in the game...
Active player is no longer in the game...
Active player is no longer in the game...
Active player is no longer in the game...
Active player is no longer in the game...
Active player is no longer in the game...
Active player is no longer in the game...
Active player is no longer in the game...
Active player is no longer in the game...
Active player is no longer in the game...
Active player is no longer in the game...
Active player is no longer in the game...
Active player is no longer in the game...
Active player is no longer in the game...
Active player is no longer in the game...
Active player is no longer in the game...
Active player is no longer in the game...
Active player is no longer in the game...
Active player is no longer in the game...
Active player is no longer in the game...
Active player is no longer in the game...
Active player is no longer in the game...
Active player is no longer in the game...
Active player is no longer in the game...
Active player is no longer in the game...
Active player is no longer in the game...
Active player is no longer in the game...
Active player is no longer in the game...
Active player is no longer in the game...
Active player is no longer in the game...
Active player is no longer in the game...
Active player is no longer in the game...
Active player is no longer in the game...
Active player is no longer in the game...
Active player is no longer in the game...
Active player is no longer in the game...
Active player is no longer in the game...
Active player is no longer in the game...
Active player is no longer in the game...
Active player is no longer in the game...
Active player is no longer in the game...
Active player is no longer in the game...
Active player is no longer in the game...
Active player is no longer in the game...
Active player is no longer in the game...
Active player is no longer in the game...
Active player is no longer in the game...
Active player is no longer in the game...
Active player is no longer in the game...
Active player is no longer in the game...
Active player is no longer in the game...
Active player is no longer in the game...
Active player is no longer in the game...
Active player is no longer in the game...
Active player is no longer in the game...
Active player is no longer in the game...
Active player is no longer in the game...
Active player is no longer in the game...
Active player is no longer in the game...
Active player is no longer in the game...
Active player is no longer in the game...
Active player is no longer in the game...
Active player is no longer in the game...
Mulligan: Ai(2)-mm-giada-angels has mulliganed down to 7 cards.
Mulligan: Ai(4)-mm-baylen-tokens has kept a hand of 7 cards
Mulligan: Ai(1)-mm-zur-enchantress has kept a hand of 7 cards
Mulligan: Ai(2)-mm-giada-angels has kept a hand of 7 cards
Mulligan: Ai(3)-mm-vito has kept a hand of 7 cards
Turn: Turn 1 (Ai(4)-mm-baylen-tokens)
Phase: Ai(4)-mm-baylen-tokens' Untap step
Phase: Ai(4)-mm-baylen-tokens' Upkeep step
Phase: Ai(4)-mm-baylen-tokens' Draw step
Phase: Ai(4)-mm-baylen-tokens' Main phase, precombat
Land: Ai(4)-mm-baylen-tokens played Mountain (383)
Phase: Ai(4)-mm-baylen-tokens' Beginning of Combat Step
Phase: Ai(4)-mm-baylen-tokens' Declare Attackers Step
Phase: Ai(4)-mm-baylen-tokens' Declare Blockers Step
Phase: Ai(4)-mm-baylen-tokens' First Strike Damage Step
Phase: Ai(4)-mm-baylen-tokens' Combat Damage Step
Phase: Ai(4)-mm-baylen-tokens' End of Combat Step
Phase: Ai(4)-mm-baylen-tokens' Main phase, postcombat
Phase: Ai(4)-mm-baylen-tokens' End step
Phase: Ai(4)-mm-baylen-tokens' Cleanup step
Turn: Turn 2 (Ai(1)-mm-zur-enchantress)
Phase: Ai(1)-mm-zur-enchantress' Untap step
Phase: Ai(1)-mm-zur-enchantress' Upkeep step
Phase: Ai(1)-mm-zur-enchantress' Draw step
Phase: Ai(1)-mm-zur-enchantress' Main phase, precombat
Land: Ai(1)-mm-zur-enchantress played Opal Palace (18)
Phase: Ai(1)-mm-zur-enchantress' Beginning of Combat Step
Phase: Ai(1)-mm-zur-enchantress' Declare Attackers Step
Phase: Ai(1)-mm-zur-enchantress' Declare Blockers Step
Phase: Ai(1)-mm-zur-enchantress' First Strike Damage Step
Phase: Ai(1)-mm-zur-enchantress' Combat Damage Step
Phase: Ai(1)-mm-zur-enchantress' End of Combat Step
Phase: Ai(1)-mm-zur-enchantress' Main phase, postcombat
Phase: Ai(1)-mm-zur-enchantress' End step
Phase: Ai(1)-mm-zur-enchantress' Cleanup step
Turn: Turn 3 (Ai(2)-mm-giada-angels)
Phase: Ai(2)-mm-giada-angels' Untap step
Phase: Ai(2)-mm-giada-angels' Upkeep step
Phase: Ai(2)-mm-giada-angels' Draw step
Phase: Ai(2)-mm-giada-angels' Main phase, precombat
Land: Ai(2)-mm-giada-angels played Plains (193)
Phase: Ai(2)-mm-giada-angels' Beginning of Combat Step
Phase: Ai(2)-mm-giada-angels' Declare Attackers Step
Phase: Ai(2)-mm-giada-angels' Declare Blockers Step
Phase: Ai(2)-mm-giada-angels' First Strike Damage Step
Phase: Ai(2)-mm-giada-angels' Combat Damage Step
Phase: Ai(2)-mm-giada-angels' End of Combat Step
Phase: Ai(2)-mm-giada-angels' Main phase, postcombat
Phase: Ai(2)-mm-giada-angels' End step
Phase: Ai(2)-mm-giada-angels' Cleanup step
Turn: Turn 4 (Ai(3)-mm-vito)
Phase: Ai(3)-mm-vito's Untap step
Phase: Ai(3)-mm-vito's Upkeep step
Phase: Ai(3)-mm-vito's Draw step
Phase: Ai(3)-mm-vito's Main phase, precombat
Land: Ai(3)-mm-vito played Swamp (258)
Phase: Ai(3)-mm-vito's Beginning of Combat Step
Phase: Ai(3)-mm-vito's Declare Attackers Step
Phase: Ai(3)-mm-vito's Declare Blockers Step
Phase: Ai(3)-mm-vito's First Strike Damage Step
Phase: Ai(3)-mm-vito's Combat Damage Step
Phase: Ai(3)-mm-vito's End of Combat Step
Phase: Ai(3)-mm-vito's Main phase, postcombat
Phase: Ai(3)-mm-vito's End step
Phase: Ai(3)-mm-vito's Cleanup step
Turn: Turn 5 (Ai(4)-mm-baylen-tokens)
Phase: Ai(4)-mm-baylen-tokens' Untap step
Phase: Ai(4)-mm-baylen-tokens' Upkeep step
Phase: Ai(4)-mm-baylen-tokens' Draw step
Phase: Ai(4)-mm-baylen-tokens' Main phase, precombat
Land: Ai(4)-mm-baylen-tokens played Forest (326)
Phase: Ai(4)-mm-baylen-tokens' Beginning of Combat Step
Phase: Ai(4)-mm-baylen-tokens' Declare Attackers Step
Phase: Ai(4)-mm-baylen-tokens' Declare Blockers Step
Phase: Ai(4)-mm-baylen-tokens' First Strike Damage Step
Phase: Ai(4)-mm-baylen-tokens' Combat Damage Step
Phase: Ai(4)-mm-baylen-tokens' End of Combat Step
Phase: Ai(4)-mm-baylen-tokens' Main phase, postcombat
Phase: Ai(4)-mm-baylen-tokens' End step
Phase: Ai(4)-mm-baylen-tokens' Cleanup step
Turn: Turn 6 (Ai(1)-mm-zur-enchantress)
Phase: Ai(1)-mm-zur-enchantress' Untap step
Phase: Ai(1)-mm-zur-enchantress' Upkeep step
Phase: Ai(1)-mm-zur-enchantress' Draw step
Phase: Ai(1)-mm-zur-enchantress' Main phase, precombat
Land: Ai(1)-mm-zur-enchantress played Swamp (54)
Phase: Ai(1)-mm-zur-enchantress' Beginning of Combat Step
Phase: Ai(1)-mm-zur-enchantress' Declare Attackers Step
Phase: Ai(1)-mm-zur-enchantress' Declare Blockers Step
Phase: Ai(1)-mm-zur-enchantress' First Strike Damage Step
Phase: Ai(1)-mm-zur-enchantress' Combat Damage Step
Phase: Ai(1)-mm-zur-enchantress' End of Combat Step
Phase: Ai(1)-mm-zur-enchantress' Main phase, postcombat
Phase: Ai(1)-mm-zur-enchantress' End step
Phase: Ai(1)-mm-zur-enchantress' Cleanup step
Turn: Turn 7 (Ai(2)-mm-giada-angels)
Phase: Ai(2)-mm-giada-angels' Untap step
Phase: Ai(2)-mm-giada-angels' Upkeep step
Phase: Ai(2)-mm-giada-angels' Draw step
Phase: Ai(2)-mm-giada-angels' Main phase, precombat
Land: Ai(2)-mm-giada-angels played Plains (176)
Phase: Ai(2)-mm-giada-angels' Beginning of Combat Step
Phase: Ai(2)-mm-giada-angels' Declare Attackers Step
Phase: Ai(2)-mm-giada-angels' Declare Blockers Step
Phase: Ai(2)-mm-giada-angels' First Strike Damage Step
Phase: Ai(2)-mm-giada-angels' Combat Damage Step
Phase: Ai(2)-mm-giada-angels' End of Combat Step
Phase: Ai(2)-mm-giada-angels' Main phase, postcombat
Mana: Plains (193) - {T}: Add {W}.
Mana: Plains (176) - {T}: Add {W}.
Add To Stack: Ai(2)-mm-giada-angels cast Giada, Font of Hope
Resolve Stack: Giada, Font of Hope - Creature 2 / 2
Phase: Ai(2)-mm-giada-angels' End step
Phase: Ai(2)-mm-giada-angels' Cleanup step
Turn: Turn 8 (Ai(3)-mm-vito)
Phase: Ai(3)-mm-vito's Untap step
Phase: Ai(3)-mm-vito's Upkeep step
Phase: Ai(3)-mm-vito's Draw step
Phase: Ai(3)-mm-vito's Main phase, precombat
Land: Ai(3)-mm-vito played Swamp (256)
Mana: Swamp (258) - {T}: Add {B}.
Mana: Swamp (256) - {T}: Add {B}.
Add To Stack: Ai(3)-mm-vito cast Go for the Throat targeting [Giada, Font of Hope (200)]
Zone Change: Giada, Font of Hope (200) was put into Graveyard from Battlefield.
Resolve Stack: Go for the Throat (270) - Destroy Giada, Font of Hope (200).
Phase: Ai(3)-mm-vito's Beginning of Combat Step
Phase: Ai(3)-mm-vito's Declare Attackers Step
Phase: Ai(3)-mm-vito's Declare Blockers Step
Phase: Ai(3)-mm-vito's First Strike Damage Step
Phase: Ai(3)-mm-vito's Combat Damage Step
Phase: Ai(3)-mm-vito's End of Combat Step
Phase: Ai(3)-mm-vito's Main phase, postcombat
Phase: Ai(3)-mm-vito's End step
Phase: Ai(3)-mm-vito's Cleanup step
Turn: Turn 9 (Ai(4)-mm-baylen-tokens)
Phase: Ai(4)-mm-baylen-tokens' Untap step
Phase: Ai(4)-mm-baylen-tokens' Upkeep step
Phase: Ai(4)-mm-baylen-tokens' Draw step
Phase: Ai(4)-mm-baylen-tokens' Main phase, precombat
Replacement Effect: Jetmir's Garden enters tapped.
Land: Ai(4)-mm-baylen-tokens played Jetmir's Garden (322)
Phase: Ai(4)-mm-baylen-tokens' Beginning of Combat Step
Phase: Ai(4)-mm-baylen-tokens' Declare Attackers Step
Phase: Ai(4)-mm-baylen-tokens' Declare Blockers Step
Phase: Ai(4)-mm-baylen-tokens' First Strike Damage Step
Phase: Ai(4)-mm-baylen-tokens' Combat Damage Step
Phase: Ai(4)-mm-baylen-tokens' End of Combat Step
Phase: Ai(4)-mm-baylen-tokens' Main phase, postcombat
Phase: Ai(4)-mm-baylen-tokens' End step
Phase: Ai(4)-mm-baylen-tokens' Cleanup step
Turn: Turn 10 (Ai(1)-mm-zur-enchantress)
Phase: Ai(1)-mm-zur-enchantress' Untap step
Phase: Ai(1)-mm-zur-enchantress' Upkeep step
Phase: Ai(1)-mm-zur-enchantress' Draw step
Phase: Ai(1)-mm-zur-enchantress' Main phase, precombat
Land: Ai(1)-mm-zur-enchantress played Conduit Pylons (8)
Add To Stack: Ai(1)-mm-zur-enchantress triggered Conduit Pylons
Resolve Stack: Ai(1)-mm-zur-enchantress surveiled 1 card(s) to the top of the library
Resolve Stack: When Conduit Pylons enters, surveil 1. (Look at the top card of your library. You may put it into your graveyard.) [Zone Changer: Conduit Pylons (8)]
Phase: Ai(1)-mm-zur-enchantress' Beginning of Combat Step
Phase: Ai(1)-mm-zur-enchantress' Declare Attackers Step
Phase: Ai(1)-mm-zur-enchantress' Declare Blockers Step
Phase: Ai(1)-mm-zur-enchantress' First Strike Damage Step
Phase: Ai(1)-mm-zur-enchantress' Combat Damage Step
Phase: Ai(1)-mm-zur-enchantress' End of Combat Step
Phase: Ai(1)-mm-zur-enchantress' Main phase, postcombat
Mana: Swamp (54) - {T}: Add {B}.
Mana: Opal Palace (18) - {T}: Add {C}.
Add To Stack: Ai(1)-mm-zur-enchantress cast Foot Chopper
Resolve Stack: Foot Chopper
Add To Stack: Ai(1)-mm-zur-enchantress triggered Foot Chopper
Resolve Stack: When this Equipment enters, create a 1/1 black Ninja creature token, then attach this Equipment to it. [Zone Changer: Foot Chopper (96)]
Phase: Ai(1)-mm-zur-enchantress' End step
Phase: Ai(1)-mm-zur-enchantress' Cleanup step
Turn: Turn 11 (Ai(2)-mm-giada-angels)
Phase: Ai(2)-mm-giada-angels' Untap step
Phase: Ai(2)-mm-giada-angels' Upkeep step
Phase: Ai(2)-mm-giada-angels' Draw step
Phase: Ai(2)-mm-giada-angels' Main phase, precombat
Phase: Ai(2)-mm-giada-angels' Beginning of Combat Step
Phase: Ai(2)-mm-giada-angels' Declare Attackers Step
Phase: Ai(2)-mm-giada-angels' Declare Blockers Step
Phase: Ai(2)-mm-giada-angels' First Strike Damage Step
Phase: Ai(2)-mm-giada-angels' Combat Damage Step
Phase: Ai(2)-mm-giada-angels' End of Combat Step
Phase: Ai(2)-mm-giada-angels' Main phase, postcombat
Mana: Plains (193) - {T}: Add {W}.
Add To Stack: Ai(2)-mm-giada-angels cast Authority of the Consuls
Resolve Stack: Authority of the Consuls
Phase: Ai(2)-mm-giada-angels' End step
Phase: Ai(2)-mm-giada-angels' Cleanup step
Turn: Turn 12 (Ai(3)-mm-vito)
Phase: Ai(3)-mm-vito's Untap step
Phase: Ai(3)-mm-vito's Upkeep step
Phase: Ai(3)-mm-vito's Draw step
Phase: Ai(3)-mm-vito's Main phase, precombat
Land: Ai(3)-mm-vito played Swamp (248)
Phase: Ai(3)-mm-vito's Beginning of Combat Step
Phase: Ai(3)-mm-vito's Declare Attackers Step
Phase: Ai(3)-mm-vito's Declare Blockers Step
Phase: Ai(3)-mm-vito's First Strike Damage Step
Phase: Ai(3)-mm-vito's Combat Damage Step
Phase: Ai(3)-mm-vito's End of Combat Step
Phase: Ai(3)-mm-vito's Main phase, postcombat
Mana: Swamp (258) - {T}: Add {B}.
Mana: Swamp (256) - {T}: Add {B}.
Mana: Swamp (248) - {T}: Add {B}.
Add To Stack: Ai(3)-mm-vito cast Vito, Thorn of the Dusk Rose
Replacement Effect: Creatures your opponents control enter tapped.
Resolve Stack: Vito, Thorn of the Dusk Rose - Creature 1 / 3
Add To Stack: Ai(2)-mm-giada-angels triggered Authority of the Consuls
Life: Life: Ai(2)-mm-giada-angels 40 > 41
Resolve Stack: Whenever a creature an opponent controls enters, you gain 1 life. [Zone Changer: Vito, Thorn of the Dusk Rose (301)]
Phase: Ai(3)-mm-vito's End step
Mana: Plains (176) - {T}: Add {W}.
Add To Stack: Ai(2)-mm-giada-angels cast Path to Exile targeting [Vito, Thorn of the Dusk Rose (301)]
Zone Change: Vito, Thorn of the Dusk Rose (301) was put into Exile from Battlefield.
Resolve Stack: Path to Exile (108) - Exile Vito, Thorn of the Dusk Rose (301). Ai(3)-mm-vito may search their library for a basic land card, put that card onto the battlefield tapped, then shuffle their library. 
Phase: Ai(3)-mm-vito's Cleanup step
Turn: Turn 13 (Ai(4)-mm-baylen-tokens)
Phase: Ai(4)-mm-baylen-tokens' Untap step
Phase: Ai(4)-mm-baylen-tokens' Upkeep step
Phase: Ai(4)-mm-baylen-tokens' Draw step
Phase: Ai(4)-mm-baylen-tokens' Main phase, precombat
Phase: Ai(4)-mm-baylen-tokens' Beginning of Combat Step
Phase: Ai(4)-mm-baylen-tokens' Declare Attackers Step
Phase: Ai(4)-mm-baylen-tokens' Declare Blockers Step
Phase: Ai(4)-mm-baylen-tokens' First Strike Damage Step
Phase: Ai(4)-mm-baylen-tokens' Combat Damage Step
Phase: Ai(4)-mm-baylen-tokens' End of Combat Step
Phase: Ai(4)-mm-baylen-tokens' Main phase, postcombat
Mana: Jetmir's Garden (322) - {T}: Add {W}.
Mana: Mountain (383) - {T}: Add {R}.
Mana: Forest (326) - {T}: Add {G}.
Add To Stack: Ai(4)-mm-baylen-tokens cast Baylen, the Haymaker
Replacement Effect: Creatures your opponents control enter tapped.
Resolve Stack: Baylen, the Haymaker - Creature 4 / 3
Add To Stack: Ai(2)-mm-giada-angels triggered Authority of the Consuls
Life: Life: Ai(2)-mm-giada-angels 41 > 42
Resolve Stack: Whenever a creature an opponent controls enters, you gain 1 life. [Zone Changer: Baylen, the Haymaker (402)]
Phase: Ai(4)-mm-baylen-tokens' End step
Phase: Ai(4)-mm-baylen-tokens' Cleanup step
Discard: Ai(4)-mm-baylen-tokens discards Dazzling Theater // Prop Room (311).
Turn: Turn 14 (Ai(1)-mm-zur-enchantress)
Phase: Ai(1)-mm-zur-enchantress' Untap step
Phase: Ai(1)-mm-zur-enchantress' Upkeep step
Phase: Ai(1)-mm-zur-enchantress' Draw step
Phase: Ai(1)-mm-zur-enchantress' Main phase, precombat
Land: Ai(1)-mm-zur-enchantress played Spire of Industry (24)
Phase: Ai(1)-mm-zur-enchantress' Beginning of Combat Step
Phase: Ai(1)-mm-zur-enchantress' Declare Attackers Step
Combat: Ai(1)-mm-zur-enchantress assigned Ninja Token (502) to attack Ai(4)-mm-baylen-tokens.
Phase: Ai(1)-mm-zur-enchantress' Declare Blockers Step
Combat: Ai(4)-mm-baylen-tokens didn't block Ninja Token (502).
Phase: Ai(1)-mm-zur-enchantress' First Strike Damage Step
Phase: Ai(1)-mm-zur-enchantress' Combat Damage Step
Damage: Ninja Token (502) deals 1 combat damage to Ai(4)-mm-baylen-tokens.
Life: Life: Ai(4)-mm-baylen-tokens 40 > 39
Add To Stack: Ai(1)-mm-zur-enchantress triggered Foot Chopper
Resolve Stack: Whenever equipped creature deals combat damage to a player, you may sacrifice it. If you do, draw cards equal to its power. [Damage Source: Ninja Token (502), Damaged: Ai(4)-mm-baylen-tokens, Amount: 1]
Phase: Ai(1)-mm-zur-enchantress' End of Combat Step
Phase: Ai(1)-mm-zur-enchantress' Main phase, postcombat
Mana: Swamp (54) - {T}: Add {B}.
Mana: Opal Palace (18) - {T}: Add {C}.
Mana: Conduit Pylons (8) - {T}: Add {C}.
Mana: Spire of Industry (24) - {T}: Add {C}.
Add To Stack: Ai(1)-mm-zur-enchantress cast Solemn Simulacrum
Replacement Effect: Creatures your opponents control enter tapped.
Resolve Stack: Solemn Simulacrum - Creature 2 / 2
Add To Stack: Ai(1)-mm-zur-enchantress triggered Solemn Simulacrum
Add To Stack: Ai(2)-mm-giada-angels triggered Authority of the Consuls
Life: Life: Ai(2)-mm-giada-angels 42 > 43
Resolve Stack: Whenever a creature an opponent controls enters, you gain 1 life. [Zone Changer: Solemn Simulacrum (41)]
Resolve Stack: When Solemn Simulacrum enters, you may search your library for a basic land card, put that card onto the battlefield tapped, then shuffle. [Zone Changer: Solemn Simulacrum (41)]
Phase: Ai(1)-mm-zur-enchantress' End step
Phase: Ai(1)-mm-zur-enchantress' Cleanup step
Turn: Turn 15 (Ai(2)-mm-giada-angels)
Phase: Ai(2)-mm-giada-angels' Untap step
Phase: Ai(2)-mm-giada-angels' Upkeep step
Phase: Ai(2)-mm-giada-angels' Draw step
Phase: Ai(2)-mm-giada-angels' Main phase, precombat
Land: Ai(2)-mm-giada-angels played Plains (174)
Phase: Ai(2)-mm-giada-angels' Beginning of Combat Step
Phase: Ai(2)-mm-giada-angels' Declare Attackers Step
Phase: Ai(2)-mm-giada-angels' Declare Blockers Step
Phase: Ai(2)-mm-giada-angels' First Strike Damage Step
Phase: Ai(2)-mm-giada-angels' Combat Damage Step
Phase: Ai(2)-mm-giada-angels' End of Combat Step
Phase: Ai(2)-mm-giada-angels' Main phase, postcombat
Mana: Plains (193) - {T}: Add {W}.
Mana: Plains (176) - {T}: Add {W}.
Mana: Plains (174) - {T}: Add {W}.
Add To Stack: Ai(2)-mm-giada-angels cast Resplendent Angel
Resolve Stack: Resplendent Angel - Creature 3 / 3
Phase: Ai(2)-mm-giada-angels' End step
Phase: Ai(2)-mm-giada-angels' Cleanup step
Turn: Turn 16 (Ai(3)-mm-vito)
Phase: Ai(3)-mm-vito's Untap step
Phase: Ai(3)-mm-vito's Upkeep step
Phase: Ai(3)-mm-vito's Draw step
Phase: Ai(3)-mm-vito's Main phase, precombat
Land: Ai(3)-mm-vito played Swamp (250)
Mana: Swamp (258) - {T}: Add {B}.
Mana: Swamp (256) - {T}: Add {B}.
Mana: Swamp (248) - {T}: Add {B}.
Mana: Swamp (242) - {T}: Add {B}.
Add To Stack: Ai(3)-mm-vito cast Crypt Ghast
Replacement Effect: Creatures your opponents control enter tapped.
Resolve Stack: Crypt Ghast - Creature 2 / 2
Add To Stack: Ai(2)-mm-giada-angels triggered Authority of the Consuls
Life: Life: Ai(2)-mm-giada-angels 43 > 44
Resolve Stack: Whenever a creature an opponent controls enters, you gain 1 life. [Zone Changer: Crypt Ghast (204)]
Phase: Ai(3)-mm-vito's Beginning of Combat Step
Phase: Ai(3)-mm-vito's Declare Attackers Step
Phase: Ai(3)-mm-vito's Declare Blockers Step
Phase: Ai(3)-mm-vito's First Strike Damage Step
Phase: Ai(3)-mm-vito's Combat Damage Step
Phase: Ai(3)-mm-vito's End of Combat Step
Phase: Ai(3)-mm-vito's Main phase, postcombat
Phase: Ai(3)-mm-vito's End step
Phase: Ai(3)-mm-vito's Cleanup step
Turn: Turn 17 (Ai(4)-mm-baylen-tokens)
Phase: Ai(4)-mm-baylen-tokens' Untap step
Phase: Ai(4)-mm-baylen-tokens' Upkeep step
Mana: Jetmir's Garden (322) - {T}: Add {W}.
Add To Stack: Ai(4)-mm-baylen-tokens cast Swords to Plowshares targeting [Resplendent Angel (101)]
Zone Change: Resplendent Angel (101) was put into Exile from Battlefield.
Life: Life: Ai(2)-mm-giada-angels 44 > 47
Resolve Stack: Swords to Plowshares (341) - Exile Resplendent Angel (101). Ai(2)-mm-giada-angels gains life equal to its power.
Phase: Ai(4)-mm-baylen-tokens' Draw step
Phase: Ai(4)-mm-baylen-tokens' Main phase, precombat
Replacement Effect: Spire Garden enters tapped unless you have two or more opponents.
Land: Ai(4)-mm-baylen-tokens played Spire Garden (392)
Mana: Mountain (383) - {T}: Add {R}.
Add To Stack: Ai(4)-mm-baylen-tokens cast Skullclamp
Resolve Stack: Skullclamp
Mana: Forest (326) - {T}: Add {G}.
Add To Stack: Ai(4)-mm-baylen-tokens activated Skullclamp targeting [Baylen, the Haymaker (402)]
Resolve Stack: Skullclamp (304) -  Attach to Baylen, the Haymaker (402)
Phase: Ai(4)-mm-baylen-tokens' Beginning of Combat Step
Phase: Ai(4)-mm-baylen-tokens' Declare Attackers Step
Combat: Ai(4)-mm-baylen-tokens assigned Baylen, the Haymaker (402) to attack Ai(1)-mm-zur-enchantress.
Phase: Ai(4)-mm-baylen-tokens' Declare Blockers Step
Combat: Ai(1)-mm-zur-enchantress didn't block Baylen, the Haymaker (402).
Phase: Ai(4)-mm-baylen-tokens' First Strike Damage Step
Phase: Ai(4)-mm-baylen-tokens' Combat Damage Step
Damage: Baylen, the Haymaker (402) deals 5 combat damage to Ai(1)-mm-zur-enchantress.
Life: Life: Ai(1)-mm-zur-enchantress 40 > 35
Phase: Ai(4)-mm-baylen-tokens' End of Combat Step
Phase: Ai(4)-mm-baylen-tokens' Main phase, postcombat
Phase: Ai(4)-mm-baylen-tokens' End step
Phase: Ai(4)-mm-baylen-tokens' Cleanup step
Turn: Turn 18 (Ai(1)-mm-zur-enchantress)
Phase: Ai(1)-mm-zur-enchantress' Untap step
Phase: Ai(1)-mm-zur-enchantress' Upkeep step
Phase: Ai(1)-mm-zur-enchantress' Draw step
Phase: Ai(1)-mm-zur-enchantress' Main phase, precombat
Land: Ai(1)-mm-zur-enchantress played Plains (89)
Phase: Ai(1)-mm-zur-enchantress' Beginning of Combat Step
Phase: Ai(1)-mm-zur-enchantress' Declare Attackers Step
Combat: Ai(1)-mm-zur-enchantress assigned Solemn Simulacrum (41) and Ninja Token (502) to attack Ai(4)-mm-baylen-tokens.
Phase: Ai(1)-mm-zur-enchantress' Declare Blockers Step
Combat: Ai(4)-mm-baylen-tokens didn't block Solemn Simulacrum (41).
Ai(4)-mm-baylen-tokens didn't block Ninja Token (502).
Phase: Ai(1)-mm-zur-enchantress' First Strike Damage Step
Phase: Ai(1)-mm-zur-enchantress' Combat Damage Step
Damage: Solemn Simulacrum (41) deals 2 combat damage to Ai(4)-mm-baylen-tokens.
Damage: Ninja Token (502) deals 1 combat damage to Ai(4)-mm-baylen-tokens.
Life: Life: Ai(4)-mm-baylen-tokens 39 > 36
Add To Stack: Ai(1)-mm-zur-enchantress triggered Foot Chopper
Resolve Stack: Whenever equipped creature deals combat damage to a player, you may sacrifice it. If you do, draw cards equal to its power. [Damage Source: Ninja Token (502), Damaged: Ai(4)-mm-baylen-tokens, Amount: 1]
Phase: Ai(1)-mm-zur-enchantress' End of Combat Step
Phase: Ai(1)-mm-zur-enchantress' Main phase, postcombat
Mana: Swamp (54) - {T}: Add {B}.
Mana: Plains (85) - {T}: Add {W}.
Mana: Plains (89) - {T}: Add {W}.
Mana: Opal Palace (18) - {T}: Add {C}.
Mana: Conduit Pylons (8) - {T}: Add {C}.
Add To Stack: Ai(1)-mm-zur-enchantress cast Tamiyo's Journal
Resolve Stack: Tamiyo's Journal
Phase: Ai(1)-mm-zur-enchantress' End step
Phase: Ai(1)-mm-zur-enchantress' Cleanup step
Turn: Turn 19 (Ai(2)-mm-giada-angels)
Phase: Ai(2)-mm-giada-angels' Untap step
Phase: Ai(2)-mm-giada-angels' Upkeep step
Mana: Plains (193) - {T}: Add {W}.
Mana: Plains (176) - {T}: Add {W}.
Mana: Plains (174) - {T}: Add {W}.
Add To Stack: Ai(2)-mm-giada-angels cast Generous Gift targeting [Tamiyo's Journal (80)]
Zone Change: Tamiyo's Journal (80) was put into Graveyard from Battlefield.
Replacement Effect: Creatures your opponents control enter tapped.
Resolve Stack: Generous Gift (142) - Destroy Tamiyo's Journal (80). 
Add To Stack: Ai(2)-mm-giada-angels triggered Authority of the Consuls
Life: Life: Ai(2)-mm-giada-angels 47 > 48
Resolve Stack: Whenever a creature an opponent controls enters, you gain 1 life. [Zone Changer: Elephant Token (610)]
Phase: Ai(2)-mm-giada-angels' Draw step
Phase: Ai(2)-mm-giada-angels' Main phase, precombat
Phase: Ai(2)-mm-giada-angels' Beginning of Combat Step
Phase: Ai(2)-mm-giada-angels' Declare Attackers Step
Phase: Ai(2)-mm-giada-angels' Declare Blockers Step
Phase: Ai(2)-mm-giada-angels' First Strike Damage Step
Phase: Ai(2)-mm-giada-angels' Combat Damage Step
Phase: Ai(2)-mm-giada-angels' End of Combat Step
Phase: Ai(2)-mm-giada-angels' Main phase, postcombat
Phase: Ai(2)-mm-giada-angels' End step
Phase: Ai(2)-mm-giada-angels' Cleanup step
Turn: Turn 20 (Ai(3)-mm-vito)
Phase: Ai(3)-mm-vito's Untap step
Phase: Ai(3)-mm-vito's Upkeep step
Phase: Ai(3)-mm-vito's Draw step
Phase: Ai(3)-mm-vito's Main phase, precombat
Land: Ai(3)-mm-vito played Swamp (265)
Mana: Swamp (258) - {T}: Add {B}.
Mana: Swamp (256) - {T}: Add {B}.
Mana: Swamp (248) - {T}: Add {B}.
Add To Stack: Ai(3)-mm-vito cast Vito, Thorn of the Dusk Rose
Add To Stack: Ai(3)-mm-vito triggered Crypt Ghast
Life: Life: Ai(4)-mm-baylen-tokens 36 > 35
Life: Life: Ai(1)-mm-zur-enchantress 35 > 34
Life: Life: Ai(2)-mm-giada-angels 48 > 47
Life: Life: Ai(3)-mm-vito 40 > 43
Resolve Stack: Extort (Whenever you cast a spell, you may pay {W/B}. If you do, each opponent loses 1 life and you gain that much life.) [Card: Vito, Thorn of the Dusk Rose (301), Activator: Ai(3)-mm-vito, SpellAbility: Vito, Thorn of the Dusk Rose - Creature 1 / 3]
Replacement Effect: Creatures your opponents control enter tapped.
Resolve Stack: Vito, Thorn of the Dusk Rose - Creature 1 / 3
Add To Stack: Ai(2)-mm-giada-angels triggered Authority of the Consuls
Life: Life: Ai(2)-mm-giada-angels 47 > 48
Resolve Stack: Whenever a creature an opponent controls enters, you gain 1 life. [Zone Changer: Vito, Thorn of the Dusk Rose (301)]
Phase: Ai(3)-mm-vito's Beginning of Combat Step
Phase: Ai(3)-mm-vito's Declare Attackers Step
Combat: Ai(3)-mm-vito assigned Crypt Ghast (204) to attack Ai(1)-mm-zur-enchantress.
Phase: Ai(3)-mm-vito's Declare Blockers Step
Combat: Ai(1)-mm-zur-enchantress didn't block Crypt Ghast (204).
Phase: Ai(3)-mm-vito's First Strike Damage Step
Phase: Ai(3)-mm-vito's Combat Damage Step
Damage: Crypt Ghast (204) deals 2 combat damage to Ai(1)-mm-zur-enchantress.
Life: Life: Ai(1)-mm-zur-enchantress 34 > 32
Phase: Ai(3)-mm-vito's End of Combat Step
Phase: Ai(3)-mm-vito's Main phase, postcombat
Mana: Swamp (242) - {T}: Add {B}.
Mana: Swamp (250) - {T}: Add {B}.
Mana: Swamp (265) - {T}: Add {B}.
Add To Stack: Ai(3)-mm-vito cast Bloodthirsty Conqueror
Add To Stack: Ai(3)-mm-vito triggered Crypt Ghast
Life: Life: Ai(4)-mm-baylen-tokens 35 > 34
Life: Life: Ai(1)-mm-zur-enchantress 32 > 31
Life: Life: Ai(2)-mm-giada-angels 48 > 47
Life: Life: Ai(3)-mm-vito 43 > 46
Resolve Stack: Extort (Whenever you cast a spell, you may pay {W/B}. If you do, each opponent loses 1 life and you gain that much life.) [Card: Bloodthirsty Conqueror (235), Activator: Ai(3)-mm-vito, SpellAbility: Bloodthirsty Conqueror - Creature 5 / 5]
Add To Stack: Ai(3)-mm-vito triggered Vito, Thorn of the Dusk Rose targeting [Ai(4)-mm-baylen-tokens]
Life: Life: Ai(4)-mm-baylen-tokens 34 > 31
Resolve Stack: Whenever you gain life, target opponent loses that much life. (Targeting: [[Ai(4)-mm-baylen-tokens]]) [Player: Ai(3)-mm-vito, Gained Amount: 3]
Replacement Effect: Creatures your opponents control enter tapped.
Resolve Stack: Bloodthirsty Conqueror - Creature 5 / 5
Add To Stack: Ai(2)-mm-giada-angels triggered Authority of the Consuls
Life: Life: Ai(2)-mm-giada-angels 47 > 48
Resolve Stack: Whenever a creature an opponent controls enters, you gain 1 life. [Zone Changer: Bloodthirsty Conqueror (235)]
Phase: Ai(3)-mm-vito's End step
Phase: Ai(3)-mm-vito's Cleanup step
Turn: Turn 21 (Ai(4)-mm-baylen-tokens)
Phase: Ai(4)-mm-baylen-tokens' Untap step
Phase: Ai(4)-mm-baylen-tokens' Upkeep step
Phase: Ai(4)-mm-baylen-tokens' Draw step
Phase: Ai(4)-mm-baylen-tokens' Main phase, precombat
Mana: Jetmir's Garden (322) - {T}: Add {W}.
Mana: Mountain (383) - {T}: Add {R}.
Add To Stack: Ai(4)-mm-baylen-tokens cast Hare Apparent
Replacement Effect: Creatures your opponents control enter tapped.
Resolve Stack: Hare Apparent - Creature 2 / 2
Add To Stack: Ai(4)-mm-baylen-tokens triggered Hare Apparent
Add To Stack: Ai(2)-mm-giada-angels triggered Authority of the Consuls
Life: Life: Ai(2)-mm-giada-angels 48 > 49
Resolve Stack: Whenever a creature an opponent controls enters, you gain 1 life. [Zone Changer: Hare Apparent (349)]
Resolve Stack: When this creature enters, create a number of 1/1 white Rabbit creature tokens equal to the number of other creatures you control named Hare Apparent. [Zone Changer: Hare Apparent (349)]
Phase: Ai(4)-mm-baylen-tokens' Beginning of Combat Step
Phase: Ai(4)-mm-baylen-tokens' Declare Attackers Step
Combat: Ai(4)-mm-baylen-tokens assigned Baylen, the Haymaker (402) to attack Ai(3)-mm-vito.
Phase: Ai(4)-mm-baylen-tokens' Declare Blockers Step
Combat: Ai(3)-mm-vito didn't block Baylen, the Haymaker (402).
Phase: Ai(4)-mm-baylen-tokens' First Strike Damage Step
Phase: Ai(4)-mm-baylen-tokens' Combat Damage Step
Damage: Baylen, the Haymaker (402) deals 5 combat damage to Ai(3)-mm-vito.
Life: Life: Ai(3)-mm-vito 46 > 41
Phase: Ai(4)-mm-baylen-tokens' End of Combat Step
Phase: Ai(4)-mm-baylen-tokens' Main phase, postcombat
Phase: Ai(4)-mm-baylen-tokens' End step
Phase: Ai(4)-mm-baylen-tokens' Cleanup step
Turn: Turn 22 (Ai(1)-mm-zur-enchantress)
Phase: Ai(1)-mm-zur-enchantress' Untap step
Phase: Ai(1)-mm-zur-enchantress' Upkeep step
Phase: Ai(1)-mm-zur-enchantress' Draw step
Phase: Ai(1)-mm-zur-enchantress' Main phase, precombat
Land: Ai(1)-mm-zur-enchantress played City of Brass (47)
Mana: Plains (85) - {T}: Add {W}.
Add To Stack: Ai(1)-mm-zur-enchantress cast Ethereal Armor targeting [Solemn Simulacrum (41)]
Resolve Stack: Ethereal Armor (72) -  Attach to Solemn Simulacrum (41)
Phase: Ai(1)-mm-zur-enchantress' Beginning of Combat Step
Phase: Ai(1)-mm-zur-enchantress' Declare Attackers Step
Combat: Ai(1)-mm-zur-enchantress assigned Solemn Simulacrum (41), Elephant Token (610) and Ninja Token (502) to attack Ai(3)-mm-vito.
Phase: Ai(1)-mm-zur-enchantress' Declare Blockers Step
Combat: Ai(3)-mm-vito didn't block Solemn Simulacrum (41).
Ai(3)-mm-vito didn't block Elephant Token (610).
Ai(3)-mm-vito didn't block Ninja Token (502).
Phase: Ai(1)-mm-zur-enchantress' First Strike Damage Step
Damage: Solemn Simulacrum (41) deals 3 combat damage to Ai(3)-mm-vito.
Life: Life: Ai(3)-mm-vito 41 > 38
Phase: Ai(1)-mm-zur-enchantress' Combat Damage Step
Damage: Elephant Token (610) deals 3 combat damage to Ai(3)-mm-vito.
Damage: Ninja Token (502) deals 1 combat damage to Ai(3)-mm-vito.
Life: Life: Ai(3)-mm-vito 38 > 34
Add To Stack: Ai(1)-mm-zur-enchantress triggered Foot Chopper
Resolve Stack: Whenever equipped creature deals combat damage to a player, you may sacrifice it. If you do, draw cards equal to its power. [Damage Source: Ninja Token (502), Damaged: Ai(3)-mm-vito, Amount: 1]
Phase: Ai(1)-mm-zur-enchantress' End of Combat Step
Phase: Ai(1)-mm-zur-enchantress' Main phase, postcombat
Mana: City of Brass (47) - {T}: Add one mana of any color.
Mana: Plains (89) - {T}: Add {W}.
Mana: Swamp (54) - {T}: Add {B}.
Mana: Opal Palace (18) - {T}: Add {C}.
Mana: Conduit Pylons (8) - {T}: Add {C}.
Add To Stack: Ai(1)-mm-zur-enchantress cast Migratory Route
Add To Stack: Ai(1)-mm-zur-enchantress triggered City of Brass
Damage: City of Brass (47) deals 1 non-combat damage to Ai(1)-mm-zur-enchantress.
Life: Life: Ai(1)-mm-zur-enchantress 31 > 30
Resolve Stack: Whenever City of Brass becomes tapped, it deals 1 damage to you. [Tapped: City of Brass (47)]
Add To Stack: Ai(3)-mm-vito triggered Bloodthirsty Conqueror
Life: Life: Ai(3)-mm-vito 34 > 35
Resolve Stack: Whenever an opponent loses life, you gain that much life. (Damage causes loss of life.) [Player: Ai(1)-mm-zur-enchantress, Lost Amount: 1]
Add To Stack: Ai(3)-mm-vito triggered Vito, Thorn of the Dusk Rose targeting [Ai(4)-mm-baylen-tokens]
Life: Life: Ai(4)-mm-baylen-tokens 31 > 30
Resolve Stack: Whenever you gain life, target opponent loses that much life. (Targeting: [[Ai(4)-mm-baylen-tokens]]) [Player: Ai(3)-mm-vito, Gained Amount: 1]
Add To Stack: Ai(3)-mm-vito triggered Bloodthirsty Conqueror
Life: Life: Ai(3)-mm-vito 35 > 36
Resolve Stack: Whenever an opponent loses life, you gain that much life. (Damage causes loss of life.) [Player: Ai(4)-mm-baylen-tokens, Lost Amount: 1]
Add To Stack: Ai(3)-mm-vito triggered Vito, Thorn of the Dusk Rose targeting [Ai(4)-mm-baylen-tokens]
Life: Life: Ai(4)-mm-baylen-tokens 30 > 29
Resolve Stack: Whenever you gain life, target opponent loses that much life. (Targeting: [[Ai(4)-mm-baylen-tokens]]) [Player: Ai(3)-mm-vito, Gained Amount: 1]
Add To Stack: Ai(3)-mm-vito triggered Bloodthirsty Conqueror
Life: Life: Ai(3)-mm-vito 36 > 37
Resolve Stack: Whenever an opponent loses life, you gain that much life. (Damage causes loss of life.) [Player: Ai(4)-mm-baylen-tokens, Lost Amount: 1]
Add To Stack: Ai(3)-mm-vito triggered Vito, Thorn of the Dusk Rose targeting [Ai(4)-mm-baylen-tokens]
Life: Life: Ai(4)-mm-baylen-tokens 29 > 28
Resolve Stack: Whenever you gain life, target opponent loses that much life. (Targeting: [[Ai(4)-mm-baylen-tokens]]) [Player: Ai(3)-mm-vito, Gained Amount: 1]
Add To Stack: Ai(3)-mm-vito triggered Bloodthirsty Conqueror
Life: Life: Ai(3)-mm-vito 37 > 38
Resolve Stack: Whenever an opponent loses life, you gain that much life. (Damage causes loss of life.) [Player: Ai(4)-mm-baylen-tokens, Lost Amount: 1]
Add To Stack: Ai(3)-mm-vito triggered Vito, Thorn of the Dusk Rose targeting [Ai(4)-mm-baylen-tokens]
Life: Life: Ai(4)-mm-baylen-tokens 28 > 27
Resolve Stack: Whenever you gain life, target opponent loses that much life. (Targeting: [[Ai(4)-mm-baylen-tokens]]) [Player: Ai(3)-mm-vito, Gained Amount: 1]
Add To Stack: Ai(3)-mm-vito triggered Bloodthirsty Conqueror
Life: Life: Ai(3)-mm-vito 38 > 39
Resolve Stack: Whenever an opponent loses life, you gain that much life. (Damage causes loss of life.) [Player: Ai(4)-mm-baylen-tokens, Lost Amount: 1]
Add To Stack: Ai(3)-mm-vito triggered Vito, Thorn of the Dusk Rose targeting [Ai(4)-mm-baylen-tokens]
Life: Life: Ai(4)-mm-baylen-tokens 27 > 26
Resolve Stack: Whenever you gain life, target opponent loses that much life. (Targeting: [[Ai(4)-mm-baylen-tokens]]) [Player: Ai(3)-mm-vito, Gained Amount: 1]
Add To Stack: Ai(3)-mm-vito triggered Bloodthirsty Conqueror
Life: Life: Ai(3)-mm-vito 39 > 40
Resolve Stack: Whenever an opponent loses life, you gain that much life. (Damage causes loss of life.) [Player: Ai(4)-mm-baylen-tokens, Lost Amount: 1]
Add To Stack: Ai(3)-mm-vito triggered Vito, Thorn of the Dusk Rose targeting [Ai(4)-mm-baylen-tokens]
Life: Life: Ai(4)-mm-baylen-tokens 26 > 25
Resolve Stack: Whenever you gain life, target opponent loses that much life. (Targeting: [[Ai(4)-mm-baylen-tokens]]) [Player: Ai(3)-mm-vito, Gained Amount: 1]
Add To Stack: Ai(3)-mm-vito triggered Bloodthirsty Conqueror
Life: Life: Ai(3)-mm-vito 40 > 41
Resolve Stack: Whenever an opponent loses life, you gain that much life. (Damage causes loss of life.) [Player: Ai(4)-mm-baylen-tokens, Lost Amount: 1]
Add To Stack: Ai(3)-mm-vito triggered Vito, Thorn of the Dusk Rose targeting [Ai(4)-mm-baylen-tokens]
Life: Life: Ai(4)-mm-baylen-tokens 25 > 24
Resolve Stack: Whenever you gain life, target opponent loses that much life. (Targeting: [[Ai(4)-mm-baylen-tokens]]) [Player: Ai(3)-mm-vito, Gained Amount: 1]
Add To Stack: Ai(3)-mm-vito triggered Bloodthirsty Conqueror
Life: Life: Ai(3)-mm-vito 41 > 42
Resolve Stack: Whenever an opponent loses life, you gain that much life. (Damage causes loss of life.) [Player: Ai(4)-mm-baylen-tokens, Lost Amount: 1]
Add To Stack: Ai(3)-mm-vito triggered Vito, Thorn of the Dusk Rose targeting [Ai(4)-mm-baylen-tokens]
Life: Life: Ai(4)-mm-baylen-tokens 24 > 23
Resolve Stack: Whenever you gain life, target opponent loses that much life. (Targeting: [[Ai(4)-mm-baylen-tokens]]) [Player: Ai(3)-mm-vito, Gained Amount: 1]
Add To Stack: Ai(3)-mm-vito triggered Bloodthirsty Conqueror
Life: Life: Ai(3)-mm-vito 42 > 43
Resolve Stack: Whenever an opponent loses life, you gain that much life. (Damage causes loss of life.) [Player: Ai(4)-mm-baylen-tokens, Lost Amount: 1]
Add To Stack: Ai(3)-mm-vito triggered Vito, Thorn of the Dusk Rose targeting [Ai(4)-mm-baylen-tokens]
Life: Life: Ai(4)-mm-baylen-tokens 23 > 22
Resolve Stack: Whenever you gain life, target opponent loses that much life. (Targeting: [[Ai(4)-mm-baylen-tokens]]) [Player: Ai(3)-mm-vito, Gained Amount: 1]
Add To Stack: Ai(3)-mm-vito triggered Bloodthirsty Conqueror
Life: Life: Ai(3)-mm-vito 43 > 44
Resolve Stack: Whenever an opponent loses life, you gain that much life. (Damage causes loss of life.) [Player: Ai(4)-mm-baylen-tokens, Lost Amount: 1]
Add To Stack: Ai(3)-mm-vito triggered Vito, Thorn of the Dusk Rose targeting [Ai(4)-mm-baylen-tokens]
Life: Life: Ai(4)-mm-baylen-tokens 22 > 21
Resolve Stack: Whenever you gain life, target opponent loses that much life. (Targeting: [[Ai(4)-mm-baylen-tokens]]) [Player: Ai(3)-mm-vito, Gained Amount: 1]
Add To Stack: Ai(3)-mm-vito triggered Bloodthirsty Conqueror
Life: Life: Ai(3)-mm-vito 44 > 45
Resolve Stack: Whenever an opponent loses life, you gain that much life. (Damage causes loss of life.) [Player: Ai(4)-mm-baylen-tokens, Lost Amount: 1]
Add To Stack: Ai(3)-mm-vito triggered Vito, Thorn of the Dusk Rose targeting [Ai(4)-mm-baylen-tokens]
Life: Life: Ai(4)-mm-baylen-tokens 21 > 20
Resolve Stack: Whenever you gain life, target opponent loses that much life. (Targeting: [[Ai(4)-mm-baylen-tokens]]) [Player: Ai(3)-mm-vito, Gained Amount: 1]
Add To Stack: Ai(3)-mm-vito triggered Bloodthirsty Conqueror
Life: Life: Ai(3)-mm-vito 45 > 46
Resolve Stack: Whenever an opponent loses life, you gain that much life. (Damage causes loss of life.) [Player: Ai(4)-mm-baylen-tokens, Lost Amount: 1]
Add To Stack: Ai(3)-mm-vito triggered Vito, Thorn of the Dusk Rose targeting [Ai(4)-mm-baylen-tokens]
Life: Life: Ai(4)-mm-baylen-tokens 20 > 19
Resolve Stack: Whenever you gain life, target opponent loses that much life. (Targeting: [[Ai(4)-mm-baylen-tokens]]) [Player: Ai(3)-mm-vito, Gained Amount: 1]
Add To Stack: Ai(3)-mm-vito triggered Bloodthirsty Conqueror
Life: Life: Ai(3)-mm-vito 46 > 47
Resolve Stack: Whenever an opponent loses life, you gain that much life. (Damage causes loss of life.) [Player: Ai(4)-mm-baylen-tokens, Lost Amount: 1]
Add To Stack: Ai(3)-mm-vito triggered Vito, Thorn of the Dusk Rose targeting [Ai(4)-mm-baylen-tokens]
Life: Life: Ai(4)-mm-baylen-tokens 19 > 18
Resolve Stack: Whenever you gain life, target opponent loses that much life. (Targeting: [[Ai(4)-mm-baylen-tokens]]) [Player: Ai(3)-mm-vito, Gained Amount: 1]
Add To Stack: Ai(3)-mm-vito triggered Bloodthirsty Conqueror
Life: Life: Ai(3)-mm-vito 47 > 48
Resolve Stack: Whenever an opponent loses life, you gain that much life. (Damage causes loss of life.) [Player: Ai(4)-mm-baylen-tokens, Lost Amount: 1]
Add To Stack: Ai(3)-mm-vito triggered Vito, Thorn of the Dusk Rose targeting [Ai(4)-mm-baylen-tokens]
Life: Life: Ai(4)-mm-baylen-tokens 18 > 17
Resolve Stack: Whenever you gain life, target opponent loses that much life. (Targeting: [[Ai(4)-mm-baylen-tokens]]) [Player: Ai(3)-mm-vito, Gained Amount: 1]
Add To Stack: Ai(3)-mm-vito triggered Bloodthirsty Conqueror
Life: Life: Ai(3)-mm-vito 48 > 49
Resolve Stack: Whenever an opponent loses life, you gain that much life. (Damage causes loss of life.) [Player: Ai(4)-mm-baylen-tokens, Lost Amount: 1]
Add To Stack: Ai(3)-mm-vito triggered Vito, Thorn of the Dusk Rose targeting [Ai(4)-mm-baylen-tokens]
Life: Life: Ai(4)-mm-baylen-tokens 17 > 16
Resolve Stack: Whenever you gain life, target opponent loses that much life. (Targeting: [[Ai(4)-mm-baylen-tokens]]) [Player: Ai(3)-mm-vito, Gained Amount: 1]
Add To Stack: Ai(3)-mm-vito triggered Bloodthirsty Conqueror
Life: Life: Ai(3)-mm-vito 49 > 50
Resolve Stack: Whenever an opponent loses life, you gain that much life. (Damage causes loss of life.) [Player: Ai(4)-mm-baylen-tokens, Lost Amount: 1]
Add To Stack: Ai(3)-mm-vito triggered Vito, Thorn of the Dusk Rose targeting [Ai(4)-mm-baylen-tokens]
Life: Life: Ai(4)-mm-baylen-tokens 16 > 15
Resolve Stack: Whenever you gain life, target opponent loses that much life. (Targeting: [[Ai(4)-mm-baylen-tokens]]) [Player: Ai(3)-mm-vito, Gained Amount: 1]
Add To Stack: Ai(3)-mm-vito triggered Bloodthirsty Conqueror
Life: Life: Ai(3)-mm-vito 50 > 51
Resolve Stack: Whenever an opponent loses life, you gain that much life. (Damage causes loss of life.) [Player: Ai(4)-mm-baylen-tokens, Lost Amount: 1]
Add To Stack: Ai(3)-mm-vito triggered Vito, Thorn of the Dusk Rose targeting [Ai(4)-mm-baylen-tokens]
Life: Life: Ai(4)-mm-baylen-tokens 15 > 14
Resolve Stack: Whenever you gain life, target opponent loses that much life. (Targeting: [[Ai(4)-mm-baylen-tokens]]) [Player: Ai(3)-mm-vito, Gained Amount: 1]
Add To Stack: Ai(3)-mm-vito triggered Bloodthirsty Conqueror
Life: Life: Ai(3)-mm-vito 51 > 52
Resolve Stack: Whenever an opponent loses life, you gain that much life. (Damage causes loss of life.) [Player: Ai(4)-mm-baylen-tokens, Lost Amount: 1]
Add To Stack: Ai(3)-mm-vito triggered Vito, Thorn of the Dusk Rose targeting [Ai(4)-mm-baylen-tokens]
Life: Life: Ai(4)-mm-baylen-tokens 14 > 13
Resolve Stack: Whenever you gain life, target opponent loses that much life. (Targeting: [[Ai(4)-mm-baylen-tokens]]) [Player: Ai(3)-mm-vito, Gained Amount: 1]
Add To Stack: Ai(3)-mm-vito triggered Bloodthirsty Conqueror
Life: Life: Ai(3)-mm-vito 52 > 53
Resolve Stack: Whenever an opponent loses life, you gain that much life. (Damage causes loss of life.) [Player: Ai(4)-mm-baylen-tokens, Lost Amount: 1]
Add To Stack: Ai(3)-mm-vito triggered Vito, Thorn of the Dusk Rose targeting [Ai(4)-mm-baylen-tokens]
Life: Life: Ai(4)-mm-baylen-tokens 13 > 12
Resolve Stack: Whenever you gain life, target opponent loses that much life. (Targeting: [[Ai(4)-mm-baylen-tokens]]) [Player: Ai(3)-mm-vito, Gained Amount: 1]
Add To Stack: Ai(3)-mm-vito triggered Bloodthirsty Conqueror
Life: Life: Ai(3)-mm-vito 53 > 54
Resolve Stack: Whenever an opponent loses life, you gain that much life. (Damage causes loss of life.) [Player: Ai(4)-mm-baylen-tokens, Lost Amount: 1]
Add To Stack: Ai(3)-mm-vito triggered Vito, Thorn of the Dusk Rose targeting [Ai(4)-mm-baylen-tokens]
Life: Life: Ai(4)-mm-baylen-tokens 12 > 11
Resolve Stack: Whenever you gain life, target opponent loses that much life. (Targeting: [[Ai(4)-mm-baylen-tokens]]) [Player: Ai(3)-mm-vito, Gained Amount: 1]
Add To Stack: Ai(3)-mm-vito triggered Bloodthirsty Conqueror
Life: Life: Ai(3)-mm-vito 54 > 55
Resolve Stack: Whenever an opponent loses life, you gain that much life. (Damage causes loss of life.) [Player: Ai(4)-mm-baylen-tokens, Lost Amount: 1]
Add To Stack: Ai(3)-mm-vito triggered Vito, Thorn of the Dusk Rose targeting [Ai(4)-mm-baylen-tokens]
Life: Life: Ai(4)-mm-baylen-tokens 11 > 10
Resolve Stack: Whenever you gain life, target opponent loses that much life. (Targeting: [[Ai(4)-mm-baylen-tokens]]) [Player: Ai(3)-mm-vito, Gained Amount: 1]
Add To Stack: Ai(3)-mm-vito triggered Bloodthirsty Conqueror
Life: Life: Ai(3)-mm-vito 55 > 56
Resolve Stack: Whenever an opponent loses life, you gain that much life. (Damage causes loss of life.) [Player: Ai(4)-mm-baylen-tokens, Lost Amount: 1]
Add To Stack: Ai(3)-mm-vito triggered Vito, Thorn of the Dusk Rose targeting [Ai(4)-mm-baylen-tokens]
Life: Life: Ai(4)-mm-baylen-tokens 10 > 9
Resolve Stack: Whenever you gain life, target opponent loses that much life. (Targeting: [[Ai(4)-mm-baylen-tokens]]) [Player: Ai(3)-mm-vito, Gained Amount: 1]
Add To Stack: Ai(3)-mm-vito triggered Bloodthirsty Conqueror
Life: Life: Ai(3)-mm-vito 56 > 57
Resolve Stack: Whenever an opponent loses life, you gain that much life. (Damage causes loss of life.) [Player: Ai(4)-mm-baylen-tokens, Lost Amount: 1]
Add To Stack: Ai(3)-mm-vito triggered Vito, Thorn of the Dusk Rose targeting [Ai(4)-mm-baylen-tokens]
Life: Life: Ai(4)-mm-baylen-tokens 9 > 8
Resolve Stack: Whenever you gain life, target opponent loses that much life. (Targeting: [[Ai(4)-mm-baylen-tokens]]) [Player: Ai(3)-mm-vito, Gained Amount: 1]
Add To Stack: Ai(3)-mm-vito triggered Bloodthirsty Conqueror
Life: Life: Ai(3)-mm-vito 57 > 58
Resolve Stack: Whenever an opponent loses life, you gain that much life. (Damage causes loss of life.) [Player: Ai(4)-mm-baylen-tokens, Lost Amount: 1]
Add To Stack: Ai(3)-mm-vito triggered Vito, Thorn of the Dusk Rose targeting [Ai(4)-mm-baylen-tokens]
Life: Life: Ai(4)-mm-baylen-tokens 8 > 7
Resolve Stack: Whenever you gain life, target opponent loses that much life. (Targeting: [[Ai(4)-mm-baylen-tokens]]) [Player: Ai(3)-mm-vito, Gained Amount: 1]
Add To Stack: Ai(3)-mm-vito triggered Bloodthirsty Conqueror
Life: Life: Ai(3)-mm-vito 58 > 59
Resolve Stack: Whenever an opponent loses life, you gain that much life. (Damage causes loss of life.) [Player: Ai(4)-mm-baylen-tokens, Lost Amount: 1]
Add To Stack: Ai(3)-mm-vito triggered Vito, Thorn of the Dusk Rose targeting [Ai(4)-mm-baylen-tokens]
Life: Life: Ai(4)-mm-baylen-tokens 7 > 6
Resolve Stack: Whenever you gain life, target opponent loses that much life. (Targeting: [[Ai(4)-mm-baylen-tokens]]) [Player: Ai(3)-mm-vito, Gained Amount: 1]
Add To Stack: Ai(3)-mm-vito triggered Bloodthirsty Conqueror
Life: Life: Ai(3)-mm-vito 59 > 60
Resolve Stack: Whenever an opponent loses life, you gain that much life. (Damage causes loss of life.) [Player: Ai(4)-mm-baylen-tokens, Lost Amount: 1]
Add To Stack: Ai(3)-mm-vito triggered Vito, Thorn of the Dusk Rose targeting [Ai(4)-mm-baylen-tokens]
Life: Life: Ai(4)-mm-baylen-tokens 6 > 5
Resolve Stack: Whenever you gain life, target opponent loses that much life. (Targeting: [[Ai(4)-mm-baylen-tokens]]) [Player: Ai(3)-mm-vito, Gained Amount: 1]
Add To Stack: Ai(3)-mm-vito triggered Bloodthirsty Conqueror
Life: Life: Ai(3)-mm-vito 60 > 61
Resolve Stack: Whenever an opponent loses life, you gain that much life. (Damage causes loss of life.) [Player: Ai(4)-mm-baylen-tokens, Lost Amount: 1]
Add To Stack: Ai(3)-mm-vito triggered Vito, Thorn of the Dusk Rose targeting [Ai(4)-mm-baylen-tokens]
Life: Life: Ai(4)-mm-baylen-tokens 5 > 4
Resolve Stack: Whenever you gain life, target opponent loses that much life. (Targeting: [[Ai(4)-mm-baylen-tokens]]) [Player: Ai(3)-mm-vito, Gained Amount: 1]
Add To Stack: Ai(3)-mm-vito triggered Bloodthirsty Conqueror
Life: Life: Ai(3)-mm-vito 61 > 62
Resolve Stack: Whenever an opponent loses life, you gain that much life. (Damage causes loss of life.) [Player: Ai(4)-mm-baylen-tokens, Lost Amount: 1]
Add To Stack: Ai(3)-mm-vito triggered Vito, Thorn of the Dusk Rose targeting [Ai(4)-mm-baylen-tokens]
Life: Life: Ai(4)-mm-baylen-tokens 4 > 3
Resolve Stack: Whenever you gain life, target opponent loses that much life. (Targeting: [[Ai(4)-mm-baylen-tokens]]) [Player: Ai(3)-mm-vito, Gained Amount: 1]
Add To Stack: Ai(3)-mm-vito triggered Bloodthirsty Conqueror
Life: Life: Ai(3)-mm-vito 62 > 63
Resolve Stack: Whenever an opponent loses life, you gain that much life. (Damage causes loss of life.) [Player: Ai(4)-mm-baylen-tokens, Lost Amount: 1]
Add To Stack: Ai(3)-mm-vito triggered Vito, Thorn of the Dusk Rose targeting [Ai(4)-mm-baylen-tokens]
Life: Life: Ai(4)-mm-baylen-tokens 3 > 2
Resolve Stack: Whenever you gain life, target opponent loses that much life. (Targeting: [[Ai(4)-mm-baylen-tokens]]) [Player: Ai(3)-mm-vito, Gained Amount: 1]
Add To Stack: Ai(3)-mm-vito triggered Bloodthirsty Conqueror
Life: Life: Ai(3)-mm-vito 63 > 64
Resolve Stack: Whenever an opponent loses life, you gain that much life. (Damage causes loss of life.) [Player: Ai(4)-mm-baylen-tokens, Lost Amount: 1]
Add To Stack: Ai(3)-mm-vito triggered Vito, Thorn of the Dusk Rose targeting [Ai(4)-mm-baylen-tokens]
Life: Life: Ai(4)-mm-baylen-tokens 2 > 1
Resolve Stack: Whenever you gain life, target opponent loses that much life. (Targeting: [[Ai(4)-mm-baylen-tokens]]) [Player: Ai(3)-mm-vito, Gained Amount: 1]
Add To Stack: Ai(3)-mm-vito triggered Bloodthirsty Conqueror
Life: Life: Ai(3)-mm-vito 64 > 65
Resolve Stack: Whenever an opponent loses life, you gain that much life. (Damage causes loss of life.) [Player: Ai(4)-mm-baylen-tokens, Lost Amount: 1]
Add To Stack: Ai(3)-mm-vito triggered Vito, Thorn of the Dusk Rose targeting [Ai(4)-mm-baylen-tokens]
Life: Life: Ai(4)-mm-baylen-tokens 1 > 0
Resolve Stack: Whenever you gain life, target opponent loses that much life. (Targeting: [[Ai(4)-mm-baylen-tokens]]) [Player: Ai(3)-mm-vito, Gained Amount: 1]
Add To Stack: Ai(3)-mm-vito triggered Bloodthirsty Conqueror
Life: Life: Ai(3)-mm-vito 65 > 66
Resolve Stack: Whenever an opponent loses life, you gain that much life. (Damage causes loss of life.) [Player: Ai(4)-mm-baylen-tokens, Lost Amount: 1]
Add To Stack: Ai(3)-mm-vito triggered Vito, Thorn of the Dusk Rose targeting [Ai(1)-mm-zur-enchantress]
Life: Life: Ai(1)-mm-zur-enchantress 30 > 29
Resolve Stack: Whenever you gain life, target opponent loses that much life. (Targeting: [[Ai(1)-mm-zur-enchantress]]) [Player: Ai(3)-mm-vito, Gained Amount: 1]
Add To Stack: Ai(3)-mm-vito triggered Bloodthirsty Conqueror
Life: Life: Ai(3)-mm-vito 66 > 67
Resolve Stack: Whenever an opponent loses life, you gain that much life. (Damage causes loss of life.) [Player: Ai(1)-mm-zur-enchantress, Lost Amount: 1]
Add To Stack: Ai(3)-mm-vito triggered Vito, Thorn of the Dusk Rose targeting [Ai(1)-mm-zur-enchantress]
Life: Life: Ai(1)-mm-zur-enchantress 29 > 28
Resolve Stack: Whenever you gain life, target opponent loses that much life. (Targeting: [[Ai(1)-mm-zur-enchantress]]) [Player: Ai(3)-mm-vito, Gained Amount: 1]
Add To Stack: Ai(3)-mm-vito triggered Bloodthirsty Conqueror
Life: Life: Ai(3)-mm-vito 67 > 68
Resolve Stack: Whenever an opponent loses life, you gain that much life. (Damage causes loss of life.) [Player: Ai(1)-mm-zur-enchantress, Lost Amount: 1]
Add To Stack: Ai(3)-mm-vito triggered Vito, Thorn of the Dusk Rose targeting [Ai(1)-mm-zur-enchantress]
Life: Life: Ai(1)-mm-zur-enchantress 28 > 27
Resolve Stack: Whenever you gain life, target opponent loses that much life. (Targeting: [[Ai(1)-mm-zur-enchantress]]) [Player: Ai(3)-mm-vito, Gained Amount: 1]
Add To Stack: Ai(3)-mm-vito triggered Bloodthirsty Conqueror
Life: Life: Ai(3)-mm-vito 68 > 69
Resolve Stack: Whenever an opponent loses life, you gain that much life. (Damage causes loss of life.) [Player: Ai(1)-mm-zur-enchantress, Lost Amount: 1]
Add To Stack: Ai(3)-mm-vito triggered Vito, Thorn of the Dusk Rose targeting [Ai(1)-mm-zur-enchantress]
Life: Life: Ai(1)-mm-zur-enchantress 27 > 26
Resolve Stack: Whenever you gain life, target opponent loses that much life. (Targeting: [[Ai(1)-mm-zur-enchantress]]) [Player: Ai(3)-mm-vito, Gained Amount: 1]
Add To Stack: Ai(3)-mm-vito triggered Bloodthirsty Conqueror
Life: Life: Ai(3)-mm-vito 69 > 70
Resolve Stack: Whenever an opponent loses life, you gain that much life. (Damage causes loss of life.) [Player: Ai(1)-mm-zur-enchantress, Lost Amount: 1]
Add To Stack: Ai(3)-mm-vito triggered Vito, Thorn of the Dusk Rose targeting [Ai(1)-mm-zur-enchantress]
Life: Life: Ai(1)-mm-zur-enchantress 26 > 25
Resolve Stack: Whenever you gain life, target opponent loses that much life. (Targeting: [[Ai(1)-mm-zur-enchantress]]) [Player: Ai(3)-mm-vito, Gained Amount: 1]
Add To Stack: Ai(3)-mm-vito triggered Bloodthirsty Conqueror
Life: Life: Ai(3)-mm-vito 70 > 71
Resolve Stack: Whenever an opponent loses life, you gain that much life. (Damage causes loss of life.) [Player: Ai(1)-mm-zur-enchantress, Lost Amount: 1]
Add To Stack: Ai(3)-mm-vito triggered Vito, Thorn of the Dusk Rose targeting [Ai(1)-mm-zur-enchantress]
Life: Life: Ai(1)-mm-zur-enchantress 25 > 24
Resolve Stack: Whenever you gain life, target opponent loses that much life. (Targeting: [[Ai(1)-mm-zur-enchantress]]) [Player: Ai(3)-mm-vito, Gained Amount: 1]
Add To Stack: Ai(3)-mm-vito triggered Bloodthirsty Conqueror
Life: Life: Ai(3)-mm-vito 71 > 72
Resolve Stack: Whenever an opponent loses life, you gain that much life. (Damage causes loss of life.) [Player: Ai(1)-mm-zur-enchantress, Lost Amount: 1]
Add To Stack: Ai(3)-mm-vito triggered Vito, Thorn of the Dusk Rose targeting [Ai(1)-mm-zur-enchantress]
Life: Life: Ai(1)-mm-zur-enchantress 24 > 23
Resolve Stack: Whenever you gain life, target opponent loses that much life. (Targeting: [[Ai(1)-mm-zur-enchantress]]) [Player: Ai(3)-mm-vito, Gained Amount: 1]
Add To Stack: Ai(3)-mm-vito triggered Bloodthirsty Conqueror
Life: Life: Ai(3)-mm-vito 72 > 73
Resolve Stack: Whenever an opponent loses life, you gain that much life. (Damage causes loss of life.) [Player: Ai(1)-mm-zur-enchantress, Lost Amount: 1]
Add To Stack: Ai(3)-mm-vito triggered Vito, Thorn of the Dusk Rose targeting [Ai(1)-mm-zur-enchantress]
Life: Life: Ai(1)-mm-zur-enchantress 23 > 22
Resolve Stack: Whenever you gain life, target opponent loses that much life. (Targeting: [[Ai(1)-mm-zur-enchantress]]) [Player: Ai(3)-mm-vito, Gained Amount: 1]
Add To Stack: Ai(3)-mm-vito triggered Bloodthirsty Conqueror
Life: Life: Ai(3)-mm-vito 73 > 74
Resolve Stack: Whenever an opponent loses life, you gain that much life. (Damage causes loss of life.) [Player: Ai(1)-mm-zur-enchantress, Lost Amount: 1]
Add To Stack: Ai(3)-mm-vito triggered Vito, Thorn of the Dusk Rose targeting [Ai(1)-mm-zur-enchantress]
Life: Life: Ai(1)-mm-zur-enchantress 22 > 21
Resolve Stack: Whenever you gain life, target opponent loses that much life. (Targeting: [[Ai(1)-mm-zur-enchantress]]) [Player: Ai(3)-mm-vito, Gained Amount: 1]
Add To Stack: Ai(3)-mm-vito triggered Bloodthirsty Conqueror
Life: Life: Ai(3)-mm-vito 74 > 75
Resolve Stack: Whenever an opponent loses life, you gain that much life. (Damage causes loss of life.) [Player: Ai(1)-mm-zur-enchantress, Lost Amount: 1]
Add To Stack: Ai(3)-mm-vito triggered Vito, Thorn of the Dusk Rose targeting [Ai(1)-mm-zur-enchantress]
Life: Life: Ai(1)-mm-zur-enchantress 21 > 20
Resolve Stack: Whenever you gain life, target opponent loses that much life. (Targeting: [[Ai(1)-mm-zur-enchantress]]) [Player: Ai(3)-mm-vito, Gained Amount: 1]
Add To Stack: Ai(3)-mm-vito triggered Bloodthirsty Conqueror
Life: Life: Ai(3)-mm-vito 75 > 76
Resolve Stack: Whenever an opponent loses life, you gain that much life. (Damage causes loss of life.) [Player: Ai(1)-mm-zur-enchantress, Lost Amount: 1]
Add To Stack: Ai(3)-mm-vito triggered Vito, Thorn of the Dusk Rose targeting [Ai(1)-mm-zur-enchantress]
Life: Life: Ai(1)-mm-zur-enchantress 20 > 19
Resolve Stack: Whenever you gain life, target opponent loses that much life. (Targeting: [[Ai(1)-mm-zur-enchantress]]) [Player: Ai(3)-mm-vito, Gained Amount: 1]
Add To Stack: Ai(3)-mm-vito triggered Bloodthirsty Conqueror
Life: Life: Ai(3)-mm-vito 76 > 77
Resolve Stack: Whenever an opponent loses life, you gain that much life. (Damage causes loss of life.) [Player: Ai(1)-mm-zur-enchantress, Lost Amount: 1]
Add To Stack: Ai(3)-mm-vito triggered Vito, Thorn of the Dusk Rose targeting [Ai(1)-mm-zur-enchantress]
Life: Life: Ai(1)-mm-zur-enchantress 19 > 18
Resolve Stack: Whenever you gain life, target opponent loses that much life. (Targeting: [[Ai(1)-mm-zur-enchantress]]) [Player: Ai(3)-mm-vito, Gained Amount: 1]
Add To Stack: Ai(3)-mm-vito triggered Bloodthirsty Conqueror
Life: Life: Ai(3)-mm-vito 77 > 78
Resolve Stack: Whenever an opponent loses life, you gain that much life. (Damage causes loss of life.) [Player: Ai(1)-mm-zur-enchantress, Lost Amount: 1]
Add To Stack: Ai(3)-mm-vito triggered Vito, Thorn of the Dusk Rose targeting [Ai(1)-mm-zur-enchantress]
Life: Life: Ai(1)-mm-zur-enchantress 18 > 17
Resolve Stack: Whenever you gain life, target opponent loses that much life. (Targeting: [[Ai(1)-mm-zur-enchantress]]) [Player: Ai(3)-mm-vito, Gained Amount: 1]
Add To Stack: Ai(3)-mm-vito triggered Bloodthirsty Conqueror
Life: Life: Ai(3)-mm-vito 78 > 79
Resolve Stack: Whenever an opponent loses life, you gain that much life. (Damage causes loss of life.) [Player: Ai(1)-mm-zur-enchantress, Lost Amount: 1]
Add To Stack: Ai(3)-mm-vito triggered Vito, Thorn of the Dusk Rose targeting [Ai(1)-mm-zur-enchantress]
Life: Life: Ai(1)-mm-zur-enchantress 17 > 16
Resolve Stack: Whenever you gain life, target opponent loses that much life. (Targeting: [[Ai(1)-mm-zur-enchantress]]) [Player: Ai(3)-mm-vito, Gained Amount: 1]
Add To Stack: Ai(3)-mm-vito triggered Bloodthirsty Conqueror
Life: Life: Ai(3)-mm-vito 79 > 80
Resolve Stack: Whenever an opponent loses life, you gain that much life. (Damage causes loss of life.) [Player: Ai(1)-mm-zur-enchantress, Lost Amount: 1]
Add To Stack: Ai(3)-mm-vito triggered Vito, Thorn of the Dusk Rose targeting [Ai(1)-mm-zur-enchantress]
Life: Life: Ai(1)-mm-zur-enchantress 16 > 15
Resolve Stack: Whenever you gain life, target opponent loses that much life. (Targeting: [[Ai(1)-mm-zur-enchantress]]) [Player: Ai(3)-mm-vito, Gained Amount: 1]
Add To Stack: Ai(3)-mm-vito triggered Bloodthirsty Conqueror
Life: Life: Ai(3)-mm-vito 80 > 81
Resolve Stack: Whenever an opponent loses life, you gain that much life. (Damage causes loss of life.) [Player: Ai(1)-mm-zur-enchantress, Lost Amount: 1]
Add To Stack: Ai(3)-mm-vito triggered Vito, Thorn of the Dusk Rose targeting [Ai(1)-mm-zur-enchantress]
Life: Life: Ai(1)-mm-zur-enchantress 15 > 14
Resolve Stack: Whenever you gain life, target opponent loses that much life. (Targeting: [[Ai(1)-mm-zur-enchantress]]) [Player: Ai(3)-mm-vito, Gained Amount: 1]
Add To Stack: Ai(3)-mm-vito triggered Bloodthirsty Conqueror
Life: Life: Ai(3)-mm-vito 81 > 82
Resolve Stack: Whenever an opponent loses life, you gain that much life. (Damage causes loss of life.) [Player: Ai(1)-mm-zur-enchantress, Lost Amount: 1]
Add To Stack: Ai(3)-mm-vito triggered Vito, Thorn of the Dusk Rose targeting [Ai(1)-mm-zur-enchantress]
Life: Life: Ai(1)-mm-zur-enchantress 14 > 13
Resolve Stack: Whenever you gain life, target opponent loses that much life. (Targeting: [[Ai(1)-mm-zur-enchantress]]) [Player: Ai(3)-mm-vito, Gained Amount: 1]
Add To Stack: Ai(3)-mm-vito triggered Bloodthirsty Conqueror
Life: Life: Ai(3)-mm-vito 82 > 83
Resolve Stack: Whenever an opponent loses life, you gain that much life. (Damage causes loss of life.) [Player: Ai(1)-mm-zur-enchantress, Lost Amount: 1]
Add To Stack: Ai(3)-mm-vito triggered Vito, Thorn of the Dusk Rose targeting [Ai(1)-mm-zur-enchantress]
Life: Life: Ai(1)-mm-zur-enchantress 13 > 12
Resolve Stack: Whenever you gain life, target opponent loses that much life. (Targeting: [[Ai(1)-mm-zur-enchantress]]) [Player: Ai(3)-mm-vito, Gained Amount: 1]
Add To Stack: Ai(3)-mm-vito triggered Bloodthirsty Conqueror
Life: Life: Ai(3)-mm-vito 83 > 84
Resolve Stack: Whenever an opponent loses life, you gain that much life. (Damage causes loss of life.) [Player: Ai(1)-mm-zur-enchantress, Lost Amount: 1]
Add To Stack: Ai(3)-mm-vito triggered Vito, Thorn of the Dusk Rose targeting [Ai(1)-mm-zur-enchantress]
Life: Life: Ai(1)-mm-zur-enchantress 12 > 11
Resolve Stack: Whenever you gain life, target opponent loses that much life. (Targeting: [[Ai(1)-mm-zur-enchantress]]) [Player: Ai(3)-mm-vito, Gained Amount: 1]
Add To Stack: Ai(3)-mm-vito triggered Bloodthirsty Conqueror
Life: Life: Ai(3)-mm-vito 84 > 85
Resolve Stack: Whenever an opponent loses life, you gain that much life. (Damage causes loss of life.) [Player: Ai(1)-mm-zur-enchantress, Lost Amount: 1]
Add To Stack: Ai(3)-mm-vito triggered Vito, Thorn of the Dusk Rose targeting [Ai(1)-mm-zur-enchantress]
Life: Life: Ai(1)-mm-zur-enchantress 11 > 10
Resolve Stack: Whenever you gain life, target opponent loses that much life. (Targeting: [[Ai(1)-mm-zur-enchantress]]) [Player: Ai(3)-mm-vito, Gained Amount: 1]
Add To Stack: Ai(3)-mm-vito triggered Bloodthirsty Conqueror
Life: Life: Ai(3)-mm-vito 85 > 86
Resolve Stack: Whenever an opponent loses life, you gain that much life. (Damage causes loss of life.) [Player: Ai(1)-mm-zur-enchantress, Lost Amount: 1]
Add To Stack: Ai(3)-mm-vito triggered Vito, Thorn of the Dusk Rose targeting [Ai(1)-mm-zur-enchantress]
Life: Life: Ai(1)-mm-zur-enchantress 10 > 9
Resolve Stack: Whenever you gain life, target opponent loses that much life. (Targeting: [[Ai(1)-mm-zur-enchantress]]) [Player: Ai(3)-mm-vito, Gained Amount: 1]
Add To Stack: Ai(3)-mm-vito triggered Bloodthirsty Conqueror
Life: Life: Ai(3)-mm-vito 86 > 87
Resolve Stack: Whenever an opponent loses life, you gain that much life. (Damage causes loss of life.) [Player: Ai(1)-mm-zur-enchantress, Lost Amount: 1]
Add To Stack: Ai(3)-mm-vito triggered Vito, Thorn of the Dusk Rose targeting [Ai(1)-mm-zur-enchantress]
Life: Life: Ai(1)-mm-zur-enchantress 9 > 8
Resolve Stack: Whenever you gain life, target opponent loses that much life. (Targeting: [[Ai(1)-mm-zur-enchantress]]) [Player: Ai(3)-mm-vito, Gained Amount: 1]
Add To Stack: Ai(3)-mm-vito triggered Bloodthirsty Conqueror
Life: Life: Ai(3)-mm-vito 87 > 88
Resolve Stack: Whenever an opponent loses life, you gain that much life. (Damage causes loss of life.) [Player: Ai(1)-mm-zur-enchantress, Lost Amount: 1]
Add To Stack: Ai(3)-mm-vito triggered Vito, Thorn of the Dusk Rose targeting [Ai(1)-mm-zur-enchantress]
Life: Life: Ai(1)-mm-zur-enchantress 8 > 7
Resolve Stack: Whenever you gain life, target opponent loses that much life. (Targeting: [[Ai(1)-mm-zur-enchantress]]) [Player: Ai(3)-mm-vito, Gained Amount: 1]
Add To Stack: Ai(3)-mm-vito triggered Bloodthirsty Conqueror
Life: Life: Ai(3)-mm-vito 88 > 89
Resolve Stack: Whenever an opponent loses life, you gain that much life. (Damage causes loss of life.) [Player: Ai(1)-mm-zur-enchantress, Lost Amount: 1]
Add To Stack: Ai(3)-mm-vito triggered Vito, Thorn of the Dusk Rose targeting [Ai(1)-mm-zur-enchantress]
Life: Life: Ai(1)-mm-zur-enchantress 7 > 6
Resolve Stack: Whenever you gain life, target opponent loses that much life. (Targeting: [[Ai(1)-mm-zur-enchantress]]) [Player: Ai(3)-mm-vito, Gained Amount: 1]
Add To Stack: Ai(3)-mm-vito triggered Bloodthirsty Conqueror
Life: Life: Ai(3)-mm-vito 89 > 90
Resolve Stack: Whenever an opponent loses life, you gain that much life. (Damage causes loss of life.) [Player: Ai(1)-mm-zur-enchantress, Lost Amount: 1]
Add To Stack: Ai(3)-mm-vito triggered Vito, Thorn of the Dusk Rose targeting [Ai(1)-mm-zur-enchantress]
Life: Life: Ai(1)-mm-zur-enchantress 6 > 5
Resolve Stack: Whenever you gain life, target opponent loses that much life. (Targeting: [[Ai(1)-mm-zur-enchantress]]) [Player: Ai(3)-mm-vito, Gained Amount: 1]
Add To Stack: Ai(3)-mm-vito triggered Bloodthirsty Conqueror
Life: Life: Ai(3)-mm-vito 90 > 91
Resolve Stack: Whenever an opponent loses life, you gain that much life. (Damage causes loss of life.) [Player: Ai(1)-mm-zur-enchantress, Lost Amount: 1]
Add To Stack: Ai(3)-mm-vito triggered Vito, Thorn of the Dusk Rose targeting [Ai(1)-mm-zur-enchantress]
Life: Life: Ai(1)-mm-zur-enchantress 5 > 4
Resolve Stack: Whenever you gain life, target opponent loses that much life. (Targeting: [[Ai(1)-mm-zur-enchantress]]) [Player: Ai(3)-mm-vito, Gained Amount: 1]
Add To Stack: Ai(3)-mm-vito triggered Bloodthirsty Conqueror
Life: Life: Ai(3)-mm-vito 91 > 92
Resolve Stack: Whenever an opponent loses life, you gain that much life. (Damage causes loss of life.) [Player: Ai(1)-mm-zur-enchantress, Lost Amount: 1]
Add To Stack: Ai(3)-mm-vito triggered Vito, Thorn of the Dusk Rose targeting [Ai(1)-mm-zur-enchantress]
Life: Life: Ai(1)-mm-zur-enchantress 4 > 3
Resolve Stack: Whenever you gain life, target opponent loses that much life. (Targeting: [[Ai(1)-mm-zur-enchantress]]) [Player: Ai(3)-mm-vito, Gained Amount: 1]
Add To Stack: Ai(3)-mm-vito triggered Bloodthirsty Conqueror
Life: Life: Ai(3)-mm-vito 92 > 93
Resolve Stack: Whenever an opponent loses life, you gain that much life. (Damage causes loss of life.) [Player: Ai(1)-mm-zur-enchantress, Lost Amount: 1]
Add To Stack: Ai(3)-mm-vito triggered Vito, Thorn of the Dusk Rose targeting [Ai(1)-mm-zur-enchantress]
Life: Life: Ai(1)-mm-zur-enchantress 3 > 2
Resolve Stack: Whenever you gain life, target opponent loses that much life. (Targeting: [[Ai(1)-mm-zur-enchantress]]) [Player: Ai(3)-mm-vito, Gained Amount: 1]
Add To Stack: Ai(3)-mm-vito triggered Bloodthirsty Conqueror
Life: Life: Ai(3)-mm-vito 93 > 94
Resolve Stack: Whenever an opponent loses life, you gain that much life. (Damage causes loss of life.) [Player: Ai(1)-mm-zur-enchantress, Lost Amount: 1]
Add To Stack: Ai(3)-mm-vito triggered Vito, Thorn of the Dusk Rose targeting [Ai(1)-mm-zur-enchantress]
Life: Life: Ai(1)-mm-zur-enchantress 2 > 1
Resolve Stack: Whenever you gain life, target opponent loses that much life. (Targeting: [[Ai(1)-mm-zur-enchantress]]) [Player: Ai(3)-mm-vito, Gained Amount: 1]
Add To Stack: Ai(3)-mm-vito triggered Bloodthirsty Conqueror
Life: Life: Ai(3)-mm-vito 94 > 95
Resolve Stack: Whenever an opponent loses life, you gain that much life. (Damage causes loss of life.) [Player: Ai(1)-mm-zur-enchantress, Lost Amount: 1]
Add To Stack: Ai(3)-mm-vito triggered Vito, Thorn of the Dusk Rose targeting [Ai(1)-mm-zur-enchantress]
Life: Life: Ai(1)-mm-zur-enchantress 1 > 0
Resolve Stack: Whenever you gain life, target opponent loses that much life. (Targeting: [[Ai(1)-mm-zur-enchantress]]) [Player: Ai(3)-mm-vito, Gained Amount: 1]
Add To Stack: Ai(3)-mm-vito triggered Bloodthirsty Conqueror
Life: Life: Ai(3)-mm-vito 95 > 96
Resolve Stack: Whenever an opponent loses life, you gain that much life. (Damage causes loss of life.) [Player: Ai(1)-mm-zur-enchantress, Lost Amount: 1]
Add To Stack: Ai(3)-mm-vito triggered Vito, Thorn of the Dusk Rose targeting [Ai(2)-mm-giada-angels]
Life: Life: Ai(2)-mm-giada-angels 49 > 48
Resolve Stack: Whenever you gain life, target opponent loses that much life. (Targeting: [[Ai(2)-mm-giada-angels]]) [Player: Ai(3)-mm-vito, Gained Amount: 1]
Add To Stack: Ai(3)-mm-vito triggered Bloodthirsty Conqueror
Life: Life: Ai(3)-mm-vito 96 > 97
Resolve Stack: Whenever an opponent loses life, you gain that much life. (Damage causes loss of life.) [Player: Ai(2)-mm-giada-angels, Lost Amount: 1]
Add To Stack: Ai(3)-mm-vito triggered Vito, Thorn of the Dusk Rose targeting [Ai(2)-mm-giada-angels]
Life: Life: Ai(2)-mm-giada-angels 48 > 47
Resolve Stack: Whenever you gain life, target opponent loses that much life. (Targeting: [[Ai(2)-mm-giada-angels]]) [Player: Ai(3)-mm-vito, Gained Amount: 1]
Add To Stack: Ai(3)-mm-vito triggered Bloodthirsty Conqueror
Life: Life: Ai(3)-mm-vito 97 > 98
Resolve Stack: Whenever an opponent loses life, you gain that much life. (Damage causes loss of life.) [Player: Ai(2)-mm-giada-angels, Lost Amount: 1]
Add To Stack: Ai(3)-mm-vito triggered Vito, Thorn of the Dusk Rose targeting [Ai(2)-mm-giada-angels]
Life: Life: Ai(2)-mm-giada-angels 47 > 46
Resolve Stack: Whenever you gain life, target opponent loses that much life. (Targeting: [[Ai(2)-mm-giada-angels]]) [Player: Ai(3)-mm-vito, Gained Amount: 1]
Add To Stack: Ai(3)-mm-vito triggered Bloodthirsty Conqueror
Life: Life: Ai(3)-mm-vito 98 > 99
Resolve Stack: Whenever an opponent loses life, you gain that much life. (Damage causes loss of life.) [Player: Ai(2)-mm-giada-angels, Lost Amount: 1]
Add To Stack: Ai(3)-mm-vito triggered Vito, Thorn of the Dusk Rose targeting [Ai(2)-mm-giada-angels]
Life: Life: Ai(2)-mm-giada-angels 46 > 45
Resolve Stack: Whenever you gain life, target opponent loses that much life. (Targeting: [[Ai(2)-mm-giada-angels]]) [Player: Ai(3)-mm-vito, Gained Amount: 1]
Add To Stack: Ai(3)-mm-vito triggered Bloodthirsty Conqueror
Life: Life: Ai(3)-mm-vito 99 > 100
Resolve Stack: Whenever an opponent loses life, you gain that much life. (Damage causes loss of life.) [Player: Ai(2)-mm-giada-angels, Lost Amount: 1]
Add To Stack: Ai(3)-mm-vito triggered Vito, Thorn of the Dusk Rose targeting [Ai(2)-mm-giada-angels]
Life: Life: Ai(2)-mm-giada-angels 45 > 44
Resolve Stack: Whenever you gain life, target opponent loses that much life. (Targeting: [[Ai(2)-mm-giada-angels]]) [Player: Ai(3)-mm-vito, Gained Amount: 1]
Add To Stack: Ai(3)-mm-vito triggered Bloodthirsty Conqueror
Life: Life: Ai(3)-mm-vito 100 > 101
Resolve Stack: Whenever an opponent loses life, you gain that much life. (Damage causes loss of life.) [Player: Ai(2)-mm-giada-angels, Lost Amount: 1]
Add To Stack: Ai(3)-mm-vito triggered Vito, Thorn of the Dusk Rose targeting [Ai(2)-mm-giada-angels]
Life: Life: Ai(2)-mm-giada-angels 44 > 43
Resolve Stack: Whenever you gain life, target opponent loses that much life. (Targeting: [[Ai(2)-mm-giada-angels]]) [Player: Ai(3)-mm-vito, Gained Amount: 1]
Add To Stack: Ai(3)-mm-vito triggered Bloodthirsty Conqueror
Life: Life: Ai(3)-mm-vito 101 > 102
Resolve Stack: Whenever an opponent loses life, you gain that much life. (Damage causes loss of life.) [Player: Ai(2)-mm-giada-angels, Lost Amount: 1]
Add To Stack: Ai(3)-mm-vito triggered Vito, Thorn of the Dusk Rose targeting [Ai(2)-mm-giada-angels]
Life: Life: Ai(2)-mm-giada-angels 43 > 42
Resolve Stack: Whenever you gain life, target opponent loses that much life. (Targeting: [[Ai(2)-mm-giada-angels]]) [Player: Ai(3)-mm-vito, Gained Amount: 1]
Add To Stack: Ai(3)-mm-vito triggered Bloodthirsty Conqueror
Life: Life: Ai(3)-mm-vito 102 > 103
Resolve Stack: Whenever an opponent loses life, you gain that much life. (Damage causes loss of life.) [Player: Ai(2)-mm-giada-angels, Lost Amount: 1]
Add To Stack: Ai(3)-mm-vito triggered Vito, Thorn of the Dusk Rose targeting [Ai(2)-mm-giada-angels]
Life: Life: Ai(2)-mm-giada-angels 42 > 41
Resolve Stack: Whenever you gain life, target opponent loses that much life. (Targeting: [[Ai(2)-mm-giada-angels]]) [Player: Ai(3)-mm-vito, Gained Amount: 1]
Add To Stack: Ai(3)-mm-vito triggered Bloodthirsty Conqueror
Life: Life: Ai(3)-mm-vito 103 > 104
Resolve Stack: Whenever an opponent loses life, you gain that much life. (Damage causes loss of life.) [Player: Ai(2)-mm-giada-angels, Lost Amount: 1]
Add To Stack: Ai(3)-mm-vito triggered Vito, Thorn of the Dusk Rose targeting [Ai(2)-mm-giada-angels]
Life: Life: Ai(2)-mm-giada-angels 41 > 40
Resolve Stack: Whenever you gain life, target opponent loses that much life. (Targeting: [[Ai(2)-mm-giada-angels]]) [Player: Ai(3)-mm-vito, Gained Amount: 1]
Add To Stack: Ai(3)-mm-vito triggered Bloodthirsty Conqueror
Life: Life: Ai(3)-mm-vito 104 > 105
Resolve Stack: Whenever an opponent loses life, you gain that much life. (Damage causes loss of life.) [Player: Ai(2)-mm-giada-angels, Lost Amount: 1]
Add To Stack: Ai(3)-mm-vito triggered Vito, Thorn of the Dusk Rose targeting [Ai(2)-mm-giada-angels]
Life: Life: Ai(2)-mm-giada-angels 40 > 39
Resolve Stack: Whenever you gain life, target opponent loses that much life. (Targeting: [[Ai(2)-mm-giada-angels]]) [Player: Ai(3)-mm-vito, Gained Amount: 1]
Add To Stack: Ai(3)-mm-vito triggered Bloodthirsty Conqueror
Life: Life: Ai(3)-mm-vito 105 > 106
Resolve Stack: Whenever an opponent loses life, you gain that much life. (Damage causes loss of life.) [Player: Ai(2)-mm-giada-angels, Lost Amount: 1]
Add To Stack: Ai(3)-mm-vito triggered Vito, Thorn of the Dusk Rose targeting [Ai(2)-mm-giada-angels]
Life: Life: Ai(2)-mm-giada-angels 39 > 38
Resolve Stack: Whenever you gain life, target opponent loses that much life. (Targeting: [[Ai(2)-mm-giada-angels]]) [Player: Ai(3)-mm-vito, Gained Amount: 1]
Add To Stack: Ai(3)-mm-vito triggered Bloodthirsty Conqueror
Life: Life: Ai(3)-mm-vito 106 > 107
Resolve Stack: Whenever an opponent loses life, you gain that much life. (Damage causes loss of life.) [Player: Ai(2)-mm-giada-angels, Lost Amount: 1]
Add To Stack: Ai(3)-mm-vito triggered Vito, Thorn of the Dusk Rose targeting [Ai(2)-mm-giada-angels]
Life: Life: Ai(2)-mm-giada-angels 38 > 37
Resolve Stack: Whenever you gain life, target opponent loses that much life. (Targeting: [[Ai(2)-mm-giada-angels]]) [Player: Ai(3)-mm-vito, Gained Amount: 1]
Add To Stack: Ai(3)-mm-vito triggered Bloodthirsty Conqueror
Life: Life: Ai(3)-mm-vito 107 > 108
Resolve Stack: Whenever an opponent loses life, you gain that much life. (Damage causes loss of life.) [Player: Ai(2)-mm-giada-angels, Lost Amount: 1]
Add To Stack: Ai(3)-mm-vito triggered Vito, Thorn of the Dusk Rose targeting [Ai(2)-mm-giada-angels]
Life: Life: Ai(2)-mm-giada-angels 37 > 36
Resolve Stack: Whenever you gain life, target opponent loses that much life. (Targeting: [[Ai(2)-mm-giada-angels]]) [Player: Ai(3)-mm-vito, Gained Amount: 1]
Add To Stack: Ai(3)-mm-vito triggered Bloodthirsty Conqueror
Life: Life: Ai(3)-mm-vito 108 > 109
Resolve Stack: Whenever an opponent loses life, you gain that much life. (Damage causes loss of life.) [Player: Ai(2)-mm-giada-angels, Lost Amount: 1]
Add To Stack: Ai(3)-mm-vito triggered Vito, Thorn of the Dusk Rose targeting [Ai(2)-mm-giada-angels]
Life: Life: Ai(2)-mm-giada-angels 36 > 35
Resolve Stack: Whenever you gain life, target opponent loses that much life. (Targeting: [[Ai(2)-mm-giada-angels]]) [Player: Ai(3)-mm-vito, Gained Amount: 1]
Add To Stack: Ai(3)-mm-vito triggered Bloodthirsty Conqueror
Life: Life: Ai(3)-mm-vito 109 > 110
Resolve Stack: Whenever an opponent loses life, you gain that much life. (Damage causes loss of life.) [Player: Ai(2)-mm-giada-angels, Lost Amount: 1]
Add To Stack: Ai(3)-mm-vito triggered Vito, Thorn of the Dusk Rose targeting [Ai(2)-mm-giada-angels]
Life: Life: Ai(2)-mm-giada-angels 35 > 34
Resolve Stack: Whenever you gain life, target opponent loses that much life. (Targeting: [[Ai(2)-mm-giada-angels]]) [Player: Ai(3)-mm-vito, Gained Amount: 1]
Add To Stack: Ai(3)-mm-vito triggered Bloodthirsty Conqueror
Life: Life: Ai(3)-mm-vito 110 > 111
Resolve Stack: Whenever an opponent loses life, you gain that much life. (Damage causes loss of life.) [Player: Ai(2)-mm-giada-angels, Lost Amount: 1]
Add To Stack: Ai(3)-mm-vito triggered Vito, Thorn of the Dusk Rose targeting [Ai(2)-mm-giada-angels]
Life: Life: Ai(2)-mm-giada-angels 34 > 33
Resolve Stack: Whenever you gain life, target opponent loses that much life. (Targeting: [[Ai(2)-mm-giada-angels]]) [Player: Ai(3)-mm-vito, Gained Amount: 1]
Add To Stack: Ai(3)-mm-vito triggered Bloodthirsty Conqueror
Life: Life: Ai(3)-mm-vito 111 > 112
Resolve Stack: Whenever an opponent loses life, you gain that much life. (Damage causes loss of life.) [Player: Ai(2)-mm-giada-angels, Lost Amount: 1]
Add To Stack: Ai(3)-mm-vito triggered Vito, Thorn of the Dusk Rose targeting [Ai(2)-mm-giada-angels]
Life: Life: Ai(2)-mm-giada-angels 33 > 32
Resolve Stack: Whenever you gain life, target opponent loses that much life. (Targeting: [[Ai(2)-mm-giada-angels]]) [Player: Ai(3)-mm-vito, Gained Amount: 1]
Add To Stack: Ai(3)-mm-vito triggered Bloodthirsty Conqueror
Life: Life: Ai(3)-mm-vito 112 > 113
Resolve Stack: Whenever an opponent loses life, you gain that much life. (Damage causes loss of life.) [Player: Ai(2)-mm-giada-angels, Lost Amount: 1]
Add To Stack: Ai(3)-mm-vito triggered Vito, Thorn of the Dusk Rose targeting [Ai(2)-mm-giada-angels]
Life: Life: Ai(2)-mm-giada-angels 32 > 31
Resolve Stack: Whenever you gain life, target opponent loses that much life. (Targeting: [[Ai(2)-mm-giada-angels]]) [Player: Ai(3)-mm-vito, Gained Amount: 1]
Add To Stack: Ai(3)-mm-vito triggered Bloodthirsty Conqueror
Life: Life: Ai(3)-mm-vito 113 > 114
Resolve Stack: Whenever an opponent loses life, you gain that much life. (Damage causes loss of life.) [Player: Ai(2)-mm-giada-angels, Lost Amount: 1]
Add To Stack: Ai(3)-mm-vito triggered Vito, Thorn of the Dusk Rose targeting [Ai(2)-mm-giada-angels]
Life: Life: Ai(2)-mm-giada-angels 31 > 30
Resolve Stack: Whenever you gain life, target opponent loses that much life. (Targeting: [[Ai(2)-mm-giada-angels]]) [Player: Ai(3)-mm-vito, Gained Amount: 1]
Add To Stack: Ai(3)-mm-vito triggered Bloodthirsty Conqueror
Life: Life: Ai(3)-mm-vito 114 > 115
Resolve Stack: Whenever an opponent loses life, you gain that much life. (Damage causes loss of life.) [Player: Ai(2)-mm-giada-angels, Lost Amount: 1]
Add To Stack: Ai(3)-mm-vito triggered Vito, Thorn of the Dusk Rose targeting [Ai(2)-mm-giada-angels]
Life: Life: Ai(2)-mm-giada-angels 30 > 29
Resolve Stack: Whenever you gain life, target opponent loses that much life. (Targeting: [[Ai(2)-mm-giada-angels]]) [Player: Ai(3)-mm-vito, Gained Amount: 1]
Add To Stack: Ai(3)-mm-vito triggered Bloodthirsty Conqueror
Life: Life: Ai(3)-mm-vito 115 > 116
Resolve Stack: Whenever an opponent loses life, you gain that much life. (Damage causes loss of life.) [Player: Ai(2)-mm-giada-angels, Lost Amount: 1]
Add To Stack: Ai(3)-mm-vito triggered Vito, Thorn of the Dusk Rose targeting [Ai(2)-mm-giada-angels]
Life: Life: Ai(2)-mm-giada-angels 29 > 28
Resolve Stack: Whenever you gain life, target opponent loses that much life. (Targeting: [[Ai(2)-mm-giada-angels]]) [Player: Ai(3)-mm-vito, Gained Amount: 1]
Add To Stack: Ai(3)-mm-vito triggered Bloodthirsty Conqueror
Life: Life: Ai(3)-mm-vito 116 > 117
Resolve Stack: Whenever an opponent loses life, you gain that much life. (Damage causes loss of life.) [Player: Ai(2)-mm-giada-angels, Lost Amount: 1]
Add To Stack: Ai(3)-mm-vito triggered Vito, Thorn of the Dusk Rose targeting [Ai(2)-mm-giada-angels]
Life: Life: Ai(2)-mm-giada-angels 28 > 27
Resolve Stack: Whenever you gain life, target opponent loses that much life. (Targeting: [[Ai(2)-mm-giada-angels]]) [Player: Ai(3)-mm-vito, Gained Amount: 1]
Add To Stack: Ai(3)-mm-vito triggered Bloodthirsty Conqueror
Life: Life: Ai(3)-mm-vito 117 > 118
Resolve Stack: Whenever an opponent loses life, you gain that much life. (Damage causes loss of life.) [Player: Ai(2)-mm-giada-angels, Lost Amount: 1]
Add To Stack: Ai(3)-mm-vito triggered Vito, Thorn of the Dusk Rose targeting [Ai(2)-mm-giada-angels]
Life: Life: Ai(2)-mm-giada-angels 27 > 26
Resolve Stack: Whenever you gain life, target opponent loses that much life. (Targeting: [[Ai(2)-mm-giada-angels]]) [Player: Ai(3)-mm-vito, Gained Amount: 1]
Add To Stack: Ai(3)-mm-vito triggered Bloodthirsty Conqueror
Life: Life: Ai(3)-mm-vito 118 > 119
Resolve Stack: Whenever an opponent loses life, you gain that much life. (Damage causes loss of life.) [Player: Ai(2)-mm-giada-angels, Lost Amount: 1]
Add To Stack: Ai(3)-mm-vito triggered Vito, Thorn of the Dusk Rose targeting [Ai(2)-mm-giada-angels]
Life: Life: Ai(2)-mm-giada-angels 26 > 25
Resolve Stack: Whenever you gain life, target opponent loses that much life. (Targeting: [[Ai(2)-mm-giada-angels]]) [Player: Ai(3)-mm-vito, Gained Amount: 1]
Add To Stack: Ai(3)-mm-vito triggered Bloodthirsty Conqueror
Life: Life: Ai(3)-mm-vito 119 > 120
Resolve Stack: Whenever an opponent loses life, you gain that much life. (Damage causes loss of life.) [Player: Ai(2)-mm-giada-angels, Lost Amount: 1]
Add To Stack: Ai(3)-mm-vito triggered Vito, Thorn of the Dusk Rose targeting [Ai(2)-mm-giada-angels]
Life: Life: Ai(2)-mm-giada-angels 25 > 24
Resolve Stack: Whenever you gain life, target opponent loses that much life. (Targeting: [[Ai(2)-mm-giada-angels]]) [Player: Ai(3)-mm-vito, Gained Amount: 1]
Add To Stack: Ai(3)-mm-vito triggered Bloodthirsty Conqueror
Life: Life: Ai(3)-mm-vito 120 > 121
Resolve Stack: Whenever an opponent loses life, you gain that much life. (Damage causes loss of life.) [Player: Ai(2)-mm-giada-angels, Lost Amount: 1]
Add To Stack: Ai(3)-mm-vito triggered Vito, Thorn of the Dusk Rose targeting [Ai(2)-mm-giada-angels]
Life: Life: Ai(2)-mm-giada-angels 24 > 23
Resolve Stack: Whenever you gain life, target opponent loses that much life. (Targeting: [[Ai(2)-mm-giada-angels]]) [Player: Ai(3)-mm-vito, Gained Amount: 1]
Add To Stack: Ai(3)-mm-vito triggered Bloodthirsty Conqueror
Life: Life: Ai(3)-mm-vito 121 > 122
Resolve Stack: Whenever an opponent loses life, you gain that much life. (Damage causes loss of life.) [Player: Ai(2)-mm-giada-angels, Lost Amount: 1]
Add To Stack: Ai(3)-mm-vito triggered Vito, Thorn of the Dusk Rose targeting [Ai(2)-mm-giada-angels]
Life: Life: Ai(2)-mm-giada-angels 23 > 22
Resolve Stack: Whenever you gain life, target opponent loses that much life. (Targeting: [[Ai(2)-mm-giada-angels]]) [Player: Ai(3)-mm-vito, Gained Amount: 1]
Add To Stack: Ai(3)-mm-vito triggered Bloodthirsty Conqueror
Life: Life: Ai(3)-mm-vito 122 > 123
Resolve Stack: Whenever an opponent loses life, you gain that much life. (Damage causes loss of life.) [Player: Ai(2)-mm-giada-angels, Lost Amount: 1]
Add To Stack: Ai(3)-mm-vito triggered Vito, Thorn of the Dusk Rose targeting [Ai(2)-mm-giada-angels]
Life: Life: Ai(2)-mm-giada-angels 22 > 21
Resolve Stack: Whenever you gain life, target opponent loses that much life. (Targeting: [[Ai(2)-mm-giada-angels]]) [Player: Ai(3)-mm-vito, Gained Amount: 1]
Add To Stack: Ai(3)-mm-vito triggered Bloodthirsty Conqueror
Life: Life: Ai(3)-mm-vito 123 > 124
Resolve Stack: Whenever an opponent loses life, you gain that much life. (Damage causes loss of life.) [Player: Ai(2)-mm-giada-angels, Lost Amount: 1]
Add To Stack: Ai(3)-mm-vito triggered Vito, Thorn of the Dusk Rose targeting [Ai(2)-mm-giada-angels]
Life: Life: Ai(2)-mm-giada-angels 21 > 20
Resolve Stack: Whenever you gain life, target opponent loses that much life. (Targeting: [[Ai(2)-mm-giada-angels]]) [Player: Ai(3)-mm-vito, Gained Amount: 1]
Add To Stack: Ai(3)-mm-vito triggered Bloodthirsty Conqueror
Life: Life: Ai(3)-mm-vito 124 > 125
Resolve Stack: Whenever an opponent loses life, you gain that much life. (Damage causes loss of life.) [Player: Ai(2)-mm-giada-angels, Lost Amount: 1]
Add To Stack: Ai(3)-mm-vito triggered Vito, Thorn of the Dusk Rose targeting [Ai(2)-mm-giada-angels]
Life: Life: Ai(2)-mm-giada-angels 20 > 19
Resolve Stack: Whenever you gain life, target opponent loses that much life. (Targeting: [[Ai(2)-mm-giada-angels]]) [Player: Ai(3)-mm-vito, Gained Amount: 1]
Add To Stack: Ai(3)-mm-vito triggered Bloodthirsty Conqueror
Life: Life: Ai(3)-mm-vito 125 > 126
Resolve Stack: Whenever an opponent loses life, you gain that much life. (Damage causes loss of life.) [Player: Ai(2)-mm-giada-angels, Lost Amount: 1]
Add To Stack: Ai(3)-mm-vito triggered Vito, Thorn of the Dusk Rose targeting [Ai(2)-mm-giada-angels]
Life: Life: Ai(2)-mm-giada-angels 19 > 18
Resolve Stack: Whenever you gain life, target opponent loses that much life. (Targeting: [[Ai(2)-mm-giada-angels]]) [Player: Ai(3)-mm-vito, Gained Amount: 1]
Add To Stack: Ai(3)-mm-vito triggered Bloodthirsty Conqueror
Life: Life: Ai(3)-mm-vito 126 > 127
Resolve Stack: Whenever an opponent loses life, you gain that much life. (Damage causes loss of life.) [Player: Ai(2)-mm-giada-angels, Lost Amount: 1]
Add To Stack: Ai(3)-mm-vito triggered Vito, Thorn of the Dusk Rose targeting [Ai(2)-mm-giada-angels]
Life: Life: Ai(2)-mm-giada-angels 18 > 17
Resolve Stack: Whenever you gain life, target opponent loses that much life. (Targeting: [[Ai(2)-mm-giada-angels]]) [Player: Ai(3)-mm-vito, Gained Amount: 1]
Add To Stack: Ai(3)-mm-vito triggered Bloodthirsty Conqueror
Life: Life: Ai(3)-mm-vito 127 > 128
Resolve Stack: Whenever an opponent loses life, you gain that much life. (Damage causes loss of life.) [Player: Ai(2)-mm-giada-angels, Lost Amount: 1]
Add To Stack: Ai(3)-mm-vito triggered Vito, Thorn of the Dusk Rose targeting [Ai(2)-mm-giada-angels]
Life: Life: Ai(2)-mm-giada-angels 17 > 16
Resolve Stack: Whenever you gain life, target opponent loses that much life. (Targeting: [[Ai(2)-mm-giada-angels]]) [Player: Ai(3)-mm-vito, Gained Amount: 1]
Add To Stack: Ai(3)-mm-vito triggered Bloodthirsty Conqueror
Life: Life: Ai(3)-mm-vito 128 > 129
Resolve Stack: Whenever an opponent loses life, you gain that much life. (Damage causes loss of life.) [Player: Ai(2)-mm-giada-angels, Lost Amount: 1]
Add To Stack: Ai(3)-mm-vito triggered Vito, Thorn of the Dusk Rose targeting [Ai(2)-mm-giada-angels]
Life: Life: Ai(2)-mm-giada-angels 16 > 15
Resolve Stack: Whenever you gain life, target opponent loses that much life. (Targeting: [[Ai(2)-mm-giada-angels]]) [Player: Ai(3)-mm-vito, Gained Amount: 1]
Add To Stack: Ai(3)-mm-vito triggered Bloodthirsty Conqueror
Life: Life: Ai(3)-mm-vito 129 > 130
Resolve Stack: Whenever an opponent loses life, you gain that much life. (Damage causes loss of life.) [Player: Ai(2)-mm-giada-angels, Lost Amount: 1]
Add To Stack: Ai(3)-mm-vito triggered Vito, Thorn of the Dusk Rose targeting [Ai(2)-mm-giada-angels]
Life: Life: Ai(2)-mm-giada-angels 15 > 14
Resolve Stack: Whenever you gain life, target opponent loses that much life. (Targeting: [[Ai(2)-mm-giada-angels]]) [Player: Ai(3)-mm-vito, Gained Amount: 1]
Add To Stack: Ai(3)-mm-vito triggered Bloodthirsty Conqueror
Life: Life: Ai(3)-mm-vito 130 > 131
Resolve Stack: Whenever an opponent loses life, you gain that much life. (Damage causes loss of life.) [Player: Ai(2)-mm-giada-angels, Lost Amount: 1]
Add To Stack: Ai(3)-mm-vito triggered Vito, Thorn of the Dusk Rose targeting [Ai(2)-mm-giada-angels]
Life: Life: Ai(2)-mm-giada-angels 14 > 13
Resolve Stack: Whenever you gain life, target opponent loses that much life. (Targeting: [[Ai(2)-mm-giada-angels]]) [Player: Ai(3)-mm-vito, Gained Amount: 1]
Add To Stack: Ai(3)-mm-vito triggered Bloodthirsty Conqueror
Life: Life: Ai(3)-mm-vito 131 > 132
Resolve Stack: Whenever an opponent loses life, you gain that much life. (Damage causes loss of life.) [Player: Ai(2)-mm-giada-angels, Lost Amount: 1]
Add To Stack: Ai(3)-mm-vito triggered Vito, Thorn of the Dusk Rose targeting [Ai(2)-mm-giada-angels]
Life: Life: Ai(2)-mm-giada-angels 13 > 12
Resolve Stack: Whenever you gain life, target opponent loses that much life. (Targeting: [[Ai(2)-mm-giada-angels]]) [Player: Ai(3)-mm-vito, Gained Amount: 1]
Add To Stack: Ai(3)-mm-vito triggered Bloodthirsty Conqueror
Life: Life: Ai(3)-mm-vito 132 > 133
Resolve Stack: Whenever an opponent loses life, you gain that much life. (Damage causes loss of life.) [Player: Ai(2)-mm-giada-angels, Lost Amount: 1]
Add To Stack: Ai(3)-mm-vito triggered Vito, Thorn of the Dusk Rose targeting [Ai(2)-mm-giada-angels]
Life: Life: Ai(2)-mm-giada-angels 12 > 11
Resolve Stack: Whenever you gain life, target opponent loses that much life. (Targeting: [[Ai(2)-mm-giada-angels]]) [Player: Ai(3)-mm-vito, Gained Amount: 1]
Add To Stack: Ai(3)-mm-vito triggered Bloodthirsty Conqueror
Life: Life: Ai(3)-mm-vito 133 > 134
Resolve Stack: Whenever an opponent loses life, you gain that much life. (Damage causes loss of life.) [Player: Ai(2)-mm-giada-angels, Lost Amount: 1]
Add To Stack: Ai(3)-mm-vito triggered Vito, Thorn of the Dusk Rose targeting [Ai(2)-mm-giada-angels]
Life: Life: Ai(2)-mm-giada-angels 11 > 10
Resolve Stack: Whenever you gain life, target opponent loses that much life. (Targeting: [[Ai(2)-mm-giada-angels]]) [Player: Ai(3)-mm-vito, Gained Amount: 1]
Add To Stack: Ai(3)-mm-vito triggered Bloodthirsty Conqueror
Life: Life: Ai(3)-mm-vito 134 > 135
Resolve Stack: Whenever an opponent loses life, you gain that much life. (Damage causes loss of life.) [Player: Ai(2)-mm-giada-angels, Lost Amount: 1]
Add To Stack: Ai(3)-mm-vito triggered Vito, Thorn of the Dusk Rose targeting [Ai(2)-mm-giada-angels]
Life: Life: Ai(2)-mm-giada-angels 10 > 9
Resolve Stack: Whenever you gain life, target opponent loses that much life. (Targeting: [[Ai(2)-mm-giada-angels]]) [Player: Ai(3)-mm-vito, Gained Amount: 1]
Add To Stack: Ai(3)-mm-vito triggered Bloodthirsty Conqueror
Life: Life: Ai(3)-mm-vito 135 > 136
Resolve Stack: Whenever an opponent loses life, you gain that much life. (Damage causes loss of life.) [Player: Ai(2)-mm-giada-angels, Lost Amount: 1]
Add To Stack: Ai(3)-mm-vito triggered Vito, Thorn of the Dusk Rose targeting [Ai(2)-mm-giada-angels]
Life: Life: Ai(2)-mm-giada-angels 9 > 8
Resolve Stack: Whenever you gain life, target opponent loses that much life. (Targeting: [[Ai(2)-mm-giada-angels]]) [Player: Ai(3)-mm-vito, Gained Amount: 1]
Add To Stack: Ai(3)-mm-vito triggered Bloodthirsty Conqueror
Life: Life: Ai(3)-mm-vito 136 > 137
Resolve Stack: Whenever an opponent loses life, you gain that much life. (Damage causes loss of life.) [Player: Ai(2)-mm-giada-angels, Lost Amount: 1]
Add To Stack: Ai(3)-mm-vito triggered Vito, Thorn of the Dusk Rose targeting [Ai(2)-mm-giada-angels]
Life: Life: Ai(2)-mm-giada-angels 8 > 7
Resolve Stack: Whenever you gain life, target opponent loses that much life. (Targeting: [[Ai(2)-mm-giada-angels]]) [Player: Ai(3)-mm-vito, Gained Amount: 1]
Add To Stack: Ai(3)-mm-vito triggered Bloodthirsty Conqueror
Life: Life: Ai(3)-mm-vito 137 > 138
Resolve Stack: Whenever an opponent loses life, you gain that much life. (Damage causes loss of life.) [Player: Ai(2)-mm-giada-angels, Lost Amount: 1]
Add To Stack: Ai(3)-mm-vito triggered Vito, Thorn of the Dusk Rose targeting [Ai(2)-mm-giada-angels]
Life: Life: Ai(2)-mm-giada-angels 7 > 6
Resolve Stack: Whenever you gain life, target opponent loses that much life. (Targeting: [[Ai(2)-mm-giada-angels]]) [Player: Ai(3)-mm-vito, Gained Amount: 1]
Add To Stack: Ai(3)-mm-vito triggered Bloodthirsty Conqueror
Life: Life: Ai(3)-mm-vito 138 > 139
Resolve Stack: Whenever an opponent loses life, you gain that much life. (Damage causes loss of life.) [Player: Ai(2)-mm-giada-angels, Lost Amount: 1]
Add To Stack: Ai(3)-mm-vito triggered Vito, Thorn of the Dusk Rose targeting [Ai(2)-mm-giada-angels]
Life: Life: Ai(2)-mm-giada-angels 6 > 5
Resolve Stack: Whenever you gain life, target opponent loses that much life. (Targeting: [[Ai(2)-mm-giada-angels]]) [Player: Ai(3)-mm-vito, Gained Amount: 1]
Add To Stack: Ai(3)-mm-vito triggered Bloodthirsty Conqueror
Life: Life: Ai(3)-mm-vito 139 > 140
Resolve Stack: Whenever an opponent loses life, you gain that much life. (Damage causes loss of life.) [Player: Ai(2)-mm-giada-angels, Lost Amount: 1]
Add To Stack: Ai(3)-mm-vito triggered Vito, Thorn of the Dusk Rose targeting [Ai(2)-mm-giada-angels]
Life: Life: Ai(2)-mm-giada-angels 5 > 4
Resolve Stack: Whenever you gain life, target opponent loses that much life. (Targeting: [[Ai(2)-mm-giada-angels]]) [Player: Ai(3)-mm-vito, Gained Amount: 1]
Add To Stack: Ai(3)-mm-vito triggered Bloodthirsty Conqueror
Life: Life: Ai(3)-mm-vito 140 > 141
Resolve Stack: Whenever an opponent loses life, you gain that much life. (Damage causes loss of life.) [Player: Ai(2)-mm-giada-angels, Lost Amount: 1]
Add To Stack: Ai(3)-mm-vito triggered Vito, Thorn of the Dusk Rose targeting [Ai(2)-mm-giada-angels]
Life: Life: Ai(2)-mm-giada-angels 4 > 3
Resolve Stack: Whenever you gain life, target opponent loses that much life. (Targeting: [[Ai(2)-mm-giada-angels]]) [Player: Ai(3)-mm-vito, Gained Amount: 1]
Add To Stack: Ai(3)-mm-vito triggered Bloodthirsty Conqueror
Life: Life: Ai(3)-mm-vito 141 > 142
Resolve Stack: Whenever an opponent loses life, you gain that much life. (Damage causes loss of life.) [Player: Ai(2)-mm-giada-angels, Lost Amount: 1]
Add To Stack: Ai(3)-mm-vito triggered Vito, Thorn of the Dusk Rose targeting [Ai(2)-mm-giada-angels]
Life: Life: Ai(2)-mm-giada-angels 3 > 2
Resolve Stack: Whenever you gain life, target opponent loses that much life. (Targeting: [[Ai(2)-mm-giada-angels]]) [Player: Ai(3)-mm-vito, Gained Amount: 1]
Add To Stack: Ai(3)-mm-vito triggered Bloodthirsty Conqueror
Life: Life: Ai(3)-mm-vito 142 > 143
Resolve Stack: Whenever an opponent loses life, you gain that much life. (Damage causes loss of life.) [Player: Ai(2)-mm-giada-angels, Lost Amount: 1]
Add To Stack: Ai(3)-mm-vito triggered Vito, Thorn of the Dusk Rose targeting [Ai(2)-mm-giada-angels]
Life: Life: Ai(2)-mm-giada-angels 2 > 1
Resolve Stack: Whenever you gain life, target opponent loses that much life. (Targeting: [[Ai(2)-mm-giada-angels]]) [Player: Ai(3)-mm-vito, Gained Amount: 1]
Add To Stack: Ai(3)-mm-vito triggered Bloodthirsty Conqueror
Life: Life: Ai(3)-mm-vito 143 > 144
Resolve Stack: Whenever an opponent loses life, you gain that much life. (Damage causes loss of life.) [Player: Ai(2)-mm-giada-angels, Lost Amount: 1]
Add To Stack: Ai(3)-mm-vito triggered Vito, Thorn of the Dusk Rose targeting [Ai(2)-mm-giada-angels]
Life: Life: Ai(2)-mm-giada-angels 1 > 0
Resolve Stack: Whenever you gain life, target opponent loses that much life. (Targeting: [[Ai(2)-mm-giada-angels]]) [Player: Ai(3)-mm-vito, Gained Amount: 1]
Player Control: Ai(1)-mm-zur-enchantress has restored control over themself
Player Control: Ai(2)-mm-giada-angels has restored control over themself
Player Control: Ai(3)-mm-vito has restored control over themself
Player Control: Ai(4)-mm-baylen-tokens has restored control over themself
Game Outcome: Turn 11
Game Outcome: Ai(1)-mm-zur-enchantress has lost because life total reached 0
Game Outcome: Ai(2)-mm-giada-angels has lost because life total reached 0
Game Outcome: Ai(3)-mm-vito has won because all opponents have lost
Game Outcome: Ai(4)-mm-baylen-tokens has lost because life total reached 0
Match Result: Ai(1)-mm-zur-enchantress: 0 Ai(2)-mm-giada-angels: 0 Ai(3)-mm-vito: 1 Ai(4)-mm-baylen-tokens: 0 

Game Result: Game 1 ended in 57540 ms. Ai(3)-mm-vito has won!

Warning: default (ie. inherited from base class) implementation of confirmAction is used by Giada, Font of Hope for forge.ai.ability.PermanentCreatureAi. Consider declaring an overloaded method
Warning: default (ie. inherited from base class) implementation of chooseSingleCard is used by Gisela, the Broken Blade for forge.ai.ability.MeldAi. Consider declaring an overloaded method
java.util.concurrent.TimeoutException
	at java.base/java.util.concurrent.FutureTask.get(FutureTask.java:204)
	at forge.ai.AiController.chooseSpellAbilityToPlayFromList(AiController.java:1696)
	at forge.ai.AiController.getSpellAbilityToPlay(AiController.java:1583)
	at forge.ai.AiController.chooseSpellAbilityToPlay(AiController.java:1403)
	at forge.ai.PlayerControllerAi.chooseSpellAbilityToPlay(PlayerControllerAi.java:832)
	at forge.game.phase.PhaseHandler.mainLoopStep(PhaseHandler.java:1056)
	at forge.game.phase.PhaseHandler.mainGameLoop(PhaseHandler.java:1035)
	at forge.game.phase.PhaseHandler.startFirstTurn(PhaseHandler.java:1029)
	at forge.game.GameAction.startGame(GameAction.java:2373)
	at forge.game.Match.startGame(Match.java:92)
	at forge.game.Match.startGame(Match.java:77)
	at forge.view.SimulateMatch.lambda$simulateSingleMatch$0(SimulateMatch.java:213)
	at forge.view.TimeLimitedCodeBlock.lambda$runWithTimeout$0(TimeLimitedCodeBlock.java:18)
	at java.base/java.util.concurrent.FutureTask.run(FutureTask.java:317)
	at java.base/java.util.concurrent.ThreadPoolExecutor.runWorker(ThreadPoolExecutor.java:1144)
	at java.base/java.util.concurrent.ThreadPoolExecutor$Worker.run(ThreadPoolExecutor.java:642)
	at java.base/java.lang.Thread.run(Thread.java:1583)
AI eval thread at timeout:
	at forge.util.collect.FCollection.isEmpty(FCollection.java:208)
	at forge.util.collect.FCollection.addAll(FCollection.java:343)
	at forge.util.collect.FCollection.addAll(FCollection.java:325)
	at forge.game.player.PlayerCollection.getCardsIn(PlayerCollection.java:33)
	at forge.game.Game.getCardsIn(Game.java:610)
	at forge.game.Game.getCardsIn(Game.java:628)
	at forge.game.staticability.StaticAbilityCantAttackBlock.getMinMaxBlocker(StaticAbilityCantAttackBlock.java:410)
	at forge.game.combat.CombatUtil.canAttackerBeBlockedWithAmount(CombatUtil.java:1027)
	at forge.game.combat.CombatUtil.canAttackerBeBlockedWithAmount(CombatUtil.java:1021)
	at forge.ai.AiBlockController.assignBlockers(AiBlockController.java:1173)
	at forge.ai.AiBlockController.assignBlockersForCombat(AiBlockController.java:1014)
	at forge.ai.ComputerUtil.predictNextCombatsRemainingLife(ComputerUtil.java:3214)
	at forge.ai.ComputerUtil.predictNextCombatsRemainingLife(ComputerUtil.java:3179)
	at forge.ai.AiAttackController.notNeededAsBlockers(AiAttackController.java:426)
	at forge.ai.AiAttackController.declareAttackers(AiAttackController.java:1279)
	at forge.ai.AiController.getPredictedCombat(AiController.java:145)
	at forge.ai.ComputerUtilCard.doesCreatureAttackAI(ComputerUtilCard.java:806)
	at forge.ai.ComputerUtilCard.shouldPumpCard(ComputerUtilCard.java:1557)
	at forge.ai.ComputerUtilCard.shouldPumpCard(ComputerUtilCard.java:1446)
	at forge.ai.ability.PumpAllAi.lambda$checkApiLogic$2(PumpAllAi.java:132)
	at java.base/java.util.stream.MatchOps$1MatchSink.accept(MatchOps.java:90)
	at java.base/java.util.ArrayList$ArrayListSpliterator.tryAdvance(ArrayList.java:1685)
	at java.base/java.util.stream.ReferencePipeline.forEachWithCancel(ReferencePipeline.java:129)
	at java.base/java.util.stream.AbstractPipeline.copyIntoWithCancel(AbstractPipeline.java:527)
	at java.base/java.util.stream.AbstractPipeline.copyInto(AbstractPipeline.java:513)
	at java.base/java.util.stream.AbstractPipeline.wrapAndCopyInto(AbstractPipeline.java:499)
	at java.base/java.util.stream.MatchOps$MatchOp.evaluateSequential(MatchOps.java:230)
	at java.base/java.util.stream.MatchOps$MatchOp.evaluateSequential(MatchOps.java:196)
	at java.base/java.util.stream.AbstractPipeline.evaluate(AbstractPipeline.java:234)
	at java.base/java.util.stream.ReferencePipeline.anyMatch(ReferencePipeline.java:632)
java.util.concurrent.TimeoutException
	at java.base/java.util.concurrent.FutureTask.get(FutureTask.java:204)
	at forge.ai.AiController.chooseSpellAbilityToPlayFromList(AiController.java:1696)
	at forge.ai.AiController.getSpellAbilityToPlay(AiController.java:1583)
	at forge.ai.AiController.chooseSpellAbilityToPlay(AiController.java:1403)
	at forge.ai.PlayerControllerAi.chooseSpellAbilityToPlay(PlayerControllerAi.java:832)
	at forge.game.phase.PhaseHandler.mainLoopStep(PhaseHandler.java:1056)
	at forge.game.phase.PhaseHandler.mainGameLoop(PhaseHandler.java:1035)
	at forge.game.phase.PhaseHandler.startFirstTurn(PhaseHandler.java:1029)
	at forge.game.GameAction.startGame(GameAction.java:2373)
	at forge.game.Match.startGame(Match.java:92)
	at forge.game.Match.startGame(Match.java:77)
	at forge.view.SimulateMatch.lambda$simulateSingleMatch$0(SimulateMatch.java:213)
	at forge.view.TimeLimitedCodeBlock.lambda$runWithTimeout$0(TimeLimitedCodeBlock.java:18)
	at java.base/java.util.concurrent.FutureTask.run(FutureTask.java:317)
	at java.base/java.util.concurrent.ThreadPoolExecutor.runWorker(ThreadPoolExecutor.java:1144)
	at java.base/java.util.concurrent.ThreadPoolExecutor$Worker.run(ThreadPoolExecutor.java:642)
	at java.base/java.lang.Thread.run(Thread.java:1583)
AI eval thread at timeout:
	at com.google.common.collect.AbstractMapBasedMultimap$Itr.hasNext(AbstractMapBasedMultimap.java:1174)
	at forge.game.keyword.KeywordCollection.applyStaticAbility(KeywordCollection.java:207)
	at forge.game.card.Card.updateStaticAbilities(Card.java:7014)
	at forge.game.card.CardState.getStaticAbilities(CardState.java:712)
	at forge.game.card.Card.getStaticAbilities(Card.java:6993)
	at forge.game.staticability.StaticAbilityColorlessDamageSource.colorlessDamageSource(StaticAbilityColorlessDamageSource.java:12)
	at forge.game.card.CardStateProperty.hasProperty(CardStateProperty.java:21)
	at forge.game.card.CardState.hasProperty(CardState.java:1025)
	at forge.game.card.CardProperty.cardHasProperty(CardProperty.java:2111)
	at forge.game.card.Card.hasProperty(Card.java:5831)
	at forge.game.card.Card.isValid(Card.java:5817)
	at forge.game.GameObject.isValid(GameObject.java:27)
	at forge.game.CardTraitBase.matchesValid(CardTraitBase.java:225)
	at forge.game.CardTraitBase.matchesValid(CardTraitBase.java:220)
	at forge.game.CardTraitBase.matchesValidParam(CardTraitBase.java:261)
	at forge.game.CardTraitBase.matchesValidParam(CardTraitBase.java:268)
	at forge.game.GameEntity.staticDamagePrevention(GameEntity.java:121)
	at forge.ai.ComputerUtilCombat.predictDamageTo(ComputerUtilCombat.java:2231)
	at forge.ai.ComputerUtilCombat.predictDamageTo(ComputerUtilCombat.java:2207)
	at forge.ai.ComputerUtilCombat.predictExtraPoisonWithDamage(ComputerUtilCombat.java:2512)
	at forge.ai.ComputerUtilCombat.poisonIfUnblocked(ComputerUtilCombat.java:223)
	at forge.ai.ComputerUtilCombat.sumPoisonIfUnblocked(ComputerUtilCombat.java:268)
	at forge.ai.ComputerUtilCombat.resultingPoison(ComputerUtilCombat.java:362)
	at forge.ai.ComputerUtilCombat.lifeInDanger(ComputerUtilCombat.java:439)
	at forge.ai.ComputerUtilCombat.lifeInDanger(ComputerUtilCombat.java:390)
	at forge.ai.AiBlockController.makeChumpBlocks(AiBlockController.java:658)
	at forge.ai.AiBlockController.makeChumpBlocks(AiBlockController.java:711)
	at forge.ai.AiBlockController.makeChumpBlocks(AiBlockController.java:711)
	at forge.ai.AiBlockController.makeChumpBlocks(AiBlockController.java:711)
	at forge.ai.AiBlockController.makeChumpBlocks(AiBlockController.java:711)
java.util.concurrent.TimeoutException
	at java.base/java.util.concurrent.FutureTask.get(FutureTask.java:204)
	at forge.ai.AiController.chooseSpellAbilityToPlayFromList(AiController.java:1696)
	at forge.ai.AiController.getSpellAbilityToPlay(AiController.java:1583)
	at forge.ai.AiController.chooseSpellAbilityToPlay(AiController.java:1403)
	at forge.ai.PlayerControllerAi.chooseSpellAbilityToPlay(PlayerControllerAi.java:832)
	at forge.game.phase.PhaseHandler.mainLoopStep(PhaseHandler.java:1056)
	at forge.game.phase.PhaseHandler.mainGameLoop(PhaseHandler.java:1035)
	at forge.game.phase.PhaseHandler.startFirstTurn(PhaseHandler.java:1029)
	at forge.game.GameAction.startGame(GameAction.java:2373)
	at forge.game.Match.startGame(Match.java:92)
	at forge.game.Match.startGame(Match.java:77)
	at forge.view.SimulateMatch.lambda$simulateSingleMatch$0(SimulateMatch.java:213)
	at forge.view.TimeLimitedCodeBlock.lambda$runWithTimeout$0(TimeLimitedCodeBlock.java:18)
	at java.base/java.util.concurrent.FutureTask.run(FutureTask.java:317)
	at java.base/java.util.concurrent.ThreadPoolExecutor.runWorker(ThreadPoolExecutor.java:1144)
	at java.base/java.util.concurrent.ThreadPoolExecutor$Worker.run(ThreadPoolExecutor.java:642)
	at java.base/java.lang.Thread.run(Thread.java:1583)
AI eval thread at timeout:
	at java.base/java.util.HashMap.put(HashMap.java:618)
	at java.base/java.util.HashSet.add(HashSet.java:229)
	at java.base/java.util.AbstractCollection.addAll(AbstractCollection.java:338)
	at java.base/java.util.HashSet.<init>(HashSet.java:121)
	at forge.util.collect.FCollection.hashed(FCollection.java:58)
	at forge.util.collect.FCollection.add(FCollection.java:269)
	at forge.util.collect.FCollection.addAll(FCollection.java:346)
	at forge.util.collect.FCollection.addAll(FCollection.java:325)
	at forge.game.player.PlayerCollection.getCardsIn(PlayerCollection.java:33)
	at forge.game.Game.getCardsIn(Game.java:610)
	at forge.game.Game.getCardsIn(Game.java:628)
	at forge.game.staticability.StaticAbilityColorlessDamageSource.colorlessDamageSource(StaticAbilityColorlessDamageSource.java:11)
	at forge.game.card.CardStateProperty.hasProperty(CardStateProperty.java:21)
	at forge.game.card.CardState.hasProperty(CardState.java:1025)
	at forge.game.card.CardProperty.cardHasProperty(CardProperty.java:2111)
	at forge.game.card.Card.hasProperty(Card.java:5831)
	at forge.game.card.Card.isValid(Card.java:5817)
	at forge.game.GameObject.isValid(GameObject.java:27)
	at forge.game.CardTraitBase.matchesValid(CardTraitBase.java:225)
	at forge.game.CardTraitBase.matchesValid(CardTraitBase.java:220)
	at forge.game.CardTraitBase.matchesValidParam(CardTraitBase.java:261)
	at forge.game.CardTraitBase.matchesValidParam(CardTraitBase.java:268)
	at forge.game.replacement.ReplaceDamage.canReplace(ReplaceDamage.java:58)
	at forge.game.replacement.ReplacementHandler.lambda$getReplacementList$0(ReplacementHandler.java:141)
	at forge.util.Visitor.visitAll(Visitor.java:16)
	at forge.game.Game.forEachCardInGame(Game.java:760)
	at forge.game.replacement.ReplacementHandler.getReplacementList(ReplacementHandler.java:102)
	at forge.ai.ComputerUtilCombat.isCombatDamagePrevented(ComputerUtilCombat.java:2348)
	at forge.ai.ComputerUtilCombat.damageIfUnblocked(ComputerUtilCombat.java:180)
	at forge.ai.ComputerUtilCombat.sumDamageIfUnblocked(ComputerUtilCombat.java:249)
java.util.concurrent.TimeoutException
	at java.base/java.util.concurrent.FutureTask.get(FutureTask.java:204)
	at forge.ai.AiController.chooseSpellAbilityToPlayFromList(AiController.java:1696)
	at forge.ai.AiController.getSpellAbilityToPlay(AiController.java:1583)
	at forge.ai.AiController.chooseSpellAbilityToPlay(AiController.java:1403)
	at forge.ai.PlayerControllerAi.chooseSpellAbilityToPlay(PlayerControllerAi.java:832)
	at forge.game.phase.PhaseHandler.mainLoopStep(PhaseHandler.java:1056)
	at forge.game.phase.PhaseHandler.mainGameLoop(PhaseHandler.java:1035)
	at forge.game.phase.PhaseHandler.startFirstTurn(PhaseHandler.java:1029)
	at forge.game.GameAction.startGame(GameAction.java:2373)
	at forge.game.Match.startGame(Match.java:92)
	at forge.game.Match.startGame(Match.java:77)
	at forge.view.SimulateMatch.lambda$simulateSingleMatch$0(SimulateMatch.java:213)
	at forge.view.TimeLimitedCodeBlock.lambda$runWithTimeout$0(TimeLimitedCodeBlock.java:18)
	at java.base/java.util.concurrent.FutureTask.run(FutureTask.java:317)
	at java.base/java.util.concurrent.ThreadPoolExecutor.runWorker(ThreadPoolExecutor.java:1144)
	at java.base/java.util.concurrent.ThreadPoolExecutor$Worker.run(ThreadPoolExecutor.java:642)
	at java.base/java.lang.Thread.run(Thread.java:1583)
AI eval thread at timeout:
	at com.google.common.collect.TransformedIterator.next(TransformedIterator.java:52)
	at java.base/java.util.Spliterators$IteratorSpliterator.tryAdvance(Spliterators.java:1950)
	at java.base/java.util.stream.ReferencePipeline.forEachWithCancel(ReferencePipeline.java:129)
	at java.base/java.util.stream.AbstractPipeline.copyIntoWithCancel(AbstractPipeline.java:527)
	at java.base/java.util.stream.AbstractPipeline.copyInto(AbstractPipeline.java:513)
	at java.base/java.util.stream.AbstractPipeline.wrapAndCopyInto(AbstractPipeline.java:499)
	at java.base/java.util.stream.MatchOps$MatchOp.evaluateSequential(MatchOps.java:230)
	at java.base/java.util.stream.MatchOps$MatchOp.evaluateSequential(MatchOps.java:196)
	at java.base/java.util.stream.AbstractPipeline.evaluate(AbstractPipeline.java:234)
	at java.base/java.util.stream.ReferencePipeline.anyMatch(ReferencePipeline.java:632)
	at forge.game.card.Card.hasRemoveIntrinsic(Card.java:3425)
	at forge.game.card.CardState$LandTraitChanges.applyStaticAbility(CardState.java:586)
	at forge.game.card.Card.updateStaticAbilities(Card.java:7010)
	at forge.game.card.CardState.getStaticAbilities(CardState.java:712)
	at forge.game.card.Card.getStaticAbilities(Card.java:6993)
	at forge.game.staticability.StaticAbilityCantPreventDamage.cantPreventDamage(StaticAbilityCantPreventDamage.java:13)
	at forge.game.card.Card.canDamagePrevented(Card.java:6160)
	at forge.game.GameEntity.staticDamagePrevention(GameEntity.java:92)
	at forge.ai.ComputerUtilCombat.predictDamageTo(ComputerUtilCombat.java:2231)
	at forge.ai.ComputerUtilCombat.predictDamageTo(ComputerUtilCombat.java:2207)
	at forge.ai.ComputerUtilCombat.damageIfUnblocked(ComputerUtilCombat.java:185)
	at forge.ai.ComputerUtilCombat.sumDamageIfUnblocked(ComputerUtilCombat.java:249)
	at forge.ai.ComputerUtilCombat.sumDamageIfUnblocked(ComputerUtilCombat.java:240)
	at forge.ai.ComputerUtilCombat.lifeThatWouldRemain(ComputerUtilCombat.java:318)
	at forge.ai.ComputerUtilCombat.lifeInDanger(ComputerUtilCombat.java:453)
	at forge.ai.ComputerUtilCombat.lifeInDanger(ComputerUtilCombat.java:390)
	at forge.ai.AiBlockController.assignBlockers(AiBlockController.java:1096)
	at forge.ai.AiBlockController.assignBlockersForCombat(AiBlockController.java:1014)
	at forge.ai.ComputerUtil.predictNextCombatsRemainingLife(ComputerUtil.java:3214)
	at forge.ai.ComputerUtil.predictNextCombatsRemainingLife(ComputerUtil.java:3179)
java.util.concurrent.TimeoutException
	at java.base/java.util.concurrent.FutureTask.get(FutureTask.java:204)
	at forge.ai.AiController.chooseSpellAbilityToPlayFromList(AiController.java:1696)
	at forge.ai.AiController.getSpellAbilityToPlay(AiController.java:1583)
	at forge.ai.AiController.chooseSpellAbilityToPlay(AiController.java:1403)
	at forge.ai.PlayerControllerAi.chooseSpellAbilityToPlay(PlayerControllerAi.java:832)
	at forge.game.phase.PhaseHandler.mainLoopStep(PhaseHandler.java:1056)
	at forge.game.phase.PhaseHandler.mainGameLoop(PhaseHandler.java:1035)
	at forge.game.phase.PhaseHandler.startFirstTurn(PhaseHandler.java:1029)
	at forge.game.GameAction.startGame(GameAction.java:2373)
	at forge.game.Match.startGame(Match.java:92)
	at forge.game.Match.startGame(Match.java:77)
	at forge.view.SimulateMatch.lambda$simulateSingleMatch$0(SimulateMatch.java:213)
	at forge.view.TimeLimitedCodeBlock.lambda$runWithTimeout$0(TimeLimitedCodeBlock.java:18)
	at java.base/java.util.concurrent.FutureTask.run(FutureTask.java:317)
	at java.base/java.util.concurrent.ThreadPoolExecutor.runWorker(ThreadPoolExecutor.java:1144)
	at java.base/java.util.concurrent.ThreadPoolExecutor$Worker.run(ThreadPoolExecutor.java:642)
	at java.base/java.lang.Thread.run(Thread.java:1583)
AI eval thread at timeout:
	at forge.game.card.CardProperty.cardHasProperty(CardProperty.java:42)
	at forge.game.card.Card.hasProperty(Card.java:5831)
	at forge.game.card.Card.isValid(Card.java:5817)
	at forge.game.GameObject.isValid(GameObject.java:27)
	at forge.game.CardTraitBase.matchesValid(CardTraitBase.java:225)
	at forge.game.CardTraitBase.matchesValid(CardTraitBase.java:220)
	at forge.game.CardTraitBase.matchesValidParam(CardTraitBase.java:261)
	at forge.game.CardTraitBase.matchesValidParam(CardTraitBase.java:268)
	at forge.game.staticability.StaticAbilityCantAttackBlock.applyCantBlockByAbility(StaticAbilityCantAttackBlock.java:237)
	at forge.game.staticability.StaticAbilityCantAttackBlock.cantBlockBy(StaticAbilityCantAttackBlock.java:219)
	at forge.game.combat.CombatUtil.canBeBlocked(CombatUtil.java:534)
	at forge.game.combat.CombatUtil.canBlock(CombatUtil.java:915)
	at forge.ai.AiBlockController.getPossibleBlockers(AiBlockController.java:87)
	at forge.ai.AiBlockController.makeTradeBlocks(AiBlockController.java:617)
	at forge.ai.AiBlockController.assignBlockers(AiBlockController.java:1089)
	at forge.ai.AiBlockController.assignBlockersForCombat(AiBlockController.java:1014)
	at forge.ai.ComputerUtil.predictNextCombatsRemainingLife(ComputerUtil.java:3214)
	at forge.ai.ComputerUtil.predictNextCombatsRemainingLife(ComputerUtil.java:3179)
	at forge.ai.AiAttackController.notNeededAsBlockers(AiAttackController.java:426)
	at forge.ai.AiAttackController.declareAttackers(AiAttackController.java:1279)
	at forge.ai.ComputerUtilCard.doesSpecifiedCreatureAttackAI(ComputerUtilCard.java:820)
	at forge.ai.ComputerUtilCard.shouldPumpCard(ComputerUtilCard.java:1557)
	at forge.ai.ComputerUtilCard.shouldPumpCard(ComputerUtilCard.java:1446)
	at forge.ai.ability.PumpAllAi.lambda$checkApiLogic$2(PumpAllAi.java:132)
	at java.base/java.util.stream.MatchOps$1MatchSink.accept(MatchOps.java:90)
	at java.base/java.util.ArrayList$ArrayListSpliterator.tryAdvance(ArrayList.java:1685)
	at java.base/java.util.stream.ReferencePipeline.forEachWithCancel(ReferencePipeline.java:129)
	at java.base/java.util.stream.AbstractPipeline.copyIntoWithCancel(AbstractPipeline.java:527)
	at java.base/java.util.stream.AbstractPipeline.copyInto(AbstractPipeline.java:513)
	at java.base/java.util.stream.AbstractPipeline.wrapAndCopyInto(AbstractPipeline.java:499)
java.util.concurrent.TimeoutException
	at java.base/java.util.concurrent.FutureTask.get(FutureTask.java:204)
	at forge.ai.AiController.chooseSpellAbilityToPlayFromList(AiController.java:1696)
	at forge.ai.AiController.getSpellAbilityToPlay(AiController.java:1583)
	at forge.ai.AiController.chooseSpellAbilityToPlay(AiController.java:1403)
	at forge.ai.PlayerControllerAi.chooseSpellAbilityToPlay(PlayerControllerAi.java:832)
	at forge.game.phase.PhaseHandler.mainLoopStep(PhaseHandler.java:1056)
	at forge.game.phase.PhaseHandler.mainGameLoop(PhaseHandler.java:1035)
	at forge.game.phase.PhaseHandler.startFirstTurn(PhaseHandler.java:1029)
	at forge.game.GameAction.startGame(GameAction.java:2373)
	at forge.game.Match.startGame(Match.java:92)
	at forge.game.Match.startGame(Match.java:77)
	at forge.view.SimulateMatch.lambda$simulateSingleMatch$0(SimulateMatch.java:213)
	at forge.view.TimeLimitedCodeBlock.lambda$runWithTimeout$0(TimeLimitedCodeBlock.java:18)
	at java.base/java.util.concurrent.FutureTask.run(FutureTask.java:317)
	at java.base/java.util.concurrent.ThreadPoolExecutor.runWorker(ThreadPoolExecutor.java:1144)
	at java.base/java.util.concurrent.ThreadPoolExecutor$Worker.run(ThreadPoolExecutor.java:642)
	at java.base/java.lang.Thread.run(Thread.java:1583)
AI eval thread at timeout:
	at forge.game.card.CardState$LandTraitChanges.applySpellAbility(CardState.java:562)
	at forge.game.card.Card.updateSpellAbilities(Card.java:3462)
	at forge.game.card.CardState.getManaAbilities(CardState.java:467)
	at forge.game.card.Card.getAllSpellAbilities(Card.java:3488)
	at forge.ai.ComputerUtilCombat.canGainKeyword(ComputerUtilCombat.java:2278)
	at forge.ai.ComputerUtilCombat.hasKeyword(ComputerUtilCombat.java:2270)
	at forge.ai.ComputerUtilCombat.canDestroyAttacker(ComputerUtilCombat.java:1754)
	at forge.ai.AiBlockController.getKillingBlockers(AiBlockController.java:120)
	at forge.ai.AiBlockController.makeTradeBlocks(AiBlockController.java:618)
	at forge.ai.AiBlockController.assignBlockers(AiBlockController.java:1089)
	at forge.ai.AiBlockController.assignBlockersForCombat(AiBlockController.java:1014)
	at forge.ai.ComputerUtil.predictNextCombatsRemainingLife(ComputerUtil.java:3214)
	at forge.ai.ComputerUtil.predictNextCombatsRemainingLife(ComputerUtil.java:3179)
	at forge.ai.AiAttackController.notNeededAsBlockers(AiAttackController.java:426)
	at forge.ai.AiAttackController.declareAttackers(AiAttackController.java:1279)
	at forge.ai.ComputerUtilCard.doesSpecifiedCreatureAttackAI(ComputerUtilCard.java:820)
	at forge.ai.ComputerUtilCard.shouldPumpCard(ComputerUtilCard.java:1557)
	at forge.ai.ComputerUtilCard.shouldPumpCard(ComputerUtilCard.java:1446)
	at forge.ai.ability.PumpAllAi.lambda$checkApiLogic$2(PumpAllAi.java:132)
	at java.base/java.util.stream.MatchOps$1MatchSink.accept(MatchOps.java:90)
	at java.base/java.util.ArrayList$ArrayListSpliterator.tryAdvance(ArrayList.java:1685)
	at java.base/java.util.stream.ReferencePipeline.forEachWithCancel(ReferencePipeline.java:129)
	at java.base/java.util.stream.AbstractPipeline.copyIntoWithCancel(AbstractPipeline.java:527)
	at java.base/java.util.stream.AbstractPipeline.copyInto(AbstractPipeline.java:513)
	at java.base/java.util.stream.AbstractPipeline.wrapAndCopyInto(AbstractPipeline.java:499)
	at java.base/java.util.stream.MatchOps$MatchOp.evaluateSequential(MatchOps.java:230)
	at java.base/java.util.stream.MatchOps$MatchOp.evaluateSequential(MatchOps.java:196)
	at java.base/java.util.stream.AbstractPipeline.evaluate(AbstractPipeline.java:234)
	at java.base/java.util.stream.ReferencePipeline.anyMatch(ReferencePipeline.java:632)
	at forge.util.collect.FCollection.anyMatch(FCollection.java:622)
java.util.concurrent.TimeoutException
	at java.base/java.util.concurrent.FutureTask.get(FutureTask.java:204)
	at forge.ai.AiController.chooseSpellAbilityToPlayFromList(AiController.java:1696)
	at forge.ai.AiController.getSpellAbilityToPlay(AiController.java:1583)
	at forge.ai.AiController.chooseSpellAbilityToPlay(AiController.java:1403)
	at forge.ai.PlayerControllerAi.chooseSpellAbilityToPlay(PlayerControllerAi.java:832)
	at forge.game.phase.PhaseHandler.mainLoopStep(PhaseHandler.java:1056)
	at forge.game.phase.PhaseHandler.mainGameLoop(PhaseHandler.java:1035)
	at forge.game.phase.PhaseHandler.startFirstTurn(PhaseHandler.java:1029)
	at forge.game.GameAction.startGame(GameAction.java:2373)
	at forge.game.Match.startGame(Match.java:92)
	at forge.game.Match.startGame(Match.java:77)
	at forge.view.SimulateMatch.lambda$simulateSingleMatch$0(SimulateMatch.java:213)
	at forge.view.TimeLimitedCodeBlock.lambda$runWithTimeout$0(TimeLimitedCodeBlock.java:18)
	at java.base/java.util.concurrent.FutureTask.run(FutureTask.java:317)
	at java.base/java.util.concurrent.ThreadPoolExecutor.runWorker(ThreadPoolExecutor.java:1144)
	at java.base/java.util.concurrent.ThreadPoolExecutor$Worker.run(ThreadPoolExecutor.java:642)
	at java.base/java.lang.Thread.run(Thread.java:1583)
AI eval thread at timeout:
	at java.base/java.util.ArrayList.addAll(ArrayList.java:752)
	at forge.util.collect.FCollection.<init>(FCollection.java:100)
	at forge.game.card.CardState.getStaticAbilities(CardState.java:705)
	at forge.game.card.Card.getStaticAbilities(Card.java:6993)
	at forge.game.staticability.StaticAbilityCantAttackBlock.canBlockIfReach(StaticAbilityCantAttackBlock.java:278)
	at forge.game.staticability.StaticAbilityCantAttackBlock.applyCantBlockByAbility(StaticAbilityCantAttackBlock.java:246)
	at forge.game.staticability.StaticAbilityCantAttackBlock.cantBlockBy(StaticAbilityCantAttackBlock.java:219)
	at forge.game.combat.CombatUtil.canBlock(CombatUtil.java:1013)
	at forge.game.combat.CombatUtil.canBlock(CombatUtil.java:973)
	at forge.game.combat.CombatUtil.canBlock(CombatUtil.java:957)
	at forge.ai.AiBlockController.getPossibleBlockers(AiBlockController.java:87)
	at forge.ai.AiBlockController.makeTradeBlocks(AiBlockController.java:617)
	at forge.ai.AiBlockController.assignBlockers(AiBlockController.java:1089)
	at forge.ai.AiBlockController.assignBlockersForCombat(AiBlockController.java:1014)
	at forge.ai.ComputerUtil.predictNextCombatsRemainingLife(ComputerUtil.java:3214)
	at forge.ai.ComputerUtil.predictNextCombatsRemainingLife(ComputerUtil.java:3179)
	at forge.ai.AiAttackController.notNeededAsBlockers(AiAttackController.java:426)
	at forge.ai.AiAttackController.declareAttackers(AiAttackController.java:1279)
	at forge.ai.ComputerUtilCard.doesSpecifiedCreatureAttackAI(ComputerUtilCard.java:820)
	at forge.ai.ComputerUtilCard.shouldPumpCard(ComputerUtilCard.java:1557)
	at forge.ai.ComputerUtilCard.shouldPumpCard(ComputerUtilCard.java:1446)
	at forge.ai.ability.PumpAllAi.lambda$checkApiLogic$2(PumpAllAi.java:132)
	at java.base/java.util.stream.MatchOps$1MatchSink.accept(MatchOps.java:90)
	at java.base/java.util.ArrayList$ArrayListSpliterator.tryAdvance(ArrayList.java:1685)
	at java.base/java.util.stream.ReferencePipeline.forEachWithCancel(ReferencePipeline.java:129)
	at java.base/java.util.stream.AbstractPipeline.copyIntoWithCancel(AbstractPipeline.java:527)
	at java.base/java.util.stream.AbstractPipeline.copyInto(AbstractPipeline.java:513)
	at java.base/java.util.stream.AbstractPipeline.wrapAndCopyInto(AbstractPipeline.java:499)
	at java.base/java.util.stream.MatchOps$MatchOp.evaluateSequential(MatchOps.java:230)
	at java.base/java.util.stream.MatchOps$MatchOp.evaluateSequential(MatchOps.java:196)
java.util.concurrent.TimeoutException
	at java.base/java.util.concurrent.FutureTask.get(FutureTask.java:204)
	at forge.ai.AiController.chooseSpellAbilityToPlayFromList(AiController.java:1696)
	at forge.ai.AiController.getSpellAbilityToPlay(AiController.java:1583)
	at forge.ai.AiController.chooseSpellAbilityToPlay(AiController.java:1403)
	at forge.ai.PlayerControllerAi.chooseSpellAbilityToPlay(PlayerControllerAi.java:832)
	at forge.game.phase.PhaseHandler.mainLoopStep(PhaseHandler.java:1056)
	at forge.game.phase.PhaseHandler.mainGameLoop(PhaseHandler.java:1035)
	at forge.game.phase.PhaseHandler.startFirstTurn(PhaseHandler.java:1029)
	at forge.game.GameAction.startGame(GameAction.java:2373)
	at forge.game.Match.startGame(Match.java:92)
	at forge.game.Match.startGame(Match.java:77)
	at forge.view.SimulateMatch.lambda$simulateSingleMatch$0(SimulateMatch.java:213)
	at forge.view.TimeLimitedCodeBlock.lambda$runWithTimeout$0(TimeLimitedCodeBlock.java:18)
	at java.base/java.util.concurrent.FutureTask.run(FutureTask.java:317)
	at java.base/java.util.concurrent.ThreadPoolExecutor.runWorker(ThreadPoolExecutor.java:1144)
	at java.base/java.util.concurrent.ThreadPoolExecutor$Worker.run(ThreadPoolExecutor.java:642)
	at java.base/java.lang.Thread.run(Thread.java:1583)
AI eval thread at timeout:
	at forge.util.collect.FCollection.addAll(FCollection.java:346)
	at forge.util.collect.FCollection.addAll(FCollection.java:325)
	at forge.game.keyword.KeywordInstance.applyReplacementEffect(KeywordInstance.java:251)
	at forge.game.keyword.KeywordCollection.applyReplacementEffect(KeywordCollection.java:201)
	at forge.game.card.Card.updateReplacementEffects(Card.java:7069)
	at forge.game.card.CardState.getReplacementEffects(CardState.java:754)
	at forge.game.card.CardState.getReplacementEffects(CardState.java:723)
	at forge.game.card.Card.getReplacementEffects(Card.java:7055)
	at forge.game.replacement.ReplacementHandler.lambda$getReplacementList$0(ReplacementHandler.java:134)
	at forge.util.Visitor.visitAll(Visitor.java:16)
	at forge.game.Game.forEachCardInGame(Game.java:757)
	at forge.game.replacement.ReplacementHandler.getReplacementList(ReplacementHandler.java:102)
	at forge.ai.ComputerUtilCombat.isCombatDamagePrevented(ComputerUtilCombat.java:2348)
	at forge.ai.ComputerUtilCombat.canDestroyAttacker(ComputerUtilCombat.java:1699)
	at forge.ai.AiBlockController.getKillingBlockers(AiBlockController.java:120)
	at forge.ai.AiBlockController.makeTradeBlocks(AiBlockController.java:618)
	at forge.ai.AiBlockController.assignBlockers(AiBlockController.java:1089)
	at forge.ai.AiBlockController.assignBlockersForCombat(AiBlockController.java:1014)
	at forge.ai.ComputerUtil.predictNextCombatsRemainingLife(ComputerUtil.java:3214)
	at forge.ai.ComputerUtil.predictNextCombatsRemainingLife(ComputerUtil.java:3179)
	at forge.ai.AiAttackController.notNeededAsBlockers(AiAttackController.java:426)
	at forge.ai.AiAttackController.declareAttackers(AiAttackController.java:1279)
	at forge.ai.ComputerUtilCard.doesSpecifiedCreatureAttackAI(ComputerUtilCard.java:820)
	at forge.ai.ComputerUtilCard.shouldPumpCard(ComputerUtilCard.java:1557)
	at forge.ai.ComputerUtilCard.shouldPumpCard(ComputerUtilCard.java:1446)
	at forge.ai.ability.PumpAllAi.lambda$checkApiLogic$2(PumpAllAi.java:132)
	at java.base/java.util.stream.MatchOps$1MatchSink.accept(MatchOps.java:90)
	at java.base/java.util.ArrayList$ArrayListSpliterator.tryAdvance(ArrayList.java:1685)
	at java.base/java.util.stream.ReferencePipeline.forEachWithCancel(ReferencePipeline.java:129)
	at java.base/java.util.stream.AbstractPipeline.copyIntoWithCancel(AbstractPipeline.java:527)
Warning: default (ie. inherited from base class) implementation of confirmAction is used by Vito, Thorn of the Dusk Rose for forge.ai.ability.PermanentCreatureAi. Consider declaring an overloaded method
Mulligan: Ai(2)-mm-giada-angels has mulliganed down to 7 cards.
Mulligan: Ai(2)-mm-giada-angels has mulliganed down to 6 cards.
Mulligan: Ai(1)-mm-zur-enchantress has kept a hand of 7 cards
Mulligan: Ai(2)-mm-giada-angels has kept a hand of 6 cards
Mulligan: Ai(3)-mm-vito has kept a hand of 7 cards
Mulligan: Ai(4)-mm-baylen-tokens has kept a hand of 7 cards
Turn: Turn 1 (Ai(1)-mm-zur-enchantress)
Phase: Ai(1)-mm-zur-enchantress' Untap step
Phase: Ai(1)-mm-zur-enchantress' Upkeep step
Phase: Ai(1)-mm-zur-enchantress' Draw step
Phase: Ai(1)-mm-zur-enchantress' Main phase, precombat
Land: Ai(1)-mm-zur-enchantress played Swamp (54)
Phase: Ai(1)-mm-zur-enchantress' Beginning of Combat Step
Phase: Ai(1)-mm-zur-enchantress' Declare Attackers Step
Phase: Ai(1)-mm-zur-enchantress' Declare Blockers Step
Phase: Ai(1)-mm-zur-enchantress' First Strike Damage Step
Phase: Ai(1)-mm-zur-enchantress' Combat Damage Step
Phase: Ai(1)-mm-zur-enchantress' End of Combat Step
Phase: Ai(1)-mm-zur-enchantress' Main phase, postcombat
Mana: Swamp (54) - {T}: Add {B}.
Add To Stack: Ai(1)-mm-zur-enchantress cast Shadowspear
Resolve Stack: Shadowspear
Phase: Ai(1)-mm-zur-enchantress' End step
Phase: Ai(1)-mm-zur-enchantress' Cleanup step
Turn: Turn 2 (Ai(2)-mm-giada-angels)
Phase: Ai(2)-mm-giada-angels' Untap step
Phase: Ai(2)-mm-giada-angels' Upkeep step
Phase: Ai(2)-mm-giada-angels' Draw step
Phase: Ai(2)-mm-giada-angels' Main phase, precombat
Land: Ai(2)-mm-giada-angels played Plains (182)
Phase: Ai(2)-mm-giada-angels' Beginning of Combat Step
Phase: Ai(2)-mm-giada-angels' Declare Attackers Step
Phase: Ai(2)-mm-giada-angels' Declare Blockers Step
Phase: Ai(2)-mm-giada-angels' First Strike Damage Step
Phase: Ai(2)-mm-giada-angels' Combat Damage Step
Phase: Ai(2)-mm-giada-angels' End of Combat Step
Phase: Ai(2)-mm-giada-angels' Main phase, postcombat
Phase: Ai(2)-mm-giada-angels' End step
Phase: Ai(2)-mm-giada-angels' Cleanup step
Turn: Turn 3 (Ai(3)-mm-vito)
Phase: Ai(3)-mm-vito's Untap step
Phase: Ai(3)-mm-vito's Upkeep step
Phase: Ai(3)-mm-vito's Draw step
Phase: Ai(3)-mm-vito's Main phase, precombat
Land: Ai(3)-mm-vito played Cabal Stronghold (216)
Phase: Ai(3)-mm-vito's Beginning of Combat Step
Phase: Ai(3)-mm-vito's Declare Attackers Step
Phase: Ai(3)-mm-vito's Declare Blockers Step
Phase: Ai(3)-mm-vito's First Strike Damage Step
Phase: Ai(3)-mm-vito's Combat Damage Step
Phase: Ai(3)-mm-vito's End of Combat Step
Phase: Ai(3)-mm-vito's Main phase, postcombat
Phase: Ai(3)-mm-vito's End step
Phase: Ai(3)-mm-vito's Cleanup step
Turn: Turn 4 (Ai(4)-mm-baylen-tokens)
Phase: Ai(4)-mm-baylen-tokens' Untap step
Phase: Ai(4)-mm-baylen-tokens' Upkeep step
Phase: Ai(4)-mm-baylen-tokens' Draw step
Phase: Ai(4)-mm-baylen-tokens' Main phase, precombat
Land: Ai(4)-mm-baylen-tokens played Forest (325)
Phase: Ai(4)-mm-baylen-tokens' Beginning of Combat Step
Phase: Ai(4)-mm-baylen-tokens' Declare Attackers Step
Phase: Ai(4)-mm-baylen-tokens' Declare Blockers Step
Phase: Ai(4)-mm-baylen-tokens' First Strike Damage Step
Phase: Ai(4)-mm-baylen-tokens' Combat Damage Step
Phase: Ai(4)-mm-baylen-tokens' End of Combat Step
Phase: Ai(4)-mm-baylen-tokens' Main phase, postcombat
Phase: Ai(4)-mm-baylen-tokens' End step
Phase: Ai(4)-mm-baylen-tokens' Cleanup step
Turn: Turn 5 (Ai(1)-mm-zur-enchantress)
Phase: Ai(1)-mm-zur-enchantress' Untap step
Phase: Ai(1)-mm-zur-enchantress' Upkeep step
Phase: Ai(1)-mm-zur-enchantress' Draw step
Phase: Ai(1)-mm-zur-enchantress' Main phase, precombat
Land: Ai(1)-mm-zur-enchantress played Mana Confluence (68)
Phase: Ai(1)-mm-zur-enchantress' Beginning of Combat Step
Phase: Ai(1)-mm-zur-enchantress' Declare Attackers Step
Phase: Ai(1)-mm-zur-enchantress' Declare Blockers Step
Phase: Ai(1)-mm-zur-enchantress' First Strike Damage Step
Phase: Ai(1)-mm-zur-enchantress' Combat Damage Step
Phase: Ai(1)-mm-zur-enchantress' End of Combat Step
Phase: Ai(1)-mm-zur-enchantress' Main phase, postcombat
Life: Life: Ai(1)-mm-zur-enchantress 40 > 39
Mana: Mana Confluence (68) - {T}, Pay 1 life: Add one mana of any color.
Mana: Swamp (54) - {T}: Add {B}.
Add To Stack: Ai(1)-mm-zur-enchantress cast Iron Hills Blacksmith
Resolve Stack: Iron Hills Blacksmith - Creature 1 / 1
Add To Stack: Ai(1)-mm-zur-enchantress triggered Iron Hills Blacksmith
Resolve Stack: When this creature enters, create a colorless Equipment artifact token named Axe with "Equipped creature gets +1/+0" and equip {2}. [Zone Changer: Iron Hills Blacksmith (51)]
Phase: Ai(1)-mm-zur-enchantress' End step
Phase: Ai(1)-mm-zur-enchantress' Cleanup step
Turn: Turn 6 (Ai(2)-mm-giada-angels)
Phase: Ai(2)-mm-giada-angels' Untap step
Phase: Ai(2)-mm-giada-angels' Upkeep step
Phase: Ai(2)-mm-giada-angels' Draw step
Phase: Ai(2)-mm-giada-angels' Main phase, precombat
Land: Ai(2)-mm-giada-angels played Plains (175)
Phase: Ai(2)-mm-giada-angels' Beginning of Combat Step
Phase: Ai(2)-mm-giada-angels' Declare Attackers Step
Phase: Ai(2)-mm-giada-angels' Declare Blockers Step
Phase: Ai(2)-mm-giada-angels' First Strike Damage Step
Phase: Ai(2)-mm-giada-angels' Combat Damage Step
Phase: Ai(2)-mm-giada-angels' End of Combat Step
Phase: Ai(2)-mm-giada-angels' Main phase, postcombat
Mana: Plains (182) - {T}: Add {W}.
Mana: Plains (175) - {T}: Add {W}.
Add To Stack: Ai(2)-mm-giada-angels cast Giada, Font of Hope
Resolve Stack: Giada, Font of Hope - Creature 2 / 2
Phase: Ai(2)-mm-giada-angels' End step
Phase: Ai(2)-mm-giada-angels' Cleanup step
Turn: Turn 7 (Ai(3)-mm-vito)
Phase: Ai(3)-mm-vito's Untap step
Phase: Ai(3)-mm-vito's Upkeep step
Phase: Ai(3)-mm-vito's Draw step
Phase: Ai(3)-mm-vito's Main phase, precombat
Land: Ai(3)-mm-vito played Swamp (245)
Mana: Swamp (245) - {T}: Add {B}.
Mana: Cabal Stronghold (216) - {T}: Add {C}.
Add To Stack: Ai(3)-mm-vito cast Feed the Swarm targeting [Giada, Font of Hope (200)]
Zone Change: Giada, Font of Hope (200) was put into Graveyard from Battlefield.
Life: Life: Ai(3)-mm-vito 40 > 38
Resolve Stack: Feed the Swarm (236) - Destroy Giada, Font of Hope (200). Ai(3)-mm-vito loses 2 life.
Phase: Ai(3)-mm-vito's Beginning of Combat Step
Phase: Ai(3)-mm-vito's Declare Attackers Step
Phase: Ai(3)-mm-vito's Declare Blockers Step
Phase: Ai(3)-mm-vito's First Strike Damage Step
Phase: Ai(3)-mm-vito's Combat Damage Step
Phase: Ai(3)-mm-vito's End of Combat Step
Phase: Ai(3)-mm-vito's Main phase, postcombat
Phase: Ai(3)-mm-vito's End step
Phase: Ai(3)-mm-vito's Cleanup step
Turn: Turn 8 (Ai(4)-mm-baylen-tokens)
Phase: Ai(4)-mm-baylen-tokens' Untap step
Phase: Ai(4)-mm-baylen-tokens' Upkeep step
Phase: Ai(4)-mm-baylen-tokens' Draw step
Phase: Ai(4)-mm-baylen-tokens' Main phase, precombat
Land: Ai(4)-mm-baylen-tokens played Forest (329)
Mana: Forest (325) - {T}: Add {G}.
Mana: Forest (329) - {T}: Add {G}.
Add To Stack: Ai(4)-mm-baylen-tokens cast Nature's Lore
Replacement Effect: As Temple Garden enters, you may pay 2 life. If you don't, it enters tapped.
Resolve Stack: Nature's Lore (375) - Ai(4)-mm-baylen-tokens searches their library for a Forest card, puts it onto the battlefield, then shuffles.
Phase: Ai(4)-mm-baylen-tokens' Beginning of Combat Step
Phase: Ai(4)-mm-baylen-tokens' Declare Attackers Step
Phase: Ai(4)-mm-baylen-tokens' Declare Blockers Step
Phase: Ai(4)-mm-baylen-tokens' First Strike Damage Step
Phase: Ai(4)-mm-baylen-tokens' Combat Damage Step
Phase: Ai(4)-mm-baylen-tokens' End of Combat Step
Phase: Ai(4)-mm-baylen-tokens' Main phase, postcombat
Phase: Ai(4)-mm-baylen-tokens' End step
Phase: Ai(4)-mm-baylen-tokens' Cleanup step
Turn: Turn 9 (Ai(1)-mm-zur-enchantress)
Phase: Ai(1)-mm-zur-enchantress' Untap step
Phase: Ai(1)-mm-zur-enchantress' Upkeep step
Phase: Ai(1)-mm-zur-enchantress' Draw step
Phase: Ai(1)-mm-zur-enchantress' Main phase, precombat
Land: Ai(1)-mm-zur-enchantress played Contaminated Landscape (2)
Zone Change: Contaminated Landscape (2) was put into Graveyard from Battlefield.
Add To Stack: Ai(1)-mm-zur-enchantress activated Contaminated Landscape
Resolve Stack: Contaminated Landscape (2) - Ai(1)-mm-zur-enchantress searches their library for a basic Plains, Island, or Swamp card, puts it onto the battlefield tapped, then shuffles.
Mana: Swamp (54) - {T}: Add {B}.
Life: Life: Ai(1)-mm-zur-enchantress 39 > 38
Mana: Mana Confluence (68) - {T}, Pay 1 life: Add one mana of any color.
Add To Stack: Ai(1)-mm-zur-enchantress activated Shadowspear targeting [Iron Hills Blacksmith (51)]
Resolve Stack: Shadowspear (13) -  Attach to Iron Hills Blacksmith (51)
Phase: Ai(1)-mm-zur-enchantress' Beginning of Combat Step
Phase: Ai(1)-mm-zur-enchantress' Declare Attackers Step
Combat: Ai(1)-mm-zur-enchantress assigned Iron Hills Blacksmith (51) to attack Ai(4)-mm-baylen-tokens.
Phase: Ai(1)-mm-zur-enchantress' Declare Blockers Step
Combat: Ai(4)-mm-baylen-tokens didn't block Iron Hills Blacksmith (51).
Phase: Ai(1)-mm-zur-enchantress' First Strike Damage Step
Damage: Iron Hills Blacksmith (51) deals 2 combat damage to Ai(4)-mm-baylen-tokens.
Life: Life: Ai(1)-mm-zur-enchantress 38 > 40
Life: Life: Ai(4)-mm-baylen-tokens 40 > 38
Phase: Ai(1)-mm-zur-enchantress' Combat Damage Step
Damage: Iron Hills Blacksmith (51) deals 2 combat damage to Ai(4)-mm-baylen-tokens.
Life: Life: Ai(1)-mm-zur-enchantress 40 > 42
Life: Life: Ai(4)-mm-baylen-tokens 38 > 36
Phase: Ai(1)-mm-zur-enchantress' End of Combat Step
Phase: Ai(1)-mm-zur-enchantress' Main phase, postcombat
Phase: Ai(1)-mm-zur-enchantress' End step
Phase: Ai(1)-mm-zur-enchantress' Cleanup step
Turn: Turn 10 (Ai(2)-mm-giada-angels)
Phase: Ai(2)-mm-giada-angels' Untap step
Phase: Ai(2)-mm-giada-angels' Upkeep step
Phase: Ai(2)-mm-giada-angels' Draw step
Phase: Ai(2)-mm-giada-angels' Main phase, precombat
Land: Ai(2)-mm-giada-angels played Seraph Sanctuary (167)
Add To Stack: Ai(2)-mm-giada-angels triggered Seraph Sanctuary
Life: Life: Ai(2)-mm-giada-angels 40 > 41
Resolve Stack: When Seraph Sanctuary enters, you gain 1 life. [Zone Changer: Seraph Sanctuary (167)]
Phase: Ai(2)-mm-giada-angels' Beginning of Combat Step
Phase: Ai(2)-mm-giada-angels' Declare Attackers Step
Phase: Ai(2)-mm-giada-angels' Declare Blockers Step
Phase: Ai(2)-mm-giada-angels' First Strike Damage Step
Phase: Ai(2)-mm-giada-angels' Combat Damage Step
Phase: Ai(2)-mm-giada-angels' End of Combat Step
Phase: Ai(2)-mm-giada-angels' Main phase, postcombat
Mana: Seraph Sanctuary (167) - {T}: Add {C}.
Mana: Plains (182) - {T}: Add {W}.
Mana: Plains (175) - {T}: Add {W}.
Add To Stack: Ai(2)-mm-giada-angels cast Oketra's Monument
Resolve Stack: Oketra's Monument
Phase: Ai(2)-mm-giada-angels' End step
Phase: Ai(2)-mm-giada-angels' Cleanup step
Turn: Turn 11 (Ai(3)-mm-vito)
Phase: Ai(3)-mm-vito's Untap step
Phase: Ai(3)-mm-vito's Upkeep step
Phase: Ai(3)-mm-vito's Draw step
Phase: Ai(3)-mm-vito's Main phase, precombat
Land: Ai(3)-mm-vito played Swamp (242)
Phase: Ai(3)-mm-vito's Beginning of Combat Step
Phase: Ai(3)-mm-vito's Declare Attackers Step
Phase: Ai(3)-mm-vito's Declare Blockers Step
Phase: Ai(3)-mm-vito's First Strike Damage Step
Phase: Ai(3)-mm-vito's Combat Damage Step
Phase: Ai(3)-mm-vito's End of Combat Step
Phase: Ai(3)-mm-vito's Main phase, postcombat
Mana: Swamp (245) - {T}: Add {B}.
Mana: Swamp (242) - {T}: Add {B}.
Mana: Cabal Stronghold (216) - {T}: Add {C}.
Add To Stack: Ai(3)-mm-vito cast Marauding Blight-Priest
Resolve Stack: Marauding Blight-Priest - Creature 3 / 2
Phase: Ai(3)-mm-vito's End step
Phase: Ai(3)-mm-vito's Cleanup step
Turn: Turn 12 (Ai(4)-mm-baylen-tokens)
Phase: Ai(4)-mm-baylen-tokens' Untap step
Phase: Ai(4)-mm-baylen-tokens' Upkeep step
Phase: Ai(4)-mm-baylen-tokens' Draw step
Phase: Ai(4)-mm-baylen-tokens' Main phase, precombat
Replacement Effect: As Stomping Ground enters, you may pay 2 life. If you don't, it enters tapped.
Land: Ai(4)-mm-baylen-tokens played Stomping Ground (324)
Phase: Ai(4)-mm-baylen-tokens' Beginning of Combat Step
Phase: Ai(4)-mm-baylen-tokens' Declare Attackers Step
Phase: Ai(4)-mm-baylen-tokens' Declare Blockers Step
Phase: Ai(4)-mm-baylen-tokens' First Strike Damage Step
Phase: Ai(4)-mm-baylen-tokens' Combat Damage Step
Phase: Ai(4)-mm-baylen-tokens' End of Combat Step
Phase: Ai(4)-mm-baylen-tokens' Main phase, postcombat
Mana: Temple Garden (377) - {T}: Add {W}.
Mana: Forest (325) - {T}: Add {G}.
Add To Stack: Ai(4)-mm-baylen-tokens cast Hare Apparent
Resolve Stack: Hare Apparent - Creature 2 / 2
Add To Stack: Ai(4)-mm-baylen-tokens triggered Hare Apparent
Resolve Stack: When this creature enters, create a number of 1/1 white Rabbit creature tokens equal to the number of other creatures you control named Hare Apparent. [Zone Changer: Hare Apparent (360)]
Phase: Ai(4)-mm-baylen-tokens' End step
Phase: Ai(4)-mm-baylen-tokens' Cleanup step
Turn: Turn 13 (Ai(1)-mm-zur-enchantress)
Phase: Ai(1)-mm-zur-enchantress' Untap step
Phase: Ai(1)-mm-zur-enchantress' Upkeep step
Phase: Ai(1)-mm-zur-enchantress' Draw step
Phase: Ai(1)-mm-zur-enchantress' Main phase, precombat
Mana: Plains (85) - {T}: Add {W}.
Mana: Swamp (54) - {T}: Add {B}.
Add To Stack: Ai(1)-mm-zur-enchantress activated Axe targeting [Iron Hills Blacksmith (51)]
Resolve Stack: Axe (450) -  Attach to Iron Hills Blacksmith (51)
Phase: Ai(1)-mm-zur-enchantress' Beginning of Combat Step
Phase: Ai(1)-mm-zur-enchantress' Declare Attackers Step
Combat: Ai(1)-mm-zur-enchantress assigned Iron Hills Blacksmith (51) to attack Ai(3)-mm-vito.
Phase: Ai(1)-mm-zur-enchantress' Declare Blockers Step
Combat: Ai(3)-mm-vito didn't block Iron Hills Blacksmith (51).
Phase: Ai(1)-mm-zur-enchantress' First Strike Damage Step
Damage: Iron Hills Blacksmith (51) deals 3 combat damage to Ai(3)-mm-vito.
Life: Life: Ai(1)-mm-zur-enchantress 42 > 45
Life: Life: Ai(3)-mm-vito 38 > 35
Phase: Ai(1)-mm-zur-enchantress' Combat Damage Step
Damage: Iron Hills Blacksmith (51) deals 3 combat damage to Ai(3)-mm-vito.
Life: Life: Ai(1)-mm-zur-enchantress 45 > 48
Life: Life: Ai(3)-mm-vito 35 > 32
Phase: Ai(1)-mm-zur-enchantress' End of Combat Step
Phase: Ai(1)-mm-zur-enchantress' Main phase, postcombat
Phase: Ai(1)-mm-zur-enchantress' End step
Phase: Ai(1)-mm-zur-enchantress' Cleanup step
Turn: Turn 14 (Ai(2)-mm-giada-angels)
Phase: Ai(2)-mm-giada-angels' Untap step
Phase: Ai(2)-mm-giada-angels' Upkeep step
Phase: Ai(2)-mm-giada-angels' Draw step
Phase: Ai(2)-mm-giada-angels' Main phase, precombat
Land: Ai(2)-mm-giada-angels played Plains (192)
Phase: Ai(2)-mm-giada-angels' Beginning of Combat Step
Phase: Ai(2)-mm-giada-angels' Declare Attackers Step
Phase: Ai(2)-mm-giada-angels' Declare Blockers Step
Phase: Ai(2)-mm-giada-angels' First Strike Damage Step
Phase: Ai(2)-mm-giada-angels' Combat Damage Step
Phase: Ai(2)-mm-giada-angels' End of Combat Step
Phase: Ai(2)-mm-giada-angels' Main phase, postcombat
Mana: Plains (182) - {T}: Add {W}.
Mana: Seraph Sanctuary (167) - {T}: Add {C}.
Mana: Plains (175) - {T}: Add {W}.
Mana: Plains (192) - {T}: Add {W}.
Add To Stack: Ai(2)-mm-giada-angels cast Smothering Tithe
Resolve Stack: Smothering Tithe
Phase: Ai(2)-mm-giada-angels' End step
Phase: Ai(2)-mm-giada-angels' Cleanup step
Turn: Turn 15 (Ai(3)-mm-vito)
Phase: Ai(3)-mm-vito's Untap step
Phase: Ai(3)-mm-vito's Upkeep step
Phase: Ai(3)-mm-vito's Draw step
Add To Stack: Ai(2)-mm-giada-angels triggered Smothering Tithe
Resolve Stack: Whenever an opponent draws a card, that player may pay {2}. If the player doesn't, you create a Treasure token. (It's an artifact with "{T}, Sacrifice this token: Add one mana of any color.") [Player: Ai(3)-mm-vito]
Phase: Ai(3)-mm-vito's Main phase, precombat
Land: Ai(3)-mm-vito played Swamp (261)
Mana: Swamp (245) - {T}: Add {B}.
Mana: Swamp (242) - {T}: Add {B}.
Mana: Swamp (261) - {T}: Add {B}.
Add To Stack: Ai(3)-mm-vito cast Vito, Thorn of the Dusk Rose
Resolve Stack: Vito, Thorn of the Dusk Rose - Creature 1 / 3
Phase: Ai(3)-mm-vito's Beginning of Combat Step
Phase: Ai(3)-mm-vito's Declare Attackers Step
Combat: Ai(3)-mm-vito assigned Marauding Blight-Priest (284) to attack Ai(1)-mm-zur-enchantress.
Phase: Ai(3)-mm-vito's Declare Blockers Step
Combat: Ai(1)-mm-zur-enchantress didn't block Marauding Blight-Priest (284).
Phase: Ai(3)-mm-vito's First Strike Damage Step
Phase: Ai(3)-mm-vito's Combat Damage Step
Damage: Marauding Blight-Priest (284) deals 3 combat damage to Ai(1)-mm-zur-enchantress.
Life: Life: Ai(1)-mm-zur-enchantress 48 > 45
Phase: Ai(3)-mm-vito's End of Combat Step
Phase: Ai(3)-mm-vito's Main phase, postcombat
Phase: Ai(3)-mm-vito's End step
Phase: Ai(3)-mm-vito's Cleanup step
Turn: Turn 16 (Ai(4)-mm-baylen-tokens)
Phase: Ai(4)-mm-baylen-tokens' Untap step
Phase: Ai(4)-mm-baylen-tokens' Upkeep step
Phase: Ai(4)-mm-baylen-tokens' Draw step
Add To Stack: Ai(2)-mm-giada-angels triggered Smothering Tithe
Resolve Stack: Whenever an opponent draws a card, that player may pay {2}. If the player doesn't, you create a Treasure token. (It's an artifact with "{T}, Sacrifice this token: Add one mana of any color.") [Player: Ai(4)-mm-baylen-tokens]
Phase: Ai(4)-mm-baylen-tokens' Main phase, precombat
Mana: Forest (325) - {T}: Add {G}.
Mana: Forest (329) - {T}: Add {G}.
Add To Stack: Ai(4)-mm-baylen-tokens cast Swiftfoot Boots
Resolve Stack: Swiftfoot Boots
Mana: Stomping Ground (324) - {T}: Add {G}.
Add To Stack: Ai(4)-mm-baylen-tokens activated Swiftfoot Boots targeting [Hare Apparent (360)]
Resolve Stack: Swiftfoot Boots (338) -  Attach to Hare Apparent (360)
Phase: Ai(4)-mm-baylen-tokens' Beginning of Combat Step
Phase: Ai(4)-mm-baylen-tokens' Declare Attackers Step
Combat: Ai(4)-mm-baylen-tokens assigned Hare Apparent (360) to attack Ai(1)-mm-zur-enchantress.
Phase: Ai(4)-mm-baylen-tokens' Declare Blockers Step
Combat: Ai(1)-mm-zur-enchantress didn't block Hare Apparent (360).
Phase: Ai(4)-mm-baylen-tokens' First Strike Damage Step
Phase: Ai(4)-mm-baylen-tokens' Combat Damage Step
Damage: Hare Apparent (360) deals 2 combat damage to Ai(1)-mm-zur-enchantress.
Life: Life: Ai(1)-mm-zur-enchantress 45 > 43
Phase: Ai(4)-mm-baylen-tokens' End of Combat Step
Phase: Ai(4)-mm-baylen-tokens' Main phase, postcombat
Phase: Ai(4)-mm-baylen-tokens' End step
Phase: Ai(4)-mm-baylen-tokens' Cleanup step
Turn: Turn 17 (Ai(1)-mm-zur-enchantress)
Phase: Ai(1)-mm-zur-enchantress' Untap step
Phase: Ai(1)-mm-zur-enchantress' Upkeep step
Phase: Ai(1)-mm-zur-enchantress' Draw step
Add To Stack: Ai(2)-mm-giada-angels triggered Smothering Tithe
Resolve Stack: Whenever an opponent draws a card, that player may pay {2}. If the player doesn't, you create a Treasure token. (It's an artifact with "{T}, Sacrifice this token: Add one mana of any color.") [Player: Ai(1)-mm-zur-enchantress]
Phase: Ai(1)-mm-zur-enchantress' Main phase, precombat
Mana: Plains (85) - {T}: Add {W}.
Mana: Swamp (54) - {T}: Add {B}.
Life: Life: Ai(1)-mm-zur-enchantress 43 > 42
Mana: Mana Confluence (68) - {T}, Pay 1 life: Add one mana of any color.
Add To Stack: Ai(1)-mm-zur-enchantress cast Sword of Fire and Ice
Resolve Stack: Sword of Fire and Ice
Phase: Ai(1)-mm-zur-enchantress' Beginning of Combat Step
Phase: Ai(1)-mm-zur-enchantress' Declare Attackers Step
Combat: Ai(1)-mm-zur-enchantress assigned Iron Hills Blacksmith (51) to attack Ai(2)-mm-giada-angels.
Phase: Ai(1)-mm-zur-enchantress' Declare Blockers Step
Combat: Ai(2)-mm-giada-angels didn't block Iron Hills Blacksmith (51).
Phase: Ai(1)-mm-zur-enchantress' First Strike Damage Step
Damage: Iron Hills Blacksmith (51) deals 3 combat damage to Ai(2)-mm-giada-angels.
Life: Life: Ai(1)-mm-zur-enchantress 42 > 45
Life: Life: Ai(2)-mm-giada-angels 41 > 38
Phase: Ai(1)-mm-zur-enchantress' Combat Damage Step
Damage: Iron Hills Blacksmith (51) deals 3 combat damage to Ai(2)-mm-giada-angels.
Life: Life: Ai(1)-mm-zur-enchantress 45 > 48
Life: Life: Ai(2)-mm-giada-angels 38 > 35
Phase: Ai(1)-mm-zur-enchantress' End of Combat Step
Phase: Ai(1)-mm-zur-enchantress' Main phase, postcombat
Phase: Ai(1)-mm-zur-enchantress' End step
Phase: Ai(1)-mm-zur-enchantress' Cleanup step
Turn: Turn 18 (Ai(2)-mm-giada-angels)
Phase: Ai(2)-mm-giada-angels' Untap step
Phase: Ai(2)-mm-giada-angels' Upkeep step
Phase: Ai(2)-mm-giada-angels' Draw step
Phase: Ai(2)-mm-giada-angels' Main phase, precombat
Land: Ai(2)-mm-giada-angels played Plains (180)
Phase: Ai(2)-mm-giada-angels' Beginning of Combat Step
Phase: Ai(2)-mm-giada-angels' Declare Attackers Step
Phase: Ai(2)-mm-giada-angels' Declare Blockers Step
Phase: Ai(2)-mm-giada-angels' First Strike Damage Step
Phase: Ai(2)-mm-giada-angels' Combat Damage Step
Phase: Ai(2)-mm-giada-angels' End of Combat Step
Phase: Ai(2)-mm-giada-angels' Main phase, postcombat
Mana: Seraph Sanctuary (167) - {T}: Add {C}.
Mana: Plains (182) - {T}: Add {W}.
Mana: Plains (175) - {T}: Add {W}.
Add To Stack: Ai(2)-mm-giada-angels cast Herald's Horn
Replacement Effect: As Herald's Horn enters, choose a creature type.
Resolve Stack: Herald's Horn
Mana: Plains (192) - {T}: Add {W}.
Mana: Plains (180) - {T}: Add {W}.
Zone Change: Treasure Token (600) was put into Graveyard from Battlefield.
Mana: Treasure Token (600) - {T}, Sacrifice this token: Add one mana of any color.
Zone Change: Treasure Token (572) was put into Graveyard from Battlefield.
Mana: Treasure Token (572) - {T}, Sacrifice this token: Add one mana of any color.
Zone Change: Treasure Token (555) was put into Graveyard from Battlefield.
Mana: Treasure Token (555) - {T}, Sacrifice this token: Add one mana of any color.
Add To Stack: Ai(2)-mm-giada-angels cast Entreat the Angels
Resolve Stack: Entreat the Angels (150) - Ai(2)-mm-giada-angels creates X 4/4 white Angel creature tokens with flying. (X=1)
Add To Stack: Ai(2)-mm-giada-angels triggered Seraph Sanctuary
Life: Life: Ai(2)-mm-giada-angels 35 > 36
Resolve Stack: Whenever an Angel you control enters, you gain 1 life. [Zone Changer: Angel Token (643)]
Phase: Ai(2)-mm-giada-angels' End step
Phase: Ai(2)-mm-giada-angels' Cleanup step
Turn: Turn 19 (Ai(3)-mm-vito)
Phase: Ai(3)-mm-vito's Untap step
Phase: Ai(3)-mm-vito's Upkeep step
Phase: Ai(3)-mm-vito's Draw step
Add To Stack: Ai(2)-mm-giada-angels triggered Smothering Tithe
Resolve Stack: Whenever an opponent draws a card, that player may pay {2}. If the player doesn't, you create a Treasure token. (It's an artifact with "{T}, Sacrifice this token: Add one mana of any color.") [Player: Ai(3)-mm-vito]
Phase: Ai(3)-mm-vito's Main phase, precombat
Land: Ai(3)-mm-vito played Swamp (260)
Phase: Ai(3)-mm-vito's Beginning of Combat Step
Phase: Ai(3)-mm-vito's Declare Attackers Step
Combat: Ai(3)-mm-vito assigned Marauding Blight-Priest (284) and Vito, Thorn of the Dusk Rose (301) to attack Ai(1)-mm-zur-enchantress.
Phase: Ai(3)-mm-vito's Declare Blockers Step
Combat: Ai(1)-mm-zur-enchantress didn't block Marauding Blight-Priest (284).
Ai(1)-mm-zur-enchantress didn't block Vito, Thorn of the Dusk Rose (301).
Phase: Ai(3)-mm-vito's First Strike Damage Step
Phase: Ai(3)-mm-vito's Combat Damage Step
Damage: Marauding Blight-Priest (284) deals 3 combat damage to Ai(1)-mm-zur-enchantress.
Damage: Vito, Thorn of the Dusk Rose (301) deals 1 combat damage to Ai(1)-mm-zur-enchantress.
Life: Life: Ai(1)-mm-zur-enchantress 48 > 44
Phase: Ai(3)-mm-vito's End of Combat Step
Phase: Ai(3)-mm-vito's Main phase, postcombat
Mana: Swamp (245) - {T}: Add {B}.
Mana: Swamp (242) - {T}: Add {B}.
Mana: Swamp (261) - {T}: Add {B}.
Mana: Swamp (260) - {T}: Add {B}.
Add To Stack: Ai(3)-mm-vito cast Enduring Tenacity
Resolve Stack: Enduring Tenacity - Creature 4 / 3
Phase: Ai(3)-mm-vito's End step
Phase: Ai(3)-mm-vito's Cleanup step
Turn: Turn 20 (Ai(4)-mm-baylen-tokens)
Phase: Ai(4)-mm-baylen-tokens' Untap step
Phase: Ai(4)-mm-baylen-tokens' Upkeep step
Phase: Ai(4)-mm-baylen-tokens' Draw step
Add To Stack: Ai(2)-mm-giada-angels triggered Smothering Tithe
Resolve Stack: Whenever an opponent draws a card, that player may pay {2}. If the player doesn't, you create a Treasure token. (It's an artifact with "{T}, Sacrifice this token: Add one mana of any color.") [Player: Ai(4)-mm-baylen-tokens]
Phase: Ai(4)-mm-baylen-tokens' Main phase, precombat
Phase: Ai(4)-mm-baylen-tokens' Beginning of Combat Step
Phase: Ai(4)-mm-baylen-tokens' Declare Attackers Step
Phase: Ai(4)-mm-baylen-tokens' Declare Blockers Step
Phase: Ai(4)-mm-baylen-tokens' First Strike Damage Step
Phase: Ai(4)-mm-baylen-tokens' Combat Damage Step
Phase: Ai(4)-mm-baylen-tokens' End of Combat Step
Phase: Ai(4)-mm-baylen-tokens' Main phase, postcombat
Mana: Temple Garden (377) - {T}: Add {W}.
Mana: Forest (325) - {T}: Add {G}.
Mana: Forest (329) - {T}: Add {G}.
Mana: Stomping Ground (324) - {T}: Add {G}.
Add To Stack: Ai(4)-mm-baylen-tokens cast Smothering Tithe
Resolve Stack: Smothering Tithe
Phase: Ai(4)-mm-baylen-tokens' End step
Phase: Ai(4)-mm-baylen-tokens' Cleanup step
Turn: Turn 21 (Ai(1)-mm-zur-enchantress)
Phase: Ai(1)-mm-zur-enchantress' Untap step
Phase: Ai(1)-mm-zur-enchantress' Upkeep step
Phase: Ai(1)-mm-zur-enchantress' Draw step
Add To Stack: Ai(2)-mm-giada-angels triggered Smothering Tithe
Add To Stack: Ai(4)-mm-baylen-tokens triggered Smothering Tithe
Resolve Stack: Whenever an opponent draws a card, that player may pay {2}. If the player doesn't, you create a Treasure token. (It's an artifact with "{T}, Sacrifice this token: Add one mana of any color.") [Player: Ai(1)-mm-zur-enchantress]
Resolve Stack: Whenever an opponent draws a card, that player may pay {2}. If the player doesn't, you create a Treasure token. (It's an artifact with "{T}, Sacrifice this token: Add one mana of any color.") [Player: Ai(1)-mm-zur-enchantress]
Phase: Ai(1)-mm-zur-enchantress' Main phase, precombat
Land: Ai(1)-mm-zur-enchantress played Opal Palace (18)
Life: Life: Ai(1)-mm-zur-enchantress 44 > 43
Mana: Mana Confluence (68) - {T}, Pay 1 life: Add one mana of any color.
Mana: Plains (85) - {T}: Add {W}.
Mana: Swamp (54) - {T}: Add {B}.
Mana: Opal Palace (18) - {T}: Add {C}.
Add To Stack: Ai(1)-mm-zur-enchantress cast Faerie Harbinger
Resolve Stack: Faerie Harbinger - Creature 2 / 2
Add To Stack: Ai(1)-mm-zur-enchantress triggered Faerie Harbinger
Resolve Stack: When Faerie Harbinger enters, you may search your library for a Faerie card, reveal it, then shuffle and put that card on top. [Zone Changer: Faerie Harbinger (38)]
Phase: Ai(1)-mm-zur-enchantress' Beginning of Combat Step
Phase: Ai(1)-mm-zur-enchantress' Declare Attackers Step
Phase: Ai(1)-mm-zur-enchantress' Declare Blockers Step
Phase: Ai(1)-mm-zur-enchantress' First Strike Damage Step
Phase: Ai(1)-mm-zur-enchantress' Combat Damage Step
Phase: Ai(1)-mm-zur-enchantress' End of Combat Step
Phase: Ai(1)-mm-zur-enchantress' Main phase, postcombat
Phase: Ai(1)-mm-zur-enchantress' End step
Phase: Ai(1)-mm-zur-enchantress' Cleanup step
Turn: Turn 22 (Ai(2)-mm-giada-angels)
Phase: Ai(2)-mm-giada-angels' Untap step
Phase: Ai(2)-mm-giada-angels' Upkeep step
Add To Stack: Ai(2)-mm-giada-angels triggered Herald's Horn
Resolve Stack: At the beginning of your upkeep, look at the top card of your library. If it's a creature card of the chosen type, you may reveal it and put it into your hand. [Phase: Ai(2)-mm-giada-angels]
Phase: Ai(2)-mm-giada-angels' Draw step
Add To Stack: Ai(4)-mm-baylen-tokens triggered Smothering Tithe
Resolve Stack: Whenever an opponent draws a card, that player may pay {2}. If the player doesn't, you create a Treasure token. (It's an artifact with "{T}, Sacrifice this token: Add one mana of any color.") [Player: Ai(2)-mm-giada-angels]
Phase: Ai(2)-mm-giada-angels' Main phase, precombat
Land: Ai(2)-mm-giada-angels played Plains (179)
Mana: Plains (182) - {T}: Add {W}.
Mana: Seraph Sanctuary (167) - {T}: Add {C}.
Add To Stack: Ai(2)-mm-giada-angels cast Firemane Commando
Add To Stack: Ai(2)-mm-giada-angels triggered Oketra's Monument
Resolve Stack: Whenever you cast a creature spell, create a 1/1 white Warrior creature token with vigilance. [Card: Firemane Commando (116), Activator: Ai(2)-mm-giada-angels, SpellAbility: Firemane Commando - Creature 4 / 3]
Resolve Stack: Firemane Commando - Creature 4 / 3
Add To Stack: Ai(2)-mm-giada-angels triggered Seraph Sanctuary
Life: Life: Ai(2)-mm-giada-angels 36 > 37
Resolve Stack: Whenever an Angel you control enters, you gain 1 life. [Zone Changer: Firemane Commando (116)]
Phase: Ai(2)-mm-giada-angels' Beginning of Combat Step
Phase: Ai(2)-mm-giada-angels' Declare Attackers Step
Combat: Ai(2)-mm-giada-angels assigned Angel Token (643) to attack Ai(1)-mm-zur-enchantress.
Phase: Ai(2)-mm-giada-angels' Declare Blockers Step
Combat: Ai(1)-mm-zur-enchantress didn't block Angel Token (643).
Zone Change: Treasure Token (738) was put into Graveyard from Battlefield.
Mana: Treasure Token (738) - {T}, Sacrifice this token: Add one mana of any color.
Zone Change: Treasure Token (707) was put into Graveyard from Battlefield.
Mana: Treasure Token (707) - {T}, Sacrifice this token: Add one mana of any color.
Add To Stack: Ai(4)-mm-baylen-tokens cast Secure the Wastes
Resolve Stack: Secure the Wastes (367) - Ai(4)-mm-baylen-tokens creates X 1/1 white Warrior creature tokens. (X=1)
Phase: Ai(2)-mm-giada-angels' First Strike Damage Step
Phase: Ai(2)-mm-giada-angels' Combat Damage Step
Damage: Angel Token (643) deals 4 combat damage to Ai(1)-mm-zur-enchantress.
Life: Life: Ai(1)-mm-zur-enchantress 43 > 39
Phase: Ai(2)-mm-giada-angels' End of Combat Step
Phase: Ai(2)-mm-giada-angels' Main phase, postcombat
Mana: Plains (175) - {T}: Add {W}.
Mana: Plains (192) - {T}: Add {W}.
Add To Stack: Ai(2)-mm-giada-angels cast Giada, Font of Hope
Add To Stack: Ai(2)-mm-giada-angels triggered Oketra's Monument
Resolve Stack: Whenever you cast a creature spell, create a 1/1 white Warrior creature token with vigilance. [Card: Giada, Font of Hope (200), Activator: Ai(2)-mm-giada-angels, SpellAbility: Giada, Font of Hope - Creature 2 / 2]
Resolve Stack: Giada, Font of Hope - Creature 2 / 2
Add To Stack: Ai(2)-mm-giada-angels triggered Seraph Sanctuary
Life: Life: Ai(2)-mm-giada-angels 37 > 38
Resolve Stack: Whenever an Angel you control enters, you gain 1 life. [Zone Changer: Giada, Font of Hope (200)]
Mana: Plains (180) - {T}: Add {W}.
Add To Stack: Ai(2)-mm-giada-angels cast Righteous Valkyrie
Add To Stack: Ai(2)-mm-giada-angels triggered Oketra's Monument
Resolve Stack: Whenever you cast a creature spell, create a 1/1 white Warrior creature token with vigilance. [Card: Righteous Valkyrie (102), Activator: Ai(2)-mm-giada-angels, SpellAbility: Righteous Valkyrie - Creature 2 / 4]
Replacement Effect: Each other Angel you control enters with an additional +1/+1 counter on it for each Angel you already control.
Resolve Stack: Righteous Valkyrie - Creature 2 / 4
Add To Stack: Ai(2)-mm-giada-angels triggered Seraph Sanctuary
Life: Life: Ai(2)-mm-giada-angels 38 > 39
Resolve Stack: Whenever an Angel you control enters, you gain 1 life. [Zone Changer: Righteous Valkyrie (102)]
Mana: Plains (179) - {T}: Add {W}.
Zone Change: Treasure Token (712) was put into Graveyard from Battlefield.
Mana: Treasure Token (712) - {T}, Sacrifice this token: Add one mana of any color.
Zone Change: Treasure Token (685) was put into Graveyard from Battlefield.
Mana: Treasure Token (685) - {T}, Sacrifice this token: Add one mana of any color.
Add To Stack: Ai(2)-mm-giada-angels cast The Book of Exalted Deeds
Resolve Stack: The Book of Exalted Deeds
Phase: Ai(2)-mm-giada-angels' End step
Add To Stack: Ai(2)-mm-giada-angels triggered The Book of Exalted Deeds
Replacement Effect: Each other Angel you control enters with an additional +1/+1 counter on it for each Angel you already control.
Resolve Stack: At the beginning of your end step, if you gained 3 or more life this turn, create a 3/3 white Angel creature token with flying. [Phase: Ai(2)-mm-giada-angels]
Add To Stack: Ai(2)-mm-giada-angels triggered Seraph Sanctuary
Add To Stack: Ai(2)-mm-giada-angels triggered Righteous Valkyrie
Life: Life: Ai(2)-mm-giada-angels 39 > 46
Resolve Stack: Whenever another Angel or Cleric you control enters, you gain life equal to that creature's toughness. [Zone Changer: Angel Token (782)]
Life: Life: Ai(2)-mm-giada-angels 46 > 47
Resolve Stack: Whenever an Angel you control enters, you gain 1 life. [Zone Changer: Angel Token (782)]
Phase: Ai(2)-mm-giada-angels' Cleanup step
Turn: Turn 23 (Ai(3)-mm-vito)
Phase: Ai(3)-mm-vito's Untap step
Phase: Ai(3)-mm-vito's Upkeep step
Phase: Ai(3)-mm-vito's Draw step
Add To Stack: Ai(4)-mm-baylen-tokens triggered Smothering Tithe
Add To Stack: Ai(2)-mm-giada-angels triggered Smothering Tithe
Resolve Stack: Whenever an opponent draws a card, that player may pay {2}. If the player doesn't, you create a Treasure token. (It's an artifact with "{T}, Sacrifice this token: Add one mana of any color.") [Player: Ai(3)-mm-vito]
Resolve Stack: Whenever an opponent draws a card, that player may pay {2}. If the player doesn't, you create a Treasure token. (It's an artifact with "{T}, Sacrifice this token: Add one mana of any color.") [Player: Ai(3)-mm-vito]
Phase: Ai(3)-mm-vito's Main phase, precombat
Land: Ai(3)-mm-vito played Urborg, Tomb of Yawgmoth (277)
Phase: Ai(3)-mm-vito's Beginning of Combat Step
Phase: Ai(3)-mm-vito's Declare Attackers Step
Phase: Ai(3)-mm-vito's Declare Blockers Step
Phase: Ai(3)-mm-vito's First Strike Damage Step
Phase: Ai(3)-mm-vito's Combat Damage Step
Phase: Ai(3)-mm-vito's End of Combat Step
Phase: Ai(3)-mm-vito's Main phase, postcombat
Mana: Swamp (245) - {T}: Add {B}.
Mana: Swamp (242) - {T}: Add {B}.
Mana: Swamp (261) - {T}: Add {B}.
Add To Stack: Ai(3)-mm-vito cast Ayara, First of Locthwain
Resolve Stack: Ayara, First of Locthwain - Creature 2 / 3
Add To Stack: Ai(3)-mm-vito triggered Ayara, First of Locthwain
Life: Life: Ai(4)-mm-baylen-tokens 36 > 35
Life: Life: Ai(1)-mm-zur-enchantress 39 > 38
Life: Life: Ai(2)-mm-giada-angels 47 > 46
Life: Life: Ai(3)-mm-vito 32 > 33
Resolve Stack: Whenever Ayara, First of Locthwain or another black creature you control enters, each opponent loses 1 life and you gain 1 life. [Zone Changer: Ayara, First of Locthwain (227)]
Add To Stack: Ai(3)-mm-vito triggered Marauding Blight-Priest
Add To Stack: Ai(3)-mm-vito triggered Vito, Thorn of the Dusk Rose targeting [Ai(4)-mm-baylen-tokens]
Add To Stack: Ai(3)-mm-vito triggered Enduring Tenacity targeting [Ai(4)-mm-baylen-tokens]
Life: Life: Ai(4)-mm-baylen-tokens 35 > 34
Resolve Stack: Whenever you gain life, target opponent loses that much life. (Targeting: [[Ai(4)-mm-baylen-tokens]]) [Player: Ai(3)-mm-vito, Gained Amount: 1]
Life: Life: Ai(4)-mm-baylen-tokens 34 > 33
Resolve Stack: Whenever you gain life, target opponent loses that much life. (Targeting: [[Ai(4)-mm-baylen-tokens]]) [Player: Ai(3)-mm-vito, Gained Amount: 1]
Life: Life: Ai(4)-mm-baylen-tokens 33 > 32
Life: Life: Ai(1)-mm-zur-enchantress 38 > 37
Life: Life: Ai(2)-mm-giada-angels 46 > 45
Resolve Stack: Whenever you gain life, each opponent loses 1 life. [Player: Ai(3)-mm-vito, Gained Amount: 1]
Mana: Swamp (260) - {T}: Add {B}.
Add To Stack: Ai(3)-mm-vito cast Vampire of the Dire Moon
Resolve Stack: Vampire of the Dire Moon - Creature 1 / 1
Add To Stack: Ai(3)-mm-vito triggered Ayara, First of Locthwain
Life: Life: Ai(4)-mm-baylen-tokens 32 > 31
Life: Life: Ai(1)-mm-zur-enchantress 37 > 36
Life: Life: Ai(2)-mm-giada-angels 45 > 44
Life: Life: Ai(3)-mm-vito 33 > 34
Resolve Stack: Whenever Ayara, First of Locthwain or another black creature you control enters, each opponent loses 1 life and you gain 1 life. [Zone Changer: Vampire of the Dire Moon (289)]
Add To Stack: Ai(3)-mm-vito triggered Marauding Blight-Priest
Add To Stack: Ai(3)-mm-vito triggered Vito, Thorn of the Dusk Rose targeting [Ai(4)-mm-baylen-tokens]
Add To Stack: Ai(3)-mm-vito triggered Enduring Tenacity targeting [Ai(4)-mm-baylen-tokens]
Life: Life: Ai(4)-mm-baylen-tokens 31 > 30
Resolve Stack: Whenever you gain life, target opponent loses that much life. (Targeting: [[Ai(4)-mm-baylen-tokens]]) [Player: Ai(3)-mm-vito, Gained Amount: 1]
Life: Life: Ai(4)-mm-baylen-tokens 30 > 29
Resolve Stack: Whenever you gain life, target opponent loses that much life. (Targeting: [[Ai(4)-mm-baylen-tokens]]) [Player: Ai(3)-mm-vito, Gained Amount: 1]
Life: Life: Ai(4)-mm-baylen-tokens 29 > 28
Life: Life: Ai(1)-mm-zur-enchantress 36 > 35
Life: Life: Ai(2)-mm-giada-angels 44 > 43
Resolve Stack: Whenever you gain life, each opponent loses 1 life. [Player: Ai(3)-mm-vito, Gained Amount: 1]
Mana: Urborg, Tomb of Yawgmoth (277) - {T}: Add {B}.
Mana: Cabal Stronghold (216) - {T}: Add {C}.
Add To Stack: Ai(3)-mm-vito cast Arcane Signet
Resolve Stack: Arcane Signet
Phase: Ai(3)-mm-vito's End step
Phase: Ai(3)-mm-vito's Cleanup step
Turn: Turn 24 (Ai(4)-mm-baylen-tokens)
Phase: Ai(4)-mm-baylen-tokens' Untap step
Phase: Ai(4)-mm-baylen-tokens' Upkeep step
Phase: Ai(4)-mm-baylen-tokens' Draw step
Add To Stack: Ai(2)-mm-giada-angels triggered Smothering Tithe
Resolve Stack: Whenever an opponent draws a card, that player may pay {2}. If the player doesn't, you create a Treasure token. (It's an artifact with "{T}, Sacrifice this token: Add one mana of any color.") [Player: Ai(4)-mm-baylen-tokens]
Phase: Ai(4)-mm-baylen-tokens' Main phase, precombat
Mana: Temple Garden (377) - {T}: Add {W}.
Mana: Forest (325) - {T}: Add {G}.
Add To Stack: Ai(4)-mm-baylen-tokens cast Hare Apparent
Resolve Stack: Hare Apparent - Creature 2 / 2
Add To Stack: Ai(4)-mm-baylen-tokens triggered Hare Apparent
Resolve Stack: When this creature enters, create a number of 1/1 white Rabbit creature tokens equal to the number of other creatures you control named Hare Apparent. [Zone Changer: Hare Apparent (352)]
Phase: Ai(4)-mm-baylen-tokens' Beginning of Combat Step
Phase: Ai(4)-mm-baylen-tokens' Declare Attackers Step
Phase: Ai(4)-mm-baylen-tokens' Declare Blockers Step
Phase: Ai(4)-mm-baylen-tokens' First Strike Damage Step
Phase: Ai(4)-mm-baylen-tokens' Combat Damage Step
Phase: Ai(4)-mm-baylen-tokens' End of Combat Step
Phase: Ai(4)-mm-baylen-tokens' Main phase, postcombat
Zone Change: Treasure Token (795) was put into Graveyard from Battlefield.
Mana: Treasure Token (795) - {T}, Sacrifice this token: Add one mana of any color.
Mana: Stomping Ground (324) - {T}: Add {R}.
Mana: Forest (329) - {T}: Add {G}.
Add To Stack: Ai(4)-mm-baylen-tokens cast Baylen, the Haymaker
Resolve Stack: Baylen, the Haymaker - Creature 4 / 3
Phase: Ai(4)-mm-baylen-tokens' End step
Phase: Ai(4)-mm-baylen-tokens' Cleanup step
Turn: Turn 25 (Ai(1)-mm-zur-enchantress)
Phase: Ai(1)-mm-zur-enchantress' Untap step
Phase: Ai(1)-mm-zur-enchantress' Upkeep step
Phase: Ai(1)-mm-zur-enchantress' Draw step
Add To Stack: Ai(2)-mm-giada-angels triggered Smothering Tithe
Add To Stack: Ai(4)-mm-baylen-tokens triggered Smothering Tithe
Resolve Stack: Whenever an opponent draws a card, that player may pay {2}. If the player doesn't, you create a Treasure token. (It's an artifact with "{T}, Sacrifice this token: Add one mana of any color.") [Player: Ai(1)-mm-zur-enchantress]
Resolve Stack: Whenever an opponent draws a card, that player may pay {2}. If the player doesn't, you create a Treasure token. (It's an artifact with "{T}, Sacrifice this token: Add one mana of any color.") [Player: Ai(1)-mm-zur-enchantress]
Phase: Ai(1)-mm-zur-enchantress' Main phase, precombat
Mana: Swamp (54) - {T}: Add {B}.
Mana: Plains (85) - {T}: Add {B}.
Add To Stack: Ai(1)-mm-zur-enchantress activated Sword of Fire and Ice targeting [Iron Hills Blacksmith (51)]
Resolve Stack: Sword of Fire and Ice (14) -  Attach to Iron Hills Blacksmith (51)
Mana: Opal Palace (18) - {T}: Add {C}.
Mana: Mana Confluence (68) - {T}: Add {B}.
Add To Stack: Ai(1)-mm-zur-enchantress cast Trailblazer's Boots
Resolve Stack: Trailblazer's Boots
Phase: Ai(1)-mm-zur-enchantress' Beginning of Combat Step
Phase: Ai(1)-mm-zur-enchantress' Declare Attackers Step
Phase: Ai(1)-mm-zur-enchantress' Declare Blockers Step
Phase: Ai(1)-mm-zur-enchantress' First Strike Damage Step
Phase: Ai(1)-mm-zur-enchantress' Combat Damage Step
Phase: Ai(1)-mm-zur-enchantress' End of Combat Step
Phase: Ai(1)-mm-zur-enchantress' Main phase, postcombat
Add To Stack: Ai(4)-mm-baylen-tokens activated Baylen, the Haymaker
Resolve Stack: Baylen, the Haymaker (402) - Ai(4)-mm-baylen-tokens draws a card.
Add To Stack: Ai(2)-mm-giada-angels triggered Smothering Tithe
Resolve Stack: Whenever an opponent draws a card, that player may pay {2}. If the player doesn't, you create a Treasure token. (It's an artifact with "{T}, Sacrifice this token: Add one mana of any color.") [Player: Ai(4)-mm-baylen-tokens]
Phase: Ai(1)-mm-zur-enchantress' End step
Phase: Ai(1)-mm-zur-enchantress' Cleanup step
Turn: Turn 26 (Ai(2)-mm-giada-angels)
Phase: Ai(2)-mm-giada-angels' Untap step
Phase: Ai(2)-mm-giada-angels' Upkeep step
Add To Stack: Ai(2)-mm-giada-angels triggered Herald's Horn
Resolve Stack: At the beginning of your upkeep, look at the top card of your library. If it's a creature card of the chosen type, you may reveal it and put it into your hand. [Phase: Ai(2)-mm-giada-angels]
Phase: Ai(2)-mm-giada-angels' Draw step
Add To Stack: Ai(4)-mm-baylen-tokens triggered Smothering Tithe
Resolve Stack: Whenever an opponent draws a card, that player may pay {2}. If the player doesn't, you create a Treasure token. (It's an artifact with "{T}, Sacrifice this token: Add one mana of any color.") [Player: Ai(2)-mm-giada-angels]
Phase: Ai(2)-mm-giada-angels' Main phase, precombat
Phase: Ai(2)-mm-giada-angels' Beginning of Combat Step
Phase: Ai(2)-mm-giada-angels' Declare Attackers Step
Combat: Ai(2)-mm-giada-angels assigned Angel Token (782), Righteous Valkyrie (102), Angel Token (643), Firemane Commando (116) and Giada, Font of Hope (200) to attack Ai(4)-mm-baylen-tokens.
Add To Stack: Ai(2)-mm-giada-angels triggered Firemane Commando
Resolve Stack: Whenever you attack with two or more creatures, draw a card. [Number Attackers: [Angel Token (782), Righteous Valkyrie (102), Angel Token (643), Firemane Commando (116), Giada, Font of Hope (200)]]
Add To Stack: Ai(4)-mm-baylen-tokens triggered Smothering Tithe
Resolve Stack: Whenever an opponent draws a card, that player may pay {2}. If the player doesn't, you create a Treasure token. (It's an artifact with "{T}, Sacrifice this token: Add one mana of any color.") [Player: Ai(2)-mm-giada-angels]
Phase: Ai(2)-mm-giada-angels' Declare Blockers Step
Combat: Ai(4)-mm-baylen-tokens didn't block Angel Token (782).
Ai(4)-mm-baylen-tokens didn't block Righteous Valkyrie (102).
Ai(4)-mm-baylen-tokens didn't block Angel Token (643).
Ai(4)-mm-baylen-tokens didn't block Firemane Commando (116).
Ai(4)-mm-baylen-tokens didn't block Giada, Font of Hope (200).
Phase: Ai(2)-mm-giada-angels' First Strike Damage Step
Phase: Ai(2)-mm-giada-angels' Combat Damage Step
Damage: Angel Token (782) deals 7 combat damage to Ai(4)-mm-baylen-tokens.
Damage: Righteous Valkyrie (102) deals 5 combat damage to Ai(4)-mm-baylen-tokens.
Damage: Angel Token (643) deals 4 combat damage to Ai(4)-mm-baylen-tokens.
Damage: Firemane Commando (116) deals 4 combat damage to Ai(4)-mm-baylen-tokens.
Damage: Giada, Font of Hope (200) deals 2 combat damage to Ai(4)-mm-baylen-tokens.
Life: Life: Ai(4)-mm-baylen-tokens 28 > 6
Phase: Ai(2)-mm-giada-angels' End of Combat Step
Phase: Ai(2)-mm-giada-angels' Main phase, postcombat
Mana: Plains (182) - {T}: Add {W}.
Mana: Plains (175) - {T}: Add {W}.
Mana: Seraph Sanctuary (167) - {T}: Add {C}.
Mana: Plains (192) - {T}: Add {B}.
Mana: Plains (180) - {T}: Add {B}.
Add To Stack: Ai(2)-mm-giada-angels cast Bruna, the Fading Light
Add To Stack: Ai(2)-mm-giada-angels triggered Oketra's Monument
Resolve Stack: Whenever you cast a creature spell, create a 1/1 white Warrior creature token with vigilance. [Card: Bruna, the Fading Light (148), Activator: Ai(2)-mm-giada-angels, SpellAbility: Bruna, the Fading Light - Creature 5 / 7]
Replacement Effect: Each other Angel you control enters with an additional +1/+1 counter on it for each Angel you already control.
Resolve Stack: Bruna, the Fading Light - Creature 5 / 7
Add To Stack: Ai(2)-mm-giada-angels triggered Seraph Sanctuary
Add To Stack: Ai(2)-mm-giada-angels triggered Righteous Valkyrie
Life: Life: Ai(2)-mm-giada-angels 43 > 55
Resolve Stack: Whenever another Angel or Cleric you control enters, you gain life equal to that creature's toughness. [Zone Changer: Bruna, the Fading Light (148)]
Life: Life: Ai(2)-mm-giada-angels 55 > 56
Resolve Stack: Whenever an Angel you control enters, you gain 1 life. [Zone Changer: Bruna, the Fading Light (148)]
Mana: Plains (179) - {T}: Add {W}.
Mana: Giada, Font of Hope (200) - {T}: Add {W}. Spend this mana only to cast an Angel spell.
Add To Stack: Ai(2)-mm-giada-angels cast Gisela, the Broken Blade
Add To Stack: Ai(2)-mm-giada-angels triggered Oketra's Monument
Resolve Stack: Whenever you cast a creature spell, create a 1/1 white Warrior creature token with vigilance. [Card: Gisela, the Broken Blade (113), Activator: Ai(2)-mm-giada-angels, SpellAbility: Gisela, the Broken Blade - Creature 4 / 3]
Replacement Effect: Each other Angel you control enters with an additional +1/+1 counter on it for each Angel you already control.
Resolve Stack: Gisela, the Broken Blade - Creature 4 / 3
Add To Stack: Ai(2)-mm-giada-angels triggered Seraph Sanctuary
Add To Stack: Ai(2)-mm-giada-angels triggered Righteous Valkyrie
Life: Life: Ai(2)-mm-giada-angels 56 > 67
Resolve Stack: Whenever another Angel or Cleric you control enters, you gain life equal to that creature's toughness. [Zone Changer: Gisela, the Broken Blade (113)]
Life: Life: Ai(2)-mm-giada-angels 67 > 68
Resolve Stack: Whenever an Angel you control enters, you gain 1 life. [Zone Changer: Gisela, the Broken Blade (113)]
Zone Change: Treasure Token (853) was put into Graveyard from Battlefield.
Mana: Treasure Token (853) - {T}, Sacrifice this token: Add one mana of any color.
Zone Change: Treasure Token (841) was put into Graveyard from Battlefield.
Mana: Treasure Token (841) - {T}, Sacrifice this token: Add one mana of any color.
Zone Change: Treasure Token (819) was put into Graveyard from Battlefield.
Mana: Treasure Token (819) - {T}, Sacrifice this token: Add one mana of any color.
Add To Stack: Ai(2)-mm-giada-angels cast Herald of War
Add To Stack: Ai(2)-mm-giada-angels triggered Oketra's Monument
Resolve Stack: Whenever you cast a creature spell, create a 1/1 white Warrior creature token with vigilance. [Card: Herald of War (140), Activator: Ai(2)-mm-giada-angels, SpellAbility: Herald of War - Creature 3 / 3]
Replacement Effect: Each other Angel you control enters with an additional +1/+1 counter on it for each Angel you already control.
Resolve Stack: Herald of War - Creature 3 / 3
Add To Stack: Ai(2)-mm-giada-angels triggered Seraph Sanctuary
Add To Stack: Ai(2)-mm-giada-angels triggered Righteous Valkyrie
Life: Life: Ai(2)-mm-giada-angels 68 > 80
Resolve Stack: Whenever another Angel or Cleric you control enters, you gain life equal to that creature's toughness. [Zone Changer: Herald of War (140)]
Life: Life: Ai(2)-mm-giada-angels 80 > 81
Resolve Stack: Whenever an Angel you control enters, you gain 1 life. [Zone Changer: Herald of War (140)]
Phase: Ai(2)-mm-giada-angels' End step
Add To Stack: Ai(2)-mm-giada-angels triggered Gisela, the Broken Blade
Add To Stack: Ai(2)-mm-giada-angels triggered The Book of Exalted Deeds
Replacement Effect: Each other Angel you control enters with an additional +1/+1 counter on it for each Angel you already control.
Resolve Stack: At the beginning of your end step, if you gained 3 or more life this turn, create a 3/3 white Angel creature token with flying. [Phase: Ai(2)-mm-giada-angels]
Add To Stack: Ai(2)-mm-giada-angels triggered Seraph Sanctuary
Add To Stack: Ai(2)-mm-giada-angels triggered Righteous Valkyrie
Life: Life: Ai(2)-mm-giada-angels 81 > 94
Resolve Stack: Whenever another Angel or Cleric you control enters, you gain life equal to that creature's toughness. [Zone Changer: Angel Token (899)]
Life: Life: Ai(2)-mm-giada-angels 94 > 95
Resolve Stack: Whenever an Angel you control enters, you gain 1 life. [Zone Changer: Angel Token (899)]
Zone Change: Gisela, the Broken Blade (113) was put into Exile from Battlefield.
Zone Change: Bruna, the Fading Light (148) was put into Exile from Battlefield.
Replacement Effect: Each other Angel you control enters with an additional +1/+1 counter on it for each Angel you already control.
Resolve Stack: At the beginning of your end step, if you both own and control Gisela, the Broken Blade and a creature named Bruna, the Fading Light, exile them, then meld them into Brisela, Voice of Nightmares. [Phase: Ai(2)-mm-giada-angels]
Add To Stack: Ai(2)-mm-giada-angels triggered Seraph Sanctuary
Add To Stack: Ai(2)-mm-giada-angels triggered Righteous Valkyrie
Life: Life: Ai(2)-mm-giada-angels 95 > 114
Resolve Stack: Whenever another Angel or Cleric you control enters, you gain life equal to that creature's toughness. [Zone Changer: Brisela, Voice of Nightmares (113)]
Life: Life: Ai(2)-mm-giada-angels 114 > 115
Resolve Stack: Whenever an Angel you control enters, you gain 1 life. [Zone Changer: Brisela, Voice of Nightmares (113)]
Phase: Ai(2)-mm-giada-angels' Cleanup step
Turn: Turn 27 (Ai(3)-mm-vito)
Phase: Ai(3)-mm-vito's Untap step
Phase: Ai(3)-mm-vito's Upkeep step
Phase: Ai(3)-mm-vito's Draw step
Add To Stack: Ai(4)-mm-baylen-tokens triggered Smothering Tithe
Add To Stack: Ai(2)-mm-giada-angels triggered Smothering Tithe
Resolve Stack: Whenever an opponent draws a card, that player may pay {2}. If the player doesn't, you create a Treasure token. (It's an artifact with "{T}, Sacrifice this token: Add one mana of any color.") [Player: Ai(3)-mm-vito]
Resolve Stack: Whenever an opponent draws a card, that player may pay {2}. If the player doesn't, you create a Treasure token. (It's an artifact with "{T}, Sacrifice this token: Add one mana of any color.") [Player: Ai(3)-mm-vito]
Phase: Ai(3)-mm-vito's Main phase, precombat
Phase: Ai(3)-mm-vito's Beginning of Combat Step
Phase: Ai(3)-mm-vito's Declare Attackers Step
Phase: Ai(3)-mm-vito's Declare Blockers Step
Phase: Ai(3)-mm-vito's First Strike Damage Step
Phase: Ai(3)-mm-vito's Combat Damage Step
Phase: Ai(3)-mm-vito's End of Combat Step
Phase: Ai(3)-mm-vito's Main phase, postcombat
Mana: Swamp (245) - {T}: Add {B}.
Mana: Swamp (242) - {T}: Add {B}.
Mana: Swamp (261) - {T}: Add {B}.
Mana: Swamp (260) - {T}: Add {B}.
Mana: Urborg, Tomb of Yawgmoth (277) - {T}: Add {B}.
Mana: Arcane Signet (296) - {T}: Add one mana of any color in your commander's color identity.
Mana: Cabal Stronghold (216) - {T}: Add {C}.
Add To Stack: Ai(3)-mm-vito cast Exsanguinate
Add To Stack: Ai(4)-mm-baylen-tokens activated Baylen, the Haymaker
Resolve Stack: Baylen, the Haymaker (402) - Ai(4)-mm-baylen-tokens draws a card.
Add To Stack: Ai(2)-mm-giada-angels triggered Smothering Tithe
Resolve Stack: Whenever an opponent draws a card, that player may pay {2}. If the player doesn't, you create a Treasure token. (It's an artifact with "{T}, Sacrifice this token: Add one mana of any color.") [Player: Ai(4)-mm-baylen-tokens]
Life: Life: Ai(4)-mm-baylen-tokens 6 > 1
Life: Life: Ai(1)-mm-zur-enchantress 35 > 30
Life: Life: Ai(2)-mm-giada-angels 115 > 110
Life: Life: Ai(3)-mm-vito 34 > 49
Resolve Stack: Exsanguinate (225) - Ai(4)-mm-baylen-tokens, Ai(1)-mm-zur-enchantress and Ai(2)-mm-giada-angels each lose life equal to the life lost this way. You gain life equal to the life lost this way. (X=5)
Add To Stack: Ai(3)-mm-vito triggered Marauding Blight-Priest
Add To Stack: Ai(3)-mm-vito triggered Vito, Thorn of the Dusk Rose targeting [Ai(4)-mm-baylen-tokens]
Add To Stack: Ai(3)-mm-vito triggered Enduring Tenacity targeting [Ai(4)-mm-baylen-tokens]
Life: Life: Ai(4)-mm-baylen-tokens 1 > -14
Resolve Stack: Whenever you gain life, target opponent loses that much life. (Targeting: [[Ai(4)-mm-baylen-tokens]]) [Player: Ai(3)-mm-vito, Gained Amount: 15]
Resolve Stack: Vito, Thorn of the Dusk Rose ability fizzles.
Life: Life: Ai(1)-mm-zur-enchantress 30 > 29
Life: Life: Ai(2)-mm-giada-angels 110 > 109
Resolve Stack: Whenever you gain life, each opponent loses 1 life. [Player: Ai(3)-mm-vito, Gained Amount: 15]
Phase: Ai(3)-mm-vito's End step
Phase: Ai(3)-mm-vito's Cleanup step
Turn: Turn 28 (Ai(1)-mm-zur-enchantress)
Phase: Ai(1)-mm-zur-enchantress' Untap step
Phase: Ai(1)-mm-zur-enchantress' Upkeep step
Phase: Ai(1)-mm-zur-enchantress' Draw step
Add To Stack: Ai(2)-mm-giada-angels triggered Smothering Tithe
Resolve Stack: Whenever an opponent draws a card, that player may pay {2}. If the player doesn't, you create a Treasure token. (It's an artifact with "{T}, Sacrifice this token: Add one mana of any color.") [Player: Ai(1)-mm-zur-enchantress]
Phase: Ai(1)-mm-zur-enchantress' Main phase, precombat
Mana: Swamp (54) - {T}: Add {B}.
Mana: Plains (85) - {T}: Add {B}.
Add To Stack: Ai(1)-mm-zur-enchantress activated Trailblazer's Boots targeting [Iron Hills Blacksmith (51)]
Resolve Stack: Trailblazer's Boots (98) -  Attach to Iron Hills Blacksmith (51)
Phase: Ai(1)-mm-zur-enchantress' Beginning of Combat Step
Phase: Ai(1)-mm-zur-enchantress' Declare Attackers Step
Phase: Ai(1)-mm-zur-enchantress' Declare Blockers Step
Phase: Ai(1)-mm-zur-enchantress' First Strike Damage Step
Phase: Ai(1)-mm-zur-enchantress' Combat Damage Step
Phase: Ai(1)-mm-zur-enchantress' End of Combat Step
Phase: Ai(1)-mm-zur-enchantress' Main phase, postcombat
Phase: Ai(1)-mm-zur-enchantress' End step
Phase: Ai(1)-mm-zur-enchantress' Cleanup step
Turn: Turn 29 (Ai(2)-mm-giada-angels)
Phase: Ai(2)-mm-giada-angels' Untap step
Phase: Ai(2)-mm-giada-angels' Upkeep step
Add To Stack: Ai(2)-mm-giada-angels triggered Herald's Horn
Resolve Stack: At the beginning of your upkeep, look at the top card of your library. If it's a creature card of the chosen type, you may reveal it and put it into your hand. [Phase: Ai(2)-mm-giada-angels]
Phase: Ai(2)-mm-giada-angels' Draw step
Phase: Ai(2)-mm-giada-angels' Main phase, precombat
Land: Ai(2)-mm-giada-angels played Plains (185)
Phase: Ai(2)-mm-giada-angels' Beginning of Combat Step
Phase: Ai(2)-mm-giada-angels' Declare Attackers Step
Combat: Ai(2)-mm-giada-angels assigned Brisela, Voice of Nightmares (113), Angel Token (899), Herald of War (140), Angel Token (782), Righteous Valkyrie (102), Angel Token (643), Firemane Commando (116), Giada, Font of Hope (200), Warrior Token (745), Warrior Token (768), Warrior Token (774), Warrior Token (877), Warrior Token (884) and Warrior Token (891) to attack Ai(1)-mm-zur-enchantress.
Add To Stack: Ai(2)-mm-giada-angels triggered Firemane Commando
Add To Stack: Ai(2)-mm-giada-angels triggered Herald of War
Resolve Stack: Whenever Herald of War attacks, put a +1/+1 counter on it. [Attacker: Herald of War (140)]
Resolve Stack: Whenever you attack with two or more creatures, draw a card. [Number Attackers: [Brisela, Voice of Nightmares (113), Angel Token (899), Herald of War (140), Angel Token (782), Righteous Valkyrie (102), Angel Token (643), Firemane Commando (116), Giada, Font of Hope (200), Warrior Token (745), Warrior Token (768), Warrior Token (774), Warrior Token (877), Warrior Token (884), Warrior Token (891)]]
Phase: Ai(2)-mm-giada-angels' Declare Blockers Step
Combat: Ai(1)-mm-zur-enchantress assigned Faerie Harbinger (38) to block Brisela, Voice of Nightmares (113).
Ai(1)-mm-zur-enchantress didn't block Angel Token (899).
Ai(1)-mm-zur-enchantress didn't block Herald of War (140).
Ai(1)-mm-zur-enchantress didn't block Angel Token (782).
Ai(1)-mm-zur-enchantress didn't block Righteous Valkyrie (102).
Ai(1)-mm-zur-enchantress didn't block Angel Token (643).
Ai(1)-mm-zur-enchantress didn't block Firemane Commando (116).
Ai(1)-mm-zur-enchantress didn't block Giada, Font of Hope (200).
Ai(1)-mm-zur-enchantress assigned Iron Hills Blacksmith (51) to block Warrior Token (745).
Ai(1)-mm-zur-enchantress didn't block Warrior Token (768).
Ai(1)-mm-zur-enchantress didn't block Warrior Token (774).
Ai(1)-mm-zur-enchantress didn't block Warrior Token (877).
Ai(1)-mm-zur-enchantress didn't block Warrior Token (884).
Ai(1)-mm-zur-enchantress didn't block Warrior Token (891).
Phase: Ai(2)-mm-giada-angels' First Strike Damage Step
Damage: Brisela, Voice of Nightmares (113) deals 18 damage to Faerie Harbinger (38).
Life: Life: Ai(2)-mm-giada-angels 109 > 127
Damage: Iron Hills Blacksmith (51) deals 5 damage to Warrior Token (745).
Life: Life: Ai(1)-mm-zur-enchantress 29 > 34
Zone Change: Warrior Token (745) was put into Graveyard from Battlefield.
Zone Change: Faerie Harbinger (38) was put into Graveyard from Battlefield.
Phase: Ai(2)-mm-giada-angels' Combat Damage Step
Damage: Angel Token (899) deals 13 combat damage to Ai(1)-mm-zur-enchantress.
Damage: Herald of War (140) deals 13 combat damage to Ai(1)-mm-zur-enchantress.
Damage: Angel Token (782) deals 9 combat damage to Ai(1)-mm-zur-enchantress.
Damage: Righteous Valkyrie (102) deals 7 combat damage to Ai(1)-mm-zur-enchantress.
Damage: Angel Token (643) deals 6 combat damage to Ai(1)-mm-zur-enchantress.
Damage: Firemane Commando (116) deals 6 combat damage to Ai(1)-mm-zur-enchantress.
Damage: Giada, Font of Hope (200) deals 4 combat damage to Ai(1)-mm-zur-enchantress.
Damage: Warrior Token (768) deals 3 combat damage to Ai(1)-mm-zur-enchantress.
Damage: Warrior Token (774) deals 3 combat damage to Ai(1)-mm-zur-enchantress.
Damage: Warrior Token (877) deals 3 combat damage to Ai(1)-mm-zur-enchantress.
Damage: Warrior Token (884) deals 3 combat damage to Ai(1)-mm-zur-enchantress.
Damage: Warrior Token (891) deals 3 combat damage to Ai(1)-mm-zur-enchantress.
Life: Life: Ai(1)-mm-zur-enchantress 34 > -39
Phase: Ai(2)-mm-giada-angels' End of Combat Step
Phase: Ai(2)-mm-giada-angels' Main phase, postcombat
Mana: Plains (182) - {T}: Add {W}.
Mana: Plains (175) - {T}: Add {W}.
Mana: Plains (192) - {T}: Add {W}.
Zone Change: The Book of Exalted Deeds (152) was put into Exile from Battlefield.
Add To Stack: Ai(2)-mm-giada-angels activated The Book of Exalted Deeds targeting [Brisela, Voice of Nightmares (113)]
Resolve Stack: The Book of Exalted Deeds (152) - Ai(2)-mm-giada-angels puts an enlightened counter on Brisela, Voice of Nightmares (113). 
Mana: Seraph Sanctuary (167) - {T}: Add {C}.
Mana: Plains (180) - {T}: Add {B}.
Add To Stack: Ai(2)-mm-giada-angels cast Arcane Signet
Resolve Stack: Arcane Signet
Phase: Ai(2)-mm-giada-angels' End step
Phase: Ai(2)-mm-giada-angels' Cleanup step
Turn: Turn 30 (Ai(3)-mm-vito)
Phase: Ai(3)-mm-vito's Untap step
Phase: Ai(3)-mm-vito's Upkeep step
Phase: Ai(3)-mm-vito's Draw step
Add To Stack: Ai(2)-mm-giada-angels triggered Smothering Tithe
Resolve Stack: Whenever an opponent draws a card, that player may pay {2}. If the player doesn't, you create a Treasure token. (It's an artifact with "{T}, Sacrifice this token: Add one mana of any color.") [Player: Ai(3)-mm-vito]
Phase: Ai(3)-mm-vito's Main phase, precombat
Phase: Ai(3)-mm-vito's Beginning of Combat Step
Phase: Ai(3)-mm-vito's Declare Attackers Step
Phase: Ai(3)-mm-vito's Declare Blockers Step
Phase: Ai(3)-mm-vito's First Strike Damage Step
Phase: Ai(3)-mm-vito's Combat Damage Step
Phase: Ai(3)-mm-vito's End of Combat Step
Phase: Ai(3)-mm-vito's Main phase, postcombat
Mana: Swamp (245) - {T}: Add {B}.
Mana: Swamp (242) - {T}: Add {B}.
Mana: Swamp (261) - {T}: Add {B}.
Mana: Swamp (260) - {T}: Add {B}.
Add To Stack: Ai(3)-mm-vito cast Blood Tithe
Life: Life: Ai(2)-mm-giada-angels 127 > 124
Life: Life: Ai(3)-mm-vito 49 > 52
Resolve Stack: Blood Tithe (205) - Ai(2)-mm-giada-angels loses 3 life. You gain life equal to the life lost this way.
Add To Stack: Ai(3)-mm-vito triggered Marauding Blight-Priest
Add To Stack: Ai(3)-mm-vito triggered Vito, Thorn of the Dusk Rose targeting [Ai(2)-mm-giada-angels]
Add To Stack: Ai(3)-mm-vito triggered Enduring Tenacity targeting [Ai(2)-mm-giada-angels]
Life: Life: Ai(2)-mm-giada-angels 124 > 121
Resolve Stack: Whenever you gain life, target opponent loses that much life. (Targeting: [[Ai(2)-mm-giada-angels]]) [Player: Ai(3)-mm-vito, Gained Amount: 3]
Life: Life: Ai(2)-mm-giada-angels 121 > 118
Resolve Stack: Whenever you gain life, target opponent loses that much life. (Targeting: [[Ai(2)-mm-giada-angels]]) [Player: Ai(3)-mm-vito, Gained Amount: 3]
Life: Life: Ai(2)-mm-giada-angels 118 > 117
Resolve Stack: Whenever you gain life, each opponent loses 1 life. [Player: Ai(3)-mm-vito, Gained Amount: 3]
Phase: Ai(3)-mm-vito's End step
Phase: Ai(3)-mm-vito's Cleanup step
Turn: Turn 31 (Ai(2)-mm-giada-angels)
Phase: Ai(2)-mm-giada-angels' Untap step
Phase: Ai(2)-mm-giada-angels' Upkeep step
Add To Stack: Ai(2)-mm-giada-angels triggered Herald's Horn
Resolve Stack: At the beginning of your upkeep, look at the top card of your library. If it's a creature card of the chosen type, you may reveal it and put it into your hand. [Phase: Ai(2)-mm-giada-angels]
Phase: Ai(2)-mm-giada-angels' Draw step
Phase: Ai(2)-mm-giada-angels' Main phase, precombat
Mana: Arcane Signet (199) - {T}: Add one mana of any color in your commander's color identity.
Mana: Plains (182) - {T}: Add {W}.
Add To Stack: Ai(2)-mm-giada-angels cast Lyra Dawnbringer
Add To Stack: Ai(2)-mm-giada-angels triggered Oketra's Monument
Resolve Stack: Whenever you cast a creature spell, create a 1/1 white Warrior creature token with vigilance. [Card: Lyra Dawnbringer (158), Activator: Ai(2)-mm-giada-angels, SpellAbility: Lyra Dawnbringer - Creature 5 / 5]
Replacement Effect: Each other Angel you control enters with an additional +1/+1 counter on it for each Angel you already control.
Resolve Stack: Lyra Dawnbringer - Creature 5 / 5
Add To Stack: Ai(2)-mm-giada-angels triggered Seraph Sanctuary
Add To Stack: Ai(2)-mm-giada-angels triggered Righteous Valkyrie
Life: Life: Ai(2)-mm-giada-angels 117 > 132
Resolve Stack: Whenever another Angel or Cleric you control enters, you gain life equal to that creature's toughness. [Zone Changer: Lyra Dawnbringer (158)]
Life: Life: Ai(2)-mm-giada-angels 132 > 133
Resolve Stack: Whenever an Angel you control enters, you gain 1 life. [Zone Changer: Lyra Dawnbringer (158)]
Phase: Ai(2)-mm-giada-angels' Beginning of Combat Step
Phase: Ai(2)-mm-giada-angels' Declare Attackers Step
Combat: Ai(2)-mm-giada-angels assigned Brisela, Voice of Nightmares (113), Herald of War (140), Angel Token (899), Angel Token (782), Righteous Valkyrie (102), Angel Token (643), Firemane Commando (116), Giada, Font of Hope (200), Warrior Token (768), Warrior Token (774), Warrior Token (877), Warrior Token (884) and Warrior Token (891) to attack Ai(3)-mm-vito.
Add To Stack: Ai(2)-mm-giada-angels triggered Firemane Commando
Add To Stack: Ai(2)-mm-giada-angels triggered Herald of War
Resolve Stack: Whenever Herald of War attacks, put a +1/+1 counter on it. [Attacker: Herald of War (140)]
Resolve Stack: Whenever you attack with two or more creatures, draw a card. [Number Attackers: [Brisela, Voice of Nightmares (113), Herald of War (140), Angel Token (899), Angel Token (782), Righteous Valkyrie (102), Angel Token (643), Firemane Commando (116), Giada, Font of Hope (200), Warrior Token (768), Warrior Token (774), Warrior Token (877), Warrior Token (884), Warrior Token (891)]]
Phase: Ai(2)-mm-giada-angels' Declare Blockers Step
Combat: Ai(3)-mm-vito didn't block Brisela, Voice of Nightmares (113).
Ai(3)-mm-vito didn't block Herald of War (140).
Ai(3)-mm-vito didn't block Angel Token (899).
Ai(3)-mm-vito didn't block Angel Token (782).
Ai(3)-mm-vito didn't block Righteous Valkyrie (102).
Ai(3)-mm-vito didn't block Angel Token (643).
Ai(3)-mm-vito didn't block Firemane Commando (116).
Ai(3)-mm-vito didn't block Giada, Font of Hope (200).
Ai(3)-mm-vito assigned Vampire of the Dire Moon (289) to block Warrior Token (768).
Ai(3)-mm-vito assigned Vito, Thorn of the Dusk Rose (301) to block Warrior Token (774).
Ai(3)-mm-vito assigned Marauding Blight-Priest (284) to block Warrior Token (877).
Ai(3)-mm-vito assigned Ayara, First of Locthwain (227) to block Warrior Token (884).
Ai(3)-mm-vito assigned Enduring Tenacity (297) to block Warrior Token (891).
Mana: Plains (175) - {T}: Add {W}.
Add To Stack: Ai(2)-mm-giada-angels cast Swords to Plowshares targeting [Vampire of the Dire Moon (289)]
Zone Change: Vito, Thorn of the Dusk Rose (301) was put into Graveyard from Battlefield.
Add To Stack: Ai(3)-mm-vito activated Ayara, First of Locthwain
Resolve Stack: Ayara, First of Locthwain (227) - Ai(3)-mm-vito draws a card.
Add To Stack: Ai(2)-mm-giada-angels triggered Smothering Tithe
Resolve Stack: Whenever an opponent draws a card, that player may pay {2}. If the player doesn't, you create a Treasure token. (It's an artifact with "{T}, Sacrifice this token: Add one mana of any color.") [Player: Ai(3)-mm-vito]
Zone Change: Vampire of the Dire Moon (289) was put into Exile from Battlefield.
Life: Life: Ai(3)-mm-vito 52 > 53
Resolve Stack: Swords to Plowshares (145) - Exile Vampire of the Dire Moon (289). Ai(3)-mm-vito gains life equal to its power.
Add To Stack: Ai(3)-mm-vito triggered Marauding Blight-Priest
Add To Stack: Ai(3)-mm-vito triggered Enduring Tenacity targeting [Ai(2)-mm-giada-angels]
Life: Life: Ai(2)-mm-giada-angels 133 > 132
Resolve Stack: Whenever you gain life, target opponent loses that much life. (Targeting: [[Ai(2)-mm-giada-angels]]) [Player: Ai(3)-mm-vito, Gained Amount: 1]
Life: Life: Ai(2)-mm-giada-angels 132 > 131
Resolve Stack: Whenever you gain life, each opponent loses 1 life. [Player: Ai(3)-mm-vito, Gained Amount: 1]
Phase: Ai(2)-mm-giada-angels' First Strike Damage Step
Damage: Brisela, Voice of Nightmares (113) deals 19 combat damage to Ai(3)-mm-vito.
Life: Life: Ai(2)-mm-giada-angels 131 > 150
Life: Life: Ai(3)-mm-vito 53 > 34
Phase: Ai(2)-mm-giada-angels' Combat Damage Step
Damage: Herald of War (140) deals 15 combat damage to Ai(3)-mm-vito.
Life: Life: Ai(2)-mm-giada-angels 150 > 165
Damage: Angel Token (899) deals 14 combat damage to Ai(3)-mm-vito.
Life: Life: Ai(2)-mm-giada-angels 165 > 179
Damage: Angel Token (782) deals 10 combat damage to Ai(3)-mm-vito.
Life: Life: Ai(2)-mm-giada-angels 179 > 189
Damage: Righteous Valkyrie (102) deals 8 combat damage to Ai(3)-mm-vito.
Life: Life: Ai(2)-mm-giada-angels 189 > 197
Damage: Angel Token (643) deals 7 combat damage to Ai(3)-mm-vito.
Life: Life: Ai(2)-mm-giada-angels 197 > 204
Damage: Firemane Commando (116) deals 7 combat damage to Ai(3)-mm-vito.
Life: Life: Ai(2)-mm-giada-angels 204 > 211
Damage: Giada, Font of Hope (200) deals 5 combat damage to Ai(3)-mm-vito.
Life: Life: Ai(2)-mm-giada-angels 211 > 216
Damage: Warrior Token (877) deals 3 damage to Marauding Blight-Priest (284).
Damage: Warrior Token (884) deals 3 damage to Ayara, First of Locthwain (227).
Damage: Warrior Token (891) deals 3 damage to Enduring Tenacity (297).
Damage: Ayara, First of Locthwain (227) deals 2 damage to Warrior Token (884).
Damage: Enduring Tenacity (297) deals 4 damage to Warrior Token (891).
Damage: Marauding Blight-Priest (284) deals 3 damage to Warrior Token (877).
Life: Life: Ai(3)-mm-vito 34 > -32
Player Control: Ai(1)-mm-zur-enchantress has restored control over themself
Player Control: Ai(2)-mm-giada-angels has restored control over themself
Player Control: Ai(3)-mm-vito has restored control over themself
Player Control: Ai(4)-mm-baylen-tokens has restored control over themself
Game Outcome: Turn 16
Game Outcome: Ai(1)-mm-zur-enchantress has lost because life total reached 0
Game Outcome: Ai(2)-mm-giada-angels has won because all opponents have lost
Game Outcome: Ai(3)-mm-vito has lost because life total reached 0
Game Outcome: Ai(4)-mm-baylen-tokens has lost because life total reached 0
Match Result: Ai(1)-mm-zur-enchantress: 0 Ai(2)-mm-giada-angels: 1 Ai(3)-mm-vito: 1 Ai(4)-mm-baylen-tokens: 0 

Game Result: Game 2 ended in 230853 ms. Ai(2)-mm-giada-angels has won!

Mulligan: Ai(3)-mm-vito has mulliganed down to 7 cards.
Mulligan: Ai(1)-mm-zur-enchantress has kept a hand of 7 cards
Mulligan: Ai(2)-mm-giada-angels has kept a hand of 7 cards
Mulligan: Ai(3)-mm-vito has kept a hand of 7 cards
Mulligan: Ai(4)-mm-baylen-tokens has kept a hand of 7 cards
Turn: Turn 1 (Ai(1)-mm-zur-enchantress)
Phase: Ai(1)-mm-zur-enchantress' Untap step
Phase: Ai(1)-mm-zur-enchantress' Upkeep step
Phase: Ai(1)-mm-zur-enchantress' Draw step
Phase: Ai(1)-mm-zur-enchantress' Main phase, precombat
Land: Ai(1)-mm-zur-enchantress played Talon Gates of Madara (4)
Add To Stack: Ai(1)-mm-zur-enchantress triggered Talon Gates of Madara targeting []
Resolve Stack: When Talon Gates of Madara enters, up to one target creature phases out. (Targeting: [[]]) [Zone Changer: Talon Gates of Madara (4)]
Phase: Ai(1)-mm-zur-enchantress' Beginning of Combat Step
Phase: Ai(1)-mm-zur-enchantress' Declare Attackers Step
Phase: Ai(1)-mm-zur-enchantress' Declare Blockers Step
Phase: Ai(1)-mm-zur-enchantress' First Strike Damage Step
Phase: Ai(1)-mm-zur-enchantress' Combat Damage Step
Phase: Ai(1)-mm-zur-enchantress' End of Combat Step
Phase: Ai(1)-mm-zur-enchantress' Main phase, postcombat
Mana: Talon Gates of Madara (4) - {T}: Add {C}.
Add To Stack: Ai(1)-mm-zur-enchantress cast Bloodforged Battle-Axe
Resolve Stack: Bloodforged Battle-Axe
Phase: Ai(1)-mm-zur-enchantress' End step
Phase: Ai(1)-mm-zur-enchantress' Cleanup step
Turn: Turn 2 (Ai(2)-mm-giada-angels)
Phase: Ai(2)-mm-giada-angels' Untap step
Phase: Ai(2)-mm-giada-angels' Upkeep step
Phase: Ai(2)-mm-giada-angels' Draw step
Phase: Ai(2)-mm-giada-angels' Main phase, precombat
Land: Ai(2)-mm-giada-angels played Plains (183)
Phase: Ai(2)-mm-giada-angels' Beginning of Combat Step
Phase: Ai(2)-mm-giada-angels' Declare Attackers Step
Phase: Ai(2)-mm-giada-angels' Declare Blockers Step
Phase: Ai(2)-mm-giada-angels' First Strike Damage Step
Phase: Ai(2)-mm-giada-angels' Combat Damage Step
Phase: Ai(2)-mm-giada-angels' End of Combat Step
Phase: Ai(2)-mm-giada-angels' Main phase, postcombat
Phase: Ai(2)-mm-giada-angels' End step
Phase: Ai(2)-mm-giada-angels' Cleanup step
Turn: Turn 3 (Ai(3)-mm-vito)
Phase: Ai(3)-mm-vito's Untap step
Phase: Ai(3)-mm-vito's Upkeep step
Phase: Ai(3)-mm-vito's Draw step
Phase: Ai(3)-mm-vito's Main phase, precombat
Land: Ai(3)-mm-vito played Swamp (253)
Phase: Ai(3)-mm-vito's Beginning of Combat Step
Phase: Ai(3)-mm-vito's Declare Attackers Step
Phase: Ai(3)-mm-vito's Declare Blockers Step
Phase: Ai(3)-mm-vito's First Strike Damage Step
Phase: Ai(3)-mm-vito's Combat Damage Step
Phase: Ai(3)-mm-vito's End of Combat Step
Phase: Ai(3)-mm-vito's Main phase, postcombat
Mana: Swamp (253) - {T}: Add {B}.
Add To Stack: Ai(3)-mm-vito cast Bloodchief Ascension
Resolve Stack: Bloodchief Ascension
Phase: Ai(3)-mm-vito's End step
Phase: Ai(3)-mm-vito's Cleanup step
Turn: Turn 4 (Ai(4)-mm-baylen-tokens)
Phase: Ai(4)-mm-baylen-tokens' Untap step
Phase: Ai(4)-mm-baylen-tokens' Upkeep step
Phase: Ai(4)-mm-baylen-tokens' Draw step
Phase: Ai(4)-mm-baylen-tokens' Main phase, precombat
Replacement Effect: Spectator Seating enters tapped unless you have two or more opponents.
Land: Ai(4)-mm-baylen-tokens played Spectator Seating (380)
Phase: Ai(4)-mm-baylen-tokens' Beginning of Combat Step
Phase: Ai(4)-mm-baylen-tokens' Declare Attackers Step
Phase: Ai(4)-mm-baylen-tokens' Declare Blockers Step
Phase: Ai(4)-mm-baylen-tokens' First Strike Damage Step
Phase: Ai(4)-mm-baylen-tokens' Combat Damage Step
Phase: Ai(4)-mm-baylen-tokens' End of Combat Step
Phase: Ai(4)-mm-baylen-tokens' Main phase, postcombat
Phase: Ai(4)-mm-baylen-tokens' End step
Phase: Ai(4)-mm-baylen-tokens' Cleanup step
Turn: Turn 5 (Ai(1)-mm-zur-enchantress)
Phase: Ai(1)-mm-zur-enchantress' Untap step
Phase: Ai(1)-mm-zur-enchantress' Upkeep step
Phase: Ai(1)-mm-zur-enchantress' Draw step
Phase: Ai(1)-mm-zur-enchantress' Main phase, precombat
Land: Ai(1)-mm-zur-enchantress played Spire of Industry (24)
Phase: Ai(1)-mm-zur-enchantress' Beginning of Combat Step
Phase: Ai(1)-mm-zur-enchantress' Declare Attackers Step
Phase: Ai(1)-mm-zur-enchantress' Declare Blockers Step
Phase: Ai(1)-mm-zur-enchantress' First Strike Damage Step
Phase: Ai(1)-mm-zur-enchantress' Combat Damage Step
Phase: Ai(1)-mm-zur-enchantress' End of Combat Step
Phase: Ai(1)-mm-zur-enchantress' Main phase, postcombat
Mana: Talon Gates of Madara (4) - {T}: Add {C}.
Mana: Spire of Industry (24) - {T}: Add {C}.
Add To Stack: Ai(1)-mm-zur-enchantress cast Umezawa's Jitte
Resolve Stack: Umezawa's Jitte
Phase: Ai(1)-mm-zur-enchantress' End step
Phase: Ai(1)-mm-zur-enchantress' Cleanup step
Turn: Turn 6 (Ai(2)-mm-giada-angels)
Phase: Ai(2)-mm-giada-angels' Untap step
Phase: Ai(2)-mm-giada-angels' Upkeep step
Phase: Ai(2)-mm-giada-angels' Draw step
Phase: Ai(2)-mm-giada-angels' Main phase, precombat
Land: Ai(2)-mm-giada-angels played Plains (178)
Phase: Ai(2)-mm-giada-angels' Beginning of Combat Step
Phase: Ai(2)-mm-giada-angels' Declare Attackers Step
Phase: Ai(2)-mm-giada-angels' Declare Blockers Step
Phase: Ai(2)-mm-giada-angels' First Strike Damage Step
Phase: Ai(2)-mm-giada-angels' Combat Damage Step
Phase: Ai(2)-mm-giada-angels' End of Combat Step
Phase: Ai(2)-mm-giada-angels' Main phase, postcombat
Mana: Plains (183) - {T}: Add {W}.
Mana: Plains (178) - {T}: Add {W}.
Add To Stack: Ai(2)-mm-giada-angels cast Giada, Font of Hope
Resolve Stack: Giada, Font of Hope - Creature 2 / 2
Phase: Ai(2)-mm-giada-angels' End step
Phase: Ai(2)-mm-giada-angels' Cleanup step
Turn: Turn 7 (Ai(3)-mm-vito)
Phase: Ai(3)-mm-vito's Untap step
Phase: Ai(3)-mm-vito's Upkeep step
Phase: Ai(3)-mm-vito's Draw step
Phase: Ai(3)-mm-vito's Main phase, precombat
Land: Ai(3)-mm-vito played Swamp (264)
Phase: Ai(3)-mm-vito's Beginning of Combat Step
Phase: Ai(3)-mm-vito's Declare Attackers Step
Phase: Ai(3)-mm-vito's Declare Blockers Step
Phase: Ai(3)-mm-vito's First Strike Damage Step
Phase: Ai(3)-mm-vito's Combat Damage Step
Phase: Ai(3)-mm-vito's End of Combat Step
Phase: Ai(3)-mm-vito's Main phase, postcombat
Mana: Swamp (253) - {T}: Add {B}.
Mana: Swamp (264) - {T}: Add {B}.
Add To Stack: Ai(3)-mm-vito cast Blood Artist
Resolve Stack: Blood Artist - Creature 0 / 1
Phase: Ai(3)-mm-vito's End step
Phase: Ai(3)-mm-vito's Cleanup step
Turn: Turn 8 (Ai(4)-mm-baylen-tokens)
Phase: Ai(4)-mm-baylen-tokens' Untap step
Phase: Ai(4)-mm-baylen-tokens' Upkeep step
Phase: Ai(4)-mm-baylen-tokens' Draw step
Phase: Ai(4)-mm-baylen-tokens' Main phase, precombat
Land: Ai(4)-mm-baylen-tokens played Forest (329)
Phase: Ai(4)-mm-baylen-tokens' Beginning of Combat Step
Phase: Ai(4)-mm-baylen-tokens' Declare Attackers Step
Phase: Ai(4)-mm-baylen-tokens' Declare Blockers Step
Phase: Ai(4)-mm-baylen-tokens' First Strike Damage Step
Phase: Ai(4)-mm-baylen-tokens' Combat Damage Step
Phase: Ai(4)-mm-baylen-tokens' End of Combat Step
Phase: Ai(4)-mm-baylen-tokens' Main phase, postcombat
Mana: Spectator Seating (380) - {T}: Add {R} or {W}.
Mana: Forest (329) - {T}: Add {G}.
Add To Stack: Ai(4)-mm-baylen-tokens cast Finneas, Ace Archer
Resolve Stack: Finneas, Ace Archer - Creature 2 / 2
Phase: Ai(4)-mm-baylen-tokens' End step
Phase: Ai(4)-mm-baylen-tokens' Cleanup step
Turn: Turn 9 (Ai(1)-mm-zur-enchantress)
Phase: Ai(1)-mm-zur-enchantress' Untap step
Phase: Ai(1)-mm-zur-enchantress' Upkeep step
Phase: Ai(1)-mm-zur-enchantress' Draw step
Phase: Ai(1)-mm-zur-enchantress' Main phase, precombat
Land: Ai(1)-mm-zur-enchantress played Tarnished Citadel (76)
Phase: Ai(1)-mm-zur-enchantress' Beginning of Combat Step
Phase: Ai(1)-mm-zur-enchantress' Declare Attackers Step
Phase: Ai(1)-mm-zur-enchantress' Declare Blockers Step
Phase: Ai(1)-mm-zur-enchantress' First Strike Damage Step
Phase: Ai(1)-mm-zur-enchantress' Combat Damage Step
Phase: Ai(1)-mm-zur-enchantress' End of Combat Step
Phase: Ai(1)-mm-zur-enchantress' Main phase, postcombat
Mana: Talon Gates of Madara (4) - {T}: Add {C}.
Mana: Tarnished Citadel (76) - {T}: Add {C}.
Mana: Spire of Industry (24) - {T}: Add {C}.
Add To Stack: Ai(1)-mm-zur-enchantress cast Dauntless Scrapbot
Resolve Stack: Dauntless Scrapbot - Creature 3 / 1
Add To Stack: Ai(1)-mm-zur-enchantress triggered Dauntless Scrapbot
Resolve Stack: When this creature enters, exile each opponent's graveyard. Create a Lander token. (It's an artifact with "{2}, {T}, Sacrifice this token: Search your library for a basic land card, put it onto the battlefield tapped, then shuffle.") [Zone Changer: Dauntless Scrapbot (48)]
Phase: Ai(1)-mm-zur-enchantress' End step
Phase: Ai(1)-mm-zur-enchantress' Cleanup step
Turn: Turn 10 (Ai(2)-mm-giada-angels)
Phase: Ai(2)-mm-giada-angels' Untap step
Phase: Ai(2)-mm-giada-angels' Upkeep step
Phase: Ai(2)-mm-giada-angels' Draw step
Phase: Ai(2)-mm-giada-angels' Main phase, precombat
Land: Ai(2)-mm-giada-angels played Plains (174)
Mana: Plains (183) - {T}: Add {W}.
Mana: Plains (178) - {T}: Add {W}.
Mana: Plains (174) - {T}: Add {W}.
Mana: Giada, Font of Hope (200) - {T}: Add {W}. Spend this mana only to cast an Angel spell.
Add To Stack: Ai(2)-mm-giada-angels cast Thraben Watcher
Replacement Effect: Each other Angel you control enters with an additional +1/+1 counter on it for each Angel you already control.
Resolve Stack: Thraben Watcher - Creature 2 / 2
Phase: Ai(2)-mm-giada-angels' Beginning of Combat Step
Phase: Ai(2)-mm-giada-angels' Declare Attackers Step
Phase: Ai(2)-mm-giada-angels' Declare Blockers Step
Phase: Ai(2)-mm-giada-angels' First Strike Damage Step
Phase: Ai(2)-mm-giada-angels' Combat Damage Step
Phase: Ai(2)-mm-giada-angels' End of Combat Step
Phase: Ai(2)-mm-giada-angels' Main phase, postcombat
Phase: Ai(2)-mm-giada-angels' End step
Phase: Ai(2)-mm-giada-angels' Cleanup step
Turn: Turn 11 (Ai(3)-mm-vito)
Phase: Ai(3)-mm-vito's Untap step
Phase: Ai(3)-mm-vito's Upkeep step
Phase: Ai(3)-mm-vito's Draw step
Phase: Ai(3)-mm-vito's Main phase, precombat
Replacement Effect: Witch's Cottage enters tapped unless you control three or more other Swamps.
Land: Ai(3)-mm-vito played Witch's Cottage (283)
Phase: Ai(3)-mm-vito's Beginning of Combat Step
Phase: Ai(3)-mm-vito's Declare Attackers Step
Phase: Ai(3)-mm-vito's Declare Blockers Step
Phase: Ai(3)-mm-vito's First Strike Damage Step
Phase: Ai(3)-mm-vito's Combat Damage Step
Phase: Ai(3)-mm-vito's End of Combat Step
Phase: Ai(3)-mm-vito's Main phase, postcombat
Mana: Swamp (253) - {T}: Add {B}.
Mana: Swamp (264) - {T}: Add {B}.
Add To Stack: Ai(3)-mm-vito cast Nullpriest of Oblivion
Resolve Stack: Nullpriest of Oblivion - Creature 2 / 1
Phase: Ai(3)-mm-vito's End step
Phase: Ai(3)-mm-vito's Cleanup step
Turn: Turn 12 (Ai(4)-mm-baylen-tokens)
Phase: Ai(4)-mm-baylen-tokens' Untap step
Phase: Ai(4)-mm-baylen-tokens' Upkeep step
Phase: Ai(4)-mm-baylen-tokens' Draw step
Phase: Ai(4)-mm-baylen-tokens' Main phase, precombat
Land: Ai(4)-mm-baylen-tokens played Plains (388)
Mana: Plains (388) - {T}: Add {W}.
Mana: Forest (329) - {T}: Add {G}.
Add To Stack: Ai(4)-mm-baylen-tokens cast Hare Apparent
Resolve Stack: Hare Apparent - Creature 2 / 2
Add To Stack: Ai(4)-mm-baylen-tokens triggered Hare Apparent
Resolve Stack: When this creature enters, create a number of 1/1 white Rabbit creature tokens equal to the number of other creatures you control named Hare Apparent. [Zone Changer: Hare Apparent (347)]
Phase: Ai(4)-mm-baylen-tokens' Beginning of Combat Step
Phase: Ai(4)-mm-baylen-tokens' Declare Attackers Step
Phase: Ai(4)-mm-baylen-tokens' Declare Blockers Step
Phase: Ai(4)-mm-baylen-tokens' First Strike Damage Step
Phase: Ai(4)-mm-baylen-tokens' Combat Damage Step
Phase: Ai(4)-mm-baylen-tokens' End of Combat Step
Phase: Ai(4)-mm-baylen-tokens' Main phase, postcombat
Phase: Ai(4)-mm-baylen-tokens' End step
Phase: Ai(4)-mm-baylen-tokens' Cleanup step
Turn: Turn 13 (Ai(1)-mm-zur-enchantress)
Phase: Ai(1)-mm-zur-enchantress' Untap step
Phase: Ai(1)-mm-zur-enchantress' Upkeep step
Mana: Talon Gates of Madara (4) - {T}: Add {C}.
Mana: Tarnished Citadel (76) - {T}: Add {C}.
Zone Change: Lander Token (407) was put into Graveyard from Battlefield.
Add To Stack: Ai(1)-mm-zur-enchantress activated Lander Token
Resolve Stack: Lander Token (407) - Ai(1)-mm-zur-enchantress searches their library for a basic land card, puts it onto the battlefield tapped, then shuffles.
Phase: Ai(1)-mm-zur-enchantress' Draw step
Phase: Ai(1)-mm-zur-enchantress' Main phase, precombat
Phase: Ai(1)-mm-zur-enchantress' Beginning of Combat Step
Phase: Ai(1)-mm-zur-enchantress' Declare Attackers Step
Phase: Ai(1)-mm-zur-enchantress' Declare Blockers Step
Phase: Ai(1)-mm-zur-enchantress' First Strike Damage Step
Phase: Ai(1)-mm-zur-enchantress' Combat Damage Step
Phase: Ai(1)-mm-zur-enchantress' End of Combat Step
Phase: Ai(1)-mm-zur-enchantress' Main phase, postcombat
Phase: Ai(1)-mm-zur-enchantress' End step
Phase: Ai(1)-mm-zur-enchantress' Cleanup step
Turn: Turn 14 (Ai(2)-mm-giada-angels)
Phase: Ai(2)-mm-giada-angels' Untap step
Phase: Ai(2)-mm-giada-angels' Upkeep step
Phase: Ai(2)-mm-giada-angels' Draw step
Phase: Ai(2)-mm-giada-angels' Main phase, precombat
Land: Ai(2)-mm-giada-angels played Plains (191)
Phase: Ai(2)-mm-giada-angels' Beginning of Combat Step
Phase: Ai(2)-mm-giada-angels' Declare Attackers Step
Combat: Ai(2)-mm-giada-angels assigned Giada, Font of Hope (200) and Thraben Watcher (132) to attack Ai(4)-mm-baylen-tokens.
Phase: Ai(2)-mm-giada-angels' Declare Blockers Step
Combat: Ai(4)-mm-baylen-tokens didn't block Giada, Font of Hope (200).
Ai(4)-mm-baylen-tokens didn't block Thraben Watcher (132).
Phase: Ai(2)-mm-giada-angels' First Strike Damage Step
Phase: Ai(2)-mm-giada-angels' Combat Damage Step
Damage: Giada, Font of Hope (200) deals 3 combat damage to Ai(4)-mm-baylen-tokens.
Damage: Thraben Watcher (132) deals 3 combat damage to Ai(4)-mm-baylen-tokens.
Life: Life: Ai(4)-mm-baylen-tokens 40 > 34
Phase: Ai(2)-mm-giada-angels' End of Combat Step
Phase: Ai(2)-mm-giada-angels' Main phase, postcombat
Mana: Plains (183) - {T}: Add {W}.
Mana: Plains (178) - {T}: Add {W}.
Mana: Plains (174) - {T}: Add {W}.
Mana: Plains (191) - {T}: Add {W}.
Add To Stack: Ai(2)-mm-giada-angels cast Archangel of Tithes
Replacement Effect: Each other Angel you control enters with an additional +1/+1 counter on it for each Angel you already control.
Resolve Stack: Archangel of Tithes - Creature 3 / 5
Phase: Ai(2)-mm-giada-angels' End step
Add To Stack: Ai(3)-mm-vito triggered Bloodchief Ascension
Resolve Stack: At the beginning of each end step, if an opponent lost 2 or more life this turn, you may put a quest counter on Bloodchief Ascension. (Damage causes loss of life.) [Phase: Ai(2)-mm-giada-angels]
Phase: Ai(2)-mm-giada-angels' Cleanup step
Turn: Turn 15 (Ai(3)-mm-vito)
Phase: Ai(3)-mm-vito's Untap step
Phase: Ai(3)-mm-vito's Upkeep step
Phase: Ai(3)-mm-vito's Draw step
Phase: Ai(3)-mm-vito's Main phase, precombat
Mana: Swamp (253) - {T}: Add {B}.
Mana: Swamp (264) - {T}: Add {B}.
Mana: Witch's Cottage (283) - {T}: Add {B}.
Add To Stack: Ai(3)-mm-vito cast Vito, Thorn of the Dusk Rose
Resolve Stack: Vito, Thorn of the Dusk Rose - Creature 1 / 3
Phase: Ai(3)-mm-vito's Beginning of Combat Step
Phase: Ai(3)-mm-vito's Declare Attackers Step
Phase: Ai(3)-mm-vito's Declare Blockers Step
Phase: Ai(3)-mm-vito's First Strike Damage Step
Phase: Ai(3)-mm-vito's Combat Damage Step
Phase: Ai(3)-mm-vito's End of Combat Step
Phase: Ai(3)-mm-vito's Main phase, postcombat
Phase: Ai(3)-mm-vito's End step
Phase: Ai(3)-mm-vito's Cleanup step
Turn: Turn 16 (Ai(4)-mm-baylen-tokens)
Phase: Ai(4)-mm-baylen-tokens' Untap step
Phase: Ai(4)-mm-baylen-tokens' Upkeep step
Phase: Ai(4)-mm-baylen-tokens' Draw step
Phase: Ai(4)-mm-baylen-tokens' Main phase, precombat
Replacement Effect: Cinder Glade enters tapped unless you control two or more basic lands.
Land: Ai(4)-mm-baylen-tokens played Cinder Glade (313)
Phase: Ai(4)-mm-baylen-tokens' Beginning of Combat Step
Phase: Ai(4)-mm-baylen-tokens' Declare Attackers Step
Phase: Ai(4)-mm-baylen-tokens' Declare Blockers Step
Phase: Ai(4)-mm-baylen-tokens' First Strike Damage Step
Phase: Ai(4)-mm-baylen-tokens' Combat Damage Step
Phase: Ai(4)-mm-baylen-tokens' End of Combat Step
Phase: Ai(4)-mm-baylen-tokens' Main phase, postcombat
Mana: Plains (388) - {T}: Add {W}.
Mana: Spectator Seating (380) - {T}: Add {R} or {W}.
Mana: Forest (329) - {T}: Add {G}.
Add To Stack: Ai(4)-mm-baylen-tokens cast Baylen, the Haymaker
Resolve Stack: Baylen, the Haymaker - Creature 4 / 3
Phase: Ai(4)-mm-baylen-tokens' End step
Phase: Ai(4)-mm-baylen-tokens' Cleanup step
Turn: Turn 17 (Ai(1)-mm-zur-enchantress)
Phase: Ai(1)-mm-zur-enchantress' Untap step
Phase: Ai(1)-mm-zur-enchantress' Upkeep step
Phase: Ai(1)-mm-zur-enchantress' Draw step
Phase: Ai(1)-mm-zur-enchantress' Main phase, precombat
Mana: Plains (85) - {T}: Add {W}.
Mana: Talon Gates of Madara (4) - {T}: Add {C}.
Add To Stack: Ai(1)-mm-zur-enchantress activated Bloodforged Battle-Axe targeting [Dauntless Scrapbot (48)]
Resolve Stack: Bloodforged Battle-Axe (42) -  Attach to Dauntless Scrapbot (48)
Mana: Tarnished Citadel (76) - {T}: Add {C}.
Mana: Spire of Industry (24) - {T}: Add {C}.
Add To Stack: Ai(1)-mm-zur-enchantress activated Umezawa's Jitte targeting [Dauntless Scrapbot (48)]
Resolve Stack: Umezawa's Jitte (69) -  Attach to Dauntless Scrapbot (48)
Phase: Ai(1)-mm-zur-enchantress' Beginning of Combat Step
Phase: Ai(1)-mm-zur-enchantress' Declare Attackers Step
Phase: Ai(1)-mm-zur-enchantress' Declare Blockers Step
Phase: Ai(1)-mm-zur-enchantress' First Strike Damage Step
Phase: Ai(1)-mm-zur-enchantress' Combat Damage Step
Phase: Ai(1)-mm-zur-enchantress' End of Combat Step
Phase: Ai(1)-mm-zur-enchantress' Main phase, postcombat
Phase: Ai(1)-mm-zur-enchantress' End step
Phase: Ai(1)-mm-zur-enchantress' Cleanup step
Turn: Turn 18 (Ai(2)-mm-giada-angels)
Phase: Ai(2)-mm-giada-angels' Untap step
Phase: Ai(2)-mm-giada-angels' Upkeep step
Phase: Ai(2)-mm-giada-angels' Draw step
Phase: Ai(2)-mm-giada-angels' Main phase, precombat
Land: Ai(2)-mm-giada-angels played Plains (180)
Phase: Ai(2)-mm-giada-angels' Beginning of Combat Step
Phase: Ai(2)-mm-giada-angels' Declare Attackers Step
Combat: Ai(2)-mm-giada-angels assigned Archangel of Tithes (104), Giada, Font of Hope (200) and Thraben Watcher (132) to attack Ai(3)-mm-vito.
Phase: Ai(2)-mm-giada-angels' Declare Blockers Step
Combat: Ai(3)-mm-vito didn't block Archangel of Tithes (104).
Ai(3)-mm-vito didn't block Giada, Font of Hope (200).
Ai(3)-mm-vito didn't block Thraben Watcher (132).
Phase: Ai(2)-mm-giada-angels' First Strike Damage Step
Phase: Ai(2)-mm-giada-angels' Combat Damage Step
Damage: Archangel of Tithes (104) deals 6 combat damage to Ai(3)-mm-vito.
Damage: Giada, Font of Hope (200) deals 3 combat damage to Ai(3)-mm-vito.
Damage: Thraben Watcher (132) deals 3 combat damage to Ai(3)-mm-vito.
Life: Life: Ai(3)-mm-vito 40 > 28
Phase: Ai(2)-mm-giada-angels' End of Combat Step
Phase: Ai(2)-mm-giada-angels' Main phase, postcombat
Mana: Plains (183) - {T}: Add {W}.
Mana: Plains (178) - {T}: Add {W}.
Mana: Plains (174) - {T}: Add {W}.
Mana: Plains (191) - {T}: Add {W}.
Mana: Plains (180) - {T}: Add {W}.
Add To Stack: Ai(2)-mm-giada-angels cast Herald of War
Replacement Effect: Each other Angel you control enters with an additional +1/+1 counter on it for each Angel you already control.
Resolve Stack: Herald of War - Creature 3 / 3
Mana: Giada, Font of Hope (200) - {T}: Add {W}. Spend this mana only to cast an Angel spell.
Add To Stack: Ai(2)-mm-giada-angels cast Righteous Valkyrie
Replacement Effect: Each other Angel you control enters with an additional +1/+1 counter on it for each Angel you already control.
Resolve Stack: Righteous Valkyrie - Creature 2 / 4
Phase: Ai(2)-mm-giada-angels' End step
Phase: Ai(2)-mm-giada-angels' Cleanup step
Turn: Turn 19 (Ai(3)-mm-vito)
Phase: Ai(3)-mm-vito's Untap step
Phase: Ai(3)-mm-vito's Upkeep step
Phase: Ai(3)-mm-vito's Draw step
Phase: Ai(3)-mm-vito's Main phase, precombat
Phase: Ai(3)-mm-vito's Beginning of Combat Step
Phase: Ai(3)-mm-vito's Declare Attackers Step
Phase: Ai(3)-mm-vito's Declare Blockers Step
Phase: Ai(3)-mm-vito's First Strike Damage Step
Phase: Ai(3)-mm-vito's Combat Damage Step
Phase: Ai(3)-mm-vito's End of Combat Step
Phase: Ai(3)-mm-vito's Main phase, postcombat
Replacement Effect: Bojuka Bog enters tapped.
Land: Ai(3)-mm-vito played Bojuka Bog (230)
Add To Stack: Ai(3)-mm-vito triggered Bojuka Bog targeting [Ai(4)-mm-baylen-tokens]
Resolve Stack: When Bojuka Bog enters, exile all cards from target player's graveyard. (Targeting: [[Ai(4)-mm-baylen-tokens]]) [Zone Changer: Bojuka Bog (230)]
Mana: Swamp (253) - {T}: Add {B}.
Mana: Swamp (264) - {T}: Add {B}.
Mana: Witch's Cottage (283) - {T}: Add {B}.
Add To Stack: Ai(3)-mm-vito cast Bloodthirsty Aerialist
Resolve Stack: Bloodthirsty Aerialist - Creature 2 / 3
Phase: Ai(3)-mm-vito's End step
Phase: Ai(3)-mm-vito's Cleanup step
Turn: Turn 20 (Ai(4)-mm-baylen-tokens)
Phase: Ai(4)-mm-baylen-tokens' Untap step
Phase: Ai(4)-mm-baylen-tokens' Upkeep step
Phase: Ai(4)-mm-baylen-tokens' Draw step
Phase: Ai(4)-mm-baylen-tokens' Main phase, precombat
Land: Ai(4)-mm-baylen-tokens played Plains (387)
Mana: Plains (388) - {T}: Add {W}.
Mana: Forest (329) - {T}: Add {G}.
Add To Stack: Ai(4)-mm-baylen-tokens cast Hare Apparent
Resolve Stack: Hare Apparent - Creature 2 / 2
Add To Stack: Ai(4)-mm-baylen-tokens triggered Hare Apparent
Resolve Stack: When this creature enters, create a number of 1/1 white Rabbit creature tokens equal to the number of other creatures you control named Hare Apparent. [Zone Changer: Hare Apparent (352)]
Phase: Ai(4)-mm-baylen-tokens' Beginning of Combat Step
Phase: Ai(4)-mm-baylen-tokens' Declare Attackers Step
Phase: Ai(4)-mm-baylen-tokens' Declare Blockers Step
Phase: Ai(4)-mm-baylen-tokens' First Strike Damage Step
Phase: Ai(4)-mm-baylen-tokens' Combat Damage Step
Phase: Ai(4)-mm-baylen-tokens' End of Combat Step
Phase: Ai(4)-mm-baylen-tokens' Main phase, postcombat
Mana: Cinder Glade (313) - {T}: Add {G}.
Mana: Plains (387) - {T}: Add {W}.
Mana: Spectator Seating (380) - {T}: Add {R} or {W}.
Add To Stack: Ai(4)-mm-baylen-tokens cast Cadira, Caller of the Small
Resolve Stack: Cadira, Caller of the Small - Creature 3 / 3
Phase: Ai(4)-mm-baylen-tokens' End step
Phase: Ai(4)-mm-baylen-tokens' Cleanup step
Turn: Turn 21 (Ai(1)-mm-zur-enchantress)
Phase: Ai(1)-mm-zur-enchantress' Untap step
Phase: Ai(1)-mm-zur-enchantress' Upkeep step
Phase: Ai(1)-mm-zur-enchantress' Draw step
Phase: Ai(1)-mm-zur-enchantress' Main phase, precombat
Land: Ai(1)-mm-zur-enchantress played Island (32)
Phase: Ai(1)-mm-zur-enchantress' Beginning of Combat Step
Phase: Ai(1)-mm-zur-enchantress' Declare Attackers Step
Phase: Ai(1)-mm-zur-enchantress' Declare Blockers Step
Phase: Ai(1)-mm-zur-enchantress' First Strike Damage Step
Phase: Ai(1)-mm-zur-enchantress' Combat Damage Step
Phase: Ai(1)-mm-zur-enchantress' End of Combat Step
Phase: Ai(1)-mm-zur-enchantress' Main phase, postcombat
Mana: Island (32) - {T}: Add {U}.
Mana: Plains (85) - {T}: Add {W}.
Mana: Talon Gates of Madara (4) - {T}: Add {C}.
Mana: Tarnished Citadel (76) - {T}: Add {C}.
Mana: Spire of Industry (24) - {T}: Add {C}.
Add To Stack: Ai(1)-mm-zur-enchantress cast Silver Surfer, Galactus's Herald
Resolve Stack: Silver Surfer, Galactus's Herald - Creature 4 / 5
Add To Stack: Ai(1)-mm-zur-enchantress triggered Silver Surfer, Galactus's Herald
Resolve Stack: When Silver Surfer enters, you may search your library for a card named Galactus, Devourer of Worlds, reveal it, put it into your hand, then shuffle. [Zone Changer: Silver Surfer, Galactus's Herald (1)]
Phase: Ai(1)-mm-zur-enchantress' End step
Phase: Ai(1)-mm-zur-enchantress' Cleanup step
Turn: Turn 22 (Ai(2)-mm-giada-angels)
Phase: Ai(2)-mm-giada-angels' Untap step
Phase: Ai(2)-mm-giada-angels' Upkeep step
Phase: Ai(2)-mm-giada-angels' Draw step
Phase: Ai(2)-mm-giada-angels' Main phase, precombat
Phase: Ai(2)-mm-giada-angels' Beginning of Combat Step
Phase: Ai(2)-mm-giada-angels' Declare Attackers Step
Combat: Ai(2)-mm-giada-angels assigned Herald of War (140), Righteous Valkyrie (102), Archangel of Tithes (104), Giada, Font of Hope (200) and Thraben Watcher (132) to attack Ai(4)-mm-baylen-tokens.
Add To Stack: Ai(2)-mm-giada-angels triggered Herald of War
Resolve Stack: Whenever Herald of War attacks, put a +1/+1 counter on it. [Attacker: Herald of War (140)]
Phase: Ai(2)-mm-giada-angels' Declare Blockers Step
Combat: Ai(4)-mm-baylen-tokens didn't block Herald of War (140).
Ai(4)-mm-baylen-tokens didn't block Righteous Valkyrie (102).
Ai(4)-mm-baylen-tokens didn't block Archangel of Tithes (104).
Ai(4)-mm-baylen-tokens didn't block Giada, Font of Hope (200).
Ai(4)-mm-baylen-tokens didn't block Thraben Watcher (132).
Phase: Ai(2)-mm-giada-angels' First Strike Damage Step
Phase: Ai(2)-mm-giada-angels' Combat Damage Step
Damage: Herald of War (140) deals 8 combat damage to Ai(4)-mm-baylen-tokens.
Damage: Righteous Valkyrie (102) deals 7 combat damage to Ai(4)-mm-baylen-tokens.
Damage: Archangel of Tithes (104) deals 6 combat damage to Ai(4)-mm-baylen-tokens.
Damage: Giada, Font of Hope (200) deals 3 combat damage to Ai(4)-mm-baylen-tokens.
Damage: Thraben Watcher (132) deals 3 combat damage to Ai(4)-mm-baylen-tokens.
Life: Life: Ai(4)-mm-baylen-tokens 34 > 7
Phase: Ai(2)-mm-giada-angels' End of Combat Step
Phase: Ai(2)-mm-giada-angels' Main phase, postcombat
Mana: Plains (183) - {T}: Add {W}.
Add To Stack: Ai(2)-mm-giada-angels cast Inspiring Overseer
Replacement Effect: Each other Angel you control enters with an additional +1/+1 counter on it for each Angel you already control.
Resolve Stack: Inspiring Overseer - Creature 2 / 1
Add To Stack: Ai(2)-mm-giada-angels triggered Righteous Valkyrie
Add To Stack: Ai(2)-mm-giada-angels triggered Inspiring Overseer
Life: Life: Ai(2)-mm-giada-angels 40 > 41
Resolve Stack: When Inspiring Overseer enters, you gain 1 life and draw a card. [Zone Changer: Inspiring Overseer (111)]
Life: Life: Ai(2)-mm-giada-angels 41 > 48
Resolve Stack: Whenever another Angel or Cleric you control enters, you gain life equal to that creature's toughness. [Zone Changer: Inspiring Overseer (111)]
Land: Ai(2)-mm-giada-angels played Plains (190)
Mana: Plains (178) - {T}: Add {W}.
Mana: Plains (174) - {T}: Add {W}.
Mana: Plains (191) - {T}: Add {W}.
Mana: Plains (180) - {T}: Add {W}.
Add To Stack: Ai(2)-mm-giada-angels cast Smothering Tithe
Resolve Stack: Smothering Tithe
Phase: Ai(2)-mm-giada-angels' End step
Add To Stack: Ai(3)-mm-vito triggered Bloodchief Ascension
Resolve Stack: At the beginning of each end step, if an opponent lost 2 or more life this turn, you may put a quest counter on Bloodchief Ascension. (Damage causes loss of life.) [Phase: Ai(2)-mm-giada-angels]
Phase: Ai(2)-mm-giada-angels' Cleanup step
Turn: Turn 23 (Ai(3)-mm-vito)
Phase: Ai(3)-mm-vito's Untap step
Phase: Ai(3)-mm-vito's Upkeep step
Phase: Ai(3)-mm-vito's Draw step
Add To Stack: Ai(2)-mm-giada-angels triggered Smothering Tithe
Resolve Stack: Whenever an opponent draws a card, that player may pay {2}. If the player doesn't, you create a Treasure token. (It's an artifact with "{T}, Sacrifice this token: Add one mana of any color.") [Player: Ai(3)-mm-vito]
Phase: Ai(3)-mm-vito's Main phase, precombat
Phase: Ai(3)-mm-vito's Beginning of Combat Step
Phase: Ai(3)-mm-vito's Declare Attackers Step
Phase: Ai(3)-mm-vito's Declare Blockers Step
Phase: Ai(3)-mm-vito's First Strike Damage Step
Phase: Ai(3)-mm-vito's Combat Damage Step
Phase: Ai(3)-mm-vito's End of Combat Step
Phase: Ai(3)-mm-vito's Main phase, postcombat
Mana: Swamp (253) - {T}: Add {B}.
Mana: Swamp (264) - {T}: Add {B}.
Mana: Witch's Cottage (283) - {T}: Add {B}.
Mana: Bojuka Bog (230) - {T}: Add {B}.
Add To Stack: Ai(3)-mm-vito cast Blood Tithe
Life: Life: Ai(4)-mm-baylen-tokens 7 > 4
Life: Life: Ai(1)-mm-zur-enchantress 40 > 37
Life: Life: Ai(2)-mm-giada-angels 48 > 45
Life: Life: Ai(3)-mm-vito 28 > 37
Resolve Stack: Blood Tithe (205) - Ai(4)-mm-baylen-tokens, Ai(1)-mm-zur-enchantress and Ai(2)-mm-giada-angels each lose 3 life. You gain life equal to the life lost this way.
Add To Stack: Ai(3)-mm-vito triggered Vito, Thorn of the Dusk Rose targeting [Ai(4)-mm-baylen-tokens]
Add To Stack: Ai(3)-mm-vito triggered Bloodthirsty Aerialist
Resolve Stack: Whenever you gain life, put a +1/+1 counter on Bloodthirsty Aerialist. [Player: Ai(3)-mm-vito, Gained Amount: 9]
Life: Life: Ai(4)-mm-baylen-tokens 4 > -5
Resolve Stack: Whenever you gain life, target opponent loses that much life. (Targeting: [[Ai(4)-mm-baylen-tokens]]) [Player: Ai(3)-mm-vito, Gained Amount: 9]
Phase: Ai(3)-mm-vito's End step
Add To Stack: Ai(3)-mm-vito triggered Bloodchief Ascension
Resolve Stack: At the beginning of each end step, if an opponent lost 2 or more life this turn, you may put a quest counter on Bloodchief Ascension. (Damage causes loss of life.) [Phase: Ai(3)-mm-vito]
Phase: Ai(3)-mm-vito's Cleanup step
Turn: Turn 24 (Ai(1)-mm-zur-enchantress)
Phase: Ai(1)-mm-zur-enchantress' Untap step
Phase: Ai(1)-mm-zur-enchantress' Upkeep step
Phase: Ai(1)-mm-zur-enchantress' Draw step
Add To Stack: Ai(2)-mm-giada-angels triggered Smothering Tithe
Resolve Stack: Whenever an opponent draws a card, that player may pay {2}. If the player doesn't, you create a Treasure token. (It's an artifact with "{T}, Sacrifice this token: Add one mana of any color.") [Player: Ai(1)-mm-zur-enchantress]
Phase: Ai(1)-mm-zur-enchantress' Main phase, precombat
Phase: Ai(1)-mm-zur-enchantress' Beginning of Combat Step
Phase: Ai(1)-mm-zur-enchantress' Declare Attackers Step
Phase: Ai(1)-mm-zur-enchantress' Declare Blockers Step
Phase: Ai(1)-mm-zur-enchantress' First Strike Damage Step
Phase: Ai(1)-mm-zur-enchantress' Combat Damage Step
Phase: Ai(1)-mm-zur-enchantress' End of Combat Step
Phase: Ai(1)-mm-zur-enchantress' Main phase, postcombat
Damage: Tarnished Citadel (76) deals 3 non-combat damage to Ai(1)-mm-zur-enchantress.
Life: Life: Ai(1)-mm-zur-enchantress 37 > 34
Mana: Tarnished Citadel (76) - {T}: Add one mana of any color. Tarnished Citadel deals 3 damage to you. 
Mana: Plains (85) - {T}: Add {W}.
Mana: Island (32) - {T}: Add {U}.
Mana: Talon Gates of Madara (4) - {T}: Add {C}.
Add To Stack: Ai(1)-mm-zur-enchantress cast Zur the Enchanter
Resolve Stack: Zur the Enchanter - Creature 1 / 4
Phase: Ai(1)-mm-zur-enchantress' End step
Add To Stack: Ai(3)-mm-vito triggered Bloodchief Ascension
Resolve Stack: At the beginning of each end step, if an opponent lost 2 or more life this turn, you may put a quest counter on Bloodchief Ascension. (Damage causes loss of life.) [Phase: Ai(1)-mm-zur-enchantress]
Phase: Ai(1)-mm-zur-enchantress' Cleanup step
Turn: Turn 25 (Ai(2)-mm-giada-angels)
Phase: Ai(2)-mm-giada-angels' Untap step
Phase: Ai(2)-mm-giada-angels' Upkeep step
Phase: Ai(2)-mm-giada-angels' Draw step
Phase: Ai(2)-mm-giada-angels' Main phase, precombat
Mana: Plains (183) - {T}: Add {W}.
Mana: Plains (178) - {T}: Add {W}.
Mana: Plains (174) - {T}: Add {W}.
Add To Stack: Ai(2)-mm-giada-angels cast Sephara, Sky's Blade
Replacement Effect: Each other Angel you control enters with an additional +1/+1 counter on it for each Angel you already control.
Resolve Stack: Sephara, Sky's Blade - Creature 7 / 7
Add To Stack: Ai(2)-mm-giada-angels triggered Righteous Valkyrie
Life: Life: Ai(2)-mm-giada-angels 45 > 59
Resolve Stack: Whenever another Angel or Cleric you control enters, you gain life equal to that creature's toughness. [Zone Changer: Sephara, Sky's Blade (123)]
Phase: Ai(2)-mm-giada-angels' Beginning of Combat Step
Phase: Ai(2)-mm-giada-angels' Declare Attackers Step
Combat: Ai(2)-mm-giada-angels assigned Herald of War (140), Inspiring Overseer (111), Righteous Valkyrie (102), Archangel of Tithes (104), Giada, Font of Hope (200) and Thraben Watcher (132) to attack Ai(1)-mm-zur-enchantress.
Add To Stack: Ai(2)-mm-giada-angels triggered Herald of War
Resolve Stack: Whenever Herald of War attacks, put a +1/+1 counter on it. [Attacker: Herald of War (140)]
Phase: Ai(2)-mm-giada-angels' Declare Blockers Step
Mana: Spire of Industry (24) - {T}: Add {C}.
Combat: Ai(1)-mm-zur-enchantress assigned Zur the Enchanter (99) to block Herald of War (140).
Ai(1)-mm-zur-enchantress didn't block Inspiring Overseer (111).
Ai(1)-mm-zur-enchantress didn't block Righteous Valkyrie (102).
Ai(1)-mm-zur-enchantress didn't block Archangel of Tithes (104).
Ai(1)-mm-zur-enchantress didn't block Giada, Font of Hope (200).
Ai(1)-mm-zur-enchantress didn't block Thraben Watcher (132).
Phase: Ai(2)-mm-giada-angels' First Strike Damage Step
Phase: Ai(2)-mm-giada-angels' Combat Damage Step
Damage: Herald of War (140) deals 11 damage to Zur the Enchanter (99).
Damage: Inspiring Overseer (111) deals 10 combat damage to Ai(1)-mm-zur-enchantress.
Damage: Righteous Valkyrie (102) deals 9 combat damage to Ai(1)-mm-zur-enchantress.
Damage: Archangel of Tithes (104) deals 8 combat damage to Ai(1)-mm-zur-enchantress.
Damage: Giada, Font of Hope (200) deals 5 combat damage to Ai(1)-mm-zur-enchantress.
Damage: Thraben Watcher (132) deals 5 combat damage to Ai(1)-mm-zur-enchantress.
Damage: Zur the Enchanter (99) deals 1 damage to Herald of War (140).
Life: Life: Ai(1)-mm-zur-enchantress 34 > -3
Phase: Ai(2)-mm-giada-angels' End of Combat Step
Phase: Ai(2)-mm-giada-angels' Main phase, postcombat
Mana: Plains (191) - {T}: Add {W}.
Add To Stack: Ai(2)-mm-giada-angels cast Angel of Finality
Replacement Effect: Each other Angel you control enters with an additional +1/+1 counter on it for each Angel you already control.
Resolve Stack: Angel of Finality - Creature 3 / 4
Add To Stack: Ai(2)-mm-giada-angels triggered Righteous Valkyrie
Add To Stack: Ai(2)-mm-giada-angels triggered Angel of Finality targeting [Ai(3)-mm-vito]
Resolve Stack: When Angel of Finality enters, exile target player's graveyard. (Targeting: [[Ai(3)-mm-vito]]) [Zone Changer: Angel of Finality (122)]
Life: Life: Ai(2)-mm-giada-angels 59 > 73
Resolve Stack: Whenever another Angel or Cleric you control enters, you gain life equal to that creature's toughness. [Zone Changer: Angel of Finality (122)]
Mana: Plains (180) - {T}: Add {W}.
Mana: Plains (190) - {T}: Add {W}.
Add To Stack: Ai(2)-mm-giada-angels cast Luminarch Ascension
Resolve Stack: Luminarch Ascension
Phase: Ai(2)-mm-giada-angels' End step
Add To Stack: Ai(3)-mm-vito triggered Bloodchief Ascension
Resolve Stack: At the beginning of each end step, if an opponent lost 2 or more life this turn, you may put a quest counter on Bloodchief Ascension. (Damage causes loss of life.) [Phase: Ai(2)-mm-giada-angels]
Phase: Ai(2)-mm-giada-angels' Cleanup step
Turn: Turn 26 (Ai(3)-mm-vito)
Phase: Ai(3)-mm-vito's Untap step
Phase: Ai(3)-mm-vito's Upkeep step
Phase: Ai(3)-mm-vito's Draw step
Add To Stack: Ai(2)-mm-giada-angels triggered Smothering Tithe
Resolve Stack: Whenever an opponent draws a card, that player may pay {2}. If the player doesn't, you create a Treasure token. (It's an artifact with "{T}, Sacrifice this token: Add one mana of any color.") [Player: Ai(3)-mm-vito]
Phase: Ai(3)-mm-vito's Main phase, precombat
Phase: Ai(3)-mm-vito's Beginning of Combat Step
Phase: Ai(3)-mm-vito's Declare Attackers Step
Phase: Ai(3)-mm-vito's Declare Blockers Step
Phase: Ai(3)-mm-vito's First Strike Damage Step
Phase: Ai(3)-mm-vito's Combat Damage Step
Phase: Ai(3)-mm-vito's End of Combat Step
Phase: Ai(3)-mm-vito's Main phase, postcombat
Mana: Swamp (253) - {T}: Add {B}.
Mana: Swamp (264) - {T}: Add {B}.
Mana: Witch's Cottage (283) - {T}: Add {B}.
Mana: Bojuka Bog (230) - {T}: Add {B}.
Add To Stack: Ai(3)-mm-vito cast Dread Presence
Resolve Stack: Dread Presence - Creature 3 / 3
Phase: Ai(3)-mm-vito's End step
Add To Stack: Ai(2)-mm-giada-angels triggered Luminarch Ascension
Resolve Stack: At the beginning of each opponent's end step, if you didn't lose life this turn, you may put a quest counter on Luminarch Ascension. (Damage causes loss of life.) [Phase: Ai(3)-mm-vito]
Phase: Ai(3)-mm-vito's Cleanup step
Turn: Turn 27 (Ai(2)-mm-giada-angels)
Phase: Ai(2)-mm-giada-angels' Untap step
Phase: Ai(2)-mm-giada-angels' Upkeep step
Phase: Ai(2)-mm-giada-angels' Draw step
Phase: Ai(2)-mm-giada-angels' Main phase, precombat
Phase: Ai(2)-mm-giada-angels' Beginning of Combat Step
Phase: Ai(2)-mm-giada-angels' Declare Attackers Step
Combat: Ai(2)-mm-giada-angels assigned Sephara, Sky's Blade (123), Angel of Finality (122), Herald of War (140), Inspiring Overseer (111), Righteous Valkyrie (102), Archangel of Tithes (104), Giada, Font of Hope (200) and Thraben Watcher (132) to attack Ai(3)-mm-vito.
Add To Stack: Ai(2)-mm-giada-angels triggered Herald of War
Resolve Stack: Whenever Herald of War attacks, put a +1/+1 counter on it. [Attacker: Herald of War (140)]
Phase: Ai(2)-mm-giada-angels' Declare Blockers Step
Combat: Ai(3)-mm-vito didn't block Sephara, Sky's Blade (123).
Ai(3)-mm-vito didn't block Angel of Finality (122).
Ai(3)-mm-vito didn't block Herald of War (140).
Ai(3)-mm-vito didn't block Inspiring Overseer (111).
Ai(3)-mm-vito didn't block Righteous Valkyrie (102).
Ai(3)-mm-vito didn't block Archangel of Tithes (104).
Ai(3)-mm-vito didn't block Giada, Font of Hope (200).
Ai(3)-mm-vito didn't block Thraben Watcher (132).
Phase: Ai(2)-mm-giada-angels' First Strike Damage Step
Phase: Ai(2)-mm-giada-angels' Combat Damage Step
Damage: Sephara, Sky's Blade (123) deals 16 combat damage to Ai(3)-mm-vito.
Life: Life: Ai(2)-mm-giada-angels 73 > 89
Damage: Angel of Finality (122) deals 13 combat damage to Ai(3)-mm-vito.
Damage: Herald of War (140) deals 12 combat damage to Ai(3)-mm-vito.
Damage: Inspiring Overseer (111) deals 10 combat damage to Ai(3)-mm-vito.
Damage: Righteous Valkyrie (102) deals 9 combat damage to Ai(3)-mm-vito.
Damage: Archangel of Tithes (104) deals 8 combat damage to Ai(3)-mm-vito.
Damage: Giada, Font of Hope (200) deals 5 combat damage to Ai(3)-mm-vito.
Damage: Thraben Watcher (132) deals 5 combat damage to Ai(3)-mm-vito.
Life: Life: Ai(3)-mm-vito 37 > -41
Player Control: Ai(1)-mm-zur-enchantress has restored control over themself
Player Control: Ai(2)-mm-giada-angels has restored control over themself
Player Control: Ai(3)-mm-vito has restored control over themself
Player Control: Ai(4)-mm-baylen-tokens has restored control over themself
Game Outcome: Turn 14
Game Outcome: Ai(1)-mm-zur-enchantress has lost because life total reached 0
Game Outcome: Ai(2)-mm-giada-angels has won because all opponents have lost
Game Outcome: Ai(3)-mm-vito has lost because life total reached 0
Game Outcome: Ai(4)-mm-baylen-tokens has lost because life total reached 0
Match Result: Ai(1)-mm-zur-enchantress: 0 Ai(2)-mm-giada-angels: 2 Ai(3)-mm-vito: 1 Ai(4)-mm-baylen-tokens: 0 

Game Result: Game 3 ended in 60458 ms. Ai(2)-mm-giada-angels has won!

