Error handling registered!
02:22:37 [INFO ] GuiBase: ##########################################
02:22:37 [INFO ] GuiBase: APP: Forge v.2.0.14-SNAPSHOT-08.08
02:22:37 [INFO ] GuiBase: Java: 21.0.9 (Oracle Corporation)
02:22:37 [INFO ] GuiBase: OS: Mac OS X 26.3 aarch64
02:22:37 [INFO ] GuiBase: RAM: 4096 MB max, 8 CPUs
02:22:37 [INFO ] GuiBase: ##########################################
Language 'en-US' loaded successfully.
(ThreadUtil first call): Running with priority 5
Read cards: 33617 archived files in 2 ms (25 parts) using thread pool
Upcoming set Star Trek (TRK) dated in the future. All `upcoming` cards will be added to this set with unknown rarity.
The card A-Alrund's Epiphany was not assigned to any set. Adding it to UNKNOWN set... to fix see res/editions/ folder. 
The card A-Baba Lysaga, Night Witch was not assigned to any set. Adding it to UNKNOWN set... to fix see res/editions/ folder. 
The card A-Divide by Zero was not assigned to any set. Adding it to UNKNOWN set... to fix see res/editions/ folder. 
The card A-Esika's Chariot was not assigned to any set. Adding it to UNKNOWN set... to fix see res/editions/ folder. 
The card A-Faceless Haven was not assigned to any set. Adding it to UNKNOWN set... to fix see res/editions/ folder. 
The card A-Fires of Invention was not assigned to any set. Adding it to UNKNOWN set... to fix see res/editions/ folder. 
The card A-Goldspan Dragon was not assigned to any set. Adding it to UNKNOWN set... to fix see res/editions/ folder. 
The card A-Hullbreaker Horror was not assigned to any set. Adding it to UNKNOWN set... to fix see res/editions/ folder. 
The card A-Kumano Faces Kakkazan was not assigned to any set. Adding it to UNKNOWN set... to fix see res/editions/ folder. 
The card A-Luminarch Aspirant was not assigned to any set. Adding it to UNKNOWN set... to fix see res/editions/ folder. 
The card A-Monster Manual was not assigned to any set. Adding it to UNKNOWN set... to fix see res/editions/ folder. 
The card A-Omnath, Locus of Creation was not assigned to any set. Adding it to UNKNOWN set... to fix see res/editions/ folder. 
The card A-The Meathook Massacre was not assigned to any set. Adding it to UNKNOWN set... to fix see res/editions/ folder. 
The card A-Unholy Heat was not assigned to any set. Adding it to UNKNOWN set... to fix see res/editions/ folder. 
The card Blinding Radiance was not assigned to any set. Adding it to UNKNOWN set... to fix see res/editions/ folder. 
The card Goblin Bruiser was not assigned to any set. Adding it to UNKNOWN set... to fix see res/editions/ folder. 
The card Ogre Painbringer was not assigned to any set. Adding it to UNKNOWN set... to fix see res/editions/ folder. 
The card Titanic Pelagosaur was not assigned to any set. Adding it to UNKNOWN set... to fix see res/editions/ folder. 
The card Treetop Recluse was not assigned to any set. Adding it to UNKNOWN set... to fix see res/editions/ folder. 
Upcoming set Star Trek (TRK) dated in the future. All `upcoming` cards will be added to this set with unknown rarity.
Read cards: 836 files in 0 ms (8 parts) using thread pool
Simulation mode
An unsupported card was requested: "Ratonhnhaké꞉ton" from "null". 

Forge could not find this card in the Database. Any chance you might have mistyped the card name?
An unsupported card was requested: "Ratonhnhaké꞉ton" from "[N.A.]". 

Forge could not find this card in the Database. Any chance you might have mistyped the card name?
Ai(1)-mm-zur-enchantress vs Ai(2)-mm-giada-angels vs Ai(3)-mm-vito vs Ai(4)-mm-baylen-tokens - three games of Commander seed 204682629
Warning: default (ie. inherited from base class) implementation of confirmAction is used by Giada, Font of Hope for forge.ai.ability.PermanentCreatureAi. Consider declaring an overloaded method
java.util.concurrent.TimeoutException
	at java.base/java.util.concurrent.FutureTask.get(FutureTask.java:204)
	at forge.ai.AiController.chooseSpellAbilityToPlayFromList(AiController.java:1696)
	at forge.ai.AiController.getSpellAbilityToPlay(AiController.java:1583)
	at forge.ai.AiController.chooseSpellAbilityToPlay(AiController.java:1403)
	at forge.ai.PlayerControllerAi.chooseSpellAbilityToPlay(PlayerControllerAi.java:832)
	at forge.game.phase.PhaseHandler.mainLoopStep(PhaseHandler.java:1056)
	at forge.game.phase.PhaseHandler.mainGameLoop(PhaseHandler.java:1035)
	at forge.game.phase.PhaseHandler.startFirstTurn(PhaseHandler.java:1029)
	at forge.game.GameAction.startGame(GameAction.java:2373)
	at forge.game.Match.startGame(Match.java:92)
	at forge.game.Match.startGame(Match.java:77)
	at forge.view.SimulateMatch.lambda$simulateSingleMatch$0(SimulateMatch.java:213)
	at forge.view.TimeLimitedCodeBlock.lambda$runWithTimeout$0(TimeLimitedCodeBlock.java:18)
	at java.base/java.util.concurrent.FutureTask.run(FutureTask.java:317)
	at java.base/java.util.concurrent.ThreadPoolExecutor.runWorker(ThreadPoolExecutor.java:1144)
	at java.base/java.util.concurrent.ThreadPoolExecutor$Worker.run(ThreadPoolExecutor.java:642)
	at java.base/java.lang.Thread.run(Thread.java:1583)
AI eval thread at timeout:
	at java.base/java.lang.String.split(String.java:3376)
	at java.base/java.lang.String.split(String.java:3354)
	at java.base/java.lang.String.split(String.java:3229)
	at forge.game.card.Card.isValid(Card.java:5762)
	at forge.game.GameObject.isValid(GameObject.java:27)
	at forge.game.card.CardPredicates.lambda$restriction$20(CardPredicates.java:140)
	at forge.game.card.CardLists.count(CardLists.java:370)
	at forge.game.card.CardLists.getValidCardCount(CardLists.java:197)
	at forge.game.ability.AbilityUtils.playerXProperty(AbilityUtils.java:3419)
	at forge.game.ability.AbilityUtils.playerXCount(AbilityUtils.java:3298)
	at forge.game.ability.AbilityUtils.calculateAmount(AbilityUtils.java:464)
	at forge.game.ability.AbilityUtils.calculateAmount(AbilityUtils.java:365)
	at forge.game.CardTraitBase.meetsCommonRequirements(CardTraitBase.java:472)
	at forge.game.trigger.Trigger.requirementsCheck(Trigger.java:340)
	at forge.ai.ComputerUtilCombat.combatTriggerWillTrigger(ComputerUtilCombat.java:751)
	at forge.ai.ComputerUtilCombat.combatTriggerWillTrigger(ComputerUtilCombat.java:734)
	at forge.ai.ComputerUtilCombat.predictPowerBonusOfAttacker(ComputerUtilCombat.java:1198)
	at forge.ai.ComputerUtilCombat.predictPowerBonusOfAttacker(ComputerUtilCombat.java:1139)
	at forge.ai.ComputerUtilCombat.damageIfUnblocked(ComputerUtilCombat.java:184)
	at forge.ai.ComputerUtilCombat.sumDamageIfUnblocked(ComputerUtilCombat.java:249)
	at forge.ai.ComputerUtilCombat.sumDamageIfUnblocked(ComputerUtilCombat.java:240)
	at forge.ai.ComputerUtilCombat.lifeThatWouldRemain(ComputerUtilCombat.java:318)
	at forge.ai.ComputerUtilCombat.lifeInDanger(ComputerUtilCombat.java:453)
	at forge.ai.ComputerUtilCombat.lifeInDanger(ComputerUtilCombat.java:390)
	at forge.ai.AiBlockController.makeChumpBlocks(AiBlockController.java:658)
	at forge.ai.AiBlockController.makeChumpBlocks(AiBlockController.java:711)
	at forge.ai.AiBlockController.makeChumpBlocks(AiBlockController.java:711)
	at forge.ai.AiBlockController.makeChumpBlocks(AiBlockController.java:711)
	at forge.ai.AiBlockController.makeChumpBlocks(AiBlockController.java:711)
	at forge.ai.AiBlockController.makeChumpBlocks(AiBlockController.java:711)
Warning: default (ie. inherited from base class) implementation of confirmAction is used by Giada, Font of Hope for forge.ai.ability.PermanentCreatureAi. Consider declaring an overloaded method
Mulligan: Ai(1)-mm-zur-enchantress has mulliganed down to 7 cards.
Mulligan: Ai(1)-mm-zur-enchantress has mulliganed down to 6 cards.
Mulligan: Ai(1)-mm-zur-enchantress has kept a hand of 6 cards
Mulligan: Ai(2)-mm-giada-angels has kept a hand of 7 cards
Mulligan: Ai(3)-mm-vito has kept a hand of 7 cards
Mulligan: Ai(4)-mm-baylen-tokens has kept a hand of 7 cards
Turn: Turn 1 (Ai(1)-mm-zur-enchantress)
Phase: Ai(1)-mm-zur-enchantress' Untap step
Phase: Ai(1)-mm-zur-enchantress' Upkeep step
Phase: Ai(1)-mm-zur-enchantress' Draw step
Phase: Ai(1)-mm-zur-enchantress' Main phase, precombat
Land: Ai(1)-mm-zur-enchantress played Swamp (56)
Phase: Ai(1)-mm-zur-enchantress' Beginning of Combat Step
Phase: Ai(1)-mm-zur-enchantress' Declare Attackers Step
Phase: Ai(1)-mm-zur-enchantress' Declare Blockers Step
Phase: Ai(1)-mm-zur-enchantress' First Strike Damage Step
Phase: Ai(1)-mm-zur-enchantress' Combat Damage Step
Phase: Ai(1)-mm-zur-enchantress' End of Combat Step
Phase: Ai(1)-mm-zur-enchantress' Main phase, postcombat
Phase: Ai(1)-mm-zur-enchantress' End step
Phase: Ai(1)-mm-zur-enchantress' Cleanup step
Turn: Turn 2 (Ai(2)-mm-giada-angels)
Phase: Ai(2)-mm-giada-angels' Untap step
Phase: Ai(2)-mm-giada-angels' Upkeep step
Phase: Ai(2)-mm-giada-angels' Draw step
Phase: Ai(2)-mm-giada-angels' Main phase, precombat
Land: Ai(2)-mm-giada-angels played Plains (187)
Phase: Ai(2)-mm-giada-angels' Beginning of Combat Step
Phase: Ai(2)-mm-giada-angels' Declare Attackers Step
Phase: Ai(2)-mm-giada-angels' Declare Blockers Step
Phase: Ai(2)-mm-giada-angels' First Strike Damage Step
Phase: Ai(2)-mm-giada-angels' Combat Damage Step
Phase: Ai(2)-mm-giada-angels' End of Combat Step
Phase: Ai(2)-mm-giada-angels' Main phase, postcombat
Mana: Plains (187) - {T}: Add {W}.
Add To Stack: Ai(2)-mm-giada-angels cast Land Tax
Resolve Stack: Land Tax
Phase: Ai(2)-mm-giada-angels' End step
Phase: Ai(2)-mm-giada-angels' Cleanup step
Turn: Turn 3 (Ai(3)-mm-vito)
Phase: Ai(3)-mm-vito's Untap step
Phase: Ai(3)-mm-vito's Upkeep step
Phase: Ai(3)-mm-vito's Draw step
Phase: Ai(3)-mm-vito's Main phase, precombat
Land: Ai(3)-mm-vito played Swamp (262)
Phase: Ai(3)-mm-vito's Beginning of Combat Step
Phase: Ai(3)-mm-vito's Declare Attackers Step
Phase: Ai(3)-mm-vito's Declare Blockers Step
Phase: Ai(3)-mm-vito's First Strike Damage Step
Phase: Ai(3)-mm-vito's Combat Damage Step
Phase: Ai(3)-mm-vito's End of Combat Step
Phase: Ai(3)-mm-vito's Main phase, postcombat
Phase: Ai(3)-mm-vito's End step
Phase: Ai(3)-mm-vito's Cleanup step
Turn: Turn 4 (Ai(4)-mm-baylen-tokens)
Phase: Ai(4)-mm-baylen-tokens' Untap step
Phase: Ai(4)-mm-baylen-tokens' Upkeep step
Phase: Ai(4)-mm-baylen-tokens' Draw step
Phase: Ai(4)-mm-baylen-tokens' Main phase, precombat
Land: Ai(4)-mm-baylen-tokens played Plains (388)
Phase: Ai(4)-mm-baylen-tokens' Beginning of Combat Step
Phase: Ai(4)-mm-baylen-tokens' Declare Attackers Step
Phase: Ai(4)-mm-baylen-tokens' Declare Blockers Step
Phase: Ai(4)-mm-baylen-tokens' First Strike Damage Step
Phase: Ai(4)-mm-baylen-tokens' Combat Damage Step
Phase: Ai(4)-mm-baylen-tokens' End of Combat Step
Phase: Ai(4)-mm-baylen-tokens' Main phase, postcombat
Phase: Ai(4)-mm-baylen-tokens' End step
Phase: Ai(4)-mm-baylen-tokens' Cleanup step
Turn: Turn 5 (Ai(1)-mm-zur-enchantress)
Phase: Ai(1)-mm-zur-enchantress' Untap step
Phase: Ai(1)-mm-zur-enchantress' Upkeep step
Phase: Ai(1)-mm-zur-enchantress' Draw step
Phase: Ai(1)-mm-zur-enchantress' Main phase, precombat
Land: Ai(1)-mm-zur-enchantress played Dromar's Cavern (53)
Add To Stack: Ai(1)-mm-zur-enchantress triggered Dromar's Cavern
Resolve Stack: When Dromar's Cavern enters, sacrifice it unless you return a non-Lair land you control to its owner's hand. [Zone Changer: Dromar's Cavern (53)]
Phase: Ai(1)-mm-zur-enchantress' Beginning of Combat Step
Phase: Ai(1)-mm-zur-enchantress' Declare Attackers Step
Phase: Ai(1)-mm-zur-enchantress' Declare Blockers Step
Phase: Ai(1)-mm-zur-enchantress' First Strike Damage Step
Phase: Ai(1)-mm-zur-enchantress' Combat Damage Step
Phase: Ai(1)-mm-zur-enchantress' End of Combat Step
Phase: Ai(1)-mm-zur-enchantress' Main phase, postcombat
Phase: Ai(1)-mm-zur-enchantress' End step
Phase: Ai(1)-mm-zur-enchantress' Cleanup step
Turn: Turn 6 (Ai(2)-mm-giada-angels)
Phase: Ai(2)-mm-giada-angels' Untap step
Phase: Ai(2)-mm-giada-angels' Upkeep step
Phase: Ai(2)-mm-giada-angels' Draw step
Phase: Ai(2)-mm-giada-angels' Main phase, precombat
Land: Ai(2)-mm-giada-angels played Plains (188)
Phase: Ai(2)-mm-giada-angels' Beginning of Combat Step
Phase: Ai(2)-mm-giada-angels' Declare Attackers Step
Phase: Ai(2)-mm-giada-angels' Declare Blockers Step
Phase: Ai(2)-mm-giada-angels' First Strike Damage Step
Phase: Ai(2)-mm-giada-angels' Combat Damage Step
Phase: Ai(2)-mm-giada-angels' End of Combat Step
Phase: Ai(2)-mm-giada-angels' Main phase, postcombat
Mana: Plains (187) - {T}: Add {W}.
Mana: Plains (188) - {T}: Add {W}.
Add To Stack: Ai(2)-mm-giada-angels cast Giada, Font of Hope
Resolve Stack: Giada, Font of Hope - Creature 2 / 2
Phase: Ai(2)-mm-giada-angels' End step
Phase: Ai(2)-mm-giada-angels' Cleanup step
Turn: Turn 7 (Ai(3)-mm-vito)
Phase: Ai(3)-mm-vito's Untap step
Phase: Ai(3)-mm-vito's Upkeep step
Phase: Ai(3)-mm-vito's Draw step
Phase: Ai(3)-mm-vito's Main phase, precombat
Land: Ai(3)-mm-vito played Swamp (259)
Phase: Ai(3)-mm-vito's Beginning of Combat Step
Phase: Ai(3)-mm-vito's Declare Attackers Step
Phase: Ai(3)-mm-vito's Declare Blockers Step
Phase: Ai(3)-mm-vito's First Strike Damage Step
Phase: Ai(3)-mm-vito's Combat Damage Step
Phase: Ai(3)-mm-vito's End of Combat Step
Phase: Ai(3)-mm-vito's Main phase, postcombat
Mana: Swamp (262) - {T}: Add {B}.
Mana: Swamp (259) - {T}: Add {B}.
Add To Stack: Ai(3)-mm-vito cast Blood Artist
Resolve Stack: Blood Artist - Creature 0 / 1
Phase: Ai(3)-mm-vito's End step
Phase: Ai(3)-mm-vito's Cleanup step
Turn: Turn 8 (Ai(4)-mm-baylen-tokens)
Phase: Ai(4)-mm-baylen-tokens' Untap step
Phase: Ai(4)-mm-baylen-tokens' Upkeep step
Phase: Ai(4)-mm-baylen-tokens' Draw step
Phase: Ai(4)-mm-baylen-tokens' Main phase, precombat
Land: Ai(4)-mm-baylen-tokens played Arid Mesa (336)
Life: Life: Ai(4)-mm-baylen-tokens 40 > 39
Zone Change: Arid Mesa (336) was put into Graveyard from Battlefield.
Add To Stack: Ai(4)-mm-baylen-tokens activated Arid Mesa
Replacement Effect: Cinder Glade enters tapped unless you control two or more basic lands.
Resolve Stack: Arid Mesa (336) - Ai(4)-mm-baylen-tokens searches their library for a Mountain or Plains card, puts it onto the battlefield, then shuffles.
Phase: Ai(4)-mm-baylen-tokens' Beginning of Combat Step
Phase: Ai(4)-mm-baylen-tokens' Declare Attackers Step
Phase: Ai(4)-mm-baylen-tokens' Declare Blockers Step
Phase: Ai(4)-mm-baylen-tokens' First Strike Damage Step
Phase: Ai(4)-mm-baylen-tokens' Combat Damage Step
Phase: Ai(4)-mm-baylen-tokens' End of Combat Step
Phase: Ai(4)-mm-baylen-tokens' Main phase, postcombat
Phase: Ai(4)-mm-baylen-tokens' End step
Phase: Ai(4)-mm-baylen-tokens' Cleanup step
Turn: Turn 9 (Ai(1)-mm-zur-enchantress)
Phase: Ai(1)-mm-zur-enchantress' Untap step
Phase: Ai(1)-mm-zur-enchantress' Upkeep step
Phase: Ai(1)-mm-zur-enchantress' Draw step
Phase: Ai(1)-mm-zur-enchantress' Main phase, precombat
Land: Ai(1)-mm-zur-enchantress played Plains (85)
Phase: Ai(1)-mm-zur-enchantress' Beginning of Combat Step
Phase: Ai(1)-mm-zur-enchantress' Declare Attackers Step
Phase: Ai(1)-mm-zur-enchantress' Declare Blockers Step
Phase: Ai(1)-mm-zur-enchantress' First Strike Damage Step
Phase: Ai(1)-mm-zur-enchantress' Combat Damage Step
Phase: Ai(1)-mm-zur-enchantress' End of Combat Step
Phase: Ai(1)-mm-zur-enchantress' Main phase, postcombat
Mana: Dromar's Cavern (53) - {T}: Add {W}, {U}, or {B}.
Mana: Plains (85) - {T}: Add {W}.
Add To Stack: Ai(1)-mm-zur-enchantress cast Black Mage's Rod
Resolve Stack: Black Mage's Rod
Add To Stack: Ai(1)-mm-zur-enchantress triggered Black Mage's Rod
Resolve Stack: Job select (When this Equipment enters, create a 1/1 colorless Hero creature token, then attach this to it.) [Zone Changer: Black Mage's Rod (70)]
Phase: Ai(1)-mm-zur-enchantress' End step
Phase: Ai(1)-mm-zur-enchantress' Cleanup step
Turn: Turn 10 (Ai(2)-mm-giada-angels)
Phase: Ai(2)-mm-giada-angels' Untap step
Phase: Ai(2)-mm-giada-angels' Upkeep step
Phase: Ai(2)-mm-giada-angels' Draw step
Phase: Ai(2)-mm-giada-angels' Main phase, precombat
Land: Ai(2)-mm-giada-angels played Plains (183)
Mana: Plains (187) - {T}: Add {W}.
Mana: Plains (188) - {T}: Add {W}.
Mana: Plains (183) - {T}: Add {W}.
Mana: Giada, Font of Hope (200) - {T}: Add {W}. Spend this mana only to cast an Angel spell.
Add To Stack: Ai(2)-mm-giada-angels cast Firemane Commando
Replacement Effect: Each other Angel you control enters with an additional +1/+1 counter on it for each Angel you already control.
Resolve Stack: Firemane Commando - Creature 4 / 3
Phase: Ai(2)-mm-giada-angels' Beginning of Combat Step
Phase: Ai(2)-mm-giada-angels' Declare Attackers Step
Phase: Ai(2)-mm-giada-angels' Declare Blockers Step
Phase: Ai(2)-mm-giada-angels' First Strike Damage Step
Phase: Ai(2)-mm-giada-angels' Combat Damage Step
Phase: Ai(2)-mm-giada-angels' End of Combat Step
Phase: Ai(2)-mm-giada-angels' Main phase, postcombat
Phase: Ai(2)-mm-giada-angels' End step
Phase: Ai(2)-mm-giada-angels' Cleanup step
Turn: Turn 11 (Ai(3)-mm-vito)
Phase: Ai(3)-mm-vito's Untap step
Phase: Ai(3)-mm-vito's Upkeep step
Phase: Ai(3)-mm-vito's Draw step
Phase: Ai(3)-mm-vito's Main phase, precombat
Land: Ai(3)-mm-vito played Swamp (252)
Mana: Swamp (262) - {T}: Add {B}.
Mana: Swamp (259) - {T}: Add {B}.
Mana: Swamp (252) - {T}: Add {B}.
Add To Stack: Ai(3)-mm-vito cast Vito, Thorn of the Dusk Rose
Resolve Stack: Vito, Thorn of the Dusk Rose - Creature 1 / 3
Phase: Ai(3)-mm-vito's Beginning of Combat Step
Phase: Ai(3)-mm-vito's Declare Attackers Step
Phase: Ai(3)-mm-vito's Declare Blockers Step
Phase: Ai(3)-mm-vito's First Strike Damage Step
Phase: Ai(3)-mm-vito's Combat Damage Step
Phase: Ai(3)-mm-vito's End of Combat Step
Phase: Ai(3)-mm-vito's Main phase, postcombat
Phase: Ai(3)-mm-vito's End step
Phase: Ai(3)-mm-vito's Cleanup step
Turn: Turn 12 (Ai(4)-mm-baylen-tokens)
Phase: Ai(4)-mm-baylen-tokens' Untap step
Phase: Ai(4)-mm-baylen-tokens' Upkeep step
Phase: Ai(4)-mm-baylen-tokens' Draw step
Phase: Ai(4)-mm-baylen-tokens' Main phase, precombat
Mana: Cinder Glade (313) - {T}: Add {G}.
Mana: Plains (388) - {T}: Add {W}.
Add To Stack: Ai(4)-mm-baylen-tokens cast Three Visits
Replacement Effect: Canopy Vista enters tapped unless you control two or more basic lands.
Resolve Stack: Three Visits (332) - Ai(4)-mm-baylen-tokens searches their library for a Forest card, puts it onto the battlefield, then shuffles.
Phase: Ai(4)-mm-baylen-tokens' Beginning of Combat Step
Phase: Ai(4)-mm-baylen-tokens' Declare Attackers Step
Phase: Ai(4)-mm-baylen-tokens' Declare Blockers Step
Phase: Ai(4)-mm-baylen-tokens' First Strike Damage Step
Phase: Ai(4)-mm-baylen-tokens' Combat Damage Step
Phase: Ai(4)-mm-baylen-tokens' End of Combat Step
Phase: Ai(4)-mm-baylen-tokens' Main phase, postcombat
Phase: Ai(4)-mm-baylen-tokens' End step
Phase: Ai(4)-mm-baylen-tokens' Cleanup step
Turn: Turn 13 (Ai(1)-mm-zur-enchantress)
Phase: Ai(1)-mm-zur-enchantress' Untap step
Phase: Ai(1)-mm-zur-enchantress' Upkeep step
Phase: Ai(1)-mm-zur-enchantress' Draw step
Phase: Ai(1)-mm-zur-enchantress' Main phase, precombat
Land: Ai(1)-mm-zur-enchantress played Swamp (56)
Mana: Plains (85) - {T}: Add {W}.
Mana: Swamp (56) - {T}: Add {B}.
Mana: Dromar's Cavern (53) - {T}: Add {W}, {U}, or {B}.
Add To Stack: Ai(1)-mm-zur-enchantress cast Strata Scythe
Add To Stack: Ai(1)-mm-zur-enchantress triggered Hero Token
Damage: Hero Token (413) deals 1 non-combat damage to Ai(2)-mm-giada-angels.
Damage: Hero Token (413) deals 1 non-combat damage to Ai(3)-mm-vito.
Damage: Hero Token (413) deals 1 non-combat damage to Ai(4)-mm-baylen-tokens.
Life: Life: Ai(2)-mm-giada-angels 40 > 39
Life: Life: Ai(3)-mm-vito 40 > 39
Life: Life: Ai(4)-mm-baylen-tokens 39 > 38
Resolve Stack: Whenever you cast a noncreature spell, this creature deals 1 damage to each opponent. [Card: Strata Scythe (19), Activator: Ai(1)-mm-zur-enchantress, SpellAbility: Strata Scythe]
Resolve Stack: Strata Scythe
Add To Stack: Ai(1)-mm-zur-enchantress triggered Strata Scythe
Resolve Stack: Imprint — When Strata Scythe enters, search your library for a land card, exile it, then shuffle. [Zone Changer: Strata Scythe (19)]
Phase: Ai(1)-mm-zur-enchantress' Beginning of Combat Step
Phase: Ai(1)-mm-zur-enchantress' Declare Attackers Step
Phase: Ai(1)-mm-zur-enchantress' Declare Blockers Step
Phase: Ai(1)-mm-zur-enchantress' First Strike Damage Step
Phase: Ai(1)-mm-zur-enchantress' Combat Damage Step
Phase: Ai(1)-mm-zur-enchantress' End of Combat Step
Phase: Ai(1)-mm-zur-enchantress' Main phase, postcombat
Phase: Ai(1)-mm-zur-enchantress' End step
Phase: Ai(1)-mm-zur-enchantress' Cleanup step
Turn: Turn 14 (Ai(2)-mm-giada-angels)
Phase: Ai(2)-mm-giada-angels' Untap step
Phase: Ai(2)-mm-giada-angels' Upkeep step
Phase: Ai(2)-mm-giada-angels' Draw step
Phase: Ai(2)-mm-giada-angels' Main phase, precombat
Land: Ai(2)-mm-giada-angels played Plains (181)
Phase: Ai(2)-mm-giada-angels' Beginning of Combat Step
Phase: Ai(2)-mm-giada-angels' Declare Attackers Step
Combat: Ai(2)-mm-giada-angels assigned Firemane Commando (116) and Giada, Font of Hope (200) to attack Ai(1)-mm-zur-enchantress.
Add To Stack: Ai(2)-mm-giada-angels triggered Firemane Commando
Resolve Stack: Whenever you attack with two or more creatures, draw a card. [Number Attackers: [Firemane Commando (116), Giada, Font of Hope (200)]]
Phase: Ai(2)-mm-giada-angels' Declare Blockers Step
Combat: Ai(1)-mm-zur-enchantress didn't block Firemane Commando (116).
Ai(1)-mm-zur-enchantress didn't block Giada, Font of Hope (200).
Phase: Ai(2)-mm-giada-angels' First Strike Damage Step
Phase: Ai(2)-mm-giada-angels' Combat Damage Step
Damage: Firemane Commando (116) deals 5 combat damage to Ai(1)-mm-zur-enchantress.
Damage: Giada, Font of Hope (200) deals 2 combat damage to Ai(1)-mm-zur-enchantress.
Life: Life: Ai(1)-mm-zur-enchantress 40 > 33
Phase: Ai(2)-mm-giada-angels' End of Combat Step
Phase: Ai(2)-mm-giada-angels' Main phase, postcombat
Mana: Plains (187) - {T}: Add {W}.
Mana: Plains (188) - {T}: Add {W}.
Mana: Plains (183) - {T}: Add {W}.
Mana: Plains (181) - {T}: Add {W}.
Mana: Giada, Font of Hope (200) - {T}: Add {W}. Spend this mana only to cast an Angel spell.
Add To Stack: Ai(2)-mm-giada-angels cast Herald of War
Replacement Effect: Each other Angel you control enters with an additional +1/+1 counter on it for each Angel you already control.
Resolve Stack: Herald of War - Creature 3 / 3
Phase: Ai(2)-mm-giada-angels' End step
Phase: Ai(2)-mm-giada-angels' Cleanup step
Turn: Turn 15 (Ai(3)-mm-vito)
Phase: Ai(3)-mm-vito's Untap step
Phase: Ai(3)-mm-vito's Upkeep step
Phase: Ai(3)-mm-vito's Draw step
Phase: Ai(3)-mm-vito's Main phase, precombat
Land: Ai(3)-mm-vito played Cabal Coffers (202)
Phase: Ai(3)-mm-vito's Beginning of Combat Step
Phase: Ai(3)-mm-vito's Declare Attackers Step
Phase: Ai(3)-mm-vito's Declare Blockers Step
Phase: Ai(3)-mm-vito's First Strike Damage Step
Phase: Ai(3)-mm-vito's Combat Damage Step
Phase: Ai(3)-mm-vito's End of Combat Step
Phase: Ai(3)-mm-vito's Main phase, postcombat
Mana: Swamp (262) - {T}: Add {B}.
Mana: Swamp (259) - {T}: Add {B}.
Add To Stack: Ai(3)-mm-vito cast Jet Medallion
Resolve Stack: Jet Medallion
Mana: Swamp (252) - {T}: Add {B}.
Add To Stack: Ai(3)-mm-vito cast Vampire of the Dire Moon
Resolve Stack: Vampire of the Dire Moon - Creature 1 / 1
Phase: Ai(3)-mm-vito's End step
Phase: Ai(3)-mm-vito's Cleanup step
Turn: Turn 16 (Ai(4)-mm-baylen-tokens)
Phase: Ai(4)-mm-baylen-tokens' Untap step
Phase: Ai(4)-mm-baylen-tokens' Upkeep step
Phase: Ai(4)-mm-baylen-tokens' Draw step
Phase: Ai(4)-mm-baylen-tokens' Main phase, precombat
Phase: Ai(4)-mm-baylen-tokens' Beginning of Combat Step
Phase: Ai(4)-mm-baylen-tokens' Declare Attackers Step
Phase: Ai(4)-mm-baylen-tokens' Declare Blockers Step
Phase: Ai(4)-mm-baylen-tokens' First Strike Damage Step
Phase: Ai(4)-mm-baylen-tokens' Combat Damage Step
Phase: Ai(4)-mm-baylen-tokens' End of Combat Step
Phase: Ai(4)-mm-baylen-tokens' Main phase, postcombat
Mana: Cinder Glade (313) - {T}: Add {R}.
Mana: Canopy Vista (370) - {T}: Add {G}.
Mana: Plains (388) - {T}: Add {W}.
Add To Stack: Ai(4)-mm-baylen-tokens cast Baylen, the Haymaker
Resolve Stack: Baylen, the Haymaker - Creature 4 / 3
Phase: Ai(4)-mm-baylen-tokens' End step
Phase: Ai(4)-mm-baylen-tokens' Cleanup step
Discard: Ai(4)-mm-baylen-tokens discards Dazzling Theater // Prop Room (311).
Turn: Turn 17 (Ai(1)-mm-zur-enchantress)
Phase: Ai(1)-mm-zur-enchantress' Untap step
Phase: Ai(1)-mm-zur-enchantress' Upkeep step
Phase: Ai(1)-mm-zur-enchantress' Draw step
Phase: Ai(1)-mm-zur-enchantress' Main phase, precombat
Land: Ai(1)-mm-zur-enchantress played Plains (88)
Mana: Dromar's Cavern (53) - {T}: Add {W}, {U}, or {B}.
Mana: Plains (85) - {T}: Add {W}.
Mana: Plains (88) - {T}: Add {W}.
Mana: Swamp (56) - {T}: Add {B}.
Add To Stack: Ai(1)-mm-zur-enchantress cast Faerie Harbinger
Resolve Stack: Faerie Harbinger - Creature 2 / 2
Add To Stack: Ai(1)-mm-zur-enchantress triggered Faerie Harbinger
Resolve Stack: When Faerie Harbinger enters, you may search your library for a Faerie card, reveal it, then shuffle and put that card on top. [Zone Changer: Faerie Harbinger (38)]
Phase: Ai(1)-mm-zur-enchantress' Beginning of Combat Step
Phase: Ai(1)-mm-zur-enchantress' Declare Attackers Step
Phase: Ai(1)-mm-zur-enchantress' Declare Blockers Step
Phase: Ai(1)-mm-zur-enchantress' First Strike Damage Step
Phase: Ai(1)-mm-zur-enchantress' Combat Damage Step
Phase: Ai(1)-mm-zur-enchantress' End of Combat Step
Phase: Ai(1)-mm-zur-enchantress' Main phase, postcombat
Phase: Ai(1)-mm-zur-enchantress' End step
Phase: Ai(1)-mm-zur-enchantress' Cleanup step
Turn: Turn 18 (Ai(2)-mm-giada-angels)
Phase: Ai(2)-mm-giada-angels' Untap step
Phase: Ai(2)-mm-giada-angels' Upkeep step
Phase: Ai(2)-mm-giada-angels' Draw step
Phase: Ai(2)-mm-giada-angels' Main phase, precombat
Land: Ai(2)-mm-giada-angels played Nykthos, Shrine to Nyx (131)
Phase: Ai(2)-mm-giada-angels' Beginning of Combat Step
Phase: Ai(2)-mm-giada-angels' Declare Attackers Step
Combat: Ai(2)-mm-giada-angels assigned Herald of War (140), Firemane Commando (116) and Giada, Font of Hope (200) to attack Ai(1)-mm-zur-enchantress.
Add To Stack: Ai(2)-mm-giada-angels triggered Firemane Commando
Add To Stack: Ai(2)-mm-giada-angels triggered Herald of War
Resolve Stack: Whenever Herald of War attacks, put a +1/+1 counter on it. [Attacker: Herald of War (140)]
Resolve Stack: Whenever you attack with two or more creatures, draw a card. [Number Attackers: [Herald of War (140), Firemane Commando (116), Giada, Font of Hope (200)]]
Phase: Ai(2)-mm-giada-angels' Declare Blockers Step
Combat: Ai(1)-mm-zur-enchantress didn't block Herald of War (140).
Ai(1)-mm-zur-enchantress didn't block Firemane Commando (116).
Ai(1)-mm-zur-enchantress assigned Faerie Harbinger (38) to block Giada, Font of Hope (200).
Phase: Ai(2)-mm-giada-angels' First Strike Damage Step
Phase: Ai(2)-mm-giada-angels' Combat Damage Step
Damage: Herald of War (140) deals 6 combat damage to Ai(1)-mm-zur-enchantress.
Damage: Firemane Commando (116) deals 5 combat damage to Ai(1)-mm-zur-enchantress.
Damage: Giada, Font of Hope (200) deals 2 damage to Faerie Harbinger (38).
Damage: Faerie Harbinger (38) deals 2 damage to Giada, Font of Hope (200).
Life: Life: Ai(1)-mm-zur-enchantress 33 > 22
Zone Change: Giada, Font of Hope (200) was put into Graveyard from Battlefield.
Zone Change: Faerie Harbinger (38) was put into Graveyard from Battlefield.
Add To Stack: Ai(3)-mm-vito triggered Blood Artist targeting [Ai(4)-mm-baylen-tokens]
Add To Stack: Ai(3)-mm-vito triggered Blood Artist targeting [Ai(4)-mm-baylen-tokens]
Life: Life: Ai(4)-mm-baylen-tokens 38 > 37
Life: Life: Ai(3)-mm-vito 39 > 40
Resolve Stack: Whenever Blood Artist or another creature dies, target player loses 1 life and you gain 1 life. (Targeting: [[Ai(4)-mm-baylen-tokens]]) [Zone Changer: Faerie Harbinger (38)]
Add To Stack: Ai(3)-mm-vito triggered Vito, Thorn of the Dusk Rose targeting [Ai(4)-mm-baylen-tokens]
Life: Life: Ai(4)-mm-baylen-tokens 37 > 36
Resolve Stack: Whenever you gain life, target opponent loses that much life. (Targeting: [[Ai(4)-mm-baylen-tokens]]) [Player: Ai(3)-mm-vito, Gained Amount: 1]
Life: Life: Ai(4)-mm-baylen-tokens 36 > 35
Life: Life: Ai(3)-mm-vito 40 > 41
Resolve Stack: Whenever Blood Artist or another creature dies, target player loses 1 life and you gain 1 life. (Targeting: [[Ai(4)-mm-baylen-tokens]]) [Zone Changer: Giada, Font of Hope (200)]
Add To Stack: Ai(3)-mm-vito triggered Vito, Thorn of the Dusk Rose targeting [Ai(4)-mm-baylen-tokens]
Life: Life: Ai(4)-mm-baylen-tokens 35 > 34
Resolve Stack: Whenever you gain life, target opponent loses that much life. (Targeting: [[Ai(4)-mm-baylen-tokens]]) [Player: Ai(3)-mm-vito, Gained Amount: 1]
Phase: Ai(2)-mm-giada-angels' End of Combat Step
Phase: Ai(2)-mm-giada-angels' Main phase, postcombat
Mana: Plains (187) - {T}: Add {W}.
Add To Stack: Ai(2)-mm-giada-angels cast Giada, Font of Hope
Resolve Stack: Giada, Font of Hope - Creature 2 / 2
Mana: Plains (188) - {T}: Add {W}.
Add To Stack: Ai(2)-mm-giada-angels cast Metropolis Reformer
Replacement Effect: Each other Angel you control enters with an additional +1/+1 counter on it for each Angel you already control.
Resolve Stack: Metropolis Reformer - Creature 2 / 3
Mana: Plains (183) - {T}: Add {W}.
Mana: Plains (181) - {T}: Add {W}.
Mana: Nykthos, Shrine to Nyx (131) - {T}: Add {C}.
Add To Stack: Ai(2)-mm-giada-angels cast Oketra's Monument
Resolve Stack: Oketra's Monument
Phase: Ai(2)-mm-giada-angels' End step
Phase: Ai(2)-mm-giada-angels' Cleanup step
Turn: Turn 19 (Ai(3)-mm-vito)
Phase: Ai(3)-mm-vito's Untap step
Phase: Ai(3)-mm-vito's Upkeep step
Phase: Ai(3)-mm-vito's Draw step
Phase: Ai(3)-mm-vito's Main phase, precombat
Mana: Swamp (262) - {T}: Add {B}.
Mana: Swamp (259) - {T}: Add {B}.
Mana: Swamp (252) - {T}: Add {B}.
Add To Stack: Ai(3)-mm-vito cast Crypt Ghast
Resolve Stack: Crypt Ghast - Creature 2 / 2
Phase: Ai(3)-mm-vito's Beginning of Combat Step
Phase: Ai(3)-mm-vito's Declare Attackers Step
Phase: Ai(3)-mm-vito's Declare Blockers Step
Phase: Ai(3)-mm-vito's First Strike Damage Step
Phase: Ai(3)-mm-vito's Combat Damage Step
Phase: Ai(3)-mm-vito's End of Combat Step
Phase: Ai(3)-mm-vito's Main phase, postcombat
Phase: Ai(3)-mm-vito's End step
Phase: Ai(3)-mm-vito's Cleanup step
Turn: Turn 20 (Ai(4)-mm-baylen-tokens)
Phase: Ai(4)-mm-baylen-tokens' Untap step
Phase: Ai(4)-mm-baylen-tokens' Upkeep step
Phase: Ai(4)-mm-baylen-tokens' Draw step
Phase: Ai(4)-mm-baylen-tokens' Main phase, precombat
Mana: Plains (388) - {T}: Add {W}.
Mana: Cinder Glade (313) - {T}: Add {G}.
Add To Stack: Ai(4)-mm-baylen-tokens cast Hare Apparent
Resolve Stack: Hare Apparent - Creature 2 / 2
Add To Stack: Ai(4)-mm-baylen-tokens triggered Hare Apparent
Resolve Stack: When this creature enters, create a number of 1/1 white Rabbit creature tokens equal to the number of other creatures you control named Hare Apparent. [Zone Changer: Hare Apparent (343)]
Phase: Ai(4)-mm-baylen-tokens' Beginning of Combat Step
Phase: Ai(4)-mm-baylen-tokens' Declare Attackers Step
Phase: Ai(4)-mm-baylen-tokens' Declare Blockers Step
Phase: Ai(4)-mm-baylen-tokens' First Strike Damage Step
Phase: Ai(4)-mm-baylen-tokens' Combat Damage Step
Phase: Ai(4)-mm-baylen-tokens' End of Combat Step
Phase: Ai(4)-mm-baylen-tokens' Main phase, postcombat
Phase: Ai(4)-mm-baylen-tokens' End step
Phase: Ai(4)-mm-baylen-tokens' Cleanup step
Turn: Turn 21 (Ai(1)-mm-zur-enchantress)
Phase: Ai(1)-mm-zur-enchantress' Untap step
Phase: Ai(1)-mm-zur-enchantress' Upkeep step
Phase: Ai(1)-mm-zur-enchantress' Draw step
Phase: Ai(1)-mm-zur-enchantress' Main phase, precombat
Land: Ai(1)-mm-zur-enchantress played Wizards' School (45)
Mana: Plains (85) - {T}: Add {W}.
Mana: Plains (88) - {T}: Add {W}.
Mana: Swamp (56) - {T}: Add {B}.
Add To Stack: Ai(1)-mm-zur-enchantress activated Strata Scythe targeting [Hero Token (413)]
Resolve Stack: Strata Scythe (19) -  Attach to Hero Token (413)
Mana: Dromar's Cavern (53) - {T}: Add {W}, {U}, or {B}.
Mana: Wizards' School (45) - {T}: Add {C}.
Add To Stack: Ai(1)-mm-zur-enchantress cast Trailblazer's Boots
Add To Stack: Ai(1)-mm-zur-enchantress triggered Hero Token
Damage: Hero Token (413) deals 1 non-combat damage to Ai(2)-mm-giada-angels.
Damage: Hero Token (413) deals 1 non-combat damage to Ai(3)-mm-vito.
Damage: Hero Token (413) deals 1 non-combat damage to Ai(4)-mm-baylen-tokens.
Life: Life: Ai(2)-mm-giada-angels 39 > 38
Life: Life: Ai(3)-mm-vito 41 > 40
Life: Life: Ai(4)-mm-baylen-tokens 34 > 33
Resolve Stack: Whenever you cast a noncreature spell, this creature deals 1 damage to each opponent. [Card: Trailblazer's Boots (98), Activator: Ai(1)-mm-zur-enchantress, SpellAbility: Trailblazer's Boots]
Resolve Stack: Trailblazer's Boots
Phase: Ai(1)-mm-zur-enchantress' Beginning of Combat Step
Phase: Ai(1)-mm-zur-enchantress' Declare Attackers Step
Phase: Ai(1)-mm-zur-enchantress' Declare Blockers Step
Phase: Ai(1)-mm-zur-enchantress' First Strike Damage Step
Phase: Ai(1)-mm-zur-enchantress' Combat Damage Step
Phase: Ai(1)-mm-zur-enchantress' End of Combat Step
Phase: Ai(1)-mm-zur-enchantress' Main phase, postcombat
Phase: Ai(1)-mm-zur-enchantress' End step
Phase: Ai(1)-mm-zur-enchantress' Cleanup step
Turn: Turn 22 (Ai(2)-mm-giada-angels)
Phase: Ai(2)-mm-giada-angels' Untap step
Phase: Ai(2)-mm-giada-angels' Upkeep step
Phase: Ai(2)-mm-giada-angels' Draw step
Phase: Ai(2)-mm-giada-angels' Main phase, precombat
Land: Ai(2)-mm-giada-angels played Plains (186)
Phase: Ai(2)-mm-giada-angels' Beginning of Combat Step
Phase: Ai(2)-mm-giada-angels' Declare Attackers Step
Combat: Ai(2)-mm-giada-angels assigned Herald of War (140), Firemane Commando (116), Metropolis Reformer (126) and Giada, Font of Hope (200) to attack Ai(3)-mm-vito.
Add To Stack: Ai(2)-mm-giada-angels triggered Firemane Commando
Add To Stack: Ai(2)-mm-giada-angels triggered Herald of War
Resolve Stack: Whenever Herald of War attacks, put a +1/+1 counter on it. [Attacker: Herald of War (140)]
Resolve Stack: Whenever you attack with two or more creatures, draw a card. [Number Attackers: [Herald of War (140), Firemane Commando (116), Metropolis Reformer (126), Giada, Font of Hope (200)]]
Phase: Ai(2)-mm-giada-angels' Declare Blockers Step
Combat: Ai(3)-mm-vito didn't block Herald of War (140).
Ai(3)-mm-vito didn't block Firemane Commando (116).
Ai(3)-mm-vito didn't block Metropolis Reformer (126).
Ai(3)-mm-vito didn't block Giada, Font of Hope (200).
Phase: Ai(2)-mm-giada-angels' First Strike Damage Step
Phase: Ai(2)-mm-giada-angels' Combat Damage Step
Damage: Herald of War (140) deals 7 combat damage to Ai(3)-mm-vito.
Damage: Firemane Commando (116) deals 5 combat damage to Ai(3)-mm-vito.
Damage: Metropolis Reformer (126) deals 5 combat damage to Ai(3)-mm-vito.
Damage: Giada, Font of Hope (200) deals 2 combat damage to Ai(3)-mm-vito.
Life: Life: Ai(3)-mm-vito 40 > 21
Phase: Ai(2)-mm-giada-angels' End of Combat Step
Phase: Ai(2)-mm-giada-angels' Main phase, postcombat
Mana: Plains (187) - {T}: Add {W}.
Mana: Plains (188) - {T}: Add {W}.
Add To Stack: Ai(2)-mm-giada-angels cast Bishop of Wings
Add To Stack: Ai(2)-mm-giada-angels triggered Oketra's Monument
Resolve Stack: Whenever you cast a creature spell, create a 1/1 white Warrior creature token with vigilance. [Card: Bishop of Wings (105), Activator: Ai(2)-mm-giada-angels, SpellAbility: Bishop of Wings - Creature 1 / 4]
Resolve Stack: Bishop of Wings - Creature 1 / 4
Mana: Plains (183) - {T}: Add {W}.
Add To Stack: Ai(2)-mm-giada-angels cast Youthful Valkyrie
Add To Stack: Ai(2)-mm-giada-angels triggered Oketra's Monument
Resolve Stack: Whenever you cast a creature spell, create a 1/1 white Warrior creature token with vigilance. [Card: Youthful Valkyrie (143), Activator: Ai(2)-mm-giada-angels, SpellAbility: Youthful Valkyrie - Creature 1 / 3]
Replacement Effect: Each other Angel you control enters with an additional +1/+1 counter on it for each Angel you already control.
Resolve Stack: Youthful Valkyrie - Creature 1 / 3
Add To Stack: Ai(2)-mm-giada-angels triggered Bishop of Wings
Life: Life: Ai(2)-mm-giada-angels 38 > 42
Resolve Stack: Whenever an Angel you control enters, you gain 4 life. [Zone Changer: Youthful Valkyrie (143)]
Mana: Plains (181) - {T}: Add {W}.
Mana: Plains (186) - {T}: Add {W}.
Mana: Nykthos, Shrine to Nyx (131) - {T}: Add {C}.
Add To Stack: Ai(2)-mm-giada-angels cast Archaeomancer's Map
Resolve Stack: Archaeomancer's Map
Add To Stack: Ai(2)-mm-giada-angels triggered Archaeomancer's Map
Resolve Stack: When Archaeomancer's Map enters, search your library for up to two basic Plains cards, reveal them, put them into your hand, then shuffle. [Zone Changer: Archaeomancer's Map (155)]
Phase: Ai(2)-mm-giada-angels' End step
Phase: Ai(2)-mm-giada-angels' Cleanup step
Turn: Turn 23 (Ai(3)-mm-vito)
Phase: Ai(3)-mm-vito's Untap step
Phase: Ai(3)-mm-vito's Upkeep step
Phase: Ai(3)-mm-vito's Draw step
Phase: Ai(3)-mm-vito's Main phase, precombat
Phase: Ai(3)-mm-vito's Beginning of Combat Step
Phase: Ai(3)-mm-vito's Declare Attackers Step
Phase: Ai(3)-mm-vito's Declare Blockers Step
Phase: Ai(3)-mm-vito's First Strike Damage Step
Phase: Ai(3)-mm-vito's Combat Damage Step
Phase: Ai(3)-mm-vito's End of Combat Step
Phase: Ai(3)-mm-vito's Main phase, postcombat
Mana: Swamp (262) - {T}: Add {B}.
Mana: Swamp (259) - {T}: Add {B}.
Mana: Swamp (252) - {T}: Add {B}.
Add To Stack: Ai(3)-mm-vito cast Defiant Bloodlord
Add To Stack: Ai(3)-mm-vito triggered Crypt Ghast
Resolve Stack: Extort (Whenever you cast a spell, you may pay {W/B}. If you do, each opponent loses 1 life and you gain that much life.) [Card: Defiant Bloodlord (221), Activator: Ai(3)-mm-vito, SpellAbility: Defiant Bloodlord - Creature 4 / 5]
Resolve Stack: Defiant Bloodlord - Creature 4 / 5
Phase: Ai(3)-mm-vito's End step
Phase: Ai(3)-mm-vito's Cleanup step
Turn: Turn 24 (Ai(4)-mm-baylen-tokens)
Phase: Ai(4)-mm-baylen-tokens' Untap step
Phase: Ai(4)-mm-baylen-tokens' Upkeep step
Phase: Ai(4)-mm-baylen-tokens' Draw step
Phase: Ai(4)-mm-baylen-tokens' Main phase, precombat
Land: Ai(4)-mm-baylen-tokens played Plains (389)
Mana: Plains (388) - {T}: Add {W}.
Mana: Plains (389) - {T}: Add {W}.
Add To Stack: Ai(4)-mm-baylen-tokens cast Hare Apparent
Resolve Stack: Hare Apparent - Creature 2 / 2
Add To Stack: Ai(4)-mm-baylen-tokens triggered Hare Apparent
Resolve Stack: When this creature enters, create a number of 1/1 white Rabbit creature tokens equal to the number of other creatures you control named Hare Apparent. [Zone Changer: Hare Apparent (357)]
Mana: Cinder Glade (313) - {T}: Add {G}.
Add To Stack: Ai(4)-mm-baylen-tokens cast For the Common Good targeting [Rabbit Token (433)]
Life: Life: Ai(4)-mm-baylen-tokens 33 > 34
Resolve Stack: For the Common Good (395) - Ai(4)-mm-baylen-tokens creates zero tokens that are copies of Rabbit Token (433).  Ai(4)-mm-baylen-tokens gains 1 life. (X=0)
Phase: Ai(4)-mm-baylen-tokens' Beginning of Combat Step
Phase: Ai(4)-mm-baylen-tokens' Declare Attackers Step
Phase: Ai(4)-mm-baylen-tokens' Declare Blockers Step
Phase: Ai(4)-mm-baylen-tokens' First Strike Damage Step
Phase: Ai(4)-mm-baylen-tokens' Combat Damage Step
Phase: Ai(4)-mm-baylen-tokens' End of Combat Step
Phase: Ai(4)-mm-baylen-tokens' Main phase, postcombat
Phase: Ai(4)-mm-baylen-tokens' End step
Phase: Ai(4)-mm-baylen-tokens' Cleanup step
Turn: Turn 25 (Ai(1)-mm-zur-enchantress)
Phase: Ai(1)-mm-zur-enchantress' Untap step
Phase: Ai(1)-mm-zur-enchantress' Upkeep step
Phase: Ai(1)-mm-zur-enchantress' Draw step
Mana: Plains (85) - {T}: Add {W}.
Mana: Plains (88) - {T}: Add {W}.
Mana: Swamp (56) - {T}: Add {B}.
Mana: Dromar's Cavern (53) - {T}: Add {W}, {U}, or {B}.
Add To Stack: Ai(1)-mm-zur-enchantress activated Talon Gates of Madara
Resolve Stack: Talon Gates of Madara (4) - Ai(1)-mm-zur-enchantress puts Talon Gates of Madara (4) from their hand onto the battlefield.
Add To Stack: Ai(1)-mm-zur-enchantress triggered Talon Gates of Madara targeting []
Resolve Stack: When Talon Gates of Madara enters, up to one target creature phases out. (Targeting: [[]]) [Zone Changer: Talon Gates of Madara (4)]
Phase: Ai(1)-mm-zur-enchantress' Main phase, precombat
Mana: Talon Gates of Madara (4) - {T}: Add {C}.
Mana: Wizards' School (45) - {T}: Add {C}.
Add To Stack: Ai(1)-mm-zur-enchantress activated Trailblazer's Boots targeting [Hero Token (413)]
Resolve Stack: Trailblazer's Boots (98) -  Attach to Hero Token (413)
Phase: Ai(1)-mm-zur-enchantress' Beginning of Combat Step
Phase: Ai(1)-mm-zur-enchantress' Declare Attackers Step
Phase: Ai(1)-mm-zur-enchantress' Declare Blockers Step
Phase: Ai(1)-mm-zur-enchantress' First Strike Damage Step
Phase: Ai(1)-mm-zur-enchantress' Combat Damage Step
Phase: Ai(1)-mm-zur-enchantress' End of Combat Step
Phase: Ai(1)-mm-zur-enchantress' Main phase, postcombat
Phase: Ai(1)-mm-zur-enchantress' End step
Phase: Ai(1)-mm-zur-enchantress' Cleanup step
Turn: Turn 26 (Ai(2)-mm-giada-angels)
Phase: Ai(2)-mm-giada-angels' Untap step
Phase: Ai(2)-mm-giada-angels' Upkeep step
Phase: Ai(2)-mm-giada-angels' Draw step
Phase: Ai(2)-mm-giada-angels' Main phase, precombat
Land: Ai(2)-mm-giada-angels played Plains (173)
Phase: Ai(2)-mm-giada-angels' Beginning of Combat Step
Phase: Ai(2)-mm-giada-angels' Declare Attackers Step
Combat: Ai(2)-mm-giada-angels assigned Herald of War (140), Firemane Commando (116), Youthful Valkyrie (143) and Metropolis Reformer (126) to attack Ai(3)-mm-vito.
Add To Stack: Ai(2)-mm-giada-angels triggered Firemane Commando
Add To Stack: Ai(2)-mm-giada-angels triggered Herald of War
Resolve Stack: Whenever Herald of War attacks, put a +1/+1 counter on it. [Attacker: Herald of War (140)]
Resolve Stack: Whenever you attack with two or more creatures, draw a card. [Number Attackers: [Herald of War (140), Firemane Commando (116), Youthful Valkyrie (143), Metropolis Reformer (126)]]
Phase: Ai(2)-mm-giada-angels' Declare Blockers Step
Combat: Ai(3)-mm-vito didn't block Herald of War (140).
Ai(3)-mm-vito assigned Defiant Bloodlord (221) to block Firemane Commando (116).
Ai(3)-mm-vito didn't block Youthful Valkyrie (143).
Ai(3)-mm-vito didn't block Metropolis Reformer (126).
Phase: Ai(2)-mm-giada-angels' First Strike Damage Step
Phase: Ai(2)-mm-giada-angels' Combat Damage Step
Damage: Herald of War (140) deals 8 combat damage to Ai(3)-mm-vito.
Damage: Firemane Commando (116) deals 5 damage to Defiant Bloodlord (221).
Damage: Youthful Valkyrie (143) deals 5 combat damage to Ai(3)-mm-vito.
Damage: Metropolis Reformer (126) deals 5 combat damage to Ai(3)-mm-vito.
Damage: Defiant Bloodlord (221) deals 4 damage to Firemane Commando (116).
Life: Life: Ai(3)-mm-vito 21 > 3
Zone Change: Firemane Commando (116) was put into Graveyard from Battlefield.
Zone Change: Defiant Bloodlord (221) was put into Graveyard from Battlefield.
Add To Stack: Ai(2)-mm-giada-angels triggered Bishop of Wings
Add To Stack: Ai(3)-mm-vito triggered Blood Artist targeting [Ai(4)-mm-baylen-tokens]
Add To Stack: Ai(3)-mm-vito triggered Blood Artist targeting [Ai(4)-mm-baylen-tokens]
Life: Life: Ai(4)-mm-baylen-tokens 34 > 33
Life: Life: Ai(3)-mm-vito 3 > 4
Resolve Stack: Whenever Blood Artist or another creature dies, target player loses 1 life and you gain 1 life. (Targeting: [[Ai(4)-mm-baylen-tokens]]) [Zone Changer: Defiant Bloodlord (221)]
Add To Stack: Ai(3)-mm-vito triggered Vito, Thorn of the Dusk Rose targeting [Ai(4)-mm-baylen-tokens]
Life: Life: Ai(4)-mm-baylen-tokens 33 > 32
Resolve Stack: Whenever you gain life, target opponent loses that much life. (Targeting: [[Ai(4)-mm-baylen-tokens]]) [Player: Ai(3)-mm-vito, Gained Amount: 1]
Life: Life: Ai(4)-mm-baylen-tokens 32 > 31
Life: Life: Ai(3)-mm-vito 4 > 5
Resolve Stack: Whenever Blood Artist or another creature dies, target player loses 1 life and you gain 1 life. (Targeting: [[Ai(4)-mm-baylen-tokens]]) [Zone Changer: Firemane Commando (116)]
Add To Stack: Ai(3)-mm-vito triggered Vito, Thorn of the Dusk Rose targeting [Ai(4)-mm-baylen-tokens]
Life: Life: Ai(4)-mm-baylen-tokens 31 > 30
Resolve Stack: Whenever you gain life, target opponent loses that much life. (Targeting: [[Ai(4)-mm-baylen-tokens]]) [Player: Ai(3)-mm-vito, Gained Amount: 1]
Resolve Stack: Whenever an Angel you control dies, create a 1/1 white Spirit creature token with flying. [Zone Changer: Firemane Commando (116)]
Phase: Ai(2)-mm-giada-angels' End of Combat Step
Phase: Ai(2)-mm-giada-angels' Main phase, postcombat
Mana: Plains (187) - {T}: Add {W}.
Mana: Plains (188) - {T}: Add {W}.
Mana: Plains (183) - {T}: Add {W}.
Mana: Plains (181) - {T}: Add {W}.
Add To Stack: Ai(2)-mm-giada-angels cast Smothering Tithe
Resolve Stack: Smothering Tithe
Mana: Plains (186) - {T}: Add {W}.
Mana: Plains (173) - {T}: Add {W}.
Mana: Nykthos, Shrine to Nyx (131) - {2}, {T}: Choose a color. Add an amount of mana of that color equal to your devotion to that color. (Your devotion to a color is the number of mana symbols of that color in the mana costs of permanents you control.)  
Add To Stack: Ai(2)-mm-giada-angels cast The Book of Exalted Deeds
Resolve Stack: The Book of Exalted Deeds
Zone Change: The Book of Exalted Deeds (152) was put into Exile from Battlefield.
Add To Stack: Ai(2)-mm-giada-angels activated The Book of Exalted Deeds targeting [Herald of War (140)]
Resolve Stack: The Book of Exalted Deeds (152) - Ai(2)-mm-giada-angels puts an enlightened counter on Herald of War (140). 
Phase: Ai(2)-mm-giada-angels' End step
Phase: Ai(2)-mm-giada-angels' Cleanup step
Turn: Turn 27 (Ai(3)-mm-vito)
Phase: Ai(3)-mm-vito's Untap step
Phase: Ai(3)-mm-vito's Upkeep step
Phase: Ai(3)-mm-vito's Draw step
Add To Stack: Ai(2)-mm-giada-angels triggered Smothering Tithe
Resolve Stack: Whenever an opponent draws a card, that player may pay {2}. If the player doesn't, you create a Treasure token. (It's an artifact with "{T}, Sacrifice this token: Add one mana of any color.") [Player: Ai(3)-mm-vito]
Phase: Ai(3)-mm-vito's Main phase, precombat
Phase: Ai(3)-mm-vito's Beginning of Combat Step
Phase: Ai(3)-mm-vito's Declare Attackers Step
Phase: Ai(3)-mm-vito's Declare Blockers Step
Phase: Ai(3)-mm-vito's First Strike Damage Step
Phase: Ai(3)-mm-vito's Combat Damage Step
Phase: Ai(3)-mm-vito's End of Combat Step
Phase: Ai(3)-mm-vito's Main phase, postcombat
Mana: Swamp (262) - {T}: Add {B}.
Mana: Swamp (259) - {T}: Add {B}.
Add To Stack: Ai(3)-mm-vito cast Malakir Bloodwitch
Add To Stack: Ai(3)-mm-vito triggered Crypt Ghast
Mana: Swamp (252) - {T}: Add {B}.
Life: Life: Ai(4)-mm-baylen-tokens 30 > 29
Life: Life: Ai(1)-mm-zur-enchantress 22 > 21
Life: Life: Ai(2)-mm-giada-angels 42 > 41
Life: Life: Ai(3)-mm-vito 5 > 8
Resolve Stack: Extort (Whenever you cast a spell, you may pay {W/B}. If you do, each opponent loses 1 life and you gain that much life.) [Card: Malakir Bloodwitch (214), Activator: Ai(3)-mm-vito, SpellAbility: Malakir Bloodwitch - Creature 4 / 4]
Add To Stack: Ai(3)-mm-vito triggered Vito, Thorn of the Dusk Rose targeting [Ai(4)-mm-baylen-tokens]
Life: Life: Ai(4)-mm-baylen-tokens 29 > 26
Resolve Stack: Whenever you gain life, target opponent loses that much life. (Targeting: [[Ai(4)-mm-baylen-tokens]]) [Player: Ai(3)-mm-vito, Gained Amount: 3]
Resolve Stack: Malakir Bloodwitch - Creature 4 / 4
Add To Stack: Ai(3)-mm-vito triggered Malakir Bloodwitch
Life: Life: Ai(4)-mm-baylen-tokens 26 > 22
Life: Life: Ai(1)-mm-zur-enchantress 21 > 17
Life: Life: Ai(2)-mm-giada-angels 41 > 37
Life: Life: Ai(3)-mm-vito 8 > 20
Resolve Stack: When Malakir Bloodwitch enters, each opponent loses life equal to the number of Vampires you control. You gain life equal to the life lost this way. [Zone Changer: Malakir Bloodwitch (214)]
Add To Stack: Ai(3)-mm-vito triggered Vito, Thorn of the Dusk Rose targeting [Ai(4)-mm-baylen-tokens]
Life: Life: Ai(4)-mm-baylen-tokens 22 > 10
Resolve Stack: Whenever you gain life, target opponent loses that much life. (Targeting: [[Ai(4)-mm-baylen-tokens]]) [Player: Ai(3)-mm-vito, Gained Amount: 12]
Add To Stack: Ai(3)-mm-vito cast Creeping Bloodsucker
Add To Stack: Ai(3)-mm-vito triggered Crypt Ghast
Resolve Stack: Extort (Whenever you cast a spell, you may pay {W/B}. If you do, each opponent loses 1 life and you gain that much life.) [Card: Creeping Bloodsucker (273), Activator: Ai(3)-mm-vito, SpellAbility: Creeping Bloodsucker - Creature 1 / 2]
Resolve Stack: Creeping Bloodsucker - Creature 1 / 2
Phase: Ai(3)-mm-vito's End step
Phase: Ai(3)-mm-vito's Cleanup step
Turn: Turn 28 (Ai(4)-mm-baylen-tokens)
Phase: Ai(4)-mm-baylen-tokens' Untap step
Phase: Ai(4)-mm-baylen-tokens' Upkeep step
Phase: Ai(4)-mm-baylen-tokens' Draw step
Add To Stack: Ai(2)-mm-giada-angels triggered Smothering Tithe
Resolve Stack: Whenever an opponent draws a card, that player may pay {2}. If the player doesn't, you create a Treasure token. (It's an artifact with "{T}, Sacrifice this token: Add one mana of any color.") [Player: Ai(4)-mm-baylen-tokens]
Phase: Ai(4)-mm-baylen-tokens' Main phase, precombat
Phase: Ai(4)-mm-baylen-tokens' Beginning of Combat Step
Phase: Ai(4)-mm-baylen-tokens' Declare Attackers Step
Phase: Ai(4)-mm-baylen-tokens' Declare Blockers Step
Phase: Ai(4)-mm-baylen-tokens' First Strike Damage Step
Phase: Ai(4)-mm-baylen-tokens' Combat Damage Step
Phase: Ai(4)-mm-baylen-tokens' End of Combat Step
Phase: Ai(4)-mm-baylen-tokens' Main phase, postcombat
Mana: Cinder Glade (313) - {T}: Add {R}.
Mana: Canopy Vista (370) - {T}: Add {G}.
Mana: Plains (388) - {T}: Add {W}.
Mana: Plains (389) - {T}: Add {W}.
Add To Stack: Ai(4)-mm-baylen-tokens cast Jetmir, Nexus of Revels
Resolve Stack: Jetmir, Nexus of Revels - Creature 5 / 4
Phase: Ai(4)-mm-baylen-tokens' End step
Phase: Ai(4)-mm-baylen-tokens' Cleanup step
Turn: Turn 29 (Ai(1)-mm-zur-enchantress)
Phase: Ai(1)-mm-zur-enchantress' Untap step
Phase: Ai(1)-mm-zur-enchantress' Upkeep step
Phase: Ai(1)-mm-zur-enchantress' Draw step
Add To Stack: Ai(2)-mm-giada-angels triggered Smothering Tithe
Resolve Stack: Whenever an opponent draws a card, that player may pay {2}. If the player doesn't, you create a Treasure token. (It's an artifact with "{T}, Sacrifice this token: Add one mana of any color.") [Player: Ai(1)-mm-zur-enchantress]
Phase: Ai(1)-mm-zur-enchantress' Main phase, precombat
Mana: Plains (85) - {T}: Add {W}.
Mana: Plains (88) - {T}: Add {W}.
Mana: Swamp (56) - {T}: Add {B}.
Add To Stack: Ai(1)-mm-zur-enchantress cast Sword of Wealth and Power
Add To Stack: Ai(1)-mm-zur-enchantress triggered Hero Token
Damage: Hero Token (413) deals 1 non-combat damage to Ai(2)-mm-giada-angels.
Damage: Hero Token (413) deals 1 non-combat damage to Ai(3)-mm-vito.
Damage: Hero Token (413) deals 1 non-combat damage to Ai(4)-mm-baylen-tokens.
Life: Life: Ai(2)-mm-giada-angels 37 > 36
Life: Life: Ai(3)-mm-vito 20 > 19
Life: Life: Ai(4)-mm-baylen-tokens 10 > 9
Resolve Stack: Whenever you cast a noncreature spell, this creature deals 1 damage to each opponent. [Card: Sword of Wealth and Power (29), Activator: Ai(1)-mm-zur-enchantress, SpellAbility: Sword of Wealth and Power]
Resolve Stack: Sword of Wealth and Power
Mana: Dromar's Cavern (53) - {T}: Add {W}, {U}, or {B}.
Mana: Talon Gates of Madara (4) - {T}: Add {C}.
Add To Stack: Ai(1)-mm-zur-enchantress activated Sword of Wealth and Power targeting [Hero Token (413)]
Resolve Stack: Sword of Wealth and Power (29) -  Attach to Hero Token (413)
Phase: Ai(1)-mm-zur-enchantress' Beginning of Combat Step
Phase: Ai(1)-mm-zur-enchantress' Declare Attackers Step
Phase: Ai(1)-mm-zur-enchantress' Declare Blockers Step
Phase: Ai(1)-mm-zur-enchantress' First Strike Damage Step
Phase: Ai(1)-mm-zur-enchantress' Combat Damage Step
Phase: Ai(1)-mm-zur-enchantress' End of Combat Step
Phase: Ai(1)-mm-zur-enchantress' Main phase, postcombat
Phase: Ai(1)-mm-zur-enchantress' End step
Phase: Ai(1)-mm-zur-enchantress' Cleanup step
Turn: Turn 30 (Ai(2)-mm-giada-angels)
Phase: Ai(2)-mm-giada-angels' Untap step
Phase: Ai(2)-mm-giada-angels' Upkeep step
Phase: Ai(2)-mm-giada-angels' Draw step
Phase: Ai(2)-mm-giada-angels' Main phase, precombat
Land: Ai(2)-mm-giada-angels played Plains (170)
Phase: Ai(2)-mm-giada-angels' Beginning of Combat Step
Phase: Ai(2)-mm-giada-angels' Declare Attackers Step
Combat: Ai(2)-mm-giada-angels assigned Herald of War (140), Metropolis Reformer (126), Youthful Valkyrie (143), Giada, Font of Hope (200), Warrior Token (426), Bishop of Wings (105), Warrior Token (429) and Spirit Token (438) to attack Ai(4)-mm-baylen-tokens.
Add To Stack: Ai(2)-mm-giada-angels triggered Herald of War
Resolve Stack: Whenever Herald of War attacks, put a +1/+1 counter on it. [Attacker: Herald of War (140)]
Phase: Ai(2)-mm-giada-angels' Declare Blockers Step
Combat: Ai(4)-mm-baylen-tokens didn't block Herald of War (140).
Ai(4)-mm-baylen-tokens didn't block Metropolis Reformer (126).
Ai(4)-mm-baylen-tokens didn't block Youthful Valkyrie (143).
Ai(4)-mm-baylen-tokens didn't block Giada, Font of Hope (200).
Ai(4)-mm-baylen-tokens assigned Rabbit Token (433) to block Warrior Token (426).
Ai(4)-mm-baylen-tokens assigned Hare Apparent (343) and Baylen, the Haymaker (402) to block Bishop of Wings (105).
Ai(4)-mm-baylen-tokens assigned Hare Apparent (357) to block Warrior Token (429).
Ai(4)-mm-baylen-tokens didn't block Spirit Token (438).
Phase: Ai(2)-mm-giada-angels' First Strike Damage Step
Phase: Ai(2)-mm-giada-angels' Combat Damage Step
Damage: Herald of War (140) deals 9 combat damage to Ai(4)-mm-baylen-tokens.
Damage: Metropolis Reformer (126) deals 5 combat damage to Ai(4)-mm-baylen-tokens.
Damage: Youthful Valkyrie (143) deals 5 combat damage to Ai(4)-mm-baylen-tokens.
Damage: Giada, Font of Hope (200) deals 2 combat damage to Ai(4)-mm-baylen-tokens.
Damage: Warrior Token (426) deals 1 damage to Rabbit Token (433).
Damage: Bishop of Wings (105) deals 1 damage to Baylen, the Haymaker (402).
Damage: Warrior Token (429) deals 1 damage to Hare Apparent (357).
Damage: Spirit Token (438) deals 1 combat damage to Ai(4)-mm-baylen-tokens.
Damage: Rabbit Token (433) deals 2 damage to Warrior Token (426).
Damage: Hare Apparent (343) deals 3 damage to Bishop of Wings (105).
Damage: Baylen, the Haymaker (402) deals 5 damage to Bishop of Wings (105).
Damage: Hare Apparent (357) deals 3 damage to Warrior Token (429).
Life: Life: Ai(4)-mm-baylen-tokens 9 > -13
Zone Change: Warrior Token (426) was put into Graveyard from Battlefield.
Zone Change: Bishop of Wings (105) was put into Graveyard from Battlefield.
Zone Change: Warrior Token (429) was put into Graveyard from Battlefield.
Add To Stack: Ai(3)-mm-vito triggered Blood Artist targeting [Ai(1)-mm-zur-enchantress]
Add To Stack: Ai(3)-mm-vito triggered Blood Artist targeting [Ai(1)-mm-zur-enchantress]
Add To Stack: Ai(3)-mm-vito triggered Blood Artist targeting [Ai(1)-mm-zur-enchantress]
Life: Life: Ai(1)-mm-zur-enchantress 17 > 16
Life: Life: Ai(3)-mm-vito 19 > 20
Resolve Stack: Whenever Blood Artist or another creature dies, target player loses 1 life and you gain 1 life. (Targeting: [[Ai(1)-mm-zur-enchantress]]) [Zone Changer: Warrior Token (429)]
Add To Stack: Ai(3)-mm-vito triggered Vito, Thorn of the Dusk Rose targeting [Ai(1)-mm-zur-enchantress]
Life: Life: Ai(1)-mm-zur-enchantress 16 > 15
Resolve Stack: Whenever you gain life, target opponent loses that much life. (Targeting: [[Ai(1)-mm-zur-enchantress]]) [Player: Ai(3)-mm-vito, Gained Amount: 1]
Life: Life: Ai(1)-mm-zur-enchantress 15 > 14
Life: Life: Ai(3)-mm-vito 20 > 21
Resolve Stack: Whenever Blood Artist or another creature dies, target player loses 1 life and you gain 1 life. (Targeting: [[Ai(1)-mm-zur-enchantress]]) [Zone Changer: Bishop of Wings (105)]
Add To Stack: Ai(3)-mm-vito triggered Vito, Thorn of the Dusk Rose targeting [Ai(1)-mm-zur-enchantress]
Life: Life: Ai(1)-mm-zur-enchantress 14 > 13
Resolve Stack: Whenever you gain life, target opponent loses that much life. (Targeting: [[Ai(1)-mm-zur-enchantress]]) [Player: Ai(3)-mm-vito, Gained Amount: 1]
Life: Life: Ai(1)-mm-zur-enchantress 13 > 12
Life: Life: Ai(3)-mm-vito 21 > 22
Resolve Stack: Whenever Blood Artist or another creature dies, target player loses 1 life and you gain 1 life. (Targeting: [[Ai(1)-mm-zur-enchantress]]) [Zone Changer: Warrior Token (426)]
Add To Stack: Ai(3)-mm-vito triggered Vito, Thorn of the Dusk Rose targeting [Ai(1)-mm-zur-enchantress]
Life: Life: Ai(1)-mm-zur-enchantress 12 > 11
Resolve Stack: Whenever you gain life, target opponent loses that much life. (Targeting: [[Ai(1)-mm-zur-enchantress]]) [Player: Ai(3)-mm-vito, Gained Amount: 1]
Phase: Ai(2)-mm-giada-angels' End of Combat Step
Phase: Ai(2)-mm-giada-angels' Main phase, postcombat
Mana: Plains (187) - {T}: Add {W}.
Mana: Plains (188) - {T}: Add {W}.
Mana: Plains (183) - {T}: Add {W}.
Mana: Plains (181) - {T}: Add {W}.
Add To Stack: Ai(2)-mm-giada-angels cast Angelic Accord
Resolve Stack: Angelic Accord
Mana: Plains (186) - {T}: Add {W}.
Mana: Plains (173) - {T}: Add {W}.
Mana: Nykthos, Shrine to Nyx (131) - {2}, {T}: Choose a color. Add an amount of mana of that color equal to your devotion to that color. (Your devotion to a color is the number of mana symbols of that color in the mana costs of permanents you control.)  
Phase: Ai(2)-mm-giada-angels' End step
Phase: Ai(2)-mm-giada-angels' Cleanup step
Turn: Turn 31 (Ai(3)-mm-vito)
Phase: Ai(3)-mm-vito's Untap step
Phase: Ai(3)-mm-vito's Upkeep step
Add To Stack: Ai(3)-mm-vito triggered Creeping Bloodsucker
Damage: Creeping Bloodsucker (273) deals 1 non-combat damage to Ai(1)-mm-zur-enchantress.
Damage: Creeping Bloodsucker (273) deals 1 non-combat damage to Ai(2)-mm-giada-angels.
Life: Life: Ai(1)-mm-zur-enchantress 11 > 10
Life: Life: Ai(2)-mm-giada-angels 36 > 35
Life: Life: Ai(3)-mm-vito 22 > 24
Resolve Stack: At the beginning of your upkeep, Creeping Bloodsucker deals 1 damage to each opponent. You gain life equal to the damage dealt this way. [Phase: Ai(3)-mm-vito]
Add To Stack: Ai(3)-mm-vito triggered Vito, Thorn of the Dusk Rose targeting [Ai(1)-mm-zur-enchantress]
Life: Life: Ai(1)-mm-zur-enchantress 10 > 8
Resolve Stack: Whenever you gain life, target opponent loses that much life. (Targeting: [[Ai(1)-mm-zur-enchantress]]) [Player: Ai(3)-mm-vito, Gained Amount: 2]
Phase: Ai(3)-mm-vito's Draw step
Add To Stack: Ai(2)-mm-giada-angels triggered Smothering Tithe
Resolve Stack: Whenever an opponent draws a card, that player may pay {2}. If the player doesn't, you create a Treasure token. (It's an artifact with "{T}, Sacrifice this token: Add one mana of any color.") [Player: Ai(3)-mm-vito]
Phase: Ai(3)-mm-vito's Main phase, precombat
Land: Ai(3)-mm-vito played Swamp (255)
Phase: Ai(3)-mm-vito's Beginning of Combat Step
Phase: Ai(3)-mm-vito's Declare Attackers Step
Combat: Ai(3)-mm-vito assigned Vito, Thorn of the Dusk Rose (301), Vampire of the Dire Moon (289), Crypt Ghast (204) and Creeping Bloodsucker (273) to attack Ai(1)-mm-zur-enchantress.
Phase: Ai(3)-mm-vito's Declare Blockers Step
Combat: Ai(1)-mm-zur-enchantress didn't block Vito, Thorn of the Dusk Rose (301).
Ai(1)-mm-zur-enchantress didn't block Vampire of the Dire Moon (289).
Ai(1)-mm-zur-enchantress assigned Hero Token (413) to block Crypt Ghast (204).
Ai(1)-mm-zur-enchantress didn't block Creeping Bloodsucker (273).
Phase: Ai(3)-mm-vito's First Strike Damage Step
Phase: Ai(3)-mm-vito's Combat Damage Step
Damage: Vito, Thorn of the Dusk Rose (301) deals 1 combat damage to Ai(1)-mm-zur-enchantress.
Damage: Vampire of the Dire Moon (289) deals 1 combat damage to Ai(1)-mm-zur-enchantress.
Life: Life: Ai(3)-mm-vito 24 > 25
Damage: Crypt Ghast (204) deals 2 damage to Hero Token (413).
Damage: Creeping Bloodsucker (273) deals 1 combat damage to Ai(1)-mm-zur-enchantress.
Damage: Hero Token (413) deals 4 damage to Crypt Ghast (204).
Life: Life: Ai(1)-mm-zur-enchantress 8 > 5
Zone Change: Crypt Ghast (204) was put into Graveyard from Battlefield.
Add To Stack: Ai(3)-mm-vito triggered Vito, Thorn of the Dusk Rose targeting [Ai(1)-mm-zur-enchantress]
Add To Stack: Ai(3)-mm-vito triggered Blood Artist targeting [Ai(1)-mm-zur-enchantress]
Life: Life: Ai(1)-mm-zur-enchantress 5 > 4
Life: Life: Ai(3)-mm-vito 25 > 26
Resolve Stack: Whenever Blood Artist or another creature dies, target player loses 1 life and you gain 1 life. (Targeting: [[Ai(1)-mm-zur-enchantress]]) [Zone Changer: Crypt Ghast (204)]
Add To Stack: Ai(3)-mm-vito triggered Vito, Thorn of the Dusk Rose targeting [Ai(1)-mm-zur-enchantress]
Life: Life: Ai(1)-mm-zur-enchantress 4 > 3
Resolve Stack: Whenever you gain life, target opponent loses that much life. (Targeting: [[Ai(1)-mm-zur-enchantress]]) [Player: Ai(3)-mm-vito, Gained Amount: 1]
Life: Life: Ai(1)-mm-zur-enchantress 3 > 2
Resolve Stack: Whenever you gain life, target opponent loses that much life. (Targeting: [[Ai(1)-mm-zur-enchantress]]) [Player: Ai(3)-mm-vito, Gained Amount: 1]
Phase: Ai(3)-mm-vito's End of Combat Step
Phase: Ai(3)-mm-vito's Main phase, postcombat
Mana: Swamp (262) - {T}: Add {B}.
Mana: Swamp (259) - {T}: Add {B}.
Mana: Swamp (252) - {T}: Add {B}.
Mana: Swamp (255) - {T}: Add {B}.
Add To Stack: Ai(3)-mm-vito cast Exquisite Blood
Resolve Stack: Exquisite Blood
Phase: Ai(3)-mm-vito's End step
Phase: Ai(3)-mm-vito's Cleanup step
Turn: Turn 32 (Ai(1)-mm-zur-enchantress)
Phase: Ai(1)-mm-zur-enchantress' Untap step
Phase: Ai(1)-mm-zur-enchantress' Upkeep step
Phase: Ai(1)-mm-zur-enchantress' Draw step
Add To Stack: Ai(2)-mm-giada-angels triggered Smothering Tithe
Resolve Stack: Whenever an opponent draws a card, that player may pay {2}. If the player doesn't, you create a Treasure token. (It's an artifact with "{T}, Sacrifice this token: Add one mana of any color.") [Player: Ai(1)-mm-zur-enchantress]
Phase: Ai(1)-mm-zur-enchantress' Main phase, precombat
Land: Ai(1)-mm-zur-enchantress played Plains (89)
Phase: Ai(1)-mm-zur-enchantress' Beginning of Combat Step
Phase: Ai(1)-mm-zur-enchantress' Declare Attackers Step
Phase: Ai(1)-mm-zur-enchantress' Declare Blockers Step
Phase: Ai(1)-mm-zur-enchantress' First Strike Damage Step
Phase: Ai(1)-mm-zur-enchantress' Combat Damage Step
Phase: Ai(1)-mm-zur-enchantress' End of Combat Step
Phase: Ai(1)-mm-zur-enchantress' Main phase, postcombat
Mana: Swamp (56) - {T}: Add {B}.
Mana: Plains (85) - {T}: Add {W}.
Mana: Plains (88) - {T}: Add {W}.
Mana: Plains (89) - {T}: Add {W}.
Add To Stack: Ai(1)-mm-zur-enchantress cast Misfortune Teller
Resolve Stack: Misfortune Teller - Creature 3 / 1
Add To Stack: Ai(1)-mm-zur-enchantress triggered Misfortune Teller targeting [Defiant Bloodlord (221)]
Resolve Stack: Whenever Misfortune Teller enters or deals combat damage to a player, exile target card from a graveyard. If it was a creature card, create a 2/2 black Rogue creature token. If it was a land card, create a Treasure token. Otherwise, you gain 3 life. (Targeting: [[Defiant Bloodlord (221)]]) [Zone Changer: Misfortune Teller (81)]
Mana: Dromar's Cavern (53) - {T}: Add {W}, {U}, or {B}.
Mana: Talon Gates of Madara (4) - {T}: Add {C}.
Mana: Wizards' School (45) - {T}: Add {C}.
Add To Stack: Ai(1)-mm-zur-enchantress cast Dauntless Scrapbot
Resolve Stack: Dauntless Scrapbot - Creature 3 / 1
Add To Stack: Ai(1)-mm-zur-enchantress triggered Dauntless Scrapbot
Resolve Stack: When this creature enters, exile each opponent's graveyard. Create a Lander token. (It's an artifact with "{2}, {T}, Sacrifice this token: Search your library for a basic land card, put it onto the battlefield tapped, then shuffle.") [Zone Changer: Dauntless Scrapbot (48)]
Phase: Ai(1)-mm-zur-enchantress' End step
Phase: Ai(1)-mm-zur-enchantress' Cleanup step
Turn: Turn 33 (Ai(2)-mm-giada-angels)
Phase: Ai(2)-mm-giada-angels' Untap step
Phase: Ai(2)-mm-giada-angels' Upkeep step
Phase: Ai(2)-mm-giada-angels' Draw step
Phase: Ai(2)-mm-giada-angels' Main phase, precombat
Mana: Plains (187) - {T}: Add {W}.
Mana: Plains (188) - {T}: Add {W}.
Add To Stack: Ai(2)-mm-giada-angels cast Lightning Greaves
Resolve Stack: Lightning Greaves
Add To Stack: Ai(2)-mm-giada-angels activated Lightning Greaves targeting [Herald of War (140)]
Resolve Stack: Lightning Greaves (195) -  Attach to Herald of War (140)
Phase: Ai(2)-mm-giada-angels' Beginning of Combat Step
Phase: Ai(2)-mm-giada-angels' Declare Attackers Step
Combat: Ai(2)-mm-giada-angels assigned Herald of War (140), Metropolis Reformer (126), Youthful Valkyrie (143), Giada, Font of Hope (200) and Spirit Token (438) to attack Ai(1)-mm-zur-enchantress.
Add To Stack: Ai(2)-mm-giada-angels triggered Herald of War
Resolve Stack: Whenever Herald of War attacks, put a +1/+1 counter on it. [Attacker: Herald of War (140)]
Phase: Ai(2)-mm-giada-angels' Declare Blockers Step
Combat: Ai(1)-mm-zur-enchantress didn't block Herald of War (140).
Ai(1)-mm-zur-enchantress didn't block Metropolis Reformer (126).
Ai(1)-mm-zur-enchantress didn't block Youthful Valkyrie (143).
Ai(1)-mm-zur-enchantress didn't block Giada, Font of Hope (200).
Ai(1)-mm-zur-enchantress didn't block Spirit Token (438).
Phase: Ai(2)-mm-giada-angels' First Strike Damage Step
Phase: Ai(2)-mm-giada-angels' Combat Damage Step
Damage: Herald of War (140) deals 10 combat damage to Ai(1)-mm-zur-enchantress.
Damage: Metropolis Reformer (126) deals 5 combat damage to Ai(1)-mm-zur-enchantress.
Damage: Youthful Valkyrie (143) deals 5 combat damage to Ai(1)-mm-zur-enchantress.
Damage: Giada, Font of Hope (200) deals 2 combat damage to Ai(1)-mm-zur-enchantress.
Damage: Spirit Token (438) deals 1 combat damage to Ai(1)-mm-zur-enchantress.
Life: Life: Ai(1)-mm-zur-enchantress 2 > -21
Add To Stack: Ai(3)-mm-vito triggered Exquisite Blood
Life: Life: Ai(3)-mm-vito 26 > 49
Resolve Stack: Whenever an opponent loses life, you gain that much life. [Player: Ai(1)-mm-zur-enchantress, Lost Amount: 23]
Phase: Ai(2)-mm-giada-angels' End of Combat Step
Phase: Ai(2)-mm-giada-angels' Main phase, postcombat
Mana: Plains (183) - {T}: Add {W}.
Mana: Plains (181) - {T}: Add {W}.
Mana: Nykthos, Shrine to Nyx (131) - {2}, {T}: Choose a color. Add an amount of mana of that color equal to your devotion to that color. (Your devotion to a color is the number of mana symbols of that color in the mana costs of permanents you control.)  
Phase: Ai(2)-mm-giada-angels' End step
Phase: Ai(2)-mm-giada-angels' Cleanup step
Turn: Turn 34 (Ai(3)-mm-vito)
Phase: Ai(3)-mm-vito's Untap step
Phase: Ai(3)-mm-vito's Upkeep step
Add To Stack: Ai(3)-mm-vito triggered Creeping Bloodsucker
Damage: Creeping Bloodsucker (273) deals 1 non-combat damage to Ai(2)-mm-giada-angels.
Life: Life: Ai(2)-mm-giada-angels 35 > 34
Life: Life: Ai(3)-mm-vito 49 > 50
Resolve Stack: At the beginning of your upkeep, Creeping Bloodsucker deals 1 damage to each opponent. You gain life equal to the damage dealt this way. [Phase: Ai(3)-mm-vito]
Add To Stack: Ai(3)-mm-vito triggered Exquisite Blood
Life: Life: Ai(3)-mm-vito 50 > 51
Resolve Stack: Whenever an opponent loses life, you gain that much life. [Player: Ai(2)-mm-giada-angels, Lost Amount: 1]
Phase: Ai(3)-mm-vito's Draw step
Add To Stack: Ai(2)-mm-giada-angels triggered Smothering Tithe
Resolve Stack: Whenever an opponent draws a card, that player may pay {2}. If the player doesn't, you create a Treasure token. (It's an artifact with "{T}, Sacrifice this token: Add one mana of any color.") [Player: Ai(3)-mm-vito]
Phase: Ai(3)-mm-vito's Main phase, precombat
Mana: Swamp (262) - {T}: Add {B}.
Mana: Swamp (259) - {T}: Add {B}.
Mana: Swamp (252) - {T}: Add {B}.
Add To Stack: Ai(3)-mm-vito cast Whip of Erebos
Resolve Stack: Whip of Erebos
Phase: Ai(3)-mm-vito's Beginning of Combat Step
Phase: Ai(3)-mm-vito's Declare Attackers Step
Combat: Ai(3)-mm-vito assigned Malakir Bloodwitch (214) to attack Ai(2)-mm-giada-angels.
Phase: Ai(3)-mm-vito's Declare Blockers Step
Combat: Ai(2)-mm-giada-angels didn't block Malakir Bloodwitch (214).
Phase: Ai(3)-mm-vito's First Strike Damage Step
Phase: Ai(3)-mm-vito's Combat Damage Step
Damage: Malakir Bloodwitch (214) deals 4 combat damage to Ai(2)-mm-giada-angels.
Life: Life: Ai(3)-mm-vito 51 > 55
Life: Life: Ai(2)-mm-giada-angels 34 > 30
Add To Stack: Ai(3)-mm-vito triggered Exquisite Blood
Life: Life: Ai(3)-mm-vito 55 > 59
Resolve Stack: Whenever an opponent loses life, you gain that much life. [Player: Ai(2)-mm-giada-angels, Lost Amount: 4]
Phase: Ai(3)-mm-vito's End of Combat Step
Phase: Ai(3)-mm-vito's Main phase, postcombat
Phase: Ai(3)-mm-vito's End step
Phase: Ai(3)-mm-vito's Cleanup step
Turn: Turn 35 (Ai(2)-mm-giada-angels)
Phase: Ai(2)-mm-giada-angels' Untap step
Phase: Ai(2)-mm-giada-angels' Upkeep step
Phase: Ai(2)-mm-giada-angels' Draw step
Phase: Ai(2)-mm-giada-angels' Main phase, precombat
Phase: Ai(2)-mm-giada-angels' Beginning of Combat Step
Phase: Ai(2)-mm-giada-angels' Declare Attackers Step
Combat: Ai(2)-mm-giada-angels assigned Herald of War (140), Youthful Valkyrie (143), Spirit Token (438), Metropolis Reformer (126) and Giada, Font of Hope (200) to attack Ai(3)-mm-vito.
Add To Stack: Ai(2)-mm-giada-angels triggered Herald of War
Resolve Stack: Whenever Herald of War attacks, put a +1/+1 counter on it. [Attacker: Herald of War (140)]
Phase: Ai(2)-mm-giada-angels' Declare Blockers Step
Combat: Ai(3)-mm-vito didn't block Herald of War (140).
Ai(3)-mm-vito didn't block Youthful Valkyrie (143).
Ai(3)-mm-vito didn't block Spirit Token (438).
Ai(3)-mm-vito didn't block Metropolis Reformer (126).
Ai(3)-mm-vito didn't block Giada, Font of Hope (200).
Phase: Ai(2)-mm-giada-angels' First Strike Damage Step
Phase: Ai(2)-mm-giada-angels' Combat Damage Step
Damage: Herald of War (140) deals 11 combat damage to Ai(3)-mm-vito.
Damage: Youthful Valkyrie (143) deals 5 combat damage to Ai(3)-mm-vito.
Damage: Spirit Token (438) deals 1 combat damage to Ai(3)-mm-vito.
Damage: Metropolis Reformer (126) deals 5 combat damage to Ai(3)-mm-vito.
Damage: Giada, Font of Hope (200) deals 2 combat damage to Ai(3)-mm-vito.
Life: Life: Ai(3)-mm-vito 59 > 35
Phase: Ai(2)-mm-giada-angels' End of Combat Step
Phase: Ai(2)-mm-giada-angels' Main phase, postcombat
Mana: Plains (187) - {T}: Add {W}.
Mana: Plains (188) - {T}: Add {W}.
Add To Stack: Ai(2)-mm-giada-angels cast Baneslayer Angel
Add To Stack: Ai(2)-mm-giada-angels triggered Oketra's Monument
Resolve Stack: Whenever you cast a creature spell, create a 1/1 white Warrior creature token with vigilance. [Card: Baneslayer Angel (139), Activator: Ai(2)-mm-giada-angels, SpellAbility: Baneslayer Angel - Creature 5 / 5]
Replacement Effect: Each other Angel you control enters with an additional +1/+1 counter on it for each Angel you already control.
Resolve Stack: Baneslayer Angel - Creature 5 / 5
Add To Stack: Ai(2)-mm-giada-angels triggered Youthful Valkyrie
Resolve Stack: Whenever another Angel you control enters, put a +1/+1 counter on Youthful Valkyrie. [Zone Changer: Baneslayer Angel (139)]
Mana: Plains (183) - {T}: Add {W}.
Mana: Plains (181) - {T}: Add {W}.
Mana: Nykthos, Shrine to Nyx (131) - {2}, {T}: Choose a color. Add an amount of mana of that color equal to your devotion to that color. (Your devotion to a color is the number of mana symbols of that color in the mana costs of permanents you control.)  
Phase: Ai(2)-mm-giada-angels' End step
Phase: Ai(2)-mm-giada-angels' Cleanup step
Turn: Turn 36 (Ai(3)-mm-vito)
Phase: Ai(3)-mm-vito's Untap step
Phase: Ai(3)-mm-vito's Upkeep step
Add To Stack: Ai(3)-mm-vito triggered Creeping Bloodsucker
Damage: Creeping Bloodsucker (273) deals 1 non-combat damage to Ai(2)-mm-giada-angels.
Life: Life: Ai(3)-mm-vito 35 > 36
Life: Life: Ai(2)-mm-giada-angels 30 > 29
Life: Life: Ai(3)-mm-vito 36 > 37
Resolve Stack: At the beginning of your upkeep, Creeping Bloodsucker deals 1 damage to each opponent. You gain life equal to the damage dealt this way. [Phase: Ai(3)-mm-vito]
Add To Stack: Ai(3)-mm-vito triggered Exquisite Blood
Life: Life: Ai(3)-mm-vito 37 > 38
Resolve Stack: Whenever an opponent loses life, you gain that much life. [Player: Ai(2)-mm-giada-angels, Lost Amount: 1]
Phase: Ai(3)-mm-vito's Draw step
Add To Stack: Ai(2)-mm-giada-angels triggered Smothering Tithe
Resolve Stack: Whenever an opponent draws a card, that player may pay {2}. If the player doesn't, you create a Treasure token. (It's an artifact with "{T}, Sacrifice this token: Add one mana of any color.") [Player: Ai(3)-mm-vito]
Phase: Ai(3)-mm-vito's Main phase, precombat
Land: Ai(3)-mm-vito played Swamp (247)
Phase: Ai(3)-mm-vito's Beginning of Combat Step
Phase: Ai(3)-mm-vito's Declare Attackers Step
Combat: Ai(3)-mm-vito assigned Malakir Bloodwitch (214) to attack Ai(2)-mm-giada-angels.
Phase: Ai(3)-mm-vito's Declare Blockers Step
Combat: Ai(2)-mm-giada-angels didn't block Malakir Bloodwitch (214).
Phase: Ai(3)-mm-vito's First Strike Damage Step
Phase: Ai(3)-mm-vito's Combat Damage Step
Damage: Malakir Bloodwitch (214) deals 4 combat damage to Ai(2)-mm-giada-angels.
Life: Life: Ai(3)-mm-vito 38 > 42
Life: Life: Ai(2)-mm-giada-angels 29 > 25
Add To Stack: Ai(3)-mm-vito triggered Exquisite Blood
Life: Life: Ai(3)-mm-vito 42 > 46
Resolve Stack: Whenever an opponent loses life, you gain that much life. [Player: Ai(2)-mm-giada-angels, Lost Amount: 4]
Phase: Ai(3)-mm-vito's End of Combat Step
Phase: Ai(3)-mm-vito's Main phase, postcombat
Mana: Swamp (262) - {T}: Add {B}.
Mana: Swamp (259) - {T}: Add {B}.
Add To Stack: Ai(3)-mm-vito cast Phyrexian Arena
Resolve Stack: Phyrexian Arena
Phase: Ai(3)-mm-vito's End step
Phase: Ai(3)-mm-vito's Cleanup step
Turn: Turn 37 (Ai(2)-mm-giada-angels)
Phase: Ai(2)-mm-giada-angels' Untap step
Phase: Ai(2)-mm-giada-angels' Upkeep step
Phase: Ai(2)-mm-giada-angels' Draw step
Phase: Ai(2)-mm-giada-angels' Main phase, precombat
Phase: Ai(2)-mm-giada-angels' Beginning of Combat Step
Phase: Ai(2)-mm-giada-angels' Declare Attackers Step
Combat: Ai(2)-mm-giada-angels assigned Herald of War (140), Baneslayer Angel (139), Youthful Valkyrie (143), Spirit Token (438), Metropolis Reformer (126) and Giada, Font of Hope (200) to attack Ai(3)-mm-vito.
Add To Stack: Ai(2)-mm-giada-angels triggered Herald of War
Resolve Stack: Whenever Herald of War attacks, put a +1/+1 counter on it. [Attacker: Herald of War (140)]
Phase: Ai(2)-mm-giada-angels' Declare Blockers Step
Combat: Ai(3)-mm-vito didn't block Herald of War (140).
Ai(3)-mm-vito didn't block Baneslayer Angel (139).
Ai(3)-mm-vito didn't block Youthful Valkyrie (143).
Ai(3)-mm-vito didn't block Spirit Token (438).
Ai(3)-mm-vito didn't block Metropolis Reformer (126).
Ai(3)-mm-vito didn't block Giada, Font of Hope (200).
Phase: Ai(2)-mm-giada-angels' First Strike Damage Step
Damage: Baneslayer Angel (139) deals 9 combat damage to Ai(3)-mm-vito.
Life: Life: Ai(2)-mm-giada-angels 25 > 34
Life: Life: Ai(3)-mm-vito 46 > 37
Phase: Ai(2)-mm-giada-angels' Combat Damage Step
Damage: Herald of War (140) deals 12 combat damage to Ai(3)-mm-vito.
Damage: Youthful Valkyrie (143) deals 6 combat damage to Ai(3)-mm-vito.
Damage: Spirit Token (438) deals 1 combat damage to Ai(3)-mm-vito.
Damage: Metropolis Reformer (126) deals 5 combat damage to Ai(3)-mm-vito.
Damage: Giada, Font of Hope (200) deals 2 combat damage to Ai(3)-mm-vito.
Life: Life: Ai(3)-mm-vito 37 > 11
Phase: Ai(2)-mm-giada-angels' End of Combat Step
Phase: Ai(2)-mm-giada-angels' Main phase, postcombat
Mana: Plains (187) - {T}: Add {W}.
Mana: Plains (188) - {T}: Add {W}.
Mana: Nykthos, Shrine to Nyx (131) - {2}, {T}: Choose a color. Add an amount of mana of that color equal to your devotion to that color. (Your devotion to a color is the number of mana symbols of that color in the mana costs of permanents you control.)  
Add To Stack: Ai(2)-mm-giada-angels cast Sol Ring
Resolve Stack: Sol Ring
Phase: Ai(2)-mm-giada-angels' End step
Add To Stack: Ai(2)-mm-giada-angels triggered Angelic Accord
Replacement Effect: Each other Angel you control enters with an additional +1/+1 counter on it for each Angel you already control.
Resolve Stack: At the beginning of each end step, if you gained 4 or more life this turn, create a 4/4 white Angel creature token with flying. [Phase: Ai(2)-mm-giada-angels]
Add To Stack: Ai(2)-mm-giada-angels triggered Youthful Valkyrie
Resolve Stack: Whenever another Angel you control enters, put a +1/+1 counter on Youthful Valkyrie. [Zone Changer: Angel Token (477)]
Phase: Ai(2)-mm-giada-angels' Cleanup step
Turn: Turn 38 (Ai(3)-mm-vito)
Phase: Ai(3)-mm-vito's Untap step
Phase: Ai(3)-mm-vito's Upkeep step
Add To Stack: Ai(3)-mm-vito triggered Creeping Bloodsucker
Add To Stack: Ai(3)-mm-vito triggered Phyrexian Arena
Life: Life: Ai(3)-mm-vito 11 > 10
Resolve Stack: At the beginning of your upkeep, you draw a card and you lose 1 life. [Phase: Ai(3)-mm-vito]
Add To Stack: Ai(2)-mm-giada-angels triggered Smothering Tithe
Mana: Swamp (262) - {T}: Add {B}.
Mana: Swamp (259) - {T}: Add {B}.
Mana: Swamp (252) - {T}: Add {B}.
Add To Stack: Ai(3)-mm-vito cast Tendrils of Corruption targeting [Giada, Font of Hope (200)]
Damage: Tendrils of Corruption (279) deals 5 damage to Giada, Font of Hope (200).
Life: Life: Ai(3)-mm-vito 10 > 15
Resolve Stack: Tendrils of Corruption (279) - Tendrils of Corruption (279) deals 5 damage to Giada, Font of Hope (200). Ai(3)-mm-vito gains 5 life.
Zone Change: Giada, Font of Hope (200) was put into Graveyard from Battlefield.
Add To Stack: Ai(3)-mm-vito triggered Blood Artist targeting [Ai(3)-mm-vito]
Life: Life: Ai(3)-mm-vito 15 > 14
Life: Life: Ai(3)-mm-vito 14 > 15
Resolve Stack: Whenever Blood Artist or another creature dies, target player loses 1 life and you gain 1 life. (Targeting: [[Ai(3)-mm-vito]]) [Zone Changer: Giada, Font of Hope (200)]
Resolve Stack: Whenever an opponent draws a card, that player may pay {2}. If the player doesn't, you create a Treasure token. (It's an artifact with "{T}, Sacrifice this token: Add one mana of any color.") [Player: Ai(3)-mm-vito]
Damage: Creeping Bloodsucker (273) deals 1 non-combat damage to Ai(2)-mm-giada-angels.
Life: Life: Ai(3)-mm-vito 15 > 16
Life: Life: Ai(2)-mm-giada-angels 34 > 33
Life: Life: Ai(3)-mm-vito 16 > 17
Resolve Stack: At the beginning of your upkeep, Creeping Bloodsucker deals 1 damage to each opponent. You gain life equal to the damage dealt this way. [Phase: Ai(3)-mm-vito]
Add To Stack: Ai(3)-mm-vito triggered Exquisite Blood
Life: Life: Ai(3)-mm-vito 17 > 18
Resolve Stack: Whenever an opponent loses life, you gain that much life. [Player: Ai(2)-mm-giada-angels, Lost Amount: 1]
Phase: Ai(3)-mm-vito's Draw step
Add To Stack: Ai(2)-mm-giada-angels triggered Smothering Tithe
Resolve Stack: Whenever an opponent draws a card, that player may pay {2}. If the player doesn't, you create a Treasure token. (It's an artifact with "{T}, Sacrifice this token: Add one mana of any color.") [Player: Ai(3)-mm-vito]
Phase: Ai(3)-mm-vito's Main phase, precombat
Land: Ai(3)-mm-vito played Swamp (268)
Phase: Ai(3)-mm-vito's Beginning of Combat Step
Phase: Ai(3)-mm-vito's Declare Attackers Step
Phase: Ai(3)-mm-vito's Declare Blockers Step
Phase: Ai(3)-mm-vito's First Strike Damage Step
Phase: Ai(3)-mm-vito's Combat Damage Step
Phase: Ai(3)-mm-vito's End of Combat Step
Phase: Ai(3)-mm-vito's Main phase, postcombat
Phase: Ai(3)-mm-vito's End step
Phase: Ai(3)-mm-vito's Cleanup step
Turn: Turn 39 (Ai(2)-mm-giada-angels)
Phase: Ai(2)-mm-giada-angels' Untap step
Phase: Ai(2)-mm-giada-angels' Upkeep step
Phase: Ai(2)-mm-giada-angels' Draw step
Phase: Ai(2)-mm-giada-angels' Main phase, precombat
Land: Ai(2)-mm-giada-angels played Plains (178)
Phase: Ai(2)-mm-giada-angels' Beginning of Combat Step
Phase: Ai(2)-mm-giada-angels' Declare Attackers Step
Combat: Ai(2)-mm-giada-angels assigned Herald of War (140), Baneslayer Angel (139), Angel Token (477), Youthful Valkyrie (143), Metropolis Reformer (126), Spirit Token (438) and Warrior Token (470) to attack Ai(3)-mm-vito.
Add To Stack: Ai(2)-mm-giada-angels triggered Herald of War
Resolve Stack: Whenever Herald of War attacks, put a +1/+1 counter on it. [Attacker: Herald of War (140)]
Phase: Ai(2)-mm-giada-angels' Declare Blockers Step
Combat: Ai(3)-mm-vito assigned Malakir Bloodwitch (214) to block Herald of War (140).
Ai(3)-mm-vito didn't block Baneslayer Angel (139).
Ai(3)-mm-vito didn't block Angel Token (477).
Ai(3)-mm-vito didn't block Youthful Valkyrie (143).
Ai(3)-mm-vito didn't block Metropolis Reformer (126).
Ai(3)-mm-vito didn't block Spirit Token (438).
Ai(3)-mm-vito assigned Blood Artist (234) and Vito, Thorn of the Dusk Rose (301) to block Warrior Token (470).
Phase: Ai(2)-mm-giada-angels' First Strike Damage Step
Damage: Baneslayer Angel (139) deals 9 combat damage to Ai(3)-mm-vito.
Life: Life: Ai(2)-mm-giada-angels 33 > 42
Life: Life: Ai(3)-mm-vito 18 > 9
Phase: Ai(2)-mm-giada-angels' Combat Damage Step
Replacement Effect: Protection from white
Damage: Angel Token (477) deals 9 combat damage to Ai(3)-mm-vito.
Damage: Youthful Valkyrie (143) deals 7 combat damage to Ai(3)-mm-vito.
Damage: Metropolis Reformer (126) deals 5 combat damage to Ai(3)-mm-vito.
Damage: Spirit Token (438) deals 1 combat damage to Ai(3)-mm-vito.
Damage: Warrior Token (470) deals 1 damage to Blood Artist (234).
Damage: Malakir Bloodwitch (214) deals 4 damage to Herald of War (140).
Life: Life: Ai(3)-mm-vito 9 > 13
Damage: Vito, Thorn of the Dusk Rose (301) deals 1 damage to Warrior Token (470).
Life: Life: Ai(3)-mm-vito 13 > 14
Life: Life: Ai(3)-mm-vito 14 > -8
Player Control: Ai(1)-mm-zur-enchantress has restored control over themself
Player Control: Ai(2)-mm-giada-angels has restored control over themself
Player Control: Ai(3)-mm-vito has restored control over themself
Player Control: Ai(4)-mm-baylen-tokens has restored control over themself
Game Outcome: Turn 20
Game Outcome: Ai(1)-mm-zur-enchantress has lost because life total reached 0
Game Outcome: Ai(2)-mm-giada-angels has won because all opponents have lost
Game Outcome: Ai(3)-mm-vito has lost because life total reached 0
Game Outcome: Ai(4)-mm-baylen-tokens has lost because life total reached 0
Match Result: Ai(1)-mm-zur-enchantress: 0 Ai(2)-mm-giada-angels: 1 Ai(3)-mm-vito: 0 Ai(4)-mm-baylen-tokens: 0 

Game Result: Game 1 ended in 172877 ms. Ai(2)-mm-giada-angels has won!

Warning: default (ie. inherited from base class) implementation of confirmAction is used by Giada, Font of Hope for forge.ai.ability.PermanentCreatureAi. Consider declaring an overloaded method
java.util.concurrent.TimeoutException
	at java.base/java.util.concurrent.FutureTask.get(FutureTask.java:204)
	at forge.ai.AiController.chooseSpellAbilityToPlayFromList(AiController.java:1696)
	at forge.ai.AiController.getSpellAbilityToPlay(AiController.java:1583)
	at forge.ai.AiController.chooseSpellAbilityToPlay(AiController.java:1403)
	at forge.ai.PlayerControllerAi.chooseSpellAbilityToPlay(PlayerControllerAi.java:832)
	at forge.game.phase.PhaseHandler.mainLoopStep(PhaseHandler.java:1056)
	at forge.game.phase.PhaseHandler.mainGameLoop(PhaseHandler.java:1035)
	at forge.game.phase.PhaseHandler.startFirstTurn(PhaseHandler.java:1029)
	at forge.game.GameAction.startGame(GameAction.java:2373)
	at forge.game.Match.startGame(Match.java:92)
	at forge.game.Match.startGame(Match.java:77)
	at forge.view.SimulateMatch.lambda$simulateSingleMatch$0(SimulateMatch.java:213)
	at forge.view.TimeLimitedCodeBlock.lambda$runWithTimeout$0(TimeLimitedCodeBlock.java:18)
	at java.base/java.util.concurrent.FutureTask.run(FutureTask.java:317)
	at java.base/java.util.concurrent.ThreadPoolExecutor.runWorker(ThreadPoolExecutor.java:1144)
	at java.base/java.util.concurrent.ThreadPoolExecutor$Worker.run(ThreadPoolExecutor.java:642)
	at java.base/java.lang.Thread.run(Thread.java:1583)
AI eval thread at timeout:
	at com.google.common.collect.AbstractMapBasedMultimap$Itr.next(AbstractMapBasedMultimap.java:1180)
	at forge.game.keyword.KeywordCollection.applyReplacementEffect(KeywordCollection.java:200)
	at forge.game.card.Card.updateReplacementEffects(Card.java:7069)
	at forge.game.card.CardState.getReplacementEffects(CardState.java:754)
	at forge.game.card.CardState.getReplacementEffects(CardState.java:723)
	at forge.game.card.Card.getReplacementEffects(Card.java:7055)
	at forge.game.replacement.ReplacementHandler.lambda$getReplacementList$0(ReplacementHandler.java:134)
	at forge.util.Visitor.visitAll(Visitor.java:16)
	at forge.game.Game.forEachCardInGame(Game.java:757)
	at forge.game.replacement.ReplacementHandler.getReplacementList(ReplacementHandler.java:102)
	at forge.ai.ComputerUtilMana.predictManaReplacement(ComputerUtilMana.java:429)
	at forge.ai.ComputerUtilMana.predictManafromSpellAbility(ComputerUtilMana.java:532)
	at forge.ai.ComputerUtilMana.payManaCost(ComputerUtilMana.java:763)
	at forge.ai.ComputerUtilMana.payManaCost(ComputerUtilMana.java:74)
	at forge.ai.ComputerUtilMana.canPayManaCost(ComputerUtilMana.java:63)
	at forge.ai.ComputerUtilCost.canPayCost(ComputerUtilCost.java:634)
	at forge.ai.ComputerUtilCost.canPayCost(ComputerUtilCost.java:530)
	at forge.ai.ComputerUtilCombat.canGainKeyword(ComputerUtilCombat.java:2290)
	at forge.ai.ComputerUtilCombat.dealsFirstStrikeDamage(ComputerUtilCombat.java:2251)
	at forge.ai.ComputerUtilCombat.predictPowerBonusOfAttacker(ComputerUtilCombat.java:1162)
	at forge.ai.ComputerUtilCombat.canDestroyBlocker(ComputerUtilCombat.java:1912)
	at forge.ai.AiBlockController.getSafeBlockers(AiBlockController.java:106)
	at forge.ai.AiBlockController.makeGoodBlocks(AiBlockController.java:198)
	at forge.ai.AiBlockController.assignBlockers(AiBlockController.java:1083)
	at forge.ai.AiBlockController.assignBlockersForCombat(AiBlockController.java:1014)
	at forge.ai.ComputerUtil.predictNextCombatsRemainingLife(ComputerUtil.java:3214)
	at forge.ai.ComputerUtil.predictNextCombatsRemainingLife(ComputerUtil.java:3179)
	at forge.ai.AiAttackController.notNeededAsBlockers(AiAttackController.java:426)
	at forge.ai.AiAttackController.declareAttackers(AiAttackController.java:1279)
	at forge.ai.AiController.getPredictedCombat(AiController.java:145)
java.util.concurrent.TimeoutException
	at java.base/java.util.concurrent.FutureTask.get(FutureTask.java:204)
	at forge.ai.AiController.chooseSpellAbilityToPlayFromList(AiController.java:1696)
	at forge.ai.AiController.getSpellAbilityToPlay(AiController.java:1583)
	at forge.ai.AiController.chooseSpellAbilityToPlay(AiController.java:1403)
	at forge.ai.PlayerControllerAi.chooseSpellAbilityToPlay(PlayerControllerAi.java:832)
	at forge.game.phase.PhaseHandler.mainLoopStep(PhaseHandler.java:1056)
	at forge.game.phase.PhaseHandler.mainGameLoop(PhaseHandler.java:1035)
	at forge.game.phase.PhaseHandler.startFirstTurn(PhaseHandler.java:1029)
	at forge.game.GameAction.startGame(GameAction.java:2373)
	at forge.game.Match.startGame(Match.java:92)
	at forge.game.Match.startGame(Match.java:77)
	at forge.view.SimulateMatch.lambda$simulateSingleMatch$0(SimulateMatch.java:213)
	at forge.view.TimeLimitedCodeBlock.lambda$runWithTimeout$0(TimeLimitedCodeBlock.java:18)
	at java.base/java.util.concurrent.FutureTask.run(FutureTask.java:317)
	at java.base/java.util.concurrent.ThreadPoolExecutor.runWorker(ThreadPoolExecutor.java:1144)
	at java.base/java.util.concurrent.ThreadPoolExecutor$Worker.run(ThreadPoolExecutor.java:642)
	at java.base/java.lang.Thread.run(Thread.java:1583)
AI eval thread at timeout:
	at forge.game.card.CardState.getReplacementEffects(CardState.java:723)
	at forge.game.card.Card.getReplacementEffects(Card.java:7055)
	at forge.game.replacement.ReplacementHandler.lambda$getReplacementList$0(ReplacementHandler.java:134)
	at forge.util.Visitor.visitAll(Visitor.java:16)
	at forge.game.Game.forEachCardInGame(Game.java:757)
	at forge.game.replacement.ReplacementHandler.getReplacementList(ReplacementHandler.java:102)
	at forge.ai.ComputerUtilMana.groupSourcesByManaColor(ComputerUtilMana.java:1537)
	at forge.ai.ComputerUtilMana.getSourcesForShards(ComputerUtilMana.java:831)
	at forge.ai.ComputerUtilMana.payManaCost(ComputerUtilMana.java:638)
	at forge.ai.ComputerUtilMana.payManaCost(ComputerUtilMana.java:74)
	at forge.ai.ComputerUtilMana.canPayManaCost(ComputerUtilMana.java:63)
	at forge.ai.ComputerUtilCost.canPayCost(ComputerUtilCost.java:634)
	at forge.ai.ComputerUtilCost.canPayCost(ComputerUtilCost.java:530)
	at forge.ai.ComputerUtilCombat.canGainKeyword(ComputerUtilCombat.java:2290)
	at forge.ai.ComputerUtilCombat.dealsFirstStrikeDamage(ComputerUtilCombat.java:2251)
	at forge.ai.ComputerUtilCombat.canDestroyBlocker(ComputerUtilCombat.java:1973)
	at forge.ai.AiBlockController.getSafeBlockers(AiBlockController.java:106)
	at forge.ai.AiBlockController.makeGoodBlocks(AiBlockController.java:198)
	at forge.ai.AiBlockController.assignBlockers(AiBlockController.java:1083)
	at forge.ai.AiBlockController.assignBlockersForCombat(AiBlockController.java:1014)
	at forge.ai.ComputerUtil.predictNextCombatsRemainingLife(ComputerUtil.java:3214)
	at forge.ai.ComputerUtil.predictNextCombatsRemainingLife(ComputerUtil.java:3179)
	at forge.ai.AiAttackController.notNeededAsBlockers(AiAttackController.java:426)
	at forge.ai.AiAttackController.declareAttackers(AiAttackController.java:1279)
	at forge.ai.ComputerUtilCard.doesSpecifiedCreatureAttackAI(ComputerUtilCard.java:820)
	at forge.ai.ComputerUtilCard.shouldPumpCard(ComputerUtilCard.java:1557)
	at forge.ai.ability.PumpAi.checkApiLogic(PumpAi.java:316)
	at forge.ai.SpellAbilityAi.canPlayWithoutRestrict(SpellAbilityAi.java:98)
	at forge.ai.SpellAbilityAi.canPlay(SpellAbilityAi.java:76)
	at forge.ai.SpellAbilityAi.canPlayWithSubs(SpellAbilityAi.java:55)
java.util.concurrent.TimeoutException
	at java.base/java.util.concurrent.FutureTask.get(FutureTask.java:204)
	at forge.ai.AiController.chooseSpellAbilityToPlayFromList(AiController.java:1696)
	at forge.ai.AiController.getSpellAbilityToPlay(AiController.java:1583)
	at forge.ai.AiController.chooseSpellAbilityToPlay(AiController.java:1403)
	at forge.ai.PlayerControllerAi.chooseSpellAbilityToPlay(PlayerControllerAi.java:832)
	at forge.game.phase.PhaseHandler.mainLoopStep(PhaseHandler.java:1056)
	at forge.game.phase.PhaseHandler.mainGameLoop(PhaseHandler.java:1035)
	at forge.game.phase.PhaseHandler.startFirstTurn(PhaseHandler.java:1029)
	at forge.game.GameAction.startGame(GameAction.java:2373)
	at forge.game.Match.startGame(Match.java:92)
	at forge.game.Match.startGame(Match.java:77)
	at forge.view.SimulateMatch.lambda$simulateSingleMatch$0(SimulateMatch.java:213)
	at forge.view.TimeLimitedCodeBlock.lambda$runWithTimeout$0(TimeLimitedCodeBlock.java:18)
	at java.base/java.util.concurrent.FutureTask.run(FutureTask.java:317)
	at java.base/java.util.concurrent.ThreadPoolExecutor.runWorker(ThreadPoolExecutor.java:1144)
	at java.base/java.util.concurrent.ThreadPoolExecutor$Worker.run(ThreadPoolExecutor.java:642)
	at java.base/java.lang.Thread.run(Thread.java:1583)
AI eval thread at timeout:
	at java.base/java.util.ArrayList.addAll(ArrayList.java:752)
	at forge.util.collect.FCollection.<init>(FCollection.java:100)
	at forge.game.card.CardState.getReplacementEffects(CardState.java:726)
	at forge.game.card.CardState.getReplacementEffects(CardState.java:723)
	at forge.game.card.Card.getReplacementEffects(Card.java:7055)
	at forge.game.replacement.ReplacementHandler.lambda$getReplacementList$0(ReplacementHandler.java:134)
	at forge.util.Visitor.visitAll(Visitor.java:16)
	at forge.game.Game.forEachCardInGame(Game.java:757)
	at forge.game.replacement.ReplacementHandler.getReplacementList(ReplacementHandler.java:102)
	at forge.game.replacement.ReplacementHandler.cantHappenCheck(ReplacementHandler.java:174)
	at forge.game.card.Card.canUntap(Card.java:4745)
	at forge.game.spellability.SpellAbility.calculateScoreForManaAbility(SpellAbility.java:2413)
	at forge.ai.ComputerUtilMana.scoreManaProducingCard(ComputerUtilMana.java:110)
	at forge.ai.ComputerUtilMana.sortManaAbilities(ComputerUtilMana.java:140)
	at forge.ai.ComputerUtilMana.getSourcesForShards(ComputerUtilMana.java:858)
	at forge.ai.ComputerUtilMana.payManaCost(ComputerUtilMana.java:638)
	at forge.ai.ComputerUtilMana.payManaCost(ComputerUtilMana.java:74)
	at forge.ai.ComputerUtilMana.canPayManaCost(ComputerUtilMana.java:63)
	at forge.ai.ComputerUtilCost.canPayCost(ComputerUtilCost.java:634)
	at forge.ai.ComputerUtilCost.canPayCost(ComputerUtilCost.java:530)
	at forge.ai.ComputerUtilCombat.canGainKeyword(ComputerUtilCombat.java:2290)
	at forge.ai.ComputerUtilCombat.hasKeyword(ComputerUtilCombat.java:2270)
	at forge.ai.ComputerUtilCombat.canDestroyBlocker(ComputerUtilCombat.java:1985)
	at forge.ai.AiBlockController.getSafeBlockers(AiBlockController.java:106)
	at forge.ai.AiBlockController.reinforceBlockersToKill(AiBlockController.java:819)
	at forge.ai.AiBlockController.assignBlockers(AiBlockController.java:1153)
	at forge.ai.AiBlockController.assignBlockersForCombat(AiBlockController.java:1014)
	at forge.ai.ComputerUtil.predictNextCombatsRemainingLife(ComputerUtil.java:3214)
	at forge.ai.ComputerUtil.predictNextCombatsRemainingLife(ComputerUtil.java:3179)
	at forge.ai.AiAttackController.notNeededAsBlockers(AiAttackController.java:426)
java.util.concurrent.TimeoutException
	at java.base/java.util.concurrent.FutureTask.get(FutureTask.java:204)
	at forge.ai.AiController.chooseSpellAbilityToPlayFromList(AiController.java:1696)
	at forge.ai.AiController.getSpellAbilityToPlay(AiController.java:1583)
	at forge.ai.AiController.chooseSpellAbilityToPlay(AiController.java:1403)
	at forge.ai.PlayerControllerAi.chooseSpellAbilityToPlay(PlayerControllerAi.java:832)
	at forge.game.phase.PhaseHandler.mainLoopStep(PhaseHandler.java:1056)
	at forge.game.phase.PhaseHandler.mainGameLoop(PhaseHandler.java:1035)
	at forge.game.phase.PhaseHandler.startFirstTurn(PhaseHandler.java:1029)
	at forge.game.GameAction.startGame(GameAction.java:2373)
	at forge.game.Match.startGame(Match.java:92)
	at forge.game.Match.startGame(Match.java:77)
	at forge.view.SimulateMatch.lambda$simulateSingleMatch$0(SimulateMatch.java:213)
	at forge.view.TimeLimitedCodeBlock.lambda$runWithTimeout$0(TimeLimitedCodeBlock.java:18)
	at java.base/java.util.concurrent.FutureTask.run(FutureTask.java:317)
	at java.base/java.util.concurrent.ThreadPoolExecutor.runWorker(ThreadPoolExecutor.java:1144)
	at java.base/java.util.concurrent.ThreadPoolExecutor$Worker.run(ThreadPoolExecutor.java:642)
	at java.base/java.lang.Thread.run(Thread.java:1583)
AI eval thread at timeout:
	at forge.game.card.Card.updateReplacementEffects(Card.java:7066)
	at forge.game.card.CardState.getReplacementEffects(CardState.java:754)
	at forge.game.card.CardState.getReplacementEffects(CardState.java:723)
	at forge.game.card.Card.getReplacementEffects(Card.java:7055)
	at forge.game.replacement.ReplacementHandler.lambda$getReplacementList$0(ReplacementHandler.java:134)
	at forge.util.Visitor.visitAll(Visitor.java:16)
	at forge.game.Game.forEachCardInGame(Game.java:760)
	at forge.game.replacement.ReplacementHandler.getReplacementList(ReplacementHandler.java:102)
	at forge.ai.ComputerUtilMana.groupSourcesByManaColor(ComputerUtilMana.java:1537)
	at forge.ai.ComputerUtilMana.getSourcesForShards(ComputerUtilMana.java:831)
	at forge.ai.ComputerUtilMana.payManaCost(ComputerUtilMana.java:638)
	at forge.ai.ComputerUtilMana.payManaCost(ComputerUtilMana.java:74)
	at forge.ai.ComputerUtilMana.canPayManaCost(ComputerUtilMana.java:63)
	at forge.ai.ComputerUtilCost.canPayCost(ComputerUtilCost.java:634)
	at forge.ai.ComputerUtilCost.canPayCost(ComputerUtilCost.java:530)
	at forge.ai.ComputerUtilCombat.canGainKeyword(ComputerUtilCombat.java:2290)
	at forge.ai.ComputerUtilCombat.dealsFirstStrikeDamage(ComputerUtilCombat.java:2251)
	at forge.ai.ComputerUtilCombat.predictPowerBonusOfBlocker(ComputerUtilCombat.java:880)
	at forge.ai.ComputerUtilCombat.canDestroyBlocker(ComputerUtilCombat.java:1905)
	at forge.ai.AiBlockController.getSafeBlockers(AiBlockController.java:106)
	at forge.ai.AiBlockController.reinforceBlockersToKill(AiBlockController.java:819)
	at forge.ai.AiBlockController.assignBlockers(AiBlockController.java:1153)
	at forge.ai.AiBlockController.assignBlockersForCombat(AiBlockController.java:1014)
	at forge.ai.ComputerUtil.predictNextCombatsRemainingLife(ComputerUtil.java:3214)
	at forge.ai.ComputerUtil.predictNextCombatsRemainingLife(ComputerUtil.java:3179)
	at forge.ai.AiAttackController.notNeededAsBlockers(AiAttackController.java:426)
	at forge.ai.AiAttackController.declareAttackers(AiAttackController.java:1279)
	at forge.ai.ComputerUtilCard.doesSpecifiedCreatureAttackAI(ComputerUtilCard.java:820)
	at forge.ai.ComputerUtilCard.shouldPumpCard(ComputerUtilCard.java:1557)
	at forge.ai.ComputerUtilCard.shouldPumpCard(ComputerUtilCard.java:1446)
java.util.concurrent.TimeoutException
	at java.base/java.util.concurrent.FutureTask.get(FutureTask.java:204)
	at forge.ai.AiController.chooseSpellAbilityToPlayFromList(AiController.java:1696)
	at forge.ai.AiController.getSpellAbilityToPlay(AiController.java:1583)
	at forge.ai.AiController.chooseSpellAbilityToPlay(AiController.java:1403)
	at forge.ai.PlayerControllerAi.chooseSpellAbilityToPlay(PlayerControllerAi.java:832)
	at forge.game.phase.PhaseHandler.mainLoopStep(PhaseHandler.java:1056)
	at forge.game.phase.PhaseHandler.mainGameLoop(PhaseHandler.java:1035)
	at forge.game.phase.PhaseHandler.startFirstTurn(PhaseHandler.java:1029)
	at forge.game.GameAction.startGame(GameAction.java:2373)
	at forge.game.Match.startGame(Match.java:92)
	at forge.game.Match.startGame(Match.java:77)
	at forge.view.SimulateMatch.lambda$simulateSingleMatch$0(SimulateMatch.java:213)
	at forge.view.TimeLimitedCodeBlock.lambda$runWithTimeout$0(TimeLimitedCodeBlock.java:18)
	at java.base/java.util.concurrent.FutureTask.run(FutureTask.java:317)
	at java.base/java.util.concurrent.ThreadPoolExecutor.runWorker(ThreadPoolExecutor.java:1144)
	at java.base/java.util.concurrent.ThreadPoolExecutor$Worker.run(ThreadPoolExecutor.java:642)
	at java.base/java.lang.Thread.run(Thread.java:1583)
AI eval thread at timeout:
	at java.base/java.util.HashMap.put(HashMap.java:618)
	at java.base/java.util.HashSet.add(HashSet.java:229)
	at forge.util.collect.FCollection.add(FCollection.java:273)
	at forge.util.collect.FCollection.addAll(FCollection.java:346)
	at forge.util.collect.FCollection.addAll(FCollection.java:325)
	at forge.game.Game.getCardsIn(Game.java:628)
	at forge.game.combat.CombatUtil.getBlockCost(CombatUtil.java:338)
	at forge.game.combat.CombatUtil.mustBlockAnAttacker(CombatUtil.java:756)
	at forge.game.combat.CombatUtil.canBlock(CombatUtil.java:953)
	at forge.ai.AiBlockController.getPossibleBlockers(AiBlockController.java:87)
	at forge.ai.AiBlockController.makeGangBlocks(AiBlockController.java:379)
	at forge.ai.AiBlockController.assignBlockers(AiBlockController.java:1152)
	at forge.ai.AiBlockController.assignBlockersForCombat(AiBlockController.java:1014)
	at forge.ai.ComputerUtil.predictNextCombatsRemainingLife(ComputerUtil.java:3214)
	at forge.ai.ComputerUtil.predictNextCombatsRemainingLife(ComputerUtil.java:3179)
	at forge.ai.AiAttackController.notNeededAsBlockers(AiAttackController.java:426)
	at forge.ai.AiAttackController.declareAttackers(AiAttackController.java:1279)
	at forge.ai.ComputerUtilCard.doesSpecifiedCreatureAttackAI(ComputerUtilCard.java:820)
	at forge.ai.ComputerUtilCard.shouldPumpCard(ComputerUtilCard.java:1557)
	at forge.ai.ComputerUtilCard.shouldPumpCard(ComputerUtilCard.java:1446)
	at forge.ai.ability.CountersPutAi.checkApiLogic(CountersPutAi.java:627)
	at forge.ai.SpellAbilityAi.canPlayWithoutRestrict(SpellAbilityAi.java:98)
	at forge.ai.SpellAbilityAi.canPlay(SpellAbilityAi.java:76)
	at forge.ai.SpellAbilityAi.canPlayWithSubs(SpellAbilityAi.java:55)
	at forge.ai.AiController.canPlaySa(AiController.java:909)
	at forge.ai.AiController.canPlayAndPayForFace(AiController.java:855)
	at forge.ai.AiController.canPlayAndPayFor(AiController.java:833)
	at forge.ai.AiController.lambda$chooseSpellAbilityToPlayFromList$9(AiController.java:1675)
	at java.base/java.util.concurrent.FutureTask.run(FutureTask.java:317)
	at java.base/java.lang.Thread.run(Thread.java:1583)
java.util.concurrent.TimeoutException
	at java.base/java.util.concurrent.FutureTask.get(FutureTask.java:204)
	at forge.ai.AiController.chooseSpellAbilityToPlayFromList(AiController.java:1696)
	at forge.ai.AiController.getSpellAbilityToPlay(AiController.java:1583)
	at forge.ai.AiController.chooseSpellAbilityToPlay(AiController.java:1403)
	at forge.ai.PlayerControllerAi.chooseSpellAbilityToPlay(PlayerControllerAi.java:832)
	at forge.game.phase.PhaseHandler.mainLoopStep(PhaseHandler.java:1056)
	at forge.game.phase.PhaseHandler.mainGameLoop(PhaseHandler.java:1035)
	at forge.game.phase.PhaseHandler.startFirstTurn(PhaseHandler.java:1029)
	at forge.game.GameAction.startGame(GameAction.java:2373)
	at forge.game.Match.startGame(Match.java:92)
	at forge.game.Match.startGame(Match.java:77)
	at forge.view.SimulateMatch.lambda$simulateSingleMatch$0(SimulateMatch.java:213)
	at forge.view.TimeLimitedCodeBlock.lambda$runWithTimeout$0(TimeLimitedCodeBlock.java:18)
	at java.base/java.util.concurrent.FutureTask.run(FutureTask.java:317)
	at java.base/java.util.concurrent.ThreadPoolExecutor.runWorker(ThreadPoolExecutor.java:1144)
	at java.base/java.util.concurrent.ThreadPoolExecutor$Worker.run(ThreadPoolExecutor.java:642)
	at java.base/java.lang.Thread.run(Thread.java:1583)
AI eval thread at timeout:
	at forge.game.keyword.KeywordCollection.applyTrigger(KeywordCollection.java:193)
	at forge.game.card.Card.updateTriggers(Card.java:7051)
	at forge.game.card.CardState.getTriggers(CardState.java:683)
	at forge.game.card.Card.getTriggers(Card.java:7031)
	at forge.ai.ComputerUtilCombat.predictPowerBonusOfAttacker(ComputerUtilCombat.java:1154)
	at forge.ai.ComputerUtilCombat.predictPowerBonusOfAttacker(ComputerUtilCombat.java:1139)
	at forge.ai.ComputerUtilCombat.damageIfUnblocked(ComputerUtilCombat.java:184)
	at forge.ai.ComputerUtilCombat.sumDamageIfUnblocked(ComputerUtilCombat.java:249)
	at forge.ai.ComputerUtilCombat.sumDamageIfUnblocked(ComputerUtilCombat.java:240)
	at forge.ai.ComputerUtilCombat.lifeThatWouldRemain(ComputerUtilCombat.java:318)
	at forge.ai.ComputerUtilCombat.lifeInDanger(ComputerUtilCombat.java:453)
	at forge.ai.ComputerUtilCombat.lifeInDanger(ComputerUtilCombat.java:390)
	at forge.ai.AiBlockController.assignBlockers(AiBlockController.java:1142)
	at forge.ai.AiBlockController.assignBlockersForCombat(AiBlockController.java:1014)
	at forge.ai.ComputerUtil.predictNextCombatsRemainingLife(ComputerUtil.java:3214)
	at forge.ai.ComputerUtil.predictNextCombatsRemainingLife(ComputerUtil.java:3179)
	at forge.ai.AiAttackController.notNeededAsBlockers(AiAttackController.java:426)
	at forge.ai.AiAttackController.declareAttackers(AiAttackController.java:1279)
	at forge.ai.ComputerUtilCard.doesSpecifiedCreatureAttackAI(ComputerUtilCard.java:820)
	at forge.ai.ComputerUtilCard.shouldPumpCard(ComputerUtilCard.java:1557)
	at forge.ai.ComputerUtilCard.shouldPumpCard(ComputerUtilCard.java:1446)
	at forge.ai.ability.CountersPutAi.checkApiLogic(CountersPutAi.java:627)
	at forge.ai.SpellAbilityAi.canPlayWithoutRestrict(SpellAbilityAi.java:98)
	at forge.ai.SpellAbilityAi.canPlay(SpellAbilityAi.java:76)
	at forge.ai.SpellAbilityAi.canPlayWithSubs(SpellAbilityAi.java:55)
	at forge.ai.AiController.canPlaySa(AiController.java:909)
	at forge.ai.AiController.canPlayAndPayForFace(AiController.java:855)
	at forge.ai.AiController.canPlayAndPayFor(AiController.java:833)
	at forge.ai.AiController.lambda$chooseSpellAbilityToPlayFromList$9(AiController.java:1675)
	at java.base/java.util.concurrent.FutureTask.run(FutureTask.java:317)
Stopping slow match as draw
Mulligan: Ai(4)-mm-baylen-tokens has mulliganed down to 7 cards.
Mulligan: Ai(1)-mm-zur-enchantress has kept a hand of 7 cards
Mulligan: Ai(2)-mm-giada-angels has kept a hand of 7 cards
Mulligan: Ai(3)-mm-vito has kept a hand of 7 cards
Mulligan: Ai(4)-mm-baylen-tokens has kept a hand of 7 cards
Turn: Turn 1 (Ai(1)-mm-zur-enchantress)
Phase: Ai(1)-mm-zur-enchantress' Untap step
Phase: Ai(1)-mm-zur-enchantress' Upkeep step
Phase: Ai(1)-mm-zur-enchantress' Draw step
Phase: Ai(1)-mm-zur-enchantress' Main phase, precombat
Land: Ai(1)-mm-zur-enchantress played Island (35)
Phase: Ai(1)-mm-zur-enchantress' Beginning of Combat Step
Phase: Ai(1)-mm-zur-enchantress' Declare Attackers Step
Phase: Ai(1)-mm-zur-enchantress' Declare Blockers Step
Phase: Ai(1)-mm-zur-enchantress' First Strike Damage Step
Phase: Ai(1)-mm-zur-enchantress' Combat Damage Step
Phase: Ai(1)-mm-zur-enchantress' End of Combat Step
Phase: Ai(1)-mm-zur-enchantress' Main phase, postcombat
Phase: Ai(1)-mm-zur-enchantress' End step
Phase: Ai(1)-mm-zur-enchantress' Cleanup step
Turn: Turn 2 (Ai(2)-mm-giada-angels)
Phase: Ai(2)-mm-giada-angels' Untap step
Phase: Ai(2)-mm-giada-angels' Upkeep step
Phase: Ai(2)-mm-giada-angels' Draw step
Phase: Ai(2)-mm-giada-angels' Main phase, precombat
Land: Ai(2)-mm-giada-angels played Plains (188)
Phase: Ai(2)-mm-giada-angels' Beginning of Combat Step
Phase: Ai(2)-mm-giada-angels' Declare Attackers Step
Phase: Ai(2)-mm-giada-angels' Declare Blockers Step
Phase: Ai(2)-mm-giada-angels' First Strike Damage Step
Phase: Ai(2)-mm-giada-angels' Combat Damage Step
Phase: Ai(2)-mm-giada-angels' End of Combat Step
Phase: Ai(2)-mm-giada-angels' Main phase, postcombat
Phase: Ai(2)-mm-giada-angels' End step
Phase: Ai(2)-mm-giada-angels' Cleanup step
Turn: Turn 3 (Ai(3)-mm-vito)
Phase: Ai(3)-mm-vito's Untap step
Phase: Ai(3)-mm-vito's Upkeep step
Phase: Ai(3)-mm-vito's Draw step
Phase: Ai(3)-mm-vito's Main phase, precombat
Land: Ai(3)-mm-vito played Swamp (245)
Phase: Ai(3)-mm-vito's Beginning of Combat Step
Phase: Ai(3)-mm-vito's Declare Attackers Step
Phase: Ai(3)-mm-vito's Declare Blockers Step
Phase: Ai(3)-mm-vito's First Strike Damage Step
Phase: Ai(3)-mm-vito's Combat Damage Step
Phase: Ai(3)-mm-vito's End of Combat Step
Phase: Ai(3)-mm-vito's Main phase, postcombat
Phase: Ai(3)-mm-vito's End step
Phase: Ai(3)-mm-vito's Cleanup step
Turn: Turn 4 (Ai(4)-mm-baylen-tokens)
Phase: Ai(4)-mm-baylen-tokens' Untap step
Phase: Ai(4)-mm-baylen-tokens' Upkeep step
Phase: Ai(4)-mm-baylen-tokens' Draw step
Phase: Ai(4)-mm-baylen-tokens' Main phase, precombat
Land: Ai(4)-mm-baylen-tokens played Plains (389)
Phase: Ai(4)-mm-baylen-tokens' Beginning of Combat Step
Phase: Ai(4)-mm-baylen-tokens' Declare Attackers Step
Phase: Ai(4)-mm-baylen-tokens' Declare Blockers Step
Phase: Ai(4)-mm-baylen-tokens' First Strike Damage Step
Phase: Ai(4)-mm-baylen-tokens' Combat Damage Step
Phase: Ai(4)-mm-baylen-tokens' End of Combat Step
Phase: Ai(4)-mm-baylen-tokens' Main phase, postcombat
Phase: Ai(4)-mm-baylen-tokens' End step
Phase: Ai(4)-mm-baylen-tokens' Cleanup step
Turn: Turn 5 (Ai(1)-mm-zur-enchantress)
Phase: Ai(1)-mm-zur-enchantress' Untap step
Phase: Ai(1)-mm-zur-enchantress' Upkeep step
Phase: Ai(1)-mm-zur-enchantress' Draw step
Phase: Ai(1)-mm-zur-enchantress' Main phase, precombat
Land: Ai(1)-mm-zur-enchantress played Swamp (55)
Phase: Ai(1)-mm-zur-enchantress' Beginning of Combat Step
Phase: Ai(1)-mm-zur-enchantress' Declare Attackers Step
Phase: Ai(1)-mm-zur-enchantress' Declare Blockers Step
Phase: Ai(1)-mm-zur-enchantress' First Strike Damage Step
Phase: Ai(1)-mm-zur-enchantress' Combat Damage Step
Phase: Ai(1)-mm-zur-enchantress' End of Combat Step
Phase: Ai(1)-mm-zur-enchantress' Main phase, postcombat
Mana: Swamp (55) - {T}: Add {B}.
Mana: Island (35) - {T}: Add {U}.
Add To Stack: Ai(1)-mm-zur-enchantress cast Swiftfoot Boots
Resolve Stack: Swiftfoot Boots
Phase: Ai(1)-mm-zur-enchantress' End step
Phase: Ai(1)-mm-zur-enchantress' Cleanup step
Turn: Turn 6 (Ai(2)-mm-giada-angels)
Phase: Ai(2)-mm-giada-angels' Untap step
Phase: Ai(2)-mm-giada-angels' Upkeep step
Phase: Ai(2)-mm-giada-angels' Draw step
Phase: Ai(2)-mm-giada-angels' Main phase, precombat
Replacement Effect: As Cavern of Souls enters, choose a creature type.
Land: Ai(2)-mm-giada-angels played Cavern of Souls (156)
Phase: Ai(2)-mm-giada-angels' Beginning of Combat Step
Phase: Ai(2)-mm-giada-angels' Declare Attackers Step
Phase: Ai(2)-mm-giada-angels' Declare Blockers Step
Phase: Ai(2)-mm-giada-angels' First Strike Damage Step
Phase: Ai(2)-mm-giada-angels' Combat Damage Step
Phase: Ai(2)-mm-giada-angels' End of Combat Step
Phase: Ai(2)-mm-giada-angels' Main phase, postcombat
Mana: Plains (188) - {T}: Add {W}.
Mana: Cavern of Souls (156) - {T}: Add one mana of any color. Spend this mana only to cast a creature spell of the chosen type, and that spell can't be countered.
Add To Stack: Ai(2)-mm-giada-angels cast Giada, Font of Hope
Resolve Stack: Giada, Font of Hope - Creature 2 / 2
Phase: Ai(2)-mm-giada-angels' End step
Mana: Plains (389) - {T}: Add {W}.
Add To Stack: Ai(4)-mm-baylen-tokens cast Swords to Plowshares targeting [Giada, Font of Hope (200)]
Zone Change: Giada, Font of Hope (200) was put into Exile from Battlefield.
Life: Life: Ai(2)-mm-giada-angels 40 > 42
Resolve Stack: Swords to Plowshares (341) - Exile Giada, Font of Hope (200). Ai(2)-mm-giada-angels gains life equal to its power.
Phase: Ai(2)-mm-giada-angels' Cleanup step
Turn: Turn 7 (Ai(3)-mm-vito)
Phase: Ai(3)-mm-vito's Untap step
Phase: Ai(3)-mm-vito's Upkeep step
Phase: Ai(3)-mm-vito's Draw step
Phase: Ai(3)-mm-vito's Main phase, precombat
Land: Ai(3)-mm-vito played Swamp (260)
Phase: Ai(3)-mm-vito's Beginning of Combat Step
Phase: Ai(3)-mm-vito's Declare Attackers Step
Phase: Ai(3)-mm-vito's Declare Blockers Step
Phase: Ai(3)-mm-vito's First Strike Damage Step
Phase: Ai(3)-mm-vito's Combat Damage Step
Phase: Ai(3)-mm-vito's End of Combat Step
Phase: Ai(3)-mm-vito's Main phase, postcombat
Phase: Ai(3)-mm-vito's End step
Phase: Ai(3)-mm-vito's Cleanup step
Turn: Turn 8 (Ai(4)-mm-baylen-tokens)
Phase: Ai(4)-mm-baylen-tokens' Untap step
Phase: Ai(4)-mm-baylen-tokens' Upkeep step
Phase: Ai(4)-mm-baylen-tokens' Draw step
Phase: Ai(4)-mm-baylen-tokens' Main phase, precombat
Replacement Effect: Clifftop Retreat enters tapped unless you control a Mountain or a Plains.
Land: Ai(4)-mm-baylen-tokens played Clifftop Retreat (330)
Phase: Ai(4)-mm-baylen-tokens' Beginning of Combat Step
Phase: Ai(4)-mm-baylen-tokens' Declare Attackers Step
Phase: Ai(4)-mm-baylen-tokens' Declare Blockers Step
Phase: Ai(4)-mm-baylen-tokens' First Strike Damage Step
Phase: Ai(4)-mm-baylen-tokens' Combat Damage Step
Phase: Ai(4)-mm-baylen-tokens' End of Combat Step
Phase: Ai(4)-mm-baylen-tokens' Main phase, postcombat
Mana: Plains (389) - {T}: Add {W}.
Mana: Clifftop Retreat (330) - {T}: Add {R} or {W}.
Add To Stack: Ai(4)-mm-baylen-tokens cast Hare Apparent
Resolve Stack: Hare Apparent - Creature 2 / 2
Add To Stack: Ai(4)-mm-baylen-tokens triggered Hare Apparent
Resolve Stack: When this creature enters, create a number of 1/1 white Rabbit creature tokens equal to the number of other creatures you control named Hare Apparent. [Zone Changer: Hare Apparent (352)]
Phase: Ai(4)-mm-baylen-tokens' End step
Phase: Ai(4)-mm-baylen-tokens' Cleanup step
Turn: Turn 9 (Ai(1)-mm-zur-enchantress)
Phase: Ai(1)-mm-zur-enchantress' Untap step
Phase: Ai(1)-mm-zur-enchantress' Upkeep step
Phase: Ai(1)-mm-zur-enchantress' Draw step
Phase: Ai(1)-mm-zur-enchantress' Main phase, precombat
Land: Ai(1)-mm-zur-enchantress played Hidden Grotto (77)
Add To Stack: Ai(1)-mm-zur-enchantress triggered Hidden Grotto
Resolve Stack: Ai(1)-mm-zur-enchantress surveiled 1 card(s) to the top of the library
Resolve Stack: When Hidden Grotto enters, surveil 1. (Look at the top card of your library. You may put it into your graveyard.) [Zone Changer: Hidden Grotto (77)]
Phase: Ai(1)-mm-zur-enchantress' Beginning of Combat Step
Phase: Ai(1)-mm-zur-enchantress' Declare Attackers Step
Phase: Ai(1)-mm-zur-enchantress' Declare Blockers Step
Phase: Ai(1)-mm-zur-enchantress' First Strike Damage Step
Phase: Ai(1)-mm-zur-enchantress' Combat Damage Step
Phase: Ai(1)-mm-zur-enchantress' End of Combat Step
Phase: Ai(1)-mm-zur-enchantress' Main phase, postcombat
Mana: Swamp (55) - {T}: Add {B}.
Mana: Island (35) - {T}: Add {U}.
Mana: Hidden Grotto (77) - {T}: Add {C}.
Add To Stack: Ai(1)-mm-zur-enchantress cast Sword of Hearth and Home
Resolve Stack: Sword of Hearth and Home
Phase: Ai(1)-mm-zur-enchantress' End step
Phase: Ai(1)-mm-zur-enchantress' Cleanup step
Turn: Turn 10 (Ai(2)-mm-giada-angels)
Phase: Ai(2)-mm-giada-angels' Untap step
Phase: Ai(2)-mm-giada-angels' Upkeep step
Phase: Ai(2)-mm-giada-angels' Draw step
Phase: Ai(2)-mm-giada-angels' Main phase, precombat
Land: Ai(2)-mm-giada-angels played Plains (180)
Phase: Ai(2)-mm-giada-angels' Beginning of Combat Step
Phase: Ai(2)-mm-giada-angels' Declare Attackers Step
Phase: Ai(2)-mm-giada-angels' Declare Blockers Step
Phase: Ai(2)-mm-giada-angels' First Strike Damage Step
Phase: Ai(2)-mm-giada-angels' Combat Damage Step
Phase: Ai(2)-mm-giada-angels' End of Combat Step
Phase: Ai(2)-mm-giada-angels' Main phase, postcombat
Mana: Plains (188) - {T}: Add {W}.
Mana: Plains (180) - {T}: Add {W}.
Add To Stack: Ai(2)-mm-giada-angels cast Folk Hero
Resolve Stack: Folk Hero
Phase: Ai(2)-mm-giada-angels' End step
Phase: Ai(2)-mm-giada-angels' Cleanup step
Turn: Turn 11 (Ai(3)-mm-vito)
Phase: Ai(3)-mm-vito's Untap step
Phase: Ai(3)-mm-vito's Upkeep step
Phase: Ai(3)-mm-vito's Draw step
Phase: Ai(3)-mm-vito's Main phase, precombat
Land: Ai(3)-mm-vito played Swamp (259)
Phase: Ai(3)-mm-vito's Beginning of Combat Step
Phase: Ai(3)-mm-vito's Declare Attackers Step
Phase: Ai(3)-mm-vito's Declare Blockers Step
Phase: Ai(3)-mm-vito's First Strike Damage Step
Phase: Ai(3)-mm-vito's Combat Damage Step
Phase: Ai(3)-mm-vito's End of Combat Step
Phase: Ai(3)-mm-vito's Main phase, postcombat
Mana: Swamp (245) - {T}: Add {B}.
Mana: Swamp (260) - {T}: Add {B}.
Mana: Swamp (259) - {T}: Add {B}.
Add To Stack: Ai(3)-mm-vito cast Vampire Nighthawk
Resolve Stack: Vampire Nighthawk - Creature 2 / 3
Phase: Ai(3)-mm-vito's End step
Phase: Ai(3)-mm-vito's Cleanup step
Turn: Turn 12 (Ai(4)-mm-baylen-tokens)
Phase: Ai(4)-mm-baylen-tokens' Untap step
Phase: Ai(4)-mm-baylen-tokens' Upkeep step
Mana: Plains (389) - {T}: Add {W}.
Add To Stack: Ai(4)-mm-baylen-tokens cast Path to Exile targeting [Vampire Nighthawk (272)]
Zone Change: Vampire Nighthawk (272) was put into Exile from Battlefield.
Resolve Stack: Path to Exile (307) - Exile Vampire Nighthawk (272). Ai(3)-mm-vito may search their library for a basic land card, put that card onto the battlefield tapped, then shuffle their library. 
Phase: Ai(4)-mm-baylen-tokens' Draw step
Phase: Ai(4)-mm-baylen-tokens' Main phase, precombat
Land: Ai(4)-mm-baylen-tokens played Forest (329)
Mana: Clifftop Retreat (330) - {T}: Add {R} or {W}.
Mana: Forest (329) - {T}: Add {G}.
Add To Stack: Ai(4)-mm-baylen-tokens cast Hare Apparent
Resolve Stack: Hare Apparent - Creature 2 / 2
Add To Stack: Ai(4)-mm-baylen-tokens triggered Hare Apparent
Resolve Stack: When this creature enters, create a number of 1/1 white Rabbit creature tokens equal to the number of other creatures you control named Hare Apparent. [Zone Changer: Hare Apparent (344)]
Phase: Ai(4)-mm-baylen-tokens' Beginning of Combat Step
Phase: Ai(4)-mm-baylen-tokens' Declare Attackers Step
Combat: Ai(4)-mm-baylen-tokens assigned Hare Apparent (352) to attack Ai(1)-mm-zur-enchantress.
Phase: Ai(4)-mm-baylen-tokens' Declare Blockers Step
Combat: Ai(1)-mm-zur-enchantress didn't block Hare Apparent (352).
Phase: Ai(4)-mm-baylen-tokens' First Strike Damage Step
Phase: Ai(4)-mm-baylen-tokens' Combat Damage Step
Damage: Hare Apparent (352) deals 2 combat damage to Ai(1)-mm-zur-enchantress.
Life: Life: Ai(1)-mm-zur-enchantress 40 > 38
Phase: Ai(4)-mm-baylen-tokens' End of Combat Step
Phase: Ai(4)-mm-baylen-tokens' Main phase, postcombat
Phase: Ai(4)-mm-baylen-tokens' End step
Phase: Ai(4)-mm-baylen-tokens' Cleanup step
Turn: Turn 13 (Ai(1)-mm-zur-enchantress)
Phase: Ai(1)-mm-zur-enchantress' Untap step
Phase: Ai(1)-mm-zur-enchantress' Upkeep step
Phase: Ai(1)-mm-zur-enchantress' Draw step
Phase: Ai(1)-mm-zur-enchantress' Main phase, precombat
Land: Ai(1)-mm-zur-enchantress played Talon Gates of Madara (4)
Add To Stack: Ai(1)-mm-zur-enchantress triggered Talon Gates of Madara targeting []
Resolve Stack: When Talon Gates of Madara enters, up to one target creature phases out. (Targeting: [[]]) [Zone Changer: Talon Gates of Madara (4)]
Mana: Island (35) - {T}: Add {U}.
Mana: Swamp (55) - {T}: Add {B}.
Mana: Hidden Grotto (77) - {T}: Add {C}.
Mana: Talon Gates of Madara (4) - {T}: Add {C}.
Add To Stack: Ai(1)-mm-zur-enchantress cast Schema Thief
Resolve Stack: Schema Thief - Creature 3 / 3
Phase: Ai(1)-mm-zur-enchantress' Beginning of Combat Step
Phase: Ai(1)-mm-zur-enchantress' Declare Attackers Step
Phase: Ai(1)-mm-zur-enchantress' Declare Blockers Step
Phase: Ai(1)-mm-zur-enchantress' First Strike Damage Step
Phase: Ai(1)-mm-zur-enchantress' Combat Damage Step
Phase: Ai(1)-mm-zur-enchantress' End of Combat Step
Phase: Ai(1)-mm-zur-enchantress' Main phase, postcombat
Phase: Ai(1)-mm-zur-enchantress' End step
Phase: Ai(1)-mm-zur-enchantress' Cleanup step
Turn: Turn 14 (Ai(2)-mm-giada-angels)
Phase: Ai(2)-mm-giada-angels' Untap step
Phase: Ai(2)-mm-giada-angels' Upkeep step
Phase: Ai(2)-mm-giada-angels' Draw step
Mana: Plains (188) - {T}: Add {W}.
Mana: Plains (180) - {T}: Add {W}.
Mana: Cavern of Souls (156) - {T}: Add {C}.
Add To Stack: Ai(2)-mm-giada-angels cast Stroke of Midnight targeting [Schema Thief (95)]
Zone Change: Schema Thief (95) was put into Graveyard from Battlefield.
Resolve Stack: Stroke of Midnight (165) - Destroy Schema Thief (95). 
Phase: Ai(2)-mm-giada-angels' Main phase, precombat
Land: Ai(2)-mm-giada-angels played Plains (190)
Phase: Ai(2)-mm-giada-angels' Beginning of Combat Step
Phase: Ai(2)-mm-giada-angels' Declare Attackers Step
Phase: Ai(2)-mm-giada-angels' Declare Blockers Step
Phase: Ai(2)-mm-giada-angels' First Strike Damage Step
Phase: Ai(2)-mm-giada-angels' Combat Damage Step
Phase: Ai(2)-mm-giada-angels' End of Combat Step
Phase: Ai(2)-mm-giada-angels' Main phase, postcombat
Phase: Ai(2)-mm-giada-angels' End step
Phase: Ai(2)-mm-giada-angels' Cleanup step
Turn: Turn 15 (Ai(3)-mm-vito)
Phase: Ai(3)-mm-vito's Untap step
Phase: Ai(3)-mm-vito's Upkeep step
Phase: Ai(3)-mm-vito's Draw step
Mana: Plains (190) - {T}: Add {W}.
Add To Stack: Ai(2)-mm-giada-angels cast Path to Exile targeting [Hare Apparent (344)]
Zone Change: Hare Apparent (344) was put into Exile from Battlefield.
Resolve Stack: Path to Exile (108) - Exile Hare Apparent (344). Ai(4)-mm-baylen-tokens may search their library for a basic land card, put that card onto the battlefield tapped, then shuffle their library. 
Phase: Ai(3)-mm-vito's Main phase, precombat
Land: Ai(3)-mm-vito played Swamp (249)
Phase: Ai(3)-mm-vito's Beginning of Combat Step
Phase: Ai(3)-mm-vito's Declare Attackers Step
Phase: Ai(3)-mm-vito's Declare Blockers Step
Phase: Ai(3)-mm-vito's First Strike Damage Step
Phase: Ai(3)-mm-vito's Combat Damage Step
Phase: Ai(3)-mm-vito's End of Combat Step
Phase: Ai(3)-mm-vito's Main phase, postcombat
Mana: Swamp (245) - {T}: Add {B}.
Mana: Swamp (260) - {T}: Add {B}.
Mana: Swamp (259) - {T}: Add {B}.
Mana: Swamp (263) - {T}: Add {B}.
Add To Stack: Ai(3)-mm-vito cast Sanctum Seeker
Resolve Stack: Sanctum Seeker - Creature 3 / 4
Phase: Ai(3)-mm-vito's End step
Phase: Ai(3)-mm-vito's Cleanup step
Turn: Turn 16 (Ai(4)-mm-baylen-tokens)
Phase: Ai(4)-mm-baylen-tokens' Untap step
Phase: Ai(4)-mm-baylen-tokens' Upkeep step
Phase: Ai(4)-mm-baylen-tokens' Draw step
Mana: Forest (329) - {T}: Add {G}.
Mana: Plains (389) - {T}: Add {W}.
Add To Stack: Ai(4)-mm-baylen-tokens cast Aura Mutation targeting [Folk Hero (130)]
Zone Change: Folk Hero (130) was put into Graveyard from Battlefield.
Resolve Stack: Aura Mutation (368) - Destroy Folk Hero (130). 
Phase: Ai(4)-mm-baylen-tokens' Main phase, precombat
Phase: Ai(4)-mm-baylen-tokens' Beginning of Combat Step
Phase: Ai(4)-mm-baylen-tokens' Declare Attackers Step
Combat: Ai(4)-mm-baylen-tokens assigned Hare Apparent (352) and Rabbit Token (412) to attack Ai(1)-mm-zur-enchantress.
Phase: Ai(4)-mm-baylen-tokens' Declare Blockers Step
Combat: Ai(1)-mm-zur-enchantress didn't block Hare Apparent (352).
Ai(1)-mm-zur-enchantress didn't block Rabbit Token (412).
Phase: Ai(4)-mm-baylen-tokens' First Strike Damage Step
Phase: Ai(4)-mm-baylen-tokens' Combat Damage Step
Damage: Hare Apparent (352) deals 2 combat damage to Ai(1)-mm-zur-enchantress.
Damage: Rabbit Token (412) deals 1 combat damage to Ai(1)-mm-zur-enchantress.
Life: Life: Ai(1)-mm-zur-enchantress 38 > 35
Phase: Ai(4)-mm-baylen-tokens' End of Combat Step
Phase: Ai(4)-mm-baylen-tokens' Main phase, postcombat
Land: Ai(4)-mm-baylen-tokens played Plains (388)
Mana: Mountain (385) - {T}: Add {R}.
Mana: Plains (388) - {T}: Add {W}.
Add To Stack: Ai(4)-mm-baylen-tokens cast Idol of Oblivion
Resolve Stack: Idol of Oblivion
Add To Stack: Ai(4)-mm-baylen-tokens activated Idol of Oblivion
Resolve Stack: Idol of Oblivion (374) - Ai(4)-mm-baylen-tokens draws a card.
Phase: Ai(4)-mm-baylen-tokens' End step
Phase: Ai(4)-mm-baylen-tokens' Cleanup step
Turn: Turn 17 (Ai(1)-mm-zur-enchantress)
Phase: Ai(1)-mm-zur-enchantress' Untap step
Phase: Ai(1)-mm-zur-enchantress' Upkeep step
Phase: Ai(1)-mm-zur-enchantress' Draw step
Phase: Ai(1)-mm-zur-enchantress' Main phase, precombat
Land: Ai(1)-mm-zur-enchantress played Mana Confluence (68)
Life: Life: Ai(1)-mm-zur-enchantress 35 > 34
Mana: Mana Confluence (68) - {T}, Pay 1 life: Add one mana of any color.
Mana: Island (35) - {T}: Add {U}.
Mana: Swamp (55) - {T}: Add {B}.
Mana: Hidden Grotto (77) - {T}: Add {C}.
Add To Stack: Ai(1)-mm-zur-enchantress cast Zur the Enchanter
Resolve Stack: Zur the Enchanter - Creature 1 / 4
Mana: Talon Gates of Madara (4) - {T}: Add {C}.
Add To Stack: Ai(1)-mm-zur-enchantress activated Swiftfoot Boots targeting [Zur the Enchanter (99)]
Resolve Stack: Swiftfoot Boots (50) -  Attach to Zur the Enchanter (99)
Phase: Ai(1)-mm-zur-enchantress' Beginning of Combat Step
Phase: Ai(1)-mm-zur-enchantress' Declare Attackers Step
Combat: Ai(1)-mm-zur-enchantress assigned Zur the Enchanter (99) to attack Ai(4)-mm-baylen-tokens.
Add To Stack: Ai(1)-mm-zur-enchantress triggered Zur the Enchanter
Resolve Stack: Whenever Zur the Enchanter attacks, you may search your library for an enchantment card with mana value 3 or less, put it onto the battlefield, then shuffle. [Attacker: Zur the Enchanter (99)]
Phase: Ai(1)-mm-zur-enchantress' Declare Blockers Step
Combat: Ai(4)-mm-baylen-tokens didn't block Zur the Enchanter (99).
Phase: Ai(1)-mm-zur-enchantress' First Strike Damage Step
Phase: Ai(1)-mm-zur-enchantress' Combat Damage Step
Damage: Zur the Enchanter (99) deals 1 combat damage to Ai(4)-mm-baylen-tokens.
Life: Life: Ai(4)-mm-baylen-tokens 40 > 39
Phase: Ai(1)-mm-zur-enchantress' End of Combat Step
Phase: Ai(1)-mm-zur-enchantress' Main phase, postcombat
Phase: Ai(1)-mm-zur-enchantress' End step
Phase: Ai(1)-mm-zur-enchantress' Cleanup step
Turn: Turn 18 (Ai(2)-mm-giada-angels)
Phase: Ai(2)-mm-giada-angels' Untap step
Phase: Ai(2)-mm-giada-angels' Upkeep step
Phase: Ai(2)-mm-giada-angels' Draw step
Phase: Ai(2)-mm-giada-angels' Main phase, precombat
Land: Ai(2)-mm-giada-angels played Plains (191)
Phase: Ai(2)-mm-giada-angels' Beginning of Combat Step
Phase: Ai(2)-mm-giada-angels' Declare Attackers Step
Phase: Ai(2)-mm-giada-angels' Declare Blockers Step
Phase: Ai(2)-mm-giada-angels' First Strike Damage Step
Phase: Ai(2)-mm-giada-angels' Combat Damage Step
Phase: Ai(2)-mm-giada-angels' End of Combat Step
Phase: Ai(2)-mm-giada-angels' Main phase, postcombat
Mana: Plains (188) - {T}: Add {W}.
Mana: Plains (180) - {T}: Add {W}.
Mana: Plains (190) - {T}: Add {W}.
Mana: Plains (191) - {T}: Add {W}.
Add To Stack: Ai(2)-mm-giada-angels cast Firemane Commando
Resolve Stack: Firemane Commando - Creature 4 / 3
Phase: Ai(2)-mm-giada-angels' End step
Phase: Ai(2)-mm-giada-angels' Cleanup step
Turn: Turn 19 (Ai(3)-mm-vito)
Phase: Ai(3)-mm-vito's Untap step
Phase: Ai(3)-mm-vito's Upkeep step
Mana: Swamp (245) - {T}: Add {B}.
Mana: Swamp (260) - {T}: Add {B}.
Mana: Swamp (259) - {T}: Add {B}.
Mana: Swamp (263) - {T}: Add {B}.
Add To Stack: Ai(3)-mm-vito cast Tendrils of Corruption targeting [Human Token (414)]
Damage: Tendrils of Corruption (279) deals 5 damage to Human Token (414).
Life: Life: Ai(3)-mm-vito 40 > 45
Resolve Stack: Tendrils of Corruption (279) - Tendrils of Corruption (279) deals 5 damage to Human Token (414). Ai(3)-mm-vito gains 5 life.
Zone Change: Human Token (414) was put into Graveyard from Battlefield.
Zone Change: Endless Evil (49) was put into Graveyard from Battlefield.
Phase: Ai(3)-mm-vito's Draw step
Phase: Ai(3)-mm-vito's Main phase, precombat
Phase: Ai(3)-mm-vito's Beginning of Combat Step
Phase: Ai(3)-mm-vito's Declare Attackers Step
Combat: Ai(3)-mm-vito assigned Sanctum Seeker (203) to attack Ai(4)-mm-baylen-tokens.
Add To Stack: Ai(3)-mm-vito triggered Sanctum Seeker
Life: Life: Ai(4)-mm-baylen-tokens 39 > 38
Life: Life: Ai(1)-mm-zur-enchantress 34 > 33
Life: Life: Ai(2)-mm-giada-angels 42 > 41
Life: Life: Ai(3)-mm-vito 45 > 46
Resolve Stack: Whenever a Vampire you control attacks, each opponent loses 1 life and you gain 1 life. [Attacker: Sanctum Seeker (203)]
Phase: Ai(3)-mm-vito's Declare Blockers Step
Combat: Ai(4)-mm-baylen-tokens didn't block Sanctum Seeker (203).
Phase: Ai(3)-mm-vito's First Strike Damage Step
Phase: Ai(3)-mm-vito's Combat Damage Step
Damage: Sanctum Seeker (203) deals 3 combat damage to Ai(4)-mm-baylen-tokens.
Life: Life: Ai(4)-mm-baylen-tokens 38 > 35
Phase: Ai(3)-mm-vito's End of Combat Step
Phase: Ai(3)-mm-vito's Main phase, postcombat
Phase: Ai(3)-mm-vito's End step
Phase: Ai(3)-mm-vito's Cleanup step
Turn: Turn 20 (Ai(4)-mm-baylen-tokens)
Phase: Ai(4)-mm-baylen-tokens' Untap step
Phase: Ai(4)-mm-baylen-tokens' Upkeep step
Phase: Ai(4)-mm-baylen-tokens' Draw step
Phase: Ai(4)-mm-baylen-tokens' Main phase, precombat
Replacement Effect: Spectator Seating enters tapped unless you have two or more opponents.
Land: Ai(4)-mm-baylen-tokens played Spectator Seating (380)
Phase: Ai(4)-mm-baylen-tokens' Beginning of Combat Step
Phase: Ai(4)-mm-baylen-tokens' Declare Attackers Step
Combat: Ai(4)-mm-baylen-tokens assigned Hare Apparent (352), Rabbit Token (412), Saproling Token (416) and Saproling Token (417) to attack Ai(1)-mm-zur-enchantress.
Add To Stack: Ai(2)-mm-giada-angels triggered Firemane Commando
Resolve Stack: Whenever another player attacks with two or more creatures, they draw a card if none of those creatures attacked you. [Number Attackers: [Hare Apparent (352), Rabbit Token (412), Saproling Token (416), Saproling Token (417)]]
Phase: Ai(4)-mm-baylen-tokens' Declare Blockers Step
Combat: Ai(1)-mm-zur-enchantress didn't block Hare Apparent (352).
Ai(1)-mm-zur-enchantress didn't block Rabbit Token (412).
Ai(1)-mm-zur-enchantress didn't block Saproling Token (416).
Ai(1)-mm-zur-enchantress didn't block Saproling Token (417).
Phase: Ai(4)-mm-baylen-tokens' First Strike Damage Step
Phase: Ai(4)-mm-baylen-tokens' Combat Damage Step
Damage: Hare Apparent (352) deals 2 combat damage to Ai(1)-mm-zur-enchantress.
Damage: Rabbit Token (412) deals 1 combat damage to Ai(1)-mm-zur-enchantress.
Damage: Saproling Token (416) deals 1 combat damage to Ai(1)-mm-zur-enchantress.
Damage: Saproling Token (417) deals 1 combat damage to Ai(1)-mm-zur-enchantress.
Life: Life: Ai(1)-mm-zur-enchantress 33 > 28
Phase: Ai(4)-mm-baylen-tokens' End of Combat Step
Phase: Ai(4)-mm-baylen-tokens' Main phase, postcombat
Mana: Forest (329) - {T}: Add {G}.
Mana: Mountain (385) - {T}: Add {R}.
Mana: Plains (389) - {T}: Add {W}.
Add To Stack: Ai(4)-mm-baylen-tokens cast Baylen, the Haymaker
Resolve Stack: Baylen, the Haymaker - Creature 4 / 3
Phase: Ai(4)-mm-baylen-tokens' End step
Phase: Ai(4)-mm-baylen-tokens' Cleanup step
Turn: Turn 21 (Ai(1)-mm-zur-enchantress)
Phase: Ai(1)-mm-zur-enchantress' Untap step
Phase: Ai(1)-mm-zur-enchantress' Upkeep step
Phase: Ai(1)-mm-zur-enchantress' Draw step
Phase: Ai(1)-mm-zur-enchantress' Main phase, precombat
Land: Ai(1)-mm-zur-enchantress played City of Brass (47)
Mana: Swamp (55) - {T}: Add {B}.
Mana: Island (35) - {T}: Add {U}.
Add To Stack: Ai(1)-mm-zur-enchantress activated Sword of Hearth and Home targeting [Zur the Enchanter (99)]
Resolve Stack: Sword of Hearth and Home (93) -  Attach to Zur the Enchanter (99)
Mana: City of Brass (47) - {T}: Add one mana of any color.
Mana: Hidden Grotto (77) - {T}: Add {C}.
Add To Stack: Ai(1)-mm-zur-enchantress cast Brotherhood Regalia
Add To Stack: Ai(1)-mm-zur-enchantress triggered City of Brass
Damage: City of Brass (47) deals 1 non-combat damage to Ai(1)-mm-zur-enchantress.
Life: Life: Ai(1)-mm-zur-enchantress 28 > 27
Resolve Stack: Whenever City of Brass becomes tapped, it deals 1 damage to you. [Tapped: City of Brass (47)]
Resolve Stack: Brotherhood Regalia
Mana: Talon Gates of Madara (4) - {T}: Add {C}.
Add To Stack: Ai(1)-mm-zur-enchantress activated Brotherhood Regalia targeting [Zur the Enchanter (99)]
Resolve Stack: Brotherhood Regalia (94) -  Attach to Zur the Enchanter (99)
Phase: Ai(1)-mm-zur-enchantress' Beginning of Combat Step
Phase: Ai(1)-mm-zur-enchantress' Declare Attackers Step
Combat: Ai(1)-mm-zur-enchantress assigned Zur the Enchanter (99) to attack Ai(4)-mm-baylen-tokens.
Add To Stack: Ai(1)-mm-zur-enchantress triggered Zur the Enchanter
Replacement Effect: The Restoration of Eiganjo enters with a lore counter on it.
Resolve Stack: Whenever Zur the Enchanter attacks, you may search your library for an enchantment card with mana value 3 or less, put it onto the battlefield, then shuffle. [Attacker: Zur the Enchanter (99)]
Add To Stack: Ai(1)-mm-zur-enchantress triggered The Restoration of Eiganjo
Resolve Stack: I — Search your library for a basic Plains card, reveal it, put it into your hand, then shuffle. [Added once: The Restoration of Eiganjo (52)]
Phase: Ai(1)-mm-zur-enchantress' Declare Blockers Step
Combat: Ai(4)-mm-baylen-tokens didn't block Zur the Enchanter (99).
Phase: Ai(1)-mm-zur-enchantress' First Strike Damage Step
Phase: Ai(1)-mm-zur-enchantress' Combat Damage Step
Damage: Zur the Enchanter (99) deals 3 combat damage to Ai(4)-mm-baylen-tokens.
Life: Life: Ai(4)-mm-baylen-tokens 35 > 32
Add To Stack: Ai(1)-mm-zur-enchantress triggered Sword of Hearth and Home targeting []
Resolve Stack: Whenever equipped creature deals combat damage to a player, exile up to one target creature you own, then search your library for a basic land card. Put both cards onto the battlefield under your control, then shuffle. (Targeting: [[]]) [Damage Source: Zur the Enchanter (99), Damaged: Ai(4)-mm-baylen-tokens, Amount: 3]
Phase: Ai(1)-mm-zur-enchantress' End of Combat Step
Phase: Ai(1)-mm-zur-enchantress' Main phase, postcombat
Phase: Ai(1)-mm-zur-enchantress' End step
Phase: Ai(1)-mm-zur-enchantress' Cleanup step
Turn: Turn 22 (Ai(2)-mm-giada-angels)
Phase: Ai(2)-mm-giada-angels' Untap step
Phase: Ai(2)-mm-giada-angels' Upkeep step
Phase: Ai(2)-mm-giada-angels' Draw step
Phase: Ai(2)-mm-giada-angels' Main phase, precombat
Land: Ai(2)-mm-giada-angels played Plains (177)
Phase: Ai(2)-mm-giada-angels' Beginning of Combat Step
Phase: Ai(2)-mm-giada-angels' Declare Attackers Step
Phase: Ai(2)-mm-giada-angels' Declare Blockers Step
Phase: Ai(2)-mm-giada-angels' First Strike Damage Step
Phase: Ai(2)-mm-giada-angels' Combat Damage Step
Phase: Ai(2)-mm-giada-angels' End of Combat Step
Phase: Ai(2)-mm-giada-angels' Main phase, postcombat
Mana: Plains (188) - {T}: Add {W}.
Mana: Plains (180) - {T}: Add {W}.
Mana: Plains (190) - {T}: Add {W}.
Mana: Plains (191) - {T}: Add {W}.
Add To Stack: Ai(2)-mm-giada-angels cast Giada, Font of Hope
Resolve Stack: Giada, Font of Hope - Creature 2 / 2
Mana: Plains (177) - {T}: Add {W}.
Add To Stack: Ai(2)-mm-giada-angels cast Authority of the Consuls
Resolve Stack: Authority of the Consuls
Phase: Ai(2)-mm-giada-angels' End step
Phase: Ai(2)-mm-giada-angels' Cleanup step
Turn: Turn 23 (Ai(3)-mm-vito)
Phase: Ai(3)-mm-vito's Untap step
Phase: Ai(3)-mm-vito's Upkeep step
Phase: Ai(3)-mm-vito's Draw step
Phase: Ai(3)-mm-vito's Main phase, precombat
Mana: Swamp (245) - {T}: Add {B}.
Mana: Swamp (260) - {T}: Add {B}.
Mana: Swamp (259) - {T}: Add {B}.
Mana: Swamp (263) - {T}: Add {B}.
Add To Stack: Ai(3)-mm-vito cast Whip of Erebos
Resolve Stack: Whip of Erebos
Phase: Ai(3)-mm-vito's Beginning of Combat Step
Phase: Ai(3)-mm-vito's Declare Attackers Step
Phase: Ai(3)-mm-vito's Declare Blockers Step
Phase: Ai(3)-mm-vito's First Strike Damage Step
Phase: Ai(3)-mm-vito's Combat Damage Step
Phase: Ai(3)-mm-vito's End of Combat Step
Phase: Ai(3)-mm-vito's Main phase, postcombat
Phase: Ai(3)-mm-vito's End step
Phase: Ai(3)-mm-vito's Cleanup step
Turn: Turn 24 (Ai(4)-mm-baylen-tokens)
Phase: Ai(4)-mm-baylen-tokens' Untap step
Phase: Ai(4)-mm-baylen-tokens' Upkeep step
Phase: Ai(4)-mm-baylen-tokens' Draw step
Phase: Ai(4)-mm-baylen-tokens' Main phase, precombat
Land: Ai(4)-mm-baylen-tokens played Forest (325)
Phase: Ai(4)-mm-baylen-tokens' Beginning of Combat Step
Phase: Ai(4)-mm-baylen-tokens' Declare Attackers Step
Phase: Ai(4)-mm-baylen-tokens' Declare Blockers Step
Phase: Ai(4)-mm-baylen-tokens' First Strike Damage Step
Phase: Ai(4)-mm-baylen-tokens' Combat Damage Step
Phase: Ai(4)-mm-baylen-tokens' End of Combat Step
Phase: Ai(4)-mm-baylen-tokens' Main phase, postcombat
Add To Stack: Ai(4)-mm-baylen-tokens activated Baylen, the Haymaker
Resolve Stack: Baylen, the Haymaker (402) - Ai(4)-mm-baylen-tokens draws a card.
Mana: Forest (329) - {T}: Add {G}.
Mana: Plains (389) - {T}: Add {W}.
Mana: Plains (388) - {T}: Add {W}.
Add To Stack: Ai(4)-mm-baylen-tokens cast Cadira, Caller of the Small
Replacement Effect: Creatures your opponents control enter tapped.
Resolve Stack: Cadira, Caller of the Small - Creature 3 / 3
Add To Stack: Ai(2)-mm-giada-angels triggered Authority of the Consuls
Life: Life: Ai(2)-mm-giada-angels 41 > 42
Resolve Stack: Whenever a creature an opponent controls enters, you gain 1 life. [Zone Changer: Cadira, Caller of the Small (379)]
Mana: Mountain (385) - {T}: Add {R}.
Add To Stack: Ai(4)-mm-baylen-tokens cast Sol Ring
Resolve Stack: Sol Ring
Phase: Ai(4)-mm-baylen-tokens' End step
Phase: Ai(4)-mm-baylen-tokens' Cleanup step
Turn: Turn 25 (Ai(1)-mm-zur-enchantress)
Phase: Ai(1)-mm-zur-enchantress' Untap step
Phase: Ai(1)-mm-zur-enchantress' Upkeep step
Phase: Ai(1)-mm-zur-enchantress' Draw step
Phase: Ai(1)-mm-zur-enchantress' Main phase, precombat
Add To Stack: Ai(1)-mm-zur-enchantress triggered The Restoration of Eiganjo
Discard: Ai(1)-mm-zur-enchantress discards Plains (89).
Resolve Stack: II — You may discard a card. When you do, return target permanent card with mana value 2 or less from your graveyard to the battlefield tapped. [Added once: The Restoration of Eiganjo (52)]
Add To Stack: Ai(1)-mm-zur-enchantress triggered The Restoration of Eiganjo targeting [Plains (89)]
Resolve Stack: You may discard a card. When you do, return target permanent card with mana value 2 or less from your graveyard to the battlefield tapped. (Targeting: [[Plains (89)]])
Land: Ai(1)-mm-zur-enchantress played Exotic Orchard (43)
Mana: Plains (85) - {T}: Add {W}.
Add To Stack: Ai(1)-mm-zur-enchantress cast Shadowspear
Resolve Stack: Shadowspear
Mana: Swamp (55) - {T}: Add {B}.
Mana: Island (35) - {T}: Add {U}.
Add To Stack: Ai(1)-mm-zur-enchantress activated Shadowspear targeting [Zur the Enchanter (99)]
Resolve Stack: Shadowspear (13) -  Attach to Zur the Enchanter (99)
Phase: Ai(1)-mm-zur-enchantress' Beginning of Combat Step
Phase: Ai(1)-mm-zur-enchantress' Declare Attackers Step
Combat: Ai(1)-mm-zur-enchantress assigned Zur the Enchanter (99) to attack Ai(4)-mm-baylen-tokens.
Add To Stack: Ai(1)-mm-zur-enchantress triggered Zur the Enchanter
Resolve Stack: Whenever Zur the Enchanter attacks, you may search your library for an enchantment card with mana value 3 or less, put it onto the battlefield, then shuffle. [Attacker: Zur the Enchanter (99)]
Add To Stack: Ai(1)-mm-zur-enchantress triggered Case of the Stashed Skeleton
Replacement Effect: Creatures your opponents control enter tapped.
Resolve Stack: When this Case enters, create a 2/1 black Skeleton creature token and suspect it. (It has menace and can't block.) [Zone Changer: Case of the Stashed Skeleton (22)]
Add To Stack: Ai(2)-mm-giada-angels triggered Authority of the Consuls
Life: Life: Ai(2)-mm-giada-angels 42 > 43
Resolve Stack: Whenever a creature an opponent controls enters, you gain 1 life. [Zone Changer: Skeleton Token (510)]
Phase: Ai(1)-mm-zur-enchantress' Declare Blockers Step
Combat: Ai(4)-mm-baylen-tokens didn't block Zur the Enchanter (99).
Phase: Ai(1)-mm-zur-enchantress' First Strike Damage Step
Phase: Ai(1)-mm-zur-enchantress' Combat Damage Step
Damage: Zur the Enchanter (99) deals 4 combat damage to Ai(4)-mm-baylen-tokens.
Life: Life: Ai(1)-mm-zur-enchantress 27 > 31
Life: Life: Ai(4)-mm-baylen-tokens 32 > 28
Add To Stack: Ai(1)-mm-zur-enchantress triggered Sword of Hearth and Home targeting []
Resolve Stack: Whenever equipped creature deals combat damage to a player, exile up to one target creature you own, then search your library for a basic land card. Put both cards onto the battlefield under your control, then shuffle. (Targeting: [[]]) [Damage Source: Zur the Enchanter (99), Damaged: Ai(4)-mm-baylen-tokens, Amount: 4]
Phase: Ai(1)-mm-zur-enchantress' End of Combat Step
Phase: Ai(1)-mm-zur-enchantress' Main phase, postcombat
Mana: Exotic Orchard (43) - {T}: Add one mana of any color that a land an opponent controls could produce.
Mana: Island (36) - {T}: Add {U}.
Mana: City of Brass (47) - {T}: Add one mana of any color.
Mana: Hidden Grotto (77) - {T}: Add {C}.
Add To Stack: Ai(1)-mm-zur-enchantress cast Splinter's Technique
Add To Stack: Ai(1)-mm-zur-enchantress triggered City of Brass
Damage: City of Brass (47) deals 1 non-combat damage to Ai(1)-mm-zur-enchantress.
Life: Life: Ai(1)-mm-zur-enchantress 31 > 30
Resolve Stack: Whenever City of Brass becomes tapped, it deals 1 damage to you. [Tapped: City of Brass (47)]
Resolve Stack: Splinter's Technique (73) - Search your library for a card, put that card into your hand, then shuffle.
Phase: Ai(1)-mm-zur-enchantress' End step
Phase: Ai(1)-mm-zur-enchantress' Cleanup step
Turn: Turn 26 (Ai(2)-mm-giada-angels)
Phase: Ai(2)-mm-giada-angels' Untap step
Phase: Ai(2)-mm-giada-angels' Upkeep step
Phase: Ai(2)-mm-giada-angels' Draw step
Phase: Ai(2)-mm-giada-angels' Main phase, precombat
Phase: Ai(2)-mm-giada-angels' Beginning of Combat Step
Phase: Ai(2)-mm-giada-angels' Declare Attackers Step
Combat: Ai(2)-mm-giada-angels assigned Giada, Font of Hope (200) to attack Ai(1)-mm-zur-enchantress.
Phase: Ai(2)-mm-giada-angels' Declare Blockers Step
Combat: Ai(1)-mm-zur-enchantress didn't block Giada, Font of Hope (200).
Phase: Ai(2)-mm-giada-angels' First Strike Damage Step
Phase: Ai(2)-mm-giada-angels' Combat Damage Step
Damage: Giada, Font of Hope (200) deals 2 combat damage to Ai(1)-mm-zur-enchantress.
Life: Life: Ai(1)-mm-zur-enchantress 30 > 28
Phase: Ai(2)-mm-giada-angels' End of Combat Step
Phase: Ai(2)-mm-giada-angels' Main phase, postcombat
Mana: Plains (188) - {T}: Add {W}.
Mana: Plains (180) - {T}: Add {W}.
Mana: Plains (190) - {T}: Add {W}.
Mana: Plains (191) - {T}: Add {W}.
Mana: Plains (177) - {T}: Add {W}.
Mana: Cavern of Souls (156) - {T}: Add one mana of any color. Spend this mana only to cast a creature spell of the chosen type, and that spell can't be countered.
Mana: Giada, Font of Hope (200) - {T}: Add {W}. Spend this mana only to cast an Angel spell.
Add To Stack: Ai(2)-mm-giada-angels cast Bruna, the Fading Light
Replacement Effect: Each other Angel you control enters with an additional +1/+1 counter on it for each Angel you already control.
Resolve Stack: Bruna, the Fading Light - Creature 5 / 7
Phase: Ai(2)-mm-giada-angels' End step
Phase: Ai(2)-mm-giada-angels' Cleanup step
Turn: Turn 27 (Ai(3)-mm-vito)
Phase: Ai(3)-mm-vito's Untap step
Phase: Ai(3)-mm-vito's Upkeep step
Phase: Ai(3)-mm-vito's Draw step
Phase: Ai(3)-mm-vito's Main phase, precombat
Mana: Swamp (245) - {T}: Add {B}.
Mana: Swamp (260) - {T}: Add {B}.
Mana: Swamp (259) - {T}: Add {B}.
Add To Stack: Ai(3)-mm-vito cast Vito, Thorn of the Dusk Rose
Replacement Effect: Creatures your opponents control enter tapped.
Resolve Stack: Vito, Thorn of the Dusk Rose - Creature 1 / 3
Add To Stack: Ai(2)-mm-giada-angels triggered Authority of the Consuls
Life: Life: Ai(2)-mm-giada-angels 43 > 44
Resolve Stack: Whenever a creature an opponent controls enters, you gain 1 life. [Zone Changer: Vito, Thorn of the Dusk Rose (301)]
Phase: Ai(3)-mm-vito's Beginning of Combat Step
Phase: Ai(3)-mm-vito's Declare Attackers Step
Phase: Ai(3)-mm-vito's Declare Blockers Step
Phase: Ai(3)-mm-vito's First Strike Damage Step
Phase: Ai(3)-mm-vito's Combat Damage Step
Phase: Ai(3)-mm-vito's End of Combat Step
Phase: Ai(3)-mm-vito's Main phase, postcombat
Phase: Ai(3)-mm-vito's End step
Phase: Ai(3)-mm-vito's Cleanup step
Turn: Turn 28 (Ai(4)-mm-baylen-tokens)
Phase: Ai(4)-mm-baylen-tokens' Untap step
Phase: Ai(4)-mm-baylen-tokens' Upkeep step
Phase: Ai(4)-mm-baylen-tokens' Draw step
Phase: Ai(4)-mm-baylen-tokens' Main phase, precombat
Replacement Effect: Canopy Vista enters tapped unless you control two or more basic lands.
Land: Ai(4)-mm-baylen-tokens played Canopy Vista (370)
Phase: Ai(4)-mm-baylen-tokens' Beginning of Combat Step
Phase: Ai(4)-mm-baylen-tokens' Declare Attackers Step
Phase: Ai(4)-mm-baylen-tokens' Declare Blockers Step
Phase: Ai(4)-mm-baylen-tokens' First Strike Damage Step
Phase: Ai(4)-mm-baylen-tokens' Combat Damage Step
Phase: Ai(4)-mm-baylen-tokens' End of Combat Step
Phase: Ai(4)-mm-baylen-tokens' Main phase, postcombat
Add To Stack: Ai(4)-mm-baylen-tokens activated Baylen, the Haymaker
Resolve Stack: Baylen, the Haymaker (402) - Ai(4)-mm-baylen-tokens draws a card.
Mana: Sol Ring (317) - {T}: Add {C}{C}.
Add To Stack: Ai(4)-mm-baylen-tokens cast Swiftfoot Boots
Resolve Stack: Swiftfoot Boots
Mana: Plains (389) - {T}: Add {W}.
Add To Stack: Ai(4)-mm-baylen-tokens activated Swiftfoot Boots targeting [Baylen, the Haymaker (402)]
Resolve Stack: Swiftfoot Boots (338) -  Attach to Baylen, the Haymaker (402)
Phase: Ai(4)-mm-baylen-tokens' End step
Phase: Ai(4)-mm-baylen-tokens' Cleanup step
Turn: Turn 29 (Ai(1)-mm-zur-enchantress)
Phase: Ai(1)-mm-zur-enchantress' Untap step
Phase: Ai(1)-mm-zur-enchantress' Upkeep step
Phase: Ai(1)-mm-zur-enchantress' Draw step
Phase: Ai(1)-mm-zur-enchantress' Main phase, precombat
Add To Stack: Ai(1)-mm-zur-enchantress triggered The Restoration of Eiganjo
Zone Change: The Restoration of Eiganjo (52) was put into Exile from Battlefield.
Replacement Effect: Creatures your opponents control enter tapped.
Resolve Stack: III — Exile this Saga, then return it to the battlefield transformed under your control. [Added once: The Restoration of Eiganjo (52)]
Add To Stack: Ai(2)-mm-giada-angels triggered Authority of the Consuls
Life: Life: Ai(2)-mm-giada-angels 44 > 45
Resolve Stack: Whenever a creature an opponent controls enters, you gain 1 life. [Zone Changer: Architect of Restoration (52)]
Phase: Ai(1)-mm-zur-enchantress' Beginning of Combat Step
Phase: Ai(1)-mm-zur-enchantress' Declare Attackers Step
Combat: Ai(1)-mm-zur-enchantress assigned Zur the Enchanter (99) to attack Ai(4)-mm-baylen-tokens.
Add To Stack: Ai(1)-mm-zur-enchantress triggered Zur the Enchanter
Resolve Stack: Whenever Zur the Enchanter attacks, you may search your library for an enchantment card with mana value 3 or less, put it onto the battlefield, then shuffle. [Attacker: Zur the Enchanter (99)]
Phase: Ai(1)-mm-zur-enchantress' Declare Blockers Step
Combat: Ai(4)-mm-baylen-tokens didn't block Zur the Enchanter (99).
Phase: Ai(1)-mm-zur-enchantress' First Strike Damage Step
Phase: Ai(1)-mm-zur-enchantress' Combat Damage Step
Damage: Zur the Enchanter (99) deals 4 combat damage to Ai(4)-mm-baylen-tokens.
Life: Life: Ai(1)-mm-zur-enchantress 28 > 32
Life: Life: Ai(4)-mm-baylen-tokens 28 > 24
Add To Stack: Ai(1)-mm-zur-enchantress triggered Sword of Hearth and Home targeting []
Resolve Stack: Whenever equipped creature deals combat damage to a player, exile up to one target creature you own, then search your library for a basic land card. Put both cards onto the battlefield under your control, then shuffle. (Targeting: [[]]) [Damage Source: Zur the Enchanter (99), Damaged: Ai(4)-mm-baylen-tokens, Amount: 4]
Phase: Ai(1)-mm-zur-enchantress' End of Combat Step
Phase: Ai(1)-mm-zur-enchantress' Main phase, postcombat
Mana: Plains (85) - {T}: Add {W}.
Mana: Exotic Orchard (43) - {T}: Add one mana of any color that a land an opponent controls could produce.
Mana: Swamp (55) - {T}: Add {B}.
Mana: Plains (89) - {T}: Add {W}.
Mana: Swamp (57) - {T}: Add {B}.
Mana: Island (35) - {T}: Add {U}.
Add To Stack: Ai(1)-mm-zur-enchantress cast Tivit, Seller of Secrets
Replacement Effect: Creatures your opponents control enter tapped.
Resolve Stack: Tivit, Seller of Secrets - Creature 6 / 6
Add To Stack: Ai(1)-mm-zur-enchantress triggered Tivit, Seller of Secrets
Add To Stack: Ai(2)-mm-giada-angels triggered Authority of the Consuls
Life: Life: Ai(2)-mm-giada-angels 45 > 46
Resolve Stack: Whenever a creature an opponent controls enters, you gain 1 life. [Zone Changer: Tivit, Seller of Secrets (44)]
Resolve Stack: Ai(1)-mm-zur-enchantress voted for Bribery
Ai(1)-mm-zur-enchantress voted for Evidence
Ai(2)-mm-giada-angels voted for Evidence
Ai(3)-mm-vito voted for Bribery
Ai(4)-mm-baylen-tokens voted for Evidence
Resolve Stack: Council's dilemma — Whenever Tivit enters or deals combat damage to a player, starting with you, each player votes for evidence or bribery. For each evidence vote, investigate. For each bribery vote, create a Treasure token. [Zone Changer: Tivit, Seller of Secrets (44)]
Mana: Island (36) - {T}: Add {U}.
Mana: City of Brass (47) - {T}: Add one mana of any color.
Mana: Hidden Grotto (77) - {T}: Add {C}.
Add To Stack: Ai(1)-mm-zur-enchantress cast Treasure Chest
Add To Stack: Ai(1)-mm-zur-enchantress triggered City of Brass
Damage: City of Brass (47) deals 1 non-combat damage to Ai(1)-mm-zur-enchantress.
Life: Life: Ai(1)-mm-zur-enchantress 32 > 31
Resolve Stack: Whenever City of Brass becomes tapped, it deals 1 damage to you. [Tapped: City of Brass (47)]
Resolve Stack: Treasure Chest
Phase: Ai(1)-mm-zur-enchantress' End step
Phase: Ai(1)-mm-zur-enchantress' Cleanup step
Turn: Turn 30 (Ai(2)-mm-giada-angels)
Phase: Ai(2)-mm-giada-angels' Untap step
Phase: Ai(2)-mm-giada-angels' Upkeep step
Phase: Ai(2)-mm-giada-angels' Draw step
Phase: Ai(2)-mm-giada-angels' Main phase, precombat
Phase: Ai(2)-mm-giada-angels' Beginning of Combat Step
Phase: Ai(2)-mm-giada-angels' Declare Attackers Step
Combat: Ai(2)-mm-giada-angels assigned Bruna, the Fading Light (148) and Giada, Font of Hope (200) to attack Ai(1)-mm-zur-enchantress.
Add To Stack: Ai(2)-mm-giada-angels triggered Firemane Commando
Resolve Stack: Whenever you attack with two or more creatures, draw a card. [Number Attackers: [Bruna, the Fading Light (148), Giada, Font of Hope (200)]]
Phase: Ai(2)-mm-giada-angels' Declare Blockers Step
Combat: Ai(1)-mm-zur-enchantress didn't block Bruna, the Fading Light (148).
Ai(1)-mm-zur-enchantress didn't block Giada, Font of Hope (200).
Phase: Ai(2)-mm-giada-angels' First Strike Damage Step
Phase: Ai(2)-mm-giada-angels' Combat Damage Step
Damage: Bruna, the Fading Light (148) deals 7 combat damage to Ai(1)-mm-zur-enchantress.
Damage: Giada, Font of Hope (200) deals 2 combat damage to Ai(1)-mm-zur-enchantress.
Life: Life: Ai(1)-mm-zur-enchantress 31 > 22
Phase: Ai(2)-mm-giada-angels' End of Combat Step
Phase: Ai(2)-mm-giada-angels' Main phase, postcombat
Mana: Plains (188) - {T}: Add {W}.
Mana: Plains (180) - {T}: Add {W}.
Mana: Plains (190) - {T}: Add {W}.
Add To Stack: Ai(2)-mm-giada-angels cast Resplendent Angel
Replacement Effect: Each other Angel you control enters with an additional +1/+1 counter on it for each Angel you already control.
Resolve Stack: Resplendent Angel - Creature 3 / 3
Mana: Plains (191) - {T}: Add {W}.
Mana: Plains (177) - {T}: Add {W}.
Mana: Cavern of Souls (156) - {T}: Add one mana of any color. Spend this mana only to cast a creature spell of the chosen type, and that spell can't be countered.
Add To Stack: Ai(2)-mm-giada-angels cast Metropolis Reformer
Replacement Effect: Each other Angel you control enters with an additional +1/+1 counter on it for each Angel you already control.
Resolve Stack: Metropolis Reformer - Creature 2 / 3
Phase: Ai(2)-mm-giada-angels' End step
Phase: Ai(2)-mm-giada-angels' Cleanup step
Turn: Turn 31 (Ai(3)-mm-vito)
Phase: Ai(3)-mm-vito's Untap step
Phase: Ai(3)-mm-vito's Upkeep step
Phase: Ai(3)-mm-vito's Draw step
Phase: Ai(3)-mm-vito's Main phase, precombat
Phase: Ai(3)-mm-vito's Beginning of Combat Step
Phase: Ai(3)-mm-vito's Declare Attackers Step
Phase: Ai(3)-mm-vito's Declare Blockers Step
Phase: Ai(3)-mm-vito's First Strike Damage Step
Phase: Ai(3)-mm-vito's Combat Damage Step
Phase: Ai(3)-mm-vito's End of Combat Step
Phase: Ai(3)-mm-vito's Main phase, postcombat
Mana: Swamp (245) - {T}: Add {B}.
Mana: Swamp (260) - {T}: Add {B}.
Mana: Swamp (259) - {T}: Add {B}.
Add To Stack: Ai(3)-mm-vito cast Nighthawk Scavenger
Replacement Effect: Creatures your opponents control enter tapped.
Resolve Stack: Nighthawk Scavenger - Creature 1+* / 3
Add To Stack: Ai(2)-mm-giada-angels triggered Authority of the Consuls
Life: Life: Ai(2)-mm-giada-angels 46 > 47
Resolve Stack: Whenever a creature an opponent controls enters, you gain 1 life. [Zone Changer: Nighthawk Scavenger (222)]
Phase: Ai(3)-mm-vito's End step
Phase: Ai(3)-mm-vito's Cleanup step
Turn: Turn 32 (Ai(4)-mm-baylen-tokens)
Phase: Ai(4)-mm-baylen-tokens' Untap step
Phase: Ai(4)-mm-baylen-tokens' Upkeep step
Phase: Ai(4)-mm-baylen-tokens' Draw step
Phase: Ai(4)-mm-baylen-tokens' Main phase, precombat
Land: Ai(4)-mm-baylen-tokens played Arid Mesa (336)
Life: Life: Ai(4)-mm-baylen-tokens 24 > 23
Zone Change: Arid Mesa (336) was put into Graveyard from Battlefield.
Add To Stack: Ai(4)-mm-baylen-tokens activated Arid Mesa
Replacement Effect: Cinder Glade enters tapped unless you control two or more basic lands.
Resolve Stack: Arid Mesa (336) - Ai(4)-mm-baylen-tokens searches their library for a Mountain or Plains card, puts it onto the battlefield, then shuffles.
Phase: Ai(4)-mm-baylen-tokens' Beginning of Combat Step
Phase: Ai(4)-mm-baylen-tokens' Declare Attackers Step
Phase: Ai(4)-mm-baylen-tokens' Declare Blockers Step
Phase: Ai(4)-mm-baylen-tokens' First Strike Damage Step
Phase: Ai(4)-mm-baylen-tokens' Combat Damage Step
Phase: Ai(4)-mm-baylen-tokens' End of Combat Step
Phase: Ai(4)-mm-baylen-tokens' Main phase, postcombat
Add To Stack: Ai(4)-mm-baylen-tokens activated Baylen, the Haymaker
Resolve Stack: Baylen, the Haymaker (402) - Ai(4)-mm-baylen-tokens draws a card.
Mana: Forest (329) - {T}: Add {G}.
Mana: Sol Ring (317) - {T}: Add {C}{C}.
Mana: Forest (325) - {T}: Add {G}.
Mana: Plains (389) - {T}: Add {W}.
Add To Stack: Ai(4)-mm-baylen-tokens cast Doubling Season
Resolve Stack: Doubling Season
Phase: Ai(4)-mm-baylen-tokens' End step
Mana: Talon Gates of Madara (4) - {T}: Add {C}.
Zone Change: Treasure Token (606) was put into Graveyard from Battlefield.
Mana: Treasure Token (606) - {T}, Sacrifice this token: Add one mana of any color.
Zone Change: Treasure Token (605) was put into Graveyard from Battlefield.
Mana: Treasure Token (605) - {T}, Sacrifice this token: Add one mana of any color.
Life: Life: Ai(1)-mm-zur-enchantress 22 > 21
Mana: Mana Confluence (68) - {T}, Pay 1 life: Add one mana of any color.
Zone Change: Treasure Chest (59) was put into Graveyard from Battlefield.
Add To Stack: Ai(1)-mm-zur-enchantress activated Treasure Chest
Resolve Stack: Treasure Chest (59) - Roll a d20.
Phase: Ai(4)-mm-baylen-tokens' Cleanup step
Turn: Turn 33 (Ai(1)-mm-zur-enchantress)
Phase: Ai(1)-mm-zur-enchantress' Untap step
Phase: Ai(1)-mm-zur-enchantress' Upkeep step
Phase: Ai(1)-mm-zur-enchantress' Draw step
Phase: Ai(1)-mm-zur-enchantress' Main phase, precombat
Mana: Swamp (55) - {T}: Add {B}.
Mana: Plains (85) - {T}: Add {W}.
Mana: Plains (89) - {T}: Add {W}.
Mana: Swamp (57) - {T}: Add {B}.
Add To Stack: Ai(1)-mm-zur-enchantress cast Solemn Simulacrum
Replacement Effect: Creatures your opponents control enter tapped.
Resolve Stack: Solemn Simulacrum - Creature 2 / 2
Add To Stack: Ai(1)-mm-zur-enchantress triggered Solemn Simulacrum
Add To Stack: Ai(2)-mm-giada-angels triggered Authority of the Consuls
Life: Life: Ai(2)-mm-giada-angels 47 > 48
Resolve Stack: Whenever a creature an opponent controls enters, you gain 1 life. [Zone Changer: Solemn Simulacrum (41)]
Resolve Stack: When Solemn Simulacrum enters, you may search your library for a basic land card, put that card onto the battlefield tapped, then shuffle. [Zone Changer: Solemn Simulacrum (41)]
Phase: Ai(1)-mm-zur-enchantress' Beginning of Combat Step
Phase: Ai(1)-mm-zur-enchantress' Declare Attackers Step
Combat: Ai(1)-mm-zur-enchantress assigned Architect of Restoration (52) to attack Ai(2)-mm-giada-angels.
Add To Stack: Ai(1)-mm-zur-enchantress triggered Architect of Restoration
Replacement Effect: Creatures your opponents control enter tapped.
Resolve Stack: Whenever Architect of Restoration attacks or blocks, create a 1/1 colorless Spirit creature token. [Attacker: Architect of Restoration (52)]
Add To Stack: Ai(2)-mm-giada-angels triggered Authority of the Consuls
Life: Life: Ai(2)-mm-giada-angels 48 > 49
Resolve Stack: Whenever a creature an opponent controls enters, you gain 1 life. [Zone Changer: Spirit Token (683)]
Phase: Ai(1)-mm-zur-enchantress' Declare Blockers Step
Combat: Ai(2)-mm-giada-angels didn't block Architect of Restoration (52).
Phase: Ai(1)-mm-zur-enchantress' First Strike Damage Step
Phase: Ai(1)-mm-zur-enchantress' Combat Damage Step
Damage: Architect of Restoration (52) deals 19 combat damage to Ai(2)-mm-giada-angels.
Life: Life: Ai(2)-mm-giada-angels 49 > 30
Phase: Ai(1)-mm-zur-enchantress' End of Combat Step
Phase: Ai(1)-mm-zur-enchantress' Main phase, postcombat
Phase: Ai(1)-mm-zur-enchantress' End step
Phase: Ai(1)-mm-zur-enchantress' Cleanup step
Turn: Turn 34 (Ai(2)-mm-giada-angels)
Phase: Ai(2)-mm-giada-angels' Untap step
Phase: Ai(2)-mm-giada-angels' Upkeep step
Phase: Ai(2)-mm-giada-angels' Draw step
Phase: Ai(2)-mm-giada-angels' Main phase, precombat
Phase: Ai(2)-mm-giada-angels' Beginning of Combat Step
Phase: Ai(2)-mm-giada-angels' Declare Attackers Step
Phase: Ai(2)-mm-giada-angels' Declare Blockers Step
Phase: Ai(2)-mm-giada-angels' First Strike Damage Step
Phase: Ai(2)-mm-giada-angels' Combat Damage Step
Phase: Ai(2)-mm-giada-angels' End of Combat Step
Phase: Ai(2)-mm-giada-angels' Main phase, postcombat
Mana: Plains (188) - {T}: Add {W}.
Mana: Plains (180) - {T}: Add {W}.
Mana: Plains (190) - {T}: Add {W}.
Add To Stack: Ai(2)-mm-giada-angels cast Starnheim Aspirant
Resolve Stack: Starnheim Aspirant - Creature 2 / 2
Mana: Plains (191) - {T}: Add {W}.
Mana: Plains (177) - {T}: Add {W}.
Mana: Cavern of Souls (156) - {T}: Add {C}.
Add To Stack: Ai(2)-mm-giada-angels cast Herald's Horn
Replacement Effect: As Herald's Horn enters, choose a creature type.
Resolve Stack: Herald's Horn
Phase: Ai(2)-mm-giada-angels' End step
Phase: Ai(2)-mm-giada-angels' Cleanup step
Turn: Turn 35 (Ai(3)-mm-vito)
Phase: Ai(3)-mm-vito's Untap step
Phase: Ai(3)-mm-vito's Upkeep step
Phase: Ai(3)-mm-vito's Draw step
Phase: Ai(3)-mm-vito's Main phase, precombat
Phase: Ai(3)-mm-vito's Beginning of Combat Step
Phase: Ai(3)-mm-vito's Declare Attackers Step
Phase: Ai(3)-mm-vito's Declare Blockers Step
Phase: Ai(3)-mm-vito's First Strike Damage Step
Phase: Ai(3)-mm-vito's Combat Damage Step
Phase: Ai(3)-mm-vito's End of Combat Step
Phase: Ai(3)-mm-vito's Main phase, postcombat
Mana: Swamp (245) - {T}: Add {B}.
Mana: Swamp (260) - {T}: Add {B}.
Mana: Swamp (259) - {T}: Add {B}.
Add To Stack: Ai(3)-mm-vito cast Veinwitch Coven
Replacement Effect: Creatures your opponents control enter tapped.
Resolve Stack: Veinwitch Coven - Creature 3 / 3
Add To Stack: Ai(2)-mm-giada-angels triggered Authority of the Consuls
Life: Life: Ai(2)-mm-giada-angels 30 > 31
Resolve Stack: Whenever a creature an opponent controls enters, you gain 1 life. [Zone Changer: Veinwitch Coven (271)]
Mana: Swamp (263) - {T}: Add {B}.
Mana: Swamp (249) - {T}: Add {B}.
Add To Stack: Ai(3)-mm-vito cast Cordial Vampire
Replacement Effect: Creatures your opponents control enter tapped.
Resolve Stack: Cordial Vampire - Creature 1 / 1
Add To Stack: Ai(2)-mm-giada-angels triggered Authority of the Consuls
Life: Life: Ai(2)-mm-giada-angels 31 > 32
Resolve Stack: Whenever a creature an opponent controls enters, you gain 1 life. [Zone Changer: Cordial Vampire (292)]
Phase: Ai(3)-mm-vito's End step
Phase: Ai(3)-mm-vito's Cleanup step
Turn: Turn 36 (Ai(4)-mm-baylen-tokens)
Phase: Ai(4)-mm-baylen-tokens' Untap step
Phase: Ai(4)-mm-baylen-tokens' Upkeep step
Phase: Ai(4)-mm-baylen-tokens' Draw step
Phase: Ai(4)-mm-baylen-tokens' Main phase, precombat
Replacement Effect: Sunpetal Grove enters tapped unless you control a Forest or a Plains.
Land: Ai(4)-mm-baylen-tokens played Sunpetal Grove (365)
Phase: Ai(4)-mm-baylen-tokens' Beginning of Combat Step
Phase: Ai(4)-mm-baylen-tokens' Declare Attackers Step
Phase: Ai(4)-mm-baylen-tokens' Declare Blockers Step
Phase: Ai(4)-mm-baylen-tokens' First Strike Damage Step
Phase: Ai(4)-mm-baylen-tokens' Combat Damage Step
Phase: Ai(4)-mm-baylen-tokens' End of Combat Step
Phase: Ai(4)-mm-baylen-tokens' Main phase, postcombat
Add To Stack: Ai(4)-mm-baylen-tokens activated Baylen, the Haymaker
Resolve Stack: Baylen, the Haymaker (402) - Ai(4)-mm-baylen-tokens draws a card.
Mana: Plains (389) - {T}: Add {W}.
Mana: Sol Ring (317) - {T}: Add {C}{C}.
Add To Stack: Ai(4)-mm-baylen-tokens cast Rosie Cotton of South Lane
Replacement Effect: Creatures your opponents control enter tapped.
Resolve Stack: Rosie Cotton of South Lane - Creature 1 / 1
Add To Stack: Ai(4)-mm-baylen-tokens triggered Rosie Cotton of South Lane
Add To Stack: Ai(2)-mm-giada-angels triggered Authority of the Consuls
Life: Life: Ai(2)-mm-giada-angels 32 > 33
Resolve Stack: Whenever a creature an opponent controls enters, you gain 1 life. [Zone Changer: Rosie Cotton of South Lane (339)]
Replacement Effect: If an effect would create one or more tokens under your control, it creates twice that many of those tokens instead.
Resolve Stack: When Rosie Cotton of South Lane enters, create a Food token. (It's an artifact with "{2}, {T}, Sacrifice this token: You gain 3 life.") [Zone Changer: Rosie Cotton of South Lane (339)]
Add To Stack: Ai(4)-mm-baylen-tokens triggered Rosie Cotton of South Lane targeting [Baylen, the Haymaker (402)]
Add To Stack: Ai(4)-mm-baylen-tokens triggered Rosie Cotton of South Lane targeting [Baylen, the Haymaker (402)]
Replacement Effect: If an effect would put one or more counters on a permanent you control, it puts twice that many of those counters on that permanent instead.
Resolve Stack: Whenever you create a token, put a +1/+1 counter on target creature you control other than Rosie. (Targeting: [[Baylen, the Haymaker (402)]]) [Player: Ai(4)-mm-baylen-tokens]
Replacement Effect: If an effect would put one or more counters on a permanent you control, it puts twice that many of those counters on that permanent instead.
Resolve Stack: Whenever you create a token, put a +1/+1 counter on target creature you control other than Rosie. (Targeting: [[Baylen, the Haymaker (402)]]) [Player: Ai(4)-mm-baylen-tokens]
Add To Stack: Ai(4)-mm-baylen-tokens activated Idol of Oblivion
Resolve Stack: Idol of Oblivion (374) - Ai(4)-mm-baylen-tokens draws a card.
Phase: Ai(4)-mm-baylen-tokens' End step
Phase: Ai(4)-mm-baylen-tokens' Cleanup step
Turn: Turn 37 (Ai(1)-mm-zur-enchantress)
Phase: Ai(1)-mm-zur-enchantress' Untap step
Phase: Ai(1)-mm-zur-enchantress' Upkeep step
Phase: Ai(1)-mm-zur-enchantress' Draw step
Phase: Ai(1)-mm-zur-enchantress' Main phase, precombat
Mana: Swamp (55) - {T}: Add {B}.
Mana: Plains (85) - {T}: Add {W}.
Add To Stack: Ai(1)-mm-zur-enchantress cast Umezawa's Jitte
Resolve Stack: Umezawa's Jitte
Mana: Plains (89) - {T}: Add {W}.
Mana: Swamp (57) - {T}: Add {B}.
Add To Stack: Ai(1)-mm-zur-enchantress activated Umezawa's Jitte targeting [Architect of Restoration (52)]
Resolve Stack: Umezawa's Jitte (69) -  Attach to Architect of Restoration (52)
Phase: Ai(1)-mm-zur-enchantress' Beginning of Combat Step
Phase: Ai(1)-mm-zur-enchantress' Declare Attackers Step
Combat: Ai(1)-mm-zur-enchantress assigned Architect of Restoration (52) to attack Ai(2)-mm-giada-angels.
Add To Stack: Ai(1)-mm-zur-enchantress triggered Architect of Restoration
Replacement Effect: Creatures your opponents control enter tapped.
Resolve Stack: Whenever Architect of Restoration attacks or blocks, create a 1/1 colorless Spirit creature token. [Attacker: Architect of Restoration (52)]
Add To Stack: Ai(2)-mm-giada-angels triggered Authority of the Consuls
Life: Life: Ai(2)-mm-giada-angels 33 > 34
Resolve Stack: Whenever a creature an opponent controls enters, you gain 1 life. [Zone Changer: Spirit Token (749)]
Phase: Ai(1)-mm-zur-enchantress' Declare Blockers Step
Combat: Ai(2)-mm-giada-angels didn't block Architect of Restoration (52).
java.lang.InterruptedException
Phase: Ai(1)-mm-zur-enchantress' First Strike Damage Step
	at java.base/java.util.concurrent.FutureTask.awaitDone(FutureTask.java:471)
Phase: Ai(1)-mm-zur-enchantress' Combat Damage Step
	at java.base/java.util.concurrent.FutureTask.get(FutureTask.java:203)
Damage: Architect of Restoration (52) deals 20 combat damage to Ai(2)-mm-giada-angels.
	at forge.ai.AiController.chooseSpellAbilityToPlayFromList(AiController.java:1696)
Life: Life: Ai(2)-mm-giada-angels 34 > 14
	at forge.ai.AiController.getSpellAbilityToPlay(AiController.java:1583)
Add To Stack: Ai(1)-mm-zur-enchantress triggered Umezawa's Jitte
Resolve Stack: Whenever equipped creature deals combat damage, put two charge counters on Umezawa's Jitte. [Damage Source: Architect of Restoration (52), Damaged: [Ai(2)-mm-giada-angels], Amount: 20]
Add To Stack: Ai(1)-mm-zur-enchantress activated Umezawa's Jitte
Resolve Stack: Umezawa's Jitte (69) -  Target creature gets -1/-1 until end of turn. (Targeting: Cordial Vampire (292))
	at forge.ai.AiController.chooseSpellAbilityToPlay(AiController.java:1403)
Zone Change: Cordial Vampire (292) was put into Graveyard from Battlefield.
	at forge.ai.PlayerControllerAi.chooseSpellAbilityToPlay(PlayerControllerAi.java:832)
	at forge.game.phase.PhaseHandler.mainLoopStep(PhaseHandler.java:1056)
	at forge.game.phase.PhaseHandler.mainGameLoop(PhaseHandler.java:1035)
	at forge.game.phase.PhaseHandler.startFirstTurn(PhaseHandler.java:1029)
Add To Stack: Ai(3)-mm-vito triggered Cordial Vampire
	at forge.game.GameAction.startGame(GameAction.java:2373)
Add To Stack: Ai(1)-mm-zur-enchantress activated Umezawa's Jitte
	at forge.game.Match.startGame(Match.java:92)
Resolve Stack: Umezawa's Jitte (69) -  Target creature gets -1/-1 until end of turn. (Targeting: Rosie Cotton of South Lane (339))
	at forge.game.Match.startGame(Match.java:77)
Zone Change: Rosie Cotton of South Lane (339) was put into Graveyard from Battlefield.
	at forge.view.SimulateMatch.lambda$simulateSingleMatch$0(SimulateMatch.java:213)
Resolve Stack: Whenever Cordial Vampire or another creature dies, put a +1/+1 counter on each Vampire you control. [Zone Changer: Cordial Vampire (292)]
	at forge.view.TimeLimitedCodeBlock.lambda$runWithTimeout$0(TimeLimitedCodeBlock.java:18)
Phase: Ai(1)-mm-zur-enchantress' End of Combat Step
	at java.base/java.util.concurrent.FutureTask.run(FutureTask.java:317)
Phase: Ai(1)-mm-zur-enchantress' Main phase, postcombat
	at java.base/java.util.concurrent.ThreadPoolExecutor.runWorker(ThreadPoolExecutor.java:1144)
Phase: Ai(1)-mm-zur-enchantress' End step
	at java.base/java.util.concurrent.ThreadPoolExecutor$Worker.run(ThreadPoolExecutor.java:642)
Phase: Ai(1)-mm-zur-enchantress' Cleanup step
	at java.base/java.lang.Thread.run(Thread.java:1583)
Turn: Turn 38 (Ai(2)-mm-giada-angels)
Phase: Ai(2)-mm-giada-angels' Untap step
Phase: Ai(2)-mm-giada-angels' Upkeep step
Add To Stack: Ai(2)-mm-giada-angels triggered Herald's Horn
Resolve Stack: At the beginning of your upkeep, look at the top card of your library. If it's a creature card of the chosen type, you may reveal it and put it into your hand. [Phase: Ai(2)-mm-giada-angels]
Phase: Ai(2)-mm-giada-angels' Draw step
Phase: Ai(2)-mm-giada-angels' Main phase, precombat
Phase: Ai(2)-mm-giada-angels' Beginning of Combat Step
Phase: Ai(2)-mm-giada-angels' Declare Attackers Step
Phase: Ai(2)-mm-giada-angels' Declare Blockers Step
Phase: Ai(2)-mm-giada-angels' First Strike Damage Step
Phase: Ai(2)-mm-giada-angels' Combat Damage Step
Phase: Ai(2)-mm-giada-angels' End of Combat Step
Phase: Ai(2)-mm-giada-angels' Main phase, postcombat
Mana: Plains (188) - {T}: Add {W}.
Mana: Plains (180) - {T}: Add {W}.
Mana: Plains (190) - {T}: Add {W}.
Mana: Plains (191) - {T}: Add {W}.
Add To Stack: Ai(2)-mm-giada-angels cast Angelic Accord
Resolve Stack: Angelic Accord
Phase: Ai(2)-mm-giada-angels' End step
Phase: Ai(2)-mm-giada-angels' Cleanup step
Turn: Turn 39 (Ai(3)-mm-vito)
Phase: Ai(3)-mm-vito's Untap step
Phase: Ai(3)-mm-vito's Upkeep step
Phase: Ai(3)-mm-vito's Draw step
Phase: Ai(3)-mm-vito's Main phase, precombat
Mana: Swamp (245) - {T}: Add {B}.
Mana: Swamp (260) - {T}: Add {B}.
Mana: Swamp (259) - {T}: Add {B}.
Mana: Swamp (263) - {T}: Add {B}.
Add To Stack: Ai(3)-mm-vito activated Whip of Erebos targeting [Cordial Vampire (292)]
Replacement Effect: Creatures your opponents control enter tapped.
Resolve Stack: Whip of Erebos (224) - Return Cordial Vampire (292) from the graveyard to the battlefield. It gains haste. Exile it at the beginning of the next end step or if it would leave the battlefield. 
Add To Stack: Ai(2)-mm-giada-angels triggered Authority of the Consuls
Life: Life: Ai(2)-mm-giada-angels 14 > 15
Resolve Stack: Whenever a creature an opponent controls enters, you gain 1 life. [Zone Changer: Cordial Vampire (292)]
Phase: Ai(3)-mm-vito's Beginning of Combat Step
Phase: Ai(3)-mm-vito's Declare Attackers Step
Phase: Ai(3)-mm-vito's Declare Blockers Step
Phase: Ai(3)-mm-vito's First Strike Damage Step
Phase: Ai(3)-mm-vito's Combat Damage Step
Phase: Ai(3)-mm-vito's End of Combat Step
Phase: Ai(3)-mm-vito's Main phase, postcombat
Phase: Ai(3)-mm-vito's End step
Add To Stack: Ai(3)-mm-vito triggered Whip of Erebos
Zone Change: Cordial Vampire (292) was put into Exile from Battlefield.
Resolve Stack: Exile Cordial Vampire (292) at the beginning of the next end step. ([Cordial Vampire (292)]) [Phase: Ai(3)-mm-vito]
Phase: Ai(3)-mm-vito's Cleanup step
Turn: Turn 40 (Ai(4)-mm-baylen-tokens)
Phase: Ai(4)-mm-baylen-tokens' Untap step
Phase: Ai(4)-mm-baylen-tokens' Upkeep step
Phase: Ai(4)-mm-baylen-tokens' Draw step
Phase: Ai(4)-mm-baylen-tokens' Main phase, precombat
Replacement Effect: Spire Garden enters tapped unless you have two or more opponents.
Land: Ai(4)-mm-baylen-tokens played Spire Garden (392)
Phase: Ai(4)-mm-baylen-tokens' Beginning of Combat Step
Phase: Ai(4)-mm-baylen-tokens' Declare Attackers Step
Phase: Ai(4)-mm-baylen-tokens' Declare Blockers Step
Phase: Ai(4)-mm-baylen-tokens' First Strike Damage Step
Phase: Ai(4)-mm-baylen-tokens' Combat Damage Step
Phase: Ai(4)-mm-baylen-tokens' End of Combat Step
Phase: Ai(4)-mm-baylen-tokens' Main phase, postcombat
Add To Stack: Ai(4)-mm-baylen-tokens activated Baylen, the Haymaker
Resolve Stack: Baylen, the Haymaker (402) - Ai(4)-mm-baylen-tokens draws a card.
Mana: Plains (389) - {T}: Add {W}.
Mana: Forest (329) - {T}: Add {G}.
Mana: Sol Ring (317) - {T}: Add {C}{C}.
Mana: Forest (325) - {T}: Add {G}.
Mana: Mountain (385) - {T}: Add {R}.
Mana: Plains (388) - {T}: Add {W}.
Mana: Spire Garden (392) - {T}: Add {R} or {G}.
Mana: Clifftop Retreat (330) - {T}: Add {R} or {W}.
Mana: Spectator Seating (380) - {T}: Add {R} or {W}.
Mana: Sunpetal Grove (365) - {T}: Add {G} or {W}.
Mana: Cinder Glade (313) - {T}: Add {G}.
Mana: Canopy Vista (370) - {T}: Add {G}.
Mana: Baylen, the Haymaker (402) - Tap two untapped tokens you control: Add one mana of any color.
Add To Stack: Ai(4)-mm-baylen-tokens cast Farmer Cotton
Replacement Effect: Creatures your opponents control enter tapped.
Resolve Stack: Farmer Cotton - Creature 1 / 1 (X=12)
Add To Stack: Ai(4)-mm-baylen-tokens triggered Farmer Cotton
Add To Stack: Ai(2)-mm-giada-angels triggered Authority of the Consuls
Life: Life: Ai(2)-mm-giada-angels 15 > 16
Resolve Stack: Whenever a creature an opponent controls enters, you gain 1 life. [Zone Changer: Farmer Cotton (314)]
Replacement Effect: If an effect would create one or more tokens under your control, it creates twice that many of those tokens instead.
Replacement Effect: Creatures your opponents control enter tapped.
Replacement Effect: Creatures your opponents control enter tapped.
Replacement Effect: Creatures your opponents control enter tapped.
Replacement Effect: Creatures your opponents control enter tapped.
Replacement Effect: Creatures your opponents control enter tapped.
Replacement Effect: Creatures your opponents control enter tapped.
Replacement Effect: Creatures your opponents control enter tapped.
Replacement Effect: Creatures your opponents control enter tapped.
Replacement Effect: Creatures your opponents control enter tapped.
Replacement Effect: Creatures your opponents control enter tapped.
Replacement Effect: Creatures your opponents control enter tapped.
Replacement Effect: Creatures your opponents control enter tapped.
Replacement Effect: Creatures your opponents control enter tapped.
Replacement Effect: Creatures your opponents control enter tapped.
Replacement Effect: Creatures your opponents control enter tapped.
Replacement Effect: Creatures your opponents control enter tapped.
Replacement Effect: Creatures your opponents control enter tapped.
Replacement Effect: Creatures your opponents control enter tapped.
Replacement Effect: Creatures your opponents control enter tapped.
Replacement Effect: Creatures your opponents control enter tapped.
Replacement Effect: Creatures your opponents control enter tapped.
Replacement Effect: Creatures your opponents control enter tapped.
Replacement Effect: Creatures your opponents control enter tapped.
Replacement Effect: Creatures your opponents control enter tapped.
Resolve Stack: When Farmer Cotton enters, create X 1/1 white Halfling creature tokens and X Food tokens. (They're artifacts with "{2}, {T}, Sacrifice this token: You gain 3 life.") [Zone Changer: Farmer Cotton (314)]
Add To Stack: Ai(2)-mm-giada-angels triggered Authority of the Consuls
Add To Stack: Ai(2)-mm-giada-angels triggered Authority of the Consuls
Add To Stack: Ai(2)-mm-giada-angels triggered Authority of the Consuls
Add To Stack: Ai(2)-mm-giada-angels triggered Authority of the Consuls
Add To Stack: Ai(2)-mm-giada-angels triggered Authority of the Consuls
Add To Stack: Ai(2)-mm-giada-angels triggered Authority of the Consuls
Add To Stack: Ai(2)-mm-giada-angels triggered Authority of the Consuls
Add To Stack: Ai(2)-mm-giada-angels triggered Authority of the Consuls
Add To Stack: Ai(2)-mm-giada-angels triggered Authority of the Consuls
Add To Stack: Ai(2)-mm-giada-angels triggered Authority of the Consuls
Add To Stack: Ai(2)-mm-giada-angels triggered Authority of the Consuls
Add To Stack: Ai(2)-mm-giada-angels triggered Authority of the Consuls
Add To Stack: Ai(2)-mm-giada-angels triggered Authority of the Consuls
Add To Stack: Ai(2)-mm-giada-angels triggered Authority of the Consuls
Add To Stack: Ai(2)-mm-giada-angels triggered Authority of the Consuls
Add To Stack: Ai(2)-mm-giada-angels triggered Authority of the Consuls
Add To Stack: Ai(2)-mm-giada-angels triggered Authority of the Consuls
Add To Stack: Ai(2)-mm-giada-angels triggered Authority of the Consuls
Add To Stack: Ai(2)-mm-giada-angels triggered Authority of the Consuls
Add To Stack: Ai(2)-mm-giada-angels triggered Authority of the Consuls
Add To Stack: Ai(2)-mm-giada-angels triggered Authority of the Consuls
Add To Stack: Ai(2)-mm-giada-angels triggered Authority of the Consuls
Add To Stack: Ai(2)-mm-giada-angels triggered Authority of the Consuls
Add To Stack: Ai(2)-mm-giada-angels triggered Authority of the Consuls
Add To Stack: Ai(4)-mm-baylen-tokens activated Baylen, the Haymaker
Resolve Stack: Baylen, the Haymaker (402) - Ai(4)-mm-baylen-tokens draws a card.
Add To Stack: Ai(4)-mm-baylen-tokens activated Baylen, the Haymaker
Resolve Stack: Baylen, the Haymaker (402) - Ai(4)-mm-baylen-tokens draws a card.
Add To Stack: Ai(4)-mm-baylen-tokens activated Baylen, the Haymaker
Resolve Stack: Baylen, the Haymaker (402) - Ai(4)-mm-baylen-tokens draws a card.
Add To Stack: Ai(4)-mm-baylen-tokens activated Baylen, the Haymaker
Resolve Stack: Baylen, the Haymaker (402) - Ai(4)-mm-baylen-tokens draws a card.
Life: Life: Ai(2)-mm-giada-angels 16 > 17
Resolve Stack: Whenever a creature an opponent controls enters, you gain 1 life. [Zone Changer: Halfling Token (786)]
Life: Life: Ai(2)-mm-giada-angels 17 > 18
Resolve Stack: Whenever a creature an opponent controls enters, you gain 1 life. [Zone Changer: Halfling Token (785)]
Life: Life: Ai(2)-mm-giada-angels 18 > 19
Resolve Stack: Whenever a creature an opponent controls enters, you gain 1 life. [Zone Changer: Halfling Token (784)]
Life: Life: Ai(2)-mm-giada-angels 19 > 20
Resolve Stack: Whenever a creature an opponent controls enters, you gain 1 life. [Zone Changer: Halfling Token (783)]
Life: Life: Ai(2)-mm-giada-angels 20 > 21
Resolve Stack: Whenever a creature an opponent controls enters, you gain 1 life. [Zone Changer: Halfling Token (782)]
Life: Life: Ai(2)-mm-giada-angels 21 > 22
Resolve Stack: Whenever a creature an opponent controls enters, you gain 1 life. [Zone Changer: Halfling Token (781)]
Life: Life: Ai(2)-mm-giada-angels 22 > 23
Resolve Stack: Whenever a creature an opponent controls enters, you gain 1 life. [Zone Changer: Halfling Token (780)]
Life: Life: Ai(2)-mm-giada-angels 23 > 24
Resolve Stack: Whenever a creature an opponent controls enters, you gain 1 life. [Zone Changer: Halfling Token (779)]
Life: Life: Ai(2)-mm-giada-angels 24 > 25
Resolve Stack: Whenever a creature an opponent controls enters, you gain 1 life. [Zone Changer: Halfling Token (778)]
Life: Life: Ai(2)-mm-giada-angels 25 > 26
Resolve Stack: Whenever a creature an opponent controls enters, you gain 1 life. [Zone Changer: Halfling Token (777)]
Life: Life: Ai(2)-mm-giada-angels 26 > 27
Resolve Stack: Whenever a creature an opponent controls enters, you gain 1 life. [Zone Changer: Halfling Token (776)]
Life: Life: Ai(2)-mm-giada-angels 27 > 28
Resolve Stack: Whenever a creature an opponent controls enters, you gain 1 life. [Zone Changer: Halfling Token (775)]
Life: Life: Ai(2)-mm-giada-angels 28 > 29
Resolve Stack: Whenever a creature an opponent controls enters, you gain 1 life. [Zone Changer: Halfling Token (774)]
Life: Life: Ai(2)-mm-giada-angels 29 > 30
Resolve Stack: Whenever a creature an opponent controls enters, you gain 1 life. [Zone Changer: Halfling Token (773)]
Life: Life: Ai(2)-mm-giada-angels 30 > 31
Resolve Stack: Whenever a creature an opponent controls enters, you gain 1 life. [Zone Changer: Halfling Token (772)]
Life: Life: Ai(2)-mm-giada-angels 31 > 32
Resolve Stack: Whenever a creature an opponent controls enters, you gain 1 life. [Zone Changer: Halfling Token (771)]
Life: Life: Ai(2)-mm-giada-angels 32 > 33
Resolve Stack: Whenever a creature an opponent controls enters, you gain 1 life. [Zone Changer: Halfling Token (770)]
Life: Life: Ai(2)-mm-giada-angels 33 > 34
Resolve Stack: Whenever a creature an opponent controls enters, you gain 1 life. [Zone Changer: Halfling Token (769)]
Life: Life: Ai(2)-mm-giada-angels 34 > 35
Resolve Stack: Whenever a creature an opponent controls enters, you gain 1 life. [Zone Changer: Halfling Token (768)]
Life: Life: Ai(2)-mm-giada-angels 35 > 36
Resolve Stack: Whenever a creature an opponent controls enters, you gain 1 life. [Zone Changer: Halfling Token (767)]
Life: Life: Ai(2)-mm-giada-angels 36 > 37
Resolve Stack: Whenever a creature an opponent controls enters, you gain 1 life. [Zone Changer: Halfling Token (766)]
Life: Life: Ai(2)-mm-giada-angels 37 > 38
Resolve Stack: Whenever a creature an opponent controls enters, you gain 1 life. [Zone Changer: Halfling Token (765)]
Life: Life: Ai(2)-mm-giada-angels 38 > 39
Resolve Stack: Whenever a creature an opponent controls enters, you gain 1 life. [Zone Changer: Halfling Token (764)]
Life: Life: Ai(2)-mm-giada-angels 39 > 40
Resolve Stack: Whenever a creature an opponent controls enters, you gain 1 life. [Zone Changer: Halfling Token (763)]
Mana: Baylen, the Haymaker (402) - Tap two untapped tokens you control: Add one mana of any color.
Add To Stack: Ai(4)-mm-baylen-tokens cast Skullclamp
Resolve Stack: Skullclamp
Add To Stack: Ai(4)-mm-baylen-tokens activated Baylen, the Haymaker
Resolve Stack: Baylen, the Haymaker (402) - Ai(4)-mm-baylen-tokens draws a card.
Mana: Baylen, the Haymaker (402) - Tap two untapped tokens you control: Add one mana of any color.
Add To Stack: Ai(4)-mm-baylen-tokens activated Skullclamp targeting [Baylen, the Haymaker (402)]
Resolve Stack: Skullclamp (304) -  Attach to Baylen, the Haymaker (402)
Phase: Ai(4)-mm-baylen-tokens' End step
Add To Stack: Ai(2)-mm-giada-angels triggered Resplendent Angel
Add To Stack: Ai(2)-mm-giada-angels triggered Angelic Accord
Replacement Effect: Each other Angel you control enters with an additional +1/+1 counter on it for each Angel you already control.
Resolve Stack: At the beginning of each end step, if you gained 4 or more life this turn, create a 4/4 white Angel creature token with flying. [Phase: Ai(4)-mm-baylen-tokens]
Replacement Effect: Each other Angel you control enters with an additional +1/+1 counter on it for each Angel you already control.
Resolve Stack: At the beginning of each end step, if you gained 5 or more life this turn, create a 4/4 white Angel creature token with flying and vigilance. [Phase: Ai(4)-mm-baylen-tokens]
Phase: Ai(4)-mm-baylen-tokens' Cleanup step
Turn: Turn 41 (Ai(1)-mm-zur-enchantress)
Phase: Ai(1)-mm-zur-enchantress' Untap step
Phase: Ai(1)-mm-zur-enchantress' Upkeep step
Phase: Ai(1)-mm-zur-enchantress' Draw step
Phase: Ai(1)-mm-zur-enchantress' Main phase, precombat
Land: Ai(1)-mm-zur-enchantress played Command Tower (17)
Phase: Ai(1)-mm-zur-enchantress' Beginning of Combat Step
Phase: Ai(1)-mm-zur-enchantress' Declare Attackers Step
Combat: Ai(1)-mm-zur-enchantress assigned Architect of Restoration (52) to attack Ai(4)-mm-baylen-tokens.
Add To Stack: Ai(1)-mm-zur-enchantress triggered Architect of Restoration
Replacement Effect: Creatures your opponents control enter tapped.
Resolve Stack: Whenever Architect of Restoration attacks or blocks, create a 1/1 colorless Spirit creature token. [Attacker: Architect of Restoration (52)]
Add To Stack: Ai(2)-mm-giada-angels triggered Authority of the Consuls
Life: Life: Ai(2)-mm-giada-angels 40 > 41
Resolve Stack: Whenever a creature an opponent controls enters, you gain 1 life. [Zone Changer: Spirit Token (855)]
Phase: Ai(1)-mm-zur-enchantress' Declare Blockers Step
Combat: Ai(4)-mm-baylen-tokens assigned Hare Apparent (352) to block Architect of Restoration (52).
Phase: Ai(1)-mm-zur-enchantress' First Strike Damage Step
Phase: Ai(1)-mm-zur-enchantress' Combat Damage Step
Damage: Architect of Restoration (52) deals 20 damage to Hare Apparent (352).
Damage: Hare Apparent (352) deals 2 damage to Architect of Restoration (52).
Zone Change: Hare Apparent (352) was put into Graveyard from Battlefield.
Add To Stack: Ai(1)-mm-zur-enchantress triggered Umezawa's Jitte
Resolve Stack: Whenever equipped creature deals combat damage, put two charge counters on Umezawa's Jitte. [Damage Source: Architect of Restoration (52), Damaged: [Hare Apparent (352)], Amount: 20]
Add To Stack: Ai(1)-mm-zur-enchantress activated Umezawa's Jitte
Resolve Stack: Umezawa's Jitte (69) -  Target creature gets -1/-1 until end of turn. (Targeting: Farmer Cotton (314))
Zone Change: Farmer Cotton (314) was put into Graveyard from Battlefield.
Phase: Ai(1)-mm-zur-enchantress' End of Combat Step
Add To Stack: Ai(1)-mm-zur-enchantress activated Umezawa's Jitte
Resolve Stack: Umezawa's Jitte (69) -  Target creature gets -1/-1 until end of turn. (Targeting: Rabbit Token (412))
Zone Change: Rabbit Token (412) was put into Graveyard from Battlefield.
Phase: Ai(1)-mm-zur-enchantress' Main phase, postcombat
Add To Stack: Ai(4)-mm-baylen-tokens activated Baylen, the Haymaker
Resolve Stack: Baylen, the Haymaker (402) - Ai(4)-mm-baylen-tokens draws a card.
Phase: Ai(1)-mm-zur-enchantress' End step
Phase: Ai(1)-mm-zur-enchantress' Cleanup step
Turn: Turn 42 (Ai(2)-mm-giada-angels)
Phase: Ai(2)-mm-giada-angels' Untap step
Phase: Ai(2)-mm-giada-angels' Upkeep step
Add To Stack: Ai(2)-mm-giada-angels triggered Herald's Horn
Resolve Stack: At the beginning of your upkeep, look at the top card of your library. If it's a creature card of the chosen type, you may reveal it and put it into your hand. [Phase: Ai(2)-mm-giada-angels]
Phase: Ai(2)-mm-giada-angels' Draw step
Phase: Ai(2)-mm-giada-angels' Main phase, precombat
Phase: Ai(2)-mm-giada-angels' Beginning of Combat Step
Phase: Ai(2)-mm-giada-angels' Declare Attackers Step
Combat: Ai(2)-mm-giada-angels assigned Angel Token (845), Angel Token (842), Bruna, the Fading Light (148), Resplendent Angel (101), Metropolis Reformer (126), Firemane Commando (116), Giada, Font of Hope (200) and Starnheim Aspirant (146) to attack Ai(1)-mm-zur-enchantress.
Add To Stack: Ai(2)-mm-giada-angels triggered Firemane Commando
Resolve Stack: Whenever you attack with two or more creatures, draw a card. [Number Attackers: [Angel Token (845), Angel Token (842), Bruna, the Fading Light (148), Resplendent Angel (101), Metropolis Reformer (126), Firemane Commando (116), Giada, Font of Hope (200), Starnheim Aspirant (146)]]
Phase: Ai(2)-mm-giada-angels' Declare Blockers Step
Combat: Ai(1)-mm-zur-enchantress assigned Tivit, Seller of Secrets (44) to block Angel Token (845).
Ai(1)-mm-zur-enchantress assigned Zur the Enchanter (99) to block Angel Token (842).
Ai(1)-mm-zur-enchantress didn't block Bruna, the Fading Light (148).
Ai(1)-mm-zur-enchantress didn't block Resplendent Angel (101).
Ai(1)-mm-zur-enchantress didn't block Metropolis Reformer (126).
Ai(1)-mm-zur-enchantress didn't block Firemane Commando (116).
Ai(1)-mm-zur-enchantress didn't block Giada, Font of Hope (200).
Ai(1)-mm-zur-enchantress assigned Spirit Token (683) and Architect of Restoration (52) to block Starnheim Aspirant (146).
Add To Stack: Ai(1)-mm-zur-enchantress triggered Architect of Restoration
Replacement Effect: Creatures your opponents control enter tapped.
Resolve Stack: Whenever Architect of Restoration attacks or blocks, create a 1/1 colorless Spirit creature token. [Blocker: Architect of Restoration (52)]
Add To Stack: Ai(2)-mm-giada-angels triggered Authority of the Consuls
Life: Life: Ai(2)-mm-giada-angels 41 > 42
Resolve Stack: Whenever a creature an opponent controls enters, you gain 1 life. [Zone Changer: Spirit Token (889)]
Phase: Ai(2)-mm-giada-angels' First Strike Damage Step
Phase: Ai(2)-mm-giada-angels' Combat Damage Step
Replacement Effect: Protection from white
Damage: Angel Token (845) deals 10 damage to Tivit, Seller of Secrets (44).
Damage: Bruna, the Fading Light (148) deals 7 combat damage to Ai(1)-mm-zur-enchantress.
Damage: Resplendent Angel (101) deals 6 combat damage to Ai(1)-mm-zur-enchantress.
Damage: Metropolis Reformer (126) deals 6 combat damage to Ai(1)-mm-zur-enchantress.
Damage: Firemane Commando (116) deals 4 combat damage to Ai(1)-mm-zur-enchantress.
Damage: Giada, Font of Hope (200) deals 2 combat damage to Ai(1)-mm-zur-enchantress.
Damage: Starnheim Aspirant (146) deals 1 damage to Architect of Restoration (52).
Damage: Starnheim Aspirant (146) deals 1 damage to Spirit Token (683).
Damage: Tivit, Seller of Secrets (44) deals 6 damage to Angel Token (845).
Damage: Zur the Enchanter (99) deals 4 damage to Angel Token (842).
Life: Life: Ai(1)-mm-zur-enchantress 21 > 25
Damage: Spirit Token (683) deals 1 damage to Starnheim Aspirant (146).
Damage: Architect of Restoration (52) deals 20 damage to Starnheim Aspirant (146).
Life: Life: Ai(1)-mm-zur-enchantress 25 > 0
Zone Change: Starnheim Aspirant (146) was put into Graveyard from Battlefield.
Phase: Ai(2)-mm-giada-angels' End of Combat Step
Phase: Ai(2)-mm-giada-angels' Main phase, postcombat
Mana: Plains (188) - {T}: Add {W}.
Mana: Plains (180) - {T}: Add {W}.
Add To Stack: Ai(2)-mm-giada-angels cast Bishop of Wings
Resolve Stack: Bishop of Wings - Creature 1 / 4
Mana: Plains (190) - {T}: Add {W}.
Mana: Plains (191) - {T}: Add {W}.
Add To Stack: Ai(2)-mm-giada-angels cast Lightning Greaves
Resolve Stack: Lightning Greaves
Add To Stack: Ai(2)-mm-giada-angels activated Lightning Greaves targeting [Angel Token (845)]
Resolve Stack: Lightning Greaves (195) -  Attach to Angel Token (845)
Mana: Plains (177) - {T}: Add {W}.
Add To Stack: Ai(2)-mm-giada-angels cast Sol Ring
Resolve Stack: Sol Ring
Phase: Ai(2)-mm-giada-angels' End step
Phase: Ai(2)-mm-giada-angels' Cleanup step
Turn: Turn 43 (Ai(3)-mm-vito)
Phase: Ai(3)-mm-vito's Untap step
Phase: Ai(3)-mm-vito's Upkeep step
Phase: Ai(3)-mm-vito's Draw step
Phase: Ai(3)-mm-vito's Main phase, precombat
Land: Ai(3)-mm-vito played Swamp (265)
Phase: Ai(3)-mm-vito's Beginning of Combat Step
Phase: Ai(3)-mm-vito's Declare Attackers Step
Combat: Ai(3)-mm-vito assigned Nighthawk Scavenger (222) to attack Ai(4)-mm-baylen-tokens.
Add To Stack: Ai(3)-mm-vito triggered Sanctum Seeker
Life: Life: Ai(4)-mm-baylen-tokens 23 > 22
Life: Life: Ai(2)-mm-giada-angels 42 > 41
Life: Life: Ai(3)-mm-vito 46 > 47
Resolve Stack: Whenever a Vampire you control attacks, each opponent loses 1 life and you gain 1 life. [Attacker: Nighthawk Scavenger (222)]
Add To Stack: Ai(3)-mm-vito triggered Vito, Thorn of the Dusk Rose targeting [Ai(4)-mm-baylen-tokens]
Life: Life: Ai(4)-mm-baylen-tokens 22 > 21
Resolve Stack: Whenever you gain life, target opponent loses that much life. (Targeting: [[Ai(4)-mm-baylen-tokens]]) [Player: Ai(3)-mm-vito, Gained Amount: 1]
Phase: Ai(3)-mm-vito's Declare Blockers Step
Combat: Ai(4)-mm-baylen-tokens didn't block Nighthawk Scavenger (222).
Phase: Ai(3)-mm-vito's First Strike Damage Step
Phase: Ai(3)-mm-vito's Combat Damage Step
Damage: Nighthawk Scavenger (222) deals 6 combat damage to Ai(4)-mm-baylen-tokens.
Life: Life: Ai(3)-mm-vito 47 > 53
Life: Life: Ai(4)-mm-baylen-tokens 21 > 15
Add To Stack: Ai(3)-mm-vito triggered Vito, Thorn of the Dusk Rose targeting [Ai(4)-mm-baylen-tokens]
Life: Life: Ai(4)-mm-baylen-tokens 15 > 9
Resolve Stack: Whenever you gain life, target opponent loses that much life. (Targeting: [[Ai(4)-mm-baylen-tokens]]) [Player: Ai(3)-mm-vito, Gained Amount: 6]
Phase: Ai(3)-mm-vito's End of Combat Step
Phase: Ai(3)-mm-vito's Main phase, postcombat
Mana: Swamp (245) - {T}: Add {B}.
Mana: Swamp (260) - {T}: Add {B}.
Mana: Swamp (259) - {T}: Add {B}.
Mana: Swamp (263) - {T}: Add {B}.
Add To Stack: Ai(3)-mm-vito cast Dread Presence
Replacement Effect: Creatures your opponents control enter tapped.
Resolve Stack: Dread Presence - Creature 3 / 3
Add To Stack: Ai(2)-mm-giada-angels triggered Authority of the Consuls
Life: Life: Ai(2)-mm-giada-angels 41 > 42
Resolve Stack: Whenever a creature an opponent controls enters, you gain 1 life. [Zone Changer: Dread Presence (208)]
Phase: Ai(3)-mm-vito's End step
Phase: Ai(3)-mm-vito's Cleanup step
Turn: Turn 44 (Ai(4)-mm-baylen-tokens)
Phase: Ai(4)-mm-baylen-tokens' Untap step
Phase: Ai(4)-mm-baylen-tokens' Upkeep step
Phase: Ai(4)-mm-baylen-tokens' Draw step
Phase: Ai(4)-mm-baylen-tokens' Main phase, precombat
Land: Ai(4)-mm-baylen-tokens played Forest (327)
Phase: Ai(4)-mm-baylen-tokens' Beginning of Combat Step
Phase: Ai(4)-mm-baylen-tokens' Declare Attackers Step
Phase: Ai(4)-mm-baylen-tokens' Declare Blockers Step
Phase: Ai(4)-mm-baylen-tokens' First Strike Damage Step
Phase: Ai(4)-mm-baylen-tokens' Combat Damage Step
Phase: Ai(4)-mm-baylen-tokens' End of Combat Step
Phase: Ai(4)-mm-baylen-tokens' Main phase, postcombat
Mana: Plains (389) - {T}: Add {W}.
Mana: Sol Ring (317) - {T}: Add {C}{C}.
Mana: Forest (329) - {T}: Add {G}.
Add To Stack: Ai(4)-mm-baylen-tokens cast Dazzling Theater
Resolve Stack: Ai(4)-mm-baylen-tokens unlocks Dazzling Theater's Door
Resolve Stack: Dazzling Theater
Mana: Plains (388) - {T}: Add {W}.
Mana: Mountain (385) - {T}: Add {R}.
Mana: Forest (325) - {T}: Add {G}.
Add To Stack: Ai(4)-mm-baylen-tokens cast Warleader's Call
Resolve Stack: Warleader's Call
Add To Stack: Ai(4)-mm-baylen-tokens activated Baylen, the Haymaker
Resolve Stack: Baylen, the Haymaker (402) - Ai(4)-mm-baylen-tokens draws a card.
Add To Stack: Ai(4)-mm-baylen-tokens cast Hare Apparent
Replacement Effect: Creatures your opponents control enter tapped.
Resolve Stack: Hare Apparent - Creature 2 / 2
Add To Stack: Ai(4)-mm-baylen-tokens triggered Warleader's Call
Add To Stack: Ai(4)-mm-baylen-tokens triggered Hare Apparent
Add To Stack: Ai(2)-mm-giada-angels triggered Authority of the Consuls
Add To Stack: Ai(4)-mm-baylen-tokens activated Baylen, the Haymaker
Resolve Stack: Baylen, the Haymaker (402) - Ai(4)-mm-baylen-tokens draws a card.
Life: Life: Ai(2)-mm-giada-angels 42 > 43
Resolve Stack: Whenever a creature an opponent controls enters, you gain 1 life. [Zone Changer: Hare Apparent (360)]
Resolve Stack: When this creature enters, create a number of 1/1 white Rabbit creature tokens equal to the number of other creatures you control named Hare Apparent. [Zone Changer: Hare Apparent (360)]
Damage: Warleader's Call (305) deals 1 non-combat damage to Ai(2)-mm-giada-angels.
Damage: Warleader's Call (305) deals 1 non-combat damage to Ai(3)-mm-vito.
Life: Life: Ai(2)-mm-giada-angels 43 > 42
Life: Life: Ai(3)-mm-vito 53 > 52
Resolve Stack: Whenever a creature you control enters, Warleader's Call deals 1 damage to each opponent. [Zone Changer: Hare Apparent (360)]
Add To Stack: Ai(4)-mm-baylen-tokens cast Hare Apparent
Player Control: Ai(1)-mm-zur-enchantress has restored control over themself
Player Control: Ai(2)-mm-giada-angels has restored control over themself
Player Control: Ai(3)-mm-vito has restored control over themself
Player Control: Ai(4)-mm-baylen-tokens has restored control over themself
Game Outcome: Turn 22
Game Outcome: Ai(1)-mm-zur-enchantress has lost because life total reached 0
Game Outcome: Ai(2)-mm-giada-angels has won because all opponents have lost
Game Outcome: Ai(3)-mm-vito has won because all opponents have lost
Game Outcome: Ai(4)-mm-baylen-tokens has won because all opponents have lost
Match Result: Ai(1)-mm-zur-enchantress: 0 Ai(2)-mm-giada-angels: 2 Ai(3)-mm-vito: 0 Ai(4)-mm-baylen-tokens: 0 

Game Result: Game 2 ended in 300016 ms. Ai(2)-mm-giada-angels has won!

Warning: default (ie. inherited from base class) implementation of confirmAction is used by Giada, Font of Hope for forge.ai.ability.PermanentCreatureAi. Consider declaring an overloaded method
Warning: default (ie. inherited from base class) implementation of confirmAction is used by Giada, Font of Hope for forge.ai.ability.PermanentCreatureAi. Consider declaring an overloaded method
Mulligan: Ai(2)-mm-giada-angels has mulliganed down to 7 cards.
Mulligan: Ai(4)-mm-baylen-tokens has mulliganed down to 7 cards.
Mulligan: Ai(2)-mm-giada-angels has mulliganed down to 6 cards.
Mulligan: Ai(2)-mm-giada-angels has mulliganed down to 5 cards.
Mulligan: Ai(1)-mm-zur-enchantress has kept a hand of 7 cards
Mulligan: Ai(2)-mm-giada-angels has kept a hand of 5 cards
Mulligan: Ai(3)-mm-vito has kept a hand of 7 cards
Mulligan: Ai(4)-mm-baylen-tokens has kept a hand of 7 cards
Turn: Turn 1 (Ai(1)-mm-zur-enchantress)
Phase: Ai(1)-mm-zur-enchantress' Untap step
Phase: Ai(1)-mm-zur-enchantress' Upkeep step
Phase: Ai(1)-mm-zur-enchantress' Draw step
Phase: Ai(1)-mm-zur-enchantress' Main phase, precombat
Land: Ai(1)-mm-zur-enchantress played Command Tower (17)
Phase: Ai(1)-mm-zur-enchantress' Beginning of Combat Step
Phase: Ai(1)-mm-zur-enchantress' Declare Attackers Step
Phase: Ai(1)-mm-zur-enchantress' Declare Blockers Step
Phase: Ai(1)-mm-zur-enchantress' First Strike Damage Step
Phase: Ai(1)-mm-zur-enchantress' Combat Damage Step
Phase: Ai(1)-mm-zur-enchantress' End of Combat Step
Phase: Ai(1)-mm-zur-enchantress' Main phase, postcombat
Mana: Command Tower (17) - {T}: Add one mana of any color in your commander's color identity.
Add To Stack: Ai(1)-mm-zur-enchantress cast Prying Blade
Resolve Stack: Prying Blade
Phase: Ai(1)-mm-zur-enchantress' End step
Phase: Ai(1)-mm-zur-enchantress' Cleanup step
Turn: Turn 2 (Ai(2)-mm-giada-angels)
Phase: Ai(2)-mm-giada-angels' Untap step
Phase: Ai(2)-mm-giada-angels' Upkeep step
Phase: Ai(2)-mm-giada-angels' Draw step
Phase: Ai(2)-mm-giada-angels' Main phase, precombat
Replacement Effect: Minas Tirith enters tapped unless you control a legendary creature.
Land: Ai(2)-mm-giada-angels played Minas Tirith (124)
Phase: Ai(2)-mm-giada-angels' Beginning of Combat Step
Phase: Ai(2)-mm-giada-angels' Declare Attackers Step
Phase: Ai(2)-mm-giada-angels' Declare Blockers Step
Phase: Ai(2)-mm-giada-angels' First Strike Damage Step
Phase: Ai(2)-mm-giada-angels' Combat Damage Step
Phase: Ai(2)-mm-giada-angels' End of Combat Step
Phase: Ai(2)-mm-giada-angels' Main phase, postcombat
Phase: Ai(2)-mm-giada-angels' End step
Phase: Ai(2)-mm-giada-angels' Cleanup step
Turn: Turn 3 (Ai(3)-mm-vito)
Phase: Ai(3)-mm-vito's Untap step
Phase: Ai(3)-mm-vito's Upkeep step
Phase: Ai(3)-mm-vito's Draw step
Phase: Ai(3)-mm-vito's Main phase, precombat
Land: Ai(3)-mm-vito played Swamp (247)
Phase: Ai(3)-mm-vito's Beginning of Combat Step
Phase: Ai(3)-mm-vito's Declare Attackers Step
Phase: Ai(3)-mm-vito's Declare Blockers Step
Phase: Ai(3)-mm-vito's First Strike Damage Step
Phase: Ai(3)-mm-vito's Combat Damage Step
Phase: Ai(3)-mm-vito's End of Combat Step
Phase: Ai(3)-mm-vito's Main phase, postcombat
Phase: Ai(3)-mm-vito's End step
Phase: Ai(3)-mm-vito's Cleanup step
Turn: Turn 4 (Ai(4)-mm-baylen-tokens)
Phase: Ai(4)-mm-baylen-tokens' Untap step
Phase: Ai(4)-mm-baylen-tokens' Upkeep step
Phase: Ai(4)-mm-baylen-tokens' Draw step
Phase: Ai(4)-mm-baylen-tokens' Main phase, precombat
Replacement Effect: Cinder Glade enters tapped unless you control two or more basic lands.
Land: Ai(4)-mm-baylen-tokens played Cinder Glade (313)
Phase: Ai(4)-mm-baylen-tokens' Beginning of Combat Step
Phase: Ai(4)-mm-baylen-tokens' Declare Attackers Step
Phase: Ai(4)-mm-baylen-tokens' Declare Blockers Step
Phase: Ai(4)-mm-baylen-tokens' First Strike Damage Step
Phase: Ai(4)-mm-baylen-tokens' Combat Damage Step
Phase: Ai(4)-mm-baylen-tokens' End of Combat Step
Phase: Ai(4)-mm-baylen-tokens' Main phase, postcombat
Phase: Ai(4)-mm-baylen-tokens' End step
Phase: Ai(4)-mm-baylen-tokens' Cleanup step
Turn: Turn 5 (Ai(1)-mm-zur-enchantress)
Phase: Ai(1)-mm-zur-enchantress' Untap step
Phase: Ai(1)-mm-zur-enchantress' Upkeep step
Phase: Ai(1)-mm-zur-enchantress' Draw step
Phase: Ai(1)-mm-zur-enchantress' Main phase, precombat
Land: Ai(1)-mm-zur-enchantress played Crystal Grotto (84)
Add To Stack: Ai(1)-mm-zur-enchantress triggered Crystal Grotto
Resolve Stack: Ai(1)-mm-zur-enchantress scried 1 card(s) to the top of the library
Resolve Stack: When Crystal Grotto enters, scry 1. (Look at the top card of your library. You may put that card on the bottom.) [Zone Changer: Crystal Grotto (84)]
Phase: Ai(1)-mm-zur-enchantress' Beginning of Combat Step
Phase: Ai(1)-mm-zur-enchantress' Declare Attackers Step
Phase: Ai(1)-mm-zur-enchantress' Declare Blockers Step
Phase: Ai(1)-mm-zur-enchantress' First Strike Damage Step
Phase: Ai(1)-mm-zur-enchantress' Combat Damage Step
Phase: Ai(1)-mm-zur-enchantress' End of Combat Step
Phase: Ai(1)-mm-zur-enchantress' Main phase, postcombat
Mana: Command Tower (17) - {T}: Add one mana of any color in your commander's color identity.
Mana: Crystal Grotto (84) - {T}: Add {C}.
Add To Stack: Ai(1)-mm-zur-enchantress cast Umezawa's Jitte
Resolve Stack: Umezawa's Jitte
Phase: Ai(1)-mm-zur-enchantress' End step
Phase: Ai(1)-mm-zur-enchantress' Cleanup step
Turn: Turn 6 (Ai(2)-mm-giada-angels)
Phase: Ai(2)-mm-giada-angels' Untap step
Phase: Ai(2)-mm-giada-angels' Upkeep step
Phase: Ai(2)-mm-giada-angels' Draw step
Phase: Ai(2)-mm-giada-angels' Main phase, precombat
Land: Ai(2)-mm-giada-angels played Plains (193)
Phase: Ai(2)-mm-giada-angels' Beginning of Combat Step
Phase: Ai(2)-mm-giada-angels' Declare Attackers Step
Phase: Ai(2)-mm-giada-angels' Declare Blockers Step
Phase: Ai(2)-mm-giada-angels' First Strike Damage Step
Phase: Ai(2)-mm-giada-angels' Combat Damage Step
Phase: Ai(2)-mm-giada-angels' End of Combat Step
Phase: Ai(2)-mm-giada-angels' Main phase, postcombat
Mana: Plains (193) - {T}: Add {W}.
Mana: Minas Tirith (124) - {T}: Add {W}.
Add To Stack: Ai(2)-mm-giada-angels cast Giada, Font of Hope
Resolve Stack: Giada, Font of Hope - Creature 2 / 2
Phase: Ai(2)-mm-giada-angels' End step
Phase: Ai(2)-mm-giada-angels' Cleanup step
Turn: Turn 7 (Ai(3)-mm-vito)
Phase: Ai(3)-mm-vito's Untap step
Phase: Ai(3)-mm-vito's Upkeep step
Phase: Ai(3)-mm-vito's Draw step
Phase: Ai(3)-mm-vito's Main phase, precombat
Land: Ai(3)-mm-vito played Swamp (269)
Mana: Swamp (247) - {T}: Add {B}.
Mana: Swamp (269) - {T}: Add {B}.
Add To Stack: Ai(3)-mm-vito cast Feed the Swarm targeting [Giada, Font of Hope (200)]
Add To Stack: Ai(2)-mm-giada-angels cast Flawless Maneuver
Resolve Stack: Flawless Maneuver (107) - Creatures you control gain indestructible until end of turn.
Life: Life: Ai(3)-mm-vito 40 > 38
Resolve Stack: Feed the Swarm (236) - Destroy Giada, Font of Hope (200). Ai(3)-mm-vito loses 2 life.
Phase: Ai(3)-mm-vito's Beginning of Combat Step
Phase: Ai(3)-mm-vito's Declare Attackers Step
Phase: Ai(3)-mm-vito's Declare Blockers Step
Phase: Ai(3)-mm-vito's First Strike Damage Step
Phase: Ai(3)-mm-vito's Combat Damage Step
Phase: Ai(3)-mm-vito's End of Combat Step
Phase: Ai(3)-mm-vito's Main phase, postcombat
Phase: Ai(3)-mm-vito's End step
Phase: Ai(3)-mm-vito's Cleanup step
Turn: Turn 8 (Ai(4)-mm-baylen-tokens)
Phase: Ai(4)-mm-baylen-tokens' Untap step
Phase: Ai(4)-mm-baylen-tokens' Upkeep step
Phase: Ai(4)-mm-baylen-tokens' Draw step
Phase: Ai(4)-mm-baylen-tokens' Main phase, precombat
Life: Life: Ai(4)-mm-baylen-tokens 40 > 38
Replacement Effect: As Sacred Foundry enters, you may pay 2 life. If you don't, it enters tapped.
Land: Ai(4)-mm-baylen-tokens played Sacred Foundry (337)
Mana: Cinder Glade (313) - {T}: Add {G}.
Mana: Sacred Foundry (337) - {T}: Add {R}.
Add To Stack: Ai(4)-mm-baylen-tokens cast Nature's Lore
Replacement Effect: As Temple Garden enters, you may pay 2 life. If you don't, it enters tapped.
Resolve Stack: Nature's Lore (375) - Ai(4)-mm-baylen-tokens searches their library for a Forest card, puts it onto the battlefield, then shuffles.
Phase: Ai(4)-mm-baylen-tokens' Beginning of Combat Step
Phase: Ai(4)-mm-baylen-tokens' Declare Attackers Step
Phase: Ai(4)-mm-baylen-tokens' Declare Blockers Step
Phase: Ai(4)-mm-baylen-tokens' First Strike Damage Step
Phase: Ai(4)-mm-baylen-tokens' Combat Damage Step
Phase: Ai(4)-mm-baylen-tokens' End of Combat Step
Phase: Ai(4)-mm-baylen-tokens' Main phase, postcombat
Phase: Ai(4)-mm-baylen-tokens' End step
Phase: Ai(4)-mm-baylen-tokens' Cleanup step
Turn: Turn 9 (Ai(1)-mm-zur-enchantress)
Phase: Ai(1)-mm-zur-enchantress' Untap step
Phase: Ai(1)-mm-zur-enchantress' Upkeep step
Phase: Ai(1)-mm-zur-enchantress' Draw step
Phase: Ai(1)-mm-zur-enchantress' Main phase, precombat
Land: Ai(1)-mm-zur-enchantress played Swamp (55)
Phase: Ai(1)-mm-zur-enchantress' Beginning of Combat Step
Phase: Ai(1)-mm-zur-enchantress' Declare Attackers Step
Phase: Ai(1)-mm-zur-enchantress' Declare Blockers Step
Phase: Ai(1)-mm-zur-enchantress' First Strike Damage Step
Phase: Ai(1)-mm-zur-enchantress' Combat Damage Step
Phase: Ai(1)-mm-zur-enchantress' End of Combat Step
Phase: Ai(1)-mm-zur-enchantress' Main phase, postcombat
Mana: Swamp (55) - {T}: Add {B}.
Mana: Command Tower (17) - {T}: Add one mana of any color in your commander's color identity.
Mana: Crystal Grotto (84) - {T}: Add {C}.
Add To Stack: Ai(1)-mm-zur-enchantress cast Urza's Sylex
Resolve Stack: Urza's Sylex
Phase: Ai(1)-mm-zur-enchantress' End step
Phase: Ai(1)-mm-zur-enchantress' Cleanup step
Turn: Turn 10 (Ai(2)-mm-giada-angels)
Phase: Ai(2)-mm-giada-angels' Untap step
Phase: Ai(2)-mm-giada-angels' Upkeep step
Phase: Ai(2)-mm-giada-angels' Draw step
Phase: Ai(2)-mm-giada-angels' Main phase, precombat
Land: Ai(2)-mm-giada-angels played Plains (187)
Phase: Ai(2)-mm-giada-angels' Beginning of Combat Step
Phase: Ai(2)-mm-giada-angels' Declare Attackers Step
Combat: Ai(2)-mm-giada-angels assigned Giada, Font of Hope (200) to attack Ai(1)-mm-zur-enchantress.
Phase: Ai(2)-mm-giada-angels' Declare Blockers Step
Combat: Ai(1)-mm-zur-enchantress didn't block Giada, Font of Hope (200).
Phase: Ai(2)-mm-giada-angels' First Strike Damage Step
Phase: Ai(2)-mm-giada-angels' Combat Damage Step
Damage: Giada, Font of Hope (200) deals 2 combat damage to Ai(1)-mm-zur-enchantress.
Life: Life: Ai(1)-mm-zur-enchantress 40 > 38
Phase: Ai(2)-mm-giada-angels' End of Combat Step
Phase: Ai(2)-mm-giada-angels' Main phase, postcombat
Mana: Plains (193) - {T}: Add {W}.
Mana: Plains (187) - {T}: Add {W}.
Mana: Minas Tirith (124) - {T}: Add {W}.
Add To Stack: Ai(2)-mm-giada-angels cast Dazzling Angel
Replacement Effect: Each other Angel you control enters with an additional +1/+1 counter on it for each Angel you already control.
Resolve Stack: Dazzling Angel - Creature 2 / 3
Phase: Ai(2)-mm-giada-angels' End step
Phase: Ai(2)-mm-giada-angels' Cleanup step
Turn: Turn 11 (Ai(3)-mm-vito)
Phase: Ai(3)-mm-vito's Untap step
Phase: Ai(3)-mm-vito's Upkeep step
Phase: Ai(3)-mm-vito's Draw step
Mana: Swamp (247) - {T}: Add {B}.
Add To Stack: Ai(3)-mm-vito cast Defile targeting [Giada, Font of Hope (200)]
Resolve Stack: Defile (282) - Giada, Font of Hope (200) gets -2/-2  until end of turn.
Zone Change: Giada, Font of Hope (200) was put into Graveyard from Battlefield.
Phase: Ai(3)-mm-vito's Main phase, precombat
Phase: Ai(3)-mm-vito's Beginning of Combat Step
Phase: Ai(3)-mm-vito's Declare Attackers Step
Phase: Ai(3)-mm-vito's Declare Blockers Step
Phase: Ai(3)-mm-vito's First Strike Damage Step
Phase: Ai(3)-mm-vito's Combat Damage Step
Phase: Ai(3)-mm-vito's End of Combat Step
Phase: Ai(3)-mm-vito's Main phase, postcombat
Phase: Ai(3)-mm-vito's End step
Phase: Ai(3)-mm-vito's Cleanup step
Turn: Turn 12 (Ai(4)-mm-baylen-tokens)
Phase: Ai(4)-mm-baylen-tokens' Untap step
Phase: Ai(4)-mm-baylen-tokens' Upkeep step
Phase: Ai(4)-mm-baylen-tokens' Draw step
Phase: Ai(4)-mm-baylen-tokens' Main phase, precombat
Phase: Ai(4)-mm-baylen-tokens' Beginning of Combat Step
Phase: Ai(4)-mm-baylen-tokens' Declare Attackers Step
Phase: Ai(4)-mm-baylen-tokens' Declare Blockers Step
Phase: Ai(4)-mm-baylen-tokens' First Strike Damage Step
Phase: Ai(4)-mm-baylen-tokens' Combat Damage Step
Phase: Ai(4)-mm-baylen-tokens' End of Combat Step
Phase: Ai(4)-mm-baylen-tokens' Main phase, postcombat
Mana: Sacred Foundry (337) - {T}: Add {W}.
Mana: Cinder Glade (313) - {T}: Add {R}.
Mana: Temple Garden (377) - {T}: Add {G}.
Add To Stack: Ai(4)-mm-baylen-tokens cast Baylen, the Haymaker
Resolve Stack: Baylen, the Haymaker - Creature 4 / 3
Phase: Ai(4)-mm-baylen-tokens' End step
Phase: Ai(4)-mm-baylen-tokens' Cleanup step
Turn: Turn 13 (Ai(1)-mm-zur-enchantress)
Phase: Ai(1)-mm-zur-enchantress' Untap step
Phase: Ai(1)-mm-zur-enchantress' Upkeep step
Phase: Ai(1)-mm-zur-enchantress' Draw step
Phase: Ai(1)-mm-zur-enchantress' Main phase, precombat
Land: Ai(1)-mm-zur-enchantress played Island (35)
Mana: Island (35) - {T}: Add {U}.
Mana: Swamp (55) - {T}: Add {B}.
Mana: Command Tower (17) - {T}: Add one mana of any color in your commander's color identity.
Mana: Crystal Grotto (84) - {T}: Add {C}.
Add To Stack: Ai(1)-mm-zur-enchantress cast Faerie Harbinger
Resolve Stack: Faerie Harbinger - Creature 2 / 2
Add To Stack: Ai(1)-mm-zur-enchantress triggered Faerie Harbinger
Resolve Stack: When Faerie Harbinger enters, you may search your library for a Faerie card, reveal it, then shuffle and put that card on top. [Zone Changer: Faerie Harbinger (38)]
Phase: Ai(1)-mm-zur-enchantress' Beginning of Combat Step
Phase: Ai(1)-mm-zur-enchantress' Declare Attackers Step
Phase: Ai(1)-mm-zur-enchantress' Declare Blockers Step
Phase: Ai(1)-mm-zur-enchantress' First Strike Damage Step
Phase: Ai(1)-mm-zur-enchantress' Combat Damage Step
Phase: Ai(1)-mm-zur-enchantress' End of Combat Step
Phase: Ai(1)-mm-zur-enchantress' Main phase, postcombat
Phase: Ai(1)-mm-zur-enchantress' End step
Phase: Ai(1)-mm-zur-enchantress' Cleanup step
Turn: Turn 14 (Ai(2)-mm-giada-angels)
Phase: Ai(2)-mm-giada-angels' Untap step
Phase: Ai(2)-mm-giada-angels' Upkeep step
Phase: Ai(2)-mm-giada-angels' Draw step
Phase: Ai(2)-mm-giada-angels' Main phase, precombat
Phase: Ai(2)-mm-giada-angels' Beginning of Combat Step
Phase: Ai(2)-mm-giada-angels' Declare Attackers Step
Combat: Ai(2)-mm-giada-angels assigned Dazzling Angel (128) to attack Ai(1)-mm-zur-enchantress.
Phase: Ai(2)-mm-giada-angels' Declare Blockers Step
Combat: Ai(1)-mm-zur-enchantress didn't block Dazzling Angel (128).
Phase: Ai(2)-mm-giada-angels' First Strike Damage Step
Phase: Ai(2)-mm-giada-angels' Combat Damage Step
Damage: Dazzling Angel (128) deals 3 combat damage to Ai(1)-mm-zur-enchantress.
Life: Life: Ai(1)-mm-zur-enchantress 38 > 35
Phase: Ai(2)-mm-giada-angels' End of Combat Step
Phase: Ai(2)-mm-giada-angels' Main phase, postcombat
Replacement Effect: Myriad Landscape enters tapped.
Land: Ai(2)-mm-giada-angels played Myriad Landscape (162)
Mana: Plains (193) - {T}: Add {W}.
Mana: Plains (187) - {T}: Add {W}.
Mana: Minas Tirith (124) - {T}: Add {W}.
Add To Stack: Ai(2)-mm-giada-angels cast Oketra's Monument
Resolve Stack: Oketra's Monument
Phase: Ai(2)-mm-giada-angels' End step
Phase: Ai(2)-mm-giada-angels' Cleanup step
Turn: Turn 15 (Ai(3)-mm-vito)
Phase: Ai(3)-mm-vito's Untap step
Phase: Ai(3)-mm-vito's Upkeep step
Phase: Ai(3)-mm-vito's Draw step
Phase: Ai(3)-mm-vito's Main phase, precombat
Land: Ai(3)-mm-vito played Swamp (262)
Phase: Ai(3)-mm-vito's Beginning of Combat Step
Phase: Ai(3)-mm-vito's Declare Attackers Step
Phase: Ai(3)-mm-vito's Declare Blockers Step
Phase: Ai(3)-mm-vito's First Strike Damage Step
Phase: Ai(3)-mm-vito's Combat Damage Step
Phase: Ai(3)-mm-vito's End of Combat Step
Phase: Ai(3)-mm-vito's Main phase, postcombat
Mana: Swamp (247) - {T}: Add {B}.
Mana: Swamp (269) - {T}: Add {B}.
Mana: Swamp (262) - {T}: Add {B}.
Add To Stack: Ai(3)-mm-vito cast Vito, Thorn of the Dusk Rose
Resolve Stack: Vito, Thorn of the Dusk Rose - Creature 1 / 3
Phase: Ai(3)-mm-vito's End step
Phase: Ai(3)-mm-vito's Cleanup step
Turn: Turn 16 (Ai(4)-mm-baylen-tokens)
Phase: Ai(4)-mm-baylen-tokens' Untap step
Phase: Ai(4)-mm-baylen-tokens' Upkeep step
Phase: Ai(4)-mm-baylen-tokens' Draw step
Mana: Sacred Foundry (337) - {T}: Add {W}.
Add To Stack: Ai(4)-mm-baylen-tokens cast Path to Exile targeting [Dazzling Angel (128)]
Zone Change: Dazzling Angel (128) was put into Exile from Battlefield.
Resolve Stack: Path to Exile (307) - Exile Dazzling Angel (128). Ai(2)-mm-giada-angels may search their library for a basic land card, put that card onto the battlefield tapped, then shuffle their library. 
Phase: Ai(4)-mm-baylen-tokens' Main phase, precombat
Mana: Temple Garden (377) - {T}: Add {W}.
Mana: Cinder Glade (313) - {T}: Add {G}.
Add To Stack: Ai(4)-mm-baylen-tokens cast Hare Apparent
Resolve Stack: Hare Apparent - Creature 2 / 2
Add To Stack: Ai(4)-mm-baylen-tokens triggered Hare Apparent
Resolve Stack: When this creature enters, create a number of 1/1 white Rabbit creature tokens equal to the number of other creatures you control named Hare Apparent. [Zone Changer: Hare Apparent (344)]
Phase: Ai(4)-mm-baylen-tokens' Beginning of Combat Step
Phase: Ai(4)-mm-baylen-tokens' Declare Attackers Step
Combat: Ai(4)-mm-baylen-tokens assigned Baylen, the Haymaker (402) to attack Ai(1)-mm-zur-enchantress.
Phase: Ai(4)-mm-baylen-tokens' Declare Blockers Step
Combat: Ai(1)-mm-zur-enchantress didn't block Baylen, the Haymaker (402).
Phase: Ai(4)-mm-baylen-tokens' First Strike Damage Step
Phase: Ai(4)-mm-baylen-tokens' Combat Damage Step
Damage: Baylen, the Haymaker (402) deals 4 combat damage to Ai(1)-mm-zur-enchantress.
Life: Life: Ai(1)-mm-zur-enchantress 35 > 31
Phase: Ai(4)-mm-baylen-tokens' End of Combat Step
Phase: Ai(4)-mm-baylen-tokens' Main phase, postcombat
Phase: Ai(4)-mm-baylen-tokens' End step
Phase: Ai(4)-mm-baylen-tokens' Cleanup step
Turn: Turn 17 (Ai(1)-mm-zur-enchantress)
Phase: Ai(1)-mm-zur-enchantress' Untap step
Phase: Ai(1)-mm-zur-enchantress' Upkeep step
Phase: Ai(1)-mm-zur-enchantress' Draw step
Phase: Ai(1)-mm-zur-enchantress' Main phase, precombat
Land: Ai(1)-mm-zur-enchantress played The Mycosynth Gardens (67)
Mana: Swamp (55) - {T}: Add {B}.
Mana: Island (35) - {T}: Add {U}.
Add To Stack: Ai(1)-mm-zur-enchantress activated Prying Blade targeting [Faerie Harbinger (38)]
Resolve Stack: Prying Blade (74) -  Attach to Faerie Harbinger (38)
Mana: Command Tower (17) - {T}: Add one mana of any color in your commander's color identity.
Mana: Crystal Grotto (84) - {T}: Add {C}.
Add To Stack: Ai(1)-mm-zur-enchantress activated Umezawa's Jitte targeting [Faerie Harbinger (38)]
Resolve Stack: Umezawa's Jitte (69) -  Attach to Faerie Harbinger (38)
Phase: Ai(1)-mm-zur-enchantress' Beginning of Combat Step
Phase: Ai(1)-mm-zur-enchantress' Declare Attackers Step
Combat: Ai(1)-mm-zur-enchantress assigned Faerie Harbinger (38) to attack Ai(4)-mm-baylen-tokens.
Phase: Ai(1)-mm-zur-enchantress' Declare Blockers Step
Combat: Ai(4)-mm-baylen-tokens didn't block Faerie Harbinger (38).
Phase: Ai(1)-mm-zur-enchantress' First Strike Damage Step
Phase: Ai(1)-mm-zur-enchantress' Combat Damage Step
Damage: Faerie Harbinger (38) deals 3 combat damage to Ai(4)-mm-baylen-tokens.
Life: Life: Ai(4)-mm-baylen-tokens 38 > 35
Add To Stack: Ai(1)-mm-zur-enchantress triggered Umezawa's Jitte
Add To Stack: Ai(1)-mm-zur-enchantress triggered Prying Blade
Resolve Stack: Whenever equipped creature deals combat damage to a player, create a Treasure token. (It's an artifact with "{T}, Sacrifice this token: Add one mana of any color.") [Damage Source: Faerie Harbinger (38), Damaged: Ai(4)-mm-baylen-tokens, Amount: 3]
Resolve Stack: Whenever equipped creature deals combat damage, put two charge counters on Umezawa's Jitte. [Damage Source: Faerie Harbinger (38), Damaged: [Ai(4)-mm-baylen-tokens], Amount: 3]
Phase: Ai(1)-mm-zur-enchantress' End of Combat Step
Phase: Ai(1)-mm-zur-enchantress' Main phase, postcombat
Phase: Ai(1)-mm-zur-enchantress' End step
Phase: Ai(1)-mm-zur-enchantress' Cleanup step
Turn: Turn 18 (Ai(2)-mm-giada-angels)
Phase: Ai(2)-mm-giada-angels' Untap step
Phase: Ai(2)-mm-giada-angels' Upkeep step
Mana: Plains (193) - {T}: Add {W}.
Mana: Plains (187) - {T}: Add {W}.
Zone Change: Myriad Landscape (162) was put into Graveyard from Battlefield.
Add To Stack: Ai(2)-mm-giada-angels activated Myriad Landscape
Resolve Stack: Myriad Landscape (162) - Ai(2)-mm-giada-angels searches their library for  up to two basic land cards, puts them onto the battlefield tapped, then shuffles.
Phase: Ai(2)-mm-giada-angels' Draw step
Phase: Ai(2)-mm-giada-angels' Main phase, precombat
Phase: Ai(2)-mm-giada-angels' Beginning of Combat Step
Phase: Ai(2)-mm-giada-angels' Declare Attackers Step
Phase: Ai(2)-mm-giada-angels' Declare Blockers Step
Phase: Ai(2)-mm-giada-angels' First Strike Damage Step
Phase: Ai(2)-mm-giada-angels' Combat Damage Step
Phase: Ai(2)-mm-giada-angels' End of Combat Step
Phase: Ai(2)-mm-giada-angels' Main phase, postcombat
Mana: Plains (175) - {T}: Add {W}.
Mana: Minas Tirith (124) - {T}: Add {W}.
Add To Stack: Ai(2)-mm-giada-angels cast Arcane Signet
Resolve Stack: Arcane Signet
Mana: Arcane Signet (199) - {T}: Add one mana of any color in your commander's color identity.
Add To Stack: Ai(2)-mm-giada-angels cast Authority of the Consuls
Resolve Stack: Authority of the Consuls
Phase: Ai(2)-mm-giada-angels' End step
Phase: Ai(2)-mm-giada-angels' Cleanup step
Turn: Turn 19 (Ai(3)-mm-vito)
Phase: Ai(3)-mm-vito's Untap step
Phase: Ai(3)-mm-vito's Upkeep step
Phase: Ai(3)-mm-vito's Draw step
Phase: Ai(3)-mm-vito's Main phase, precombat
Phase: Ai(3)-mm-vito's Beginning of Combat Step
Phase: Ai(3)-mm-vito's Declare Attackers Step
Combat: Ai(3)-mm-vito assigned Vito, Thorn of the Dusk Rose (301) to attack Ai(1)-mm-zur-enchantress.
Phase: Ai(3)-mm-vito's Declare Blockers Step
Combat: Ai(1)-mm-zur-enchantress didn't block Vito, Thorn of the Dusk Rose (301).
Phase: Ai(3)-mm-vito's First Strike Damage Step
Phase: Ai(3)-mm-vito's Combat Damage Step
Damage: Vito, Thorn of the Dusk Rose (301) deals 1 combat damage to Ai(1)-mm-zur-enchantress.
Life: Life: Ai(1)-mm-zur-enchantress 31 > 30
Phase: Ai(3)-mm-vito's End of Combat Step
Phase: Ai(3)-mm-vito's Main phase, postcombat
Mana: Swamp (247) - {T}: Add {B}.
Mana: Swamp (269) - {T}: Add {B}.
Mana: Swamp (262) - {T}: Add {B}.
Add To Stack: Ai(3)-mm-vito cast Staff of the Death Magus
Resolve Stack: Staff of the Death Magus
Phase: Ai(3)-mm-vito's End step
Phase: Ai(3)-mm-vito's Cleanup step
Turn: Turn 20 (Ai(4)-mm-baylen-tokens)
Phase: Ai(4)-mm-baylen-tokens' Untap step
Phase: Ai(4)-mm-baylen-tokens' Upkeep step
Phase: Ai(4)-mm-baylen-tokens' Draw step
Phase: Ai(4)-mm-baylen-tokens' Main phase, precombat
Mana: Sacred Foundry (337) - {T}: Add {W}.
Mana: Cinder Glade (313) - {T}: Add {G}.
Add To Stack: Ai(4)-mm-baylen-tokens cast Hare Apparent
Replacement Effect: Creatures your opponents control enter tapped.
Resolve Stack: Hare Apparent - Creature 2 / 2
Add To Stack: Ai(4)-mm-baylen-tokens triggered Hare Apparent
Add To Stack: Ai(2)-mm-giada-angels triggered Authority of the Consuls
Life: Life: Ai(2)-mm-giada-angels 40 > 41
Resolve Stack: Whenever a creature an opponent controls enters, you gain 1 life. [Zone Changer: Hare Apparent (359)]
Replacement Effect: Creatures your opponents control enter tapped.
Resolve Stack: When this creature enters, create a number of 1/1 white Rabbit creature tokens equal to the number of other creatures you control named Hare Apparent. [Zone Changer: Hare Apparent (359)]
Add To Stack: Ai(2)-mm-giada-angels triggered Authority of the Consuls
Add To Stack: Ai(1)-mm-zur-enchantress activated Umezawa's Jitte
Resolve Stack: Umezawa's Jitte (69) -  Target creature gets -1/-1 until end of turn. (Targeting: Rabbit Token (417))
Zone Change: Rabbit Token (417) was put into Graveyard from Battlefield.
Life: Life: Ai(2)-mm-giada-angels 41 > 42
Resolve Stack: Whenever a creature an opponent controls enters, you gain 1 life. [Zone Changer: Rabbit Token (417)]
Phase: Ai(4)-mm-baylen-tokens' Beginning of Combat Step
Phase: Ai(4)-mm-baylen-tokens' Declare Attackers Step
Combat: Ai(4)-mm-baylen-tokens assigned Baylen, the Haymaker (402) and Hare Apparent (344) to attack Ai(1)-mm-zur-enchantress.
Phase: Ai(4)-mm-baylen-tokens' Declare Blockers Step
Combat: Ai(1)-mm-zur-enchantress didn't block Baylen, the Haymaker (402).
Ai(1)-mm-zur-enchantress didn't block Hare Apparent (344).
Phase: Ai(4)-mm-baylen-tokens' First Strike Damage Step
Phase: Ai(4)-mm-baylen-tokens' Combat Damage Step
Damage: Baylen, the Haymaker (402) deals 4 combat damage to Ai(1)-mm-zur-enchantress.
Damage: Hare Apparent (344) deals 2 combat damage to Ai(1)-mm-zur-enchantress.
Life: Life: Ai(1)-mm-zur-enchantress 30 > 24
Phase: Ai(4)-mm-baylen-tokens' End of Combat Step
Phase: Ai(4)-mm-baylen-tokens' Main phase, postcombat
Phase: Ai(4)-mm-baylen-tokens' End step
Add To Stack: Ai(1)-mm-zur-enchantress activated Umezawa's Jitte
Life: Life: Ai(1)-mm-zur-enchantress 24 > 26
Resolve Stack: Umezawa's Jitte (69) -  You gain 2 life.
Phase: Ai(4)-mm-baylen-tokens' Cleanup step
Turn: Turn 21 (Ai(1)-mm-zur-enchantress)
Phase: Ai(1)-mm-zur-enchantress' Untap step
Phase: Ai(1)-mm-zur-enchantress' Upkeep step
Phase: Ai(1)-mm-zur-enchantress' Draw step
Phase: Ai(1)-mm-zur-enchantress' Main phase, precombat
Land: Ai(1)-mm-zur-enchantress played Conduit Pylons (8)
Add To Stack: Ai(1)-mm-zur-enchantress triggered Conduit Pylons
Resolve Stack: Ai(1)-mm-zur-enchantress surveiled 1 card(s) to the top of the library
Resolve Stack: When Conduit Pylons enters, surveil 1. (Look at the top card of your library. You may put it into your graveyard.) [Zone Changer: Conduit Pylons (8)]
Mana: Swamp (55) - {T}: Add {B}.
Mana: Island (35) - {T}: Add {U}.
Mana: Command Tower (17) - {T}: Add one mana of any color in your commander's color identity.
Add To Stack: Ai(1)-mm-zur-enchantress cast Sword of Fire and Ice
Resolve Stack: Sword of Fire and Ice
Mana: Crystal Grotto (84) - {T}: Add {C}.
Mana: Conduit Pylons (8) - {T}: Add {C}.
Add To Stack: Ai(1)-mm-zur-enchantress activated Sword of Fire and Ice targeting [Faerie Harbinger (38)]
Resolve Stack: Sword of Fire and Ice (14) -  Attach to Faerie Harbinger (38)
Phase: Ai(1)-mm-zur-enchantress' Beginning of Combat Step
Phase: Ai(1)-mm-zur-enchantress' Declare Attackers Step
Combat: Ai(1)-mm-zur-enchantress assigned Faerie Harbinger (38) to attack Ai(4)-mm-baylen-tokens.
Phase: Ai(1)-mm-zur-enchantress' Declare Blockers Step
Combat: Ai(4)-mm-baylen-tokens didn't block Faerie Harbinger (38).
Phase: Ai(1)-mm-zur-enchantress' First Strike Damage Step
Phase: Ai(1)-mm-zur-enchantress' Combat Damage Step
Damage: Faerie Harbinger (38) deals 5 combat damage to Ai(4)-mm-baylen-tokens.
Life: Life: Ai(4)-mm-baylen-tokens 35 > 30
Add To Stack: Ai(1)-mm-zur-enchantress triggered Sword of Fire and Ice targeting [Hare Apparent (344)]
Add To Stack: Ai(1)-mm-zur-enchantress triggered Umezawa's Jitte
Add To Stack: Ai(1)-mm-zur-enchantress triggered Prying Blade
Resolve Stack: Whenever equipped creature deals combat damage to a player, create a Treasure token. (It's an artifact with "{T}, Sacrifice this token: Add one mana of any color.") [Damage Source: Faerie Harbinger (38), Damaged: Ai(4)-mm-baylen-tokens, Amount: 5]
Resolve Stack: Whenever equipped creature deals combat damage, put two charge counters on Umezawa's Jitte. [Damage Source: Faerie Harbinger (38), Damaged: [Ai(4)-mm-baylen-tokens], Amount: 5]
Damage: Sword of Fire and Ice (14) deals 2 damage to Hare Apparent (344).
Resolve Stack: Whenever equipped creature deals combat damage to a player, Sword of Fire and Ice deals 2 damage to any target and you draw a card. (Targeting: [[Hare Apparent (344)]]) [Damage Source: Faerie Harbinger (38), Damaged: Ai(4)-mm-baylen-tokens, Amount: 5]
Zone Change: Hare Apparent (344) was put into Graveyard from Battlefield.
Phase: Ai(1)-mm-zur-enchantress' End of Combat Step
Phase: Ai(1)-mm-zur-enchantress' Main phase, postcombat
Phase: Ai(1)-mm-zur-enchantress' End step
Phase: Ai(1)-mm-zur-enchantress' Cleanup step
Turn: Turn 22 (Ai(2)-mm-giada-angels)
Phase: Ai(2)-mm-giada-angels' Untap step
Phase: Ai(2)-mm-giada-angels' Upkeep step
Phase: Ai(2)-mm-giada-angels' Draw step
Mana: Plains (193) - {T}: Add {W}.
Mana: Plains (187) - {T}: Add {W}.
Mana: Plains (175) - {T}: Add {W}.
Add To Stack: Ai(2)-mm-giada-angels cast Generous Gift targeting [Faerie Harbinger (38)]
Zone Change: Faerie Harbinger (38) was put into Graveyard from Battlefield.
Replacement Effect: Creatures your opponents control enter tapped.
Resolve Stack: Generous Gift (142) - Destroy Faerie Harbinger (38). 
Add To Stack: Ai(2)-mm-giada-angels triggered Authority of the Consuls
Life: Life: Ai(2)-mm-giada-angels 42 > 43
Resolve Stack: Whenever a creature an opponent controls enters, you gain 1 life. [Zone Changer: Elephant Token (424)]
Phase: Ai(2)-mm-giada-angels' Main phase, precombat
Phase: Ai(2)-mm-giada-angels' Beginning of Combat Step
Phase: Ai(2)-mm-giada-angels' Declare Attackers Step
Phase: Ai(2)-mm-giada-angels' Declare Blockers Step
Phase: Ai(2)-mm-giada-angels' First Strike Damage Step
Phase: Ai(2)-mm-giada-angels' Combat Damage Step
Phase: Ai(2)-mm-giada-angels' End of Combat Step
Phase: Ai(2)-mm-giada-angels' Main phase, postcombat
Mana: Plains (180) - {T}: Add {W}.
Mana: Plains (185) - {T}: Add {W}.
Mana: Arcane Signet (199) - {T}: Add one mana of any color in your commander's color identity.
Mana: Minas Tirith (124) - {T}: Add {W}.
Add To Stack: Ai(2)-mm-giada-angels cast Serra the Benevolent
Replacement Effect: Serra the Benevolent enters with four loyalty counters on it.
Resolve Stack: Serra the Benevolent
Add To Stack: Ai(2)-mm-giada-angels activated Serra the Benevolent
Resolve Stack: Serra the Benevolent (129) - Ai(2)-mm-giada-angels creates a 4/4 white Angel creature token with flying and vigilance.
Phase: Ai(2)-mm-giada-angels' End step
Phase: Ai(2)-mm-giada-angels' Cleanup step
Turn: Turn 23 (Ai(3)-mm-vito)
Phase: Ai(3)-mm-vito's Untap step
Phase: Ai(3)-mm-vito's Upkeep step
Phase: Ai(3)-mm-vito's Draw step
Phase: Ai(3)-mm-vito's Main phase, precombat
Land: Ai(3)-mm-vito played Cabal Stronghold (216)
Phase: Ai(3)-mm-vito's Beginning of Combat Step
Phase: Ai(3)-mm-vito's Declare Attackers Step
Phase: Ai(3)-mm-vito's Declare Blockers Step
Phase: Ai(3)-mm-vito's First Strike Damage Step
Phase: Ai(3)-mm-vito's Combat Damage Step
Phase: Ai(3)-mm-vito's End of Combat Step
Phase: Ai(3)-mm-vito's Main phase, postcombat
Mana: Swamp (247) - {T}: Add {B}.
Mana: Swamp (269) - {T}: Add {B}.
Mana: Swamp (262) - {T}: Add {B}.
Mana: Cabal Stronghold (216) - {T}: Add {C}.
Add To Stack: Ai(3)-mm-vito cast Twilight Prophet
Add To Stack: Ai(3)-mm-vito triggered Staff of the Death Magus
Life: Life: Ai(3)-mm-vito 38 > 39
Resolve Stack: Whenever you cast a black spell or a Swamp you control enters, you gain 1 life. [Card: Twilight Prophet (213), Activator: Ai(3)-mm-vito, SpellAbility: Twilight Prophet - Creature 2 / 4]
Add To Stack: Ai(3)-mm-vito triggered Vito, Thorn of the Dusk Rose targeting [Ai(4)-mm-baylen-tokens]
Life: Life: Ai(4)-mm-baylen-tokens 30 > 29
Resolve Stack: Whenever you gain life, target opponent loses that much life. (Targeting: [[Ai(4)-mm-baylen-tokens]]) [Player: Ai(3)-mm-vito, Gained Amount: 1]
Replacement Effect: Creatures your opponents control enter tapped.
Resolve Stack: Twilight Prophet - Creature 2 / 4
Add To Stack: Ai(2)-mm-giada-angels triggered Authority of the Consuls
Life: Life: Ai(2)-mm-giada-angels 43 > 44
Resolve Stack: Whenever a creature an opponent controls enters, you gain 1 life. [Zone Changer: Twilight Prophet (213)]
Phase: Ai(3)-mm-vito's End step
Phase: Ai(3)-mm-vito's Cleanup step
Turn: Turn 24 (Ai(4)-mm-baylen-tokens)
Phase: Ai(4)-mm-baylen-tokens' Untap step
Phase: Ai(4)-mm-baylen-tokens' Upkeep step
Phase: Ai(4)-mm-baylen-tokens' Draw step
Phase: Ai(4)-mm-baylen-tokens' Main phase, precombat
Mana: Sacred Foundry (337) - {T}: Add {W}.
Mana: Cinder Glade (313) - {T}: Add {G}.
Add To Stack: Ai(4)-mm-baylen-tokens cast Hare Apparent
Replacement Effect: Creatures your opponents control enter tapped.
Resolve Stack: Hare Apparent - Creature 2 / 2
Add To Stack: Ai(4)-mm-baylen-tokens triggered Hare Apparent
Add To Stack: Ai(2)-mm-giada-angels triggered Authority of the Consuls
Life: Life: Ai(2)-mm-giada-angels 44 > 45
Resolve Stack: Whenever a creature an opponent controls enters, you gain 1 life. [Zone Changer: Hare Apparent (351)]
Replacement Effect: Creatures your opponents control enter tapped.
Resolve Stack: When this creature enters, create a number of 1/1 white Rabbit creature tokens equal to the number of other creatures you control named Hare Apparent. [Zone Changer: Hare Apparent (351)]
Add To Stack: Ai(2)-mm-giada-angels triggered Authority of the Consuls
Add To Stack: Ai(1)-mm-zur-enchantress activated Umezawa's Jitte
Resolve Stack: Umezawa's Jitte (69) -  Target creature gets -1/-1 until end of turn. (Targeting: Rabbit Token (432))
Zone Change: Rabbit Token (432) was put into Graveyard from Battlefield.
Life: Life: Ai(2)-mm-giada-angels 45 > 46
Resolve Stack: Whenever a creature an opponent controls enters, you gain 1 life. [Zone Changer: Rabbit Token (432)]
Phase: Ai(4)-mm-baylen-tokens' Beginning of Combat Step
Phase: Ai(4)-mm-baylen-tokens' Declare Attackers Step
Combat: Ai(4)-mm-baylen-tokens assigned Baylen, the Haymaker (402) to attack Serra the Benevolent (129).
Phase: Ai(4)-mm-baylen-tokens' Declare Blockers Step
Combat: Ai(2)-mm-giada-angels didn't block Baylen, the Haymaker (402).
Phase: Ai(4)-mm-baylen-tokens' First Strike Damage Step
Phase: Ai(4)-mm-baylen-tokens' Combat Damage Step
Zone Change: Serra the Benevolent (129) was put into Graveyard from Battlefield.
Phase: Ai(4)-mm-baylen-tokens' End of Combat Step
Phase: Ai(4)-mm-baylen-tokens' Main phase, postcombat
Phase: Ai(4)-mm-baylen-tokens' End step
Add To Stack: Ai(1)-mm-zur-enchantress activated Umezawa's Jitte
Life: Life: Ai(1)-mm-zur-enchantress 26 > 28
Resolve Stack: Umezawa's Jitte (69) -  You gain 2 life.
Phase: Ai(4)-mm-baylen-tokens' Cleanup step
Turn: Turn 25 (Ai(1)-mm-zur-enchantress)
Phase: Ai(1)-mm-zur-enchantress' Untap step
Phase: Ai(1)-mm-zur-enchantress' Upkeep step
Phase: Ai(1)-mm-zur-enchantress' Draw step
Phase: Ai(1)-mm-zur-enchantress' Main phase, precombat
Land: Ai(1)-mm-zur-enchantress played Plains (89)
Mana: Swamp (55) - {T}: Add {B}.
Mana: Plains (89) - {T}: Add {W}.
Add To Stack: Ai(1)-mm-zur-enchantress activated Prying Blade targeting [Elephant Token (424)]
Resolve Stack: Prying Blade (74) -  Attach to Elephant Token (424)
Mana: Island (35) - {T}: Add {U}.
Mana: Command Tower (17) - {T}: Add one mana of any color in your commander's color identity.
Add To Stack: Ai(1)-mm-zur-enchantress activated Umezawa's Jitte targeting [Elephant Token (424)]
Resolve Stack: Umezawa's Jitte (69) -  Attach to Elephant Token (424)
Mana: Crystal Grotto (84) - {T}: Add {C}.
Mana: Conduit Pylons (8) - {T}: Add {C}.
Add To Stack: Ai(1)-mm-zur-enchantress activated Sword of Fire and Ice targeting [Elephant Token (424)]
Resolve Stack: Sword of Fire and Ice (14) -  Attach to Elephant Token (424)
Phase: Ai(1)-mm-zur-enchantress' Beginning of Combat Step
Phase: Ai(1)-mm-zur-enchantress' Declare Attackers Step
Combat: Ai(1)-mm-zur-enchantress assigned Elephant Token (424) to attack Ai(4)-mm-baylen-tokens.
Phase: Ai(1)-mm-zur-enchantress' Declare Blockers Step
Combat: Ai(4)-mm-baylen-tokens assigned Hare Apparent (359) to block Elephant Token (424).
Phase: Ai(1)-mm-zur-enchantress' First Strike Damage Step
Phase: Ai(1)-mm-zur-enchantress' Combat Damage Step
Damage: Elephant Token (424) deals 6 damage to Hare Apparent (359).
Damage: Hare Apparent (359) deals 2 damage to Elephant Token (424).
Zone Change: Hare Apparent (359) was put into Graveyard from Battlefield.
Add To Stack: Ai(1)-mm-zur-enchantress triggered Umezawa's Jitte
Resolve Stack: Whenever equipped creature deals combat damage, put two charge counters on Umezawa's Jitte. [Damage Source: Elephant Token (424), Damaged: [Hare Apparent (359)], Amount: 6]
Phase: Ai(1)-mm-zur-enchantress' End of Combat Step
Phase: Ai(1)-mm-zur-enchantress' Main phase, postcombat
Phase: Ai(1)-mm-zur-enchantress' End step
Phase: Ai(1)-mm-zur-enchantress' Cleanup step
Turn: Turn 26 (Ai(2)-mm-giada-angels)
Phase: Ai(2)-mm-giada-angels' Untap step
Phase: Ai(2)-mm-giada-angels' Upkeep step
Phase: Ai(2)-mm-giada-angels' Draw step
Phase: Ai(2)-mm-giada-angels' Main phase, precombat
Phase: Ai(2)-mm-giada-angels' Beginning of Combat Step
Phase: Ai(2)-mm-giada-angels' Declare Attackers Step
Combat: Ai(2)-mm-giada-angels assigned Angel Token (428) to attack Ai(1)-mm-zur-enchantress.
Phase: Ai(2)-mm-giada-angels' Declare Blockers Step
Combat: Ai(1)-mm-zur-enchantress didn't block Angel Token (428).
Phase: Ai(2)-mm-giada-angels' First Strike Damage Step
Phase: Ai(2)-mm-giada-angels' Combat Damage Step
Damage: Angel Token (428) deals 4 combat damage to Ai(1)-mm-zur-enchantress.
Life: Life: Ai(1)-mm-zur-enchantress 28 > 24
Phase: Ai(2)-mm-giada-angels' End of Combat Step
Phase: Ai(2)-mm-giada-angels' Main phase, postcombat
Mana: Plains (193) - {T}: Add {W}.
Mana: Plains (187) - {T}: Add {W}.
Add To Stack: Ai(2)-mm-giada-angels cast Resplendent Angel
Add To Stack: Ai(2)-mm-giada-angels triggered Oketra's Monument
Resolve Stack: Whenever you cast a creature spell, create a 1/1 white Warrior creature token with vigilance. [Card: Resplendent Angel (101), Activator: Ai(2)-mm-giada-angels, SpellAbility: Resplendent Angel - Creature 3 / 3]
Add To Stack: Ai(1)-mm-zur-enchantress activated Umezawa's Jitte
Resolve Stack: Umezawa's Jitte (69) -  Target creature gets -1/-1 until end of turn. (Targeting: Warrior Token (437))
Zone Change: Warrior Token (437) was put into Graveyard from Battlefield.
Resolve Stack: Resplendent Angel - Creature 3 / 3
Mana: Plains (175) - {T}: Add {W}.
Mana: Plains (180) - {T}: Add {W}.
Mana: Plains (185) - {T}: Add {W}.
Add To Stack: Ai(2)-mm-giada-angels cast Giada, Font of Hope
Add To Stack: Ai(2)-mm-giada-angels triggered Oketra's Monument
Resolve Stack: Whenever you cast a creature spell, create a 1/1 white Warrior creature token with vigilance. [Card: Giada, Font of Hope (200), Activator: Ai(2)-mm-giada-angels, SpellAbility: Giada, Font of Hope - Creature 2 / 2]
Add To Stack: Ai(1)-mm-zur-enchantress activated Umezawa's Jitte
Resolve Stack: Umezawa's Jitte (69) -  Target creature gets -1/-1 until end of turn. (Targeting: Warrior Token (440))
Zone Change: Warrior Token (440) was put into Graveyard from Battlefield.
Resolve Stack: Giada, Font of Hope - Creature 2 / 2
Phase: Ai(2)-mm-giada-angels' End step
Phase: Ai(2)-mm-giada-angels' Cleanup step
Turn: Turn 27 (Ai(3)-mm-vito)
Phase: Ai(3)-mm-vito's Untap step
Phase: Ai(3)-mm-vito's Upkeep step
Phase: Ai(3)-mm-vito's Draw step
Phase: Ai(3)-mm-vito's Main phase, precombat
Phase: Ai(3)-mm-vito's Beginning of Combat Step
Phase: Ai(3)-mm-vito's Declare Attackers Step
Phase: Ai(3)-mm-vito's Declare Blockers Step
Phase: Ai(3)-mm-vito's First Strike Damage Step
Phase: Ai(3)-mm-vito's Combat Damage Step
Phase: Ai(3)-mm-vito's End of Combat Step
Phase: Ai(3)-mm-vito's Main phase, postcombat
Mana: Swamp (247) - {T}: Add {B}.
Mana: Swamp (269) - {T}: Add {B}.
Mana: Swamp (262) - {T}: Add {B}.
Mana: Cabal Stronghold (216) - {T}: Add {C}.
Add To Stack: Ai(3)-mm-vito cast Bloodletter of Aclazotz
Add To Stack: Ai(3)-mm-vito triggered Staff of the Death Magus
Life: Life: Ai(3)-mm-vito 39 > 40
Resolve Stack: Whenever you cast a black spell or a Swamp you control enters, you gain 1 life. [Card: Bloodletter of Aclazotz (276), Activator: Ai(3)-mm-vito, SpellAbility: Bloodletter of Aclazotz - Creature 2 / 4]
Add To Stack: Ai(3)-mm-vito triggered Vito, Thorn of the Dusk Rose targeting [Ai(4)-mm-baylen-tokens]
Life: Life: Ai(4)-mm-baylen-tokens 29 > 28
Resolve Stack: Whenever you gain life, target opponent loses that much life. (Targeting: [[Ai(4)-mm-baylen-tokens]]) [Player: Ai(3)-mm-vito, Gained Amount: 1]
Replacement Effect: Creatures your opponents control enter tapped.
Resolve Stack: Bloodletter of Aclazotz - Creature 2 / 4
Add To Stack: Ai(2)-mm-giada-angels triggered Authority of the Consuls
Life: Life: Ai(2)-mm-giada-angels 46 > 47
Resolve Stack: Whenever a creature an opponent controls enters, you gain 1 life. [Zone Changer: Bloodletter of Aclazotz (276)]
Phase: Ai(3)-mm-vito's End step
Phase: Ai(3)-mm-vito's Cleanup step
Turn: Turn 28 (Ai(4)-mm-baylen-tokens)
Phase: Ai(4)-mm-baylen-tokens' Untap step
Phase: Ai(4)-mm-baylen-tokens' Upkeep step
Phase: Ai(4)-mm-baylen-tokens' Draw step
Phase: Ai(4)-mm-baylen-tokens' Main phase, precombat
Mana: Sacred Foundry (337) - {T}: Add {W}.
Mana: Cinder Glade (313) - {T}: Add {G}.
Add To Stack: Ai(4)-mm-baylen-tokens cast Hare Apparent
Replacement Effect: Creatures your opponents control enter tapped.
Resolve Stack: Hare Apparent - Creature 2 / 2
Add To Stack: Ai(4)-mm-baylen-tokens triggered Hare Apparent
Add To Stack: Ai(2)-mm-giada-angels triggered Authority of the Consuls
Life: Life: Ai(2)-mm-giada-angels 47 > 48
Resolve Stack: Whenever a creature an opponent controls enters, you gain 1 life. [Zone Changer: Hare Apparent (349)]
Replacement Effect: Creatures your opponents control enter tapped.
Resolve Stack: When this creature enters, create a number of 1/1 white Rabbit creature tokens equal to the number of other creatures you control named Hare Apparent. [Zone Changer: Hare Apparent (349)]
Add To Stack: Ai(2)-mm-giada-angels triggered Authority of the Consuls
Life: Life: Ai(2)-mm-giada-angels 48 > 49
Resolve Stack: Whenever a creature an opponent controls enters, you gain 1 life. [Zone Changer: Rabbit Token (445)]
Mana: Temple Garden (377) - {T}: Add {G}.
Add To Stack: Ai(4)-mm-baylen-tokens cast For the Common Good targeting [Rabbit Token (445)]
Life: Life: Ai(4)-mm-baylen-tokens 28 > 29
Resolve Stack: For the Common Good (395) - Ai(4)-mm-baylen-tokens creates zero tokens that are copies of Rabbit Token (445).  Ai(4)-mm-baylen-tokens gains 1 life. (X=0)
Phase: Ai(4)-mm-baylen-tokens' Beginning of Combat Step
Phase: Ai(4)-mm-baylen-tokens' Declare Attackers Step
Phase: Ai(4)-mm-baylen-tokens' Declare Blockers Step
Phase: Ai(4)-mm-baylen-tokens' First Strike Damage Step
Phase: Ai(4)-mm-baylen-tokens' Combat Damage Step
Phase: Ai(4)-mm-baylen-tokens' End of Combat Step
Phase: Ai(4)-mm-baylen-tokens' Main phase, postcombat
Phase: Ai(4)-mm-baylen-tokens' End step
Phase: Ai(4)-mm-baylen-tokens' Cleanup step
Turn: Turn 29 (Ai(1)-mm-zur-enchantress)
Phase: Ai(1)-mm-zur-enchantress' Untap step
Phase: Ai(1)-mm-zur-enchantress' Upkeep step
Phase: Ai(1)-mm-zur-enchantress' Draw step
Phase: Ai(1)-mm-zur-enchantress' Main phase, precombat
Land: Ai(1)-mm-zur-enchantress played Abstergo Entertainment (21)
Phase: Ai(1)-mm-zur-enchantress' Beginning of Combat Step
Phase: Ai(1)-mm-zur-enchantress' Declare Attackers Step
Combat: Ai(1)-mm-zur-enchantress assigned Elephant Token (424) to attack Ai(2)-mm-giada-angels.
Phase: Ai(1)-mm-zur-enchantress' Declare Blockers Step
Combat: Ai(2)-mm-giada-angels assigned Giada, Font of Hope (200) to block Elephant Token (424).
Phase: Ai(1)-mm-zur-enchantress' First Strike Damage Step
Phase: Ai(1)-mm-zur-enchantress' Combat Damage Step
Damage: Elephant Token (424) deals 6 damage to Giada, Font of Hope (200).
Damage: Giada, Font of Hope (200) deals 2 damage to Elephant Token (424).
Zone Change: Giada, Font of Hope (200) was put into Graveyard from Battlefield.
Add To Stack: Ai(1)-mm-zur-enchantress triggered Umezawa's Jitte
Resolve Stack: Whenever equipped creature deals combat damage, put two charge counters on Umezawa's Jitte. [Damage Source: Elephant Token (424), Damaged: [Giada, Font of Hope (200)], Amount: 6]
Add To Stack: Ai(1)-mm-zur-enchantress activated Umezawa's Jitte
Resolve Stack: Umezawa's Jitte (69) -  Target creature gets -1/-1 until end of turn. (Targeting: Rabbit Token (445))
Zone Change: Rabbit Token (445) was put into Graveyard from Battlefield.
Phase: Ai(1)-mm-zur-enchantress' End of Combat Step
Phase: Ai(1)-mm-zur-enchantress' Main phase, postcombat
Mana: Island (35) - {T}: Add {U}.
Mana: Swamp (55) - {T}: Add {B}.
Mana: Plains (89) - {T}: Add {W}.
Mana: Command Tower (17) - {T}: Add one mana of any color in your commander's color identity.
Add To Stack: Ai(1)-mm-zur-enchantress cast Moonblade Shinobi
Replacement Effect: Creatures your opponents control enter tapped.
Resolve Stack: Moonblade Shinobi - Creature 3 / 2
Add To Stack: Ai(2)-mm-giada-angels triggered Authority of the Consuls
Life: Life: Ai(2)-mm-giada-angels 49 > 50
Resolve Stack: Whenever a creature an opponent controls enters, you gain 1 life. [Zone Changer: Moonblade Shinobi (79)]
Phase: Ai(1)-mm-zur-enchantress' End step
Phase: Ai(1)-mm-zur-enchantress' Cleanup step
Turn: Turn 30 (Ai(2)-mm-giada-angels)
Phase: Ai(2)-mm-giada-angels' Untap step
Phase: Ai(2)-mm-giada-angels' Upkeep step
Phase: Ai(2)-mm-giada-angels' Draw step
Phase: Ai(2)-mm-giada-angels' Main phase, precombat
Land: Ai(2)-mm-giada-angels played Plains (188)
Phase: Ai(2)-mm-giada-angels' Beginning of Combat Step
Phase: Ai(2)-mm-giada-angels' Declare Attackers Step
Combat: Ai(2)-mm-giada-angels assigned Angel Token (428) to attack Ai(1)-mm-zur-enchantress.
Phase: Ai(2)-mm-giada-angels' Declare Blockers Step
Combat: Ai(1)-mm-zur-enchantress didn't block Angel Token (428).
Phase: Ai(2)-mm-giada-angels' First Strike Damage Step
Phase: Ai(2)-mm-giada-angels' Combat Damage Step
Damage: Angel Token (428) deals 4 combat damage to Ai(1)-mm-zur-enchantress.
Life: Life: Ai(1)-mm-zur-enchantress 24 > 20
Phase: Ai(2)-mm-giada-angels' End of Combat Step
Phase: Ai(2)-mm-giada-angels' Main phase, postcombat
Mana: Plains (193) - {T}: Add {W}.
Mana: Plains (187) - {T}: Add {W}.
Mana: Plains (175) - {T}: Add {W}.
Mana: Plains (180) - {T}: Add {W}.
Mana: Plains (185) - {T}: Add {W}.
Add To Stack: Ai(2)-mm-giada-angels cast Giada, Font of Hope
Add To Stack: Ai(2)-mm-giada-angels triggered Oketra's Monument
Resolve Stack: Whenever you cast a creature spell, create a 1/1 white Warrior creature token with vigilance. [Card: Giada, Font of Hope (200), Activator: Ai(2)-mm-giada-angels, SpellAbility: Giada, Font of Hope - Creature 2 / 2]
Add To Stack: Ai(1)-mm-zur-enchantress activated Umezawa's Jitte
Resolve Stack: Umezawa's Jitte (69) -  Target creature gets -1/-1 until end of turn. (Targeting: Warrior Token (456))
Zone Change: Warrior Token (456) was put into Graveyard from Battlefield.
Resolve Stack: Giada, Font of Hope - Creature 2 / 2
Phase: Ai(2)-mm-giada-angels' End step
Phase: Ai(2)-mm-giada-angels' Cleanup step
Turn: Turn 31 (Ai(3)-mm-vito)
Phase: Ai(3)-mm-vito's Untap step
Phase: Ai(3)-mm-vito's Upkeep step
Phase: Ai(3)-mm-vito's Draw step
Phase: Ai(3)-mm-vito's Main phase, precombat
Phase: Ai(3)-mm-vito's Beginning of Combat Step
Phase: Ai(3)-mm-vito's Declare Attackers Step
Combat: Ai(3)-mm-vito assigned Twilight Prophet (213) and Bloodletter of Aclazotz (276) to attack Ai(1)-mm-zur-enchantress.
Phase: Ai(3)-mm-vito's Declare Blockers Step
Combat: Ai(1)-mm-zur-enchantress didn't block Twilight Prophet (213).
Ai(1)-mm-zur-enchantress didn't block Bloodletter of Aclazotz (276).
Phase: Ai(3)-mm-vito's First Strike Damage Step
Phase: Ai(3)-mm-vito's Combat Damage Step
Damage: Twilight Prophet (213) deals 2 combat damage to Ai(1)-mm-zur-enchantress.
Damage: Bloodletter of Aclazotz (276) deals 2 combat damage to Ai(1)-mm-zur-enchantress.
Replacement Effect: If an opponent would lose life during your turn, they lose twice that much life instead. (Damage causes loss of life.)
Life: Life: Ai(1)-mm-zur-enchantress 20 > 12
Phase: Ai(3)-mm-vito's End of Combat Step
Phase: Ai(3)-mm-vito's Main phase, postcombat
Mana: Swamp (247) - {T}: Add {B}.
Mana: Swamp (269) - {T}: Add {B}.
Mana: Swamp (262) - {T}: Add {B}.
Mana: Cabal Stronghold (216) - {T}: Add {C}.
Add To Stack: Ai(3)-mm-vito cast Greed
Add To Stack: Ai(3)-mm-vito triggered Staff of the Death Magus
Life: Life: Ai(3)-mm-vito 40 > 41
Resolve Stack: Whenever you cast a black spell or a Swamp you control enters, you gain 1 life. [Card: Greed (287), Activator: Ai(3)-mm-vito, SpellAbility: Greed]
Add To Stack: Ai(3)-mm-vito triggered Vito, Thorn of the Dusk Rose targeting [Ai(4)-mm-baylen-tokens]
Replacement Effect: If an opponent would lose life during your turn, they lose twice that much life instead. (Damage causes loss of life.)
Life: Life: Ai(4)-mm-baylen-tokens 29 > 27
Resolve Stack: Whenever you gain life, target opponent loses that much life. (Targeting: [[Ai(4)-mm-baylen-tokens]]) [Player: Ai(3)-mm-vito, Gained Amount: 1]
Resolve Stack: Greed
Phase: Ai(3)-mm-vito's End step
Phase: Ai(3)-mm-vito's Cleanup step
Turn: Turn 32 (Ai(4)-mm-baylen-tokens)
Phase: Ai(4)-mm-baylen-tokens' Untap step
Phase: Ai(4)-mm-baylen-tokens' Upkeep step
Phase: Ai(4)-mm-baylen-tokens' Draw step
Phase: Ai(4)-mm-baylen-tokens' Main phase, precombat
Mana: Sacred Foundry (337) - {T}: Add {W}.
Mana: Cinder Glade (313) - {T}: Add {G}.
Add To Stack: Ai(4)-mm-baylen-tokens cast Hare Apparent
Replacement Effect: Creatures your opponents control enter tapped.
Resolve Stack: Hare Apparent - Creature 2 / 2
Add To Stack: Ai(4)-mm-baylen-tokens triggered Hare Apparent
Add To Stack: Ai(2)-mm-giada-angels triggered Authority of the Consuls
Life: Life: Ai(2)-mm-giada-angels 50 > 51
Resolve Stack: Whenever a creature an opponent controls enters, you gain 1 life. [Zone Changer: Hare Apparent (360)]
Replacement Effect: Creatures your opponents control enter tapped.
Replacement Effect: Creatures your opponents control enter tapped.
Resolve Stack: When this creature enters, create a number of 1/1 white Rabbit creature tokens equal to the number of other creatures you control named Hare Apparent. [Zone Changer: Hare Apparent (360)]
Add To Stack: Ai(2)-mm-giada-angels triggered Authority of the Consuls
Add To Stack: Ai(2)-mm-giada-angels triggered Authority of the Consuls
Life: Life: Ai(2)-mm-giada-angels 51 > 52
Resolve Stack: Whenever a creature an opponent controls enters, you gain 1 life. [Zone Changer: Rabbit Token (464)]
Life: Life: Ai(2)-mm-giada-angels 52 > 53
Resolve Stack: Whenever a creature an opponent controls enters, you gain 1 life. [Zone Changer: Rabbit Token (463)]
Phase: Ai(4)-mm-baylen-tokens' Beginning of Combat Step
Phase: Ai(4)-mm-baylen-tokens' Declare Attackers Step
Phase: Ai(4)-mm-baylen-tokens' Declare Blockers Step
Phase: Ai(4)-mm-baylen-tokens' First Strike Damage Step
Phase: Ai(4)-mm-baylen-tokens' Combat Damage Step
Phase: Ai(4)-mm-baylen-tokens' End of Combat Step
Phase: Ai(4)-mm-baylen-tokens' Main phase, postcombat
Phase: Ai(4)-mm-baylen-tokens' End step
Phase: Ai(4)-mm-baylen-tokens' Cleanup step
Turn: Turn 33 (Ai(1)-mm-zur-enchantress)
Phase: Ai(1)-mm-zur-enchantress' Untap step
Phase: Ai(1)-mm-zur-enchantress' Upkeep step
Phase: Ai(1)-mm-zur-enchantress' Draw step
Phase: Ai(1)-mm-zur-enchantress' Main phase, precombat
Land: Ai(1)-mm-zur-enchantress played Wizards' School (45)
Phase: Ai(1)-mm-zur-enchantress' Beginning of Combat Step
Phase: Ai(1)-mm-zur-enchantress' Declare Attackers Step
Phase: Ai(1)-mm-zur-enchantress' Declare Blockers Step
Phase: Ai(1)-mm-zur-enchantress' First Strike Damage Step
Phase: Ai(1)-mm-zur-enchantress' Combat Damage Step
Phase: Ai(1)-mm-zur-enchantress' End of Combat Step
Phase: Ai(1)-mm-zur-enchantress' Main phase, postcombat
Mana: Plains (89) - {T}: Add {W}.
Mana: Island (35) - {T}: Add {U}.
Mana: Swamp (55) - {T}: Add {B}.
Mana: Command Tower (17) - {T}: Add one mana of any color in your commander's color identity.
Add To Stack: Ai(1)-mm-zur-enchantress cast Zur the Enchanter
Replacement Effect: Creatures your opponents control enter tapped.
Resolve Stack: Zur the Enchanter - Creature 1 / 4
Add To Stack: Ai(2)-mm-giada-angels triggered Authority of the Consuls
Life: Life: Ai(2)-mm-giada-angels 53 > 54
Resolve Stack: Whenever a creature an opponent controls enters, you gain 1 life. [Zone Changer: Zur the Enchanter (99)]
Phase: Ai(1)-mm-zur-enchantress' End step
Phase: Ai(1)-mm-zur-enchantress' Cleanup step
Turn: Turn 34 (Ai(2)-mm-giada-angels)
Phase: Ai(2)-mm-giada-angels' Untap step
Phase: Ai(2)-mm-giada-angels' Upkeep step
Phase: Ai(2)-mm-giada-angels' Draw step
Phase: Ai(2)-mm-giada-angels' Main phase, precombat
Phase: Ai(2)-mm-giada-angels' Beginning of Combat Step
Phase: Ai(2)-mm-giada-angels' Declare Attackers Step
Combat: Ai(2)-mm-giada-angels assigned Angel Token (428) and Giada, Font of Hope (200) to attack Ai(1)-mm-zur-enchantress.
Phase: Ai(2)-mm-giada-angels' Declare Blockers Step
Combat: Ai(1)-mm-zur-enchantress didn't block Angel Token (428).
Ai(1)-mm-zur-enchantress didn't block Giada, Font of Hope (200).
Phase: Ai(2)-mm-giada-angels' First Strike Damage Step
Phase: Ai(2)-mm-giada-angels' Combat Damage Step
Damage: Angel Token (428) deals 4 combat damage to Ai(1)-mm-zur-enchantress.
Damage: Giada, Font of Hope (200) deals 2 combat damage to Ai(1)-mm-zur-enchantress.
Life: Life: Ai(1)-mm-zur-enchantress 12 > 6
Phase: Ai(2)-mm-giada-angels' End of Combat Step
Phase: Ai(2)-mm-giada-angels' Main phase, postcombat
Mana: Plains (193) - {T}: Add {W}.
Mana: Plains (187) - {T}: Add {W}.
Add To Stack: Ai(2)-mm-giada-angels activated Minas Tirith
Resolve Stack: Minas Tirith (124) - Ai(2)-mm-giada-angels draws a card.
Mana: Plains (175) - {T}: Add {W}.
Mana: Plains (180) - {T}: Add {W}.
Add To Stack: Ai(2)-mm-giada-angels cast Righteous Valkyrie
Add To Stack: Ai(2)-mm-giada-angels triggered Oketra's Monument
Resolve Stack: Whenever you cast a creature spell, create a 1/1 white Warrior creature token with vigilance. [Card: Righteous Valkyrie (102), Activator: Ai(2)-mm-giada-angels, SpellAbility: Righteous Valkyrie - Creature 2 / 4]
Replacement Effect: Each other Angel you control enters with an additional +1/+1 counter on it for each Angel you already control.
Resolve Stack: Righteous Valkyrie - Creature 2 / 4
Phase: Ai(2)-mm-giada-angels' End step
Phase: Ai(2)-mm-giada-angels' Cleanup step
Turn: Turn 35 (Ai(3)-mm-vito)
Phase: Ai(3)-mm-vito's Untap step
Phase: Ai(3)-mm-vito's Upkeep step
Phase: Ai(3)-mm-vito's Draw step
Phase: Ai(3)-mm-vito's Main phase, precombat
Phase: Ai(3)-mm-vito's Beginning of Combat Step
Phase: Ai(3)-mm-vito's Declare Attackers Step
Phase: Ai(3)-mm-vito's Declare Blockers Step
Phase: Ai(3)-mm-vito's First Strike Damage Step
Phase: Ai(3)-mm-vito's Combat Damage Step
Phase: Ai(3)-mm-vito's End of Combat Step
Phase: Ai(3)-mm-vito's Main phase, postcombat
Mana: Swamp (247) - {T}: Add {B}.
Mana: Swamp (269) - {T}: Add {B}.
Mana: Swamp (262) - {T}: Add {B}.
Add To Stack: Ai(3)-mm-vito cast Black Market Connections
Add To Stack: Ai(3)-mm-vito triggered Staff of the Death Magus
Life: Life: Ai(3)-mm-vito 41 > 42
Resolve Stack: Whenever you cast a black spell or a Swamp you control enters, you gain 1 life. [Card: Black Market Connections (294), Activator: Ai(3)-mm-vito, SpellAbility: Black Market Connections]
Add To Stack: Ai(3)-mm-vito triggered Vito, Thorn of the Dusk Rose targeting [Ai(4)-mm-baylen-tokens]
Replacement Effect: If an opponent would lose life during your turn, they lose twice that much life instead. (Damage causes loss of life.)
Life: Life: Ai(4)-mm-baylen-tokens 27 > 25
Resolve Stack: Whenever you gain life, target opponent loses that much life. (Targeting: [[Ai(4)-mm-baylen-tokens]]) [Player: Ai(3)-mm-vito, Gained Amount: 1]
Resolve Stack: Black Market Connections
Phase: Ai(3)-mm-vito's End step
Phase: Ai(3)-mm-vito's Cleanup step
Turn: Turn 36 (Ai(4)-mm-baylen-tokens)
Phase: Ai(4)-mm-baylen-tokens' Untap step
Phase: Ai(4)-mm-baylen-tokens' Upkeep step
Phase: Ai(4)-mm-baylen-tokens' Draw step
Phase: Ai(4)-mm-baylen-tokens' Main phase, precombat
Mana: Sacred Foundry (337) - {T}: Add {W}.
Mana: Cinder Glade (313) - {T}: Add {G}.
Add To Stack: Ai(4)-mm-baylen-tokens cast Hare Apparent
Replacement Effect: Creatures your opponents control enter tapped.
Resolve Stack: Hare Apparent - Creature 2 / 2
Add To Stack: Ai(4)-mm-baylen-tokens triggered Hare Apparent
Add To Stack: Ai(2)-mm-giada-angels triggered Authority of the Consuls
Life: Life: Ai(2)-mm-giada-angels 54 > 55
Resolve Stack: Whenever a creature an opponent controls enters, you gain 1 life. [Zone Changer: Hare Apparent (347)]
Replacement Effect: Creatures your opponents control enter tapped.
Replacement Effect: Creatures your opponents control enter tapped.
Replacement Effect: Creatures your opponents control enter tapped.
Resolve Stack: When this creature enters, create a number of 1/1 white Rabbit creature tokens equal to the number of other creatures you control named Hare Apparent. [Zone Changer: Hare Apparent (347)]
Add To Stack: Ai(2)-mm-giada-angels triggered Authority of the Consuls
Add To Stack: Ai(2)-mm-giada-angels triggered Authority of the Consuls
Add To Stack: Ai(2)-mm-giada-angels triggered Authority of the Consuls
Life: Life: Ai(2)-mm-giada-angels 55 > 56
Resolve Stack: Whenever a creature an opponent controls enters, you gain 1 life. [Zone Changer: Rabbit Token (525)]
Life: Life: Ai(2)-mm-giada-angels 56 > 57
Resolve Stack: Whenever a creature an opponent controls enters, you gain 1 life. [Zone Changer: Rabbit Token (524)]
Life: Life: Ai(2)-mm-giada-angels 57 > 58
Resolve Stack: Whenever a creature an opponent controls enters, you gain 1 life. [Zone Changer: Rabbit Token (523)]
Mana: Temple Garden (377) - {T}: Add {W}.
Mana: Baylen, the Haymaker (402) - Tap two untapped tokens you control: Add one mana of any color.
Add To Stack: Ai(4)-mm-baylen-tokens cast Hare Apparent
Replacement Effect: Creatures your opponents control enter tapped.
Resolve Stack: Hare Apparent - Creature 2 / 2
Add To Stack: Ai(4)-mm-baylen-tokens triggered Hare Apparent
Add To Stack: Ai(2)-mm-giada-angels triggered Authority of the Consuls
Life: Life: Ai(2)-mm-giada-angels 58 > 59
Resolve Stack: Whenever a creature an opponent controls enters, you gain 1 life. [Zone Changer: Hare Apparent (345)]
Replacement Effect: Creatures your opponents control enter tapped.
Replacement Effect: Creatures your opponents control enter tapped.
Replacement Effect: Creatures your opponents control enter tapped.
Replacement Effect: Creatures your opponents control enter tapped.
Resolve Stack: When this creature enters, create a number of 1/1 white Rabbit creature tokens equal to the number of other creatures you control named Hare Apparent. [Zone Changer: Hare Apparent (345)]
Add To Stack: Ai(2)-mm-giada-angels triggered Authority of the Consuls
Add To Stack: Ai(2)-mm-giada-angels triggered Authority of the Consuls
Add To Stack: Ai(2)-mm-giada-angels triggered Authority of the Consuls
Add To Stack: Ai(2)-mm-giada-angels triggered Authority of the Consuls
Life: Life: Ai(2)-mm-giada-angels 59 > 60
Resolve Stack: Whenever a creature an opponent controls enters, you gain 1 life. [Zone Changer: Rabbit Token (537)]
Life: Life: Ai(2)-mm-giada-angels 60 > 61
Resolve Stack: Whenever a creature an opponent controls enters, you gain 1 life. [Zone Changer: Rabbit Token (536)]
Life: Life: Ai(2)-mm-giada-angels 61 > 62
Resolve Stack: Whenever a creature an opponent controls enters, you gain 1 life. [Zone Changer: Rabbit Token (535)]
Life: Life: Ai(2)-mm-giada-angels 62 > 63
Resolve Stack: Whenever a creature an opponent controls enters, you gain 1 life. [Zone Changer: Rabbit Token (534)]
Phase: Ai(4)-mm-baylen-tokens' Beginning of Combat Step
Phase: Ai(4)-mm-baylen-tokens' Declare Attackers Step
Phase: Ai(4)-mm-baylen-tokens' Declare Blockers Step
Phase: Ai(4)-mm-baylen-tokens' First Strike Damage Step
Phase: Ai(4)-mm-baylen-tokens' Combat Damage Step
Phase: Ai(4)-mm-baylen-tokens' End of Combat Step
Phase: Ai(4)-mm-baylen-tokens' Main phase, postcombat
Phase: Ai(4)-mm-baylen-tokens' End step
Add To Stack: Ai(2)-mm-giada-angels triggered Resplendent Angel
Replacement Effect: Each other Angel you control enters with an additional +1/+1 counter on it for each Angel you already control.
Resolve Stack: At the beginning of each end step, if you gained 5 or more life this turn, create a 4/4 white Angel creature token with flying and vigilance. [Phase: Ai(4)-mm-baylen-tokens]
Add To Stack: Ai(2)-mm-giada-angels triggered Righteous Valkyrie
Life: Life: Ai(2)-mm-giada-angels 63 > 73
Resolve Stack: Whenever another Angel or Cleric you control enters, you gain life equal to that creature's toughness. [Zone Changer: Angel Token (553)]
Phase: Ai(4)-mm-baylen-tokens' Cleanup step
Turn: Turn 37 (Ai(1)-mm-zur-enchantress)
Phase: Ai(1)-mm-zur-enchantress' Untap step
Phase: Ai(1)-mm-zur-enchantress' Upkeep step
Phase: Ai(1)-mm-zur-enchantress' Draw step
Phase: Ai(1)-mm-zur-enchantress' Main phase, precombat
Land: Ai(1)-mm-zur-enchantress played Island (33)
Phase: Ai(1)-mm-zur-enchantress' Beginning of Combat Step
Phase: Ai(1)-mm-zur-enchantress' Declare Attackers Step
Phase: Ai(1)-mm-zur-enchantress' Declare Blockers Step
Phase: Ai(1)-mm-zur-enchantress' First Strike Damage Step
Phase: Ai(1)-mm-zur-enchantress' Combat Damage Step
Phase: Ai(1)-mm-zur-enchantress' End of Combat Step
Phase: Ai(1)-mm-zur-enchantress' Main phase, postcombat
Mana: Plains (89) - {T}: Add {W}.
Mana: Island (35) - {T}: Add {U}.
Mana: Island (33) - {T}: Add {U}.
Mana: Swamp (55) - {T}: Add {B}.
Mana: Command Tower (17) - {T}: Add one mana of any color in your commander's color identity.
Add To Stack: Ai(1)-mm-zur-enchantress cast Migratory Route
Replacement Effect: Creatures your opponents control enter tapped.
Replacement Effect: Creatures your opponents control enter tapped.
Replacement Effect: Creatures your opponents control enter tapped.
Replacement Effect: Creatures your opponents control enter tapped.
Resolve Stack: Migratory Route (37) - Ai(1)-mm-zur-enchantress creates four 1/1 white Bird creature tokens with flying.
Add To Stack: Ai(2)-mm-giada-angels triggered Authority of the Consuls
Add To Stack: Ai(2)-mm-giada-angels triggered Authority of the Consuls
Add To Stack: Ai(2)-mm-giada-angels triggered Authority of the Consuls
Add To Stack: Ai(2)-mm-giada-angels triggered Authority of the Consuls
Life: Life: Ai(2)-mm-giada-angels 73 > 74
Resolve Stack: Whenever a creature an opponent controls enters, you gain 1 life. [Zone Changer: Bird Token (570)]
Life: Life: Ai(2)-mm-giada-angels 74 > 75
Resolve Stack: Whenever a creature an opponent controls enters, you gain 1 life. [Zone Changer: Bird Token (569)]
Life: Life: Ai(2)-mm-giada-angels 75 > 76
Resolve Stack: Whenever a creature an opponent controls enters, you gain 1 life. [Zone Changer: Bird Token (568)]
Life: Life: Ai(2)-mm-giada-angels 76 > 77
Resolve Stack: Whenever a creature an opponent controls enters, you gain 1 life. [Zone Changer: Bird Token (567)]
Phase: Ai(1)-mm-zur-enchantress' End step
Phase: Ai(1)-mm-zur-enchantress' Cleanup step
Turn: Turn 38 (Ai(2)-mm-giada-angels)
Phase: Ai(2)-mm-giada-angels' Untap step
Phase: Ai(2)-mm-giada-angels' Upkeep step
Phase: Ai(2)-mm-giada-angels' Draw step
Phase: Ai(2)-mm-giada-angels' Main phase, precombat
Phase: Ai(2)-mm-giada-angels' Beginning of Combat Step
Phase: Ai(2)-mm-giada-angels' Declare Attackers Step
Combat: Ai(2)-mm-giada-angels assigned Angel Token (553), Righteous Valkyrie (102), Angel Token (428), Resplendent Angel (101), Giada, Font of Hope (200) and Warrior Token (500) to attack Ai(4)-mm-baylen-tokens.
Phase: Ai(2)-mm-giada-angels' Declare Blockers Step
Combat: Ai(4)-mm-baylen-tokens didn't block Angel Token (553).
Ai(4)-mm-baylen-tokens didn't block Righteous Valkyrie (102).
Ai(4)-mm-baylen-tokens didn't block Angel Token (428).
Ai(4)-mm-baylen-tokens didn't block Resplendent Angel (101).
Ai(4)-mm-baylen-tokens didn't block Giada, Font of Hope (200).
Ai(4)-mm-baylen-tokens assigned Hare Apparent (351) to block Warrior Token (500).
Mana: Plains (193) - {T}: Add {W}.
Mana: Plains (187) - {T}: Add {W}.
Mana: Plains (175) - {T}: Add {W}.
Mana: Plains (180) - {T}: Add {W}.
Mana: Plains (185) - {T}: Add {W}.
Mana: Arcane Signet (199) - {T}: Add one mana of any color in your commander's color identity.
Add To Stack: Ai(2)-mm-giada-angels activated Resplendent Angel
Resolve Stack: Resplendent Angel (101) - Resplendent Angel (101) gets +2/+2 and gains lifelink until end of turn.
Phase: Ai(2)-mm-giada-angels' First Strike Damage Step
Phase: Ai(2)-mm-giada-angels' Combat Damage Step
Damage: Angel Token (553) deals 10 combat damage to Ai(4)-mm-baylen-tokens.
Damage: Righteous Valkyrie (102) deals 7 combat damage to Ai(4)-mm-baylen-tokens.
Damage: Angel Token (428) deals 6 combat damage to Ai(4)-mm-baylen-tokens.
Damage: Resplendent Angel (101) deals 7 combat damage to Ai(4)-mm-baylen-tokens.
Life: Life: Ai(2)-mm-giada-angels 77 > 84
Damage: Giada, Font of Hope (200) deals 4 combat damage to Ai(4)-mm-baylen-tokens.
Damage: Warrior Token (500) deals 3 damage to Hare Apparent (351).
Damage: Hare Apparent (351) deals 2 damage to Warrior Token (500).
Life: Life: Ai(4)-mm-baylen-tokens 25 > -9
Phase: Ai(2)-mm-giada-angels' End of Combat Step
Phase: Ai(2)-mm-giada-angels' Main phase, postcombat
Phase: Ai(2)-mm-giada-angels' End step
Add To Stack: Ai(2)-mm-giada-angels triggered Resplendent Angel
Replacement Effect: Each other Angel you control enters with an additional +1/+1 counter on it for each Angel you already control.
Resolve Stack: At the beginning of each end step, if you gained 5 or more life this turn, create a 4/4 white Angel creature token with flying and vigilance. [Phase: Ai(2)-mm-giada-angels]
Add To Stack: Ai(2)-mm-giada-angels triggered Righteous Valkyrie
Life: Life: Ai(2)-mm-giada-angels 84 > 95
Resolve Stack: Whenever another Angel or Cleric you control enters, you gain life equal to that creature's toughness. [Zone Changer: Angel Token (586)]
Phase: Ai(2)-mm-giada-angels' Cleanup step
Turn: Turn 39 (Ai(3)-mm-vito)
Phase: Ai(3)-mm-vito's Untap step
Phase: Ai(3)-mm-vito's Upkeep step
Add To Stack: Ai(3)-mm-vito triggered Twilight Prophet
Replacement Effect: If an opponent would lose life during your turn, they lose twice that much life instead. (Damage causes loss of life.)
Life: Life: Ai(1)-mm-zur-enchantress 6 > -2
Replacement Effect: If an opponent would lose life during your turn, they lose twice that much life instead. (Damage causes loss of life.)
Life: Life: Ai(2)-mm-giada-angels 95 > 87
Life: Life: Ai(3)-mm-vito 42 > 46
Resolve Stack: At the beginning of your upkeep, if you have the city's blessing, reveal the top card of your library and put it into your hand. Each opponent loses X life and you gain X life, where X is that card's mana value. [Phase: Ai(3)-mm-vito]
Add To Stack: Ai(3)-mm-vito triggered Vito, Thorn of the Dusk Rose targeting [Ai(2)-mm-giada-angels]
Replacement Effect: If an opponent would lose life during your turn, they lose twice that much life instead. (Damage causes loss of life.)
Life: Life: Ai(2)-mm-giada-angels 87 > 79
Resolve Stack: Whenever you gain life, target opponent loses that much life. (Targeting: [[Ai(2)-mm-giada-angels]]) [Player: Ai(3)-mm-vito, Gained Amount: 4]
Phase: Ai(3)-mm-vito's Draw step
Phase: Ai(3)-mm-vito's Main phase, precombat
Add To Stack: Ai(3)-mm-vito triggered Black Market Connections
Life: Life: Ai(3)-mm-vito 46 > 45
Resolve Stack: At the beginning of your first main phase, sell Contraband — Create a Treasure token. You lose 1 life. Ai(3)-mm-vito loses 1 life. [Phase: Ai(3)-mm-vito]
Phase: Ai(3)-mm-vito's Beginning of Combat Step
Phase: Ai(3)-mm-vito's Declare Attackers Step
Phase: Ai(3)-mm-vito's Declare Blockers Step
Phase: Ai(3)-mm-vito's First Strike Damage Step
Phase: Ai(3)-mm-vito's Combat Damage Step
Phase: Ai(3)-mm-vito's End of Combat Step
Phase: Ai(3)-mm-vito's Main phase, postcombat
Mana: Swamp (247) - {T}: Add {B}.
Mana: Swamp (269) - {T}: Add {B}.
Mana: Swamp (262) - {T}: Add {B}.
Mana: Cabal Stronghold (216) - {T}: Add {C}.
Zone Change: Treasure Token (591) was put into Graveyard from Battlefield.
Mana: Treasure Token (591) - {T}, Sacrifice this token: Add one mana of any color.
Add To Stack: Ai(3)-mm-vito cast Epicure of Blood
Add To Stack: Ai(3)-mm-vito triggered Staff of the Death Magus
Life: Life: Ai(3)-mm-vito 45 > 46
Resolve Stack: Whenever you cast a black spell or a Swamp you control enters, you gain 1 life. [Card: Epicure of Blood (207), Activator: Ai(3)-mm-vito, SpellAbility: Epicure of Blood - Creature 4 / 4]
Add To Stack: Ai(3)-mm-vito triggered Vito, Thorn of the Dusk Rose targeting [Ai(2)-mm-giada-angels]
Replacement Effect: If an opponent would lose life during your turn, they lose twice that much life instead. (Damage causes loss of life.)
Life: Life: Ai(2)-mm-giada-angels 79 > 77
Resolve Stack: Whenever you gain life, target opponent loses that much life. (Targeting: [[Ai(2)-mm-giada-angels]]) [Player: Ai(3)-mm-vito, Gained Amount: 1]
Replacement Effect: Creatures your opponents control enter tapped.
Resolve Stack: Epicure of Blood - Creature 4 / 4
Add To Stack: Ai(2)-mm-giada-angels triggered Authority of the Consuls
Life: Life: Ai(2)-mm-giada-angels 77 > 78
Resolve Stack: Whenever a creature an opponent controls enters, you gain 1 life. [Zone Changer: Epicure of Blood (207)]
Phase: Ai(3)-mm-vito's End step
Phase: Ai(3)-mm-vito's Cleanup step
Turn: Turn 40 (Ai(2)-mm-giada-angels)
Phase: Ai(2)-mm-giada-angels' Untap step
Phase: Ai(2)-mm-giada-angels' Upkeep step
Phase: Ai(2)-mm-giada-angels' Draw step
Phase: Ai(2)-mm-giada-angels' Main phase, precombat
Mana: Plains (193) - {T}: Add {W}.
Mana: Plains (187) - {T}: Add {W}.
Mana: Plains (175) - {T}: Add {W}.
Mana: Plains (180) - {T}: Add {W}.
Mana: Plains (185) - {T}: Add {W}.
Mana: Arcane Signet (199) - {T}: Add one mana of any color in your commander's color identity.
Add To Stack: Ai(2)-mm-giada-angels cast Sephara, Sky's Blade
Add To Stack: Ai(2)-mm-giada-angels triggered Oketra's Monument
Resolve Stack: Whenever you cast a creature spell, create a 1/1 white Warrior creature token with vigilance. [Card: Sephara, Sky's Blade (123), Activator: Ai(2)-mm-giada-angels, SpellAbility: Sephara, Sky's Blade - Creature 7 / 7]
Replacement Effect: Each other Angel you control enters with an additional +1/+1 counter on it for each Angel you already control.
Resolve Stack: Sephara, Sky's Blade - Creature 7 / 7
Add To Stack: Ai(2)-mm-giada-angels triggered Righteous Valkyrie
Life: Life: Ai(2)-mm-giada-angels 78 > 93
Resolve Stack: Whenever another Angel or Cleric you control enters, you gain life equal to that creature's toughness. [Zone Changer: Sephara, Sky's Blade (123)]
Phase: Ai(2)-mm-giada-angels' Beginning of Combat Step
Phase: Ai(2)-mm-giada-angels' Declare Attackers Step
Combat: Ai(2)-mm-giada-angels assigned Righteous Valkyrie (102), Resplendent Angel (101), Angel Token (586), Angel Token (553), Angel Token (428) and Giada, Font of Hope (200) to attack Ai(3)-mm-vito.
Phase: Ai(2)-mm-giada-angels' Declare Blockers Step
Combat: Ai(3)-mm-vito didn't block Righteous Valkyrie (102).
Ai(3)-mm-vito didn't block Resplendent Angel (101).
Ai(3)-mm-vito assigned Twilight Prophet (213) to block Angel Token (586).
Ai(3)-mm-vito didn't block Angel Token (553).
Ai(3)-mm-vito didn't block Angel Token (428).
Ai(3)-mm-vito didn't block Giada, Font of Hope (200).
Phase: Ai(2)-mm-giada-angels' First Strike Damage Step
Phase: Ai(2)-mm-giada-angels' Combat Damage Step
Damage: Righteous Valkyrie (102) deals 7 combat damage to Ai(3)-mm-vito.
Damage: Resplendent Angel (101) deals 5 combat damage to Ai(3)-mm-vito.
Damage: Angel Token (586) deals 11 damage to Twilight Prophet (213).
Damage: Angel Token (553) deals 10 combat damage to Ai(3)-mm-vito.
Damage: Angel Token (428) deals 6 combat damage to Ai(3)-mm-vito.
Damage: Giada, Font of Hope (200) deals 4 combat damage to Ai(3)-mm-vito.
Damage: Twilight Prophet (213) deals 2 damage to Angel Token (586).
Life: Life: Ai(3)-mm-vito 46 > 14
Zone Change: Twilight Prophet (213) was put into Graveyard from Battlefield.
Phase: Ai(2)-mm-giada-angels' End of Combat Step
Phase: Ai(2)-mm-giada-angels' Main phase, postcombat
Phase: Ai(2)-mm-giada-angels' End step
Add To Stack: Ai(2)-mm-giada-angels triggered Resplendent Angel
Replacement Effect: Each other Angel you control enters with an additional +1/+1 counter on it for each Angel you already control.
Resolve Stack: At the beginning of each end step, if you gained 5 or more life this turn, create a 4/4 white Angel creature token with flying and vigilance. [Phase: Ai(2)-mm-giada-angels]
Add To Stack: Ai(2)-mm-giada-angels triggered Righteous Valkyrie
Life: Life: Ai(2)-mm-giada-angels 93 > 106
Resolve Stack: Whenever another Angel or Cleric you control enters, you gain life equal to that creature's toughness. [Zone Changer: Angel Token (597)]
Phase: Ai(2)-mm-giada-angels' Cleanup step
Turn: Turn 41 (Ai(3)-mm-vito)
Phase: Ai(3)-mm-vito's Untap step
Phase: Ai(3)-mm-vito's Upkeep step
Phase: Ai(3)-mm-vito's Draw step
Phase: Ai(3)-mm-vito's Main phase, precombat
Add To Stack: Ai(3)-mm-vito triggered Black Market Connections
Life: Life: Ai(3)-mm-vito 14 > 13
Resolve Stack: At the beginning of your first main phase, sell Contraband — Create a Treasure token. You lose 1 life. Ai(3)-mm-vito loses 1 life. [Phase: Ai(3)-mm-vito]
Phase: Ai(3)-mm-vito's Beginning of Combat Step
Phase: Ai(3)-mm-vito's Declare Attackers Step
Phase: Ai(3)-mm-vito's Declare Blockers Step
Phase: Ai(3)-mm-vito's First Strike Damage Step
Phase: Ai(3)-mm-vito's Combat Damage Step
Phase: Ai(3)-mm-vito's End of Combat Step
Phase: Ai(3)-mm-vito's Main phase, postcombat
Mana: Swamp (247) - {T}: Add {B}.
Mana: Swamp (269) - {T}: Add {B}.
Mana: Swamp (262) - {T}: Add {B}.
Mana: Cabal Stronghold (216) - {T}: Add {C}.
Zone Change: Treasure Token (602) was put into Graveyard from Battlefield.
Mana: Treasure Token (602) - {T}, Sacrifice this token: Add one mana of any color.
Add To Stack: Ai(3)-mm-vito cast Exquisite Blood
Add To Stack: Ai(3)-mm-vito triggered Staff of the Death Magus
Life: Life: Ai(3)-mm-vito 13 > 14
Resolve Stack: Whenever you cast a black spell or a Swamp you control enters, you gain 1 life. [Card: Exquisite Blood (217), Activator: Ai(3)-mm-vito, SpellAbility: Exquisite Blood]
Add To Stack: Ai(3)-mm-vito triggered Vito, Thorn of the Dusk Rose targeting [Ai(2)-mm-giada-angels]
Add To Stack: Ai(3)-mm-vito triggered Epicure of Blood
Replacement Effect: If an opponent would lose life during your turn, they lose twice that much life instead. (Damage causes loss of life.)
Life: Life: Ai(2)-mm-giada-angels 106 > 104
Resolve Stack: Whenever you gain life, each opponent loses 1 life. [Player: Ai(3)-mm-vito, Gained Amount: 1]
Replacement Effect: If an opponent would lose life during your turn, they lose twice that much life instead. (Damage causes loss of life.)
Life: Life: Ai(2)-mm-giada-angels 104 > 102
Resolve Stack: Whenever you gain life, target opponent loses that much life. (Targeting: [[Ai(2)-mm-giada-angels]]) [Player: Ai(3)-mm-vito, Gained Amount: 1]
Resolve Stack: Exquisite Blood
Phase: Ai(3)-mm-vito's End step
Phase: Ai(3)-mm-vito's Cleanup step
Turn: Turn 42 (Ai(2)-mm-giada-angels)
Phase: Ai(2)-mm-giada-angels' Untap step
Phase: Ai(2)-mm-giada-angels' Upkeep step
Phase: Ai(2)-mm-giada-angels' Draw step
Phase: Ai(2)-mm-giada-angels' Main phase, precombat
Phase: Ai(2)-mm-giada-angels' Beginning of Combat Step
Phase: Ai(2)-mm-giada-angels' Declare Attackers Step
Combat: Ai(2)-mm-giada-angels assigned Sephara, Sky's Blade (123), Angel Token (597), Angel Token (586), Angel Token (553), Righteous Valkyrie (102), Angel Token (428), Resplendent Angel (101), Giada, Font of Hope (200), Warrior Token (500) and Warrior Token (594) to attack Ai(3)-mm-vito.
Phase: Ai(2)-mm-giada-angels' Declare Blockers Step
Combat: Ai(3)-mm-vito assigned Bloodletter of Aclazotz (276) to block Sephara, Sky's Blade (123).
Ai(3)-mm-vito didn't block Angel Token (597).
Ai(3)-mm-vito didn't block Angel Token (586).
Ai(3)-mm-vito didn't block Angel Token (553).
Ai(3)-mm-vito didn't block Righteous Valkyrie (102).
Ai(3)-mm-vito didn't block Angel Token (428).
Ai(3)-mm-vito didn't block Resplendent Angel (101).
Ai(3)-mm-vito didn't block Giada, Font of Hope (200).
Ai(3)-mm-vito assigned Vito, Thorn of the Dusk Rose (301) to block Warrior Token (500).
Ai(3)-mm-vito assigned Epicure of Blood (207) to block Warrior Token (594).
Mana: Plains (193) - {T}: Add {W}.
Mana: Plains (187) - {T}: Add {W}.
Mana: Plains (175) - {T}: Add {W}.
Mana: Plains (180) - {T}: Add {W}.
Mana: Plains (185) - {T}: Add {W}.
Mana: Arcane Signet (199) - {T}: Add one mana of any color in your commander's color identity.
Add To Stack: Ai(2)-mm-giada-angels activated Resplendent Angel
Resolve Stack: Resplendent Angel (101) - Resplendent Angel (101) gets +2/+2 and gains lifelink until end of turn.
Phase: Ai(2)-mm-giada-angels' First Strike Damage Step
Phase: Ai(2)-mm-giada-angels' Combat Damage Step
Damage: Sephara, Sky's Blade (123) deals 15 damage to Bloodletter of Aclazotz (276).
Life: Life: Ai(2)-mm-giada-angels 102 > 117
Damage: Angel Token (597) deals 13 combat damage to Ai(3)-mm-vito.
Damage: Angel Token (586) deals 11 combat damage to Ai(3)-mm-vito.
Damage: Angel Token (553) deals 10 combat damage to Ai(3)-mm-vito.
Damage: Righteous Valkyrie (102) deals 7 combat damage to Ai(3)-mm-vito.
Damage: Angel Token (428) deals 6 combat damage to Ai(3)-mm-vito.
Damage: Resplendent Angel (101) deals 7 combat damage to Ai(3)-mm-vito.
Life: Life: Ai(2)-mm-giada-angels 117 > 124
Damage: Giada, Font of Hope (200) deals 4 combat damage to Ai(3)-mm-vito.
Damage: Warrior Token (500) deals 3 damage to Vito, Thorn of the Dusk Rose (301).
Damage: Warrior Token (594) deals 3 damage to Epicure of Blood (207).
Damage: Bloodletter of Aclazotz (276) deals 2 damage to Sephara, Sky's Blade (123).
Damage: Vito, Thorn of the Dusk Rose (301) deals 1 damage to Warrior Token (500).
Damage: Epicure of Blood (207) deals 4 damage to Warrior Token (594).
Life: Life: Ai(3)-mm-vito 14 > -44
Player Control: Ai(1)-mm-zur-enchantress has restored control over themself
Player Control: Ai(2)-mm-giada-angels has restored control over themself
Player Control: Ai(3)-mm-vito has restored control over themself
Player Control: Ai(4)-mm-baylen-tokens has restored control over themself
Game Outcome: Turn 21
Game Outcome: Ai(1)-mm-zur-enchantress has lost because life total reached 0
Game Outcome: Ai(2)-mm-giada-angels has won because all opponents have lost
Game Outcome: Ai(3)-mm-vito has lost because life total reached 0
Game Outcome: Ai(4)-mm-baylen-tokens has lost because life total reached 0
Match Result: Ai(1)-mm-zur-enchantress: 0 Ai(2)-mm-giada-angels: 3 Ai(3)-mm-vito: 0 Ai(4)-mm-baylen-tokens: 0 

Game Result: Game 3 ended in 84751 ms. Ai(2)-mm-giada-angels has won!

