Error handling registered!
15:12:43 [INFO ] GuiBase: ##########################################
15:12:43 [INFO ] GuiBase: APP: Forge v.2.0.14-SNAPSHOT-08.08
15:12:43 [INFO ] GuiBase: Java: 21.0.9 (Oracle Corporation)
15:12:43 [INFO ] GuiBase: OS: Mac OS X 26.3 aarch64
15:12:43 [INFO ] GuiBase: RAM: 4096 MB max, 8 CPUs
15:12:43 [INFO ] GuiBase: ##########################################
Language 'en-US' loaded successfully.
(ThreadUtil first call): Running with priority 5
Read cards: 33617 archived files in 2 ms (25 parts) using thread pool
Upcoming set Star Trek (TRK) dated in the future. All `upcoming` cards will be added to this set with unknown rarity.
The card A-Alrund's Epiphany was not assigned to any set. Adding it to UNKNOWN set... to fix see res/editions/ folder. 
The card A-Baba Lysaga, Night Witch was not assigned to any set. Adding it to UNKNOWN set... to fix see res/editions/ folder. 
The card A-Divide by Zero was not assigned to any set. Adding it to UNKNOWN set... to fix see res/editions/ folder. 
The card A-Esika's Chariot was not assigned to any set. Adding it to UNKNOWN set... to fix see res/editions/ folder. 
The card A-Faceless Haven was not assigned to any set. Adding it to UNKNOWN set... to fix see res/editions/ folder. 
The card A-Fires of Invention was not assigned to any set. Adding it to UNKNOWN set... to fix see res/editions/ folder. 
The card A-Goldspan Dragon was not assigned to any set. Adding it to UNKNOWN set... to fix see res/editions/ folder. 
The card A-Hullbreaker Horror was not assigned to any set. Adding it to UNKNOWN set... to fix see res/editions/ folder. 
The card A-Kumano Faces Kakkazan was not assigned to any set. Adding it to UNKNOWN set... to fix see res/editions/ folder. 
The card A-Luminarch Aspirant was not assigned to any set. Adding it to UNKNOWN set... to fix see res/editions/ folder. 
The card A-Monster Manual was not assigned to any set. Adding it to UNKNOWN set... to fix see res/editions/ folder. 
The card A-Omnath, Locus of Creation was not assigned to any set. Adding it to UNKNOWN set... to fix see res/editions/ folder. 
The card A-The Meathook Massacre was not assigned to any set. Adding it to UNKNOWN set... to fix see res/editions/ folder. 
The card A-Unholy Heat was not assigned to any set. Adding it to UNKNOWN set... to fix see res/editions/ folder. 
The card Blinding Radiance was not assigned to any set. Adding it to UNKNOWN set... to fix see res/editions/ folder. 
The card Goblin Bruiser was not assigned to any set. Adding it to UNKNOWN set... to fix see res/editions/ folder. 
The card Ogre Painbringer was not assigned to any set. Adding it to UNKNOWN set... to fix see res/editions/ folder. 
The card Titanic Pelagosaur was not assigned to any set. Adding it to UNKNOWN set... to fix see res/editions/ folder. 
The card Treetop Recluse was not assigned to any set. Adding it to UNKNOWN set... to fix see res/editions/ folder. 
Upcoming set Star Trek (TRK) dated in the future. All `upcoming` cards will be added to this set with unknown rarity.
Read cards: 836 files in 0 ms (8 parts) using thread pool
Simulation mode
Ai(1)-mm-baylen-tokens [Experimental] vs Ai(2)-mm-sythis-enchantress [Experimental] vs Ai(3)-mm-talrand-spells [Experimental] vs Ai(4)-mm-giada-angels [Experimental] - two games of Commander seed 1889921097
Warning: default (ie. inherited from base class) implementation of confirmAction is used by Giada, Font of Hope for forge.ai.ability.PermanentCreatureAi. Consider declaring an overloaded method
Mulligan: Ai(2)-mm-sythis-enchantress has mulliganed down to 7 cards.
Mulligan: Ai(2)-mm-sythis-enchantress has kept a hand of 7 cards
Mulligan: Ai(3)-mm-talrand-spells has kept a hand of 7 cards
Mulligan: Ai(4)-mm-giada-angels has kept a hand of 7 cards
Mulligan: Ai(1)-mm-baylen-tokens has kept a hand of 7 cards
Turn: Turn 1 (Ai(2)-mm-sythis-enchantress)
Phase: Ai(2)-mm-sythis-enchantress' Untap step
Phase: Ai(2)-mm-sythis-enchantress' Upkeep step
Phase: Ai(2)-mm-sythis-enchantress' Draw step
Phase: Ai(2)-mm-sythis-enchantress' Main phase, precombat
Land: Ai(2)-mm-sythis-enchantress played Hall of Heliod's Generosity (111)
Phase: Ai(2)-mm-sythis-enchantress' Beginning of Combat Step
Phase: Ai(2)-mm-sythis-enchantress' Declare Attackers Step
Phase: Ai(2)-mm-sythis-enchantress' Declare Blockers Step
Phase: Ai(2)-mm-sythis-enchantress' First Strike Damage Step
Phase: Ai(2)-mm-sythis-enchantress' Combat Damage Step
Phase: Ai(2)-mm-sythis-enchantress' End of Combat Step
Phase: Ai(2)-mm-sythis-enchantress' Main phase, postcombat
Phase: Ai(2)-mm-sythis-enchantress' End step
Phase: Ai(2)-mm-sythis-enchantress' Cleanup step
Turn: Turn 2 (Ai(3)-mm-talrand-spells)
Phase: Ai(3)-mm-talrand-spells' Untap step
Phase: Ai(3)-mm-talrand-spells' Upkeep step
Phase: Ai(3)-mm-talrand-spells' Draw step
Phase: Ai(3)-mm-talrand-spells' Main phase, precombat
Land: Ai(3)-mm-talrand-spells played Island (250)
Phase: Ai(3)-mm-talrand-spells' Beginning of Combat Step
Phase: Ai(3)-mm-talrand-spells' Declare Attackers Step
Phase: Ai(3)-mm-talrand-spells' Declare Blockers Step
Phase: Ai(3)-mm-talrand-spells' First Strike Damage Step
Phase: Ai(3)-mm-talrand-spells' Combat Damage Step
Phase: Ai(3)-mm-talrand-spells' End of Combat Step
Phase: Ai(3)-mm-talrand-spells' Main phase, postcombat
Mana: Island (250) - {T}: Add {U}.
Add To Stack: Ai(3)-mm-talrand-spells cast Sol Ring
Resolve Stack: Sol Ring
Mana: Sol Ring (219) - {T}: Add {C}{C}.
Add To Stack: Ai(3)-mm-talrand-spells cast Thought Vessel
Resolve Stack: Thought Vessel
Phase: Ai(3)-mm-talrand-spells' End step
Phase: Ai(3)-mm-talrand-spells' Cleanup step
Turn: Turn 3 (Ai(4)-mm-giada-angels)
Phase: Ai(4)-mm-giada-angels' Untap step
Phase: Ai(4)-mm-giada-angels' Upkeep step
Phase: Ai(4)-mm-giada-angels' Draw step
Phase: Ai(4)-mm-giada-angels' Main phase, precombat
Land: Ai(4)-mm-giada-angels played Plains (383)
Phase: Ai(4)-mm-giada-angels' Beginning of Combat Step
Phase: Ai(4)-mm-giada-angels' Declare Attackers Step
Phase: Ai(4)-mm-giada-angels' Declare Blockers Step
Phase: Ai(4)-mm-giada-angels' First Strike Damage Step
Phase: Ai(4)-mm-giada-angels' Combat Damage Step
Phase: Ai(4)-mm-giada-angels' End of Combat Step
Phase: Ai(4)-mm-giada-angels' Main phase, postcombat
Phase: Ai(4)-mm-giada-angels' End step
Phase: Ai(4)-mm-giada-angels' Cleanup step
Turn: Turn 4 (Ai(1)-mm-baylen-tokens)
Phase: Ai(1)-mm-baylen-tokens' Untap step
Phase: Ai(1)-mm-baylen-tokens' Upkeep step
Phase: Ai(1)-mm-baylen-tokens' Draw step
Phase: Ai(1)-mm-baylen-tokens' Main phase, precombat
Land: Ai(1)-mm-baylen-tokens played Plains (88)
Phase: Ai(1)-mm-baylen-tokens' Beginning of Combat Step
Phase: Ai(1)-mm-baylen-tokens' Declare Attackers Step
Phase: Ai(1)-mm-baylen-tokens' Declare Blockers Step
Phase: Ai(1)-mm-baylen-tokens' First Strike Damage Step
Phase: Ai(1)-mm-baylen-tokens' Combat Damage Step
Phase: Ai(1)-mm-baylen-tokens' End of Combat Step
Phase: Ai(1)-mm-baylen-tokens' Main phase, postcombat
Phase: Ai(1)-mm-baylen-tokens' End step
Phase: Ai(1)-mm-baylen-tokens' Cleanup step
Turn: Turn 5 (Ai(2)-mm-sythis-enchantress)
Phase: Ai(2)-mm-sythis-enchantress' Untap step
Phase: Ai(2)-mm-sythis-enchantress' Upkeep step
Phase: Ai(2)-mm-sythis-enchantress' Draw step
Phase: Ai(2)-mm-sythis-enchantress' Main phase, precombat
Land: Ai(2)-mm-sythis-enchantress played Plains (192)
Mana: Plains (192) - {T}: Add {W}.
Mana: Hall of Heliod's Generosity (111) - {T}: Add {C}.
Add To Stack: Ai(2)-mm-sythis-enchantress cast Blind Obedience
Resolve Stack: Blind Obedience
Phase: Ai(2)-mm-sythis-enchantress' Beginning of Combat Step
Phase: Ai(2)-mm-sythis-enchantress' Declare Attackers Step
Phase: Ai(2)-mm-sythis-enchantress' Declare Blockers Step
Phase: Ai(2)-mm-sythis-enchantress' First Strike Damage Step
Phase: Ai(2)-mm-sythis-enchantress' Combat Damage Step
Phase: Ai(2)-mm-sythis-enchantress' End of Combat Step
Phase: Ai(2)-mm-sythis-enchantress' Main phase, postcombat
Phase: Ai(2)-mm-sythis-enchantress' End step
Phase: Ai(2)-mm-sythis-enchantress' Cleanup step
Turn: Turn 6 (Ai(3)-mm-talrand-spells)
Phase: Ai(3)-mm-talrand-spells' Untap step
Phase: Ai(3)-mm-talrand-spells' Upkeep step
Phase: Ai(3)-mm-talrand-spells' Draw step
Phase: Ai(3)-mm-talrand-spells' Main phase, precombat
Land: Ai(3)-mm-talrand-spells played Island (255)
Phase: Ai(3)-mm-talrand-spells' Beginning of Combat Step
Phase: Ai(3)-mm-talrand-spells' Declare Attackers Step
Phase: Ai(3)-mm-talrand-spells' Declare Blockers Step
Phase: Ai(3)-mm-talrand-spells' First Strike Damage Step
Phase: Ai(3)-mm-talrand-spells' Combat Damage Step
Phase: Ai(3)-mm-talrand-spells' End of Combat Step
Phase: Ai(3)-mm-talrand-spells' Main phase, postcombat
Mana: Island (250) - {T}: Add {U}.
Mana: Island (255) - {T}: Add {U}.
Mana: Sol Ring (219) - {T}: Add {C}{C}.
Add To Stack: Ai(3)-mm-talrand-spells cast Talrand, Sky Summoner
Replacement Effect: Artifacts and creatures your opponents control enter tapped.
Resolve Stack: Talrand, Sky Summoner - Creature 2 / 2
Phase: Ai(3)-mm-talrand-spells' End step
Phase: Ai(3)-mm-talrand-spells' Cleanup step
Turn: Turn 7 (Ai(4)-mm-giada-angels)
Phase: Ai(4)-mm-giada-angels' Untap step
Phase: Ai(4)-mm-giada-angels' Upkeep step
Phase: Ai(4)-mm-giada-angels' Draw step
Phase: Ai(4)-mm-giada-angels' Main phase, precombat
Land: Ai(4)-mm-giada-angels played Plains (396)
Phase: Ai(4)-mm-giada-angels' Beginning of Combat Step
Phase: Ai(4)-mm-giada-angels' Declare Attackers Step
Phase: Ai(4)-mm-giada-angels' Declare Blockers Step
Phase: Ai(4)-mm-giada-angels' First Strike Damage Step
Phase: Ai(4)-mm-giada-angels' Combat Damage Step
Phase: Ai(4)-mm-giada-angels' End of Combat Step
Phase: Ai(4)-mm-giada-angels' Main phase, postcombat
Mana: Plains (383) - {T}: Add {W}.
Mana: Plains (396) - {T}: Add {W}.
Add To Stack: Ai(4)-mm-giada-angels cast Giada, Font of Hope
Replacement Effect: Artifacts and creatures your opponents control enter tapped.
Resolve Stack: Giada, Font of Hope - Creature 2 / 2
Phase: Ai(4)-mm-giada-angels' End step
Phase: Ai(4)-mm-giada-angels' Cleanup step
Turn: Turn 8 (Ai(1)-mm-baylen-tokens)
Phase: Ai(1)-mm-baylen-tokens' Untap step
Phase: Ai(1)-mm-baylen-tokens' Upkeep step
Phase: Ai(1)-mm-baylen-tokens' Draw step
Phase: Ai(1)-mm-baylen-tokens' Main phase, precombat
Land: Ai(1)-mm-baylen-tokens played Reliquary Tower (74)
Phase: Ai(1)-mm-baylen-tokens' Beginning of Combat Step
Phase: Ai(1)-mm-baylen-tokens' Declare Attackers Step
Phase: Ai(1)-mm-baylen-tokens' Declare Blockers Step
Phase: Ai(1)-mm-baylen-tokens' First Strike Damage Step
Phase: Ai(1)-mm-baylen-tokens' Combat Damage Step
Phase: Ai(1)-mm-baylen-tokens' End of Combat Step
Phase: Ai(1)-mm-baylen-tokens' Main phase, postcombat
Mana: Plains (88) - {T}: Add {W}.
Mana: Reliquary Tower (74) - {T}: Add {C}.
Add To Stack: Ai(1)-mm-baylen-tokens cast Hare Apparent
Replacement Effect: Artifacts and creatures your opponents control enter tapped.
Resolve Stack: Hare Apparent - Creature 2 / 2
Add To Stack: Ai(1)-mm-baylen-tokens triggered Hare Apparent
Resolve Stack: When this creature enters, create a number of 1/1 white Rabbit creature tokens equal to the number of other creatures you control named Hare Apparent. [Zone Changer: Hare Apparent (48)]
Phase: Ai(1)-mm-baylen-tokens' End step
Phase: Ai(1)-mm-baylen-tokens' Cleanup step
Turn: Turn 9 (Ai(2)-mm-sythis-enchantress)
Phase: Ai(2)-mm-sythis-enchantress' Untap step
Phase: Ai(2)-mm-sythis-enchantress' Upkeep step
Phase: Ai(2)-mm-sythis-enchantress' Draw step
Phase: Ai(2)-mm-sythis-enchantress' Main phase, precombat
Land: Ai(2)-mm-sythis-enchantress played Plains (189)
Phase: Ai(2)-mm-sythis-enchantress' Beginning of Combat Step
Phase: Ai(2)-mm-sythis-enchantress' Declare Attackers Step
Phase: Ai(2)-mm-sythis-enchantress' Declare Blockers Step
Phase: Ai(2)-mm-sythis-enchantress' First Strike Damage Step
Phase: Ai(2)-mm-sythis-enchantress' Combat Damage Step
Phase: Ai(2)-mm-sythis-enchantress' End of Combat Step
Phase: Ai(2)-mm-sythis-enchantress' Main phase, postcombat
Mana: Plains (192) - {T}: Add {W}.
Mana: Plains (189) - {T}: Add {W}.
Add To Stack: Ai(2)-mm-sythis-enchantress cast Starfield Mystic
Add To Stack: Ai(2)-mm-sythis-enchantress triggered Blind Obedience
Resolve Stack: Extort (Whenever you cast a spell, you may pay {W/B}. If you do, each opponent loses 1 life and you gain that much life.) [Card: Starfield Mystic (152), Activator: Ai(2)-mm-sythis-enchantress, SpellAbility: Starfield Mystic - Creature 2 / 2]
Resolve Stack: Starfield Mystic - Creature 2 / 2
Phase: Ai(2)-mm-sythis-enchantress' End step
Phase: Ai(2)-mm-sythis-enchantress' Cleanup step
Turn: Turn 10 (Ai(3)-mm-talrand-spells)
Phase: Ai(3)-mm-talrand-spells' Untap step
Phase: Ai(3)-mm-talrand-spells' Upkeep step
Phase: Ai(3)-mm-talrand-spells' Draw step
Phase: Ai(3)-mm-talrand-spells' Main phase, precombat
Land: Ai(3)-mm-talrand-spells played Island (234)
Phase: Ai(3)-mm-talrand-spells' Beginning of Combat Step
Phase: Ai(3)-mm-talrand-spells' Declare Attackers Step
Combat: Ai(3)-mm-talrand-spells assigned Talrand, Sky Summoner (302) to attack Ai(4)-mm-giada-angels.
Phase: Ai(3)-mm-talrand-spells' Declare Blockers Step
Combat: Ai(4)-mm-giada-angels didn't block Talrand, Sky Summoner (302).
Phase: Ai(3)-mm-talrand-spells' First Strike Damage Step
Phase: Ai(3)-mm-talrand-spells' Combat Damage Step
Damage: Talrand, Sky Summoner (302) deals 2 combat damage to Ai(4)-mm-giada-angels.
Life: Life: Ai(4)-mm-giada-angels 40 > 38
Phase: Ai(3)-mm-talrand-spells' End of Combat Step
Phase: Ai(3)-mm-talrand-spells' Main phase, postcombat
Mana: Island (250) - {T}: Add {U}.
Mana: Sol Ring (219) - {T}: Add {C}{C}.
Add To Stack: Ai(3)-mm-talrand-spells cast Rhystic Study
Resolve Stack: Rhystic Study
Mana: Island (255) - {T}: Add {U}.
Mana: Thought Vessel (259) - {T}: Add {C}.
Mana: Island (234) - {T}: Add {U}.
Add To Stack: Ai(3)-mm-talrand-spells cast Ravenform targeting [Giada, Font of Hope (403)]
Add To Stack: Ai(3)-mm-talrand-spells triggered Talrand, Sky Summoner
Replacement Effect: Artifacts and creatures your opponents control enter tapped.
Resolve Stack: Whenever you cast an instant or sorcery spell, create a 2/2 blue Drake creature token with flying. [Card: Ravenform (274), Activator: Ai(3)-mm-talrand-spells, SpellAbility: Exile target artifact or creature. Its controller creates a 1/1 blue Bird creature token with flying. ]
Zone Change: Giada, Font of Hope (403) was put into Exile from Battlefield.
Replacement Effect: Artifacts and creatures your opponents control enter tapped.
Resolve Stack: Ravenform (274) - Exile Giada, Font of Hope (403). 
Phase: Ai(3)-mm-talrand-spells' End step
Phase: Ai(3)-mm-talrand-spells' Cleanup step
Turn: Turn 11 (Ai(4)-mm-giada-angels)
Phase: Ai(4)-mm-giada-angels' Untap step
Phase: Ai(4)-mm-giada-angels' Upkeep step
Phase: Ai(4)-mm-giada-angels' Draw step
Phase: Ai(4)-mm-giada-angels' Main phase, precombat
Land: Ai(4)-mm-giada-angels played Plains (382)
Phase: Ai(4)-mm-giada-angels' Beginning of Combat Step
Phase: Ai(4)-mm-giada-angels' Declare Attackers Step
Combat: Ai(4)-mm-giada-angels assigned Bird Token (507) to attack Ai(3)-mm-talrand-spells.
Phase: Ai(4)-mm-giada-angels' Declare Blockers Step
Combat: Ai(3)-mm-talrand-spells didn't block Bird Token (507).
Phase: Ai(4)-mm-giada-angels' First Strike Damage Step
Phase: Ai(4)-mm-giada-angels' Combat Damage Step
Damage: Bird Token (507) deals 1 combat damage to Ai(3)-mm-talrand-spells.
Life: Life: Ai(3)-mm-talrand-spells 40 > 39
Phase: Ai(4)-mm-giada-angels' End of Combat Step
Phase: Ai(4)-mm-giada-angels' Main phase, postcombat
Mana: Plains (383) - {T}: Add {W}.
Mana: Plains (396) - {T}: Add {W}.
Mana: Plains (382) - {T}: Add {W}.
Add To Stack: Ai(4)-mm-giada-angels cast Starnheim Aspirant
Add To Stack: Ai(3)-mm-talrand-spells triggered Rhystic Study
Resolve Stack: Whenever an opponent casts a spell, you may draw a card unless that player pays {1}. [Card: Starnheim Aspirant (349), Activator: Ai(4)-mm-giada-angels, SpellAbility: Starnheim Aspirant - Creature 2 / 2]
Replacement Effect: Artifacts and creatures your opponents control enter tapped.
Resolve Stack: Starnheim Aspirant - Creature 2 / 2
Phase: Ai(4)-mm-giada-angels' End step
Phase: Ai(4)-mm-giada-angels' Cleanup step
Turn: Turn 12 (Ai(1)-mm-baylen-tokens)
Phase: Ai(1)-mm-baylen-tokens' Untap step
Phase: Ai(1)-mm-baylen-tokens' Upkeep step
Phase: Ai(1)-mm-baylen-tokens' Draw step
Phase: Ai(1)-mm-baylen-tokens' Main phase, precombat
Land: Ai(1)-mm-baylen-tokens played Plains (85)
Phase: Ai(1)-mm-baylen-tokens' Beginning of Combat Step
Phase: Ai(1)-mm-baylen-tokens' Declare Attackers Step
Combat: Ai(1)-mm-baylen-tokens assigned Hare Apparent (48) to attack Ai(3)-mm-talrand-spells.
Phase: Ai(1)-mm-baylen-tokens' Declare Blockers Step
Combat: Ai(3)-mm-talrand-spells didn't block Hare Apparent (48).
Phase: Ai(1)-mm-baylen-tokens' First Strike Damage Step
Phase: Ai(1)-mm-baylen-tokens' Combat Damage Step
Damage: Hare Apparent (48) deals 2 combat damage to Ai(3)-mm-talrand-spells.
Life: Life: Ai(3)-mm-talrand-spells 39 > 37
Phase: Ai(1)-mm-baylen-tokens' End of Combat Step
Phase: Ai(1)-mm-baylen-tokens' Main phase, postcombat
Mana: Plains (88) - {T}: Add {W}.
Mana: Reliquary Tower (74) - {T}: Add {C}.
Mana: Plains (85) - {T}: Add {W}.
Add To Stack: Ai(1)-mm-baylen-tokens cast Rosie Cotton of South Lane
Add To Stack: Ai(3)-mm-talrand-spells triggered Rhystic Study
Resolve Stack: Whenever an opponent casts a spell, you may draw a card unless that player pays {1}. [Card: Rosie Cotton of South Lane (37), Activator: Ai(1)-mm-baylen-tokens, SpellAbility: Rosie Cotton of South Lane - Creature 1 / 1]
Replacement Effect: Artifacts and creatures your opponents control enter tapped.
Resolve Stack: Rosie Cotton of South Lane - Creature 1 / 1
Add To Stack: Ai(1)-mm-baylen-tokens triggered Rosie Cotton of South Lane
Replacement Effect: Artifacts and creatures your opponents control enter tapped.
Resolve Stack: When Rosie Cotton of South Lane enters, create a Food token. (It's an artifact with "{2}, {T}, Sacrifice this token: You gain 3 life.") [Zone Changer: Rosie Cotton of South Lane (37)]
Add To Stack: Ai(1)-mm-baylen-tokens triggered Rosie Cotton of South Lane targeting [Hare Apparent (48)]
Resolve Stack: Whenever you create a token, put a +1/+1 counter on target creature you control other than Rosie. (Targeting: [[Hare Apparent (48)]]) [Player: Ai(1)-mm-baylen-tokens]
Phase: Ai(1)-mm-baylen-tokens' End step
Phase: Ai(1)-mm-baylen-tokens' Cleanup step
Turn: Turn 13 (Ai(2)-mm-sythis-enchantress)
Phase: Ai(2)-mm-sythis-enchantress' Untap step
Phase: Ai(2)-mm-sythis-enchantress' Upkeep step
Phase: Ai(2)-mm-sythis-enchantress' Draw step
Phase: Ai(2)-mm-sythis-enchantress' Main phase, precombat
Land: Ai(2)-mm-sythis-enchantress played Plains (193)
Phase: Ai(2)-mm-sythis-enchantress' Beginning of Combat Step
Phase: Ai(2)-mm-sythis-enchantress' Declare Attackers Step
Combat: Ai(2)-mm-sythis-enchantress assigned Starfield Mystic (152) to attack Ai(3)-mm-talrand-spells.
Phase: Ai(2)-mm-sythis-enchantress' Declare Blockers Step
Combat: Ai(3)-mm-talrand-spells didn't block Starfield Mystic (152).
Phase: Ai(2)-mm-sythis-enchantress' First Strike Damage Step
Phase: Ai(2)-mm-sythis-enchantress' Combat Damage Step
Damage: Starfield Mystic (152) deals 2 combat damage to Ai(3)-mm-talrand-spells.
Life: Life: Ai(3)-mm-talrand-spells 37 > 35
Phase: Ai(2)-mm-sythis-enchantress' End of Combat Step
Phase: Ai(2)-mm-sythis-enchantress' Main phase, postcombat
Mana: Plains (192) - {T}: Add {W}.
Mana: Plains (189) - {T}: Add {W}.
Mana: Plains (193) - {T}: Add {W}.
Add To Stack: Ai(2)-mm-sythis-enchantress cast Idyllic Tutor
Add To Stack: Ai(2)-mm-sythis-enchantress triggered Blind Obedience
Add To Stack: Ai(3)-mm-talrand-spells triggered Rhystic Study
Mana: Hall of Heliod's Generosity (111) - {T}: Add {C}.
Resolve Stack: Whenever an opponent casts a spell, you may draw a card unless that player pays {1}. [Card: Idyllic Tutor (105), Activator: Ai(2)-mm-sythis-enchantress, SpellAbility: Search your library for an enchantment card, reveal it, put it into your hand, then shuffle.]
Resolve Stack: Extort (Whenever you cast a spell, you may pay {W/B}. If you do, each opponent loses 1 life and you gain that much life.) [Card: Idyllic Tutor (105), Activator: Ai(2)-mm-sythis-enchantress, SpellAbility: Search your library for an enchantment card, reveal it, put it into your hand, then shuffle.]
Resolve Stack: Idyllic Tutor (105) - Ai(2)-mm-sythis-enchantress searches their library for an enchantment card, reveals it, puts it into their hand, then shuffles.
Phase: Ai(2)-mm-sythis-enchantress' End step
Phase: Ai(2)-mm-sythis-enchantress' Cleanup step
Turn: Turn 14 (Ai(3)-mm-talrand-spells)
Phase: Ai(3)-mm-talrand-spells' Untap step
Phase: Ai(3)-mm-talrand-spells' Upkeep step
Phase: Ai(3)-mm-talrand-spells' Draw step
Phase: Ai(3)-mm-talrand-spells' Main phase, precombat
Phase: Ai(3)-mm-talrand-spells' Beginning of Combat Step
Phase: Ai(3)-mm-talrand-spells' Declare Attackers Step
Combat: Ai(3)-mm-talrand-spells assigned Talrand, Sky Summoner (302) and Drake Token (504) to attack Ai(1)-mm-baylen-tokens.
Phase: Ai(3)-mm-talrand-spells' Declare Blockers Step
Combat: Ai(1)-mm-baylen-tokens didn't block Talrand, Sky Summoner (302).
Ai(1)-mm-baylen-tokens didn't block Drake Token (504).
Phase: Ai(3)-mm-talrand-spells' First Strike Damage Step
Phase: Ai(3)-mm-talrand-spells' Combat Damage Step
Damage: Talrand, Sky Summoner (302) deals 2 combat damage to Ai(1)-mm-baylen-tokens.
Damage: Drake Token (504) deals 2 combat damage to Ai(1)-mm-baylen-tokens.
Life: Life: Ai(1)-mm-baylen-tokens 40 > 36
Phase: Ai(3)-mm-talrand-spells' End of Combat Step
Phase: Ai(3)-mm-talrand-spells' Main phase, postcombat
Replacement Effect: Lonely Sandbar enters tapped.
Land: Ai(3)-mm-talrand-spells played Lonely Sandbar (300)
Mana: Island (250) - {T}: Add {U}.
Mana: Island (255) - {T}: Add {U}.
Mana: Sol Ring (219) - {T}: Add {C}{C}.
Mana: Thought Vessel (259) - {T}: Add {C}.
Add To Stack: Ai(3)-mm-talrand-spells cast Archmage of Runes
Replacement Effect: Artifacts and creatures your opponents control enter tapped.
Resolve Stack: Archmage of Runes - Creature 3 / 6
Mana: Island (234) - {T}: Add {U}.
Add To Stack: Ai(3)-mm-talrand-spells cast Brainstorm
Add To Stack: Ai(3)-mm-talrand-spells triggered Archmage of Runes
Add To Stack: Ai(3)-mm-talrand-spells triggered Talrand, Sky Summoner
Replacement Effect: Artifacts and creatures your opponents control enter tapped.
Resolve Stack: Whenever you cast an instant or sorcery spell, create a 2/2 blue Drake creature token with flying. [Card: Brainstorm (291), Activator: Ai(3)-mm-talrand-spells, SpellAbility: Draw three cards, then put two cards from your hand on top of your library in any order. ]
Resolve Stack: Whenever you cast an instant or sorcery spell, draw a card. [Card: Brainstorm (291), Activator: Ai(3)-mm-talrand-spells, SpellAbility: Draw three cards, then put two cards from your hand on top of your library in any order. ]
Resolve Stack: Brainstorm (291) - Ai(3)-mm-talrand-spells draws three cards, then puts two cards from their hand on top of their library in any order.
Phase: Ai(3)-mm-talrand-spells' End step
Phase: Ai(3)-mm-talrand-spells' Cleanup step
Turn: Turn 15 (Ai(4)-mm-giada-angels)
Phase: Ai(4)-mm-giada-angels' Untap step
Phase: Ai(4)-mm-giada-angels' Upkeep step
Phase: Ai(4)-mm-giada-angels' Draw step
Phase: Ai(4)-mm-giada-angels' Main phase, precombat
Land: Ai(4)-mm-giada-angels played Plains (376)
Mana: Plains (383) - {T}: Add {W}.
Mana: Plains (396) - {T}: Add {W}.
Mana: Plains (382) - {T}: Add {W}.
Add To Stack: Ai(4)-mm-giada-angels cast Lyra Dawnbringer
Add To Stack: Ai(3)-mm-talrand-spells triggered Rhystic Study
Mana: Plains (376) - {T}: Add {W}.
Resolve Stack: Whenever an opponent casts a spell, you may draw a card unless that player pays {1}. [Card: Lyra Dawnbringer (361), Activator: Ai(4)-mm-giada-angels, SpellAbility: Lyra Dawnbringer - Creature 5 / 5]
Replacement Effect: Artifacts and creatures your opponents control enter tapped.
Resolve Stack: Lyra Dawnbringer - Creature 5 / 5
Phase: Ai(4)-mm-giada-angels' Beginning of Combat Step
Phase: Ai(4)-mm-giada-angels' Declare Attackers Step
Combat: Ai(4)-mm-giada-angels assigned Starnheim Aspirant (349) and Bird Token (507) to attack Ai(3)-mm-talrand-spells.
Phase: Ai(4)-mm-giada-angels' Declare Blockers Step
Combat: Ai(3)-mm-talrand-spells didn't block Starnheim Aspirant (349).
Ai(3)-mm-talrand-spells didn't block Bird Token (507).
Phase: Ai(4)-mm-giada-angels' First Strike Damage Step
Phase: Ai(4)-mm-giada-angels' Combat Damage Step
Damage: Starnheim Aspirant (349) deals 2 combat damage to Ai(3)-mm-talrand-spells.
Damage: Bird Token (507) deals 1 combat damage to Ai(3)-mm-talrand-spells.
Life: Life: Ai(3)-mm-talrand-spells 35 > 32
Phase: Ai(4)-mm-giada-angels' End of Combat Step
Phase: Ai(4)-mm-giada-angels' Main phase, postcombat
Phase: Ai(4)-mm-giada-angels' End step
Phase: Ai(4)-mm-giada-angels' Cleanup step
Turn: Turn 16 (Ai(1)-mm-baylen-tokens)
Phase: Ai(1)-mm-baylen-tokens' Untap step
Phase: Ai(1)-mm-baylen-tokens' Upkeep step
Phase: Ai(1)-mm-baylen-tokens' Draw step
Phase: Ai(1)-mm-baylen-tokens' Main phase, precombat
Replacement Effect: As Temple Garden enters, you may pay 2 life. If you don't, it enters tapped.
Land: Ai(1)-mm-baylen-tokens played Temple Garden (75)
Phase: Ai(1)-mm-baylen-tokens' Beginning of Combat Step
Phase: Ai(1)-mm-baylen-tokens' Declare Attackers Step
Combat: Ai(1)-mm-baylen-tokens assigned Hare Apparent (48) and Rosie Cotton of South Lane (37) to attack Ai(3)-mm-talrand-spells.
Phase: Ai(1)-mm-baylen-tokens' Declare Blockers Step
Combat: Ai(3)-mm-talrand-spells didn't block Hare Apparent (48).
Ai(3)-mm-talrand-spells didn't block Rosie Cotton of South Lane (37).
Phase: Ai(1)-mm-baylen-tokens' First Strike Damage Step
Phase: Ai(1)-mm-baylen-tokens' Combat Damage Step
Damage: Hare Apparent (48) deals 3 combat damage to Ai(3)-mm-talrand-spells.
Damage: Rosie Cotton of South Lane (37) deals 1 combat damage to Ai(3)-mm-talrand-spells.
Life: Life: Ai(3)-mm-talrand-spells 32 > 28
Phase: Ai(1)-mm-baylen-tokens' End of Combat Step
Phase: Ai(1)-mm-baylen-tokens' Main phase, postcombat
Mana: Plains (88) - {T}: Add {W}.
Mana: Reliquary Tower (74) - {T}: Add {C}.
Mana: Plains (85) - {T}: Add {W}.
Add To Stack: Ai(1)-mm-baylen-tokens cast Caretaker's Talent
Add To Stack: Ai(3)-mm-talrand-spells triggered Rhystic Study
Resolve Stack: Whenever an opponent casts a spell, you may draw a card unless that player pays {1}. [Card: Caretaker's Talent (4), Activator: Ai(1)-mm-baylen-tokens, SpellAbility: Caretaker's Talent]
Resolve Stack: Caretaker's Talent
Phase: Ai(1)-mm-baylen-tokens' End step
Phase: Ai(1)-mm-baylen-tokens' Cleanup step
Turn: Turn 17 (Ai(2)-mm-sythis-enchantress)
Phase: Ai(2)-mm-sythis-enchantress' Untap step
Phase: Ai(2)-mm-sythis-enchantress' Upkeep step
Phase: Ai(2)-mm-sythis-enchantress' Draw step
Phase: Ai(2)-mm-sythis-enchantress' Main phase, precombat
Phase: Ai(2)-mm-sythis-enchantress' Beginning of Combat Step
Phase: Ai(2)-mm-sythis-enchantress' Declare Attackers Step
Combat: Ai(2)-mm-sythis-enchantress assigned Starfield Mystic (152) to attack Ai(3)-mm-talrand-spells.
Phase: Ai(2)-mm-sythis-enchantress' Declare Blockers Step
Combat: Ai(3)-mm-talrand-spells didn't block Starfield Mystic (152).
Phase: Ai(2)-mm-sythis-enchantress' First Strike Damage Step
Phase: Ai(2)-mm-sythis-enchantress' Combat Damage Step
Damage: Starfield Mystic (152) deals 2 combat damage to Ai(3)-mm-talrand-spells.
Life: Life: Ai(3)-mm-talrand-spells 28 > 26
Phase: Ai(2)-mm-sythis-enchantress' End of Combat Step
Phase: Ai(2)-mm-sythis-enchantress' Main phase, postcombat
Mana: Plains (192) - {T}: Add {W}.
Mana: Plains (189) - {T}: Add {W}.
Add To Stack: Ai(2)-mm-sythis-enchantress cast Heliod, Sun-Crowned
Add To Stack: Ai(2)-mm-sythis-enchantress triggered Blind Obedience
Add To Stack: Ai(3)-mm-talrand-spells triggered Rhystic Study
Mana: Plains (193) - {T}: Add {W}.
Resolve Stack: Whenever an opponent casts a spell, you may draw a card unless that player pays {1}. [Card: Heliod, Sun-Crowned (196), Activator: Ai(2)-mm-sythis-enchantress, SpellAbility: Heliod, Sun-Crowned - Creature 5 / 5]
Resolve Stack: Extort (Whenever you cast a spell, you may pay {W/B}. If you do, each opponent loses 1 life and you gain that much life.) [Card: Heliod, Sun-Crowned (196), Activator: Ai(2)-mm-sythis-enchantress, SpellAbility: Heliod, Sun-Crowned - Creature 5 / 5]
Resolve Stack: Heliod, Sun-Crowned - Creature 5 / 5
Phase: Ai(2)-mm-sythis-enchantress' End step
Phase: Ai(2)-mm-sythis-enchantress' Cleanup step
Turn: Turn 18 (Ai(3)-mm-talrand-spells)
Phase: Ai(3)-mm-talrand-spells' Untap step
Phase: Ai(3)-mm-talrand-spells' Upkeep step
Phase: Ai(3)-mm-talrand-spells' Draw step
Phase: Ai(3)-mm-talrand-spells' Main phase, precombat
Land: Ai(3)-mm-talrand-spells played Island (230)
Phase: Ai(3)-mm-talrand-spells' Beginning of Combat Step
Phase: Ai(3)-mm-talrand-spells' Declare Attackers Step
Combat: Ai(3)-mm-talrand-spells assigned Archmage of Runes (216), Talrand, Sky Summoner (302), Drake Token (504) and Drake Token (562) to attack Ai(4)-mm-giada-angels.
Phase: Ai(3)-mm-talrand-spells' Declare Blockers Step
Combat: Ai(4)-mm-giada-angels didn't block Archmage of Runes (216).
Ai(4)-mm-giada-angels didn't block Talrand, Sky Summoner (302).
Ai(4)-mm-giada-angels didn't block Drake Token (504).
Ai(4)-mm-giada-angels didn't block Drake Token (562).
Phase: Ai(3)-mm-talrand-spells' First Strike Damage Step
Phase: Ai(3)-mm-talrand-spells' Combat Damage Step
Damage: Archmage of Runes (216) deals 3 combat damage to Ai(4)-mm-giada-angels.
Damage: Talrand, Sky Summoner (302) deals 2 combat damage to Ai(4)-mm-giada-angels.
Damage: Drake Token (504) deals 2 combat damage to Ai(4)-mm-giada-angels.
Damage: Drake Token (562) deals 2 combat damage to Ai(4)-mm-giada-angels.
Life: Life: Ai(4)-mm-giada-angels 38 > 29
Phase: Ai(3)-mm-talrand-spells' End of Combat Step
Phase: Ai(3)-mm-talrand-spells' Main phase, postcombat
Mana: Island (250) - {T}: Add {U}.
Mana: Island (255) - {T}: Add {U}.
Mana: Sol Ring (219) - {T}: Add {C}{C}.
Add To Stack: Ai(3)-mm-talrand-spells cast Haughty Djinn
Replacement Effect: Artifacts and creatures your opponents control enter tapped.
Resolve Stack: Haughty Djinn - Creature * / 4
Mana: Island (234) - {T}: Add {U}.
Add To Stack: Ai(3)-mm-talrand-spells cast Sleight of Hand
Add To Stack: Ai(3)-mm-talrand-spells triggered Archmage of Runes
Add To Stack: Ai(3)-mm-talrand-spells triggered Talrand, Sky Summoner
Replacement Effect: Artifacts and creatures your opponents control enter tapped.
Resolve Stack: Whenever you cast an instant or sorcery spell, create a 2/2 blue Drake creature token with flying. [Card: Sleight of Hand (301), Activator: Ai(3)-mm-talrand-spells, SpellAbility: Look at the top two cards of your library. Put one of them into your hand and the other on the bottom of your library.]
Resolve Stack: Whenever you cast an instant or sorcery spell, draw a card. [Card: Sleight of Hand (301), Activator: Ai(3)-mm-talrand-spells, SpellAbility: Look at the top two cards of your library. Put one of them into your hand and the other on the bottom of your library.]
Resolve Stack: Sleight of Hand (301) - Ai(3)-mm-talrand-spells looks at the top two cards of their library. They put one of them into their hand and put the rest on the bottom of their library in any order.
Mana: Lonely Sandbar (300) - {T}: Add {U}.
Mana: Island (230) - {T}: Add {U}.
Mana: Thought Vessel (259) - {T}: Add {C}.
Add To Stack: Ai(3)-mm-talrand-spells cast Alandra, Sky Dreamer
Replacement Effect: Artifacts and creatures your opponents control enter tapped.
Resolve Stack: Alandra, Sky Dreamer - Creature 2 / 4
Phase: Ai(3)-mm-talrand-spells' End step
Phase: Ai(3)-mm-talrand-spells' Cleanup step
Turn: Turn 19 (Ai(4)-mm-giada-angels)
Phase: Ai(4)-mm-giada-angels' Untap step
Phase: Ai(4)-mm-giada-angels' Upkeep step
Phase: Ai(4)-mm-giada-angels' Draw step
Phase: Ai(4)-mm-giada-angels' Main phase, precombat
Land: Ai(4)-mm-giada-angels played Plains (373)
Mana: Plains (383) - {T}: Add {W}.
Mana: Plains (396) - {T}: Add {W}.
Add To Stack: Ai(4)-mm-giada-angels cast Firemane Commando
Add To Stack: Ai(3)-mm-talrand-spells triggered Rhystic Study
Mana: Plains (382) - {T}: Add {W}.
Resolve Stack: Whenever an opponent casts a spell, you may draw a card unless that player pays {1}. [Card: Firemane Commando (319), Activator: Ai(4)-mm-giada-angels, SpellAbility: Firemane Commando - Creature 4 / 3]
Replacement Effect: Artifacts and creatures your opponents control enter tapped.
Resolve Stack: Firemane Commando - Creature 4 / 3
Mana: Plains (376) - {T}: Add {W}.
Mana: Plains (373) - {T}: Add {W}.
Add To Stack: Ai(4)-mm-giada-angels cast Giada, Font of Hope
Add To Stack: Ai(3)-mm-talrand-spells triggered Rhystic Study
Resolve Stack: Whenever an opponent casts a spell, you may draw a card unless that player pays {1}. [Card: Giada, Font of Hope (403), Activator: Ai(4)-mm-giada-angels, SpellAbility: Giada, Font of Hope - Creature 2 / 2]
Replacement Effect: Artifacts and creatures your opponents control enter tapped.
Resolve Stack: Giada, Font of Hope - Creature 2 / 2
Phase: Ai(4)-mm-giada-angels' Beginning of Combat Step
Phase: Ai(4)-mm-giada-angels' Declare Attackers Step
Combat: Ai(4)-mm-giada-angels assigned Lyra Dawnbringer (361), Starnheim Aspirant (349) and Bird Token (507) to attack Ai(3)-mm-talrand-spells.
Add To Stack: Ai(4)-mm-giada-angels triggered Firemane Commando
Resolve Stack: Whenever you attack with two or more creatures, draw a card. [Number Attackers: [Lyra Dawnbringer (361), Starnheim Aspirant (349), Bird Token (507)]]
Phase: Ai(4)-mm-giada-angels' Declare Blockers Step
Combat: Ai(3)-mm-talrand-spells didn't block Lyra Dawnbringer (361).
Ai(3)-mm-talrand-spells didn't block Starnheim Aspirant (349).
Ai(3)-mm-talrand-spells didn't block Bird Token (507).
Phase: Ai(4)-mm-giada-angels' First Strike Damage Step
Damage: Lyra Dawnbringer (361) deals 5 combat damage to Ai(3)-mm-talrand-spells.
Life: Life: Ai(4)-mm-giada-angels 29 > 34
Life: Life: Ai(3)-mm-talrand-spells 26 > 21
Phase: Ai(4)-mm-giada-angels' Combat Damage Step
Damage: Starnheim Aspirant (349) deals 2 combat damage to Ai(3)-mm-talrand-spells.
Damage: Bird Token (507) deals 1 combat damage to Ai(3)-mm-talrand-spells.
Life: Life: Ai(3)-mm-talrand-spells 21 > 18
Phase: Ai(4)-mm-giada-angels' End of Combat Step
Phase: Ai(4)-mm-giada-angels' Main phase, postcombat
Phase: Ai(4)-mm-giada-angels' End step
Phase: Ai(4)-mm-giada-angels' Cleanup step
Turn: Turn 20 (Ai(1)-mm-baylen-tokens)
Phase: Ai(1)-mm-baylen-tokens' Untap step
Phase: Ai(1)-mm-baylen-tokens' Upkeep step
Mana: Temple Garden (75) - {T}: Add {G}.
Mana: Plains (88) - {T}: Add {W}.
Add To Stack: Ai(1)-mm-baylen-tokens cast Aura Mutation targeting [Rhystic Study (223)]
Add To Stack: Ai(3)-mm-talrand-spells triggered Rhystic Study
Mana: Reliquary Tower (74) - {T}: Add {C}.
Resolve Stack: Whenever an opponent casts a spell, you may draw a card unless that player pays {1}. [Card: Aura Mutation (66), Activator: Ai(1)-mm-baylen-tokens, SpellAbility: Destroy target enchantment. Create X 1/1 green Saproling creature tokens, where X is that enchantment's mana value. ]
Zone Change: Rhystic Study (223) was put into Graveyard from Battlefield.
Replacement Effect: Artifacts and creatures your opponents control enter tapped.
Replacement Effect: Artifacts and creatures your opponents control enter tapped.
Replacement Effect: Artifacts and creatures your opponents control enter tapped.
Resolve Stack: Aura Mutation (66) - Destroy Rhystic Study (223). 
Add To Stack: Ai(1)-mm-baylen-tokens triggered Caretaker's Talent
Add To Stack: Ai(1)-mm-baylen-tokens triggered Rosie Cotton of South Lane targeting [Hare Apparent (48)]
Add To Stack: Ai(1)-mm-baylen-tokens triggered Rosie Cotton of South Lane targeting [Hare Apparent (48)]
Add To Stack: Ai(1)-mm-baylen-tokens triggered Rosie Cotton of South Lane targeting [Hare Apparent (48)]
Resolve Stack: Whenever you create a token, put a +1/+1 counter on target creature you control other than Rosie. (Targeting: [[Hare Apparent (48)]]) [Player: Ai(1)-mm-baylen-tokens]
Resolve Stack: Whenever you create a token, put a +1/+1 counter on target creature you control other than Rosie. (Targeting: [[Hare Apparent (48)]]) [Player: Ai(1)-mm-baylen-tokens]
Resolve Stack: Whenever you create a token, put a +1/+1 counter on target creature you control other than Rosie. (Targeting: [[Hare Apparent (48)]]) [Player: Ai(1)-mm-baylen-tokens]
Resolve Stack: Whenever one or more tokens you control enter, draw a card. This ability triggers only once each turn. [Amount: 3]
Phase: Ai(1)-mm-baylen-tokens' Draw step
Phase: Ai(1)-mm-baylen-tokens' Main phase, precombat
Mana: Plains (85) - {T}: Add {W}.
Add To Stack: Ai(1)-mm-baylen-tokens activated Caretaker's Talent
Resolve Stack: Caretaker's Talent (4) - Level 2
Add To Stack: Ai(1)-mm-baylen-tokens triggered Caretaker's Talent targeting [Saproling Token (640)]
Replacement Effect: Artifacts and creatures your opponents control enter tapped.
Resolve Stack: When this Class becomes level 2, create a token that's a copy of target token you control. (Targeting: [[Saproling Token (640)]]) [Class Level: 2]
Add To Stack: Ai(1)-mm-baylen-tokens triggered Rosie Cotton of South Lane targeting [Hare Apparent (48)]
Resolve Stack: Whenever you create a token, put a +1/+1 counter on target creature you control other than Rosie. (Targeting: [[Hare Apparent (48)]]) [Player: Ai(1)-mm-baylen-tokens]
Phase: Ai(1)-mm-baylen-tokens' Beginning of Combat Step
Phase: Ai(1)-mm-baylen-tokens' Declare Attackers Step
Combat: Ai(1)-mm-baylen-tokens assigned Hare Apparent (48) and Rosie Cotton of South Lane (37) to attack Ai(3)-mm-talrand-spells.
Add To Stack: Ai(4)-mm-giada-angels triggered Firemane Commando
Resolve Stack: Whenever another player attacks with two or more creatures, they draw a card if none of those creatures attacked you. [Number Attackers: [Hare Apparent (48), Rosie Cotton of South Lane (37)]]
Phase: Ai(1)-mm-baylen-tokens' Declare Blockers Step
Combat: Ai(3)-mm-talrand-spells didn't block Hare Apparent (48).
Ai(3)-mm-talrand-spells didn't block Rosie Cotton of South Lane (37).
Phase: Ai(1)-mm-baylen-tokens' First Strike Damage Step
Phase: Ai(1)-mm-baylen-tokens' Combat Damage Step
Damage: Hare Apparent (48) deals 7 combat damage to Ai(3)-mm-talrand-spells.
Damage: Rosie Cotton of South Lane (37) deals 1 combat damage to Ai(3)-mm-talrand-spells.
Life: Life: Ai(3)-mm-talrand-spells 18 > 10
Phase: Ai(1)-mm-baylen-tokens' End of Combat Step
Phase: Ai(1)-mm-baylen-tokens' Main phase, postcombat
Replacement Effect: Canopy Vista enters tapped unless you control two or more basic lands.
Land: Ai(1)-mm-baylen-tokens played Canopy Vista (68)
Phase: Ai(1)-mm-baylen-tokens' End step
Phase: Ai(1)-mm-baylen-tokens' Cleanup step
Turn: Turn 21 (Ai(2)-mm-sythis-enchantress)
Phase: Ai(2)-mm-sythis-enchantress' Untap step
Phase: Ai(2)-mm-sythis-enchantress' Upkeep step
Phase: Ai(2)-mm-sythis-enchantress' Draw step
Phase: Ai(2)-mm-sythis-enchantress' Main phase, precombat
Mana: Plains (192) - {T}: Add {W}.
Mana: Plains (189) - {T}: Add {W}.
Mana: Plains (193) - {T}: Add {W}.
Mana: Hall of Heliod's Generosity (111) - {T}: Add {C}.
Add To Stack: Ai(2)-mm-sythis-enchantress cast Sigil of the Empty Throne
Add To Stack: Ai(2)-mm-sythis-enchantress triggered Blind Obedience
Resolve Stack: Extort (Whenever you cast a spell, you may pay {W/B}. If you do, each opponent loses 1 life and you gain that much life.) [Card: Sigil of the Empty Throne (133), Activator: Ai(2)-mm-sythis-enchantress, SpellAbility: Sigil of the Empty Throne]
Resolve Stack: Sigil of the Empty Throne
Phase: Ai(2)-mm-sythis-enchantress' Beginning of Combat Step
Phase: Ai(2)-mm-sythis-enchantress' Declare Attackers Step
Combat: Ai(2)-mm-sythis-enchantress assigned Heliod, Sun-Crowned (196) and Starfield Mystic (152) to attack Ai(3)-mm-talrand-spells.
Add To Stack: Ai(4)-mm-giada-angels triggered Firemane Commando
Resolve Stack: Whenever another player attacks with two or more creatures, they draw a card if none of those creatures attacked you. [Number Attackers: [Heliod, Sun-Crowned (196), Starfield Mystic (152)]]
Phase: Ai(2)-mm-sythis-enchantress' Declare Blockers Step
Combat: Ai(3)-mm-talrand-spells didn't block Heliod, Sun-Crowned (196).
Ai(3)-mm-talrand-spells didn't block Starfield Mystic (152).
Phase: Ai(2)-mm-sythis-enchantress' First Strike Damage Step
Phase: Ai(2)-mm-sythis-enchantress' Combat Damage Step
Damage: Heliod, Sun-Crowned (196) deals 5 combat damage to Ai(3)-mm-talrand-spells.
Damage: Starfield Mystic (152) deals 2 combat damage to Ai(3)-mm-talrand-spells.
Life: Life: Ai(3)-mm-talrand-spells 10 > 3
Phase: Ai(2)-mm-sythis-enchantress' End of Combat Step
Phase: Ai(2)-mm-sythis-enchantress' Main phase, postcombat
Land: Ai(2)-mm-sythis-enchantress played Sungrass Prairie (107)
Phase: Ai(2)-mm-sythis-enchantress' End step
Phase: Ai(2)-mm-sythis-enchantress' Cleanup step
Turn: Turn 22 (Ai(3)-mm-talrand-spells)
Phase: Ai(3)-mm-talrand-spells' Untap step
Phase: Ai(3)-mm-talrand-spells' Upkeep step
Phase: Ai(3)-mm-talrand-spells' Draw step
Phase: Ai(3)-mm-talrand-spells' Main phase, precombat
Land: Ai(3)-mm-talrand-spells played Island (233)
Phase: Ai(3)-mm-talrand-spells' Beginning of Combat Step
Phase: Ai(3)-mm-talrand-spells' Declare Attackers Step
Combat: Ai(3)-mm-talrand-spells assigned Archmage of Runes (216), Haughty Djinn (265) and Talrand, Sky Summoner (302) to attack Ai(4)-mm-giada-angels.
Add To Stack: Ai(4)-mm-giada-angels triggered Firemane Commando
Resolve Stack: Whenever another player attacks with two or more creatures, they draw a card if none of those creatures attacked you. [Number Attackers: [Archmage of Runes (216), Haughty Djinn (265), Talrand, Sky Summoner (302)]]
Phase: Ai(3)-mm-talrand-spells' Declare Blockers Step
Combat: Ai(4)-mm-giada-angels didn't block Archmage of Runes (216).
Ai(4)-mm-giada-angels didn't block Haughty Djinn (265).
Ai(4)-mm-giada-angels didn't block Talrand, Sky Summoner (302).
Phase: Ai(3)-mm-talrand-spells' First Strike Damage Step
Phase: Ai(3)-mm-talrand-spells' Combat Damage Step
Damage: Archmage of Runes (216) deals 3 combat damage to Ai(4)-mm-giada-angels.
Damage: Haughty Djinn (265) deals 3 combat damage to Ai(4)-mm-giada-angels.
Damage: Talrand, Sky Summoner (302) deals 2 combat damage to Ai(4)-mm-giada-angels.
Life: Life: Ai(4)-mm-giada-angels 34 > 26
Phase: Ai(3)-mm-talrand-spells' End of Combat Step
Phase: Ai(3)-mm-talrand-spells' Main phase, postcombat
Phase: Ai(3)-mm-talrand-spells' End step
Phase: Ai(3)-mm-talrand-spells' Cleanup step
Turn: Turn 23 (Ai(4)-mm-giada-angels)
Phase: Ai(4)-mm-giada-angels' Untap step
Phase: Ai(4)-mm-giada-angels' Upkeep step
Phase: Ai(4)-mm-giada-angels' Draw step
Phase: Ai(4)-mm-giada-angels' Main phase, precombat
Land: Ai(4)-mm-giada-angels played Plains (380)
Mana: Plains (383) - {T}: Add {W}.
Mana: Plains (396) - {T}: Add {W}.
Mana: Plains (382) - {T}: Add {W}.
Add To Stack: Ai(4)-mm-giada-angels cast Angel of Destiny
Mana: Island (250) - {T}: Add {U}.
Add To Stack: Ai(3)-mm-talrand-spells cast Arcane Denial targeting [Angel of Destiny - Creature 2 / 6]
Add To Stack: Ai(3)-mm-talrand-spells triggered Archmage of Runes
Add To Stack: Ai(3)-mm-talrand-spells triggered Talrand, Sky Summoner
Replacement Effect: Artifacts and creatures your opponents control enter tapped.
Resolve Stack: Whenever you cast an instant or sorcery spell, create a 2/2 blue Drake creature token with flying. [Card: Arcane Denial (275), Activator: Ai(3)-mm-talrand-spells, SpellAbility: Counter target spell. Its controller may draw up to two cards at the beginning of the next turn's upkeep. You draw a card at the beginning of the next turn's upkeep.   ]
Resolve Stack: Whenever you cast an instant or sorcery spell, draw a card. [Card: Arcane Denial (275), Activator: Ai(3)-mm-talrand-spells, SpellAbility: Counter target spell. Its controller may draw up to two cards at the beginning of the next turn's upkeep. You draw a card at the beginning of the next turn's upkeep.   ]
Zone Change: Send countered spell to Graveyard
Resolve Stack: Arcane Denial (275) - Counter Angel of Destiny (347). Draw a card. Draw up to two cards. 
Mana: Plains (376) - {T}: Add {W}.
Add To Stack: Ai(4)-mm-giada-angels cast Righteous Valkyrie
Mana: Island (255) - {T}: Add {U}.
Add To Stack: Ai(3)-mm-talrand-spells cast Cyclonic Rift targeting [Lyra Dawnbringer (361)]
Add To Stack: Ai(3)-mm-talrand-spells triggered Archmage of Runes
Add To Stack: Ai(3)-mm-talrand-spells triggered Talrand, Sky Summoner
Replacement Effect: Artifacts and creatures your opponents control enter tapped.
Resolve Stack: Whenever you cast an instant or sorcery spell, create a 2/2 blue Drake creature token with flying. [Card: Cyclonic Rift (208), Activator: Ai(3)-mm-talrand-spells, SpellAbility: Return target nonland permanent you don't control to its owner's hand.]
Resolve Stack: Whenever you cast an instant or sorcery spell, draw a card. [Card: Cyclonic Rift (208), Activator: Ai(3)-mm-talrand-spells, SpellAbility: Return target nonland permanent you don't control to its owner's hand.]
Add To Stack: Ai(3)-mm-talrand-spells triggered Alandra, Sky Dreamer
Replacement Effect: Artifacts and creatures your opponents control enter tapped.
Resolve Stack: Whenever you draw your second card each turn, create a 2/2 blue Drake creature token with flying. [Player: Ai(3)-mm-talrand-spells]
Resolve Stack: Cyclonic Rift (208) - Return Lyra Dawnbringer (361) to its owner's hand.
Replacement Effect: Artifacts and creatures your opponents control enter tapped.
Replacement Effect: Each other Angel you control enters with an additional +1/+1 counter on it for each Angel you already control.
Resolve Stack: Righteous Valkyrie - Creature 2 / 4
Mana: Plains (373) - {T}: Add {W}.
Mana: Plains (380) - {T}: Add {W}.
Mana: Giada, Font of Hope (403) - {T}: Add {W}. Spend this mana only to cast an Angel spell.
Add To Stack: Ai(4)-mm-giada-angels cast Lyra Dawnbringer
Replacement Effect: Artifacts and creatures your opponents control enter tapped.
Replacement Effect: Each other Angel you control enters with an additional +1/+1 counter on it for each Angel you already control.
Resolve Stack: Lyra Dawnbringer - Creature 5 / 5
Add To Stack: Ai(4)-mm-giada-angels triggered Righteous Valkyrie
Life: Life: Ai(4)-mm-giada-angels 26 > 34
Resolve Stack: Whenever another Angel or Cleric you control enters, you gain life equal to that creature's toughness. [Zone Changer: Lyra Dawnbringer (361)]
Phase: Ai(4)-mm-giada-angels' Beginning of Combat Step
Phase: Ai(4)-mm-giada-angels' Declare Attackers Step
Combat: Ai(4)-mm-giada-angels assigned Firemane Commando (319) to attack Ai(3)-mm-talrand-spells.
Mana: Island (234) - {T}: Add {U}.
Mana: Lonely Sandbar (300) - {T}: Add {U}.
Mana: Sol Ring (219) - {T}: Add {C}{C}.
Mana: Thought Vessel (259) - {T}: Add {C}.
Mana: Island (230) - {T}: Add {U}.
Mana: Island (233) - {T}: Add {U}.
Add To Stack: Ai(3)-mm-talrand-spells cast Hullbreaker Horror
Replacement Effect: Artifacts and creatures your opponents control enter tapped.
Resolve Stack: Hullbreaker Horror - Creature 7 / 8
Phase: Ai(4)-mm-giada-angels' Declare Blockers Step
Combat: Ai(3)-mm-talrand-spells assigned Drake Token (562) and Drake Token (504) to block Firemane Commando (319).
Phase: Ai(4)-mm-giada-angels' First Strike Damage Step
Phase: Ai(4)-mm-giada-angels' Combat Damage Step
Damage: Firemane Commando (319) deals 2 damage to Drake Token (562).
Damage: Firemane Commando (319) deals 3 damage to Drake Token (504).
Life: Life: Ai(4)-mm-giada-angels 34 > 39
Damage: Drake Token (562) deals 2 damage to Firemane Commando (319).
Damage: Drake Token (504) deals 2 damage to Firemane Commando (319).
Zone Change: Firemane Commando (319) was put into Graveyard from Battlefield.
Zone Change: Drake Token (504) was put into Graveyard from Battlefield.
Zone Change: Drake Token (562) was put into Graveyard from Battlefield.
Phase: Ai(4)-mm-giada-angels' End of Combat Step
Phase: Ai(4)-mm-giada-angels' Main phase, postcombat
Phase: Ai(4)-mm-giada-angels' End step
Phase: Ai(4)-mm-giada-angels' Cleanup step
Turn: Turn 24 (Ai(1)-mm-baylen-tokens)
Phase: Ai(1)-mm-baylen-tokens' Untap step
Phase: Ai(1)-mm-baylen-tokens' Upkeep step
Add To Stack: Ai(3)-mm-talrand-spells triggered Arcane Denial
Add To Stack: Ai(3)-mm-talrand-spells triggered Arcane Denial
Resolve Stack: Draw up to two cards. ([Ai(4)-mm-giada-angels]) [Phase: Ai(1)-mm-baylen-tokens]
Resolve Stack: Draw a card. [Phase: Ai(1)-mm-baylen-tokens]
Phase: Ai(1)-mm-baylen-tokens' Draw step
Phase: Ai(1)-mm-baylen-tokens' Main phase, precombat
Mana: Plains (88) - {T}: Add {W}.
Mana: Reliquary Tower (74) - {T}: Add {C}.
Mana: Plains (85) - {T}: Add {W}.
Mana: Temple Garden (75) - {T}: Add {G}.
Add To Stack: Ai(1)-mm-baylen-tokens activated Caretaker's Talent
Resolve Stack: Caretaker's Talent (4) - Level 3
Phase: Ai(1)-mm-baylen-tokens' Beginning of Combat Step
Phase: Ai(1)-mm-baylen-tokens' Declare Attackers Step
Combat: Ai(1)-mm-baylen-tokens assigned Hare Apparent (48), Saproling Token (640), Saproling Token (641), Saproling Token (642), Saproling Token (648) and Rosie Cotton of South Lane (37) to attack Ai(3)-mm-talrand-spells.
Phase: Ai(1)-mm-baylen-tokens' Declare Blockers Step
Combat: Ai(3)-mm-talrand-spells assigned Drake Token (615) to block Hare Apparent (48).
Ai(3)-mm-talrand-spells assigned Alandra, Sky Dreamer (204) to block Saproling Token (640).
Ai(3)-mm-talrand-spells didn't block Saproling Token (641).
Ai(3)-mm-talrand-spells didn't block Saproling Token (642).
Ai(3)-mm-talrand-spells didn't block Saproling Token (648).
Ai(3)-mm-talrand-spells didn't block Rosie Cotton of South Lane (37).
Phase: Ai(1)-mm-baylen-tokens' First Strike Damage Step
Phase: Ai(1)-mm-baylen-tokens' Combat Damage Step
Damage: Hare Apparent (48) deals 7 damage to Drake Token (615).
Damage: Saproling Token (640) deals 3 damage to Alandra, Sky Dreamer (204).
Damage: Saproling Token (641) deals 3 combat damage to Ai(3)-mm-talrand-spells.
Damage: Saproling Token (642) deals 3 combat damage to Ai(3)-mm-talrand-spells.
Damage: Saproling Token (648) deals 3 combat damage to Ai(3)-mm-talrand-spells.
Damage: Rosie Cotton of South Lane (37) deals 1 combat damage to Ai(3)-mm-talrand-spells.
Damage: Drake Token (615) deals 2 damage to Hare Apparent (48).
Damage: Alandra, Sky Dreamer (204) deals 2 damage to Saproling Token (640).
Life: Life: Ai(3)-mm-talrand-spells 3 > -7
Phase: Ai(1)-mm-baylen-tokens' End of Combat Step
Phase: Ai(1)-mm-baylen-tokens' Main phase, postcombat
Phase: Ai(1)-mm-baylen-tokens' End step
Phase: Ai(1)-mm-baylen-tokens' Cleanup step
Turn: Turn 25 (Ai(2)-mm-sythis-enchantress)
Phase: Ai(2)-mm-sythis-enchantress' Untap step
Phase: Ai(2)-mm-sythis-enchantress' Upkeep step
Phase: Ai(2)-mm-sythis-enchantress' Draw step
Phase: Ai(2)-mm-sythis-enchantress' Main phase, precombat
Phase: Ai(2)-mm-sythis-enchantress' Beginning of Combat Step
Phase: Ai(2)-mm-sythis-enchantress' Declare Attackers Step
Combat: Ai(2)-mm-sythis-enchantress assigned Heliod, Sun-Crowned (196) to attack Ai(4)-mm-giada-angels.
Phase: Ai(2)-mm-sythis-enchantress' Declare Blockers Step
Combat: Ai(4)-mm-giada-angels didn't block Heliod, Sun-Crowned (196).
Phase: Ai(2)-mm-sythis-enchantress' First Strike Damage Step
Phase: Ai(2)-mm-sythis-enchantress' Combat Damage Step
Damage: Heliod, Sun-Crowned (196) deals 5 combat damage to Ai(4)-mm-giada-angels.
Life: Life: Ai(4)-mm-giada-angels 39 > 34
Phase: Ai(2)-mm-sythis-enchantress' End of Combat Step
Phase: Ai(2)-mm-sythis-enchantress' Main phase, postcombat
Phase: Ai(2)-mm-sythis-enchantress' End step
Phase: Ai(2)-mm-sythis-enchantress' Cleanup step
Turn: Turn 26 (Ai(4)-mm-giada-angels)
Phase: Ai(4)-mm-giada-angels' Untap step
Phase: Ai(4)-mm-giada-angels' Upkeep step
Phase: Ai(4)-mm-giada-angels' Draw step
Mana: Plains (383) - {T}: Add {W}.
Add To Stack: Ai(4)-mm-giada-angels cast Swords to Plowshares targeting [Hare Apparent (48)]
Zone Change: Hare Apparent (48) was put into Exile from Battlefield.
Life: Life: Ai(1)-mm-baylen-tokens 36 > 43
Resolve Stack: Swords to Plowshares (348) - Exile Hare Apparent (48). Ai(1)-mm-baylen-tokens gains life equal to its power.
Phase: Ai(4)-mm-giada-angels' Main phase, precombat
Land: Ai(4)-mm-giada-angels played Plains (372)
Mana: Plains (396) - {T}: Add {W}.
Add To Stack: Ai(4)-mm-giada-angels cast Angel of Vitality
Replacement Effect: Artifacts and creatures your opponents control enter tapped.
Replacement Effect: Each other Angel you control enters with an additional +1/+1 counter on it for each Angel you already control.
Resolve Stack: Angel of Vitality - Creature 2 / 2
Add To Stack: Ai(4)-mm-giada-angels triggered Righteous Valkyrie
Replacement Effect: If you would gain life, you gain that much life plus 1 instead.
Life: Life: Ai(4)-mm-giada-angels 34 > 43
Resolve Stack: Whenever another Angel or Cleric you control enters, you gain life equal to that creature's toughness. [Zone Changer: Angel of Vitality (322)]
Mana: Plains (382) - {T}: Add {W}.
Add To Stack: Ai(4)-mm-giada-angels cast Youthful Valkyrie
Replacement Effect: Artifacts and creatures your opponents control enter tapped.
Replacement Effect: Each other Angel you control enters with an additional +1/+1 counter on it for each Angel you already control.
Resolve Stack: Youthful Valkyrie - Creature 1 / 3
Add To Stack: Ai(4)-mm-giada-angels triggered Righteous Valkyrie
Replacement Effect: If you would gain life, you gain that much life plus 1 instead.
Life: Life: Ai(4)-mm-giada-angels 43 > 52
Resolve Stack: Whenever another Angel or Cleric you control enters, you gain life equal to that creature's toughness. [Zone Changer: Youthful Valkyrie (346)]
Phase: Ai(4)-mm-giada-angels' Beginning of Combat Step
Phase: Ai(4)-mm-giada-angels' Declare Attackers Step
Combat: Ai(4)-mm-giada-angels assigned Lyra Dawnbringer (361), Righteous Valkyrie (305), Starnheim Aspirant (349), Bird Token (507) and Giada, Font of Hope (403) to attack Ai(1)-mm-baylen-tokens.
Phase: Ai(4)-mm-giada-angels' Declare Blockers Step
Combat: Ai(1)-mm-baylen-tokens didn't block Lyra Dawnbringer (361).
Ai(1)-mm-baylen-tokens didn't block Righteous Valkyrie (305).
Ai(1)-mm-baylen-tokens didn't block Starnheim Aspirant (349).
Ai(1)-mm-baylen-tokens didn't block Bird Token (507).
Ai(1)-mm-baylen-tokens didn't block Giada, Font of Hope (403).
Phase: Ai(4)-mm-giada-angels' First Strike Damage Step
Damage: Lyra Dawnbringer (361) deals 10 combat damage to Ai(1)-mm-baylen-tokens.
Replacement Effect: If you would gain life, you gain that much life plus 1 instead.
Life: Life: Ai(4)-mm-giada-angels 52 > 63
Life: Life: Ai(1)-mm-baylen-tokens 43 > 33
Phase: Ai(4)-mm-giada-angels' Combat Damage Step
Damage: Righteous Valkyrie (305) deals 7 combat damage to Ai(1)-mm-baylen-tokens.
Replacement Effect: If you would gain life, you gain that much life plus 1 instead.
Life: Life: Ai(4)-mm-giada-angels 63 > 71
Damage: Starnheim Aspirant (349) deals 4 combat damage to Ai(1)-mm-baylen-tokens.
Damage: Bird Token (507) deals 3 combat damage to Ai(1)-mm-baylen-tokens.
Damage: Giada, Font of Hope (403) deals 5 combat damage to Ai(1)-mm-baylen-tokens.
Replacement Effect: If you would gain life, you gain that much life plus 1 instead.
Life: Life: Ai(4)-mm-giada-angels 71 > 77
Life: Life: Ai(1)-mm-baylen-tokens 33 > 14
Phase: Ai(4)-mm-giada-angels' End of Combat Step
Phase: Ai(4)-mm-giada-angels' Main phase, postcombat
Mana: Plains (376) - {T}: Add {W}.
Mana: Plains (373) - {T}: Add {W}.
Add To Stack: Ai(4)-mm-giada-angels cast Folk Hero
Resolve Stack: Folk Hero
Mana: Plains (380) - {T}: Add {W}.
Mana: Plains (372) - {T}: Add {W}.
Add To Stack: Ai(4)-mm-giada-angels cast Luminarch Ascension
Resolve Stack: Luminarch Ascension
Phase: Ai(4)-mm-giada-angels' End step
Phase: Ai(4)-mm-giada-angels' Cleanup step
Turn: Turn 27 (Ai(1)-mm-baylen-tokens)
Phase: Ai(1)-mm-baylen-tokens' Untap step
Phase: Ai(1)-mm-baylen-tokens' Upkeep step
Phase: Ai(1)-mm-baylen-tokens' Draw step
Phase: Ai(1)-mm-baylen-tokens' Main phase, precombat
Land: Ai(1)-mm-baylen-tokens played Exotic Orchard (31)
Mana: Plains (88) - {T}: Add {W}.
Mana: Reliquary Tower (74) - {T}: Add {C}.
Add To Stack: Ai(1)-mm-baylen-tokens cast Hare Apparent
Replacement Effect: Artifacts and creatures your opponents control enter tapped.
Resolve Stack: Hare Apparent - Creature 2 / 2
Add To Stack: Ai(1)-mm-baylen-tokens triggered Hare Apparent
Resolve Stack: When this creature enters, create a number of 1/1 white Rabbit creature tokens equal to the number of other creatures you control named Hare Apparent. [Zone Changer: Hare Apparent (56)]
Phase: Ai(1)-mm-baylen-tokens' Beginning of Combat Step
Phase: Ai(1)-mm-baylen-tokens' Declare Attackers Step
Phase: Ai(1)-mm-baylen-tokens' Declare Blockers Step
Phase: Ai(1)-mm-baylen-tokens' First Strike Damage Step
Phase: Ai(1)-mm-baylen-tokens' Combat Damage Step
Phase: Ai(1)-mm-baylen-tokens' End of Combat Step
Phase: Ai(1)-mm-baylen-tokens' Main phase, postcombat
Mana: Exotic Orchard (31) - {T}: Add one mana of any color that a land an opponent controls could produce.
Mana: Plains (85) - {T}: Add {W}.
Mana: Temple Garden (75) - {T}: Add {G}.
Add To Stack: Ai(1)-mm-baylen-tokens cast Cadira, Caller of the Small
Replacement Effect: Artifacts and creatures your opponents control enter tapped.
Resolve Stack: Cadira, Caller of the Small - Creature 3 / 3
Phase: Ai(1)-mm-baylen-tokens' End step
Add To Stack: Ai(4)-mm-giada-angels triggered Luminarch Ascension
Resolve Stack: At the beginning of each opponent's end step, if you didn't lose life this turn, you may put a quest counter on Luminarch Ascension. (Damage causes loss of life.) [Phase: Ai(1)-mm-baylen-tokens]
Phase: Ai(1)-mm-baylen-tokens' Cleanup step
Turn: Turn 28 (Ai(2)-mm-sythis-enchantress)
Phase: Ai(2)-mm-sythis-enchantress' Untap step
Phase: Ai(2)-mm-sythis-enchantress' Upkeep step
Phase: Ai(2)-mm-sythis-enchantress' Draw step
Mana: Plains (192) - {T}: Add {W}.
Add To Stack: Ai(2)-mm-sythis-enchantress cast Swords to Plowshares targeting [Lyra Dawnbringer (361)]
Add To Stack: Ai(2)-mm-sythis-enchantress triggered Blind Obedience
Mana: Plains (189) - {T}: Add {W}.
Life: Life: Ai(4)-mm-giada-angels 77 > 76
Life: Life: Ai(1)-mm-baylen-tokens 14 > 13
Life: Life: Ai(2)-mm-sythis-enchantress 40 > 42
Resolve Stack: Extort (Whenever you cast a spell, you may pay {W/B}. If you do, each opponent loses 1 life and you gain that much life.) [Card: Swords to Plowshares (160), Activator: Ai(2)-mm-sythis-enchantress, SpellAbility: Exile target creature. Its controller gains life equal to its power.]
Add To Stack: Ai(2)-mm-sythis-enchantress triggered Heliod, Sun-Crowned targeting [Heliod, Sun-Crowned (196)]
Resolve Stack: Whenever you gain life, put a +1/+1 counter on target creature or enchantment you control. (Targeting: [[Heliod, Sun-Crowned (196)]]) [Player: Ai(2)-mm-sythis-enchantress, Gained Amount: 2]
Zone Change: Lyra Dawnbringer (361) was put into Exile from Battlefield.
Replacement Effect: If you would gain life, you gain that much life plus 1 instead.
Life: Life: Ai(4)-mm-giada-angels 76 > 87
Resolve Stack: Swords to Plowshares (160) - Exile Lyra Dawnbringer (361). Ai(4)-mm-giada-angels gains life equal to its power.
Phase: Ai(2)-mm-sythis-enchantress' Main phase, precombat
Phase: Ai(2)-mm-sythis-enchantress' Beginning of Combat Step
Phase: Ai(2)-mm-sythis-enchantress' Declare Attackers Step
Combat: Ai(2)-mm-sythis-enchantress assigned Heliod, Sun-Crowned (196) to attack Ai(4)-mm-giada-angels.
Phase: Ai(2)-mm-sythis-enchantress' Declare Blockers Step
Combat: Ai(4)-mm-giada-angels didn't block Heliod, Sun-Crowned (196).
Phase: Ai(2)-mm-sythis-enchantress' First Strike Damage Step
Phase: Ai(2)-mm-sythis-enchantress' Combat Damage Step
Damage: Heliod, Sun-Crowned (196) deals 6 combat damage to Ai(4)-mm-giada-angels.
Life: Life: Ai(4)-mm-giada-angels 87 > 81
Phase: Ai(2)-mm-sythis-enchantress' End of Combat Step
Phase: Ai(2)-mm-sythis-enchantress' Main phase, postcombat
Phase: Ai(2)-mm-sythis-enchantress' End step
Phase: Ai(2)-mm-sythis-enchantress' Cleanup step
Turn: Turn 29 (Ai(4)-mm-giada-angels)
Phase: Ai(4)-mm-giada-angels' Untap step
Phase: Ai(4)-mm-giada-angels' Upkeep step
Phase: Ai(4)-mm-giada-angels' Draw step
Phase: Ai(4)-mm-giada-angels' Main phase, precombat
Replacement Effect: As Cavern of Souls enters, choose a creature type.
Land: Ai(4)-mm-giada-angels played Cavern of Souls (359)
Phase: Ai(4)-mm-giada-angels' Beginning of Combat Step
Phase: Ai(4)-mm-giada-angels' Declare Attackers Step
Combat: Ai(4)-mm-giada-angels assigned Angel of Vitality (322), Youthful Valkyrie (346), Righteous Valkyrie (305), Starnheim Aspirant (349), Giada, Font of Hope (403) and Bird Token (507) to attack Ai(1)-mm-baylen-tokens.
Phase: Ai(4)-mm-giada-angels' Declare Blockers Step
Combat: Ai(1)-mm-baylen-tokens didn't block Angel of Vitality (322).
Ai(1)-mm-baylen-tokens didn't block Youthful Valkyrie (346).
Ai(1)-mm-baylen-tokens didn't block Righteous Valkyrie (305).
Ai(1)-mm-baylen-tokens assigned Rosie Cotton of South Lane (37) and Saproling Token (640) to block Starnheim Aspirant (349).
Ai(1)-mm-baylen-tokens didn't block Giada, Font of Hope (403).
Ai(1)-mm-baylen-tokens didn't block Bird Token (507).
Phase: Ai(4)-mm-giada-angels' First Strike Damage Step
Phase: Ai(4)-mm-giada-angels' Combat Damage Step
Damage: Angel of Vitality (322) deals 9 combat damage to Ai(1)-mm-baylen-tokens.
Damage: Youthful Valkyrie (346) deals 7 combat damage to Ai(1)-mm-baylen-tokens.
Damage: Righteous Valkyrie (305) deals 6 combat damage to Ai(1)-mm-baylen-tokens.
Damage: Starnheim Aspirant (349) deals 3 damage to Saproling Token (640).
Damage: Starnheim Aspirant (349) deals 1 damage to Rosie Cotton of South Lane (37).
Damage: Giada, Font of Hope (403) deals 4 combat damage to Ai(1)-mm-baylen-tokens.
Damage: Bird Token (507) deals 3 combat damage to Ai(1)-mm-baylen-tokens.
Damage: Rosie Cotton of South Lane (37) deals 1 damage to Starnheim Aspirant (349).
Damage: Saproling Token (640) deals 3 damage to Starnheim Aspirant (349).
Life: Life: Ai(1)-mm-baylen-tokens 13 > -16
Zone Change: Starnheim Aspirant (349) was put into Graveyard from Battlefield.
Phase: Ai(4)-mm-giada-angels' End of Combat Step
Phase: Ai(4)-mm-giada-angels' Main phase, postcombat
Phase: Ai(4)-mm-giada-angels' End step
Phase: Ai(4)-mm-giada-angels' Cleanup step
Turn: Turn 30 (Ai(2)-mm-sythis-enchantress)
Phase: Ai(2)-mm-sythis-enchantress' Untap step
Phase: Ai(2)-mm-sythis-enchantress' Upkeep step
Phase: Ai(2)-mm-sythis-enchantress' Draw step
Phase: Ai(2)-mm-sythis-enchantress' Main phase, precombat
Phase: Ai(2)-mm-sythis-enchantress' Beginning of Combat Step
Phase: Ai(2)-mm-sythis-enchantress' Declare Attackers Step
Combat: Ai(2)-mm-sythis-enchantress assigned Heliod, Sun-Crowned (196) to attack Ai(4)-mm-giada-angels.
Phase: Ai(2)-mm-sythis-enchantress' Declare Blockers Step
Combat: Ai(4)-mm-giada-angels didn't block Heliod, Sun-Crowned (196).
Phase: Ai(2)-mm-sythis-enchantress' First Strike Damage Step
Phase: Ai(2)-mm-sythis-enchantress' Combat Damage Step
Damage: Heliod, Sun-Crowned (196) deals 6 combat damage to Ai(4)-mm-giada-angels.
Life: Life: Ai(4)-mm-giada-angels 81 > 75
Phase: Ai(2)-mm-sythis-enchantress' End of Combat Step
Phase: Ai(2)-mm-sythis-enchantress' Main phase, postcombat
Phase: Ai(2)-mm-sythis-enchantress' End step
Phase: Ai(2)-mm-sythis-enchantress' Cleanup step
Turn: Turn 31 (Ai(4)-mm-giada-angels)
Phase: Ai(4)-mm-giada-angels' Untap step
Phase: Ai(4)-mm-giada-angels' Upkeep step
Phase: Ai(4)-mm-giada-angels' Draw step
Phase: Ai(4)-mm-giada-angels' Main phase, precombat
Mana: Plains (383) - {T}: Add {W}.
Mana: Plains (396) - {T}: Add {W}.
Mana: Plains (382) - {T}: Add {W}.
Mana: Plains (376) - {T}: Add {W}.
Mana: Plains (373) - {T}: Add {W}.
Mana: Plains (380) - {T}: Add {W}.
Mana: Plains (372) - {T}: Add {W}.
Add To Stack: Ai(4)-mm-giada-angels cast Serra's Emissary
Add To Stack: Ai(4)-mm-giada-angels triggered Giada, Font of Hope
Resolve Stack: Whenever you cast a spell that shares a creature type with this creature, draw a card. This ability triggers only once each turn. [Card: Serra's Emissary (364), Activator: Ai(4)-mm-giada-angels, SpellAbility: Serra's Emissary - Creature 7 / 7]
Replacement Effect: Artifacts and creatures your opponents control enter tapped.
Replacement Effect: Each other Angel you control enters with an additional +1/+1 counter on it for each Angel you already control.
Replacement Effect: As Serra's Emissary enters, choose a card type.
Resolve Stack: Serra's Emissary - Creature 7 / 7
Add To Stack: Ai(4)-mm-giada-angels triggered Righteous Valkyrie
Add To Stack: Ai(4)-mm-giada-angels triggered Youthful Valkyrie
Resolve Stack: Whenever another Angel you control enters, put a +1/+1 counter on Youthful Valkyrie. [Zone Changer: Serra's Emissary (364)]
Replacement Effect: If you would gain life, you gain that much life plus 1 instead.
Life: Life: Ai(4)-mm-giada-angels 75 > 89
Resolve Stack: Whenever another Angel or Cleric you control enters, you gain life equal to that creature's toughness. [Zone Changer: Serra's Emissary (364)]
Phase: Ai(4)-mm-giada-angels' Beginning of Combat Step
Phase: Ai(4)-mm-giada-angels' Declare Attackers Step
Combat: Ai(4)-mm-giada-angels assigned Angel of Vitality (322), Youthful Valkyrie (346), Righteous Valkyrie (305), Bird Token (507) and Giada, Font of Hope (403) to attack Ai(2)-mm-sythis-enchantress.
Phase: Ai(4)-mm-giada-angels' Declare Blockers Step
Combat: Ai(2)-mm-sythis-enchantress didn't block Angel of Vitality (322).
Ai(2)-mm-sythis-enchantress didn't block Youthful Valkyrie (346).
Ai(2)-mm-sythis-enchantress didn't block Righteous Valkyrie (305).
Ai(2)-mm-sythis-enchantress didn't block Bird Token (507).
Ai(2)-mm-sythis-enchantress didn't block Giada, Font of Hope (403).
Phase: Ai(4)-mm-giada-angels' First Strike Damage Step
Phase: Ai(4)-mm-giada-angels' Combat Damage Step
Damage: Angel of Vitality (322) deals 9 combat damage to Ai(2)-mm-sythis-enchantress.
Damage: Youthful Valkyrie (346) deals 8 combat damage to Ai(2)-mm-sythis-enchantress.
Damage: Righteous Valkyrie (305) deals 6 combat damage to Ai(2)-mm-sythis-enchantress.
Damage: Bird Token (507) deals 3 combat damage to Ai(2)-mm-sythis-enchantress.
Damage: Giada, Font of Hope (403) deals 4 combat damage to Ai(2)-mm-sythis-enchantress.
Life: Life: Ai(2)-mm-sythis-enchantress 42 > 12
Phase: Ai(4)-mm-giada-angels' End of Combat Step
Phase: Ai(4)-mm-giada-angels' Main phase, postcombat
Phase: Ai(4)-mm-giada-angels' End step
Phase: Ai(4)-mm-giada-angels' Cleanup step
Turn: Turn 32 (Ai(2)-mm-sythis-enchantress)
Phase: Ai(2)-mm-sythis-enchantress' Untap step
Phase: Ai(2)-mm-sythis-enchantress' Upkeep step
Phase: Ai(2)-mm-sythis-enchantress' Draw step
Phase: Ai(2)-mm-sythis-enchantress' Main phase, precombat
Land: Ai(2)-mm-sythis-enchantress played Plains (185)
Phase: Ai(2)-mm-sythis-enchantress' Beginning of Combat Step
Phase: Ai(2)-mm-sythis-enchantress' Declare Attackers Step
Phase: Ai(2)-mm-sythis-enchantress' Declare Blockers Step
Phase: Ai(2)-mm-sythis-enchantress' First Strike Damage Step
Phase: Ai(2)-mm-sythis-enchantress' Combat Damage Step
Phase: Ai(2)-mm-sythis-enchantress' End of Combat Step
Phase: Ai(2)-mm-sythis-enchantress' Main phase, postcombat
Phase: Ai(2)-mm-sythis-enchantress' End step
Add To Stack: Ai(4)-mm-giada-angels triggered Luminarch Ascension
Resolve Stack: At the beginning of each opponent's end step, if you didn't lose life this turn, you may put a quest counter on Luminarch Ascension. (Damage causes loss of life.) [Phase: Ai(2)-mm-sythis-enchantress]
Phase: Ai(2)-mm-sythis-enchantress' Cleanup step
Turn: Turn 33 (Ai(4)-mm-giada-angels)
Phase: Ai(4)-mm-giada-angels' Untap step
Phase: Ai(4)-mm-giada-angels' Upkeep step
Phase: Ai(4)-mm-giada-angels' Draw step
Phase: Ai(4)-mm-giada-angels' Main phase, precombat
Phase: Ai(4)-mm-giada-angels' Beginning of Combat Step
Phase: Ai(4)-mm-giada-angels' Declare Attackers Step
Combat: Ai(4)-mm-giada-angels assigned Serra's Emissary (364), Angel of Vitality (322), Youthful Valkyrie (346), Righteous Valkyrie (305), Giada, Font of Hope (403) and Bird Token (507) to attack Ai(2)-mm-sythis-enchantress.
Phase: Ai(4)-mm-giada-angels' Declare Blockers Step
Combat: Ai(2)-mm-sythis-enchantress didn't block Serra's Emissary (364).
Ai(2)-mm-sythis-enchantress didn't block Angel of Vitality (322).
Ai(2)-mm-sythis-enchantress didn't block Youthful Valkyrie (346).
Ai(2)-mm-sythis-enchantress didn't block Righteous Valkyrie (305).
Ai(2)-mm-sythis-enchantress didn't block Giada, Font of Hope (403).
Ai(2)-mm-sythis-enchantress didn't block Bird Token (507).
Phase: Ai(4)-mm-giada-angels' First Strike Damage Step
Phase: Ai(4)-mm-giada-angels' Combat Damage Step
Damage: Serra's Emissary (364) deals 13 combat damage to Ai(2)-mm-sythis-enchantress.
Damage: Angel of Vitality (322) deals 9 combat damage to Ai(2)-mm-sythis-enchantress.
Damage: Youthful Valkyrie (346) deals 8 combat damage to Ai(2)-mm-sythis-enchantress.
Damage: Righteous Valkyrie (305) deals 6 combat damage to Ai(2)-mm-sythis-enchantress.
Damage: Giada, Font of Hope (403) deals 4 combat damage to Ai(2)-mm-sythis-enchantress.
Damage: Bird Token (507) deals 3 combat damage to Ai(2)-mm-sythis-enchantress.
Life: Life: Ai(2)-mm-sythis-enchantress 12 > -31
Player Control: Ai(1)-mm-baylen-tokens has restored control over themself
Player Control: Ai(2)-mm-sythis-enchantress has restored control over themself
Player Control: Ai(3)-mm-talrand-spells has restored control over themself
Player Control: Ai(4)-mm-giada-angels has restored control over themself
Game Outcome: Turn 17
Game Outcome: Ai(1)-mm-baylen-tokens has lost because life total reached 0
Game Outcome: Ai(2)-mm-sythis-enchantress has lost because life total reached 0
Game Outcome: Ai(3)-mm-talrand-spells has lost because life total reached 0
Game Outcome: Ai(4)-mm-giada-angels has won because all opponents have lost
Match Result: Ai(1)-mm-baylen-tokens: 0 Ai(2)-mm-sythis-enchantress: 0 Ai(3)-mm-talrand-spells: 0 Ai(4)-mm-giada-angels: 1 

Game Result: Game 1 ended in 50773 ms. Ai(4)-mm-giada-angels has won!

Warning: default (ie. inherited from base class) implementation of confirmAction is used by Sythis, Harvest's Hand for forge.ai.ability.PermanentCreatureAi. Consider declaring an overloaded method
java.util.concurrent.TimeoutException
	at java.base/java.util.concurrent.FutureTask.get(FutureTask.java:204)
	at forge.ai.AiController.chooseSpellAbilityToPlayFromList(AiController.java:1696)
	at forge.ai.AiController.getSpellAbilityToPlay(AiController.java:1583)
	at forge.ai.AiController.chooseSpellAbilityToPlay(AiController.java:1403)
	at forge.ai.PlayerControllerAi.chooseSpellAbilityToPlay(PlayerControllerAi.java:832)
	at forge.game.phase.PhaseHandler.mainLoopStep(PhaseHandler.java:1056)
	at forge.game.phase.PhaseHandler.mainGameLoop(PhaseHandler.java:1035)
	at forge.game.phase.PhaseHandler.startFirstTurn(PhaseHandler.java:1029)
	at forge.game.GameAction.startGame(GameAction.java:2373)
	at forge.game.Match.startGame(Match.java:92)
	at forge.game.Match.startGame(Match.java:77)
	at forge.view.SimulateMatch.lambda$simulateSingleMatch$0(SimulateMatch.java:213)
	at forge.view.TimeLimitedCodeBlock.lambda$runWithTimeout$0(TimeLimitedCodeBlock.java:18)
	at java.base/java.util.concurrent.FutureTask.run(FutureTask.java:317)
	at java.base/java.util.concurrent.ThreadPoolExecutor.runWorker(ThreadPoolExecutor.java:1144)
	at java.base/java.util.concurrent.ThreadPoolExecutor$Worker.run(ThreadPoolExecutor.java:642)
	at java.base/java.lang.Thread.run(Thread.java:1583)
AI eval thread at timeout:
	at forge.game.card.Card.updateReplacementEffects(Card.java:7066)
	at forge.game.card.CardState.getReplacementEffects(CardState.java:754)
	at forge.game.card.CardState.getReplacementEffects(CardState.java:723)
	at forge.game.card.Card.getReplacementEffects(Card.java:7055)
	at forge.game.replacement.ReplacementHandler.lambda$getReplacementList$0(ReplacementHandler.java:134)
	at forge.util.Visitor.visitAll(Visitor.java:16)
	at forge.game.Game.forEachCardInGame(Game.java:760)
	at forge.game.replacement.ReplacementHandler.getReplacementList(ReplacementHandler.java:102)
	at forge.game.replacement.ReplacementHandler.cantHappenCheck(ReplacementHandler.java:174)
	at forge.game.card.Card.canTap(Card.java:4696)
	at forge.game.card.Card.canTap(Card.java:4688)
	at java.base/java.util.stream.ReferencePipeline$2$1.accept(ReferencePipeline.java:178)
	at java.base/java.util.Spliterators$IteratorSpliterator.tryAdvance(Spliterators.java:1950)
	at java.base/java.util.stream.StreamSpliterators$WrappingSpliterator.lambda$initPartialTraversalState$0(StreamSpliterators.java:292)
	at java.base/java.util.stream.StreamSpliterators$AbstractWrappingSpliterator.fillBuffer(StreamSpliterators.java:206)
	at java.base/java.util.stream.StreamSpliterators$AbstractWrappingSpliterator.doAdvance(StreamSpliterators.java:169)
	at java.base/java.util.stream.StreamSpliterators$WrappingSpliterator.tryAdvance(StreamSpliterators.java:298)
	at java.base/java.util.Spliterators$1Adapter.hasNext(Spliterators.java:681)
	at forge.util.collect.FCollection.addAll(FCollection.java:345)
	at forge.util.collect.FCollection.<init>(FCollection.java:103)
	at forge.game.card.CardCollection.<init>(CardCollection.java:118)
	at forge.game.card.CardLists.filter(CardLists.java:331)
	at forge.game.cost.CostTapType.canPay(CostTapType.java:171)
	at forge.game.cost.Cost.canPay(Cost.java:1085)
	at forge.game.cost.CostPayment.canPayAdditionalCosts(CostPayment.java:104)
	at forge.game.cost.CostPayment.canPayAdditionalCosts(CostPayment.java:96)
	at forge.game.spellability.AbilityActivated.canPlay(AbilityActivated.java:103)
	at forge.ai.ComputerUtilMana.getAvailableManaEstimate(ComputerUtilMana.java:1305)
	at forge.ai.ComputerUtilMana.getAvailableManaEstimate(ComputerUtilMana.java:1289)
	at forge.ai.AiBlockController.removeUnpayableBlocks(AiBlockController.java:1365)
java.util.concurrent.TimeoutException
	at java.base/java.util.concurrent.FutureTask.get(FutureTask.java:204)
	at forge.ai.AiController.chooseSpellAbilityToPlayFromList(AiController.java:1696)
	at forge.ai.AiController.getSpellAbilityToPlay(AiController.java:1583)
	at forge.ai.AiController.chooseSpellAbilityToPlay(AiController.java:1403)
	at forge.ai.PlayerControllerAi.chooseSpellAbilityToPlay(PlayerControllerAi.java:832)
	at forge.game.phase.PhaseHandler.mainLoopStep(PhaseHandler.java:1056)
	at forge.game.phase.PhaseHandler.mainGameLoop(PhaseHandler.java:1035)
	at forge.game.phase.PhaseHandler.startFirstTurn(PhaseHandler.java:1029)
	at forge.game.GameAction.startGame(GameAction.java:2373)
	at forge.game.Match.startGame(Match.java:92)
	at forge.game.Match.startGame(Match.java:77)
	at forge.view.SimulateMatch.lambda$simulateSingleMatch$0(SimulateMatch.java:213)
	at forge.view.TimeLimitedCodeBlock.lambda$runWithTimeout$0(TimeLimitedCodeBlock.java:18)
	at java.base/java.util.concurrent.FutureTask.run(FutureTask.java:317)
	at java.base/java.util.concurrent.ThreadPoolExecutor.runWorker(ThreadPoolExecutor.java:1144)
	at java.base/java.util.concurrent.ThreadPoolExecutor$Worker.run(ThreadPoolExecutor.java:642)
	at java.base/java.lang.Thread.run(Thread.java:1583)
AI eval thread at timeout:
	at forge.game.card.Card.updateReplacementEffects(Card.java:7066)
	at forge.game.card.CardState.getReplacementEffects(CardState.java:754)
	at forge.game.card.CardState.getReplacementEffects(CardState.java:723)
	at forge.game.card.Card.getReplacementEffects(Card.java:7055)
	at forge.game.replacement.ReplacementHandler.lambda$getReplacementList$0(ReplacementHandler.java:134)
	at forge.util.Visitor.visitAll(Visitor.java:16)
	at forge.game.Game.forEachCardInGame(Game.java:757)
	at forge.game.replacement.ReplacementHandler.getReplacementList(ReplacementHandler.java:102)
	at forge.game.replacement.ReplacementHandler.cantHappenCheck(ReplacementHandler.java:174)
	at forge.game.card.Card.canUntap(Card.java:4745)
	at forge.ai.CreatureEvaluator.evaluateCreature(CreatureEvaluator.java:216)
	at forge.ai.CreatureEvaluator.evaluateCreature(CreatureEvaluator.java:27)
	at forge.ai.ComputerUtilCard.evaluateCreature(ComputerUtilCard.java:759)
	at forge.ai.AiBlockController.makeGangBlocks(AiBlockController.java:517)
	at forge.ai.AiBlockController.assignBlockers(AiBlockController.java:1084)
	at forge.ai.AiBlockController.assignBlockersForCombat(AiBlockController.java:1014)
	at forge.ai.ComputerUtil.predictNextCombatsRemainingLife(ComputerUtil.java:3214)
	at forge.ai.ComputerUtil.predictNextCombatsRemainingLife(ComputerUtil.java:3179)
	at forge.ai.AiAttackController.notNeededAsBlockers(AiAttackController.java:426)
	at forge.ai.AiAttackController.declareAttackers(AiAttackController.java:1279)
	at forge.ai.AiController.getPredictedCombat(AiController.java:145)
	at forge.ai.ComputerUtilCard.doesCreatureAttackAI(ComputerUtilCard.java:806)
	at forge.ai.ComputerUtilCard.shouldPumpCard(ComputerUtilCard.java:1557)
	at forge.ai.ComputerUtilCard.shouldPumpCard(ComputerUtilCard.java:1446)
	at forge.ai.ability.CountersPutAi.checkApiLogic(CountersPutAi.java:627)
	at forge.ai.SpellAbilityAi.canPlayWithoutRestrict(SpellAbilityAi.java:98)
	at forge.ai.SpellAbilityAi.canPlay(SpellAbilityAi.java:76)
	at forge.ai.SpellAbilityAi.canPlayWithSubs(SpellAbilityAi.java:55)
	at forge.ai.AiController.canPlaySa(AiController.java:909)
	at forge.ai.AiController.canPlayAndPayForFace(AiController.java:855)
java.util.concurrent.TimeoutException
	at java.base/java.util.concurrent.FutureTask.get(FutureTask.java:204)
	at forge.ai.AiController.chooseSpellAbilityToPlayFromList(AiController.java:1696)
	at forge.ai.AiController.getSpellAbilityToPlay(AiController.java:1583)
	at forge.ai.AiController.chooseSpellAbilityToPlay(AiController.java:1403)
	at forge.ai.PlayerControllerAi.chooseSpellAbilityToPlay(PlayerControllerAi.java:832)
	at forge.game.phase.PhaseHandler.mainLoopStep(PhaseHandler.java:1056)
	at forge.game.phase.PhaseHandler.mainGameLoop(PhaseHandler.java:1035)
	at forge.game.phase.PhaseHandler.startFirstTurn(PhaseHandler.java:1029)
	at forge.game.GameAction.startGame(GameAction.java:2373)
	at forge.game.Match.startGame(Match.java:92)
	at forge.game.Match.startGame(Match.java:77)
	at forge.view.SimulateMatch.lambda$simulateSingleMatch$0(SimulateMatch.java:213)
	at forge.view.TimeLimitedCodeBlock.lambda$runWithTimeout$0(TimeLimitedCodeBlock.java:18)
	at java.base/java.util.concurrent.FutureTask.run(FutureTask.java:317)
	at java.base/java.util.concurrent.ThreadPoolExecutor.runWorker(ThreadPoolExecutor.java:1144)
	at java.base/java.util.concurrent.ThreadPoolExecutor$Worker.run(ThreadPoolExecutor.java:642)
	at java.base/java.lang.Thread.run(Thread.java:1583)
AI eval thread at timeout:
	at forge.game.card.Card.updateReplacementEffects(Card.java:7066)
	at forge.game.card.CardState.getReplacementEffects(CardState.java:754)
	at forge.game.card.CardState.getReplacementEffects(CardState.java:723)
	at forge.game.card.Card.getReplacementEffects(Card.java:7055)
	at forge.game.replacement.ReplacementHandler.lambda$getReplacementList$0(ReplacementHandler.java:134)
	at forge.util.Visitor.visitAll(Visitor.java:16)
	at forge.game.Game.forEachCardInGame(Game.java:757)
	at forge.game.replacement.ReplacementHandler.getReplacementList(ReplacementHandler.java:102)
	at forge.game.replacement.ReplacementHandler.cantHappenCheck(ReplacementHandler.java:174)
	at forge.game.card.Card.canUntap(Card.java:4745)
	at forge.ai.CreatureEvaluator.evaluateCreature(CreatureEvaluator.java:216)
	at forge.ai.ComputerUtilCard.evaluateCreature(ComputerUtilCard.java:762)
	at forge.ai.AiBlockController.wouldLikeToRandomlyTrade(AiBlockController.java:1329)
	at forge.ai.AiBlockController.lambda$makeGangBlocks$3(AiBlockController.java:447)
	at java.base/java.util.stream.ReferencePipeline$2$1.accept(ReferencePipeline.java:178)
	at java.base/java.util.ArrayList$ArrayListSpliterator.tryAdvance(ArrayList.java:1685)
	at java.base/java.util.stream.StreamSpliterators$WrappingSpliterator.lambda$initPartialTraversalState$0(StreamSpliterators.java:292)
	at java.base/java.util.stream.StreamSpliterators$AbstractWrappingSpliterator.fillBuffer(StreamSpliterators.java:206)
	at java.base/java.util.stream.StreamSpliterators$AbstractWrappingSpliterator.doAdvance(StreamSpliterators.java:169)
	at java.base/java.util.stream.StreamSpliterators$WrappingSpliterator.tryAdvance(StreamSpliterators.java:298)
	at java.base/java.util.Spliterators$1Adapter.hasNext(Spliterators.java:681)
	at forge.util.collect.FCollection.addAll(FCollection.java:345)
	at forge.util.collect.FCollection.<init>(FCollection.java:103)
	at forge.game.card.CardCollection.<init>(CardCollection.java:118)
	at forge.game.card.CardLists.filter(CardLists.java:331)
	at forge.ai.AiBlockController.makeGangBlocks(AiBlockController.java:442)
	at forge.ai.AiBlockController.assignBlockers(AiBlockController.java:1084)
	at forge.ai.AiBlockController.assignBlockersForCombat(AiBlockController.java:1014)
	at forge.ai.ComputerUtil.predictNextCombatsRemainingLife(ComputerUtil.java:3214)
	at forge.ai.ComputerUtil.predictNextCombatsRemainingLife(ComputerUtil.java:3179)
java.util.concurrent.TimeoutException
	at java.base/java.util.concurrent.FutureTask.get(FutureTask.java:204)
	at forge.ai.AiController.chooseSpellAbilityToPlayFromList(AiController.java:1696)
	at forge.ai.AiController.getSpellAbilityToPlay(AiController.java:1583)
	at forge.ai.AiController.chooseSpellAbilityToPlay(AiController.java:1403)
	at forge.ai.PlayerControllerAi.chooseSpellAbilityToPlay(PlayerControllerAi.java:832)
	at forge.game.phase.PhaseHandler.mainLoopStep(PhaseHandler.java:1056)
	at forge.game.phase.PhaseHandler.mainGameLoop(PhaseHandler.java:1035)
	at forge.game.phase.PhaseHandler.startFirstTurn(PhaseHandler.java:1029)
	at forge.game.GameAction.startGame(GameAction.java:2373)
	at forge.game.Match.startGame(Match.java:92)
	at forge.game.Match.startGame(Match.java:77)
	at forge.view.SimulateMatch.lambda$simulateSingleMatch$0(SimulateMatch.java:213)
	at forge.view.TimeLimitedCodeBlock.lambda$runWithTimeout$0(TimeLimitedCodeBlock.java:18)
	at java.base/java.util.concurrent.FutureTask.run(FutureTask.java:317)
	at java.base/java.util.concurrent.ThreadPoolExecutor.runWorker(ThreadPoolExecutor.java:1144)
	at java.base/java.util.concurrent.ThreadPoolExecutor$Worker.run(ThreadPoolExecutor.java:642)
	at java.base/java.lang.Thread.run(Thread.java:1583)
AI eval thread at timeout:
	at java.base/java.util.HashMap.resize(HashMap.java:741)
	at java.base/java.util.HashMap.putVal(HashMap.java:669)
	at java.base/java.util.HashMap.put(HashMap.java:618)
	at java.base/java.util.HashSet.add(HashSet.java:229)
	at forge.util.collect.FCollection.add(FCollection.java:273)
	at forge.util.collect.FCollection.addAll(FCollection.java:346)
	at forge.util.collect.FCollection.addAll(FCollection.java:325)
	at forge.game.player.PlayerCollection.getCardsIn(PlayerCollection.java:33)
	at forge.game.Game.getCardsIn(Game.java:610)
	at forge.game.Game.getCardsIn(Game.java:628)
	at forge.game.staticability.StaticAbilityCantAttackBlock.getMinMaxBlocker(StaticAbilityCantAttackBlock.java:410)
	at forge.game.combat.CombatUtil.canBeBlocked(CombatUtil.java:522)
	at forge.game.combat.CombatUtil.canBlock(CombatUtil.java:915)
	at forge.ai.AiBlockController.getPossibleBlockers(AiBlockController.java:87)
	at forge.ai.AiBlockController.makeGangBlocks(AiBlockController.java:379)
	at forge.ai.AiBlockController.assignBlockers(AiBlockController.java:1084)
	at forge.ai.AiBlockController.assignBlockersForCombat(AiBlockController.java:1014)
	at forge.ai.ComputerUtil.predictNextCombatsRemainingLife(ComputerUtil.java:3214)
	at forge.ai.ComputerUtil.predictNextCombatsRemainingLife(ComputerUtil.java:3179)
	at forge.ai.AiAttackController.notNeededAsBlockers(AiAttackController.java:426)
	at forge.ai.AiAttackController.declareAttackers(AiAttackController.java:1279)
	at forge.ai.AiController.getPredictedCombat(AiController.java:145)
	at forge.ai.ComputerUtilCard.doesCreatureAttackAI(ComputerUtilCard.java:806)
	at forge.ai.ComputerUtilCard.shouldPumpCard(ComputerUtilCard.java:1557)
	at forge.ai.ComputerUtilCard.shouldPumpCard(ComputerUtilCard.java:1446)
	at forge.ai.ability.CountersPutAi.checkApiLogic(CountersPutAi.java:627)
	at forge.ai.SpellAbilityAi.canPlayWithoutRestrict(SpellAbilityAi.java:98)
	at forge.ai.SpellAbilityAi.canPlay(SpellAbilityAi.java:76)
	at forge.ai.SpellAbilityAi.canPlayWithSubs(SpellAbilityAi.java:55)
	at forge.ai.AiController.canPlaySa(AiController.java:909)
Warning: default (ie. inherited from base class) implementation of confirmAction is used by Baylen, the Haymaker for forge.ai.ability.PermanentCreatureAi. Consider declaring an overloaded method
Warning: default (ie. inherited from base class) implementation of confirmAction is used by Talrand, Sky Summoner for forge.ai.ability.PermanentCreatureAi. Consider declaring an overloaded method
Warning: default (ie. inherited from base class) implementation of confirmAction is used by Sythis, Harvest's Hand for forge.ai.ability.PermanentCreatureAi. Consider declaring an overloaded method
Warning: default (ie. inherited from base class) implementation of confirmAction is used by Sythis, Harvest's Hand for forge.ai.ability.PermanentCreatureAi. Consider declaring an overloaded method
Warning: default (ie. inherited from base class) implementation of confirmAction is used by Giada, Font of Hope for forge.ai.ability.PermanentCreatureAi. Consider declaring an overloaded method
Warning: default (ie. inherited from base class) implementation of confirmAction is used by Giada, Font of Hope for forge.ai.ability.PermanentCreatureAi. Consider declaring an overloaded method
Mulligan: Ai(3)-mm-talrand-spells has mulliganed down to 7 cards.
Mulligan: Ai(3)-mm-talrand-spells has mulliganed down to 6 cards.
Mulligan: Ai(1)-mm-baylen-tokens has kept a hand of 7 cards
Mulligan: Ai(2)-mm-sythis-enchantress has kept a hand of 7 cards
Mulligan: Ai(3)-mm-talrand-spells has kept a hand of 6 cards
Mulligan: Ai(4)-mm-giada-angels has kept a hand of 7 cards
Turn: Turn 1 (Ai(1)-mm-baylen-tokens)
Phase: Ai(1)-mm-baylen-tokens' Untap step
Phase: Ai(1)-mm-baylen-tokens' Upkeep step
Phase: Ai(1)-mm-baylen-tokens' Draw step
Phase: Ai(1)-mm-baylen-tokens' Main phase, precombat
Land: Ai(1)-mm-baylen-tokens played Forest (26)
Phase: Ai(1)-mm-baylen-tokens' Beginning of Combat Step
Phase: Ai(1)-mm-baylen-tokens' Declare Attackers Step
Phase: Ai(1)-mm-baylen-tokens' Declare Blockers Step
Phase: Ai(1)-mm-baylen-tokens' First Strike Damage Step
Phase: Ai(1)-mm-baylen-tokens' Combat Damage Step
Phase: Ai(1)-mm-baylen-tokens' End of Combat Step
Phase: Ai(1)-mm-baylen-tokens' Main phase, postcombat
Phase: Ai(1)-mm-baylen-tokens' End step
Phase: Ai(1)-mm-baylen-tokens' Cleanup step
Turn: Turn 2 (Ai(2)-mm-sythis-enchantress)
Phase: Ai(2)-mm-sythis-enchantress' Untap step
Phase: Ai(2)-mm-sythis-enchantress' Upkeep step
Phase: Ai(2)-mm-sythis-enchantress' Draw step
Phase: Ai(2)-mm-sythis-enchantress' Main phase, precombat
Land: Ai(2)-mm-sythis-enchantress played Sungrass Prairie (107)
Phase: Ai(2)-mm-sythis-enchantress' Beginning of Combat Step
Phase: Ai(2)-mm-sythis-enchantress' Declare Attackers Step
Phase: Ai(2)-mm-sythis-enchantress' Declare Blockers Step
Phase: Ai(2)-mm-sythis-enchantress' First Strike Damage Step
Phase: Ai(2)-mm-sythis-enchantress' Combat Damage Step
Phase: Ai(2)-mm-sythis-enchantress' End of Combat Step
Phase: Ai(2)-mm-sythis-enchantress' Main phase, postcombat
Phase: Ai(2)-mm-sythis-enchantress' End step
Phase: Ai(2)-mm-sythis-enchantress' Cleanup step
Turn: Turn 3 (Ai(3)-mm-talrand-spells)
Phase: Ai(3)-mm-talrand-spells' Untap step
Phase: Ai(3)-mm-talrand-spells' Upkeep step
Phase: Ai(3)-mm-talrand-spells' Draw step
Phase: Ai(3)-mm-talrand-spells' Main phase, precombat
Land: Ai(3)-mm-talrand-spells played Island (238)
Phase: Ai(3)-mm-talrand-spells' Beginning of Combat Step
Phase: Ai(3)-mm-talrand-spells' Declare Attackers Step
Phase: Ai(3)-mm-talrand-spells' Declare Blockers Step
Phase: Ai(3)-mm-talrand-spells' First Strike Damage Step
Phase: Ai(3)-mm-talrand-spells' Combat Damage Step
Phase: Ai(3)-mm-talrand-spells' End of Combat Step
Phase: Ai(3)-mm-talrand-spells' Main phase, postcombat
Phase: Ai(3)-mm-talrand-spells' End step
Phase: Ai(3)-mm-talrand-spells' Cleanup step
Turn: Turn 4 (Ai(4)-mm-giada-angels)
Phase: Ai(4)-mm-giada-angels' Untap step
Phase: Ai(4)-mm-giada-angels' Upkeep step
Phase: Ai(4)-mm-giada-angels' Draw step
Phase: Ai(4)-mm-giada-angels' Main phase, precombat
Land: Ai(4)-mm-giada-angels played Plains (393)
Phase: Ai(4)-mm-giada-angels' Beginning of Combat Step
Phase: Ai(4)-mm-giada-angels' Declare Attackers Step
Phase: Ai(4)-mm-giada-angels' Declare Blockers Step
Phase: Ai(4)-mm-giada-angels' First Strike Damage Step
Phase: Ai(4)-mm-giada-angels' Combat Damage Step
Phase: Ai(4)-mm-giada-angels' End of Combat Step
Phase: Ai(4)-mm-giada-angels' Main phase, postcombat
Phase: Ai(4)-mm-giada-angels' End step
Phase: Ai(4)-mm-giada-angels' Cleanup step
Turn: Turn 5 (Ai(1)-mm-baylen-tokens)
Phase: Ai(1)-mm-baylen-tokens' Untap step
Phase: Ai(1)-mm-baylen-tokens' Upkeep step
Phase: Ai(1)-mm-baylen-tokens' Draw step
Phase: Ai(1)-mm-baylen-tokens' Main phase, precombat
Replacement Effect: Rootbound Crag enters tapped unless you control a Mountain or a Forest.
Land: Ai(1)-mm-baylen-tokens played Rootbound Crag (94)
Phase: Ai(1)-mm-baylen-tokens' Beginning of Combat Step
Phase: Ai(1)-mm-baylen-tokens' Declare Attackers Step
Phase: Ai(1)-mm-baylen-tokens' Declare Blockers Step
Phase: Ai(1)-mm-baylen-tokens' First Strike Damage Step
Phase: Ai(1)-mm-baylen-tokens' Combat Damage Step
Phase: Ai(1)-mm-baylen-tokens' End of Combat Step
Phase: Ai(1)-mm-baylen-tokens' Main phase, postcombat
Phase: Ai(1)-mm-baylen-tokens' End step
Phase: Ai(1)-mm-baylen-tokens' Cleanup step
Turn: Turn 6 (Ai(2)-mm-sythis-enchantress)
Phase: Ai(2)-mm-sythis-enchantress' Untap step
Phase: Ai(2)-mm-sythis-enchantress' Upkeep step
Phase: Ai(2)-mm-sythis-enchantress' Draw step
Phase: Ai(2)-mm-sythis-enchantress' Main phase, precombat
Land: Ai(2)-mm-sythis-enchantress played Plains (184)
Phase: Ai(2)-mm-sythis-enchantress' Beginning of Combat Step
Phase: Ai(2)-mm-sythis-enchantress' Declare Attackers Step
Phase: Ai(2)-mm-sythis-enchantress' Declare Blockers Step
Phase: Ai(2)-mm-sythis-enchantress' First Strike Damage Step
Phase: Ai(2)-mm-sythis-enchantress' Combat Damage Step
Phase: Ai(2)-mm-sythis-enchantress' End of Combat Step
Phase: Ai(2)-mm-sythis-enchantress' Main phase, postcombat
Phase: Ai(2)-mm-sythis-enchantress' End step
Phase: Ai(2)-mm-sythis-enchantress' Cleanup step
Turn: Turn 7 (Ai(3)-mm-talrand-spells)
Phase: Ai(3)-mm-talrand-spells' Untap step
Phase: Ai(3)-mm-talrand-spells' Upkeep step
Phase: Ai(3)-mm-talrand-spells' Draw step
Phase: Ai(3)-mm-talrand-spells' Main phase, precombat
Land: Ai(3)-mm-talrand-spells played Island (234)
Phase: Ai(3)-mm-talrand-spells' Beginning of Combat Step
Phase: Ai(3)-mm-talrand-spells' Declare Attackers Step
Phase: Ai(3)-mm-talrand-spells' Declare Blockers Step
Phase: Ai(3)-mm-talrand-spells' First Strike Damage Step
Phase: Ai(3)-mm-talrand-spells' Combat Damage Step
Phase: Ai(3)-mm-talrand-spells' End of Combat Step
Phase: Ai(3)-mm-talrand-spells' Main phase, postcombat
Phase: Ai(3)-mm-talrand-spells' End step
Phase: Ai(3)-mm-talrand-spells' Cleanup step
Turn: Turn 8 (Ai(4)-mm-giada-angels)
Phase: Ai(4)-mm-giada-angels' Untap step
Phase: Ai(4)-mm-giada-angels' Upkeep step
Phase: Ai(4)-mm-giada-angels' Draw step
Phase: Ai(4)-mm-giada-angels' Main phase, precombat
Land: Ai(4)-mm-giada-angels played Nykthos, Shrine to Nyx (334)
Phase: Ai(4)-mm-giada-angels' Beginning of Combat Step
Phase: Ai(4)-mm-giada-angels' Declare Attackers Step
Phase: Ai(4)-mm-giada-angels' Declare Blockers Step
Phase: Ai(4)-mm-giada-angels' First Strike Damage Step
Phase: Ai(4)-mm-giada-angels' Combat Damage Step
Phase: Ai(4)-mm-giada-angels' End of Combat Step
Phase: Ai(4)-mm-giada-angels' Main phase, postcombat
Mana: Plains (393) - {T}: Add {W}.
Mana: Nykthos, Shrine to Nyx (334) - {T}: Add {C}.
Add To Stack: Ai(4)-mm-giada-angels cast Giada, Font of Hope
Resolve Stack: Giada, Font of Hope - Creature 2 / 2
Mana: Island (238) - {T}: Add {U}.
Add To Stack: Ai(3)-mm-talrand-spells cast Unsummon targeting [Giada, Font of Hope (403)]
Resolve Stack: Unsummon (287) - Return Giada, Font of Hope (403) to its owner's hand.
Phase: Ai(4)-mm-giada-angels' End step
Phase: Ai(4)-mm-giada-angels' Cleanup step
Discard: Ai(4)-mm-giada-angels discards Sephara, Sky's Blade (326).
Turn: Turn 9 (Ai(1)-mm-baylen-tokens)
Phase: Ai(1)-mm-baylen-tokens' Untap step
Phase: Ai(1)-mm-baylen-tokens' Upkeep step
Phase: Ai(1)-mm-baylen-tokens' Draw step
Phase: Ai(1)-mm-baylen-tokens' Main phase, precombat
Replacement Effect: Cinder Glade enters tapped unless you control two or more basic lands.
Land: Ai(1)-mm-baylen-tokens played Cinder Glade (11)
Phase: Ai(1)-mm-baylen-tokens' Beginning of Combat Step
Phase: Ai(1)-mm-baylen-tokens' Declare Attackers Step
Phase: Ai(1)-mm-baylen-tokens' Declare Blockers Step
Phase: Ai(1)-mm-baylen-tokens' First Strike Damage Step
Phase: Ai(1)-mm-baylen-tokens' Combat Damage Step
Phase: Ai(1)-mm-baylen-tokens' End of Combat Step
Phase: Ai(1)-mm-baylen-tokens' Main phase, postcombat
Phase: Ai(1)-mm-baylen-tokens' End step
Phase: Ai(1)-mm-baylen-tokens' Cleanup step
Turn: Turn 10 (Ai(2)-mm-sythis-enchantress)
Phase: Ai(2)-mm-sythis-enchantress' Untap step
Phase: Ai(2)-mm-sythis-enchantress' Upkeep step
Phase: Ai(2)-mm-sythis-enchantress' Draw step
Phase: Ai(2)-mm-sythis-enchantress' Main phase, precombat
Replacement Effect: Sunpetal Grove enters tapped unless you control a Forest or a Plains.
Land: Ai(2)-mm-sythis-enchantress played Sunpetal Grove (164)
Phase: Ai(2)-mm-sythis-enchantress' Beginning of Combat Step
Phase: Ai(2)-mm-sythis-enchantress' Declare Attackers Step
Phase: Ai(2)-mm-sythis-enchantress' Declare Blockers Step
Phase: Ai(2)-mm-sythis-enchantress' First Strike Damage Step
Phase: Ai(2)-mm-sythis-enchantress' Combat Damage Step
Phase: Ai(2)-mm-sythis-enchantress' End of Combat Step
Phase: Ai(2)-mm-sythis-enchantress' Main phase, postcombat
Mana: Sunpetal Grove (164) - {T}: Add {G} or {W}.
Mana: Plains (184) - {T}: Add {W}.
Add To Stack: Ai(2)-mm-sythis-enchantress cast Sythis, Harvest's Hand
Resolve Stack: Sythis, Harvest's Hand - Creature 1 / 2
Phase: Ai(2)-mm-sythis-enchantress' End step
Phase: Ai(2)-mm-sythis-enchantress' Cleanup step
Turn: Turn 11 (Ai(3)-mm-talrand-spells)
Phase: Ai(3)-mm-talrand-spells' Untap step
Phase: Ai(3)-mm-talrand-spells' Upkeep step
Phase: Ai(3)-mm-talrand-spells' Draw step
Phase: Ai(3)-mm-talrand-spells' Main phase, precombat
Land: Ai(3)-mm-talrand-spells played Island (232)
Phase: Ai(3)-mm-talrand-spells' Beginning of Combat Step
Phase: Ai(3)-mm-talrand-spells' Declare Attackers Step
Phase: Ai(3)-mm-talrand-spells' Declare Blockers Step
Phase: Ai(3)-mm-talrand-spells' First Strike Damage Step
Phase: Ai(3)-mm-talrand-spells' Combat Damage Step
Phase: Ai(3)-mm-talrand-spells' End of Combat Step
Phase: Ai(3)-mm-talrand-spells' Main phase, postcombat
Mana: Island (238) - {T}: Add {U}.
Mana: Island (234) - {T}: Add {U}.
Mana: Island (232) - {T}: Add {U}.
Add To Stack: Ai(3)-mm-talrand-spells cast Mocking Sprite
Resolve Stack: Mocking Sprite - Creature 2 / 1
Phase: Ai(3)-mm-talrand-spells' End step
Phase: Ai(3)-mm-talrand-spells' Cleanup step
Turn: Turn 12 (Ai(4)-mm-giada-angels)
Phase: Ai(4)-mm-giada-angels' Untap step
Phase: Ai(4)-mm-giada-angels' Upkeep step
Phase: Ai(4)-mm-giada-angels' Draw step
Phase: Ai(4)-mm-giada-angels' Main phase, precombat
Land: Ai(4)-mm-giada-angels played Plains (383)
Phase: Ai(4)-mm-giada-angels' Beginning of Combat Step
Phase: Ai(4)-mm-giada-angels' Declare Attackers Step
Phase: Ai(4)-mm-giada-angels' Declare Blockers Step
Phase: Ai(4)-mm-giada-angels' First Strike Damage Step
Phase: Ai(4)-mm-giada-angels' Combat Damage Step
Phase: Ai(4)-mm-giada-angels' End of Combat Step
Phase: Ai(4)-mm-giada-angels' Main phase, postcombat
Mana: Plains (393) - {T}: Add {W}.
Mana: Plains (383) - {T}: Add {W}.
Add To Stack: Ai(4)-mm-giada-angels cast Giada, Font of Hope
Resolve Stack: Giada, Font of Hope - Creature 2 / 2
Phase: Ai(4)-mm-giada-angels' End step
Phase: Ai(4)-mm-giada-angels' Cleanup step
Turn: Turn 13 (Ai(1)-mm-baylen-tokens)
Phase: Ai(1)-mm-baylen-tokens' Untap step
Phase: Ai(1)-mm-baylen-tokens' Upkeep step
Phase: Ai(1)-mm-baylen-tokens' Draw step
Phase: Ai(1)-mm-baylen-tokens' Main phase, precombat
Land: Ai(1)-mm-baylen-tokens played Wooded Foothills (40)
Life: Life: Ai(1)-mm-baylen-tokens 40 > 39
Zone Change: Wooded Foothills (40) was put into Graveyard from Battlefield.
Add To Stack: Ai(1)-mm-baylen-tokens activated Wooded Foothills
Replacement Effect: As Sacred Foundry enters, you may pay 2 life. If you don't, it enters tapped.
Resolve Stack: Wooded Foothills (40) - Ai(1)-mm-baylen-tokens searches their library for a Mountain or Forest card, puts it onto the battlefield, then shuffles.
Phase: Ai(1)-mm-baylen-tokens' Beginning of Combat Step
Phase: Ai(1)-mm-baylen-tokens' Declare Attackers Step
Phase: Ai(1)-mm-baylen-tokens' Declare Blockers Step
Phase: Ai(1)-mm-baylen-tokens' First Strike Damage Step
Phase: Ai(1)-mm-baylen-tokens' Combat Damage Step
Phase: Ai(1)-mm-baylen-tokens' End of Combat Step
Phase: Ai(1)-mm-baylen-tokens' Main phase, postcombat
Phase: Ai(1)-mm-baylen-tokens' End step
Phase: Ai(1)-mm-baylen-tokens' Cleanup step
Turn: Turn 14 (Ai(2)-mm-sythis-enchantress)
Phase: Ai(2)-mm-sythis-enchantress' Untap step
Phase: Ai(2)-mm-sythis-enchantress' Upkeep step
Phase: Ai(2)-mm-sythis-enchantress' Draw step
Phase: Ai(2)-mm-sythis-enchantress' Main phase, precombat
Replacement Effect: As Fortified Village enters, you may reveal a Forest or Plains card from your hand. If you don't, Fortified Village enters tapped.
Land: Ai(2)-mm-sythis-enchantress played Fortified Village (150)
Mana: Sunpetal Grove (164) - {T}: Add {G} or {W}.
Mana: Plains (184) - {T}: Add {W}.
Mana: Fortified Village (150) - {T}: Add {G} or {W}.
Add To Stack: Ai(2)-mm-sythis-enchantress cast Ancestral Mask targeting [Sythis, Harvest's Hand (201)]
Add To Stack: Ai(2)-mm-sythis-enchantress triggered Sythis, Harvest's Hand
Life: Life: Ai(2)-mm-sythis-enchantress 40 > 41
Resolve Stack: Whenever you cast an enchantment spell, you gain 1 life and draw a card. [Card: Ancestral Mask (154), Activator: Ai(2)-mm-sythis-enchantress, SpellAbility: Ancestral Mask]
Resolve Stack: Ancestral Mask (154) -  Attach to Sythis, Harvest's Hand (201)
Phase: Ai(2)-mm-sythis-enchantress' Beginning of Combat Step
Phase: Ai(2)-mm-sythis-enchantress' Declare Attackers Step
Combat: Ai(2)-mm-sythis-enchantress assigned Sythis, Harvest's Hand (201) to attack Ai(4)-mm-giada-angels.
Phase: Ai(2)-mm-sythis-enchantress' Declare Blockers Step
Combat: Ai(4)-mm-giada-angels didn't block Sythis, Harvest's Hand (201).
Phase: Ai(2)-mm-sythis-enchantress' First Strike Damage Step
Phase: Ai(2)-mm-sythis-enchantress' Combat Damage Step
Damage: Sythis, Harvest's Hand (201) deals 3 combat damage to Ai(4)-mm-giada-angels.
Life: Life: Ai(4)-mm-giada-angels 40 > 37
Phase: Ai(2)-mm-sythis-enchantress' End of Combat Step
Phase: Ai(2)-mm-sythis-enchantress' Main phase, postcombat
Phase: Ai(2)-mm-sythis-enchantress' End step
Phase: Ai(2)-mm-sythis-enchantress' Cleanup step
Turn: Turn 15 (Ai(3)-mm-talrand-spells)
Phase: Ai(3)-mm-talrand-spells' Untap step
Phase: Ai(3)-mm-talrand-spells' Upkeep step
Mana: Island (238) - {T}: Add {U}.
Add To Stack: Ai(3)-mm-talrand-spells cast Snap targeting [Giada, Font of Hope (403)]
Resolve Stack: Snap (267) - Return Giada, Font of Hope (403) to its owner's hand. Untap up to 2 Lands.
Phase: Ai(3)-mm-talrand-spells' Draw step
Phase: Ai(3)-mm-talrand-spells' Main phase, precombat
Land: Ai(3)-mm-talrand-spells played Island (229)
Phase: Ai(3)-mm-talrand-spells' Beginning of Combat Step
Phase: Ai(3)-mm-talrand-spells' Declare Attackers Step
Combat: Ai(3)-mm-talrand-spells assigned Mocking Sprite (289) to attack Ai(2)-mm-sythis-enchantress.
Phase: Ai(3)-mm-talrand-spells' Declare Blockers Step
Combat: Ai(2)-mm-sythis-enchantress didn't block Mocking Sprite (289).
Phase: Ai(3)-mm-talrand-spells' First Strike Damage Step
Phase: Ai(3)-mm-talrand-spells' Combat Damage Step
Damage: Mocking Sprite (289) deals 2 combat damage to Ai(2)-mm-sythis-enchantress.
Life: Life: Ai(2)-mm-sythis-enchantress 41 > 39
Phase: Ai(3)-mm-talrand-spells' End of Combat Step
Phase: Ai(3)-mm-talrand-spells' Main phase, postcombat
Mana: Island (238) - {T}: Add {U}.
Mana: Island (234) - {T}: Add {U}.
Mana: Island (232) - {T}: Add {U}.
Mana: Island (229) - {T}: Add {U}.
Add To Stack: Ai(3)-mm-talrand-spells cast Talrand, Sky Summoner
Resolve Stack: Talrand, Sky Summoner - Creature 2 / 2
Phase: Ai(3)-mm-talrand-spells' End step
Phase: Ai(3)-mm-talrand-spells' Cleanup step
Turn: Turn 16 (Ai(4)-mm-giada-angels)
Phase: Ai(4)-mm-giada-angels' Untap step
Phase: Ai(4)-mm-giada-angels' Upkeep step
Phase: Ai(4)-mm-giada-angels' Draw step
Phase: Ai(4)-mm-giada-angels' Main phase, precombat
Land: Ai(4)-mm-giada-angels played Plains (391)
Phase: Ai(4)-mm-giada-angels' Beginning of Combat Step
Phase: Ai(4)-mm-giada-angels' Declare Attackers Step
Phase: Ai(4)-mm-giada-angels' Declare Blockers Step
Phase: Ai(4)-mm-giada-angels' First Strike Damage Step
Phase: Ai(4)-mm-giada-angels' Combat Damage Step
Phase: Ai(4)-mm-giada-angels' End of Combat Step
Phase: Ai(4)-mm-giada-angels' Main phase, postcombat
Mana: Plains (393) - {T}: Add {W}.
Mana: Plains (383) - {T}: Add {W}.
Mana: Plains (391) - {T}: Add {W}.
Mana: Nykthos, Shrine to Nyx (334) - {T}: Add {C}.
Add To Stack: Ai(4)-mm-giada-angels cast Firemane Commando
Resolve Stack: Firemane Commando - Creature 4 / 3
Phase: Ai(4)-mm-giada-angels' End step
Phase: Ai(4)-mm-giada-angels' Cleanup step
Turn: Turn 17 (Ai(1)-mm-baylen-tokens)
Phase: Ai(1)-mm-baylen-tokens' Untap step
Phase: Ai(1)-mm-baylen-tokens' Upkeep step
Phase: Ai(1)-mm-baylen-tokens' Draw step
Phase: Ai(1)-mm-baylen-tokens' Main phase, precombat
Land: Ai(1)-mm-baylen-tokens played Forest (27)
Phase: Ai(1)-mm-baylen-tokens' Beginning of Combat Step
Phase: Ai(1)-mm-baylen-tokens' Declare Attackers Step
Phase: Ai(1)-mm-baylen-tokens' Declare Blockers Step
Phase: Ai(1)-mm-baylen-tokens' First Strike Damage Step
Phase: Ai(1)-mm-baylen-tokens' Combat Damage Step
Phase: Ai(1)-mm-baylen-tokens' End of Combat Step
Phase: Ai(1)-mm-baylen-tokens' Main phase, postcombat
Mana: Sacred Foundry (35) - {T}: Add {W}.
Mana: Rootbound Crag (94) - {T}: Add {R} or {G}.
Mana: Forest (26) - {T}: Add {G}.
Add To Stack: Ai(1)-mm-baylen-tokens cast Baylen, the Haymaker
Resolve Stack: Baylen, the Haymaker - Creature 4 / 3
Phase: Ai(1)-mm-baylen-tokens' End step
Phase: Ai(1)-mm-baylen-tokens' Cleanup step
Turn: Turn 18 (Ai(2)-mm-sythis-enchantress)
Phase: Ai(2)-mm-sythis-enchantress' Untap step
Phase: Ai(2)-mm-sythis-enchantress' Upkeep step
Phase: Ai(2)-mm-sythis-enchantress' Draw step
Phase: Ai(2)-mm-sythis-enchantress' Main phase, precombat
Land: Ai(2)-mm-sythis-enchantress played Forest (140)
Phase: Ai(2)-mm-sythis-enchantress' Beginning of Combat Step
Phase: Ai(2)-mm-sythis-enchantress' Declare Attackers Step
Phase: Ai(2)-mm-sythis-enchantress' Declare Blockers Step
Phase: Ai(2)-mm-sythis-enchantress' First Strike Damage Step
Phase: Ai(2)-mm-sythis-enchantress' Combat Damage Step
Phase: Ai(2)-mm-sythis-enchantress' End of Combat Step
Phase: Ai(2)-mm-sythis-enchantress' Main phase, postcombat
Mana: Forest (140) - {T}: Add {G}.
Mana: Plains (184) - {T}: Add {W}.
Mana: Sunpetal Grove (164) - {T}: Add {G} or {W}.
Add To Stack: Ai(2)-mm-sythis-enchantress cast Setessan Champion
Resolve Stack: Setessan Champion - Creature 1 / 3
Mana: Fortified Village (150) - {T}: Add {G} or {W}.
Add To Stack: Ai(2)-mm-sythis-enchantress cast Whip Silk targeting [Setessan Champion (166)]
Add To Stack: Ai(2)-mm-sythis-enchantress triggered Sythis, Harvest's Hand
Life: Life: Ai(2)-mm-sythis-enchantress 39 > 40
Resolve Stack: Whenever you cast an enchantment spell, you gain 1 life and draw a card. [Card: Whip Silk (172), Activator: Ai(2)-mm-sythis-enchantress, SpellAbility: Whip Silk]
Resolve Stack: Whip Silk (172) -  Attach to Setessan Champion (166)
Add To Stack: Ai(2)-mm-sythis-enchantress triggered Setessan Champion
Resolve Stack: Constellation — Whenever an enchantment you control enters, put a +1/+1 counter on Setessan Champion and draw a card. [Zone Changer: Whip Silk (172)]
Phase: Ai(2)-mm-sythis-enchantress' End step
Phase: Ai(2)-mm-sythis-enchantress' Cleanup step
Turn: Turn 19 (Ai(3)-mm-talrand-spells)
Phase: Ai(3)-mm-talrand-spells' Untap step
Phase: Ai(3)-mm-talrand-spells' Upkeep step
Phase: Ai(3)-mm-talrand-spells' Draw step
Phase: Ai(3)-mm-talrand-spells' Main phase, precombat
Land: Ai(3)-mm-talrand-spells played Island (254)
Phase: Ai(3)-mm-talrand-spells' Beginning of Combat Step
Phase: Ai(3)-mm-talrand-spells' Declare Attackers Step
Phase: Ai(3)-mm-talrand-spells' Declare Blockers Step
Phase: Ai(3)-mm-talrand-spells' First Strike Damage Step
Phase: Ai(3)-mm-talrand-spells' Combat Damage Step
Phase: Ai(3)-mm-talrand-spells' End of Combat Step
Phase: Ai(3)-mm-talrand-spells' Main phase, postcombat
Mana: Island (238) - {T}: Add {U}.
Add To Stack: Ai(3)-mm-talrand-spells cast Sleight of Hand
Add To Stack: Ai(3)-mm-talrand-spells triggered Talrand, Sky Summoner
Resolve Stack: Whenever you cast an instant or sorcery spell, create a 2/2 blue Drake creature token with flying. [Card: Sleight of Hand (301), Activator: Ai(3)-mm-talrand-spells, SpellAbility: Look at the top two cards of your library. Put one of them into your hand and the other on the bottom of your library.]
Resolve Stack: Sleight of Hand (301) - Ai(3)-mm-talrand-spells looks at the top two cards of their library. They put one of them into their hand and put the rest on the bottom of their library in any order.
Mana: Island (234) - {T}: Add {U}.
Add To Stack: Ai(3)-mm-talrand-spells cast Serum Visions
Add To Stack: Ai(3)-mm-talrand-spells triggered Talrand, Sky Summoner
Resolve Stack: Whenever you cast an instant or sorcery spell, create a 2/2 blue Drake creature token with flying. [Card: Serum Visions (277), Activator: Ai(3)-mm-talrand-spells, SpellAbility: Draw a card. Scry 2. ]
Resolve Stack: Ai(3)-mm-talrand-spells scried 2 card(s) to the top of the library
Resolve Stack: Serum Visions (277) - Ai(3)-mm-talrand-spells draws a card. Ai(3)-mm-talrand-spells scries 2.
Phase: Ai(3)-mm-talrand-spells' End step
Phase: Ai(3)-mm-talrand-spells' Cleanup step
Turn: Turn 20 (Ai(4)-mm-giada-angels)
Phase: Ai(4)-mm-giada-angels' Untap step
Phase: Ai(4)-mm-giada-angels' Upkeep step
Phase: Ai(4)-mm-giada-angels' Draw step
Phase: Ai(4)-mm-giada-angels' Main phase, precombat
Land: Ai(4)-mm-giada-angels played Plains (372)
Mana: Plains (393) - {T}: Add {W}.
Mana: Plains (383) - {T}: Add {W}.
Mana: Plains (391) - {T}: Add {W}.
Mana: Plains (372) - {T}: Add {W}.
Add To Stack: Ai(4)-mm-giada-angels cast Thraben Watcher
Mana: Island (232) - {T}: Add {U}.
Mana: Island (229) - {T}: Add {U}.
Mana: Island (254) - {T}: Add {U}.
Add To Stack: Ai(3)-mm-talrand-spells cast Rewind targeting [Thraben Watcher - Creature 2 / 2]
Add To Stack: Ai(3)-mm-talrand-spells triggered Talrand, Sky Summoner
Resolve Stack: Whenever you cast an instant or sorcery spell, create a 2/2 blue Drake creature token with flying. [Card: Rewind (296), Activator: Ai(3)-mm-talrand-spells, SpellAbility: Counter target spell. Untap up to four lands. ]
Zone Change: Send countered spell to Graveyard
Resolve Stack: Rewind (296) - Counter Thraben Watcher (335). Untap up to 4 Lands.
Phase: Ai(4)-mm-giada-angels' Beginning of Combat Step
Phase: Ai(4)-mm-giada-angels' Declare Attackers Step
Combat: Ai(4)-mm-giada-angels assigned Firemane Commando (319) to attack Ai(3)-mm-talrand-spells.
Phase: Ai(4)-mm-giada-angels' Declare Blockers Step
Combat: Ai(3)-mm-talrand-spells didn't block Firemane Commando (319).
Phase: Ai(4)-mm-giada-angels' First Strike Damage Step
Phase: Ai(4)-mm-giada-angels' Combat Damage Step
Damage: Firemane Commando (319) deals 4 combat damage to Ai(3)-mm-talrand-spells.
Life: Life: Ai(3)-mm-talrand-spells 40 > 36
Phase: Ai(4)-mm-giada-angels' End of Combat Step
Phase: Ai(4)-mm-giada-angels' Main phase, postcombat
Phase: Ai(4)-mm-giada-angels' End step
Phase: Ai(4)-mm-giada-angels' Cleanup step
Turn: Turn 21 (Ai(1)-mm-baylen-tokens)
Phase: Ai(1)-mm-baylen-tokens' Untap step
Phase: Ai(1)-mm-baylen-tokens' Upkeep step
Phase: Ai(1)-mm-baylen-tokens' Draw step
Phase: Ai(1)-mm-baylen-tokens' Main phase, precombat
Land: Ai(1)-mm-baylen-tokens played Plains (89)
Mana: Plains (89) - {T}: Add {W}.
Mana: Forest (26) - {T}: Add {G}.
Add To Stack: Ai(1)-mm-baylen-tokens cast Hare Apparent
Resolve Stack: Hare Apparent - Creature 2 / 2
Add To Stack: Ai(1)-mm-baylen-tokens triggered Hare Apparent
Resolve Stack: When this creature enters, create a number of 1/1 white Rabbit creature tokens equal to the number of other creatures you control named Hare Apparent. [Zone Changer: Hare Apparent (51)]
Mana: Sacred Foundry (35) - {T}: Add {W}.
Mana: Forest (27) - {T}: Add {G}.
Add To Stack: Ai(1)-mm-baylen-tokens cast Hare Apparent
Resolve Stack: Hare Apparent - Creature 2 / 2
Add To Stack: Ai(1)-mm-baylen-tokens triggered Hare Apparent
Resolve Stack: When this creature enters, create a number of 1/1 white Rabbit creature tokens equal to the number of other creatures you control named Hare Apparent. [Zone Changer: Hare Apparent (48)]
Phase: Ai(1)-mm-baylen-tokens' Beginning of Combat Step
Phase: Ai(1)-mm-baylen-tokens' Declare Attackers Step
Combat: Ai(1)-mm-baylen-tokens assigned Baylen, the Haymaker (100) to attack Ai(3)-mm-talrand-spells.
Phase: Ai(1)-mm-baylen-tokens' Declare Blockers Step
Combat: Ai(3)-mm-talrand-spells didn't block Baylen, the Haymaker (100).
Phase: Ai(1)-mm-baylen-tokens' First Strike Damage Step
Phase: Ai(1)-mm-baylen-tokens' Combat Damage Step
Damage: Baylen, the Haymaker (100) deals 4 combat damage to Ai(3)-mm-talrand-spells.
Life: Life: Ai(3)-mm-talrand-spells 36 > 32
Phase: Ai(1)-mm-baylen-tokens' End of Combat Step
Phase: Ai(1)-mm-baylen-tokens' Main phase, postcombat
Phase: Ai(1)-mm-baylen-tokens' End step
Phase: Ai(1)-mm-baylen-tokens' Cleanup step
Turn: Turn 22 (Ai(2)-mm-sythis-enchantress)
Phase: Ai(2)-mm-sythis-enchantress' Untap step
Phase: Ai(2)-mm-sythis-enchantress' Upkeep step
Phase: Ai(2)-mm-sythis-enchantress' Draw step
Phase: Ai(2)-mm-sythis-enchantress' Main phase, precombat
Replacement Effect: Bountiful Promenade enters tapped unless you have two or more opponents.
Land: Ai(2)-mm-sythis-enchantress played Bountiful Promenade (114)
Mana: Plains (184) - {T}: Add {W}.
Mana: Forest (140) - {T}: Add {G}.
Mana: Sunpetal Grove (164) - {T}: Add {G} or {W}.
Mana: Fortified Village (150) - {T}: Add {G} or {W}.
Mana: Bountiful Promenade (114) - {T}: Add {G} or {W}.
Add To Stack: Ai(2)-mm-sythis-enchantress cast Mirari's Wake
Add To Stack: Ai(2)-mm-sythis-enchantress triggered Sythis, Harvest's Hand
Life: Life: Ai(2)-mm-sythis-enchantress 40 > 41
Resolve Stack: Whenever you cast an enchantment spell, you gain 1 life and draw a card. [Card: Mirari's Wake (132), Activator: Ai(2)-mm-sythis-enchantress, SpellAbility: Mirari's Wake]
Resolve Stack: Mirari's Wake
Add To Stack: Ai(2)-mm-sythis-enchantress triggered Setessan Champion
Resolve Stack: Constellation — Whenever an enchantment you control enters, put a +1/+1 counter on Setessan Champion and draw a card. [Zone Changer: Mirari's Wake (132)]
Phase: Ai(2)-mm-sythis-enchantress' Beginning of Combat Step
Phase: Ai(2)-mm-sythis-enchantress' Declare Attackers Step
Combat: Ai(2)-mm-sythis-enchantress assigned Sythis, Harvest's Hand (201) and Setessan Champion (166) to attack Ai(3)-mm-talrand-spells.
Add To Stack: Ai(4)-mm-giada-angels triggered Firemane Commando
Resolve Stack: Whenever another player attacks with two or more creatures, they draw a card if none of those creatures attacked you. [Number Attackers: [Sythis, Harvest's Hand (201), Setessan Champion (166)]]
Phase: Ai(2)-mm-sythis-enchantress' Declare Blockers Step
Combat: Ai(3)-mm-talrand-spells didn't block Sythis, Harvest's Hand (201).
Ai(3)-mm-talrand-spells didn't block Setessan Champion (166).
Phase: Ai(2)-mm-sythis-enchantress' First Strike Damage Step
Phase: Ai(2)-mm-sythis-enchantress' Combat Damage Step
Damage: Sythis, Harvest's Hand (201) deals 8 combat damage to Ai(3)-mm-talrand-spells.
Damage: Setessan Champion (166) deals 4 combat damage to Ai(3)-mm-talrand-spells.
Life: Life: Ai(3)-mm-talrand-spells 32 > 20
Phase: Ai(2)-mm-sythis-enchantress' End of Combat Step
Phase: Ai(2)-mm-sythis-enchantress' Main phase, postcombat
Phase: Ai(2)-mm-sythis-enchantress' End step
Phase: Ai(2)-mm-sythis-enchantress' Cleanup step
Discard: Ai(2)-mm-sythis-enchantress discards Plains (190).
Discard: Ai(2)-mm-sythis-enchantress discards Plains (191).
Turn: Turn 23 (Ai(3)-mm-talrand-spells)
Phase: Ai(3)-mm-talrand-spells' Untap step
Phase: Ai(3)-mm-talrand-spells' Upkeep step
Phase: Ai(3)-mm-talrand-spells' Draw step
Phase: Ai(3)-mm-talrand-spells' Main phase, precombat
Phase: Ai(3)-mm-talrand-spells' Beginning of Combat Step
Phase: Ai(3)-mm-talrand-spells' Declare Attackers Step
Combat: Ai(3)-mm-talrand-spells assigned Mocking Sprite (289), Talrand, Sky Summoner (302), Drake Token (581), Drake Token (586) and Drake Token (596) to attack Ai(2)-mm-sythis-enchantress.
Add To Stack: Ai(4)-mm-giada-angels triggered Firemane Commando
Resolve Stack: Whenever another player attacks with two or more creatures, they draw a card if none of those creatures attacked you. [Number Attackers: [Mocking Sprite (289), Talrand, Sky Summoner (302), Drake Token (581), Drake Token (586), Drake Token (596)]]
Phase: Ai(3)-mm-talrand-spells' Declare Blockers Step
Combat: Ai(2)-mm-sythis-enchantress didn't block Mocking Sprite (289).
Ai(2)-mm-sythis-enchantress didn't block Talrand, Sky Summoner (302).
Ai(2)-mm-sythis-enchantress didn't block Drake Token (581).
Ai(2)-mm-sythis-enchantress didn't block Drake Token (586).
Ai(2)-mm-sythis-enchantress didn't block Drake Token (596).
Phase: Ai(3)-mm-talrand-spells' First Strike Damage Step
Phase: Ai(3)-mm-talrand-spells' Combat Damage Step
Damage: Mocking Sprite (289) deals 2 combat damage to Ai(2)-mm-sythis-enchantress.
Damage: Talrand, Sky Summoner (302) deals 2 combat damage to Ai(2)-mm-sythis-enchantress.
Damage: Drake Token (581) deals 2 combat damage to Ai(2)-mm-sythis-enchantress.
Damage: Drake Token (586) deals 2 combat damage to Ai(2)-mm-sythis-enchantress.
Damage: Drake Token (596) deals 2 combat damage to Ai(2)-mm-sythis-enchantress.
Life: Life: Ai(2)-mm-sythis-enchantress 41 > 31
Phase: Ai(3)-mm-talrand-spells' End of Combat Step
Phase: Ai(3)-mm-talrand-spells' Main phase, postcombat
Mana: Island (238) - {T}: Add {U}.
Mana: Island (234) - {T}: Add {U}.
Mana: Island (232) - {T}: Add {U}.
Mana: Island (229) - {T}: Add {U}.
Add To Stack: Ai(3)-mm-talrand-spells cast Curiosity Crafter
Resolve Stack: Curiosity Crafter - Creature 3 / 3
Phase: Ai(3)-mm-talrand-spells' End step
Phase: Ai(3)-mm-talrand-spells' Cleanup step
Turn: Turn 24 (Ai(4)-mm-giada-angels)
Phase: Ai(4)-mm-giada-angels' Untap step
Phase: Ai(4)-mm-giada-angels' Upkeep step
Phase: Ai(4)-mm-giada-angels' Draw step
Phase: Ai(4)-mm-giada-angels' Main phase, precombat
Mana: Plains (393) - {T}: Add {W}.
Mana: Plains (383) - {T}: Add {W}.
Mana: Plains (391) - {T}: Add {W}.
Add To Stack: Ai(4)-mm-giada-angels cast Angel of Vitality
Resolve Stack: Angel of Vitality - Creature 2 / 2
Mana: Plains (372) - {T}: Add {W}.
Mana: Nykthos, Shrine to Nyx (334) - {T}: Add {C}.
Add To Stack: Ai(4)-mm-giada-angels cast Lightning Greaves
Resolve Stack: Lightning Greaves
Add To Stack: Ai(4)-mm-giada-angels activated Lightning Greaves targeting [Angel of Vitality (322)]
Resolve Stack: Lightning Greaves (398) -  Attach to Angel of Vitality (322)
Phase: Ai(4)-mm-giada-angels' Beginning of Combat Step
Phase: Ai(4)-mm-giada-angels' Declare Attackers Step
Combat: Ai(4)-mm-giada-angels assigned Firemane Commando (319) and Angel of Vitality (322) to attack Ai(2)-mm-sythis-enchantress.
Add To Stack: Ai(4)-mm-giada-angels triggered Firemane Commando
Resolve Stack: Whenever you attack with two or more creatures, draw a card. [Number Attackers: [Firemane Commando (319), Angel of Vitality (322)]]
Phase: Ai(4)-mm-giada-angels' Declare Blockers Step
Combat: Ai(2)-mm-sythis-enchantress didn't block Firemane Commando (319).
Ai(2)-mm-sythis-enchantress didn't block Angel of Vitality (322).
Phase: Ai(4)-mm-giada-angels' First Strike Damage Step
Phase: Ai(4)-mm-giada-angels' Combat Damage Step
Damage: Firemane Commando (319) deals 4 combat damage to Ai(2)-mm-sythis-enchantress.
Damage: Angel of Vitality (322) deals 4 combat damage to Ai(2)-mm-sythis-enchantress.
Life: Life: Ai(2)-mm-sythis-enchantress 31 > 23
Phase: Ai(4)-mm-giada-angels' End of Combat Step
Phase: Ai(4)-mm-giada-angels' Main phase, postcombat
Phase: Ai(4)-mm-giada-angels' End step
Phase: Ai(4)-mm-giada-angels' Cleanup step
Turn: Turn 25 (Ai(1)-mm-baylen-tokens)
Phase: Ai(1)-mm-baylen-tokens' Untap step
Phase: Ai(1)-mm-baylen-tokens' Upkeep step
Phase: Ai(1)-mm-baylen-tokens' Draw step
Mana: Plains (89) - {T}: Add {W}.
Mana: Forest (26) - {T}: Add {G}.
Add To Stack: Ai(1)-mm-baylen-tokens cast Aura Mutation targeting [Sythis, Harvest's Hand (201)]
Zone Change: Sythis, Harvest's Hand (201) was put into Graveyard from Battlefield.
Resolve Stack: Aura Mutation (66) - Destroy Sythis, Harvest's Hand (201). 
Zone Change: Ancestral Mask (154) was put into Graveyard from Battlefield.
Phase: Ai(1)-mm-baylen-tokens' Main phase, precombat
Mana: Sacred Foundry (35) - {T}: Add {W}.
Mana: Forest (27) - {T}: Add {G}.
Add To Stack: Ai(1)-mm-baylen-tokens cast Hare Apparent
Resolve Stack: Hare Apparent - Creature 2 / 2
Add To Stack: Ai(1)-mm-baylen-tokens triggered Hare Apparent
Resolve Stack: When this creature enters, create a number of 1/1 white Rabbit creature tokens equal to the number of other creatures you control named Hare Apparent. [Zone Changer: Hare Apparent (41)]
Mana: Baylen, the Haymaker (100) - Tap two untapped tokens you control: Add one mana of any color.
Mana: Rootbound Crag (94) - {T}: Add {R} or {G}.
Add To Stack: Ai(1)-mm-baylen-tokens cast Hare Apparent
Resolve Stack: Hare Apparent - Creature 2 / 2
Add To Stack: Ai(1)-mm-baylen-tokens triggered Hare Apparent
Resolve Stack: When this creature enters, create a number of 1/1 white Rabbit creature tokens equal to the number of other creatures you control named Hare Apparent. [Zone Changer: Hare Apparent (57)]
Mana: Baylen, the Haymaker (100) - Tap two untapped tokens you control: Add one mana of any color.
Mana: Cinder Glade (11) - {T}: Add {G}.
Add To Stack: Ai(1)-mm-baylen-tokens cast Hare Apparent
Resolve Stack: Hare Apparent - Creature 2 / 2
Add To Stack: Ai(1)-mm-baylen-tokens triggered Hare Apparent
Resolve Stack: When this creature enters, create a number of 1/1 white Rabbit creature tokens equal to the number of other creatures you control named Hare Apparent. [Zone Changer: Hare Apparent (45)]
Phase: Ai(1)-mm-baylen-tokens' Beginning of Combat Step
Phase: Ai(1)-mm-baylen-tokens' Declare Attackers Step
Combat: Ai(1)-mm-baylen-tokens assigned Baylen, the Haymaker (100) to attack Ai(3)-mm-talrand-spells.
Phase: Ai(1)-mm-baylen-tokens' Declare Blockers Step
Combat: Ai(3)-mm-talrand-spells didn't block Baylen, the Haymaker (100).
Add To Stack: Ai(1)-mm-baylen-tokens activated Baylen, the Haymaker
Resolve Stack: Baylen, the Haymaker (100) - Ai(1)-mm-baylen-tokens puts three +1/+1 counters on Baylen, the Haymaker (100). Baylen, the Haymaker (100) gains trample until end of turn.
Add To Stack: Ai(1)-mm-baylen-tokens activated Baylen, the Haymaker
Resolve Stack: Baylen, the Haymaker (100) - Ai(1)-mm-baylen-tokens puts three +1/+1 counters on Baylen, the Haymaker (100). Baylen, the Haymaker (100) gains trample until end of turn.
Phase: Ai(1)-mm-baylen-tokens' First Strike Damage Step
Phase: Ai(1)-mm-baylen-tokens' Combat Damage Step
Damage: Baylen, the Haymaker (100) deals 10 combat damage to Ai(3)-mm-talrand-spells.
Life: Life: Ai(3)-mm-talrand-spells 20 > 10
Phase: Ai(1)-mm-baylen-tokens' End of Combat Step
Phase: Ai(1)-mm-baylen-tokens' Main phase, postcombat
Phase: Ai(1)-mm-baylen-tokens' End step
Phase: Ai(1)-mm-baylen-tokens' Cleanup step
Turn: Turn 26 (Ai(2)-mm-sythis-enchantress)
Phase: Ai(2)-mm-sythis-enchantress' Untap step
Phase: Ai(2)-mm-sythis-enchantress' Upkeep step
Phase: Ai(2)-mm-sythis-enchantress' Draw step
Phase: Ai(2)-mm-sythis-enchantress' Main phase, precombat
Land: Ai(2)-mm-sythis-enchantress played Plains (192)
Mana: Forest (140) - {T}: Add {G}.
Add To Stack: Ai(2)-mm-sythis-enchantress cast Weaver of Harmony
Resolve Stack: Weaver of Harmony - Creature 2 / 2
Add To Stack: Ai(2)-mm-sythis-enchantress triggered Setessan Champion
Resolve Stack: Constellation — Whenever an enchantment you control enters, put a +1/+1 counter on Setessan Champion and draw a card. [Zone Changer: Weaver of Harmony (156)]
Mana: Sunpetal Grove (164) - {T}: Add {G} or {W}.
Mana: Plains (184) - {T}: Add {W}.
Add To Stack: Ai(2)-mm-sythis-enchantress cast Sythis, Harvest's Hand
Resolve Stack: Sythis, Harvest's Hand - Creature 1 / 2
Add To Stack: Ai(2)-mm-sythis-enchantress triggered Setessan Champion
Resolve Stack: Constellation — Whenever an enchantment you control enters, put a +1/+1 counter on Setessan Champion and draw a card. [Zone Changer: Sythis, Harvest's Hand (201)]
Mana: Plains (192) - {T}: Add {W}.
Mana: Fortified Village (150) - {T}: Add {G} or {W}.
Add To Stack: Ai(2)-mm-sythis-enchantress cast Strength of the Harvest targeting [Weaver of Harmony (156)]
Add To Stack: Ai(2)-mm-sythis-enchantress triggered Sythis, Harvest's Hand
Life: Life: Ai(2)-mm-sythis-enchantress 23 > 24
Resolve Stack: Whenever you cast an enchantment spell, you gain 1 life and draw a card. [Card: Strength of the Harvest (183), Activator: Ai(2)-mm-sythis-enchantress, SpellAbility: Strength of the Harvest]
Resolve Stack: Strength of the Harvest (183) -  Attach to Weaver of Harmony (156)
Add To Stack: Ai(2)-mm-sythis-enchantress triggered Setessan Champion
Resolve Stack: Constellation — Whenever an enchantment you control enters, put a +1/+1 counter on Setessan Champion and draw a card. [Zone Changer: Strength of the Harvest (183)]
Mana: Bountiful Promenade (114) - {T}: Add {G} or {W}.
Add To Stack: Ai(2)-mm-sythis-enchantress cast Mesa Enchantress
Resolve Stack: Mesa Enchantress - Creature 0 / 2
Phase: Ai(2)-mm-sythis-enchantress' Beginning of Combat Step
Phase: Ai(2)-mm-sythis-enchantress' Declare Attackers Step
Phase: Ai(2)-mm-sythis-enchantress' Declare Blockers Step
Phase: Ai(2)-mm-sythis-enchantress' First Strike Damage Step
Phase: Ai(2)-mm-sythis-enchantress' Combat Damage Step
Phase: Ai(2)-mm-sythis-enchantress' End of Combat Step
Phase: Ai(2)-mm-sythis-enchantress' Main phase, postcombat
Phase: Ai(2)-mm-sythis-enchantress' End step
Phase: Ai(2)-mm-sythis-enchantress' Cleanup step
Discard: Ai(2)-mm-sythis-enchantress discards Forest (143).
Turn: Turn 27 (Ai(3)-mm-talrand-spells)
Phase: Ai(3)-mm-talrand-spells' Untap step
Phase: Ai(3)-mm-talrand-spells' Upkeep step
Phase: Ai(3)-mm-talrand-spells' Draw step
Phase: Ai(3)-mm-talrand-spells' Main phase, precombat
Land: Ai(3)-mm-talrand-spells played Island (257)
Phase: Ai(3)-mm-talrand-spells' Beginning of Combat Step
Phase: Ai(3)-mm-talrand-spells' Declare Attackers Step
Phase: Ai(3)-mm-talrand-spells' Declare Blockers Step
Phase: Ai(3)-mm-talrand-spells' First Strike Damage Step
Phase: Ai(3)-mm-talrand-spells' Combat Damage Step
Phase: Ai(3)-mm-talrand-spells' End of Combat Step
Phase: Ai(3)-mm-talrand-spells' Main phase, postcombat
Mana: Island (238) - {T}: Add {U}.
Mana: Island (234) - {T}: Add {U}.
Mana: Island (232) - {T}: Add {U}.
Mana: Island (229) - {T}: Add {U}.
Add To Stack: Ai(3)-mm-talrand-spells cast Archmage Emeritus
Resolve Stack: Archmage Emeritus - Creature 2 / 2
Mana: Island (254) - {T}: Add {U}.
Mana: Island (257) - {T}: Add {U}.
Add To Stack: Ai(3)-mm-talrand-spells cast Sapphire Medallion
Resolve Stack: Sapphire Medallion
Phase: Ai(3)-mm-talrand-spells' End step
Phase: Ai(3)-mm-talrand-spells' Cleanup step
Turn: Turn 28 (Ai(4)-mm-giada-angels)
Phase: Ai(4)-mm-giada-angels' Untap step
Phase: Ai(4)-mm-giada-angels' Upkeep step
Phase: Ai(4)-mm-giada-angels' Draw step
Phase: Ai(4)-mm-giada-angels' Main phase, precombat
Land: Ai(4)-mm-giada-angels played Plains (375)
Phase: Ai(4)-mm-giada-angels' Beginning of Combat Step
Phase: Ai(4)-mm-giada-angels' Declare Attackers Step
Combat: Ai(4)-mm-giada-angels assigned Firemane Commando (319) and Angel of Vitality (322) to attack Ai(1)-mm-baylen-tokens.
Add To Stack: Ai(4)-mm-giada-angels triggered Firemane Commando
Resolve Stack: Whenever you attack with two or more creatures, draw a card. [Number Attackers: [Firemane Commando (319), Angel of Vitality (322)]]
Phase: Ai(4)-mm-giada-angels' Declare Blockers Step
Combat: Ai(1)-mm-baylen-tokens didn't block Firemane Commando (319).
Ai(1)-mm-baylen-tokens didn't block Angel of Vitality (322).
Phase: Ai(4)-mm-giada-angels' First Strike Damage Step
Phase: Ai(4)-mm-giada-angels' Combat Damage Step
Damage: Firemane Commando (319) deals 4 combat damage to Ai(1)-mm-baylen-tokens.
Damage: Angel of Vitality (322) deals 4 combat damage to Ai(1)-mm-baylen-tokens.
Life: Life: Ai(1)-mm-baylen-tokens 39 > 31
Phase: Ai(4)-mm-giada-angels' End of Combat Step
Phase: Ai(4)-mm-giada-angels' Main phase, postcombat
Mana: Plains (393) - {T}: Add {W}.
Mana: Plains (383) - {T}: Add {W}.
Mana: Plains (391) - {T}: Add {W}.
Mana: Plains (372) - {T}: Add {W}.
Add To Stack: Ai(4)-mm-giada-angels cast Serra the Benevolent
Replacement Effect: Serra the Benevolent enters with four loyalty counters on it.
Resolve Stack: Serra the Benevolent
Add To Stack: Ai(4)-mm-giada-angels activated Serra the Benevolent
Resolve Stack: Serra the Benevolent (332) - Ai(4)-mm-giada-angels creates a 4/4 white Angel creature token with flying and vigilance.
Mana: Plains (375) - {T}: Add {W}.
Mana: Nykthos, Shrine to Nyx (334) - {T}: Add {C}.
Add To Stack: Ai(4)-mm-giada-angels cast Giada, Font of Hope
Resolve Stack: Giada, Font of Hope - Creature 2 / 2
Phase: Ai(4)-mm-giada-angels' End step
Phase: Ai(4)-mm-giada-angels' Cleanup step
Turn: Turn 29 (Ai(1)-mm-baylen-tokens)
Phase: Ai(1)-mm-baylen-tokens' Untap step
Phase: Ai(1)-mm-baylen-tokens' Upkeep step
Phase: Ai(1)-mm-baylen-tokens' Draw step
Phase: Ai(1)-mm-baylen-tokens' Main phase, precombat
Phase: Ai(1)-mm-baylen-tokens' Beginning of Combat Step
Phase: Ai(1)-mm-baylen-tokens' Declare Attackers Step
Combat: Ai(1)-mm-baylen-tokens assigned Baylen, the Haymaker (100) to attack Serra the Benevolent (332).
Phase: Ai(1)-mm-baylen-tokens' Declare Blockers Step
Combat: Ai(4)-mm-giada-angels didn't block Baylen, the Haymaker (100).
Add To Stack: Ai(1)-mm-baylen-tokens activated Baylen, the Haymaker
Resolve Stack: Baylen, the Haymaker (100) - Ai(1)-mm-baylen-tokens puts three +1/+1 counters on Baylen, the Haymaker (100). Baylen, the Haymaker (100) gains trample until end of turn.
Add To Stack: Ai(1)-mm-baylen-tokens activated Baylen, the Haymaker
Resolve Stack: Baylen, the Haymaker (100) - Ai(1)-mm-baylen-tokens puts three +1/+1 counters on Baylen, the Haymaker (100). Baylen, the Haymaker (100) gains trample until end of turn.
Add To Stack: Ai(1)-mm-baylen-tokens activated Baylen, the Haymaker
Resolve Stack: Baylen, the Haymaker (100) - Ai(1)-mm-baylen-tokens puts three +1/+1 counters on Baylen, the Haymaker (100). Baylen, the Haymaker (100) gains trample until end of turn.
Phase: Ai(1)-mm-baylen-tokens' First Strike Damage Step
Phase: Ai(1)-mm-baylen-tokens' Combat Damage Step
Zone Change: Serra the Benevolent (332) was put into Graveyard from Battlefield.
Phase: Ai(1)-mm-baylen-tokens' End of Combat Step
Phase: Ai(1)-mm-baylen-tokens' Main phase, postcombat
Replacement Effect: As Stomping Ground enters, you may pay 2 life. If you don't, it enters tapped.
Land: Ai(1)-mm-baylen-tokens played Stomping Ground (22)
Mana: Plains (89) - {T}: Add {W}.
Mana: Forest (26) - {T}: Add {G}.
Mana: Forest (27) - {T}: Add {G}.
Add To Stack: Ai(1)-mm-baylen-tokens cast Caretaker's Talent
Resolve Stack: Caretaker's Talent
Mana: Sacred Foundry (35) - {T}: Add {W}.
Add To Stack: Ai(1)-mm-baylen-tokens activated Caretaker's Talent
Resolve Stack: Caretaker's Talent (4) - Level 2
Add To Stack: Ai(1)-mm-baylen-tokens triggered Caretaker's Talent targeting [Rabbit Token (613)]
Resolve Stack: When this Class becomes level 2, create a token that's a copy of target token you control. (Targeting: [[Rabbit Token (613)]]) [Class Level: 2]
Add To Stack: Ai(1)-mm-baylen-tokens triggered Caretaker's Talent
Resolve Stack: Whenever one or more tokens you control enter, draw a card. This ability triggers only once each turn. [Amount: 1]
Phase: Ai(1)-mm-baylen-tokens' End step
Phase: Ai(1)-mm-baylen-tokens' Cleanup step
Turn: Turn 30 (Ai(2)-mm-sythis-enchantress)
Phase: Ai(2)-mm-sythis-enchantress' Untap step
Phase: Ai(2)-mm-sythis-enchantress' Upkeep step
Phase: Ai(2)-mm-sythis-enchantress' Draw step
Phase: Ai(2)-mm-sythis-enchantress' Main phase, precombat
Replacement Effect: As Temple Garden enters, you may pay 2 life. If you don't, it enters tapped.
Land: Ai(2)-mm-sythis-enchantress played Temple Garden (174)
Mana: Plains (184) - {T}: Add {W}.
Mana: Forest (140) - {T}: Add {G}.
Add To Stack: Ai(2)-mm-sythis-enchantress cast Grasp of Fate
Add To Stack: Ai(2)-mm-sythis-enchantress triggered Sythis, Harvest's Hand
Add To Stack: Ai(2)-mm-sythis-enchantress triggered Mesa Enchantress
Resolve Stack: Whenever you cast an enchantment spell, you may draw a card. [Card: Grasp of Fate (118), Activator: Ai(2)-mm-sythis-enchantress, SpellAbility: Grasp of Fate]
Life: Life: Ai(2)-mm-sythis-enchantress 24 > 25
Resolve Stack: Whenever you cast an enchantment spell, you gain 1 life and draw a card. [Card: Grasp of Fate (118), Activator: Ai(2)-mm-sythis-enchantress, SpellAbility: Grasp of Fate]
Resolve Stack: Grasp of Fate
Add To Stack: Ai(2)-mm-sythis-enchantress triggered Grasp of Fate targeting [Baylen, the Haymaker (100), Angel Token (736), Curiosity Crafter (224)]
Add To Stack: Ai(2)-mm-sythis-enchantress triggered Setessan Champion
Resolve Stack: Constellation — Whenever an enchantment you control enters, put a +1/+1 counter on Setessan Champion and draw a card. [Zone Changer: Grasp of Fate (118)]
Zone Change: Baylen, the Haymaker (100) was put into Exile from Battlefield.
Zone Change: Angel Token (736) was put into Exile from Battlefield.
Zone Change: Curiosity Crafter (224) was put into Exile from Battlefield.
Resolve Stack: When Grasp of Fate enters, for each opponent, exile up to one target nonland permanent that player controls until Grasp of Fate leaves the battlefield. (Those permanents return under their owners' control.) (Targeting: [[Baylen, the Haymaker (100), Angel Token (736), Curiosity Crafter (224)]]) [Zone Changer: Grasp of Fate (118)]
Mana: Plains (192) - {T}: Add {W}.
Add To Stack: Ai(2)-mm-sythis-enchantress cast Aura of Silence
Add To Stack: Ai(2)-mm-sythis-enchantress triggered Sythis, Harvest's Hand
Add To Stack: Ai(2)-mm-sythis-enchantress triggered Mesa Enchantress
Resolve Stack: Whenever you cast an enchantment spell, you may draw a card. [Card: Aura of Silence (125), Activator: Ai(2)-mm-sythis-enchantress, SpellAbility: Aura of Silence]
Life: Life: Ai(2)-mm-sythis-enchantress 25 > 26
Resolve Stack: Whenever you cast an enchantment spell, you gain 1 life and draw a card. [Card: Aura of Silence (125), Activator: Ai(2)-mm-sythis-enchantress, SpellAbility: Aura of Silence]
Resolve Stack: Aura of Silence
Add To Stack: Ai(2)-mm-sythis-enchantress triggered Setessan Champion
Resolve Stack: Constellation — Whenever an enchantment you control enters, put a +1/+1 counter on Setessan Champion and draw a card. [Zone Changer: Aura of Silence (125)]
Zone Change: Aura of Silence (125) was put into Graveyard from Battlefield.
Add To Stack: Ai(2)-mm-sythis-enchantress activated Aura of Silence targeting [Caretaker's Talent (4)]
Zone Change: Caretaker's Talent (4) was put into Graveyard from Battlefield.
Resolve Stack: Aura of Silence (125) - Destroy Caretaker's Talent (4).
Mana: Sunpetal Grove (164) - {T}: Add {G} or {W}.
Mana: Fortified Village (150) - {T}: Add {G} or {W}.
Add To Stack: Ai(2)-mm-sythis-enchantress cast Ghostly Prison
Add To Stack: Ai(2)-mm-sythis-enchantress triggered Sythis, Harvest's Hand
Add To Stack: Ai(2)-mm-sythis-enchantress triggered Mesa Enchantress
Resolve Stack: Whenever you cast an enchantment spell, you may draw a card. [Card: Ghostly Prison (122), Activator: Ai(2)-mm-sythis-enchantress, SpellAbility: Ghostly Prison]
Life: Life: Ai(2)-mm-sythis-enchantress 26 > 27
Resolve Stack: Whenever you cast an enchantment spell, you gain 1 life and draw a card. [Card: Ghostly Prison (122), Activator: Ai(2)-mm-sythis-enchantress, SpellAbility: Ghostly Prison]
Resolve Stack: Ghostly Prison
Add To Stack: Ai(2)-mm-sythis-enchantress triggered Setessan Champion
Resolve Stack: Constellation — Whenever an enchantment you control enters, put a +1/+1 counter on Setessan Champion and draw a card. [Zone Changer: Ghostly Prison (122)]
Mana: Bountiful Promenade (114) - {T}: Add {G} or {W}.
Add To Stack: Ai(2)-mm-sythis-enchantress cast Thought Vessel
Resolve Stack: Thought Vessel
Mana: Thought Vessel (145) - {T}: Add {C}.
Add To Stack: Ai(2)-mm-sythis-enchantress cast All That Glitters targeting [Sythis, Harvest's Hand (201)]
Add To Stack: Ai(2)-mm-sythis-enchantress triggered Sythis, Harvest's Hand
Add To Stack: Ai(2)-mm-sythis-enchantress triggered Mesa Enchantress
Resolve Stack: Whenever you cast an enchantment spell, you may draw a card. [Card: All That Glitters (135), Activator: Ai(2)-mm-sythis-enchantress, SpellAbility: All That Glitters]
Life: Life: Ai(2)-mm-sythis-enchantress 27 > 28
Resolve Stack: Whenever you cast an enchantment spell, you gain 1 life and draw a card. [Card: All That Glitters (135), Activator: Ai(2)-mm-sythis-enchantress, SpellAbility: All That Glitters]
Resolve Stack: All That Glitters (135) -  Attach to Sythis, Harvest's Hand (201)
Add To Stack: Ai(2)-mm-sythis-enchantress triggered Setessan Champion
Resolve Stack: Constellation — Whenever an enchantment you control enters, put a +1/+1 counter on Setessan Champion and draw a card. [Zone Changer: All That Glitters (135)]
Phase: Ai(2)-mm-sythis-enchantress' Beginning of Combat Step
Phase: Ai(2)-mm-sythis-enchantress' Declare Attackers Step
Combat: Ai(2)-mm-sythis-enchantress assigned Weaver of Harmony (156), Sythis, Harvest's Hand (201) and Setessan Champion (166) to attack Ai(1)-mm-baylen-tokens.
Add To Stack: Ai(4)-mm-giada-angels triggered Firemane Commando
Resolve Stack: Whenever another player attacks with two or more creatures, they draw a card if none of those creatures attacked you. [Number Attackers: [Weaver of Harmony (156), Sythis, Harvest's Hand (201), Setessan Champion (166)]]
Phase: Ai(2)-mm-sythis-enchantress' Declare Blockers Step
Combat: Ai(1)-mm-baylen-tokens assigned Rabbit Token (746) to block Weaver of Harmony (156).
Ai(1)-mm-baylen-tokens didn't block Sythis, Harvest's Hand (201).
Ai(1)-mm-baylen-tokens didn't block Setessan Champion (166).
Phase: Ai(2)-mm-sythis-enchantress' First Strike Damage Step
Phase: Ai(2)-mm-sythis-enchantress' Combat Damage Step
Damage: Weaver of Harmony (156) deals 13 damage to Rabbit Token (746).
Damage: Sythis, Harvest's Hand (201) deals 12 combat damage to Ai(1)-mm-baylen-tokens.
Damage: Setessan Champion (166) deals 11 combat damage to Ai(1)-mm-baylen-tokens.
Damage: Rabbit Token (746) deals 1 damage to Weaver of Harmony (156).
Life: Life: Ai(1)-mm-baylen-tokens 31 > 8
Zone Change: Rabbit Token (746) was put into Graveyard from Battlefield.
Phase: Ai(2)-mm-sythis-enchantress' End of Combat Step
Phase: Ai(2)-mm-sythis-enchantress' Main phase, postcombat
Phase: Ai(2)-mm-sythis-enchantress' End step
Phase: Ai(2)-mm-sythis-enchantress' Cleanup step
Turn: Turn 31 (Ai(3)-mm-talrand-spells)
Phase: Ai(3)-mm-talrand-spells' Untap step
Phase: Ai(3)-mm-talrand-spells' Upkeep step
Phase: Ai(3)-mm-talrand-spells' Draw step
Phase: Ai(3)-mm-talrand-spells' Main phase, precombat
Phase: Ai(3)-mm-talrand-spells' Beginning of Combat Step
Phase: Ai(3)-mm-talrand-spells' Declare Attackers Step
Combat: Ai(3)-mm-talrand-spells assigned Mocking Sprite (289), Talrand, Sky Summoner (302), Drake Token (581), Drake Token (586), Drake Token (596) and Archmage Emeritus (279) to attack Ai(1)-mm-baylen-tokens.
Add To Stack: Ai(4)-mm-giada-angels triggered Firemane Commando
Resolve Stack: Whenever another player attacks with two or more creatures, they draw a card if none of those creatures attacked you. [Number Attackers: [Mocking Sprite (289), Talrand, Sky Summoner (302), Drake Token (581), Drake Token (586), Drake Token (596), Archmage Emeritus (279)]]
Phase: Ai(3)-mm-talrand-spells' Declare Blockers Step
Combat: Ai(1)-mm-baylen-tokens didn't block Mocking Sprite (289).
Ai(1)-mm-baylen-tokens assigned Hare Apparent (51) to block Talrand, Sky Summoner (302).
Ai(1)-mm-baylen-tokens didn't block Drake Token (581).
Ai(1)-mm-baylen-tokens didn't block Drake Token (586).
Ai(1)-mm-baylen-tokens didn't block Drake Token (596).
Ai(1)-mm-baylen-tokens assigned Hare Apparent (48) to block Archmage Emeritus (279).
Phase: Ai(3)-mm-talrand-spells' First Strike Damage Step
Phase: Ai(3)-mm-talrand-spells' Combat Damage Step
Damage: Mocking Sprite (289) deals 2 combat damage to Ai(1)-mm-baylen-tokens.
Damage: Talrand, Sky Summoner (302) deals 2 damage to Hare Apparent (51).
Damage: Drake Token (581) deals 2 combat damage to Ai(1)-mm-baylen-tokens.
Damage: Drake Token (586) deals 2 combat damage to Ai(1)-mm-baylen-tokens.
Damage: Drake Token (596) deals 2 combat damage to Ai(1)-mm-baylen-tokens.
Damage: Archmage Emeritus (279) deals 2 damage to Hare Apparent (48).
Damage: Hare Apparent (51) deals 2 damage to Talrand, Sky Summoner (302).
Damage: Hare Apparent (48) deals 2 damage to Archmage Emeritus (279).
Life: Life: Ai(1)-mm-baylen-tokens 8 > 0
Zone Change: Talrand, Sky Summoner (302) was put into Graveyard from Battlefield.
Zone Change: Archmage Emeritus (279) was put into Graveyard from Battlefield.
Phase: Ai(3)-mm-talrand-spells' End of Combat Step
Phase: Ai(3)-mm-talrand-spells' Main phase, postcombat
Land: Ai(3)-mm-talrand-spells played Island (245)
Mana: Island (238) - {T}: Add {U}.
Mana: Island (234) - {T}: Add {U}.
Mana: Island (232) - {T}: Add {U}.
Mana: Island (229) - {T}: Add {U}.
Mana: Island (254) - {T}: Add {U}.
Add To Stack: Ai(3)-mm-talrand-spells cast Talrand, Sky Summoner
Resolve Stack: Talrand, Sky Summoner - Creature 2 / 2
Mana: Island (257) - {T}: Add {U}.
Mana: Island (245) - {T}: Add {U}.
Add To Stack: Ai(3)-mm-talrand-spells cast Thought Vessel
Resolve Stack: Thought Vessel
Phase: Ai(3)-mm-talrand-spells' End step
Phase: Ai(3)-mm-talrand-spells' Cleanup step
Turn: Turn 32 (Ai(4)-mm-giada-angels)
Phase: Ai(4)-mm-giada-angels' Untap step
Phase: Ai(4)-mm-giada-angels' Upkeep step
Phase: Ai(4)-mm-giada-angels' Draw step
Phase: Ai(4)-mm-giada-angels' Main phase, precombat
Land: Ai(4)-mm-giada-angels played Plains (376)
Phase: Ai(4)-mm-giada-angels' Beginning of Combat Step
Phase: Ai(4)-mm-giada-angels' Declare Attackers Step
Mana: Plains (372) - {T}: Add {W}.
Mana: Plains (375) - {T}: Add {W}.
Mana: Plains (376) - {T}: Add {W}.
Mana: Nykthos, Shrine to Nyx (334) - {T}: Add {C}.
Combat: Ai(4)-mm-giada-angels assigned Firemane Commando (319) and Angel of Vitality (322) to attack Ai(2)-mm-sythis-enchantress.
Add To Stack: Ai(4)-mm-giada-angels triggered Firemane Commando
Resolve Stack: Whenever you attack with two or more creatures, draw a card. [Number Attackers: [Firemane Commando (319), Angel of Vitality (322)]]
Phase: Ai(4)-mm-giada-angels' Declare Blockers Step
Combat: Ai(2)-mm-sythis-enchantress didn't block Firemane Commando (319).
Ai(2)-mm-sythis-enchantress didn't block Angel of Vitality (322).
Phase: Ai(4)-mm-giada-angels' First Strike Damage Step
Phase: Ai(4)-mm-giada-angels' Combat Damage Step
Damage: Firemane Commando (319) deals 4 combat damage to Ai(2)-mm-sythis-enchantress.
Damage: Angel of Vitality (322) deals 4 combat damage to Ai(2)-mm-sythis-enchantress.
Life: Life: Ai(2)-mm-sythis-enchantress 28 > 20
Phase: Ai(4)-mm-giada-angels' End of Combat Step
Phase: Ai(4)-mm-giada-angels' Main phase, postcombat
Mana: Plains (393) - {T}: Add {W}.
Mana: Plains (383) - {T}: Add {W}.
Mana: Plains (391) - {T}: Add {W}.
Add To Stack: Ai(4)-mm-giada-angels cast Archaeomancer's Map
Resolve Stack: Archaeomancer's Map
Add To Stack: Ai(4)-mm-giada-angels triggered Archaeomancer's Map
Resolve Stack: When Archaeomancer's Map enters, search your library for up to two basic Plains cards, reveal them, put them into your hand, then shuffle. [Zone Changer: Archaeomancer's Map (358)]
Phase: Ai(4)-mm-giada-angels' End step
Phase: Ai(4)-mm-giada-angels' Cleanup step
Turn: Turn 33 (Ai(2)-mm-sythis-enchantress)
Phase: Ai(2)-mm-sythis-enchantress' Untap step
Phase: Ai(2)-mm-sythis-enchantress' Upkeep step
Phase: Ai(2)-mm-sythis-enchantress' Draw step
Phase: Ai(2)-mm-sythis-enchantress' Main phase, precombat
Land: Ai(2)-mm-sythis-enchantress played Forest (137)
Add To Stack: Ai(4)-mm-giada-angels triggered Archaeomancer's Map
Replacement Effect: Minas Tirith enters tapped unless you control a legendary creature.
Resolve Stack: Whenever a land enters under an opponent's control, if that player controls more lands than you, you may put a land card from your hand onto the battlefield. [Zone Changer: Forest (137)]
Mana: Forest (140) - {T}: Add {G}.
Add To Stack: Ai(2)-mm-sythis-enchantress cast Rancor targeting [Mesa Enchantress (106)]
Add To Stack: Ai(2)-mm-sythis-enchantress triggered Sythis, Harvest's Hand
Add To Stack: Ai(2)-mm-sythis-enchantress triggered Mesa Enchantress
Resolve Stack: Whenever you cast an enchantment spell, you may draw a card. [Card: Rancor (110), Activator: Ai(2)-mm-sythis-enchantress, SpellAbility: Rancor]
Life: Life: Ai(2)-mm-sythis-enchantress 20 > 21
Resolve Stack: Whenever you cast an enchantment spell, you gain 1 life and draw a card. [Card: Rancor (110), Activator: Ai(2)-mm-sythis-enchantress, SpellAbility: Rancor]
Resolve Stack: Rancor (110) -  Attach to Mesa Enchantress (106)
Add To Stack: Ai(2)-mm-sythis-enchantress triggered Setessan Champion
Resolve Stack: Constellation — Whenever an enchantment you control enters, put a +1/+1 counter on Setessan Champion and draw a card. [Zone Changer: Rancor (110)]
Mana: Thought Vessel (145) - {T}: Add {C}.
Add To Stack: Ai(2)-mm-sythis-enchantress cast Composer of Spring
Resolve Stack: Composer of Spring - Creature 1 / 3
Phase: Ai(2)-mm-sythis-enchantress' Beginning of Combat Step
Phase: Ai(2)-mm-sythis-enchantress' Declare Attackers Step
Combat: Ai(2)-mm-sythis-enchantress assigned Weaver of Harmony (156), Sythis, Harvest's Hand (201), Setessan Champion (166) and Mesa Enchantress (106) to attack Ai(3)-mm-talrand-spells.
Add To Stack: Ai(4)-mm-giada-angels triggered Firemane Commando
Resolve Stack: Whenever another player attacks with two or more creatures, they draw a card if none of those creatures attacked you. [Number Attackers: [Weaver of Harmony (156), Sythis, Harvest's Hand (201), Setessan Champion (166), Mesa Enchantress (106)]]
Phase: Ai(2)-mm-sythis-enchantress' Declare Blockers Step
Combat: Ai(3)-mm-talrand-spells didn't block Weaver of Harmony (156).
Ai(3)-mm-talrand-spells assigned Talrand, Sky Summoner (302) to block Sythis, Harvest's Hand (201).
Ai(3)-mm-talrand-spells didn't block Setessan Champion (166).
Ai(3)-mm-talrand-spells didn't block Mesa Enchantress (106).
Phase: Ai(2)-mm-sythis-enchantress' First Strike Damage Step
Phase: Ai(2)-mm-sythis-enchantress' Combat Damage Step
Damage: Weaver of Harmony (156) deals 15 combat damage to Ai(3)-mm-talrand-spells.
Damage: Sythis, Harvest's Hand (201) deals 13 damage to Talrand, Sky Summoner (302).
Damage: Setessan Champion (166) deals 12 combat damage to Ai(3)-mm-talrand-spells.
Damage: Mesa Enchantress (106) deals 3 combat damage to Ai(3)-mm-talrand-spells.
Damage: Talrand, Sky Summoner (302) deals 2 damage to Sythis, Harvest's Hand (201).
Life: Life: Ai(3)-mm-talrand-spells 10 > -20
Phase: Ai(2)-mm-sythis-enchantress' End of Combat Step
Phase: Ai(2)-mm-sythis-enchantress' Main phase, postcombat
Mana: Plains (184) - {T}: Add {W}.
Mana: Forest (137) - {T}: Add {G}.
Mana: Plains (192) - {T}: Add {W}.
Add To Stack: Ai(2)-mm-sythis-enchantress cast Austere Command
Zone Change: Thought Vessel (145) was put into Graveyard from Battlefield.
Zone Change: Lightning Greaves (398) was put into Graveyard from Battlefield.
Zone Change: Archaeomancer's Map (358) was put into Graveyard from Battlefield.
Zone Change: Firemane Commando (319) was put into Graveyard from Battlefield.
Resolve Stack: Austere Command (153) -  Destroy all artifacts. Destroy all creatures with mana value 4 or greater.
Mana: Sunpetal Grove (164) - {T}: Add {G} or {W}.
Mana: Fortified Village (150) - {T}: Add {G} or {W}.
Add To Stack: Ai(2)-mm-sythis-enchantress cast Archon of Sun's Grace
Resolve Stack: Archon of Sun's Grace - Creature 3 / 4
Mana: Bountiful Promenade (114) - {T}: Add {G} or {W}.
Mana: Temple Garden (174) - {T}: Add {G}.
Add To Stack: Ai(2)-mm-sythis-enchantress cast Yenna, Redtooth Regent
Resolve Stack: Yenna, Redtooth Regent - Creature 4 / 4
Phase: Ai(2)-mm-sythis-enchantress' End step
Phase: Ai(2)-mm-sythis-enchantress' Cleanup step
Discard: Ai(2)-mm-sythis-enchantress discards Forest (139).
Discard: Ai(2)-mm-sythis-enchantress discards Plains (194).
Discard: Ai(2)-mm-sythis-enchantress discards Windswept Heath (199).
Turn: Turn 34 (Ai(4)-mm-giada-angels)
Phase: Ai(4)-mm-giada-angels' Untap step
Phase: Ai(4)-mm-giada-angels' Upkeep step
Phase: Ai(4)-mm-giada-angels' Draw step
Phase: Ai(4)-mm-giada-angels' Main phase, precombat
Land: Ai(4)-mm-giada-angels played Plains (380)
Mana: Plains (393) - {T}: Add {W}.
Mana: Plains (383) - {T}: Add {W}.
Mana: Plains (391) - {T}: Add {W}.
Mana: Plains (372) - {T}: Add {W}.
Mana: Plains (375) - {T}: Add {W}.
Mana: Plains (376) - {T}: Add {W}.
Add To Stack: Ai(4)-mm-giada-angels cast Austere Command
Zone Change: Whip Silk (172) was put into Graveyard from Battlefield.
Zone Change: Mirari's Wake (132) was put into Graveyard from Battlefield.
Zone Change: Weaver of Harmony (156) was put into Graveyard from Battlefield.
Zone Change: Sythis, Harvest's Hand (201) was put into Graveyard from Battlefield.
Zone Change: Strength of the Harvest (183) was put into Graveyard from Battlefield.
Zone Change: Grasp of Fate (118) was put into Graveyard from Battlefield.
Zone Change: Ghostly Prison (122) was put into Graveyard from Battlefield.
Zone Change: All That Glitters (135) was put into Graveyard from Battlefield.
Zone Change: Rancor (110) was put into Graveyard from Battlefield.
Zone Change: Archon of Sun's Grace (116) was put into Graveyard from Battlefield.
Zone Change: Yenna, Redtooth Regent (180) was put into Graveyard from Battlefield.
Resolve Stack: Austere Command (340) -  Destroy all enchantments. Destroy all creatures with mana value 4 or greater.
Add To Stack: Ai(2)-mm-sythis-enchantress triggered Rancor
Resolve Stack: When Rancor is put into a graveyard from the battlefield, return Rancor to its owner's hand. [Zone Changer: Rancor (110)]
Phase: Ai(4)-mm-giada-angels' Beginning of Combat Step
Phase: Ai(4)-mm-giada-angels' Declare Attackers Step
Combat: Ai(4)-mm-giada-angels assigned Angel of Vitality (322) and Giada, Font of Hope (403) to attack Ai(2)-mm-sythis-enchantress.
Phase: Ai(4)-mm-giada-angels' Declare Blockers Step
Combat: Ai(2)-mm-sythis-enchantress didn't block Angel of Vitality (322).
Ai(2)-mm-sythis-enchantress didn't block Giada, Font of Hope (403).
Phase: Ai(4)-mm-giada-angels' First Strike Damage Step
Phase: Ai(4)-mm-giada-angels' Combat Damage Step
Damage: Angel of Vitality (322) deals 4 combat damage to Ai(2)-mm-sythis-enchantress.
Damage: Giada, Font of Hope (403) deals 2 combat damage to Ai(2)-mm-sythis-enchantress.
Life: Life: Ai(2)-mm-sythis-enchantress 21 > 15
Phase: Ai(4)-mm-giada-angels' End of Combat Step
Phase: Ai(4)-mm-giada-angels' Main phase, postcombat
Mana: Plains (380) - {T}: Add {W}.
Mana: Minas Tirith (327) - {T}: Add {W}.
Add To Stack: Ai(4)-mm-giada-angels cast Pearl Medallion
Resolve Stack: Pearl Medallion
Phase: Ai(4)-mm-giada-angels' End step
Phase: Ai(4)-mm-giada-angels' Cleanup step
Turn: Turn 35 (Ai(2)-mm-sythis-enchantress)
Phase: Ai(2)-mm-sythis-enchantress' Untap step
Phase: Ai(2)-mm-sythis-enchantress' Upkeep step
Phase: Ai(2)-mm-sythis-enchantress' Draw step
Phase: Ai(2)-mm-sythis-enchantress' Main phase, precombat
Mana: Plains (184) - {T}: Add {W}.
Mana: Forest (140) - {T}: Add {G}.
Mana: Plains (192) - {T}: Add {W}.
Mana: Forest (137) - {T}: Add {G}.
Mana: Sunpetal Grove (164) - {T}: Add {G} or {W}.
Mana: Fortified Village (150) - {T}: Add {G} or {W}.
Add To Stack: Ai(2)-mm-sythis-enchantress cast Sythis, Harvest's Hand
Add To Stack: Ai(2)-mm-sythis-enchantress triggered Mesa Enchantress
Resolve Stack: Whenever you cast an enchantment spell, you may draw a card. [Card: Sythis, Harvest's Hand (201), Activator: Ai(2)-mm-sythis-enchantress, SpellAbility: Sythis, Harvest's Hand - Creature 1 / 2]
Resolve Stack: Sythis, Harvest's Hand - Creature 1 / 2
Add To Stack: Ai(2)-mm-sythis-enchantress triggered Composer of Spring
Add To Stack: Ai(2)-mm-sythis-enchantress triggered Setessan Champion
Resolve Stack: Constellation — Whenever an enchantment you control enters, put a +1/+1 counter on Setessan Champion and draw a card. [Zone Changer: Sythis, Harvest's Hand (201)]
Resolve Stack: Constellation — Whenever an enchantment you control enters, you may put a land card from your hand onto the battlefield tapped. If you control six or more enchantments, instead you may put a creature or land card from your hand onto the battlefield tapped. [Zone Changer: Sythis, Harvest's Hand (201)]
Mana: Bountiful Promenade (114) - {T}: Add {G} or {W}.
Add To Stack: Ai(2)-mm-sythis-enchantress cast Rancor targeting [Setessan Champion (166)]
Add To Stack: Ai(2)-mm-sythis-enchantress triggered Sythis, Harvest's Hand
Add To Stack: Ai(2)-mm-sythis-enchantress triggered Mesa Enchantress
Resolve Stack: Whenever you cast an enchantment spell, you may draw a card. [Card: Rancor (110), Activator: Ai(2)-mm-sythis-enchantress, SpellAbility: Rancor]
Life: Life: Ai(2)-mm-sythis-enchantress 15 > 16
Resolve Stack: Whenever you cast an enchantment spell, you gain 1 life and draw a card. [Card: Rancor (110), Activator: Ai(2)-mm-sythis-enchantress, SpellAbility: Rancor]
Resolve Stack: Rancor (110) -  Attach to Setessan Champion (166)
Add To Stack: Ai(2)-mm-sythis-enchantress triggered Composer of Spring
Add To Stack: Ai(2)-mm-sythis-enchantress triggered Setessan Champion
Resolve Stack: Constellation — Whenever an enchantment you control enters, put a +1/+1 counter on Setessan Champion and draw a card. [Zone Changer: Rancor (110)]
Resolve Stack: Constellation — Whenever an enchantment you control enters, you may put a land card from your hand onto the battlefield tapped. If you control six or more enchantments, instead you may put a creature or land card from your hand onto the battlefield tapped. [Zone Changer: Rancor (110)]
Phase: Ai(2)-mm-sythis-enchantress' Beginning of Combat Step
Phase: Ai(2)-mm-sythis-enchantress' Declare Attackers Step
Combat: Ai(2)-mm-sythis-enchantress assigned Setessan Champion (166) to attack Ai(4)-mm-giada-angels.
Phase: Ai(2)-mm-sythis-enchantress' Declare Blockers Step
Combat: Ai(4)-mm-giada-angels didn't block Setessan Champion (166).
Phase: Ai(2)-mm-sythis-enchantress' First Strike Damage Step
Phase: Ai(2)-mm-sythis-enchantress' Combat Damage Step
Damage: Setessan Champion (166) deals 15 combat damage to Ai(4)-mm-giada-angels.
Life: Life: Ai(4)-mm-giada-angels 37 > 22
Phase: Ai(2)-mm-sythis-enchantress' End of Combat Step
Phase: Ai(2)-mm-sythis-enchantress' Main phase, postcombat
Phase: Ai(2)-mm-sythis-enchantress' End step
Phase: Ai(2)-mm-sythis-enchantress' Cleanup step
Discard: Ai(2)-mm-sythis-enchantress discards Arcane Signet (198).
Discard: Ai(2)-mm-sythis-enchantress discards Kenrith's Transformation (175).
Discard: Ai(2)-mm-sythis-enchantress discards Solitary Confinement (167).
Turn: Turn 36 (Ai(4)-mm-giada-angels)
Phase: Ai(4)-mm-giada-angels' Untap step
Phase: Ai(4)-mm-giada-angels' Upkeep step
Phase: Ai(4)-mm-giada-angels' Draw step
Add To Stack: Ai(4)-mm-giada-angels triggered Entreat the Angels
Mana: Plains (393) - {T}: Add {W}.
Mana: Plains (383) - {T}: Add {W}.
Mana: Plains (391) - {T}: Add {W}.
Mana: Plains (372) - {T}: Add {W}.
Mana: Plains (375) - {T}: Add {W}.
Mana: Plains (376) - {T}: Add {W}.
Mana: Plains (380) - {T}: Add {W}.
Mana: Minas Tirith (327) - {T}: Add {W}.
Add To Stack: Ai(4)-mm-giada-angels cast Entreat the Angels
Resolve Stack: Entreat the Angels - Miracle
Replacement Effect: Each other Angel you control enters with an additional +1/+1 counter on it for each Angel you already control.
Replacement Effect: Each other Angel you control enters with an additional +1/+1 counter on it for each Angel you already control.
Replacement Effect: Each other Angel you control enters with an additional +1/+1 counter on it for each Angel you already control.
Replacement Effect: Each other Angel you control enters with an additional +1/+1 counter on it for each Angel you already control.
Replacement Effect: Each other Angel you control enters with an additional +1/+1 counter on it for each Angel you already control.
Replacement Effect: Each other Angel you control enters with an additional +1/+1 counter on it for each Angel you already control.
Replacement Effect: Each other Angel you control enters with an additional +1/+1 counter on it for each Angel you already control.
Resolve Stack: Entreat the Angels (353) - Ai(4)-mm-giada-angels creates seven 4/4 white Angel creature tokens with flying. (X=7)
Phase: Ai(4)-mm-giada-angels' Main phase, precombat
Land: Ai(4)-mm-giada-angels played Plains (387)
Phase: Ai(4)-mm-giada-angels' Beginning of Combat Step
Phase: Ai(4)-mm-giada-angels' Declare Attackers Step
Combat: Ai(4)-mm-giada-angels assigned Angel of Vitality (322) and Giada, Font of Hope (403) to attack Ai(2)-mm-sythis-enchantress.
Phase: Ai(4)-mm-giada-angels' Declare Blockers Step
Combat: Ai(2)-mm-sythis-enchantress didn't block Angel of Vitality (322).
Ai(2)-mm-sythis-enchantress didn't block Giada, Font of Hope (403).
Phase: Ai(4)-mm-giada-angels' First Strike Damage Step
Phase: Ai(4)-mm-giada-angels' Combat Damage Step
Damage: Angel of Vitality (322) deals 2 combat damage to Ai(2)-mm-sythis-enchantress.
Damage: Giada, Font of Hope (403) deals 2 combat damage to Ai(2)-mm-sythis-enchantress.
Life: Life: Ai(2)-mm-sythis-enchantress 16 > 12
Phase: Ai(4)-mm-giada-angels' End of Combat Step
Phase: Ai(4)-mm-giada-angels' Main phase, postcombat
Phase: Ai(4)-mm-giada-angels' End step
Phase: Ai(4)-mm-giada-angels' Cleanup step
Turn: Turn 37 (Ai(2)-mm-sythis-enchantress)
Phase: Ai(2)-mm-sythis-enchantress' Untap step
Phase: Ai(2)-mm-sythis-enchantress' Upkeep step
Phase: Ai(2)-mm-sythis-enchantress' Draw step
Phase: Ai(2)-mm-sythis-enchantress' Main phase, precombat
Mana: Forest (140) - {T}: Add {G}.
Mana: Plains (184) - {T}: Add {W}.
Mana: Plains (192) - {T}: Add {W}.
Add To Stack: Ai(2)-mm-sythis-enchantress cast Overgrowth targeting [Sunpetal Grove (164)]
Add To Stack: Ai(2)-mm-sythis-enchantress triggered Sythis, Harvest's Hand
Add To Stack: Ai(2)-mm-sythis-enchantress triggered Mesa Enchantress
Resolve Stack: Whenever you cast an enchantment spell, you may draw a card. [Card: Overgrowth (161), Activator: Ai(2)-mm-sythis-enchantress, SpellAbility: Overgrowth]
Life: Life: Ai(2)-mm-sythis-enchantress 12 > 13
Resolve Stack: Whenever you cast an enchantment spell, you gain 1 life and draw a card. [Card: Overgrowth (161), Activator: Ai(2)-mm-sythis-enchantress, SpellAbility: Overgrowth]
Resolve Stack: Overgrowth (161) -  Attach to Sunpetal Grove (164)
Add To Stack: Ai(2)-mm-sythis-enchantress triggered Composer of Spring
Add To Stack: Ai(2)-mm-sythis-enchantress triggered Setessan Champion
Resolve Stack: Constellation — Whenever an enchantment you control enters, put a +1/+1 counter on Setessan Champion and draw a card. [Zone Changer: Overgrowth (161)]
Resolve Stack: Constellation — Whenever an enchantment you control enters, you may put a land card from your hand onto the battlefield tapped. If you control six or more enchantments, instead you may put a creature or land card from your hand onto the battlefield tapped. [Zone Changer: Overgrowth (161)]
Mana: Plains (189) - {T}: Add {W}.
Mana: Forest (137) - {T}: Add {G}.
Mana: Fortified Village (150) - {T}: Add {G} or {W}.
Add To Stack: Ai(2)-mm-sythis-enchantress cast Heliod, Sun-Crowned
Add To Stack: Ai(2)-mm-sythis-enchantress triggered Sythis, Harvest's Hand
Add To Stack: Ai(2)-mm-sythis-enchantress triggered Mesa Enchantress
Resolve Stack: Whenever you cast an enchantment spell, you may draw a card. [Card: Heliod, Sun-Crowned (196), Activator: Ai(2)-mm-sythis-enchantress, SpellAbility: Heliod, Sun-Crowned - Creature 5 / 5]
Life: Life: Ai(2)-mm-sythis-enchantress 13 > 14
Resolve Stack: Whenever you cast an enchantment spell, you gain 1 life and draw a card. [Card: Heliod, Sun-Crowned (196), Activator: Ai(2)-mm-sythis-enchantress, SpellAbility: Heliod, Sun-Crowned - Creature 5 / 5]
Resolve Stack: Heliod, Sun-Crowned - Creature 5 / 5
Add To Stack: Ai(2)-mm-sythis-enchantress triggered Composer of Spring
Add To Stack: Ai(2)-mm-sythis-enchantress triggered Setessan Champion
Resolve Stack: Constellation — Whenever an enchantment you control enters, put a +1/+1 counter on Setessan Champion and draw a card. [Zone Changer: Heliod, Sun-Crowned (196)]
Resolve Stack: Constellation — Whenever an enchantment you control enters, you may put a land card from your hand onto the battlefield tapped. If you control six or more enchantments, instead you may put a creature or land card from your hand onto the battlefield tapped. [Zone Changer: Heliod, Sun-Crowned (196)]
Mana: Bountiful Promenade (114) - {T}: Add {G} or {W}.
Mana: Sunpetal Grove (164) - {T}: Add {G} or {W}.
Mana: Temple Garden (174) - {T}: Add {G}.
Add To Stack: Ai(2)-mm-sythis-enchantress cast Winds of Rath
Zone Change: Mesa Enchantress (106) was put into Graveyard from Battlefield.
Zone Change: Composer of Spring (146) was put into Graveyard from Battlefield.
Zone Change: Sythis, Harvest's Hand (201) was put into Graveyard from Battlefield.
Zone Change: Angel of Vitality (322) was put into Graveyard from Battlefield.
Zone Change: Giada, Font of Hope (403) was put into Graveyard from Battlefield.
Zone Change: Angel Token (791) was put into Graveyard from Battlefield.
Zone Change: Angel Token (792) was put into Graveyard from Battlefield.
Zone Change: Angel Token (793) was put into Graveyard from Battlefield.
Zone Change: Angel Token (794) was put into Graveyard from Battlefield.
Zone Change: Angel Token (795) was put into Graveyard from Battlefield.
Zone Change: Angel Token (796) was put into Graveyard from Battlefield.
Zone Change: Angel Token (797) was put into Graveyard from Battlefield.
Resolve Stack: Winds of Rath (179) - Destroy all creatures that aren't enchanted. They can't be regenerated.
Phase: Ai(2)-mm-sythis-enchantress' Beginning of Combat Step
Phase: Ai(2)-mm-sythis-enchantress' Declare Attackers Step
Combat: Ai(2)-mm-sythis-enchantress assigned Setessan Champion (166) to attack Ai(4)-mm-giada-angels.
Phase: Ai(2)-mm-sythis-enchantress' Declare Blockers Step
Combat: Ai(4)-mm-giada-angels didn't block Setessan Champion (166).
Phase: Ai(2)-mm-sythis-enchantress' First Strike Damage Step
Phase: Ai(2)-mm-sythis-enchantress' Combat Damage Step
Damage: Setessan Champion (166) deals 17 combat damage to Ai(4)-mm-giada-angels.
Life: Life: Ai(4)-mm-giada-angels 22 > 5
Phase: Ai(2)-mm-sythis-enchantress' End of Combat Step
Phase: Ai(2)-mm-sythis-enchantress' Main phase, postcombat
Phase: Ai(2)-mm-sythis-enchantress' End step
Phase: Ai(2)-mm-sythis-enchantress' Cleanup step
Discard: Ai(2)-mm-sythis-enchantress discards Ethereal Armor (171).
Discard: Ai(2)-mm-sythis-enchantress discards Wild Growth (113).
Discard: Ai(2)-mm-sythis-enchantress discards Verduran Enchantress (124).
Turn: Turn 38 (Ai(4)-mm-giada-angels)
Phase: Ai(4)-mm-giada-angels' Untap step
Phase: Ai(4)-mm-giada-angels' Upkeep step
Phase: Ai(4)-mm-giada-angels' Draw step
Phase: Ai(4)-mm-giada-angels' Main phase, precombat
Phase: Ai(4)-mm-giada-angels' Beginning of Combat Step
Phase: Ai(4)-mm-giada-angels' Declare Attackers Step
Phase: Ai(4)-mm-giada-angels' Declare Blockers Step
Phase: Ai(4)-mm-giada-angels' First Strike Damage Step
Phase: Ai(4)-mm-giada-angels' Combat Damage Step
Phase: Ai(4)-mm-giada-angels' End of Combat Step
Phase: Ai(4)-mm-giada-angels' Main phase, postcombat
Mana: Plains (393) - {T}: Add {W}.
Mana: Plains (383) - {T}: Add {W}.
Mana: Plains (391) - {T}: Add {W}.
Mana: Plains (372) - {T}: Add {W}.
Add To Stack: Ai(4)-mm-giada-angels cast Lyra Dawnbringer
Resolve Stack: Lyra Dawnbringer - Creature 5 / 5
Mana: Plains (375) - {T}: Add {W}.
Mana: Plains (376) - {T}: Add {W}.
Mana: Plains (380) - {T}: Add {W}.
Mana: Plains (387) - {T}: Add {W}.
Mana: Minas Tirith (327) - {T}: Add {W}.
Add To Stack: Ai(4)-mm-giada-angels cast Valkyrie Harbinger
Resolve Stack: Valkyrie Harbinger - Creature 4 / 5
Phase: Ai(4)-mm-giada-angels' End step
Phase: Ai(4)-mm-giada-angels' Cleanup step
Turn: Turn 39 (Ai(2)-mm-sythis-enchantress)
Phase: Ai(2)-mm-sythis-enchantress' Untap step
Phase: Ai(2)-mm-sythis-enchantress' Upkeep step
Phase: Ai(2)-mm-sythis-enchantress' Draw step
Phase: Ai(2)-mm-sythis-enchantress' Main phase, precombat
Mana: Plains (184) - {T}: Add {W}.
Mana: Plains (192) - {T}: Add {W}.
Mana: Forest (140) - {T}: Add {G}.
Mana: Forest (137) - {T}: Add {G}.
Add To Stack: Ai(2)-mm-sythis-enchantress cast Ajani's Chosen
Resolve Stack: Ajani's Chosen - Creature 3 / 3
Mana: Plains (189) - {T}: Add {W}.
Mana: Fortified Village (150) - {T}: Add {G} or {W}.
Mana: Bountiful Promenade (114) - {T}: Add {G} or {W}.
Add To Stack: Ai(2)-mm-sythis-enchantress cast Moon-Blessed Cleric
Resolve Stack: Moon-Blessed Cleric - Creature 3 / 2
Add To Stack: Ai(2)-mm-sythis-enchantress triggered Moon-Blessed Cleric
Resolve Stack: Divine Intervention — When Moon-Blessed Cleric enters, you may search your library for an enchantment card, reveal it, then shuffle and put that card on top. [Zone Changer: Moon-Blessed Cleric (151)]
Mana: Sunpetal Grove (164) - {T}: Add {G} or {W}.
Add To Stack: Ai(2)-mm-sythis-enchantress cast Satyr Enchanter
Resolve Stack: Satyr Enchanter - Creature 2 / 2
Phase: Ai(2)-mm-sythis-enchantress' Beginning of Combat Step
Phase: Ai(2)-mm-sythis-enchantress' Declare Attackers Step
Combat: Ai(2)-mm-sythis-enchantress assigned Setessan Champion (166) and Heliod, Sun-Crowned (196) to attack Ai(4)-mm-giada-angels.
Phase: Ai(2)-mm-sythis-enchantress' Declare Blockers Step
Combat: Ai(4)-mm-giada-angels assigned Valkyrie Harbinger (350) to block Setessan Champion (166).
Ai(4)-mm-giada-angels assigned Lyra Dawnbringer (361) to block Heliod, Sun-Crowned (196).
Phase: Ai(2)-mm-sythis-enchantress' First Strike Damage Step
Damage: Lyra Dawnbringer (361) deals 5 damage to Heliod, Sun-Crowned (196).
Life: Life: Ai(4)-mm-giada-angels 5 > 10
Phase: Ai(2)-mm-sythis-enchantress' Combat Damage Step
Damage: Setessan Champion (166) deals 11 combat damage to Ai(4)-mm-giada-angels.
Damage: Setessan Champion (166) deals 6 damage to Valkyrie Harbinger (350).
Damage: Heliod, Sun-Crowned (196) deals 5 damage to Lyra Dawnbringer (361).
Damage: Valkyrie Harbinger (350) deals 5 damage to Setessan Champion (166).
Life: Life: Ai(4)-mm-giada-angels 10 > 15
Life: Life: Ai(4)-mm-giada-angels 15 > 4
Zone Change: Lyra Dawnbringer (361) was put into Graveyard from Battlefield.
Zone Change: Valkyrie Harbinger (350) was put into Graveyard from Battlefield.
Phase: Ai(2)-mm-sythis-enchantress' End of Combat Step
Phase: Ai(2)-mm-sythis-enchantress' Main phase, postcombat
Phase: Ai(2)-mm-sythis-enchantress' End step
Phase: Ai(2)-mm-sythis-enchantress' Cleanup step
Turn: Turn 40 (Ai(4)-mm-giada-angels)
Phase: Ai(4)-mm-giada-angels' Untap step
Phase: Ai(4)-mm-giada-angels' Upkeep step
Phase: Ai(4)-mm-giada-angels' Draw step
Phase: Ai(4)-mm-giada-angels' Main phase, precombat
Land: Ai(4)-mm-giada-angels played Plains (373)
Phase: Ai(4)-mm-giada-angels' Beginning of Combat Step
Phase: Ai(4)-mm-giada-angels' Declare Attackers Step
Phase: Ai(4)-mm-giada-angels' Declare Blockers Step
Phase: Ai(4)-mm-giada-angels' First Strike Damage Step
Phase: Ai(4)-mm-giada-angels' Combat Damage Step
Phase: Ai(4)-mm-giada-angels' End of Combat Step
Phase: Ai(4)-mm-giada-angels' Main phase, postcombat
Mana: Plains (393) - {T}: Add {W}.
Mana: Plains (383) - {T}: Add {W}.
Mana: Plains (391) - {T}: Add {W}.
Add To Stack: Ai(4)-mm-giada-angels cast Giada, Font of Hope
Resolve Stack: Giada, Font of Hope - Creature 2 / 2
Phase: Ai(4)-mm-giada-angels' End step
Phase: Ai(4)-mm-giada-angels' Cleanup step
Turn: Turn 41 (Ai(2)-mm-sythis-enchantress)
Phase: Ai(2)-mm-sythis-enchantress' Untap step
Phase: Ai(2)-mm-sythis-enchantress' Upkeep step
Phase: Ai(2)-mm-sythis-enchantress' Draw step
Phase: Ai(2)-mm-sythis-enchantress' Main phase, precombat
Mana: Forest (140) - {T}: Add {G}.
Mana: Forest (137) - {T}: Add {G}.
Mana: Plains (184) - {T}: Add {W}.
Add To Stack: Ai(2)-mm-sythis-enchantress cast Courser of Kruphix
Add To Stack: Ai(2)-mm-sythis-enchantress triggered Satyr Enchanter
Resolve Stack: Whenever you cast an enchantment spell, draw a card. [Card: Courser of Kruphix (200), Activator: Ai(2)-mm-sythis-enchantress, SpellAbility: Courser of Kruphix - Creature 2 / 4]
Resolve Stack: Courser of Kruphix - Creature 2 / 4
Add To Stack: Ai(2)-mm-sythis-enchantress triggered Setessan Champion
Add To Stack: Ai(2)-mm-sythis-enchantress triggered Ajani's Chosen
Resolve Stack: Whenever an enchantment you control enters, create a 2/2 white Cat creature token. If that enchantment is an Aura, you may attach it to the token. [Zone Changer: Courser of Kruphix (200)]
Resolve Stack: Constellation — Whenever an enchantment you control enters, put a +1/+1 counter on Setessan Champion and draw a card. [Zone Changer: Courser of Kruphix (200)]
Land: Ai(2)-mm-sythis-enchantress played Forest (142)
Add To Stack: Ai(2)-mm-sythis-enchantress triggered Courser of Kruphix
Life: Life: Ai(2)-mm-sythis-enchantress 14 > 15
Resolve Stack: Landfall — Whenever a land you control enters, you gain 1 life. [Zone Changer: Forest (142)]
Add To Stack: Ai(2)-mm-sythis-enchantress triggered Heliod, Sun-Crowned targeting [Setessan Champion (166)]
Resolve Stack: Whenever you gain life, put a +1/+1 counter on target creature or enchantment you control. (Targeting: [[Setessan Champion (166)]]) [Player: Ai(2)-mm-sythis-enchantress, Gained Amount: 1]
Mana: Plains (192) - {T}: Add {W}.
Mana: Forest (142) - {T}: Add {G}.
Add To Stack: Ai(2)-mm-sythis-enchantress cast Starfield Mystic
Resolve Stack: Starfield Mystic - Creature 2 / 2
Mana: Fortified Village (150) - {T}: Add {G} or {W}.
Add To Stack: Ai(2)-mm-sythis-enchantress cast Sanctum Weaver
Add To Stack: Ai(2)-mm-sythis-enchantress triggered Satyr Enchanter
Resolve Stack: Whenever you cast an enchantment spell, draw a card. [Card: Sanctum Weaver (168), Activator: Ai(2)-mm-sythis-enchantress, SpellAbility: Sanctum Weaver - Creature 0 / 2]
Resolve Stack: Sanctum Weaver - Creature 0 / 2
Add To Stack: Ai(2)-mm-sythis-enchantress triggered Setessan Champion
Add To Stack: Ai(2)-mm-sythis-enchantress triggered Ajani's Chosen
Resolve Stack: Whenever an enchantment you control enters, create a 2/2 white Cat creature token. If that enchantment is an Aura, you may attach it to the token. [Zone Changer: Sanctum Weaver (168)]
Resolve Stack: Constellation — Whenever an enchantment you control enters, put a +1/+1 counter on Setessan Champion and draw a card. [Zone Changer: Sanctum Weaver (168)]
Mana: Bountiful Promenade (114) - {T}: Add {G} or {W}.
Add To Stack: Ai(2)-mm-sythis-enchantress cast Abundant Growth targeting [Sungrass Prairie (107)]
Add To Stack: Ai(2)-mm-sythis-enchantress triggered Satyr Enchanter
Resolve Stack: Whenever you cast an enchantment spell, draw a card. [Card: Abundant Growth (119), Activator: Ai(2)-mm-sythis-enchantress, SpellAbility: Abundant Growth]
Resolve Stack: Abundant Growth (119) -  Attach to Sungrass Prairie (107)
Add To Stack: Ai(2)-mm-sythis-enchantress triggered Abundant Growth
Add To Stack: Ai(2)-mm-sythis-enchantress triggered Setessan Champion
Add To Stack: Ai(2)-mm-sythis-enchantress triggered Ajani's Chosen
Resolve Stack: Whenever an enchantment you control enters, create a 2/2 white Cat creature token. If that enchantment is an Aura, you may attach it to the token. [Zone Changer: Abundant Growth (119)]
Resolve Stack: Constellation — Whenever an enchantment you control enters, put a +1/+1 counter on Setessan Champion and draw a card. [Zone Changer: Abundant Growth (119)]
Resolve Stack: When Abundant Growth enters, draw a card. [Zone Changer: Abundant Growth (119)]
Mana: Plains (189) - {T}: Add {W}.
Add To Stack: Ai(2)-mm-sythis-enchantress cast Path to Exile targeting [Giada, Font of Hope (403)]
Zone Change: Giada, Font of Hope (403) was put into Exile from Battlefield.
Resolve Stack: Path to Exile (109) - Exile Giada, Font of Hope (403). Ai(4)-mm-giada-angels may search their library for a basic land card, put that card onto the battlefield tapped, then shuffle their library. 
Phase: Ai(2)-mm-sythis-enchantress' Beginning of Combat Step
Phase: Ai(2)-mm-sythis-enchantress' Declare Attackers Step
Combat: Ai(2)-mm-sythis-enchantress assigned Setessan Champion (166), Heliod, Sun-Crowned (196), Ajani's Chosen (162), Moon-Blessed Cleric (151) and Satyr Enchanter (147) to attack Ai(4)-mm-giada-angels.
Phase: Ai(2)-mm-sythis-enchantress' Declare Blockers Step
Combat: Ai(4)-mm-giada-angels didn't block Setessan Champion (166).
Ai(4)-mm-giada-angels didn't block Heliod, Sun-Crowned (196).
Ai(4)-mm-giada-angels didn't block Ajani's Chosen (162).
Ai(4)-mm-giada-angels didn't block Moon-Blessed Cleric (151).
Ai(4)-mm-giada-angels didn't block Satyr Enchanter (147).
Mana: Sunpetal Grove (164) - {T}: Add {G} or {W}.
Add To Stack: Ai(2)-mm-sythis-enchantress activated Heliod, Sun-Crowned targeting [Setessan Champion (166)]
Resolve Stack: Heliod, Sun-Crowned (196) - Setessan Champion (166) gains lifelink until end of turn.
Mana: Temple Garden (174) - {T}: Add {W}.
Add To Stack: Ai(2)-mm-sythis-enchantress activated Heliod, Sun-Crowned targeting [Ajani's Chosen (162)]
Resolve Stack: Heliod, Sun-Crowned (196) - Ajani's Chosen (162) gains lifelink until end of turn.
Phase: Ai(2)-mm-sythis-enchantress' First Strike Damage Step
Phase: Ai(2)-mm-sythis-enchantress' Combat Damage Step
Damage: Setessan Champion (166) deals 21 combat damage to Ai(4)-mm-giada-angels.
Life: Life: Ai(2)-mm-sythis-enchantress 15 > 36
Damage: Heliod, Sun-Crowned (196) deals 5 combat damage to Ai(4)-mm-giada-angels.
Damage: Ajani's Chosen (162) deals 3 combat damage to Ai(4)-mm-giada-angels.
Life: Life: Ai(2)-mm-sythis-enchantress 36 > 39
Damage: Moon-Blessed Cleric (151) deals 3 combat damage to Ai(4)-mm-giada-angels.
Damage: Satyr Enchanter (147) deals 2 combat damage to Ai(4)-mm-giada-angels.
Life: Life: Ai(4)-mm-giada-angels 4 > -30
Player Control: Ai(1)-mm-baylen-tokens has restored control over themself
Player Control: Ai(2)-mm-sythis-enchantress has restored control over themself
Player Control: Ai(3)-mm-talrand-spells has restored control over themself
Player Control: Ai(4)-mm-giada-angels has restored control over themself
Game Outcome: Turn 21
Game Outcome: Ai(1)-mm-baylen-tokens has lost because life total reached 0
Game Outcome: Ai(2)-mm-sythis-enchantress has won because all opponents have lost
Game Outcome: Ai(3)-mm-talrand-spells has lost because life total reached 0
Game Outcome: Ai(4)-mm-giada-angels has lost because life total reached 0
Match Result: Ai(1)-mm-baylen-tokens: 0 Ai(2)-mm-sythis-enchantress: 1 Ai(3)-mm-talrand-spells: 0 Ai(4)-mm-giada-angels: 1 

Game Result: Game 2 ended in 164028 ms. Ai(2)-mm-sythis-enchantress has won!

