Error handling registered!
16:03:01 [INFO ] GuiBase: ##########################################
16:03:01 [INFO ] GuiBase: APP: Forge v.2.0.14-SNAPSHOT-08.08
16:03:01 [INFO ] GuiBase: Java: 21.0.9 (Oracle Corporation)
16:03:01 [INFO ] GuiBase: OS: Mac OS X 26.3 aarch64
16:03:01 [INFO ] GuiBase: RAM: 4096 MB max, 8 CPUs
16:03:01 [INFO ] GuiBase: ##########################################
Language 'en-US' loaded successfully.
(ThreadUtil first call): Running with priority 5
Read cards: 33617 archived files in 1 ms (25 parts) using thread pool
Upcoming set Star Trek (TRK) dated in the future. All `upcoming` cards will be added to this set with unknown rarity.
The card A-Alrund's Epiphany was not assigned to any set. Adding it to UNKNOWN set... to fix see res/editions/ folder. 
The card A-Baba Lysaga, Night Witch was not assigned to any set. Adding it to UNKNOWN set... to fix see res/editions/ folder. 
The card A-Divide by Zero was not assigned to any set. Adding it to UNKNOWN set... to fix see res/editions/ folder. 
The card A-Esika's Chariot was not assigned to any set. Adding it to UNKNOWN set... to fix see res/editions/ folder. 
The card A-Faceless Haven was not assigned to any set. Adding it to UNKNOWN set... to fix see res/editions/ folder. 
The card A-Fires of Invention was not assigned to any set. Adding it to UNKNOWN set... to fix see res/editions/ folder. 
The card A-Goldspan Dragon was not assigned to any set. Adding it to UNKNOWN set... to fix see res/editions/ folder. 
The card A-Hullbreaker Horror was not assigned to any set. Adding it to UNKNOWN set... to fix see res/editions/ folder. 
The card A-Kumano Faces Kakkazan was not assigned to any set. Adding it to UNKNOWN set... to fix see res/editions/ folder. 
The card A-Luminarch Aspirant was not assigned to any set. Adding it to UNKNOWN set... to fix see res/editions/ folder. 
The card A-Monster Manual was not assigned to any set. Adding it to UNKNOWN set... to fix see res/editions/ folder. 
The card A-Omnath, Locus of Creation was not assigned to any set. Adding it to UNKNOWN set... to fix see res/editions/ folder. 
The card A-The Meathook Massacre was not assigned to any set. Adding it to UNKNOWN set... to fix see res/editions/ folder. 
The card A-Unholy Heat was not assigned to any set. Adding it to UNKNOWN set... to fix see res/editions/ folder. 
The card Blinding Radiance was not assigned to any set. Adding it to UNKNOWN set... to fix see res/editions/ folder. 
The card Goblin Bruiser was not assigned to any set. Adding it to UNKNOWN set... to fix see res/editions/ folder. 
The card Ogre Painbringer was not assigned to any set. Adding it to UNKNOWN set... to fix see res/editions/ folder. 
The card Titanic Pelagosaur was not assigned to any set. Adding it to UNKNOWN set... to fix see res/editions/ folder. 
The card Treetop Recluse was not assigned to any set. Adding it to UNKNOWN set... to fix see res/editions/ folder. 
Upcoming set Star Trek (TRK) dated in the future. All `upcoming` cards will be added to this set with unknown rarity.
Read cards: 836 files in 0 ms (8 parts) using thread pool
Simulation mode
Ai(1)-mm-nekusar-discard [Experimental] vs Ai(2)-mm-jarad-graveyard [Experimental] vs Ai(3)-mm-sythis-enchantress [Experimental] vs Ai(4)-mm-giada-angels [Experimental] - two games of Commander seed 262007516
Warning: default (ie. inherited from base class) implementation of confirmAction is used by Nekusar, the Mindrazer for forge.ai.ability.PermanentCreatureAi. Consider declaring an overloaded method
Warning: default (ie. inherited from base class) implementation of confirmAction is used by Giada, Font of Hope for forge.ai.ability.PermanentCreatureAi. Consider declaring an overloaded method
Warning: default (ie. inherited from base class) implementation of confirmAction is used by Sythis, Harvest's Hand for forge.ai.ability.PermanentCreatureAi. Consider declaring an overloaded method
Active player is no longer in the game...
Active player is no longer in the game...
Mulligan: Ai(4)-mm-giada-angels has mulliganed down to 7 cards.
Mulligan: Ai(2)-mm-jarad-graveyard has kept a hand of 7 cards
Mulligan: Ai(3)-mm-sythis-enchantress has kept a hand of 7 cards
Mulligan: Ai(4)-mm-giada-angels has kept a hand of 7 cards
Mulligan: Ai(1)-mm-nekusar-discard has kept a hand of 7 cards
Turn: Turn 1 (Ai(2)-mm-jarad-graveyard)
Phase: Ai(2)-mm-jarad-graveyard's Untap step
Phase: Ai(2)-mm-jarad-graveyard's Upkeep step
Phase: Ai(2)-mm-jarad-graveyard's Draw step
Phase: Ai(2)-mm-jarad-graveyard's Main phase, precombat
Land: Ai(2)-mm-jarad-graveyard played Tainted Wood (112)
Phase: Ai(2)-mm-jarad-graveyard's Beginning of Combat Step
Phase: Ai(2)-mm-jarad-graveyard's Declare Attackers Step
Phase: Ai(2)-mm-jarad-graveyard's Declare Blockers Step
Phase: Ai(2)-mm-jarad-graveyard's First Strike Damage Step
Phase: Ai(2)-mm-jarad-graveyard's Combat Damage Step
Phase: Ai(2)-mm-jarad-graveyard's End of Combat Step
Phase: Ai(2)-mm-jarad-graveyard's Main phase, postcombat
Phase: Ai(2)-mm-jarad-graveyard's End step
Phase: Ai(2)-mm-jarad-graveyard's Cleanup step
Turn: Turn 2 (Ai(3)-mm-sythis-enchantress)
Phase: Ai(3)-mm-sythis-enchantress' Untap step
Phase: Ai(3)-mm-sythis-enchantress' Upkeep step
Phase: Ai(3)-mm-sythis-enchantress' Draw step
Phase: Ai(3)-mm-sythis-enchantress' Main phase, precombat
Replacement Effect: Canopy Vista enters tapped unless you control two or more basic lands.
Land: Ai(3)-mm-sythis-enchantress played Canopy Vista (270)
Phase: Ai(3)-mm-sythis-enchantress' Beginning of Combat Step
Phase: Ai(3)-mm-sythis-enchantress' Declare Attackers Step
Phase: Ai(3)-mm-sythis-enchantress' Declare Blockers Step
Phase: Ai(3)-mm-sythis-enchantress' First Strike Damage Step
Phase: Ai(3)-mm-sythis-enchantress' Combat Damage Step
Phase: Ai(3)-mm-sythis-enchantress' End of Combat Step
Phase: Ai(3)-mm-sythis-enchantress' Main phase, postcombat
Phase: Ai(3)-mm-sythis-enchantress' End step
Phase: Ai(3)-mm-sythis-enchantress' Cleanup step
Turn: Turn 3 (Ai(4)-mm-giada-angels)
Phase: Ai(4)-mm-giada-angels' Untap step
Phase: Ai(4)-mm-giada-angels' Upkeep step
Phase: Ai(4)-mm-giada-angels' Draw step
Phase: Ai(4)-mm-giada-angels' Main phase, precombat
Land: Ai(4)-mm-giada-angels played War Room (341)
Phase: Ai(4)-mm-giada-angels' Beginning of Combat Step
Phase: Ai(4)-mm-giada-angels' Declare Attackers Step
Phase: Ai(4)-mm-giada-angels' Declare Blockers Step
Phase: Ai(4)-mm-giada-angels' First Strike Damage Step
Phase: Ai(4)-mm-giada-angels' Combat Damage Step
Phase: Ai(4)-mm-giada-angels' End of Combat Step
Phase: Ai(4)-mm-giada-angels' Main phase, postcombat
Phase: Ai(4)-mm-giada-angels' End step
Phase: Ai(4)-mm-giada-angels' Cleanup step
Turn: Turn 4 (Ai(1)-mm-nekusar-discard)
Phase: Ai(1)-mm-nekusar-discard's Untap step
Phase: Ai(1)-mm-nekusar-discard's Upkeep step
Phase: Ai(1)-mm-nekusar-discard's Draw step
Phase: Ai(1)-mm-nekusar-discard's Main phase, precombat
Replacement Effect: Xander's Lounge enters tapped.
Land: Ai(1)-mm-nekusar-discard played Xander's Lounge (68)
Phase: Ai(1)-mm-nekusar-discard's Beginning of Combat Step
Phase: Ai(1)-mm-nekusar-discard's Declare Attackers Step
Phase: Ai(1)-mm-nekusar-discard's Declare Blockers Step
Phase: Ai(1)-mm-nekusar-discard's First Strike Damage Step
Phase: Ai(1)-mm-nekusar-discard's Combat Damage Step
Phase: Ai(1)-mm-nekusar-discard's End of Combat Step
Phase: Ai(1)-mm-nekusar-discard's Main phase, postcombat
Phase: Ai(1)-mm-nekusar-discard's End step
Phase: Ai(1)-mm-nekusar-discard's Cleanup step
Turn: Turn 5 (Ai(2)-mm-jarad-graveyard)
Phase: Ai(2)-mm-jarad-graveyard's Untap step
Phase: Ai(2)-mm-jarad-graveyard's Upkeep step
Phase: Ai(2)-mm-jarad-graveyard's Draw step
Phase: Ai(2)-mm-jarad-graveyard's Main phase, precombat
Land: Ai(2)-mm-jarad-graveyard played Swamp (162)
Phase: Ai(2)-mm-jarad-graveyard's Beginning of Combat Step
Phase: Ai(2)-mm-jarad-graveyard's Declare Attackers Step
Phase: Ai(2)-mm-jarad-graveyard's Declare Blockers Step
Phase: Ai(2)-mm-jarad-graveyard's First Strike Damage Step
Phase: Ai(2)-mm-jarad-graveyard's Combat Damage Step
Phase: Ai(2)-mm-jarad-graveyard's End of Combat Step
Phase: Ai(2)-mm-jarad-graveyard's Main phase, postcombat
Phase: Ai(2)-mm-jarad-graveyard's End step
Phase: Ai(2)-mm-jarad-graveyard's Cleanup step
Turn: Turn 6 (Ai(3)-mm-sythis-enchantress)
Phase: Ai(3)-mm-sythis-enchantress' Untap step
Phase: Ai(3)-mm-sythis-enchantress' Upkeep step
Phase: Ai(3)-mm-sythis-enchantress' Draw step
Phase: Ai(3)-mm-sythis-enchantress' Main phase, precombat
Land: Ai(3)-mm-sythis-enchantress played Hall of Heliod's Generosity (212)
Phase: Ai(3)-mm-sythis-enchantress' Beginning of Combat Step
Phase: Ai(3)-mm-sythis-enchantress' Declare Attackers Step
Phase: Ai(3)-mm-sythis-enchantress' Declare Blockers Step
Phase: Ai(3)-mm-sythis-enchantress' First Strike Damage Step
Phase: Ai(3)-mm-sythis-enchantress' Combat Damage Step
Phase: Ai(3)-mm-sythis-enchantress' End of Combat Step
Phase: Ai(3)-mm-sythis-enchantress' Main phase, postcombat
Phase: Ai(3)-mm-sythis-enchantress' End step
Phase: Ai(3)-mm-sythis-enchantress' Cleanup step
Turn: Turn 7 (Ai(4)-mm-giada-angels)
Phase: Ai(4)-mm-giada-angels' Untap step
Phase: Ai(4)-mm-giada-angels' Upkeep step
Phase: Ai(4)-mm-giada-angels' Draw step
Phase: Ai(4)-mm-giada-angels' Main phase, precombat
Land: Ai(4)-mm-giada-angels played Plains (386)
Phase: Ai(4)-mm-giada-angels' Beginning of Combat Step
Phase: Ai(4)-mm-giada-angels' Declare Attackers Step
Phase: Ai(4)-mm-giada-angels' Declare Blockers Step
Phase: Ai(4)-mm-giada-angels' First Strike Damage Step
Phase: Ai(4)-mm-giada-angels' Combat Damage Step
Phase: Ai(4)-mm-giada-angels' End of Combat Step
Phase: Ai(4)-mm-giada-angels' Main phase, postcombat
Mana: Plains (386) - {T}: Add {W}.
Mana: War Room (341) - {T}: Add {C}.
Add To Stack: Ai(4)-mm-giada-angels cast Giada, Font of Hope
Resolve Stack: Giada, Font of Hope - Creature 2 / 2
Phase: Ai(4)-mm-giada-angels' End step
Phase: Ai(4)-mm-giada-angels' Cleanup step
Turn: Turn 8 (Ai(1)-mm-nekusar-discard)
Phase: Ai(1)-mm-nekusar-discard's Untap step
Phase: Ai(1)-mm-nekusar-discard's Upkeep step
Phase: Ai(1)-mm-nekusar-discard's Draw step
Phase: Ai(1)-mm-nekusar-discard's Main phase, precombat
Replacement Effect: Luxury Suite enters tapped unless you have two or more opponents.
Land: Ai(1)-mm-nekusar-discard played Luxury Suite (42)
Phase: Ai(1)-mm-nekusar-discard's Beginning of Combat Step
Phase: Ai(1)-mm-nekusar-discard's Declare Attackers Step
Phase: Ai(1)-mm-nekusar-discard's Declare Blockers Step
Phase: Ai(1)-mm-nekusar-discard's First Strike Damage Step
Phase: Ai(1)-mm-nekusar-discard's Combat Damage Step
Phase: Ai(1)-mm-nekusar-discard's End of Combat Step
Phase: Ai(1)-mm-nekusar-discard's Main phase, postcombat
Mana: Luxury Suite (42) - {T}: Add {B} or {R}.
Mana: Xander's Lounge (68) - {T}: Add {R}.
Add To Stack: Ai(1)-mm-nekusar-discard cast Talisman of Creativity
Resolve Stack: Talisman of Creativity
Phase: Ai(1)-mm-nekusar-discard's End step
Phase: Ai(1)-mm-nekusar-discard's Cleanup step
Turn: Turn 9 (Ai(2)-mm-jarad-graveyard)
Phase: Ai(2)-mm-jarad-graveyard's Untap step
Phase: Ai(2)-mm-jarad-graveyard's Upkeep step
Phase: Ai(2)-mm-jarad-graveyard's Draw step
Phase: Ai(2)-mm-jarad-graveyard's Main phase, precombat
Land: Ai(2)-mm-jarad-graveyard played Forest (128)
Phase: Ai(2)-mm-jarad-graveyard's Beginning of Combat Step
Phase: Ai(2)-mm-jarad-graveyard's Declare Attackers Step
Phase: Ai(2)-mm-jarad-graveyard's Declare Blockers Step
Phase: Ai(2)-mm-jarad-graveyard's First Strike Damage Step
Phase: Ai(2)-mm-jarad-graveyard's Combat Damage Step
Phase: Ai(2)-mm-jarad-graveyard's End of Combat Step
Phase: Ai(2)-mm-jarad-graveyard's Main phase, postcombat
Phase: Ai(2)-mm-jarad-graveyard's End step
Phase: Ai(2)-mm-jarad-graveyard's Cleanup step
Turn: Turn 10 (Ai(3)-mm-sythis-enchantress)
Phase: Ai(3)-mm-sythis-enchantress' Untap step
Phase: Ai(3)-mm-sythis-enchantress' Upkeep step
Phase: Ai(3)-mm-sythis-enchantress' Draw step
Phase: Ai(3)-mm-sythis-enchantress' Main phase, precombat
Land: Ai(3)-mm-sythis-enchantress played Reliquary Tower (274)
Phase: Ai(3)-mm-sythis-enchantress' Beginning of Combat Step
Phase: Ai(3)-mm-sythis-enchantress' Declare Attackers Step
Phase: Ai(3)-mm-sythis-enchantress' Declare Blockers Step
Phase: Ai(3)-mm-sythis-enchantress' First Strike Damage Step
Phase: Ai(3)-mm-sythis-enchantress' Combat Damage Step
Phase: Ai(3)-mm-sythis-enchantress' End of Combat Step
Phase: Ai(3)-mm-sythis-enchantress' Main phase, postcombat
Phase: Ai(3)-mm-sythis-enchantress' End step
Phase: Ai(3)-mm-sythis-enchantress' Cleanup step
Turn: Turn 11 (Ai(4)-mm-giada-angels)
Phase: Ai(4)-mm-giada-angels' Untap step
Phase: Ai(4)-mm-giada-angels' Upkeep step
Phase: Ai(4)-mm-giada-angels' Draw step
Phase: Ai(4)-mm-giada-angels' Main phase, precombat
Land: Ai(4)-mm-giada-angels played Plains (387)
Mana: Plains (386) - {T}: Add {W}.
Mana: Plains (387) - {T}: Add {W}.
Add To Stack: Ai(4)-mm-giada-angels cast Swiftfoot Boots
Resolve Stack: Swiftfoot Boots
Mana: War Room (341) - {T}: Add {C}.
Add To Stack: Ai(4)-mm-giada-angels activated Swiftfoot Boots targeting [Giada, Font of Hope (403)]
Resolve Stack: Swiftfoot Boots (344) -  Attach to Giada, Font of Hope (403)
Phase: Ai(4)-mm-giada-angels' Beginning of Combat Step
Phase: Ai(4)-mm-giada-angels' Declare Attackers Step
Combat: Ai(4)-mm-giada-angels assigned Giada, Font of Hope (403) to attack Ai(1)-mm-nekusar-discard.
Phase: Ai(4)-mm-giada-angels' Declare Blockers Step
Combat: Ai(1)-mm-nekusar-discard didn't block Giada, Font of Hope (403).
Phase: Ai(4)-mm-giada-angels' First Strike Damage Step
Phase: Ai(4)-mm-giada-angels' Combat Damage Step
Damage: Giada, Font of Hope (403) deals 2 combat damage to Ai(1)-mm-nekusar-discard.
Life: Life: Ai(1)-mm-nekusar-discard 40 > 38
Phase: Ai(4)-mm-giada-angels' End of Combat Step
Phase: Ai(4)-mm-giada-angels' Main phase, postcombat
Phase: Ai(4)-mm-giada-angels' End step
Phase: Ai(4)-mm-giada-angels' Cleanup step
Turn: Turn 12 (Ai(1)-mm-nekusar-discard)
Phase: Ai(1)-mm-nekusar-discard's Untap step
Phase: Ai(1)-mm-nekusar-discard's Upkeep step
Phase: Ai(1)-mm-nekusar-discard's Draw step
Phase: Ai(1)-mm-nekusar-discard's Main phase, precombat
Land: Ai(1)-mm-nekusar-discard played Swamp (58)
Phase: Ai(1)-mm-nekusar-discard's Beginning of Combat Step
Phase: Ai(1)-mm-nekusar-discard's Declare Attackers Step
Phase: Ai(1)-mm-nekusar-discard's Declare Blockers Step
Phase: Ai(1)-mm-nekusar-discard's First Strike Damage Step
Phase: Ai(1)-mm-nekusar-discard's Combat Damage Step
Phase: Ai(1)-mm-nekusar-discard's End of Combat Step
Phase: Ai(1)-mm-nekusar-discard's Main phase, postcombat
Mana: Swamp (58) - {T}: Add {B}.
Mana: Luxury Suite (42) - {T}: Add {B} or {R}.
Add To Stack: Ai(1)-mm-nekusar-discard cast Stormfist Crusader
Resolve Stack: Stormfist Crusader - Creature 2 / 2
Phase: Ai(1)-mm-nekusar-discard's End step
Phase: Ai(1)-mm-nekusar-discard's Cleanup step
Turn: Turn 13 (Ai(2)-mm-jarad-graveyard)
Phase: Ai(2)-mm-jarad-graveyard's Untap step
Phase: Ai(2)-mm-jarad-graveyard's Upkeep step
Phase: Ai(2)-mm-jarad-graveyard's Draw step
Phase: Ai(2)-mm-jarad-graveyard's Main phase, precombat
Land: Ai(2)-mm-jarad-graveyard played Swamp (164)
Phase: Ai(2)-mm-jarad-graveyard's Beginning of Combat Step
Phase: Ai(2)-mm-jarad-graveyard's Declare Attackers Step
Phase: Ai(2)-mm-jarad-graveyard's Declare Blockers Step
Phase: Ai(2)-mm-jarad-graveyard's First Strike Damage Step
Phase: Ai(2)-mm-jarad-graveyard's Combat Damage Step
Phase: Ai(2)-mm-jarad-graveyard's End of Combat Step
Phase: Ai(2)-mm-jarad-graveyard's Main phase, postcombat
Mana: Forest (128) - {T}: Add {G}.
Mana: Swamp (162) - {T}: Add {B}.
Mana: Swamp (164) - {T}: Add {B}.
Mana: Tainted Wood (112) - {T}: Add {C}.
Add To Stack: Ai(2)-mm-jarad-graveyard cast World Shaper
Resolve Stack: World Shaper - Creature 3 / 3
Phase: Ai(2)-mm-jarad-graveyard's End step
Phase: Ai(2)-mm-jarad-graveyard's Cleanup step
Turn: Turn 14 (Ai(3)-mm-sythis-enchantress)
Phase: Ai(3)-mm-sythis-enchantress' Untap step
Phase: Ai(3)-mm-sythis-enchantress' Upkeep step
Phase: Ai(3)-mm-sythis-enchantress' Draw step
Phase: Ai(3)-mm-sythis-enchantress' Main phase, precombat
Replacement Effect: As Temple Garden enters, you may pay 2 life. If you don't, it enters tapped.
Land: Ai(3)-mm-sythis-enchantress played Temple Garden (275)
Phase: Ai(3)-mm-sythis-enchantress' Beginning of Combat Step
Phase: Ai(3)-mm-sythis-enchantress' Declare Attackers Step
Phase: Ai(3)-mm-sythis-enchantress' Declare Blockers Step
Phase: Ai(3)-mm-sythis-enchantress' First Strike Damage Step
Phase: Ai(3)-mm-sythis-enchantress' Combat Damage Step
Phase: Ai(3)-mm-sythis-enchantress' End of Combat Step
Phase: Ai(3)-mm-sythis-enchantress' Main phase, postcombat
Phase: Ai(3)-mm-sythis-enchantress' End step
Phase: Ai(3)-mm-sythis-enchantress' Cleanup step
Turn: Turn 15 (Ai(4)-mm-giada-angels)
Phase: Ai(4)-mm-giada-angels' Untap step
Phase: Ai(4)-mm-giada-angels' Upkeep step
Phase: Ai(4)-mm-giada-angels' Draw step
Phase: Ai(4)-mm-giada-angels' Main phase, precombat
Land: Ai(4)-mm-giada-angels played Plains (374)
Phase: Ai(4)-mm-giada-angels' Beginning of Combat Step
Phase: Ai(4)-mm-giada-angels' Declare Attackers Step
Combat: Ai(4)-mm-giada-angels assigned Giada, Font of Hope (403) to attack Ai(1)-mm-nekusar-discard.
Phase: Ai(4)-mm-giada-angels' Declare Blockers Step
Combat: Ai(1)-mm-nekusar-discard didn't block Giada, Font of Hope (403).
Phase: Ai(4)-mm-giada-angels' First Strike Damage Step
Phase: Ai(4)-mm-giada-angels' Combat Damage Step
Damage: Giada, Font of Hope (403) deals 2 combat damage to Ai(1)-mm-nekusar-discard.
Life: Life: Ai(1)-mm-nekusar-discard 38 > 36
Phase: Ai(4)-mm-giada-angels' End of Combat Step
Phase: Ai(4)-mm-giada-angels' Main phase, postcombat
Mana: Plains (386) - {T}: Add {W}.
Mana: Plains (387) - {T}: Add {W}.
Mana: Plains (374) - {T}: Add {W}.
Mana: War Room (341) - {T}: Add {C}.
Mana: Giada, Font of Hope (403) - {T}: Add {W}. Spend this mana only to cast an Angel spell.
Add To Stack: Ai(4)-mm-giada-angels cast Archangel of Thune
Replacement Effect: Each other Angel you control enters with an additional +1/+1 counter on it for each Angel you already control.
Resolve Stack: Archangel of Thune - Creature 3 / 4
Phase: Ai(4)-mm-giada-angels' End step
Phase: Ai(4)-mm-giada-angels' Cleanup step
Turn: Turn 16 (Ai(1)-mm-nekusar-discard)
Phase: Ai(1)-mm-nekusar-discard's Untap step
Phase: Ai(1)-mm-nekusar-discard's Upkeep step
Add To Stack: Ai(1)-mm-nekusar-discard triggered Stormfist Crusader
Life: Life: Ai(1)-mm-nekusar-discard 36 > 35
Life: Life: Ai(2)-mm-jarad-graveyard 40 > 39
Life: Life: Ai(3)-mm-sythis-enchantress 40 > 39
Life: Life: Ai(4)-mm-giada-angels 40 > 39
Resolve Stack: At the beginning of your upkeep, each player draws a card and loses 1 life. [Phase: Ai(1)-mm-nekusar-discard]
Phase: Ai(1)-mm-nekusar-discard's Draw step
Phase: Ai(1)-mm-nekusar-discard's Main phase, precombat
Land: Ai(1)-mm-nekusar-discard played Island (36)
Phase: Ai(1)-mm-nekusar-discard's Beginning of Combat Step
Phase: Ai(1)-mm-nekusar-discard's Declare Attackers Step
Combat: Ai(1)-mm-nekusar-discard assigned Stormfist Crusader (43) to attack Ai(4)-mm-giada-angels.
Phase: Ai(1)-mm-nekusar-discard's Declare Blockers Step
Combat: Ai(4)-mm-giada-angels didn't block Stormfist Crusader (43).
Phase: Ai(1)-mm-nekusar-discard's First Strike Damage Step
Phase: Ai(1)-mm-nekusar-discard's Combat Damage Step
Damage: Stormfist Crusader (43) deals 2 combat damage to Ai(4)-mm-giada-angels.
Life: Life: Ai(4)-mm-giada-angels 39 > 37
Phase: Ai(1)-mm-nekusar-discard's End of Combat Step
Phase: Ai(1)-mm-nekusar-discard's Main phase, postcombat
Mana: Island (36) - {T}: Add {U}.
Mana: Swamp (58) - {T}: Add {B}.
Mana: Luxury Suite (42) - {T}: Add {B} or {R}.
Mana: Xander's Lounge (68) - {T}: Add {R}.
Mana: Talisman of Creativity (91) - {T}: Add {C}.
Add To Stack: Ai(1)-mm-nekusar-discard cast Nekusar, the Mindrazer
Resolve Stack: Nekusar, the Mindrazer - Creature 2 / 4
Phase: Ai(1)-mm-nekusar-discard's End step
Phase: Ai(1)-mm-nekusar-discard's Cleanup step
Turn: Turn 17 (Ai(2)-mm-jarad-graveyard)
Phase: Ai(2)-mm-jarad-graveyard's Untap step
Phase: Ai(2)-mm-jarad-graveyard's Upkeep step
Phase: Ai(2)-mm-jarad-graveyard's Draw step
Add To Stack: Ai(1)-mm-nekusar-discard triggered Nekusar, the Mindrazer
Add To Stack: Ai(1)-mm-nekusar-discard triggered Nekusar, the Mindrazer
Resolve Stack: At the beginning of each player's draw step, that player draws an additional card. [Phase: Ai(2)-mm-jarad-graveyard]
Add To Stack: Ai(1)-mm-nekusar-discard triggered Nekusar, the Mindrazer
Damage: Nekusar, the Mindrazer (100) deals 1 non-combat damage to Ai(2)-mm-jarad-graveyard.
Life: Life: Ai(2)-mm-jarad-graveyard 39 > 38
Resolve Stack: Whenever an opponent draws a card, Nekusar, the Mindrazer deals 1 damage to that player. [Player: Ai(2)-mm-jarad-graveyard]
Damage: Nekusar, the Mindrazer (100) deals 1 non-combat damage to Ai(2)-mm-jarad-graveyard.
Life: Life: Ai(2)-mm-jarad-graveyard 38 > 37
Resolve Stack: Whenever an opponent draws a card, Nekusar, the Mindrazer deals 1 damage to that player. [Player: Ai(2)-mm-jarad-graveyard]
Phase: Ai(2)-mm-jarad-graveyard's Main phase, precombat
Phase: Ai(2)-mm-jarad-graveyard's Beginning of Combat Step
Phase: Ai(2)-mm-jarad-graveyard's Declare Attackers Step
Phase: Ai(2)-mm-jarad-graveyard's Declare Blockers Step
Phase: Ai(2)-mm-jarad-graveyard's First Strike Damage Step
Phase: Ai(2)-mm-jarad-graveyard's Combat Damage Step
Phase: Ai(2)-mm-jarad-graveyard's End of Combat Step
Phase: Ai(2)-mm-jarad-graveyard's Main phase, postcombat
Replacement Effect: Golgari Rot Farm enters tapped.
Land: Ai(2)-mm-jarad-graveyard played Golgari Rot Farm (176)
Add To Stack: Ai(2)-mm-jarad-graveyard triggered Golgari Rot Farm
Resolve Stack: When Golgari Rot Farm enters, return a land you control to its owner's hand. [Zone Changer: Golgari Rot Farm (176)]
Mana: Swamp (162) - {T}: Add {B}.
Mana: Forest (128) - {T}: Add {G}.
Add To Stack: Ai(2)-mm-jarad-graveyard cast Fiend Artisan
Resolve Stack: Fiend Artisan - Creature 1 / 1
Mana: Tainted Wood (112) - {T}: Add {C}.
Add To Stack: Ai(2)-mm-jarad-graveyard cast Sol Ring
Resolve Stack: Sol Ring
Phase: Ai(2)-mm-jarad-graveyard's End step
Phase: Ai(2)-mm-jarad-graveyard's Cleanup step
Turn: Turn 18 (Ai(3)-mm-sythis-enchantress)
Phase: Ai(3)-mm-sythis-enchantress' Untap step
Phase: Ai(3)-mm-sythis-enchantress' Upkeep step
Phase: Ai(3)-mm-sythis-enchantress' Draw step
Add To Stack: Ai(1)-mm-nekusar-discard triggered Nekusar, the Mindrazer
Add To Stack: Ai(1)-mm-nekusar-discard triggered Nekusar, the Mindrazer
Resolve Stack: At the beginning of each player's draw step, that player draws an additional card. [Phase: Ai(3)-mm-sythis-enchantress]
Add To Stack: Ai(1)-mm-nekusar-discard triggered Nekusar, the Mindrazer
Damage: Nekusar, the Mindrazer (100) deals 1 non-combat damage to Ai(3)-mm-sythis-enchantress.
Life: Life: Ai(3)-mm-sythis-enchantress 39 > 38
Resolve Stack: Whenever an opponent draws a card, Nekusar, the Mindrazer deals 1 damage to that player. [Player: Ai(3)-mm-sythis-enchantress]
Damage: Nekusar, the Mindrazer (100) deals 1 non-combat damage to Ai(3)-mm-sythis-enchantress.
Life: Life: Ai(3)-mm-sythis-enchantress 38 > 37
Resolve Stack: Whenever an opponent draws a card, Nekusar, the Mindrazer deals 1 damage to that player. [Player: Ai(3)-mm-sythis-enchantress]
Phase: Ai(3)-mm-sythis-enchantress' Main phase, precombat
Land: Ai(3)-mm-sythis-enchantress played Plains (293)
Mana: Plains (293) - {T}: Add {W}.
Mana: Canopy Vista (270) - {T}: Add {W}.
Mana: Reliquary Tower (274) - {T}: Add {C}.
Mana: Temple Garden (275) - {T}: Add {G}.
Mana: Hall of Heliod's Generosity (212) - {T}: Add {C}.
Add To Stack: Ai(3)-mm-sythis-enchantress cast Winds of Rath
Zone Change: Giada, Font of Hope (403) was put into Graveyard from Battlefield.
Zone Change: Archangel of Thune (338) was put into Graveyard from Battlefield.
Zone Change: Stormfist Crusader (43) was put into Graveyard from Battlefield.
Zone Change: Nekusar, the Mindrazer (100) was put into Graveyard from Battlefield.
Zone Change: World Shaper (157) was put into Graveyard from Battlefield.
Zone Change: Fiend Artisan (138) was put into Graveyard from Battlefield.
Resolve Stack: Winds of Rath (280) - Destroy all creatures that aren't enchanted. They can't be regenerated.
Add To Stack: Ai(2)-mm-jarad-graveyard triggered World Shaper
Resolve Stack: When World Shaper dies, put all land cards from your graveyard onto the battlefield tapped. [Zone Changer: World Shaper (157)]
Phase: Ai(3)-mm-sythis-enchantress' Beginning of Combat Step
Phase: Ai(3)-mm-sythis-enchantress' Declare Attackers Step
Phase: Ai(3)-mm-sythis-enchantress' Declare Blockers Step
Phase: Ai(3)-mm-sythis-enchantress' First Strike Damage Step
Phase: Ai(3)-mm-sythis-enchantress' Combat Damage Step
Phase: Ai(3)-mm-sythis-enchantress' End of Combat Step
Phase: Ai(3)-mm-sythis-enchantress' Main phase, postcombat
Phase: Ai(3)-mm-sythis-enchantress' End step
Phase: Ai(3)-mm-sythis-enchantress' Cleanup step
Turn: Turn 19 (Ai(4)-mm-giada-angels)
Phase: Ai(4)-mm-giada-angels' Untap step
Phase: Ai(4)-mm-giada-angels' Upkeep step
Phase: Ai(4)-mm-giada-angels' Draw step
Phase: Ai(4)-mm-giada-angels' Main phase, precombat
Land: Ai(4)-mm-giada-angels played Plains (395)
Mana: Plains (386) - {T}: Add {W}.
Mana: Plains (387) - {T}: Add {W}.
Mana: Plains (374) - {T}: Add {W}.
Mana: Plains (395) - {T}: Add {W}.
Add To Stack: Ai(4)-mm-giada-angels cast Archangel of Tithes
Resolve Stack: Archangel of Tithes - Creature 3 / 5
Mana: War Room (341) - {T}: Add {C}.
Add To Stack: Ai(4)-mm-giada-angels activated Swiftfoot Boots targeting [Archangel of Tithes (307)]
Resolve Stack: Swiftfoot Boots (344) -  Attach to Archangel of Tithes (307)
Phase: Ai(4)-mm-giada-angels' Beginning of Combat Step
Phase: Ai(4)-mm-giada-angels' Declare Attackers Step
Combat: Ai(4)-mm-giada-angels assigned Archangel of Tithes (307) to attack Ai(1)-mm-nekusar-discard.
Phase: Ai(4)-mm-giada-angels' Declare Blockers Step
Combat: Ai(1)-mm-nekusar-discard didn't block Archangel of Tithes (307).
Phase: Ai(4)-mm-giada-angels' First Strike Damage Step
Phase: Ai(4)-mm-giada-angels' Combat Damage Step
Damage: Archangel of Tithes (307) deals 3 combat damage to Ai(1)-mm-nekusar-discard.
Life: Life: Ai(1)-mm-nekusar-discard 35 > 32
Phase: Ai(4)-mm-giada-angels' End of Combat Step
Phase: Ai(4)-mm-giada-angels' Main phase, postcombat
Phase: Ai(4)-mm-giada-angels' End step
Phase: Ai(4)-mm-giada-angels' Cleanup step
Turn: Turn 20 (Ai(1)-mm-nekusar-discard)
Phase: Ai(1)-mm-nekusar-discard's Untap step
Phase: Ai(1)-mm-nekusar-discard's Upkeep step
Phase: Ai(1)-mm-nekusar-discard's Draw step
Phase: Ai(1)-mm-nekusar-discard's Main phase, precombat
Land: Ai(1)-mm-nekusar-discard played Swamp (56)
Phase: Ai(1)-mm-nekusar-discard's Beginning of Combat Step
Phase: Ai(1)-mm-nekusar-discard's Declare Attackers Step
Phase: Ai(1)-mm-nekusar-discard's Declare Blockers Step
Phase: Ai(1)-mm-nekusar-discard's First Strike Damage Step
Phase: Ai(1)-mm-nekusar-discard's Combat Damage Step
Phase: Ai(1)-mm-nekusar-discard's End of Combat Step
Phase: Ai(1)-mm-nekusar-discard's Main phase, postcombat
Mana: Island (36) - {T}: Add {U}.
Mana: Luxury Suite (42) - {T}: Add {B} or {R}.
Mana: Swamp (58) - {T}: Add {B}.
Mana: Swamp (56) - {T}: Add {B}.
Mana: Xander's Lounge (68) - {T}: Add {R}.
Mana: Talisman of Creativity (91) - {T}: Add {C}.
Add To Stack: Ai(1)-mm-nekusar-discard cast The Locust God
Resolve Stack: The Locust God - Creature 4 / 4
Phase: Ai(1)-mm-nekusar-discard's End step
Phase: Ai(1)-mm-nekusar-discard's Cleanup step
Turn: Turn 21 (Ai(2)-mm-jarad-graveyard)
Phase: Ai(2)-mm-jarad-graveyard's Untap step
Phase: Ai(2)-mm-jarad-graveyard's Upkeep step
Phase: Ai(2)-mm-jarad-graveyard's Draw step
Phase: Ai(2)-mm-jarad-graveyard's Main phase, precombat
Land: Ai(2)-mm-jarad-graveyard played Swamp (161)
Phase: Ai(2)-mm-jarad-graveyard's Beginning of Combat Step
Phase: Ai(2)-mm-jarad-graveyard's Declare Attackers Step
Phase: Ai(2)-mm-jarad-graveyard's Declare Blockers Step
Phase: Ai(2)-mm-jarad-graveyard's First Strike Damage Step
Phase: Ai(2)-mm-jarad-graveyard's Combat Damage Step
Phase: Ai(2)-mm-jarad-graveyard's End of Combat Step
Phase: Ai(2)-mm-jarad-graveyard's Main phase, postcombat
Mana: Forest (128) - {T}: Add {G}.
Mana: Swamp (162) - {T}: Add {B}.
Mana: Swamp (161) - {T}: Add {B}.
Mana: Sol Ring (117) - {T}: Add {C}{C}.
Mana: Golgari Rot Farm (176) - {T}: Add {B}{G}.
Add To Stack: Ai(2)-mm-jarad-graveyard cast Yargle and Multani
Resolve Stack: Yargle and Multani - Creature 18 / 6
Phase: Ai(2)-mm-jarad-graveyard's End step
Phase: Ai(2)-mm-jarad-graveyard's Cleanup step
Turn: Turn 22 (Ai(3)-mm-sythis-enchantress)
Phase: Ai(3)-mm-sythis-enchantress' Untap step
Phase: Ai(3)-mm-sythis-enchantress' Upkeep step
Phase: Ai(3)-mm-sythis-enchantress' Draw step
Phase: Ai(3)-mm-sythis-enchantress' Main phase, precombat
Replacement Effect: As Fortified Village enters, you may reveal a Forest or Plains card from your hand. If you don't, Fortified Village enters tapped.
Land: Ai(3)-mm-sythis-enchantress played Fortified Village (251)
Phase: Ai(3)-mm-sythis-enchantress' Beginning of Combat Step
Phase: Ai(3)-mm-sythis-enchantress' Declare Attackers Step
Phase: Ai(3)-mm-sythis-enchantress' Declare Blockers Step
Phase: Ai(3)-mm-sythis-enchantress' First Strike Damage Step
Phase: Ai(3)-mm-sythis-enchantress' Combat Damage Step
Phase: Ai(3)-mm-sythis-enchantress' End of Combat Step
Phase: Ai(3)-mm-sythis-enchantress' Main phase, postcombat
Mana: Plains (293) - {T}: Add {W}.
Mana: Fortified Village (251) - {T}: Add {G} or {W}.
Mana: Canopy Vista (270) - {T}: Add {W}.
Mana: Reliquary Tower (274) - {T}: Add {C}.
Mana: Temple Garden (275) - {T}: Add {G}.
Add To Stack: Ai(3)-mm-sythis-enchantress cast Privileged Position
Resolve Stack: Privileged Position
Phase: Ai(3)-mm-sythis-enchantress' End step
Phase: Ai(3)-mm-sythis-enchantress' Cleanup step
Turn: Turn 23 (Ai(4)-mm-giada-angels)
Phase: Ai(4)-mm-giada-angels' Untap step
Phase: Ai(4)-mm-giada-angels' Upkeep step
Phase: Ai(4)-mm-giada-angels' Draw step
Phase: Ai(4)-mm-giada-angels' Main phase, precombat
Mana: Plains (386) - {T}: Add {W}.
Mana: Plains (387) - {T}: Add {W}.
Mana: Plains (374) - {T}: Add {W}.
Add To Stack: Ai(4)-mm-giada-angels cast Angel of Vitality
Resolve Stack: Angel of Vitality - Creature 2 / 2
Phase: Ai(4)-mm-giada-angels' Beginning of Combat Step
Phase: Ai(4)-mm-giada-angels' Declare Attackers Step
Combat: Ai(4)-mm-giada-angels assigned Archangel of Tithes (307) to attack Ai(2)-mm-jarad-graveyard.
Phase: Ai(4)-mm-giada-angels' Declare Blockers Step
Combat: Ai(2)-mm-jarad-graveyard didn't block Archangel of Tithes (307).
Phase: Ai(4)-mm-giada-angels' First Strike Damage Step
Phase: Ai(4)-mm-giada-angels' Combat Damage Step
Damage: Archangel of Tithes (307) deals 3 combat damage to Ai(2)-mm-jarad-graveyard.
Life: Life: Ai(2)-mm-jarad-graveyard 37 > 34
Phase: Ai(4)-mm-giada-angels' End of Combat Step
Phase: Ai(4)-mm-giada-angels' Main phase, postcombat
Mana: Plains (395) - {T}: Add {W}.
Mana: War Room (341) - {T}: Add {C}.
Add To Stack: Ai(4)-mm-giada-angels cast Arcane Signet
Resolve Stack: Arcane Signet
Phase: Ai(4)-mm-giada-angels' End step
Phase: Ai(4)-mm-giada-angels' Cleanup step
Turn: Turn 24 (Ai(1)-mm-nekusar-discard)
Phase: Ai(1)-mm-nekusar-discard's Untap step
Phase: Ai(1)-mm-nekusar-discard's Upkeep step
Phase: Ai(1)-mm-nekusar-discard's Draw step
Add To Stack: Ai(1)-mm-nekusar-discard triggered The Locust God
Resolve Stack: Whenever you draw a card, create a 1/1 blue and red Insect creature token with flying and haste. [Player: Ai(1)-mm-nekusar-discard]
Mana: Island (36) - {T}: Add {U}.
Mana: Swamp (58) - {T}: Add {B}.
Add To Stack: Ai(1)-mm-nekusar-discard cast Cyclonic Rift targeting [Yargle and Multani (154)]
Resolve Stack: Cyclonic Rift (7) - Return Yargle and Multani (154) to its owner's hand.
Phase: Ai(1)-mm-nekusar-discard's Main phase, precombat
Land: Ai(1)-mm-nekusar-discard played Mountain (84)
Phase: Ai(1)-mm-nekusar-discard's Beginning of Combat Step
Phase: Ai(1)-mm-nekusar-discard's Declare Attackers Step
Phase: Ai(1)-mm-nekusar-discard's Declare Blockers Step
Phase: Ai(1)-mm-nekusar-discard's First Strike Damage Step
Phase: Ai(1)-mm-nekusar-discard's Combat Damage Step
Phase: Ai(1)-mm-nekusar-discard's End of Combat Step
Phase: Ai(1)-mm-nekusar-discard's Main phase, postcombat
Mana: Xander's Lounge (68) - {T}: Add {U}.
Mana: Mountain (84) - {T}: Add {R}.
Mana: Swamp (56) - {T}: Add {B}.
Mana: Luxury Suite (42) - {T}: Add {B} or {R}.
Add To Stack: Ai(1)-mm-nekusar-discard activated The Locust God
Discard: Ai(1)-mm-nekusar-discard discards Island (39).
Resolve Stack: The Locust God (32) - Ai(1)-mm-nekusar-discard draws a card. Ai(1)-mm-nekusar-discard discards a card.
Add To Stack: Ai(1)-mm-nekusar-discard triggered The Locust God
Resolve Stack: Whenever you draw a card, create a 1/1 blue and red Insect creature token with flying and haste. [Player: Ai(1)-mm-nekusar-discard]
Phase: Ai(1)-mm-nekusar-discard's End step
Phase: Ai(1)-mm-nekusar-discard's Cleanup step
Turn: Turn 25 (Ai(2)-mm-jarad-graveyard)
Phase: Ai(2)-mm-jarad-graveyard's Untap step
Phase: Ai(2)-mm-jarad-graveyard's Upkeep step
Phase: Ai(2)-mm-jarad-graveyard's Draw step
Phase: Ai(2)-mm-jarad-graveyard's Main phase, precombat
Land: Ai(2)-mm-jarad-graveyard played Forest (134)
Phase: Ai(2)-mm-jarad-graveyard's Beginning of Combat Step
Phase: Ai(2)-mm-jarad-graveyard's Declare Attackers Step
Phase: Ai(2)-mm-jarad-graveyard's Declare Blockers Step
Phase: Ai(2)-mm-jarad-graveyard's First Strike Damage Step
Phase: Ai(2)-mm-jarad-graveyard's Combat Damage Step
Phase: Ai(2)-mm-jarad-graveyard's End of Combat Step
Phase: Ai(2)-mm-jarad-graveyard's Main phase, postcombat
Mana: Swamp (162) - {T}: Add {B}.
Mana: Swamp (161) - {T}: Add {B}.
Mana: Forest (128) - {T}: Add {G}.
Mana: Sol Ring (117) - {T}: Add {C}{C}.
Mana: Forest (134) - {T}: Add {G}.
Add To Stack: Ai(2)-mm-jarad-graveyard cast Yargle and Multani
Resolve Stack: Yargle and Multani - Creature 18 / 6
Phase: Ai(2)-mm-jarad-graveyard's End step
Phase: Ai(2)-mm-jarad-graveyard's Cleanup step
Turn: Turn 26 (Ai(3)-mm-sythis-enchantress)
Phase: Ai(3)-mm-sythis-enchantress' Untap step
Phase: Ai(3)-mm-sythis-enchantress' Upkeep step
Phase: Ai(3)-mm-sythis-enchantress' Draw step
Phase: Ai(3)-mm-sythis-enchantress' Main phase, precombat
Land: Ai(3)-mm-sythis-enchantress played Plains (294)
Phase: Ai(3)-mm-sythis-enchantress' Beginning of Combat Step
Phase: Ai(3)-mm-sythis-enchantress' Declare Attackers Step
Phase: Ai(3)-mm-sythis-enchantress' Declare Blockers Step
Phase: Ai(3)-mm-sythis-enchantress' First Strike Damage Step
Phase: Ai(3)-mm-sythis-enchantress' Combat Damage Step
Phase: Ai(3)-mm-sythis-enchantress' End of Combat Step
Phase: Ai(3)-mm-sythis-enchantress' Main phase, postcombat
Mana: Plains (293) - {T}: Add {W}.
Mana: Plains (294) - {T}: Add {W}.
Mana: Reliquary Tower (274) - {T}: Add {C}.
Mana: Fortified Village (251) - {T}: Add {G} or {W}.
Mana: Canopy Vista (270) - {T}: Add {G}.
Add To Stack: Ai(3)-mm-sythis-enchantress cast Sigil of the Empty Throne
Resolve Stack: Sigil of the Empty Throne
Phase: Ai(3)-mm-sythis-enchantress' End step
Phase: Ai(3)-mm-sythis-enchantress' Cleanup step
Turn: Turn 27 (Ai(4)-mm-giada-angels)
Phase: Ai(4)-mm-giada-angels' Untap step
Phase: Ai(4)-mm-giada-angels' Upkeep step
Phase: Ai(4)-mm-giada-angels' Draw step
Phase: Ai(4)-mm-giada-angels' Main phase, precombat
Land: Ai(4)-mm-giada-angels played Plains (392)
Phase: Ai(4)-mm-giada-angels' Beginning of Combat Step
Phase: Ai(4)-mm-giada-angels' Declare Attackers Step
Combat: Ai(4)-mm-giada-angels assigned Angel of Vitality (322) and Archangel of Tithes (307) to attack Ai(2)-mm-jarad-graveyard.
Phase: Ai(4)-mm-giada-angels' Declare Blockers Step
Combat: Ai(2)-mm-jarad-graveyard didn't block Angel of Vitality (322).
Ai(2)-mm-jarad-graveyard didn't block Archangel of Tithes (307).
Phase: Ai(4)-mm-giada-angels' First Strike Damage Step
Phase: Ai(4)-mm-giada-angels' Combat Damage Step
Damage: Angel of Vitality (322) deals 4 combat damage to Ai(2)-mm-jarad-graveyard.
Damage: Archangel of Tithes (307) deals 3 combat damage to Ai(2)-mm-jarad-graveyard.
Life: Life: Ai(2)-mm-jarad-graveyard 34 > 27
Phase: Ai(4)-mm-giada-angels' End of Combat Step
Phase: Ai(4)-mm-giada-angels' Main phase, postcombat
Mana: Plains (386) - {T}: Add {W}.
Mana: Plains (387) - {T}: Add {W}.
Mana: Plains (374) - {T}: Add {W}.
Mana: Plains (395) - {T}: Add {W}.
Mana: Arcane Signet (402) - {T}: Add one mana of any color in your commander's color identity.
Mana: Plains (392) - {T}: Add {W}.
Mana: War Room (341) - {T}: Add {C}.
Add To Stack: Ai(4)-mm-giada-angels cast Bruna, the Fading Light
Add To Stack: Ai(4)-mm-giada-angels triggered Bruna, the Fading Light targeting [Archangel of Thune (338)]
Resolve Stack: When you cast Bruna, the Fading Light, you may return target Angel or Human creature card from your graveyard to the battlefield. (Targeting: [[Archangel of Thune (338)]]) [Card: Bruna, the Fading Light (351), Activator: Ai(4)-mm-giada-angels, SpellAbility: Bruna, the Fading Light - Creature 5 / 7]
Resolve Stack: Bruna, the Fading Light - Creature 5 / 7
Phase: Ai(4)-mm-giada-angels' End step
Phase: Ai(4)-mm-giada-angels' Cleanup step
Turn: Turn 28 (Ai(1)-mm-nekusar-discard)
Phase: Ai(1)-mm-nekusar-discard's Untap step
Phase: Ai(1)-mm-nekusar-discard's Upkeep step
Phase: Ai(1)-mm-nekusar-discard's Draw step
Add To Stack: Ai(1)-mm-nekusar-discard triggered The Locust God
Resolve Stack: Whenever you draw a card, create a 1/1 blue and red Insect creature token with flying and haste. [Player: Ai(1)-mm-nekusar-discard]
Phase: Ai(1)-mm-nekusar-discard's Main phase, precombat
Replacement Effect: Sulfur Falls enters tapped unless you control an Island or a Mountain.
Land: Ai(1)-mm-nekusar-discard played Sulfur Falls (29)
Phase: Ai(1)-mm-nekusar-discard's Beginning of Combat Step
Phase: Ai(1)-mm-nekusar-discard's Declare Attackers Step
Phase: Ai(1)-mm-nekusar-discard's Declare Blockers Step
Phase: Ai(1)-mm-nekusar-discard's First Strike Damage Step
Phase: Ai(1)-mm-nekusar-discard's Combat Damage Step
Phase: Ai(1)-mm-nekusar-discard's End of Combat Step
Phase: Ai(1)-mm-nekusar-discard's Main phase, postcombat
Mana: Island (36) - {T}: Add {U}.
Mana: Swamp (58) - {T}: Add {B}.
Mana: Mountain (84) - {T}: Add {R}.
Mana: Swamp (56) - {T}: Add {B}.
Mana: Luxury Suite (42) - {T}: Add {B} or {R}.
Mana: Sulfur Falls (29) - {T}: Add {U} or {R}.
Mana: Xander's Lounge (68) - {T}: Add {R}.
Add To Stack: Ai(1)-mm-nekusar-discard cast Nekusar, the Mindrazer
Resolve Stack: Nekusar, the Mindrazer - Creature 2 / 4
Phase: Ai(1)-mm-nekusar-discard's End step
Phase: Ai(1)-mm-nekusar-discard's Cleanup step
Turn: Turn 29 (Ai(2)-mm-jarad-graveyard)
Phase: Ai(2)-mm-jarad-graveyard's Untap step
Phase: Ai(2)-mm-jarad-graveyard's Upkeep step
Phase: Ai(2)-mm-jarad-graveyard's Draw step
Add To Stack: Ai(1)-mm-nekusar-discard triggered Nekusar, the Mindrazer
Add To Stack: Ai(1)-mm-nekusar-discard triggered Nekusar, the Mindrazer
Resolve Stack: At the beginning of each player's draw step, that player draws an additional card. [Phase: Ai(2)-mm-jarad-graveyard]
Add To Stack: Ai(1)-mm-nekusar-discard triggered Nekusar, the Mindrazer
Damage: Nekusar, the Mindrazer (100) deals 1 non-combat damage to Ai(2)-mm-jarad-graveyard.
Life: Life: Ai(2)-mm-jarad-graveyard 27 > 26
Resolve Stack: Whenever an opponent draws a card, Nekusar, the Mindrazer deals 1 damage to that player. [Player: Ai(2)-mm-jarad-graveyard]
Damage: Nekusar, the Mindrazer (100) deals 1 non-combat damage to Ai(2)-mm-jarad-graveyard.
Life: Life: Ai(2)-mm-jarad-graveyard 26 > 25
Resolve Stack: Whenever an opponent draws a card, Nekusar, the Mindrazer deals 1 damage to that player. [Player: Ai(2)-mm-jarad-graveyard]
Phase: Ai(2)-mm-jarad-graveyard's Main phase, precombat
Land: Ai(2)-mm-jarad-graveyard played Swamp (164)
Phase: Ai(2)-mm-jarad-graveyard's Beginning of Combat Step
Phase: Ai(2)-mm-jarad-graveyard's Declare Attackers Step
Combat: Ai(2)-mm-jarad-graveyard assigned Yargle and Multani (154) to attack Ai(4)-mm-giada-angels.
Phase: Ai(2)-mm-jarad-graveyard's Declare Blockers Step
Combat: Ai(4)-mm-giada-angels didn't block Yargle and Multani (154).
Phase: Ai(2)-mm-jarad-graveyard's First Strike Damage Step
Phase: Ai(2)-mm-jarad-graveyard's Combat Damage Step
Damage: Yargle and Multani (154) deals 18 combat damage to Ai(4)-mm-giada-angels.
Life: Life: Ai(4)-mm-giada-angels 37 > 19
Phase: Ai(2)-mm-jarad-graveyard's End of Combat Step
Phase: Ai(2)-mm-jarad-graveyard's Main phase, postcombat
Mana: Forest (128) - {T}: Add {G}.
Mana: Swamp (162) - {T}: Add {B}.
Mana: Sol Ring (117) - {T}: Add {C}{C}.
Mana: Forest (134) - {T}: Add {G}.
Mana: Swamp (161) - {T}: Add {B}.
Add To Stack: Ai(2)-mm-jarad-graveyard cast Deadbridge Chant
Resolve Stack: Deadbridge Chant
Add To Stack: Ai(2)-mm-jarad-graveyard triggered Deadbridge Chant
Zone Change: Ai(2)-mm-jarad-graveyard milled Eternal Witness (106), Stinkweed Imp (190), Rise of the Witch-king (107), Birds of Paradise (181), Golgari Signet (116), Ripples of Undeath (114), Swamp (163), Brawn (115), Living Death (121) and Moldervine Reclamation (147).
Resolve Stack: When Deadbridge Chant enters, mill ten cards. [Zone Changer: Deadbridge Chant (192)]
Mana: Swamp (164) - {T}: Add {B}.
Mana: Golgari Rot Farm (176) - {T}: Add {B}{G}.
Mana: Tainted Wood (112) - {T}: Add {C}.
Add To Stack: Ai(2)-mm-jarad-graveyard cast Mortivore
Resolve Stack: Mortivore - Creature * / *
Phase: Ai(2)-mm-jarad-graveyard's End step
Phase: Ai(2)-mm-jarad-graveyard's Cleanup step
Turn: Turn 30 (Ai(3)-mm-sythis-enchantress)
Phase: Ai(3)-mm-sythis-enchantress' Untap step
Phase: Ai(3)-mm-sythis-enchantress' Upkeep step
Phase: Ai(3)-mm-sythis-enchantress' Draw step
Add To Stack: Ai(1)-mm-nekusar-discard triggered Nekusar, the Mindrazer
Add To Stack: Ai(1)-mm-nekusar-discard triggered Nekusar, the Mindrazer
Resolve Stack: At the beginning of each player's draw step, that player draws an additional card. [Phase: Ai(3)-mm-sythis-enchantress]
Add To Stack: Ai(1)-mm-nekusar-discard triggered Nekusar, the Mindrazer
Damage: Nekusar, the Mindrazer (100) deals 1 non-combat damage to Ai(3)-mm-sythis-enchantress.
Life: Life: Ai(3)-mm-sythis-enchantress 37 > 36
Resolve Stack: Whenever an opponent draws a card, Nekusar, the Mindrazer deals 1 damage to that player. [Player: Ai(3)-mm-sythis-enchantress]
Damage: Nekusar, the Mindrazer (100) deals 1 non-combat damage to Ai(3)-mm-sythis-enchantress.
Life: Life: Ai(3)-mm-sythis-enchantress 36 > 35
Resolve Stack: Whenever an opponent draws a card, Nekusar, the Mindrazer deals 1 damage to that player. [Player: Ai(3)-mm-sythis-enchantress]
Phase: Ai(3)-mm-sythis-enchantress' Main phase, precombat
Phase: Ai(3)-mm-sythis-enchantress' Beginning of Combat Step
Phase: Ai(3)-mm-sythis-enchantress' Declare Attackers Step
Phase: Ai(3)-mm-sythis-enchantress' Declare Blockers Step
Phase: Ai(3)-mm-sythis-enchantress' First Strike Damage Step
Phase: Ai(3)-mm-sythis-enchantress' Combat Damage Step
Phase: Ai(3)-mm-sythis-enchantress' End of Combat Step
Phase: Ai(3)-mm-sythis-enchantress' Main phase, postcombat
Mana: Fortified Village (251) - {T}: Add {G} or {W}.
Mana: Plains (293) - {T}: Add {W}.
Add To Stack: Ai(3)-mm-sythis-enchantress cast Sythis, Harvest's Hand
Add To Stack: Ai(3)-mm-sythis-enchantress triggered Sigil of the Empty Throne
Resolve Stack: Whenever you cast an enchantment spell, create a 4/4 white Angel creature token with flying. [Card: Sythis, Harvest's Hand (302), Activator: Ai(3)-mm-sythis-enchantress, SpellAbility: Sythis, Harvest's Hand - Creature 1 / 2]
Resolve Stack: Sythis, Harvest's Hand - Creature 1 / 2
Mana: Canopy Vista (270) - {T}: Add {G}.
Mana: Temple Garden (275) - {T}: Add {G}.
Mana: Reliquary Tower (274) - {T}: Add {C}.
Add To Stack: Ai(3)-mm-sythis-enchantress cast Verduran Enchantress
Resolve Stack: Verduran Enchantress - Creature 0 / 2
Phase: Ai(3)-mm-sythis-enchantress' End step
Phase: Ai(3)-mm-sythis-enchantress' Cleanup step
Turn: Turn 31 (Ai(4)-mm-giada-angels)
Phase: Ai(4)-mm-giada-angels' Untap step
Phase: Ai(4)-mm-giada-angels' Upkeep step
Phase: Ai(4)-mm-giada-angels' Draw step
Add To Stack: Ai(1)-mm-nekusar-discard triggered Nekusar, the Mindrazer
Add To Stack: Ai(1)-mm-nekusar-discard triggered Nekusar, the Mindrazer
Resolve Stack: At the beginning of each player's draw step, that player draws an additional card. [Phase: Ai(4)-mm-giada-angels]
Add To Stack: Ai(1)-mm-nekusar-discard triggered Nekusar, the Mindrazer
Damage: Nekusar, the Mindrazer (100) deals 1 non-combat damage to Ai(4)-mm-giada-angels.
Life: Life: Ai(4)-mm-giada-angels 19 > 18
Resolve Stack: Whenever an opponent draws a card, Nekusar, the Mindrazer deals 1 damage to that player. [Player: Ai(4)-mm-giada-angels]
Damage: Nekusar, the Mindrazer (100) deals 1 non-combat damage to Ai(4)-mm-giada-angels.
Life: Life: Ai(4)-mm-giada-angels 18 > 17
Resolve Stack: Whenever an opponent draws a card, Nekusar, the Mindrazer deals 1 damage to that player. [Player: Ai(4)-mm-giada-angels]
Phase: Ai(4)-mm-giada-angels' Main phase, precombat
Mana: Plains (392) - {T}: Add {W}.
Add To Stack: Ai(4)-mm-giada-angels activated Swiftfoot Boots targeting [Bruna, the Fading Light (351)]
Resolve Stack: Swiftfoot Boots (344) -  Attach to Bruna, the Fading Light (351)
Phase: Ai(4)-mm-giada-angels' Beginning of Combat Step
Phase: Ai(4)-mm-giada-angels' Declare Attackers Step
Combat: Ai(4)-mm-giada-angels assigned Archangel of Tithes (307), Archangel of Thune (338) and Bruna, the Fading Light (351) to attack Ai(2)-mm-jarad-graveyard.
Phase: Ai(4)-mm-giada-angels' Declare Blockers Step
Combat: Ai(2)-mm-jarad-graveyard didn't block Archangel of Tithes (307).
Ai(2)-mm-jarad-graveyard didn't block Archangel of Thune (338).
Ai(2)-mm-jarad-graveyard didn't block Bruna, the Fading Light (351).
Phase: Ai(4)-mm-giada-angels' First Strike Damage Step
Phase: Ai(4)-mm-giada-angels' Combat Damage Step
Damage: Archangel of Tithes (307) deals 3 combat damage to Ai(2)-mm-jarad-graveyard.
Damage: Archangel of Thune (338) deals 3 combat damage to Ai(2)-mm-jarad-graveyard.
Replacement Effect: If you would gain life, you gain that much life plus 1 instead.
Life: Life: Ai(4)-mm-giada-angels 17 > 21
Damage: Bruna, the Fading Light (351) deals 5 combat damage to Ai(2)-mm-jarad-graveyard.
Life: Life: Ai(2)-mm-jarad-graveyard 25 > 14
Add To Stack: Ai(4)-mm-giada-angels triggered Archangel of Thune
Resolve Stack: Whenever you gain life, put a +1/+1 counter on each creature you control. [Player: Ai(4)-mm-giada-angels, Gained Amount: 4]
Phase: Ai(4)-mm-giada-angels' End of Combat Step
Phase: Ai(4)-mm-giada-angels' Main phase, postcombat
Mana: Plains (386) - {T}: Add {W}.
Mana: Plains (387) - {T}: Add {W}.
Mana: Plains (374) - {T}: Add {W}.
Mana: Plains (395) - {T}: Add {W}.
Mana: Arcane Signet (402) - {T}: Add one mana of any color in your commander's color identity.
Add To Stack: Ai(4)-mm-giada-angels cast Vanquisher's Banner
Replacement Effect: As Vanquisher's Banner enters, choose a creature type.
Resolve Stack: Vanquisher's Banner
Phase: Ai(4)-mm-giada-angels' End step
Phase: Ai(4)-mm-giada-angels' Cleanup step
Turn: Turn 32 (Ai(1)-mm-nekusar-discard)
Phase: Ai(1)-mm-nekusar-discard's Untap step
Phase: Ai(1)-mm-nekusar-discard's Upkeep step
Phase: Ai(1)-mm-nekusar-discard's Draw step
Add To Stack: Ai(1)-mm-nekusar-discard triggered Nekusar, the Mindrazer
Add To Stack: Ai(1)-mm-nekusar-discard triggered The Locust God
Resolve Stack: Whenever you draw a card, create a 1/1 blue and red Insect creature token with flying and haste. [Player: Ai(1)-mm-nekusar-discard]
Resolve Stack: At the beginning of each player's draw step, that player draws an additional card. [Phase: Ai(1)-mm-nekusar-discard]
Add To Stack: Ai(1)-mm-nekusar-discard triggered The Locust God
Resolve Stack: Whenever you draw a card, create a 1/1 blue and red Insect creature token with flying and haste. [Player: Ai(1)-mm-nekusar-discard]
Phase: Ai(1)-mm-nekusar-discard's Main phase, precombat
Phase: Ai(1)-mm-nekusar-discard's Beginning of Combat Step
Phase: Ai(1)-mm-nekusar-discard's Declare Attackers Step
Phase: Ai(1)-mm-nekusar-discard's Declare Blockers Step
Phase: Ai(1)-mm-nekusar-discard's First Strike Damage Step
Phase: Ai(1)-mm-nekusar-discard's Combat Damage Step
Phase: Ai(1)-mm-nekusar-discard's End of Combat Step
Phase: Ai(1)-mm-nekusar-discard's Main phase, postcombat
Mana: Swamp (58) - {T}: Add {B}.
Mana: Swamp (56) - {T}: Add {B}.
Mana: Mountain (84) - {T}: Add {R}.
Mana: Island (36) - {T}: Add {U}.
Add To Stack: Ai(1)-mm-nekusar-discard cast Sheoldred, the Apocalypse
Resolve Stack: Sheoldred, the Apocalypse - Creature 4 / 5
Mana: Sulfur Falls (29) - {T}: Add {U} or {R}.
Mana: Luxury Suite (42) - {T}: Add {B} or {R}.
Mana: Xander's Lounge (68) - {T}: Add {R}.
Mana: Talisman of Creativity (91) - {T}: Add {C}.
Add To Stack: Ai(1)-mm-nekusar-discard activated The Locust God
Discard: Ai(1)-mm-nekusar-discard discards Echo of Eons (96).
Resolve Stack: The Locust God (32) - Ai(1)-mm-nekusar-discard draws a card. Ai(1)-mm-nekusar-discard discards a card.
Add To Stack: Ai(1)-mm-nekusar-discard triggered Sheoldred, the Apocalypse
Add To Stack: Ai(1)-mm-nekusar-discard triggered The Locust God
Resolve Stack: Whenever you draw a card, create a 1/1 blue and red Insect creature token with flying and haste. [Player: Ai(1)-mm-nekusar-discard]
Life: Life: Ai(1)-mm-nekusar-discard 32 > 34
Resolve Stack: Whenever you draw a card, you gain 2 life. [Player: Ai(1)-mm-nekusar-discard]
Phase: Ai(1)-mm-nekusar-discard's End step
Phase: Ai(1)-mm-nekusar-discard's Cleanup step
Turn: Turn 33 (Ai(2)-mm-jarad-graveyard)
Phase: Ai(2)-mm-jarad-graveyard's Untap step
Phase: Ai(2)-mm-jarad-graveyard's Upkeep step
Add To Stack: Ai(2)-mm-jarad-graveyard triggered Deadbridge Chant
Resolve Stack: At the beginning of your upkeep, choose a card at random in your graveyard. If it's a creature card, put it onto the battlefield. Otherwise, put it into your hand. [Phase: Ai(2)-mm-jarad-graveyard]
Phase: Ai(2)-mm-jarad-graveyard's Draw step
Zone Change: Ai(2)-mm-jarad-graveyard milled Rampant Growth (188), Ramunap Excavator (124), Cultivate (141), Nyx Weaver (171) and Forest (127).
Replacement Effect: Stinkweed Imp - Dredge 5
Add To Stack: Ai(1)-mm-nekusar-discard triggered Nekusar, the Mindrazer
Resolve Stack: At the beginning of each player's draw step, that player draws an additional card. [Phase: Ai(2)-mm-jarad-graveyard]
Add To Stack: Ai(1)-mm-nekusar-discard triggered Nekusar, the Mindrazer
Add To Stack: Ai(1)-mm-nekusar-discard triggered Sheoldred, the Apocalypse
Life: Life: Ai(2)-mm-jarad-graveyard 14 > 12
Resolve Stack: Whenever an opponent draws a card, they lose 2 life. [Player: Ai(2)-mm-jarad-graveyard]
Damage: Nekusar, the Mindrazer (100) deals 1 non-combat damage to Ai(2)-mm-jarad-graveyard.
Life: Life: Ai(2)-mm-jarad-graveyard 12 > 11
Resolve Stack: Whenever an opponent draws a card, Nekusar, the Mindrazer deals 1 damage to that player. [Player: Ai(2)-mm-jarad-graveyard]
Phase: Ai(2)-mm-jarad-graveyard's Main phase, precombat
Land: Ai(2)-mm-jarad-graveyard played Forest (131)
Phase: Ai(2)-mm-jarad-graveyard's Beginning of Combat Step
Phase: Ai(2)-mm-jarad-graveyard's Declare Attackers Step
Phase: Ai(2)-mm-jarad-graveyard's Declare Blockers Step
Phase: Ai(2)-mm-jarad-graveyard's First Strike Damage Step
Phase: Ai(2)-mm-jarad-graveyard's Combat Damage Step
Phase: Ai(2)-mm-jarad-graveyard's End of Combat Step
Phase: Ai(2)-mm-jarad-graveyard's Main phase, postcombat
Mana: Swamp (162) - {T}: Add {B}.
Mana: Forest (128) - {T}: Add {G}.
Mana: Sol Ring (117) - {T}: Add {C}{C}.
Mana: Forest (134) - {T}: Add {G}.
Add To Stack: Ai(2)-mm-jarad-graveyard cast Lord of Extinction
Resolve Stack: Lord of Extinction - Creature * / *
Mana: Forest (131) - {T}: Add {G}.
Mana: Golgari Rot Farm (176) - {T}: Add {B}{G}.
Mana: Swamp (161) - {T}: Add {B}.
Add To Stack: Ai(2)-mm-jarad-graveyard cast Jarad, Golgari Lich Lord
Resolve Stack: Jarad, Golgari Lich Lord - Creature 2 / 2
Mana: Swamp (164) - {T}: Add {B}.
Mana: Tainted Wood (112) - {T}: Add {C}.
Add To Stack: Ai(2)-mm-jarad-graveyard cast Arcane Signet
Resolve Stack: Arcane Signet
Phase: Ai(2)-mm-jarad-graveyard's End step
Phase: Ai(2)-mm-jarad-graveyard's Cleanup step
Turn: Turn 34 (Ai(3)-mm-sythis-enchantress)
Phase: Ai(3)-mm-sythis-enchantress' Untap step
Phase: Ai(3)-mm-sythis-enchantress' Upkeep step
Phase: Ai(3)-mm-sythis-enchantress' Draw step
Add To Stack: Ai(1)-mm-nekusar-discard triggered Nekusar, the Mindrazer
Add To Stack: Ai(1)-mm-nekusar-discard triggered Sheoldred, the Apocalypse
Add To Stack: Ai(1)-mm-nekusar-discard triggered Nekusar, the Mindrazer
Resolve Stack: At the beginning of each player's draw step, that player draws an additional card. [Phase: Ai(3)-mm-sythis-enchantress]
Add To Stack: Ai(1)-mm-nekusar-discard triggered Nekusar, the Mindrazer
Add To Stack: Ai(1)-mm-nekusar-discard triggered Sheoldred, the Apocalypse
Life: Life: Ai(3)-mm-sythis-enchantress 35 > 33
Resolve Stack: Whenever an opponent draws a card, they lose 2 life. [Player: Ai(3)-mm-sythis-enchantress]
Damage: Nekusar, the Mindrazer (100) deals 1 non-combat damage to Ai(3)-mm-sythis-enchantress.
Life: Life: Ai(3)-mm-sythis-enchantress 33 > 32
Resolve Stack: Whenever an opponent draws a card, Nekusar, the Mindrazer deals 1 damage to that player. [Player: Ai(3)-mm-sythis-enchantress]
Life: Life: Ai(3)-mm-sythis-enchantress 32 > 30
Resolve Stack: Whenever an opponent draws a card, they lose 2 life. [Player: Ai(3)-mm-sythis-enchantress]
Damage: Nekusar, the Mindrazer (100) deals 1 non-combat damage to Ai(3)-mm-sythis-enchantress.
Life: Life: Ai(3)-mm-sythis-enchantress 30 > 29
Resolve Stack: Whenever an opponent draws a card, Nekusar, the Mindrazer deals 1 damage to that player. [Player: Ai(3)-mm-sythis-enchantress]
Phase: Ai(3)-mm-sythis-enchantress' Main phase, precombat
Land: Ai(3)-mm-sythis-enchantress played Forest (241)
Mana: Plains (293) - {T}: Add {W}.
Mana: Reliquary Tower (274) - {T}: Add {C}.
Mana: Forest (241) - {T}: Add {G}.
Add To Stack: Ai(3)-mm-sythis-enchantress cast Strength of the Harvest targeting [Angel Token (416)]
Add To Stack: Ai(3)-mm-sythis-enchantress triggered Sythis, Harvest's Hand
Add To Stack: Ai(3)-mm-sythis-enchantress triggered Verduran Enchantress
Add To Stack: Ai(3)-mm-sythis-enchantress triggered Sigil of the Empty Throne
Resolve Stack: Whenever you cast an enchantment spell, create a 4/4 white Angel creature token with flying. [Card: Strength of the Harvest (284), Activator: Ai(3)-mm-sythis-enchantress, SpellAbility: Strength of the Harvest]
Resolve Stack: Whenever you cast an enchantment spell, you may draw a card. [Card: Strength of the Harvest (284), Activator: Ai(3)-mm-sythis-enchantress, SpellAbility: Strength of the Harvest]
Add To Stack: Ai(1)-mm-nekusar-discard triggered Nekusar, the Mindrazer
Add To Stack: Ai(1)-mm-nekusar-discard triggered Sheoldred, the Apocalypse
Life: Life: Ai(3)-mm-sythis-enchantress 29 > 27
Resolve Stack: Whenever an opponent draws a card, they lose 2 life. [Player: Ai(3)-mm-sythis-enchantress]
Damage: Nekusar, the Mindrazer (100) deals 1 non-combat damage to Ai(3)-mm-sythis-enchantress.
Life: Life: Ai(3)-mm-sythis-enchantress 27 > 26
Resolve Stack: Whenever an opponent draws a card, Nekusar, the Mindrazer deals 1 damage to that player. [Player: Ai(3)-mm-sythis-enchantress]
Life: Life: Ai(3)-mm-sythis-enchantress 26 > 27
Resolve Stack: Whenever you cast an enchantment spell, you gain 1 life and draw a card. [Card: Strength of the Harvest (284), Activator: Ai(3)-mm-sythis-enchantress, SpellAbility: Strength of the Harvest]
Add To Stack: Ai(1)-mm-nekusar-discard triggered Nekusar, the Mindrazer
Add To Stack: Ai(1)-mm-nekusar-discard triggered Sheoldred, the Apocalypse
Life: Life: Ai(3)-mm-sythis-enchantress 27 > 25
Resolve Stack: Whenever an opponent draws a card, they lose 2 life. [Player: Ai(3)-mm-sythis-enchantress]
Damage: Nekusar, the Mindrazer (100) deals 1 non-combat damage to Ai(3)-mm-sythis-enchantress.
Life: Life: Ai(3)-mm-sythis-enchantress 25 > 24
Resolve Stack: Whenever an opponent draws a card, Nekusar, the Mindrazer deals 1 damage to that player. [Player: Ai(3)-mm-sythis-enchantress]
Resolve Stack: Strength of the Harvest (284) -  Attach to Angel Token (416)
Mana: Fortified Village (251) - {T}: Add {G} or {W}.
Mana: Plains (294) - {T}: Add {W}.
Mana: Canopy Vista (270) - {T}: Add {G}.
Mana: Temple Garden (275) - {T}: Add {G}.
Mana: Hall of Heliod's Generosity (212) - {T}: Add {C}.
Add To Stack: Ai(3)-mm-sythis-enchantress cast Mirari's Wake
Add To Stack: Ai(3)-mm-sythis-enchantress triggered Sythis, Harvest's Hand
Add To Stack: Ai(3)-mm-sythis-enchantress triggered Verduran Enchantress
Add To Stack: Ai(3)-mm-sythis-enchantress triggered Sigil of the Empty Throne
Resolve Stack: Whenever you cast an enchantment spell, create a 4/4 white Angel creature token with flying. [Card: Mirari's Wake (233), Activator: Ai(3)-mm-sythis-enchantress, SpellAbility: Mirari's Wake]
Resolve Stack: Whenever you cast an enchantment spell, you may draw a card. [Card: Mirari's Wake (233), Activator: Ai(3)-mm-sythis-enchantress, SpellAbility: Mirari's Wake]
Life: Life: Ai(3)-mm-sythis-enchantress 24 > 25
Resolve Stack: Whenever you cast an enchantment spell, you gain 1 life and draw a card. [Card: Mirari's Wake (233), Activator: Ai(3)-mm-sythis-enchantress, SpellAbility: Mirari's Wake]
Add To Stack: Ai(1)-mm-nekusar-discard triggered Nekusar, the Mindrazer
Add To Stack: Ai(1)-mm-nekusar-discard triggered Sheoldred, the Apocalypse
Life: Life: Ai(3)-mm-sythis-enchantress 25 > 23
Resolve Stack: Whenever an opponent draws a card, they lose 2 life. [Player: Ai(3)-mm-sythis-enchantress]
Damage: Nekusar, the Mindrazer (100) deals 1 non-combat damage to Ai(3)-mm-sythis-enchantress.
Life: Life: Ai(3)-mm-sythis-enchantress 23 > 22
Resolve Stack: Whenever an opponent draws a card, Nekusar, the Mindrazer deals 1 damage to that player. [Player: Ai(3)-mm-sythis-enchantress]
Resolve Stack: Mirari's Wake
Phase: Ai(3)-mm-sythis-enchantress' Beginning of Combat Step
Phase: Ai(3)-mm-sythis-enchantress' Declare Attackers Step
Combat: Ai(3)-mm-sythis-enchantress assigned Angel Token (416), Sythis, Harvest's Hand (302) and Verduran Enchantress (225) to attack Ai(2)-mm-jarad-graveyard.
Phase: Ai(3)-mm-sythis-enchantress' Declare Blockers Step
Combat: Ai(2)-mm-jarad-graveyard didn't block Angel Token (416).
Ai(2)-mm-jarad-graveyard assigned Fiend Artisan (138) to block Sythis, Harvest's Hand (302).
Ai(2)-mm-jarad-graveyard assigned Mortivore (103) to block Verduran Enchantress (225).
Phase: Ai(3)-mm-sythis-enchantress' First Strike Damage Step
Phase: Ai(3)-mm-sythis-enchantress' Combat Damage Step
Damage: Angel Token (416) deals 14 combat damage to Ai(2)-mm-jarad-graveyard.
Damage: Sythis, Harvest's Hand (302) deals 2 damage to Fiend Artisan (138).
Damage: Verduran Enchantress (225) deals 1 damage to Mortivore (103).
Damage: Fiend Artisan (138) deals 7 damage to Sythis, Harvest's Hand (302).
Damage: Mortivore (103) deals 7 damage to Verduran Enchantress (225).
Life: Life: Ai(2)-mm-jarad-graveyard 11 > -3
Zone Change: Sythis, Harvest's Hand (302) was put into Graveyard from Battlefield.
Zone Change: Verduran Enchantress (225) was put into Graveyard from Battlefield.
Phase: Ai(3)-mm-sythis-enchantress' End of Combat Step
Phase: Ai(3)-mm-sythis-enchantress' Main phase, postcombat
Phase: Ai(3)-mm-sythis-enchantress' End step
Phase: Ai(3)-mm-sythis-enchantress' Cleanup step
Turn: Turn 35 (Ai(4)-mm-giada-angels)
Phase: Ai(4)-mm-giada-angels' Untap step
Phase: Ai(4)-mm-giada-angels' Upkeep step
Phase: Ai(4)-mm-giada-angels' Draw step
Add To Stack: Ai(1)-mm-nekusar-discard triggered Nekusar, the Mindrazer
Add To Stack: Ai(1)-mm-nekusar-discard triggered Sheoldred, the Apocalypse
Add To Stack: Ai(1)-mm-nekusar-discard triggered Nekusar, the Mindrazer
Resolve Stack: At the beginning of each player's draw step, that player draws an additional card. [Phase: Ai(4)-mm-giada-angels]
Add To Stack: Ai(1)-mm-nekusar-discard triggered Nekusar, the Mindrazer
Add To Stack: Ai(1)-mm-nekusar-discard triggered Sheoldred, the Apocalypse
Life: Life: Ai(4)-mm-giada-angels 21 > 19
Resolve Stack: Whenever an opponent draws a card, they lose 2 life. [Player: Ai(4)-mm-giada-angels]
Damage: Nekusar, the Mindrazer (100) deals 1 non-combat damage to Ai(4)-mm-giada-angels.
Life: Life: Ai(4)-mm-giada-angels 19 > 18
Resolve Stack: Whenever an opponent draws a card, Nekusar, the Mindrazer deals 1 damage to that player. [Player: Ai(4)-mm-giada-angels]
Life: Life: Ai(4)-mm-giada-angels 18 > 16
Resolve Stack: Whenever an opponent draws a card, they lose 2 life. [Player: Ai(4)-mm-giada-angels]
Damage: Nekusar, the Mindrazer (100) deals 1 non-combat damage to Ai(4)-mm-giada-angels.
Life: Life: Ai(4)-mm-giada-angels 16 > 15
Resolve Stack: Whenever an opponent draws a card, Nekusar, the Mindrazer deals 1 damage to that player. [Player: Ai(4)-mm-giada-angels]
Phase: Ai(4)-mm-giada-angels' Main phase, precombat
Mana: Plains (386) - {T}: Add {W}.
Mana: Plains (387) - {T}: Add {W}.
Mana: Plains (374) - {T}: Add {W}.
Mana: Plains (395) - {T}: Add {W}.
Add To Stack: Ai(4)-mm-giada-angels cast Firemane Commando
Add To Stack: Ai(4)-mm-giada-angels triggered Vanquisher's Banner
Resolve Stack: Whenever you cast a creature spell of the chosen type, draw a card. [Card: Firemane Commando (319), Activator: Ai(4)-mm-giada-angels, SpellAbility: Firemane Commando - Creature 4 / 3]
Add To Stack: Ai(1)-mm-nekusar-discard triggered Nekusar, the Mindrazer
Add To Stack: Ai(1)-mm-nekusar-discard triggered Sheoldred, the Apocalypse
Life: Life: Ai(4)-mm-giada-angels 15 > 13
Resolve Stack: Whenever an opponent draws a card, they lose 2 life. [Player: Ai(4)-mm-giada-angels]
Damage: Nekusar, the Mindrazer (100) deals 1 non-combat damage to Ai(4)-mm-giada-angels.
Life: Life: Ai(4)-mm-giada-angels 13 > 12
Resolve Stack: Whenever an opponent draws a card, Nekusar, the Mindrazer deals 1 damage to that player. [Player: Ai(4)-mm-giada-angels]
Resolve Stack: Firemane Commando - Creature 4 / 3
Phase: Ai(4)-mm-giada-angels' Beginning of Combat Step
Phase: Ai(4)-mm-giada-angels' Declare Attackers Step
Combat: Ai(4)-mm-giada-angels assigned Archangel of Tithes (307), Archangel of Thune (338) and Bruna, the Fading Light (351) to attack Ai(3)-mm-sythis-enchantress.
Add To Stack: Ai(4)-mm-giada-angels triggered Firemane Commando
Resolve Stack: Whenever you attack with two or more creatures, draw a card. [Number Attackers: [Archangel of Tithes (307), Archangel of Thune (338), Bruna, the Fading Light (351)]]
Add To Stack: Ai(1)-mm-nekusar-discard triggered Nekusar, the Mindrazer
Add To Stack: Ai(1)-mm-nekusar-discard triggered Sheoldred, the Apocalypse
Life: Life: Ai(4)-mm-giada-angels 12 > 10
Resolve Stack: Whenever an opponent draws a card, they lose 2 life. [Player: Ai(4)-mm-giada-angels]
Damage: Nekusar, the Mindrazer (100) deals 1 non-combat damage to Ai(4)-mm-giada-angels.
Life: Life: Ai(4)-mm-giada-angels 10 > 9
Resolve Stack: Whenever an opponent draws a card, Nekusar, the Mindrazer deals 1 damage to that player. [Player: Ai(4)-mm-giada-angels]
Phase: Ai(4)-mm-giada-angels' Declare Blockers Step
Combat: Ai(3)-mm-sythis-enchantress didn't block Archangel of Tithes (307).
Ai(3)-mm-sythis-enchantress didn't block Archangel of Thune (338).
Ai(3)-mm-sythis-enchantress didn't block Bruna, the Fading Light (351).
Phase: Ai(4)-mm-giada-angels' First Strike Damage Step
Phase: Ai(4)-mm-giada-angels' Combat Damage Step
Damage: Archangel of Tithes (307) deals 5 combat damage to Ai(3)-mm-sythis-enchantress.
Damage: Archangel of Thune (338) deals 5 combat damage to Ai(3)-mm-sythis-enchantress.
Replacement Effect: If you would gain life, you gain that much life plus 1 instead.
Life: Life: Ai(4)-mm-giada-angels 9 > 15
Damage: Bruna, the Fading Light (351) deals 7 combat damage to Ai(3)-mm-sythis-enchantress.
Life: Life: Ai(3)-mm-sythis-enchantress 22 > 5
Add To Stack: Ai(4)-mm-giada-angels triggered Archangel of Thune
Resolve Stack: Whenever you gain life, put a +1/+1 counter on each creature you control. [Player: Ai(4)-mm-giada-angels, Gained Amount: 6]
Phase: Ai(4)-mm-giada-angels' End of Combat Step
Phase: Ai(4)-mm-giada-angels' Main phase, postcombat
Replacement Effect: Myriad Landscape enters tapped.
Land: Ai(4)-mm-giada-angels played Myriad Landscape (365)
Mana: Arcane Signet (402) - {T}: Add one mana of any color in your commander's color identity.
Mana: Plains (392) - {T}: Add {W}.
Mana: War Room (341) - {T}: Add {C}.
Add To Stack: Ai(4)-mm-giada-angels cast Metropolis Reformer
Add To Stack: Ai(4)-mm-giada-angels triggered Vanquisher's Banner
Resolve Stack: Whenever you cast a creature spell of the chosen type, draw a card. [Card: Metropolis Reformer (329), Activator: Ai(4)-mm-giada-angels, SpellAbility: Metropolis Reformer - Creature 2 / 3]
Add To Stack: Ai(1)-mm-nekusar-discard triggered Nekusar, the Mindrazer
Add To Stack: Ai(1)-mm-nekusar-discard triggered Sheoldred, the Apocalypse
Life: Life: Ai(4)-mm-giada-angels 15 > 13
Resolve Stack: Whenever an opponent draws a card, they lose 2 life. [Player: Ai(4)-mm-giada-angels]
Damage: Nekusar, the Mindrazer (100) deals 1 non-combat damage to Ai(4)-mm-giada-angels.
Life: Life: Ai(4)-mm-giada-angels 13 > 12
Resolve Stack: Whenever an opponent draws a card, Nekusar, the Mindrazer deals 1 damage to that player. [Player: Ai(4)-mm-giada-angels]
Resolve Stack: Metropolis Reformer - Creature 2 / 3
Phase: Ai(4)-mm-giada-angels' End step
Phase: Ai(4)-mm-giada-angels' Cleanup step
Turn: Turn 36 (Ai(1)-mm-nekusar-discard)
Phase: Ai(1)-mm-nekusar-discard's Untap step
Phase: Ai(1)-mm-nekusar-discard's Upkeep step
Phase: Ai(1)-mm-nekusar-discard's Draw step
Add To Stack: Ai(1)-mm-nekusar-discard triggered Sheoldred, the Apocalypse
Add To Stack: Ai(1)-mm-nekusar-discard triggered Nekusar, the Mindrazer
Add To Stack: Ai(1)-mm-nekusar-discard triggered The Locust God
Resolve Stack: Whenever you draw a card, create a 1/1 blue and red Insect creature token with flying and haste. [Player: Ai(1)-mm-nekusar-discard]
Resolve Stack: At the beginning of each player's draw step, that player draws an additional card. [Phase: Ai(1)-mm-nekusar-discard]
Add To Stack: Ai(1)-mm-nekusar-discard triggered Sheoldred, the Apocalypse
Add To Stack: Ai(1)-mm-nekusar-discard triggered The Locust God
Resolve Stack: Whenever you draw a card, create a 1/1 blue and red Insect creature token with flying and haste. [Player: Ai(1)-mm-nekusar-discard]
Life: Life: Ai(1)-mm-nekusar-discard 34 > 36
Resolve Stack: Whenever you draw a card, you gain 2 life. [Player: Ai(1)-mm-nekusar-discard]
Life: Life: Ai(1)-mm-nekusar-discard 36 > 38
Resolve Stack: Whenever you draw a card, you gain 2 life. [Player: Ai(1)-mm-nekusar-discard]
Phase: Ai(1)-mm-nekusar-discard's Main phase, precombat
Land: Ai(1)-mm-nekusar-discard played Island (37)
Phase: Ai(1)-mm-nekusar-discard's Beginning of Combat Step
Phase: Ai(1)-mm-nekusar-discard's Declare Attackers Step
Combat: Ai(1)-mm-nekusar-discard assigned Sheoldred, the Apocalypse (25) to attack Ai(4)-mm-giada-angels.
Phase: Ai(1)-mm-nekusar-discard's Declare Blockers Step
Combat: Ai(4)-mm-giada-angels didn't block Sheoldred, the Apocalypse (25).
Phase: Ai(1)-mm-nekusar-discard's First Strike Damage Step
Phase: Ai(1)-mm-nekusar-discard's Combat Damage Step
Damage: Sheoldred, the Apocalypse (25) deals 4 combat damage to Ai(4)-mm-giada-angels.
Life: Life: Ai(4)-mm-giada-angels 12 > 8
Phase: Ai(1)-mm-nekusar-discard's End of Combat Step
Phase: Ai(1)-mm-nekusar-discard's Main phase, postcombat
Mana: Island (36) - {T}: Add {U}.
Mana: Mountain (84) - {T}: Add {R}.
Mana: Swamp (58) - {T}: Add {B}.
Mana: Swamp (56) - {T}: Add {B}.
Add To Stack: Ai(1)-mm-nekusar-discard activated The Locust God
Discard: Ai(1)-mm-nekusar-discard discards Exotic Orchard (47).
Resolve Stack: The Locust God (32) - Ai(1)-mm-nekusar-discard draws a card. Ai(1)-mm-nekusar-discard discards a card.
Add To Stack: Ai(1)-mm-nekusar-discard triggered Sheoldred, the Apocalypse
Add To Stack: Ai(1)-mm-nekusar-discard triggered The Locust God
Resolve Stack: Whenever you draw a card, create a 1/1 blue and red Insect creature token with flying and haste. [Player: Ai(1)-mm-nekusar-discard]
Life: Life: Ai(1)-mm-nekusar-discard 38 > 40
Resolve Stack: Whenever you draw a card, you gain 2 life. [Player: Ai(1)-mm-nekusar-discard]
Mana: Island (37) - {T}: Add {U}.
Mana: Sulfur Falls (29) - {T}: Add {U} or {R}.
Mana: Luxury Suite (42) - {T}: Add {B} or {R}.
Mana: Xander's Lounge (68) - {T}: Add {R}.
Add To Stack: Ai(1)-mm-nekusar-discard activated The Locust God
Discard: Ai(1)-mm-nekusar-discard discards Lightning Greaves (92).
Resolve Stack: The Locust God (32) - Ai(1)-mm-nekusar-discard draws a card. Ai(1)-mm-nekusar-discard discards a card.
Add To Stack: Ai(1)-mm-nekusar-discard triggered Sheoldred, the Apocalypse
Add To Stack: Ai(1)-mm-nekusar-discard triggered The Locust God
Resolve Stack: Whenever you draw a card, create a 1/1 blue and red Insect creature token with flying and haste. [Player: Ai(1)-mm-nekusar-discard]
Life: Life: Ai(1)-mm-nekusar-discard 40 > 42
Resolve Stack: Whenever you draw a card, you gain 2 life. [Player: Ai(1)-mm-nekusar-discard]
Phase: Ai(1)-mm-nekusar-discard's End step
Phase: Ai(1)-mm-nekusar-discard's Cleanup step
Turn: Turn 37 (Ai(3)-mm-sythis-enchantress)
Phase: Ai(3)-mm-sythis-enchantress' Untap step
Phase: Ai(3)-mm-sythis-enchantress' Upkeep step
Mana: Plains (293) - {T}: Add {W}.
Add To Stack: Ai(3)-mm-sythis-enchantress cast Path to Exile targeting [Archangel of Thune (338)]
Zone Change: Archangel of Thune (338) was put into Exile from Battlefield.
Resolve Stack: Path to Exile (210) - Exile Archangel of Thune (338). Ai(4)-mm-giada-angels may search their library for a basic land card, put that card onto the battlefield tapped, then shuffle their library. 
Phase: Ai(3)-mm-sythis-enchantress' Draw step
Add To Stack: Ai(1)-mm-nekusar-discard triggered Nekusar, the Mindrazer
Add To Stack: Ai(1)-mm-nekusar-discard triggered Sheoldred, the Apocalypse
Add To Stack: Ai(1)-mm-nekusar-discard triggered Nekusar, the Mindrazer
Resolve Stack: At the beginning of each player's draw step, that player draws an additional card. [Phase: Ai(3)-mm-sythis-enchantress]
Add To Stack: Ai(1)-mm-nekusar-discard triggered Nekusar, the Mindrazer
Add To Stack: Ai(1)-mm-nekusar-discard triggered Sheoldred, the Apocalypse
Life: Life: Ai(3)-mm-sythis-enchantress 5 > 3
Resolve Stack: Whenever an opponent draws a card, they lose 2 life. [Player: Ai(3)-mm-sythis-enchantress]
Damage: Nekusar, the Mindrazer (100) deals 1 non-combat damage to Ai(3)-mm-sythis-enchantress.
Life: Life: Ai(3)-mm-sythis-enchantress 3 > 2
Resolve Stack: Whenever an opponent draws a card, Nekusar, the Mindrazer deals 1 damage to that player. [Player: Ai(3)-mm-sythis-enchantress]
Life: Life: Ai(3)-mm-sythis-enchantress 2 > 0
Resolve Stack: Whenever an opponent draws a card, they lose 2 life. [Player: Ai(3)-mm-sythis-enchantress]
Resolve Stack: Whenever an opponent draws a card, Nekusar, the Mindrazer deals 1 damage to that player. [Player: Ai(3)-mm-sythis-enchantress]
Phase: Ai(3)-mm-sythis-enchantress' Main phase, precombat
Phase: Ai(3)-mm-sythis-enchantress' Beginning of Combat Step
Phase: Ai(3)-mm-sythis-enchantress' Declare Attackers Step
Phase: Ai(3)-mm-sythis-enchantress' Declare Blockers Step
Phase: Ai(3)-mm-sythis-enchantress' First Strike Damage Step
Phase: Ai(3)-mm-sythis-enchantress' Combat Damage Step
Phase: Ai(3)-mm-sythis-enchantress' End of Combat Step
Phase: Ai(3)-mm-sythis-enchantress' Main phase, postcombat
Phase: Ai(3)-mm-sythis-enchantress' End step
Phase: Ai(3)-mm-sythis-enchantress' Cleanup step
Turn: Turn 38 (Ai(4)-mm-giada-angels)
Phase: Ai(4)-mm-giada-angels' Untap step
Phase: Ai(4)-mm-giada-angels' Upkeep step
Mana: Plains (386) - {T}: Add {W}.
Mana: Plains (387) - {T}: Add {W}.
Zone Change: Myriad Landscape (365) was put into Graveyard from Battlefield.
Add To Stack: Ai(4)-mm-giada-angels activated Myriad Landscape
Resolve Stack: Myriad Landscape (365) - Ai(4)-mm-giada-angels searches their library for  up to two basic land cards, puts them onto the battlefield tapped, then shuffles.
Phase: Ai(4)-mm-giada-angels' Draw step
Add To Stack: Ai(1)-mm-nekusar-discard triggered Nekusar, the Mindrazer
Add To Stack: Ai(1)-mm-nekusar-discard triggered Sheoldred, the Apocalypse
Add To Stack: Ai(1)-mm-nekusar-discard triggered Nekusar, the Mindrazer
Resolve Stack: At the beginning of each player's draw step, that player draws an additional card. [Phase: Ai(4)-mm-giada-angels]
Add To Stack: Ai(1)-mm-nekusar-discard triggered Nekusar, the Mindrazer
Add To Stack: Ai(1)-mm-nekusar-discard triggered Sheoldred, the Apocalypse
Life: Life: Ai(4)-mm-giada-angels 8 > 6
Resolve Stack: Whenever an opponent draws a card, they lose 2 life. [Player: Ai(4)-mm-giada-angels]
Damage: Nekusar, the Mindrazer (100) deals 1 non-combat damage to Ai(4)-mm-giada-angels.
Life: Life: Ai(4)-mm-giada-angels 6 > 5
Resolve Stack: Whenever an opponent draws a card, Nekusar, the Mindrazer deals 1 damage to that player. [Player: Ai(4)-mm-giada-angels]
Life: Life: Ai(4)-mm-giada-angels 5 > 3
Resolve Stack: Whenever an opponent draws a card, they lose 2 life. [Player: Ai(4)-mm-giada-angels]
Damage: Nekusar, the Mindrazer (100) deals 1 non-combat damage to Ai(4)-mm-giada-angels.
Life: Life: Ai(4)-mm-giada-angels 3 > 2
Resolve Stack: Whenever an opponent draws a card, Nekusar, the Mindrazer deals 1 damage to that player. [Player: Ai(4)-mm-giada-angels]
Phase: Ai(4)-mm-giada-angels' Main phase, precombat
Land: Ai(4)-mm-giada-angels played Plains (394)
Mana: Plains (374) - {T}: Add {W}.
Mana: Plains (395) - {T}: Add {W}.
Mana: Arcane Signet (402) - {T}: Add one mana of any color in your commander's color identity.
Mana: Plains (392) - {T}: Add {W}.
Add To Stack: Ai(4)-mm-giada-angels cast Linvala, Keeper of Silence
Add To Stack: Ai(4)-mm-giada-angels triggered Vanquisher's Banner
Resolve Stack: Whenever you cast a creature spell of the chosen type, draw a card. [Card: Linvala, Keeper of Silence (324), Activator: Ai(4)-mm-giada-angels, SpellAbility: Linvala, Keeper of Silence - Creature 3 / 4]
Add To Stack: Ai(1)-mm-nekusar-discard triggered Nekusar, the Mindrazer
Add To Stack: Ai(1)-mm-nekusar-discard triggered Sheoldred, the Apocalypse
Mana: Plains (371) - {T}: Add {W}.
Add To Stack: Ai(4)-mm-giada-angels cast Path to Exile targeting [The Locust God (32)]
Zone Change: The Locust God (32) was put into Exile from Battlefield.
Resolve Stack: Path to Exile (311) - Exile The Locust God (32). Ai(1)-mm-nekusar-discard may search their library for a basic land card, put that card onto the battlefield tapped, then shuffle their library. 
Life: Life: Ai(4)-mm-giada-angels 2 > 0
Resolve Stack: Whenever an opponent draws a card, they lose 2 life. [Player: Ai(4)-mm-giada-angels]
Player Control: Ai(1)-mm-nekusar-discard has restored control over themself
Player Control: Ai(2)-mm-jarad-graveyard has restored control over themself
Player Control: Ai(3)-mm-sythis-enchantress has restored control over themself
Player Control: Ai(4)-mm-giada-angels has restored control over themself
Game Outcome: Turn 19
Game Outcome: Ai(1)-mm-nekusar-discard has won because all opponents have lost
Game Outcome: Ai(2)-mm-jarad-graveyard has lost because life total reached 0
Game Outcome: Ai(3)-mm-sythis-enchantress has lost because life total reached 0
Game Outcome: Ai(4)-mm-giada-angels has lost because life total reached 0
Match Result: Ai(1)-mm-nekusar-discard: 1 Ai(2)-mm-jarad-graveyard: 0 Ai(3)-mm-sythis-enchantress: 0 Ai(4)-mm-giada-angels: 0 

Game Result: Game 1 ended in 104837 ms. Ai(1)-mm-nekusar-discard has won!

Warning: default (ie. inherited from base class) implementation of confirmAction is used by Giada, Font of Hope for forge.ai.ability.PermanentCreatureAi. Consider declaring an overloaded method
Warning: default (ie. inherited from base class) implementation of confirmAction is used by Giada, Font of Hope for forge.ai.ability.PermanentCreatureAi. Consider declaring an overloaded method
java.util.concurrent.TimeoutException
	at java.base/java.util.concurrent.FutureTask.get(FutureTask.java:204)
	at forge.ai.AiController.chooseSpellAbilityToPlayFromList(AiController.java:1696)
	at forge.ai.AiController.getSpellAbilityToPlay(AiController.java:1583)
	at forge.ai.AiController.chooseSpellAbilityToPlay(AiController.java:1403)
	at forge.ai.PlayerControllerAi.chooseSpellAbilityToPlay(PlayerControllerAi.java:832)
	at forge.game.phase.PhaseHandler.mainLoopStep(PhaseHandler.java:1056)
	at forge.game.phase.PhaseHandler.mainGameLoop(PhaseHandler.java:1035)
	at forge.game.phase.PhaseHandler.startFirstTurn(PhaseHandler.java:1029)
	at forge.game.GameAction.startGame(GameAction.java:2373)
	at forge.game.Match.startGame(Match.java:92)
	at forge.game.Match.startGame(Match.java:77)
	at forge.view.SimulateMatch.lambda$simulateSingleMatch$0(SimulateMatch.java:213)
	at forge.view.TimeLimitedCodeBlock.lambda$runWithTimeout$0(TimeLimitedCodeBlock.java:18)
	at java.base/java.util.concurrent.FutureTask.run(FutureTask.java:317)
	at java.base/java.util.concurrent.ThreadPoolExecutor.runWorker(ThreadPoolExecutor.java:1144)
	at java.base/java.util.concurrent.ThreadPoolExecutor$Worker.run(ThreadPoolExecutor.java:642)
	at java.base/java.lang.Thread.run(Thread.java:1583)
AI eval thread at timeout:
	at forge.util.collect.FCollection.addAll(FCollection.java:343)
	at forge.util.collect.FCollection.addAll(FCollection.java:325)
	at forge.game.keyword.KeywordInstance.applyStaticAbility(KeywordInstance.java:255)
	at forge.game.keyword.KeywordCollection.applyStaticAbility(KeywordCollection.java:208)
	at forge.game.card.Card.updateStaticAbilities(Card.java:7014)
	at forge.game.card.CardState.getStaticAbilities(CardState.java:712)
	at forge.game.card.Card.getStaticAbilities(Card.java:6993)
	at forge.game.cost.CostAdjustment.adjust(CostAdjustment.java:75)
	at forge.game.cost.CostPayment.canPayAdditionalCosts(CostPayment.java:103)
	at forge.game.cost.CostPayment.canPayAdditionalCosts(CostPayment.java:96)
	at forge.game.spellability.AbilityActivated.canPlay(AbilityActivated.java:103)
	at forge.ai.ComputerUtilMana.lambda$getAvailableManaSources$16(ComputerUtilMana.java:1341)
	at java.base/java.util.stream.ReferencePipeline$2$1.accept(ReferencePipeline.java:178)
	at java.base/java.util.Spliterators$IteratorSpliterator.tryAdvance(Spliterators.java:1950)
	at java.base/java.util.stream.StreamSpliterators$WrappingSpliterator.lambda$initPartialTraversalState$0(StreamSpliterators.java:292)
	at java.base/java.util.stream.StreamSpliterators$AbstractWrappingSpliterator.fillBuffer(StreamSpliterators.java:206)
	at java.base/java.util.stream.StreamSpliterators$AbstractWrappingSpliterator.doAdvance(StreamSpliterators.java:169)
	at java.base/java.util.stream.StreamSpliterators$WrappingSpliterator.tryAdvance(StreamSpliterators.java:298)
	at java.base/java.util.Spliterators$1Adapter.hasNext(Spliterators.java:681)
	at forge.util.collect.FCollection.addAll(FCollection.java:345)
	at forge.util.collect.FCollection.<init>(FCollection.java:103)
	at forge.game.card.CardCollection.<init>(CardCollection.java:118)
	at forge.game.card.CardLists.filter(CardLists.java:331)
	at forge.ai.ComputerUtilMana.getAvailableManaSources(ComputerUtilMana.java:1338)
	at forge.ai.ComputerUtilMana.groupSourcesByManaColor(ComputerUtilMana.java:1496)
	at forge.ai.ComputerUtilMana.getSourcesForShards(ComputerUtilMana.java:831)
	at forge.ai.ComputerUtilMana.payManaCost(ComputerUtilMana.java:638)
	at forge.ai.ComputerUtilMana.payManaCost(ComputerUtilMana.java:74)
	at forge.ai.ComputerUtilMana.canPayManaCost(ComputerUtilMana.java:63)
	at forge.ai.ComputerUtilCost.canPayCost(ComputerUtilCost.java:634)
java.util.concurrent.TimeoutException
	at java.base/java.util.concurrent.FutureTask.get(FutureTask.java:204)
	at forge.ai.AiController.chooseSpellAbilityToPlayFromList(AiController.java:1696)
	at forge.ai.AiController.getSpellAbilityToPlay(AiController.java:1583)
	at forge.ai.AiController.chooseSpellAbilityToPlay(AiController.java:1403)
	at forge.ai.PlayerControllerAi.chooseSpellAbilityToPlay(PlayerControllerAi.java:832)
	at forge.game.phase.PhaseHandler.mainLoopStep(PhaseHandler.java:1056)
	at forge.game.phase.PhaseHandler.mainGameLoop(PhaseHandler.java:1035)
	at forge.game.phase.PhaseHandler.startFirstTurn(PhaseHandler.java:1029)
	at forge.game.GameAction.startGame(GameAction.java:2373)
	at forge.game.Match.startGame(Match.java:92)
	at forge.game.Match.startGame(Match.java:77)
	at forge.view.SimulateMatch.lambda$simulateSingleMatch$0(SimulateMatch.java:213)
	at forge.view.TimeLimitedCodeBlock.lambda$runWithTimeout$0(TimeLimitedCodeBlock.java:18)
	at java.base/java.util.concurrent.FutureTask.run(FutureTask.java:317)
	at java.base/java.util.concurrent.ThreadPoolExecutor.runWorker(ThreadPoolExecutor.java:1144)
	at java.base/java.util.concurrent.ThreadPoolExecutor$Worker.run(ThreadPoolExecutor.java:642)
	at java.base/java.lang.Thread.run(Thread.java:1583)
AI eval thread at timeout:
	at forge.game.card.CardState.getReplacementEffects(CardState.java:754)
	at forge.game.card.CardState.getReplacementEffects(CardState.java:723)
	at forge.game.card.Card.getReplacementEffects(Card.java:7055)
	at forge.game.replacement.ReplacementHandler.lambda$getReplacementList$0(ReplacementHandler.java:134)
	at forge.util.Visitor.visitAll(Visitor.java:16)
	at forge.game.Game.forEachCardInGame(Game.java:757)
	at forge.game.replacement.ReplacementHandler.getReplacementList(ReplacementHandler.java:102)
	at forge.game.replacement.ReplacementHandler.cantHappenCheck(ReplacementHandler.java:174)
	at forge.game.card.Card.canTap(Card.java:4696)
	at forge.game.card.Card.canTap(Card.java:4688)
	at forge.game.cost.CostTap.canPay(CostTap.java:69)
	at forge.game.cost.Cost.canPay(Cost.java:1085)
	at forge.game.cost.CostPayment.canPayAdditionalCosts(CostPayment.java:104)
	at forge.game.cost.CostPayment.canPayAdditionalCosts(CostPayment.java:96)
	at forge.game.spellability.AbilityActivated.canPlay(AbilityActivated.java:103)
	at forge.ai.ComputerUtilMana.groupSourcesByManaColor(ComputerUtilMana.java:1505)
	at forge.ai.ComputerUtilMana.getSourcesForShards(ComputerUtilMana.java:831)
	at forge.ai.ComputerUtilMana.payManaCost(ComputerUtilMana.java:638)
	at forge.ai.ComputerUtilMana.payManaCost(ComputerUtilMana.java:74)
	at forge.ai.ComputerUtilMana.canPayManaCost(ComputerUtilMana.java:63)
	at forge.ai.ComputerUtilCost.canPayCost(ComputerUtilCost.java:634)
	at forge.ai.ComputerUtilCost.canPayCost(ComputerUtilCost.java:530)
	at forge.ai.ComputerUtilCombat.canGainKeyword(ComputerUtilCombat.java:2290)
	at forge.ai.ComputerUtilCombat.hasKeyword(ComputerUtilCombat.java:2270)
	at forge.ai.ComputerUtilCombat.canDestroyAttacker(ComputerUtilCombat.java:1754)
	at forge.ai.AiBlockController.getKillingBlockers(AiBlockController.java:120)
	at forge.ai.AiBlockController.makeGoodBlocks(AiBlockController.java:203)
	at forge.ai.AiBlockController.assignBlockers(AiBlockController.java:1083)
	at forge.ai.AiBlockController.assignBlockersForCombat(AiBlockController.java:1014)
	at forge.ai.ComputerUtil.predictNextCombatsRemainingLife(ComputerUtil.java:3214)
java.util.concurrent.TimeoutException
	at java.base/java.util.concurrent.FutureTask.get(FutureTask.java:204)
	at forge.ai.AiController.chooseSpellAbilityToPlayFromList(AiController.java:1696)
	at forge.ai.AiController.getSpellAbilityToPlay(AiController.java:1583)
	at forge.ai.AiController.chooseSpellAbilityToPlay(AiController.java:1403)
	at forge.ai.PlayerControllerAi.chooseSpellAbilityToPlay(PlayerControllerAi.java:832)
	at forge.game.phase.PhaseHandler.mainLoopStep(PhaseHandler.java:1056)
	at forge.game.phase.PhaseHandler.mainGameLoop(PhaseHandler.java:1035)
	at forge.game.phase.PhaseHandler.startFirstTurn(PhaseHandler.java:1029)
	at forge.game.GameAction.startGame(GameAction.java:2373)
	at forge.game.Match.startGame(Match.java:92)
	at forge.game.Match.startGame(Match.java:77)
	at forge.view.SimulateMatch.lambda$simulateSingleMatch$0(SimulateMatch.java:213)
	at forge.view.TimeLimitedCodeBlock.lambda$runWithTimeout$0(TimeLimitedCodeBlock.java:18)
	at java.base/java.util.concurrent.FutureTask.run(FutureTask.java:317)
	at java.base/java.util.concurrent.ThreadPoolExecutor.runWorker(ThreadPoolExecutor.java:1144)
	at java.base/java.util.concurrent.ThreadPoolExecutor$Worker.run(ThreadPoolExecutor.java:642)
	at java.base/java.lang.Thread.run(Thread.java:1583)
AI eval thread at timeout:
	at forge.util.collect.FCollection.addAll(FCollection.java:343)
	at forge.util.collect.FCollection.addAll(FCollection.java:325)
	at forge.game.keyword.KeywordInstance.applyStaticAbility(KeywordInstance.java:255)
	at forge.game.keyword.KeywordCollection.applyStaticAbility(KeywordCollection.java:208)
	at forge.game.card.Card.updateStaticAbilities(Card.java:7014)
	at forge.game.card.CardState.getStaticAbilities(CardState.java:712)
	at forge.game.card.Card.getStaticAbilities(Card.java:6993)
	at forge.game.staticability.StaticAbilityCastWithFlash.anyWithFlashNeedsInfo(StaticAbilityCastWithFlash.java:17)
	at forge.game.spellability.SpellAbilityRestriction.canPlay(SpellAbilityRestriction.java:559)
	at forge.game.spellability.AbilityActivated.canPlay(AbilityActivated.java:98)
	at forge.ai.ComputerUtilMana.lambda$getAvailableManaSources$16(ComputerUtilMana.java:1341)
	at java.base/java.util.stream.ReferencePipeline$2$1.accept(ReferencePipeline.java:178)
	at java.base/java.util.Spliterators$IteratorSpliterator.tryAdvance(Spliterators.java:1950)
	at java.base/java.util.stream.StreamSpliterators$WrappingSpliterator.lambda$initPartialTraversalState$0(StreamSpliterators.java:292)
	at java.base/java.util.stream.StreamSpliterators$AbstractWrappingSpliterator.fillBuffer(StreamSpliterators.java:206)
	at java.base/java.util.stream.StreamSpliterators$AbstractWrappingSpliterator.doAdvance(StreamSpliterators.java:161)
	at java.base/java.util.stream.StreamSpliterators$WrappingSpliterator.tryAdvance(StreamSpliterators.java:298)
	at java.base/java.util.Spliterators$1Adapter.hasNext(Spliterators.java:681)
	at forge.util.collect.FCollection.addAll(FCollection.java:345)
	at forge.util.collect.FCollection.<init>(FCollection.java:103)
	at forge.game.card.CardCollection.<init>(CardCollection.java:118)
	at forge.game.card.CardLists.filter(CardLists.java:331)
	at forge.ai.ComputerUtilMana.getAvailableManaSources(ComputerUtilMana.java:1338)
	at forge.ai.ComputerUtilMana.groupSourcesByManaColor(ComputerUtilMana.java:1496)
	at forge.ai.ComputerUtilMana.getSourcesForShards(ComputerUtilMana.java:831)
	at forge.ai.ComputerUtilMana.payManaCost(ComputerUtilMana.java:638)
	at forge.ai.ComputerUtilMana.payManaCost(ComputerUtilMana.java:74)
	at forge.ai.ComputerUtilMana.canPayManaCost(ComputerUtilMana.java:63)
	at forge.ai.ComputerUtilCost.canPayCost(ComputerUtilCost.java:634)
	at forge.ai.ComputerUtilCost.canPayCost(ComputerUtilCost.java:530)
java.util.concurrent.TimeoutException
	at java.base/java.util.concurrent.FutureTask.get(FutureTask.java:204)
	at forge.ai.AiController.chooseSpellAbilityToPlayFromList(AiController.java:1696)
	at forge.ai.AiController.getSpellAbilityToPlay(AiController.java:1583)
	at forge.ai.AiController.chooseSpellAbilityToPlay(AiController.java:1403)
	at forge.ai.PlayerControllerAi.chooseSpellAbilityToPlay(PlayerControllerAi.java:832)
	at forge.game.phase.PhaseHandler.mainLoopStep(PhaseHandler.java:1056)
	at forge.game.phase.PhaseHandler.mainGameLoop(PhaseHandler.java:1035)
	at forge.game.phase.PhaseHandler.startFirstTurn(PhaseHandler.java:1029)
	at forge.game.GameAction.startGame(GameAction.java:2373)
	at forge.game.Match.startGame(Match.java:92)
	at forge.game.Match.startGame(Match.java:77)
	at forge.view.SimulateMatch.lambda$simulateSingleMatch$0(SimulateMatch.java:213)
	at forge.view.TimeLimitedCodeBlock.lambda$runWithTimeout$0(TimeLimitedCodeBlock.java:18)
	at java.base/java.util.concurrent.FutureTask.run(FutureTask.java:317)
	at java.base/java.util.concurrent.ThreadPoolExecutor.runWorker(ThreadPoolExecutor.java:1144)
	at java.base/java.util.concurrent.ThreadPoolExecutor$Worker.run(ThreadPoolExecutor.java:642)
	at java.base/java.lang.Thread.run(Thread.java:1583)
AI eval thread at timeout:
	at forge.game.card.Card.updateStaticAbilities(Card.java:7011)
	at forge.game.card.CardState.getStaticAbilities(CardState.java:712)
	at forge.game.card.Card.getStaticAbilities(Card.java:6993)
	at forge.game.staticability.StaticAbilityIgnoreHexproofShroud.ignore(StaticAbilityIgnoreHexproofShroud.java:16)
	at forge.game.staticability.StaticAbilityCantTarget.applyCantTargetAbility(StaticAbilityCantTarget.java:93)
	at forge.game.staticability.StaticAbilityCantTarget.cantTarget(StaticAbilityCantTarget.java:50)
	at forge.game.card.Card.canBeTargetedBy(Card.java:6892)
	at forge.game.spellability.SpellAbility.canTarget(SpellAbility.java:1585)
	at forge.game.spellability.SpellAbility.canTarget(SpellAbility.java:1373)
	at forge.ai.ComputerUtilCombat.predictToughnessBonusOfBlocker(ComputerUtilCombat.java:1089)
	at forge.ai.ComputerUtilCombat.canDestroyBlockerBeforeFirstStrike(ComputerUtilCombat.java:1814)
	at forge.ai.ComputerUtilCombat.canDestroyAttacker(ComputerUtilCombat.java:1655)
	at forge.ai.AiBlockController.getKillingBlockers(AiBlockController.java:120)
	at forge.ai.AiBlockController.makeGoodBlocks(AiBlockController.java:203)
	at forge.ai.AiBlockController.assignBlockers(AiBlockController.java:1083)
	at forge.ai.AiBlockController.assignBlockersForCombat(AiBlockController.java:1014)
	at forge.ai.ComputerUtil.predictNextCombatsRemainingLife(ComputerUtil.java:3214)
	at forge.ai.ComputerUtil.evaluateBoardPositionChanged(ComputerUtil.java:2959)
	at forge.ai.ComputerUtil.lambda$evaluateBoardPosition$21(ComputerUtil.java:2930)
	at forge.ai.AiCache.getCached(AiCache.java:40)
	at forge.ai.ComputerUtil.evaluateBoardPosition(ComputerUtil.java:2929)
	at forge.ai.AiAttackController.choosePreferredDefenderPlayer(AiAttackController.java:213)
	at forge.ai.AiAttackController.<init>(AiAttackController.java:108)
	at forge.ai.ability.ProtectAi.lambda$getProtectCreatures$0(ProtectAi.java:134)
	at java.base/java.util.stream.ReferencePipeline$2$1.accept(ReferencePipeline.java:178)
	at java.base/java.util.Spliterators$IteratorSpliterator.tryAdvance(Spliterators.java:1950)
	at java.base/java.util.stream.StreamSpliterators$WrappingSpliterator.lambda$initPartialTraversalState$0(StreamSpliterators.java:292)
	at java.base/java.util.stream.StreamSpliterators$AbstractWrappingSpliterator.fillBuffer(StreamSpliterators.java:206)
	at java.base/java.util.stream.StreamSpliterators$AbstractWrappingSpliterator.doAdvance(StreamSpliterators.java:161)
	at java.base/java.util.stream.StreamSpliterators$WrappingSpliterator.tryAdvance(StreamSpliterators.java:298)
java.util.concurrent.TimeoutException
	at java.base/java.util.concurrent.FutureTask.get(FutureTask.java:204)
	at forge.ai.AiController.chooseSpellAbilityToPlayFromList(AiController.java:1696)
	at forge.ai.AiController.getSpellAbilityToPlay(AiController.java:1583)
	at forge.ai.AiController.chooseSpellAbilityToPlay(AiController.java:1403)
	at forge.ai.PlayerControllerAi.chooseSpellAbilityToPlay(PlayerControllerAi.java:832)
	at forge.game.phase.PhaseHandler.mainLoopStep(PhaseHandler.java:1056)
	at forge.game.phase.PhaseHandler.mainGameLoop(PhaseHandler.java:1035)
	at forge.game.phase.PhaseHandler.startFirstTurn(PhaseHandler.java:1029)
	at forge.game.GameAction.startGame(GameAction.java:2373)
	at forge.game.Match.startGame(Match.java:92)
	at forge.game.Match.startGame(Match.java:77)
	at forge.view.SimulateMatch.lambda$simulateSingleMatch$0(SimulateMatch.java:213)
	at forge.view.TimeLimitedCodeBlock.lambda$runWithTimeout$0(TimeLimitedCodeBlock.java:18)
	at java.base/java.util.concurrent.FutureTask.run(FutureTask.java:317)
	at java.base/java.util.concurrent.ThreadPoolExecutor.runWorker(ThreadPoolExecutor.java:1144)
	at java.base/java.util.concurrent.ThreadPoolExecutor$Worker.run(ThreadPoolExecutor.java:642)
	at java.base/java.lang.Thread.run(Thread.java:1583)
AI eval thread at timeout:
	at forge.game.card.CardState.getReplacementEffects(CardState.java:723)
	at forge.game.card.Card.getReplacementEffects(Card.java:7055)
	at forge.game.replacement.ReplacementHandler.lambda$getReplacementList$0(ReplacementHandler.java:134)
	at forge.util.Visitor.visitAll(Visitor.java:16)
	at forge.game.Game.forEachCardInGame(Game.java:760)
	at forge.game.replacement.ReplacementHandler.getReplacementList(ReplacementHandler.java:102)
	at forge.game.replacement.ReplacementHandler.cantHappenCheck(ReplacementHandler.java:174)
	at forge.game.card.Card.canTap(Card.java:4696)
	at forge.game.card.Card.canTap(Card.java:4688)
	at forge.game.cost.CostTap.canPay(CostTap.java:69)
	at forge.game.cost.Cost.canPay(Cost.java:1085)
	at forge.game.cost.CostPayment.canPayAdditionalCosts(CostPayment.java:104)
	at forge.game.cost.CostPayment.canPayAdditionalCosts(CostPayment.java:96)
	at forge.game.spellability.AbilityActivated.canPlay(AbilityActivated.java:103)
	at forge.ai.ComputerUtilMana.lambda$getAvailableManaSources$16(ComputerUtilMana.java:1341)
	at java.base/java.util.stream.ReferencePipeline$2$1.accept(ReferencePipeline.java:178)
	at java.base/java.util.Spliterators$IteratorSpliterator.tryAdvance(Spliterators.java:1950)
	at java.base/java.util.stream.StreamSpliterators$WrappingSpliterator.lambda$initPartialTraversalState$0(StreamSpliterators.java:292)
	at java.base/java.util.stream.StreamSpliterators$AbstractWrappingSpliterator.fillBuffer(StreamSpliterators.java:206)
	at java.base/java.util.stream.StreamSpliterators$AbstractWrappingSpliterator.doAdvance(StreamSpliterators.java:161)
	at java.base/java.util.stream.StreamSpliterators$WrappingSpliterator.tryAdvance(StreamSpliterators.java:298)
	at java.base/java.util.Spliterators$1Adapter.hasNext(Spliterators.java:681)
	at forge.util.collect.FCollection.addAll(FCollection.java:345)
	at forge.util.collect.FCollection.<init>(FCollection.java:103)
	at forge.game.card.CardCollection.<init>(CardCollection.java:118)
	at forge.game.card.CardLists.filter(CardLists.java:331)
	at forge.ai.ComputerUtilMana.getAvailableManaSources(ComputerUtilMana.java:1338)
	at forge.ai.ComputerUtilMana.groupSourcesByManaColor(ComputerUtilMana.java:1496)
	at forge.ai.ComputerUtilMana.getSourcesForShards(ComputerUtilMana.java:831)
	at forge.ai.ComputerUtilMana.payManaCost(ComputerUtilMana.java:638)
java.util.concurrent.TimeoutException
	at java.base/java.util.concurrent.FutureTask.get(FutureTask.java:204)
	at forge.ai.AiController.chooseSpellAbilityToPlayFromList(AiController.java:1696)
	at forge.ai.AiController.getSpellAbilityToPlay(AiController.java:1583)
	at forge.ai.AiController.chooseSpellAbilityToPlay(AiController.java:1403)
	at forge.ai.PlayerControllerAi.chooseSpellAbilityToPlay(PlayerControllerAi.java:832)
	at forge.game.phase.PhaseHandler.mainLoopStep(PhaseHandler.java:1056)
	at forge.game.phase.PhaseHandler.mainGameLoop(PhaseHandler.java:1035)
	at forge.game.phase.PhaseHandler.startFirstTurn(PhaseHandler.java:1029)
	at forge.game.GameAction.startGame(GameAction.java:2373)
	at forge.game.Match.startGame(Match.java:92)
	at forge.game.Match.startGame(Match.java:77)
	at forge.view.SimulateMatch.lambda$simulateSingleMatch$0(SimulateMatch.java:213)
	at forge.view.TimeLimitedCodeBlock.lambda$runWithTimeout$0(TimeLimitedCodeBlock.java:18)
	at java.base/java.util.concurrent.FutureTask.run(FutureTask.java:317)
	at java.base/java.util.concurrent.ThreadPoolExecutor.runWorker(ThreadPoolExecutor.java:1144)
	at java.base/java.util.concurrent.ThreadPoolExecutor$Worker.run(ThreadPoolExecutor.java:642)
	at java.base/java.lang.Thread.run(Thread.java:1583)
AI eval thread at timeout:
	at com.google.common.collect.AbstractMapBasedMultimap$Itr.next(AbstractMapBasedMultimap.java:1181)
	at forge.game.keyword.KeywordCollection.applyReplacementEffect(KeywordCollection.java:200)
	at forge.game.card.Card.updateReplacementEffects(Card.java:7069)
	at forge.game.card.CardState.getReplacementEffects(CardState.java:754)
	at forge.game.card.CardState.getReplacementEffects(CardState.java:723)
	at forge.game.card.Card.getReplacementEffects(Card.java:7055)
	at forge.game.replacement.ReplacementHandler.lambda$getReplacementList$0(ReplacementHandler.java:134)
	at forge.util.Visitor.visitAll(Visitor.java:16)
	at forge.game.Game.forEachCardInGame(Game.java:760)
	at forge.game.replacement.ReplacementHandler.getReplacementList(ReplacementHandler.java:102)
	at forge.game.replacement.ReplacementHandler.cantHappenCheck(ReplacementHandler.java:174)
	at forge.game.card.Card.canTap(Card.java:4696)
	at forge.game.card.Card.canTap(Card.java:4688)
	at forge.game.cost.CostTap.canPay(CostTap.java:69)
	at forge.game.cost.Cost.canPay(Cost.java:1085)
	at forge.game.cost.CostPayment.canPayAdditionalCosts(CostPayment.java:104)
	at forge.game.cost.CostPayment.canPayAdditionalCosts(CostPayment.java:96)
	at forge.ai.ComputerUtilMana.getAvailableManaSources(ComputerUtilMana.java:1423)
	at forge.ai.ComputerUtilMana.groupSourcesByManaColor(ComputerUtilMana.java:1496)
	at forge.ai.ComputerUtilMana.getSourcesForShards(ComputerUtilMana.java:831)
	at forge.ai.ComputerUtilMana.payManaCost(ComputerUtilMana.java:638)
	at forge.ai.ComputerUtilMana.payManaCost(ComputerUtilMana.java:74)
	at forge.ai.ComputerUtilMana.canPayManaCost(ComputerUtilMana.java:63)
	at forge.ai.ComputerUtilCost.canPayCost(ComputerUtilCost.java:634)
	at forge.ai.ComputerUtilCost.canPayCost(ComputerUtilCost.java:530)
	at forge.ai.ComputerUtilCombat.canGainKeyword(ComputerUtilCombat.java:2290)
	at forge.ai.ComputerUtilCombat.hasKeyword(ComputerUtilCombat.java:2270)
	at forge.ai.ComputerUtilCombat.canDestroyAttacker(ComputerUtilCombat.java:1754)
	at forge.ai.AiBlockController.getKillingBlockers(AiBlockController.java:120)
	at forge.ai.AiBlockController.makeGoodBlocks(AiBlockController.java:203)
java.util.concurrent.TimeoutException
	at java.base/java.util.concurrent.FutureTask.get(FutureTask.java:204)
	at forge.ai.AiController.chooseSpellAbilityToPlayFromList(AiController.java:1696)
	at forge.ai.AiController.getSpellAbilityToPlay(AiController.java:1583)
	at forge.ai.AiController.chooseSpellAbilityToPlay(AiController.java:1403)
	at forge.ai.PlayerControllerAi.chooseSpellAbilityToPlay(PlayerControllerAi.java:832)
	at forge.game.phase.PhaseHandler.mainLoopStep(PhaseHandler.java:1056)
	at forge.game.phase.PhaseHandler.mainGameLoop(PhaseHandler.java:1035)
	at forge.game.phase.PhaseHandler.startFirstTurn(PhaseHandler.java:1029)
	at forge.game.GameAction.startGame(GameAction.java:2373)
	at forge.game.Match.startGame(Match.java:92)
	at forge.game.Match.startGame(Match.java:77)
	at forge.view.SimulateMatch.lambda$simulateSingleMatch$0(SimulateMatch.java:213)
	at forge.view.TimeLimitedCodeBlock.lambda$runWithTimeout$0(TimeLimitedCodeBlock.java:18)
	at java.base/java.util.concurrent.FutureTask.run(FutureTask.java:317)
	at java.base/java.util.concurrent.ThreadPoolExecutor.runWorker(ThreadPoolExecutor.java:1144)
	at java.base/java.util.concurrent.ThreadPoolExecutor$Worker.run(ThreadPoolExecutor.java:642)
	at java.base/java.lang.Thread.run(Thread.java:1583)
AI eval thread at timeout:
	at forge.game.card.Card.updateReplacementEffects(Card.java:7066)
	at forge.game.card.CardState.getReplacementEffects(CardState.java:754)
	at forge.game.card.CardState.getReplacementEffects(CardState.java:723)
	at forge.game.card.Card.getReplacementEffects(Card.java:7055)
	at forge.game.replacement.ReplacementHandler.lambda$getReplacementList$0(ReplacementHandler.java:134)
	at forge.util.Visitor.visitAll(Visitor.java:16)
	at forge.game.Game.forEachCardInGame(Game.java:757)
	at forge.game.replacement.ReplacementHandler.getReplacementList(ReplacementHandler.java:102)
	at forge.game.replacement.ReplacementHandler.cantHappenCheck(ReplacementHandler.java:174)
	at forge.game.card.Card.canTap(Card.java:4696)
	at forge.game.card.Card.canTap(Card.java:4688)
	at forge.game.cost.CostTap.canPay(CostTap.java:69)
	at forge.game.cost.Cost.canPay(Cost.java:1085)
	at forge.game.cost.CostPayment.canPayAdditionalCosts(CostPayment.java:104)
	at forge.game.cost.CostPayment.canPayAdditionalCosts(CostPayment.java:96)
	at forge.ai.ComputerUtilMana.getAvailableManaSources(ComputerUtilMana.java:1423)
	at forge.ai.ComputerUtilMana.groupSourcesByManaColor(ComputerUtilMana.java:1496)
	at forge.ai.ComputerUtilMana.getSourcesForShards(ComputerUtilMana.java:831)
	at forge.ai.ComputerUtilMana.payManaCost(ComputerUtilMana.java:638)
	at forge.ai.ComputerUtilMana.payManaCost(ComputerUtilMana.java:74)
	at forge.ai.ComputerUtilMana.canPayManaCost(ComputerUtilMana.java:63)
	at forge.ai.ComputerUtilCost.canPayCost(ComputerUtilCost.java:634)
	at forge.ai.ComputerUtilCost.canPayCost(ComputerUtilCost.java:530)
	at forge.ai.ComputerUtilCombat.canGainKeyword(ComputerUtilCombat.java:2290)
	at forge.ai.ComputerUtilCombat.dealsFirstStrikeDamage(ComputerUtilCombat.java:2251)
	at forge.ai.ComputerUtilCombat.canDestroyBlocker(ComputerUtilCombat.java:1973)
	at forge.ai.AiBlockController.getSafeBlockers(AiBlockController.java:106)
	at forge.ai.AiBlockController.makeGoodBlocks(AiBlockController.java:198)
	at forge.ai.AiBlockController.assignBlockers(AiBlockController.java:1083)
	at forge.ai.AiBlockController.assignBlockersForCombat(AiBlockController.java:1014)
java.util.concurrent.TimeoutException
	at java.base/java.util.concurrent.FutureTask.get(FutureTask.java:204)
	at forge.ai.AiController.chooseSpellAbilityToPlayFromList(AiController.java:1696)
	at forge.ai.AiController.getSpellAbilityToPlay(AiController.java:1583)
	at forge.ai.AiController.chooseSpellAbilityToPlay(AiController.java:1403)
	at forge.ai.PlayerControllerAi.chooseSpellAbilityToPlay(PlayerControllerAi.java:832)
	at forge.game.phase.PhaseHandler.mainLoopStep(PhaseHandler.java:1056)
	at forge.game.phase.PhaseHandler.mainGameLoop(PhaseHandler.java:1035)
	at forge.game.phase.PhaseHandler.startFirstTurn(PhaseHandler.java:1029)
	at forge.game.GameAction.startGame(GameAction.java:2373)
	at forge.game.Match.startGame(Match.java:92)
	at forge.game.Match.startGame(Match.java:77)
	at forge.view.SimulateMatch.lambda$simulateSingleMatch$0(SimulateMatch.java:213)
	at forge.view.TimeLimitedCodeBlock.lambda$runWithTimeout$0(TimeLimitedCodeBlock.java:18)
	at java.base/java.util.concurrent.FutureTask.run(FutureTask.java:317)
	at java.base/java.util.concurrent.ThreadPoolExecutor.runWorker(ThreadPoolExecutor.java:1144)
	at java.base/java.util.concurrent.ThreadPoolExecutor$Worker.run(ThreadPoolExecutor.java:642)
	at java.base/java.lang.Thread.run(Thread.java:1583)
AI eval thread at timeout:
	at java.base/java.util.HashMap.put(HashMap.java:618)
	at java.base/java.util.HashSet.add(HashSet.java:229)
	at java.base/java.util.AbstractCollection.addAll(AbstractCollection.java:338)
	at java.base/java.util.HashSet.<init>(HashSet.java:121)
	at forge.util.collect.FCollection.hashed(FCollection.java:58)
	at forge.util.collect.FCollection.add(FCollection.java:269)
	at forge.util.collect.FCollection.addAll(FCollection.java:346)
	at forge.util.collect.FCollection.addAll(FCollection.java:325)
	at forge.game.cost.CostAdjustment.adjust(CostAdjustment.java:66)
	at forge.game.cost.CostPayment.canPayAdditionalCosts(CostPayment.java:103)
	at forge.game.cost.CostPayment.canPayAdditionalCosts(CostPayment.java:96)
	at forge.game.spellability.AbilityActivated.canPlay(AbilityActivated.java:103)
	at forge.ai.ComputerUtilMana.lambda$getAvailableManaSources$16(ComputerUtilMana.java:1341)
	at java.base/java.util.stream.ReferencePipeline$2$1.accept(ReferencePipeline.java:178)
	at java.base/java.util.Spliterators$IteratorSpliterator.tryAdvance(Spliterators.java:1950)
	at java.base/java.util.stream.StreamSpliterators$WrappingSpliterator.lambda$initPartialTraversalState$0(StreamSpliterators.java:292)
	at java.base/java.util.stream.StreamSpliterators$AbstractWrappingSpliterator.fillBuffer(StreamSpliterators.java:206)
	at java.base/java.util.stream.StreamSpliterators$AbstractWrappingSpliterator.doAdvance(StreamSpliterators.java:161)
	at java.base/java.util.stream.StreamSpliterators$WrappingSpliterator.tryAdvance(StreamSpliterators.java:298)
	at java.base/java.util.Spliterators$1Adapter.hasNext(Spliterators.java:681)
	at forge.util.collect.FCollection.addAll(FCollection.java:345)
	at forge.util.collect.FCollection.<init>(FCollection.java:103)
	at forge.game.card.CardCollection.<init>(CardCollection.java:118)
	at forge.game.card.CardLists.filter(CardLists.java:331)
	at forge.ai.ComputerUtilMana.getAvailableManaSources(ComputerUtilMana.java:1338)
	at forge.ai.ComputerUtilMana.groupSourcesByManaColor(ComputerUtilMana.java:1496)
	at forge.ai.ComputerUtilMana.getSourcesForShards(ComputerUtilMana.java:831)
	at forge.ai.ComputerUtilMana.payManaCost(ComputerUtilMana.java:638)
	at forge.ai.ComputerUtilMana.payManaCost(ComputerUtilMana.java:74)
	at forge.ai.ComputerUtilMana.canPayManaCost(ComputerUtilMana.java:63)
java.util.concurrent.TimeoutException
	at java.base/java.util.concurrent.FutureTask.get(FutureTask.java:204)
	at forge.ai.AiController.chooseSpellAbilityToPlayFromList(AiController.java:1696)
	at forge.ai.AiController.getSpellAbilityToPlay(AiController.java:1583)
	at forge.ai.AiController.chooseSpellAbilityToPlay(AiController.java:1403)
	at forge.ai.PlayerControllerAi.chooseSpellAbilityToPlay(PlayerControllerAi.java:832)
	at forge.game.phase.PhaseHandler.mainLoopStep(PhaseHandler.java:1056)
	at forge.game.phase.PhaseHandler.mainGameLoop(PhaseHandler.java:1035)
	at forge.game.phase.PhaseHandler.startFirstTurn(PhaseHandler.java:1029)
	at forge.game.GameAction.startGame(GameAction.java:2373)
	at forge.game.Match.startGame(Match.java:92)
	at forge.game.Match.startGame(Match.java:77)
	at forge.view.SimulateMatch.lambda$simulateSingleMatch$0(SimulateMatch.java:213)
	at forge.view.TimeLimitedCodeBlock.lambda$runWithTimeout$0(TimeLimitedCodeBlock.java:18)
	at java.base/java.util.concurrent.FutureTask.run(FutureTask.java:317)
	at java.base/java.util.concurrent.ThreadPoolExecutor.runWorker(ThreadPoolExecutor.java:1144)
	at java.base/java.util.concurrent.ThreadPoolExecutor$Worker.run(ThreadPoolExecutor.java:642)
	at java.base/java.lang.Thread.run(Thread.java:1583)
AI eval thread at timeout:
	at forge.ai.AiDeckStatistics.fromCards(AiDeckStatistics.java:48)
	at forge.ai.ComputerUtilMana.sortManaAbilities(ComputerUtilMana.java:162)
	at forge.ai.ComputerUtilMana.getSourcesForShards(ComputerUtilMana.java:858)
	at forge.ai.ComputerUtilMana.payManaCost(ComputerUtilMana.java:638)
	at forge.ai.ComputerUtilMana.payManaCost(ComputerUtilMana.java:74)
	at forge.ai.ComputerUtilMana.canPayManaCost(ComputerUtilMana.java:63)
	at forge.ai.ComputerUtilCost.canPayCost(ComputerUtilCost.java:634)
	at forge.ai.ComputerUtilCost.canPayCost(ComputerUtilCost.java:530)
	at forge.ai.ComputerUtilCombat.canGainKeyword(ComputerUtilCombat.java:2290)
	at forge.ai.ComputerUtilCombat.hasKeyword(ComputerUtilCombat.java:2270)
	at forge.ai.ComputerUtilCombat.canDestroyAttacker(ComputerUtilCombat.java:1754)
	at forge.ai.AiBlockController.getKillingBlockers(AiBlockController.java:120)
	at forge.ai.AiBlockController.makeGoodBlocks(AiBlockController.java:203)
	at forge.ai.AiBlockController.assignBlockers(AiBlockController.java:1083)
	at forge.ai.AiBlockController.assignBlockersForCombat(AiBlockController.java:1014)
	at forge.ai.ComputerUtil.predictNextCombatsRemainingLife(ComputerUtil.java:3214)
	at forge.ai.ComputerUtil.evaluateBoardPositionChanged(ComputerUtil.java:2959)
	at forge.ai.ComputerUtil.lambda$evaluateBoardPosition$21(ComputerUtil.java:2930)
	at forge.ai.AiCache.getCached(AiCache.java:40)
	at forge.ai.ComputerUtil.evaluateBoardPosition(ComputerUtil.java:2929)
	at forge.ai.AiAttackController.choosePreferredDefenderPlayer(AiAttackController.java:213)
	at forge.ai.AiAttackController.<init>(AiAttackController.java:108)
	at forge.ai.ability.ProtectAi.lambda$getProtectCreatures$0(ProtectAi.java:134)
	at java.base/java.util.stream.ReferencePipeline$2$1.accept(ReferencePipeline.java:178)
	at java.base/java.util.Spliterators$IteratorSpliterator.tryAdvance(Spliterators.java:1950)
	at java.base/java.util.stream.StreamSpliterators$WrappingSpliterator.lambda$initPartialTraversalState$0(StreamSpliterators.java:292)
	at java.base/java.util.stream.StreamSpliterators$AbstractWrappingSpliterator.fillBuffer(StreamSpliterators.java:206)
	at java.base/java.util.stream.StreamSpliterators$AbstractWrappingSpliterator.doAdvance(StreamSpliterators.java:161)
	at java.base/java.util.stream.StreamSpliterators$WrappingSpliterator.tryAdvance(StreamSpliterators.java:298)
	at java.base/java.util.Spliterators$1Adapter.hasNext(Spliterators.java:681)
java.util.concurrent.TimeoutException
	at java.base/java.util.concurrent.FutureTask.get(FutureTask.java:204)
	at forge.ai.AiController.chooseSpellAbilityToPlayFromList(AiController.java:1696)
	at forge.ai.AiController.getSpellAbilityToPlay(AiController.java:1583)
	at forge.ai.AiController.chooseSpellAbilityToPlay(AiController.java:1403)
	at forge.ai.PlayerControllerAi.chooseSpellAbilityToPlay(PlayerControllerAi.java:832)
	at forge.game.phase.PhaseHandler.mainLoopStep(PhaseHandler.java:1056)
	at forge.game.phase.PhaseHandler.mainGameLoop(PhaseHandler.java:1035)
	at forge.game.phase.PhaseHandler.startFirstTurn(PhaseHandler.java:1029)
	at forge.game.GameAction.startGame(GameAction.java:2373)
	at forge.game.Match.startGame(Match.java:92)
	at forge.game.Match.startGame(Match.java:77)
	at forge.view.SimulateMatch.lambda$simulateSingleMatch$0(SimulateMatch.java:213)
	at forge.view.TimeLimitedCodeBlock.lambda$runWithTimeout$0(TimeLimitedCodeBlock.java:18)
	at java.base/java.util.concurrent.FutureTask.run(FutureTask.java:317)
	at java.base/java.util.concurrent.ThreadPoolExecutor.runWorker(ThreadPoolExecutor.java:1144)
	at java.base/java.util.concurrent.ThreadPoolExecutor$Worker.run(ThreadPoolExecutor.java:642)
	at java.base/java.lang.Thread.run(Thread.java:1583)
AI eval thread at timeout:
	at forge.util.collect.FCollection.addAll(FCollection.java:343)
	at forge.util.collect.FCollection.addAll(FCollection.java:325)
	at forge.game.keyword.KeywordInstance.applyReplacementEffect(KeywordInstance.java:251)
	at forge.game.keyword.KeywordCollection.applyReplacementEffect(KeywordCollection.java:201)
	at forge.game.card.Card.updateReplacementEffects(Card.java:7069)
	at forge.game.card.CardState.getReplacementEffects(CardState.java:754)
	at forge.game.card.CardState.getReplacementEffects(CardState.java:723)
	at forge.game.card.Card.getReplacementEffects(Card.java:7055)
	at forge.game.replacement.ReplacementHandler.lambda$getReplacementList$0(ReplacementHandler.java:134)
	at forge.util.Visitor.visitAll(Visitor.java:16)
	at forge.game.Game.forEachCardInGame(Game.java:757)
	at forge.game.replacement.ReplacementHandler.getReplacementList(ReplacementHandler.java:102)
	at forge.game.replacement.ReplacementHandler.cantHappenCheck(ReplacementHandler.java:174)
	at forge.game.card.Card.canUntap(Card.java:4745)
	at forge.game.spellability.SpellAbility.calculateScoreForManaAbility(SpellAbility.java:2413)
	at forge.ai.ComputerUtilMana.scoreManaProducingCard(ComputerUtilMana.java:110)
	at forge.ai.ComputerUtilMana.sortManaAbilities(ComputerUtilMana.java:140)
	at forge.ai.ComputerUtilMana.getSourcesForShards(ComputerUtilMana.java:858)
	at forge.ai.ComputerUtilMana.payManaCost(ComputerUtilMana.java:638)
	at forge.ai.ComputerUtilMana.payManaCost(ComputerUtilMana.java:74)
	at forge.ai.ComputerUtilMana.canPayManaCost(ComputerUtilMana.java:63)
	at forge.ai.ComputerUtilCost.canPayCost(ComputerUtilCost.java:634)
	at forge.ai.ComputerUtilCost.canPayCost(ComputerUtilCost.java:530)
	at forge.ai.ComputerUtilCombat.canGainKeyword(ComputerUtilCombat.java:2290)
	at forge.ai.ComputerUtilCombat.hasKeyword(ComputerUtilCombat.java:2270)
	at forge.ai.ComputerUtilCombat.canDestroyAttacker(ComputerUtilCombat.java:1754)
	at forge.ai.AiBlockController.getKillingBlockers(AiBlockController.java:120)
	at forge.ai.AiBlockController.makeGoodBlocks(AiBlockController.java:203)
	at forge.ai.AiBlockController.assignBlockers(AiBlockController.java:1083)
	at forge.ai.AiBlockController.assignBlockersForCombat(AiBlockController.java:1014)
java.util.concurrent.TimeoutException
	at java.base/java.util.concurrent.FutureTask.get(FutureTask.java:204)
	at forge.ai.AiController.chooseSpellAbilityToPlayFromList(AiController.java:1696)
	at forge.ai.AiController.getSpellAbilityToPlay(AiController.java:1583)
	at forge.ai.AiController.chooseSpellAbilityToPlay(AiController.java:1403)
	at forge.ai.PlayerControllerAi.chooseSpellAbilityToPlay(PlayerControllerAi.java:832)
	at forge.game.phase.PhaseHandler.mainLoopStep(PhaseHandler.java:1056)
	at forge.game.phase.PhaseHandler.mainGameLoop(PhaseHandler.java:1035)
	at forge.game.phase.PhaseHandler.startFirstTurn(PhaseHandler.java:1029)
	at forge.game.GameAction.startGame(GameAction.java:2373)
	at forge.game.Match.startGame(Match.java:92)
	at forge.game.Match.startGame(Match.java:77)
	at forge.view.SimulateMatch.lambda$simulateSingleMatch$0(SimulateMatch.java:213)
	at forge.view.TimeLimitedCodeBlock.lambda$runWithTimeout$0(TimeLimitedCodeBlock.java:18)
	at java.base/java.util.concurrent.FutureTask.run(FutureTask.java:317)
	at java.base/java.util.concurrent.ThreadPoolExecutor.runWorker(ThreadPoolExecutor.java:1144)
	at java.base/java.util.concurrent.ThreadPoolExecutor$Worker.run(ThreadPoolExecutor.java:642)
	at java.base/java.lang.Thread.run(Thread.java:1583)
AI eval thread at timeout:
	at java.base/java.util.ArrayList.addAll(ArrayList.java:752)
	at forge.util.collect.FCollection.<init>(FCollection.java:100)
	at forge.game.card.CardState.getStaticAbilities(CardState.java:705)
	at forge.game.card.Card.getStaticAbilities(Card.java:6993)
	at forge.game.staticability.StaticAbilityIgnoreHexproofShroud.ignore(StaticAbilityIgnoreHexproofShroud.java:16)
	at forge.game.staticability.StaticAbilityCantTarget.applyCantTargetAbility(StaticAbilityCantTarget.java:93)
	at forge.game.staticability.StaticAbilityCantTarget.cantTarget(StaticAbilityCantTarget.java:50)
	at forge.game.card.Card.canBeTargetedBy(Card.java:6892)
	at forge.game.spellability.SpellAbility.canTarget(SpellAbility.java:1585)
	at forge.game.spellability.SpellAbility.canTarget(SpellAbility.java:1373)
	at forge.ai.ComputerUtilCombat.canGainKeyword(ComputerUtilCombat.java:2294)
	at forge.ai.ComputerUtilCombat.dealsFirstStrikeDamage(ComputerUtilCombat.java:2251)
	at forge.ai.ComputerUtilCombat.canDestroyBlocker(ComputerUtilCombat.java:1973)
	at forge.ai.AiBlockController.getSafeBlockers(AiBlockController.java:106)
	at forge.ai.AiBlockController.makeGoodBlocks(AiBlockController.java:198)
	at forge.ai.AiBlockController.assignBlockers(AiBlockController.java:1083)
	at forge.ai.AiBlockController.assignBlockersForCombat(AiBlockController.java:1014)
	at forge.ai.ComputerUtil.predictNextCombatsRemainingLife(ComputerUtil.java:3214)
	at forge.ai.ComputerUtil.evaluateBoardPositionChanged(ComputerUtil.java:2959)
	at forge.ai.ComputerUtil.lambda$evaluateBoardPosition$21(ComputerUtil.java:2930)
	at forge.ai.AiCache.getCached(AiCache.java:40)
	at forge.ai.ComputerUtil.evaluateBoardPosition(ComputerUtil.java:2929)
	at forge.ai.AiAttackController.choosePreferredDefenderPlayer(AiAttackController.java:213)
	at forge.ai.AiAttackController.<init>(AiAttackController.java:98)
	at forge.ai.AiAttackController.<init>(AiAttackController.java:93)
	at forge.ai.AiController.getPredictedCombat(AiController.java:143)
	at forge.ai.ComputerUtilCard.doesCreatureAttackAI(ComputerUtilCard.java:806)
	at forge.ai.ComputerUtilCard.shouldPumpCard(ComputerUtilCard.java:1557)
	at forge.ai.ability.PumpAiBase.lambda$getPumpCreatures$2(PumpAiBase.java:376)
	at java.base/java.util.stream.ReferencePipeline$2$1.accept(ReferencePipeline.java:178)
Stopping slow match as draw
Mulligan: Ai(2)-mm-jarad-graveyard has mulliganed down to 7 cards.
Mulligan: Ai(3)-mm-sythis-enchantress has mulliganed down to 7 cards.
Mulligan: Ai(2)-mm-jarad-graveyard has kept a hand of 7 cards
Mulligan: Ai(3)-mm-sythis-enchantress has kept a hand of 7 cards
Mulligan: Ai(4)-mm-giada-angels has kept a hand of 7 cards
Mulligan: Ai(1)-mm-nekusar-discard has kept a hand of 7 cards
Turn: Turn 1 (Ai(2)-mm-jarad-graveyard)
Phase: Ai(2)-mm-jarad-graveyard's Untap step
Phase: Ai(2)-mm-jarad-graveyard's Upkeep step
Phase: Ai(2)-mm-jarad-graveyard's Draw step
Phase: Ai(2)-mm-jarad-graveyard's Main phase, precombat
Land: Ai(2)-mm-jarad-graveyard played Swamp (163)
Phase: Ai(2)-mm-jarad-graveyard's Beginning of Combat Step
Phase: Ai(2)-mm-jarad-graveyard's Declare Attackers Step
Phase: Ai(2)-mm-jarad-graveyard's Declare Blockers Step
Phase: Ai(2)-mm-jarad-graveyard's First Strike Damage Step
Phase: Ai(2)-mm-jarad-graveyard's Combat Damage Step
Phase: Ai(2)-mm-jarad-graveyard's End of Combat Step
Phase: Ai(2)-mm-jarad-graveyard's Main phase, postcombat
Mana: Swamp (163) - {T}: Add {B}.
Add To Stack: Ai(2)-mm-jarad-graveyard cast Deathrite Shaman
Resolve Stack: Deathrite Shaman - Creature 1 / 2
Phase: Ai(2)-mm-jarad-graveyard's End step
Phase: Ai(2)-mm-jarad-graveyard's Cleanup step
Turn: Turn 2 (Ai(3)-mm-sythis-enchantress)
Phase: Ai(3)-mm-sythis-enchantress' Untap step
Phase: Ai(3)-mm-sythis-enchantress' Upkeep step
Phase: Ai(3)-mm-sythis-enchantress' Draw step
Phase: Ai(3)-mm-sythis-enchantress' Main phase, precombat
Land: Ai(3)-mm-sythis-enchantress played Command Tower (222)
Phase: Ai(3)-mm-sythis-enchantress' Beginning of Combat Step
Phase: Ai(3)-mm-sythis-enchantress' Declare Attackers Step
Phase: Ai(3)-mm-sythis-enchantress' Declare Blockers Step
Phase: Ai(3)-mm-sythis-enchantress' First Strike Damage Step
Phase: Ai(3)-mm-sythis-enchantress' Combat Damage Step
Phase: Ai(3)-mm-sythis-enchantress' End of Combat Step
Phase: Ai(3)-mm-sythis-enchantress' Main phase, postcombat
Phase: Ai(3)-mm-sythis-enchantress' End step
Phase: Ai(3)-mm-sythis-enchantress' Cleanup step
Turn: Turn 3 (Ai(4)-mm-giada-angels)
Phase: Ai(4)-mm-giada-angels' Untap step
Phase: Ai(4)-mm-giada-angels' Upkeep step
Phase: Ai(4)-mm-giada-angels' Draw step
Phase: Ai(4)-mm-giada-angels' Main phase, precombat
Land: Ai(4)-mm-giada-angels played Plains (378)
Phase: Ai(4)-mm-giada-angels' Beginning of Combat Step
Phase: Ai(4)-mm-giada-angels' Declare Attackers Step
Phase: Ai(4)-mm-giada-angels' Declare Blockers Step
Phase: Ai(4)-mm-giada-angels' First Strike Damage Step
Phase: Ai(4)-mm-giada-angels' Combat Damage Step
Phase: Ai(4)-mm-giada-angels' End of Combat Step
Phase: Ai(4)-mm-giada-angels' Main phase, postcombat
Phase: Ai(4)-mm-giada-angels' End step
Phase: Ai(4)-mm-giada-angels' Cleanup step
Turn: Turn 4 (Ai(1)-mm-nekusar-discard)
Phase: Ai(1)-mm-nekusar-discard's Untap step
Phase: Ai(1)-mm-nekusar-discard's Upkeep step
Phase: Ai(1)-mm-nekusar-discard's Draw step
Phase: Ai(1)-mm-nekusar-discard's Main phase, precombat
Land: Ai(1)-mm-nekusar-discard played Swamp (61)
Phase: Ai(1)-mm-nekusar-discard's Beginning of Combat Step
Phase: Ai(1)-mm-nekusar-discard's Declare Attackers Step
Phase: Ai(1)-mm-nekusar-discard's Declare Blockers Step
Phase: Ai(1)-mm-nekusar-discard's First Strike Damage Step
Phase: Ai(1)-mm-nekusar-discard's Combat Damage Step
Phase: Ai(1)-mm-nekusar-discard's End of Combat Step
Phase: Ai(1)-mm-nekusar-discard's Main phase, postcombat
Phase: Ai(1)-mm-nekusar-discard's End step
Phase: Ai(1)-mm-nekusar-discard's Cleanup step
Turn: Turn 5 (Ai(2)-mm-jarad-graveyard)
Phase: Ai(2)-mm-jarad-graveyard's Untap step
Phase: Ai(2)-mm-jarad-graveyard's Upkeep step
Phase: Ai(2)-mm-jarad-graveyard's Draw step
Phase: Ai(2)-mm-jarad-graveyard's Main phase, precombat
Land: Ai(2)-mm-jarad-graveyard played Forest (126)
Phase: Ai(2)-mm-jarad-graveyard's Beginning of Combat Step
Phase: Ai(2)-mm-jarad-graveyard's Declare Attackers Step
Combat: Ai(2)-mm-jarad-graveyard assigned Deathrite Shaman (196) to attack Ai(4)-mm-giada-angels.
Phase: Ai(2)-mm-jarad-graveyard's Declare Blockers Step
Combat: Ai(4)-mm-giada-angels didn't block Deathrite Shaman (196).
Phase: Ai(2)-mm-jarad-graveyard's First Strike Damage Step
Phase: Ai(2)-mm-jarad-graveyard's Combat Damage Step
Damage: Deathrite Shaman (196) deals 1 combat damage to Ai(4)-mm-giada-angels.
Life: Life: Ai(4)-mm-giada-angels 40 > 39
Phase: Ai(2)-mm-jarad-graveyard's End of Combat Step
Phase: Ai(2)-mm-jarad-graveyard's Main phase, postcombat
Mana: Swamp (163) - {T}: Add {B}.
Mana: Forest (126) - {T}: Add {G}.
Add To Stack: Ai(2)-mm-jarad-graveyard cast Fiend Artisan
Resolve Stack: Fiend Artisan - Creature 1 / 1
Phase: Ai(2)-mm-jarad-graveyard's End step
Phase: Ai(2)-mm-jarad-graveyard's Cleanup step
Turn: Turn 6 (Ai(3)-mm-sythis-enchantress)
Phase: Ai(3)-mm-sythis-enchantress' Untap step
Phase: Ai(3)-mm-sythis-enchantress' Upkeep step
Phase: Ai(3)-mm-sythis-enchantress' Draw step
Phase: Ai(3)-mm-sythis-enchantress' Main phase, precombat
Land: Ai(3)-mm-sythis-enchantress played Hall of Heliod's Generosity (212)
Phase: Ai(3)-mm-sythis-enchantress' Beginning of Combat Step
Phase: Ai(3)-mm-sythis-enchantress' Declare Attackers Step
Phase: Ai(3)-mm-sythis-enchantress' Declare Blockers Step
Phase: Ai(3)-mm-sythis-enchantress' First Strike Damage Step
Phase: Ai(3)-mm-sythis-enchantress' Combat Damage Step
Phase: Ai(3)-mm-sythis-enchantress' End of Combat Step
Phase: Ai(3)-mm-sythis-enchantress' Main phase, postcombat
Mana: Command Tower (222) - {T}: Add one mana of any color in your commander's color identity.
Mana: Hall of Heliod's Generosity (212) - {T}: Add {C}.
Add To Stack: Ai(3)-mm-sythis-enchantress cast Weaver of Harmony
Resolve Stack: Weaver of Harmony - Creature 2 / 2
Phase: Ai(3)-mm-sythis-enchantress' End step
Phase: Ai(3)-mm-sythis-enchantress' Cleanup step
Turn: Turn 7 (Ai(4)-mm-giada-angels)
Phase: Ai(4)-mm-giada-angels' Untap step
Phase: Ai(4)-mm-giada-angels' Upkeep step
Phase: Ai(4)-mm-giada-angels' Draw step
Phase: Ai(4)-mm-giada-angels' Main phase, precombat
Land: Ai(4)-mm-giada-angels played Plains (375)
Phase: Ai(4)-mm-giada-angels' Beginning of Combat Step
Phase: Ai(4)-mm-giada-angels' Declare Attackers Step
Phase: Ai(4)-mm-giada-angels' Declare Blockers Step
Phase: Ai(4)-mm-giada-angels' First Strike Damage Step
Phase: Ai(4)-mm-giada-angels' Combat Damage Step
Phase: Ai(4)-mm-giada-angels' End of Combat Step
Phase: Ai(4)-mm-giada-angels' Main phase, postcombat
Mana: Plains (378) - {T}: Add {W}.
Mana: Plains (375) - {T}: Add {W}.
Add To Stack: Ai(4)-mm-giada-angels cast Giada, Font of Hope
Resolve Stack: Giada, Font of Hope - Creature 2 / 2
Phase: Ai(4)-mm-giada-angels' End step
Phase: Ai(4)-mm-giada-angels' Cleanup step
Turn: Turn 8 (Ai(1)-mm-nekusar-discard)
Phase: Ai(1)-mm-nekusar-discard's Untap step
Phase: Ai(1)-mm-nekusar-discard's Upkeep step
Phase: Ai(1)-mm-nekusar-discard's Draw step
Phase: Ai(1)-mm-nekusar-discard's Main phase, precombat
Replacement Effect: Dragonskull Summit enters tapped unless you control a Swamp or a Mountain.
Land: Ai(1)-mm-nekusar-discard played Dragonskull Summit (52)
Phase: Ai(1)-mm-nekusar-discard's Beginning of Combat Step
Phase: Ai(1)-mm-nekusar-discard's Declare Attackers Step
Phase: Ai(1)-mm-nekusar-discard's Declare Blockers Step
Phase: Ai(1)-mm-nekusar-discard's First Strike Damage Step
Phase: Ai(1)-mm-nekusar-discard's Combat Damage Step
Phase: Ai(1)-mm-nekusar-discard's End of Combat Step
Phase: Ai(1)-mm-nekusar-discard's Main phase, postcombat
Mana: Dragonskull Summit (52) - {T}: Add {B} or {R}.
Mana: Swamp (61) - {T}: Add {B}.
Add To Stack: Ai(1)-mm-nekusar-discard cast Stormfist Crusader
Resolve Stack: Stormfist Crusader - Creature 2 / 2
Phase: Ai(1)-mm-nekusar-discard's End step
Phase: Ai(1)-mm-nekusar-discard's Cleanup step
Turn: Turn 9 (Ai(2)-mm-jarad-graveyard)
Phase: Ai(2)-mm-jarad-graveyard's Untap step
Phase: Ai(2)-mm-jarad-graveyard's Upkeep step
Phase: Ai(2)-mm-jarad-graveyard's Draw step
Phase: Ai(2)-mm-jarad-graveyard's Main phase, precombat
Land: Ai(2)-mm-jarad-graveyard played Forest (130)
Phase: Ai(2)-mm-jarad-graveyard's Beginning of Combat Step
Phase: Ai(2)-mm-jarad-graveyard's Declare Attackers Step
Phase: Ai(2)-mm-jarad-graveyard's Declare Blockers Step
Phase: Ai(2)-mm-jarad-graveyard's First Strike Damage Step
Phase: Ai(2)-mm-jarad-graveyard's Combat Damage Step
Phase: Ai(2)-mm-jarad-graveyard's End of Combat Step
Phase: Ai(2)-mm-jarad-graveyard's Main phase, postcombat
Mana: Forest (126) - {T}: Add {G}.
Mana: Swamp (163) - {T}: Add {B}.
Add To Stack: Ai(2)-mm-jarad-graveyard cast Aftermath Analyst
Resolve Stack: Aftermath Analyst - Creature 1 / 3
Add To Stack: Ai(2)-mm-jarad-graveyard triggered Aftermath Analyst
Zone Change: Ai(2)-mm-jarad-graveyard milled Putrefy (174), Swamp (164) and Forest (134).
Resolve Stack: When Aftermath Analyst enters, mill three cards. [Zone Changer: Aftermath Analyst (122)]
Phase: Ai(2)-mm-jarad-graveyard's End step
Phase: Ai(2)-mm-jarad-graveyard's Cleanup step
Turn: Turn 10 (Ai(3)-mm-sythis-enchantress)
Phase: Ai(3)-mm-sythis-enchantress' Untap step
Phase: Ai(3)-mm-sythis-enchantress' Upkeep step
Phase: Ai(3)-mm-sythis-enchantress' Draw step
Phase: Ai(3)-mm-sythis-enchantress' Main phase, precombat
Land: Ai(3)-mm-sythis-enchantress played Forest (243)
Phase: Ai(3)-mm-sythis-enchantress' Beginning of Combat Step
Phase: Ai(3)-mm-sythis-enchantress' Declare Attackers Step
Phase: Ai(3)-mm-sythis-enchantress' Declare Blockers Step
Phase: Ai(3)-mm-sythis-enchantress' First Strike Damage Step
Phase: Ai(3)-mm-sythis-enchantress' Combat Damage Step
Phase: Ai(3)-mm-sythis-enchantress' End of Combat Step
Phase: Ai(3)-mm-sythis-enchantress' Main phase, postcombat
Mana: Command Tower (222) - {T}: Add one mana of any color in your commander's color identity.
Mana: Forest (243) - {T}: Add {G}.
Add To Stack: Ai(3)-mm-sythis-enchantress cast Sythis, Harvest's Hand
Resolve Stack: Sythis, Harvest's Hand - Creature 1 / 2
Phase: Ai(3)-mm-sythis-enchantress' End step
Phase: Ai(3)-mm-sythis-enchantress' Cleanup step
Turn: Turn 11 (Ai(4)-mm-giada-angels)
Phase: Ai(4)-mm-giada-angels' Untap step
Phase: Ai(4)-mm-giada-angels' Upkeep step
Phase: Ai(4)-mm-giada-angels' Draw step
Phase: Ai(4)-mm-giada-angels' Main phase, precombat
Land: Ai(4)-mm-giada-angels played Plains (386)
Mana: Plains (378) - {T}: Add {W}.
Mana: Plains (375) - {T}: Add {W}.
Mana: Plains (386) - {T}: Add {W}.
Mana: Giada, Font of Hope (403) - {T}: Add {W}. Spend this mana only to cast an Angel spell.
Add To Stack: Ai(4)-mm-giada-angels cast Thraben Watcher
Replacement Effect: Each other Angel you control enters with an additional +1/+1 counter on it for each Angel you already control.
Resolve Stack: Thraben Watcher - Creature 2 / 2
Phase: Ai(4)-mm-giada-angels' Beginning of Combat Step
Phase: Ai(4)-mm-giada-angels' Declare Attackers Step
Phase: Ai(4)-mm-giada-angels' Declare Blockers Step
Phase: Ai(4)-mm-giada-angels' First Strike Damage Step
Phase: Ai(4)-mm-giada-angels' Combat Damage Step
Phase: Ai(4)-mm-giada-angels' End of Combat Step
Phase: Ai(4)-mm-giada-angels' Main phase, postcombat
Phase: Ai(4)-mm-giada-angels' End step
Phase: Ai(4)-mm-giada-angels' Cleanup step
Turn: Turn 12 (Ai(1)-mm-nekusar-discard)
Phase: Ai(1)-mm-nekusar-discard's Untap step
Phase: Ai(1)-mm-nekusar-discard's Upkeep step
Add To Stack: Ai(1)-mm-nekusar-discard triggered Stormfist Crusader
Life: Life: Ai(1)-mm-nekusar-discard 40 > 39
Life: Life: Ai(2)-mm-jarad-graveyard 40 > 39
Life: Life: Ai(3)-mm-sythis-enchantress 40 > 39
Life: Life: Ai(4)-mm-giada-angels 39 > 38
Resolve Stack: At the beginning of your upkeep, each player draws a card and loses 1 life. [Phase: Ai(1)-mm-nekusar-discard]
Phase: Ai(1)-mm-nekusar-discard's Draw step
Phase: Ai(1)-mm-nekusar-discard's Main phase, precombat
Land: Ai(1)-mm-nekusar-discard played Swamp (56)
Phase: Ai(1)-mm-nekusar-discard's Beginning of Combat Step
Phase: Ai(1)-mm-nekusar-discard's Declare Attackers Step
Combat: Ai(1)-mm-nekusar-discard assigned Stormfist Crusader (43) to attack Ai(4)-mm-giada-angels.
Phase: Ai(1)-mm-nekusar-discard's Declare Blockers Step
Combat: Ai(4)-mm-giada-angels didn't block Stormfist Crusader (43).
Phase: Ai(1)-mm-nekusar-discard's First Strike Damage Step
Phase: Ai(1)-mm-nekusar-discard's Combat Damage Step
Damage: Stormfist Crusader (43) deals 2 combat damage to Ai(4)-mm-giada-angels.
Life: Life: Ai(4)-mm-giada-angels 38 > 36
Phase: Ai(1)-mm-nekusar-discard's End of Combat Step
Phase: Ai(1)-mm-nekusar-discard's Main phase, postcombat
Phase: Ai(1)-mm-nekusar-discard's End step
Phase: Ai(1)-mm-nekusar-discard's Cleanup step
Turn: Turn 13 (Ai(2)-mm-jarad-graveyard)
Phase: Ai(2)-mm-jarad-graveyard's Untap step
Phase: Ai(2)-mm-jarad-graveyard's Upkeep step
Phase: Ai(2)-mm-jarad-graveyard's Draw step
Phase: Ai(2)-mm-jarad-graveyard's Main phase, precombat
Land: Ai(2)-mm-jarad-graveyard played Forest (128)
Phase: Ai(2)-mm-jarad-graveyard's Beginning of Combat Step
Phase: Ai(2)-mm-jarad-graveyard's Declare Attackers Step
Phase: Ai(2)-mm-jarad-graveyard's Declare Blockers Step
Phase: Ai(2)-mm-jarad-graveyard's First Strike Damage Step
Phase: Ai(2)-mm-jarad-graveyard's Combat Damage Step
Phase: Ai(2)-mm-jarad-graveyard's End of Combat Step
Phase: Ai(2)-mm-jarad-graveyard's Main phase, postcombat
Mana: Forest (126) - {T}: Add {G}.
Mana: Forest (130) - {T}: Add {G}.
Mana: Forest (128) - {T}: Add {G}.
Mana: Swamp (163) - {T}: Add {B}.
Add To Stack: Ai(2)-mm-jarad-graveyard cast Conduit of Worlds
Resolve Stack: Conduit of Worlds
Phase: Ai(2)-mm-jarad-graveyard's End step
Phase: Ai(2)-mm-jarad-graveyard's Cleanup step
Turn: Turn 14 (Ai(3)-mm-sythis-enchantress)
Phase: Ai(3)-mm-sythis-enchantress' Untap step
Phase: Ai(3)-mm-sythis-enchantress' Upkeep step
Phase: Ai(3)-mm-sythis-enchantress' Draw step
Phase: Ai(3)-mm-sythis-enchantress' Main phase, precombat
Land: Ai(3)-mm-sythis-enchantress played Plains (286)
Mana: Plains (286) - {T}: Add {W}.
Mana: Command Tower (222) - {T}: Add one mana of any color in your commander's color identity.
Mana: Forest (243) - {T}: Add {G}.
Add To Stack: Ai(3)-mm-sythis-enchantress cast Grasp of Fate
Add To Stack: Ai(3)-mm-sythis-enchantress triggered Sythis, Harvest's Hand
Life: Life: Ai(3)-mm-sythis-enchantress 39 > 40
Resolve Stack: Whenever you cast an enchantment spell, you gain 1 life and draw a card. [Card: Grasp of Fate (219), Activator: Ai(3)-mm-sythis-enchantress, SpellAbility: Grasp of Fate]
Resolve Stack: Grasp of Fate
Add To Stack: Ai(3)-mm-sythis-enchantress triggered Grasp of Fate targeting [Giada, Font of Hope (403), Deathrite Shaman (196), Stormfist Crusader (43)]
Zone Change: Giada, Font of Hope (403) was put into Exile from Battlefield.
Zone Change: Deathrite Shaman (196) was put into Exile from Battlefield.
Zone Change: Stormfist Crusader (43) was put into Exile from Battlefield.
Resolve Stack: When Grasp of Fate enters, for each opponent, exile up to one target nonland permanent that player controls until Grasp of Fate leaves the battlefield. (Those permanents return under their owners' control.) (Targeting: [[Giada, Font of Hope (403), Deathrite Shaman (196), Stormfist Crusader (43)]]) [Zone Changer: Grasp of Fate (219)]
Phase: Ai(3)-mm-sythis-enchantress' Beginning of Combat Step
Phase: Ai(3)-mm-sythis-enchantress' Declare Attackers Step
Phase: Ai(3)-mm-sythis-enchantress' Declare Blockers Step
Phase: Ai(3)-mm-sythis-enchantress' First Strike Damage Step
Phase: Ai(3)-mm-sythis-enchantress' Combat Damage Step
Phase: Ai(3)-mm-sythis-enchantress' End of Combat Step
Phase: Ai(3)-mm-sythis-enchantress' Main phase, postcombat
Phase: Ai(3)-mm-sythis-enchantress' End step
Phase: Ai(3)-mm-sythis-enchantress' Cleanup step
Turn: Turn 15 (Ai(4)-mm-giada-angels)
Phase: Ai(4)-mm-giada-angels' Untap step
Phase: Ai(4)-mm-giada-angels' Upkeep step
Phase: Ai(4)-mm-giada-angels' Draw step
Phase: Ai(4)-mm-giada-angels' Main phase, precombat
Replacement Effect: Minas Tirith enters tapped unless you control a legendary creature.
Land: Ai(4)-mm-giada-angels played Minas Tirith (327)
Phase: Ai(4)-mm-giada-angels' Beginning of Combat Step
Phase: Ai(4)-mm-giada-angels' Declare Attackers Step
Combat: Ai(4)-mm-giada-angels assigned Thraben Watcher (335) to attack Ai(3)-mm-sythis-enchantress.
Phase: Ai(4)-mm-giada-angels' Declare Blockers Step
Combat: Ai(3)-mm-sythis-enchantress didn't block Thraben Watcher (335).
Phase: Ai(4)-mm-giada-angels' First Strike Damage Step
Phase: Ai(4)-mm-giada-angels' Combat Damage Step
Damage: Thraben Watcher (335) deals 3 combat damage to Ai(3)-mm-sythis-enchantress.
Life: Life: Ai(3)-mm-sythis-enchantress 40 > 37
Phase: Ai(4)-mm-giada-angels' End of Combat Step
Phase: Ai(4)-mm-giada-angels' Main phase, postcombat
Mana: Plains (378) - {T}: Add {W}.
Mana: Plains (375) - {T}: Add {W}.
Mana: Plains (386) - {T}: Add {W}.
Add To Stack: Ai(4)-mm-giada-angels cast Resplendent Angel
Resolve Stack: Resplendent Angel - Creature 3 / 3
Phase: Ai(4)-mm-giada-angels' End step
Phase: Ai(4)-mm-giada-angels' Cleanup step
Turn: Turn 16 (Ai(1)-mm-nekusar-discard)
Phase: Ai(1)-mm-nekusar-discard's Untap step
Phase: Ai(1)-mm-nekusar-discard's Upkeep step
Phase: Ai(1)-mm-nekusar-discard's Draw step
Phase: Ai(1)-mm-nekusar-discard's Main phase, precombat
Land: Ai(1)-mm-nekusar-discard played Exotic Orchard (47)
Phase: Ai(1)-mm-nekusar-discard's Beginning of Combat Step
Phase: Ai(1)-mm-nekusar-discard's Declare Attackers Step
Phase: Ai(1)-mm-nekusar-discard's Declare Blockers Step
Phase: Ai(1)-mm-nekusar-discard's First Strike Damage Step
Phase: Ai(1)-mm-nekusar-discard's Combat Damage Step
Phase: Ai(1)-mm-nekusar-discard's End of Combat Step
Phase: Ai(1)-mm-nekusar-discard's Main phase, postcombat
Phase: Ai(1)-mm-nekusar-discard's End step
Phase: Ai(1)-mm-nekusar-discard's Cleanup step
Turn: Turn 17 (Ai(2)-mm-jarad-graveyard)
Phase: Ai(2)-mm-jarad-graveyard's Untap step
Phase: Ai(2)-mm-jarad-graveyard's Upkeep step
Phase: Ai(2)-mm-jarad-graveyard's Draw step
Phase: Ai(2)-mm-jarad-graveyard's Main phase, precombat
Land: Ai(2)-mm-jarad-graveyard played Swamp (164)
Phase: Ai(2)-mm-jarad-graveyard's Beginning of Combat Step
Phase: Ai(2)-mm-jarad-graveyard's Declare Attackers Step
Phase: Ai(2)-mm-jarad-graveyard's Declare Blockers Step
Phase: Ai(2)-mm-jarad-graveyard's First Strike Damage Step
Phase: Ai(2)-mm-jarad-graveyard's Combat Damage Step
Phase: Ai(2)-mm-jarad-graveyard's End of Combat Step
Phase: Ai(2)-mm-jarad-graveyard's Main phase, postcombat
Mana: Swamp (163) - {T}: Add {B}.
Mana: Swamp (164) - {T}: Add {B}.
Mana: Forest (126) - {T}: Add {G}.
Mana: Forest (130) - {T}: Add {G}.
Add To Stack: Ai(2)-mm-jarad-graveyard cast Jarad, Golgari Lich Lord
Resolve Stack: Jarad, Golgari Lich Lord - Creature 2 / 2
Phase: Ai(2)-mm-jarad-graveyard's End step
Phase: Ai(2)-mm-jarad-graveyard's Cleanup step
Turn: Turn 18 (Ai(3)-mm-sythis-enchantress)
Phase: Ai(3)-mm-sythis-enchantress' Untap step
Phase: Ai(3)-mm-sythis-enchantress' Upkeep step
Phase: Ai(3)-mm-sythis-enchantress' Draw step
Phase: Ai(3)-mm-sythis-enchantress' Main phase, precombat
Land: Ai(3)-mm-sythis-enchantress played Plains (292)
Mana: Forest (243) - {T}: Add {G}.
Mana: Plains (286) - {T}: Add {W}.
Mana: Plains (292) - {T}: Add {W}.
Add To Stack: Ai(3)-mm-sythis-enchantress cast Overgrowth targeting [Hall of Heliod's Generosity (212)]
Add To Stack: Ai(3)-mm-sythis-enchantress triggered Sythis, Harvest's Hand
Life: Life: Ai(3)-mm-sythis-enchantress 37 > 38
Resolve Stack: Whenever you cast an enchantment spell, you gain 1 life and draw a card. [Card: Overgrowth (262), Activator: Ai(3)-mm-sythis-enchantress, SpellAbility: Overgrowth]
Resolve Stack: Overgrowth (262) -  Attach to Hall of Heliod's Generosity (212)
Mana: Command Tower (222) - {T}: Add one mana of any color in your commander's color identity.
Mana: Hall of Heliod's Generosity (212) - {T}: Add {C}.
Add To Stack: Ai(3)-mm-sythis-enchantress cast Blind Obedience
Add To Stack: Ai(3)-mm-sythis-enchantress triggered Sythis, Harvest's Hand
Life: Life: Ai(3)-mm-sythis-enchantress 38 > 39
Resolve Stack: Whenever you cast an enchantment spell, you gain 1 life and draw a card. [Card: Blind Obedience (231), Activator: Ai(3)-mm-sythis-enchantress, SpellAbility: Blind Obedience]
Resolve Stack: Blind Obedience
Add To Stack: Ai(3)-mm-sythis-enchantress cast Herald of the Pantheon
Add To Stack: Ai(3)-mm-sythis-enchantress triggered Blind Obedience
Resolve Stack: Extort (Whenever you cast a spell, you may pay {W/B}. If you do, each opponent loses 1 life and you gain that much life.) [Card: Herald of the Pantheon (279), Activator: Ai(3)-mm-sythis-enchantress, SpellAbility: Herald of the Pantheon - Creature 2 / 2]
Resolve Stack: Herald of the Pantheon - Creature 2 / 2
Phase: Ai(3)-mm-sythis-enchantress' Beginning of Combat Step
Phase: Ai(3)-mm-sythis-enchantress' Declare Attackers Step
Phase: Ai(3)-mm-sythis-enchantress' Declare Blockers Step
Phase: Ai(3)-mm-sythis-enchantress' First Strike Damage Step
Phase: Ai(3)-mm-sythis-enchantress' Combat Damage Step
Phase: Ai(3)-mm-sythis-enchantress' End of Combat Step
Phase: Ai(3)-mm-sythis-enchantress' Main phase, postcombat
Phase: Ai(3)-mm-sythis-enchantress' End step
Phase: Ai(3)-mm-sythis-enchantress' Cleanup step
Turn: Turn 19 (Ai(4)-mm-giada-angels)
Phase: Ai(4)-mm-giada-angels' Untap step
Phase: Ai(4)-mm-giada-angels' Upkeep step
Phase: Ai(4)-mm-giada-angels' Draw step
Phase: Ai(4)-mm-giada-angels' Main phase, precombat
Phase: Ai(4)-mm-giada-angels' Beginning of Combat Step
Phase: Ai(4)-mm-giada-angels' Declare Attackers Step
Combat: Ai(4)-mm-giada-angels assigned Resplendent Angel (304) and Thraben Watcher (335) to attack Ai(3)-mm-sythis-enchantress.
Phase: Ai(4)-mm-giada-angels' Declare Blockers Step
Combat: Ai(3)-mm-sythis-enchantress didn't block Resplendent Angel (304).
Ai(3)-mm-sythis-enchantress didn't block Thraben Watcher (335).
Phase: Ai(4)-mm-giada-angels' First Strike Damage Step
Phase: Ai(4)-mm-giada-angels' Combat Damage Step
Damage: Resplendent Angel (304) deals 4 combat damage to Ai(3)-mm-sythis-enchantress.
Damage: Thraben Watcher (335) deals 3 combat damage to Ai(3)-mm-sythis-enchantress.
Life: Life: Ai(3)-mm-sythis-enchantress 39 > 32
Phase: Ai(4)-mm-giada-angels' End of Combat Step
Phase: Ai(4)-mm-giada-angels' Main phase, postcombat
Mana: Plains (378) - {T}: Add {W}.
Mana: Plains (375) - {T}: Add {W}.
Mana: Plains (386) - {T}: Add {W}.
Mana: Minas Tirith (327) - {T}: Add {W}.
Add To Stack: Ai(4)-mm-giada-angels cast Giada, Font of Hope
Replacement Effect: Artifacts and creatures your opponents control enter tapped.
Resolve Stack: Giada, Font of Hope - Creature 2 / 2
Phase: Ai(4)-mm-giada-angels' End step
Phase: Ai(4)-mm-giada-angels' Cleanup step
Turn: Turn 20 (Ai(1)-mm-nekusar-discard)
Phase: Ai(1)-mm-nekusar-discard's Untap step
Phase: Ai(1)-mm-nekusar-discard's Upkeep step
Phase: Ai(1)-mm-nekusar-discard's Draw step
Phase: Ai(1)-mm-nekusar-discard's Main phase, precombat
Phase: Ai(1)-mm-nekusar-discard's Beginning of Combat Step
Phase: Ai(1)-mm-nekusar-discard's Declare Attackers Step
Phase: Ai(1)-mm-nekusar-discard's Declare Blockers Step
Phase: Ai(1)-mm-nekusar-discard's First Strike Damage Step
Phase: Ai(1)-mm-nekusar-discard's Combat Damage Step
Phase: Ai(1)-mm-nekusar-discard's End of Combat Step
Phase: Ai(1)-mm-nekusar-discard's Main phase, postcombat
Phase: Ai(1)-mm-nekusar-discard's End step
Phase: Ai(1)-mm-nekusar-discard's Cleanup step
Discard: Ai(1)-mm-nekusar-discard discards Forced Fruition (54).
Turn: Turn 21 (Ai(2)-mm-jarad-graveyard)
Phase: Ai(2)-mm-jarad-graveyard's Untap step
Phase: Ai(2)-mm-jarad-graveyard's Upkeep step
Phase: Ai(2)-mm-jarad-graveyard's Draw step
Phase: Ai(2)-mm-jarad-graveyard's Main phase, precombat
Land: Ai(2)-mm-jarad-graveyard played Forest (134)
Phase: Ai(2)-mm-jarad-graveyard's Beginning of Combat Step
Phase: Ai(2)-mm-jarad-graveyard's Declare Attackers Step
Phase: Ai(2)-mm-jarad-graveyard's Declare Blockers Step
Phase: Ai(2)-mm-jarad-graveyard's First Strike Damage Step
Phase: Ai(2)-mm-jarad-graveyard's Combat Damage Step
Phase: Ai(2)-mm-jarad-graveyard's End of Combat Step
Phase: Ai(2)-mm-jarad-graveyard's Main phase, postcombat
Mana: Swamp (163) - {T}: Add {B}.
Mana: Forest (126) - {T}: Add {G}.
Mana: Forest (130) - {T}: Add {G}.
Mana: Forest (128) - {T}: Add {G}.
Add To Stack: Ai(2)-mm-jarad-graveyard cast Jarad's Orders
Resolve Stack: Jarad's Orders (143) - Search your library for up to two creature cards and reveal them. Put one into your hand and the other into your graveyard. Then shuffle.   
Mana: Swamp (164) - {T}: Add {B}.
Add To Stack: Ai(2)-mm-jarad-graveyard cast Stitcher's Supplier
Replacement Effect: Artifacts and creatures your opponents control enter tapped.
Resolve Stack: Stitcher's Supplier - Creature 1 / 1
Add To Stack: Ai(2)-mm-jarad-graveyard triggered Stitcher's Supplier
Zone Change: Ai(2)-mm-jarad-graveyard milled Forest (132), Toxic Deluge (110) and Grisly Salvage (146).
Resolve Stack: When Stitcher's Supplier enters or dies, mill three cards. [Zone Changer: Stitcher's Supplier (186)]
Phase: Ai(2)-mm-jarad-graveyard's End step
Phase: Ai(2)-mm-jarad-graveyard's Cleanup step
Turn: Turn 22 (Ai(3)-mm-sythis-enchantress)
Phase: Ai(3)-mm-sythis-enchantress' Untap step
Phase: Ai(3)-mm-sythis-enchantress' Upkeep step
Phase: Ai(3)-mm-sythis-enchantress' Draw step
Phase: Ai(3)-mm-sythis-enchantress' Main phase, precombat
Land: Ai(3)-mm-sythis-enchantress played Forest (242)
Phase: Ai(3)-mm-sythis-enchantress' Beginning of Combat Step
Phase: Ai(3)-mm-sythis-enchantress' Declare Attackers Step
Phase: Ai(3)-mm-sythis-enchantress' Declare Blockers Step
Phase: Ai(3)-mm-sythis-enchantress' First Strike Damage Step
Phase: Ai(3)-mm-sythis-enchantress' Combat Damage Step
Phase: Ai(3)-mm-sythis-enchantress' End of Combat Step
Phase: Ai(3)-mm-sythis-enchantress' Main phase, postcombat
Mana: Plains (286) - {T}: Add {W}.
Mana: Forest (243) - {T}: Add {G}.
Mana: Plains (292) - {T}: Add {W}.
Mana: Forest (242) - {T}: Add {G}.
Add To Stack: Ai(3)-mm-sythis-enchantress cast Mirari's Wake
Add To Stack: Ai(3)-mm-sythis-enchantress triggered Sythis, Harvest's Hand
Add To Stack: Ai(3)-mm-sythis-enchantress triggered Blind Obedience
Add To Stack: Ai(3)-mm-sythis-enchantress triggered Herald of the Pantheon
Life: Life: Ai(3)-mm-sythis-enchantress 32 > 33
Resolve Stack: Whenever you cast an enchantment spell, you gain 1 life. [Card: Mirari's Wake (233), Activator: Ai(3)-mm-sythis-enchantress, SpellAbility: Mirari's Wake]
Mana: Command Tower (222) - {T}: Add one mana of any color in your commander's color identity.
Life: Life: Ai(4)-mm-giada-angels 36 > 35
Life: Life: Ai(1)-mm-nekusar-discard 39 > 38
Life: Life: Ai(2)-mm-jarad-graveyard 39 > 38
Life: Life: Ai(3)-mm-sythis-enchantress 33 > 36
Resolve Stack: Extort (Whenever you cast a spell, you may pay {W/B}. If you do, each opponent loses 1 life and you gain that much life.) [Card: Mirari's Wake (233), Activator: Ai(3)-mm-sythis-enchantress, SpellAbility: Mirari's Wake]
Life: Life: Ai(3)-mm-sythis-enchantress 36 > 37
Resolve Stack: Whenever you cast an enchantment spell, you gain 1 life and draw a card. [Card: Mirari's Wake (233), Activator: Ai(3)-mm-sythis-enchantress, SpellAbility: Mirari's Wake]
Resolve Stack: Mirari's Wake
Phase: Ai(3)-mm-sythis-enchantress' End step
Phase: Ai(3)-mm-sythis-enchantress' Cleanup step
Turn: Turn 23 (Ai(4)-mm-giada-angels)
Phase: Ai(4)-mm-giada-angels' Untap step
Phase: Ai(4)-mm-giada-angels' Upkeep step
Phase: Ai(4)-mm-giada-angels' Draw step
Phase: Ai(4)-mm-giada-angels' Main phase, precombat
Land: Ai(4)-mm-giada-angels played Plains (388)
Phase: Ai(4)-mm-giada-angels' Beginning of Combat Step
Phase: Ai(4)-mm-giada-angels' Declare Attackers Step
Combat: Ai(4)-mm-giada-angels assigned Resplendent Angel (304), Thraben Watcher (335) and Giada, Font of Hope (403) to attack Ai(3)-mm-sythis-enchantress.
Phase: Ai(4)-mm-giada-angels' Declare Blockers Step
Combat: Ai(3)-mm-sythis-enchantress didn't block Resplendent Angel (304).
Ai(3)-mm-sythis-enchantress didn't block Thraben Watcher (335).
Ai(3)-mm-sythis-enchantress didn't block Giada, Font of Hope (403).
Phase: Ai(4)-mm-giada-angels' First Strike Damage Step
Phase: Ai(4)-mm-giada-angels' Combat Damage Step
Damage: Resplendent Angel (304) deals 4 combat damage to Ai(3)-mm-sythis-enchantress.
Damage: Thraben Watcher (335) deals 3 combat damage to Ai(3)-mm-sythis-enchantress.
Damage: Giada, Font of Hope (403) deals 3 combat damage to Ai(3)-mm-sythis-enchantress.
Life: Life: Ai(3)-mm-sythis-enchantress 37 > 27
Phase: Ai(4)-mm-giada-angels' End of Combat Step
Phase: Ai(4)-mm-giada-angels' Main phase, postcombat
Mana: Plains (378) - {T}: Add {W}.
Mana: Plains (375) - {T}: Add {W}.
Mana: Plains (386) - {T}: Add {W}.
Mana: Plains (388) - {T}: Add {W}.
Mana: Minas Tirith (327) - {T}: Add {W}.
Add To Stack: Ai(4)-mm-giada-angels cast Vanquisher's Banner
Replacement Effect: Artifacts and creatures your opponents control enter tapped.
Replacement Effect: As Vanquisher's Banner enters, choose a creature type.
Resolve Stack: Vanquisher's Banner
Phase: Ai(4)-mm-giada-angels' End step
Phase: Ai(4)-mm-giada-angels' Cleanup step
Turn: Turn 24 (Ai(1)-mm-nekusar-discard)
Phase: Ai(1)-mm-nekusar-discard's Untap step
Phase: Ai(1)-mm-nekusar-discard's Upkeep step
Phase: Ai(1)-mm-nekusar-discard's Draw step
Phase: Ai(1)-mm-nekusar-discard's Main phase, precombat
Replacement Effect: Luxury Suite enters tapped unless you have two or more opponents.
Land: Ai(1)-mm-nekusar-discard played Luxury Suite (42)
Phase: Ai(1)-mm-nekusar-discard's Beginning of Combat Step
Phase: Ai(1)-mm-nekusar-discard's Declare Attackers Step
Phase: Ai(1)-mm-nekusar-discard's Declare Blockers Step
Phase: Ai(1)-mm-nekusar-discard's First Strike Damage Step
Phase: Ai(1)-mm-nekusar-discard's Combat Damage Step
Phase: Ai(1)-mm-nekusar-discard's End of Combat Step
Phase: Ai(1)-mm-nekusar-discard's Main phase, postcombat
Mana: Dragonskull Summit (52) - {T}: Add {B} or {R}.
Mana: Luxury Suite (42) - {T}: Add {B} or {R}.
Add To Stack: Ai(1)-mm-nekusar-discard cast Razorkin Needlehead
Replacement Effect: Artifacts and creatures your opponents control enter tapped.
Resolve Stack: Razorkin Needlehead - Creature 2 / 2
Phase: Ai(1)-mm-nekusar-discard's End step
Phase: Ai(1)-mm-nekusar-discard's Cleanup step
Turn: Turn 25 (Ai(2)-mm-jarad-graveyard)
Phase: Ai(2)-mm-jarad-graveyard's Untap step
Phase: Ai(2)-mm-jarad-graveyard's Upkeep step
Phase: Ai(2)-mm-jarad-graveyard's Draw step
Add To Stack: Ai(1)-mm-nekusar-discard triggered Razorkin Needlehead
Damage: Razorkin Needlehead (31) deals 1 non-combat damage to Ai(2)-mm-jarad-graveyard.
Life: Life: Ai(2)-mm-jarad-graveyard 38 > 37
Resolve Stack: Whenever an opponent draws a card, Razorkin Needlehead deals 1 damage to them. [Player: Ai(2)-mm-jarad-graveyard]
Phase: Ai(2)-mm-jarad-graveyard's Main phase, precombat
Land: Ai(2)-mm-jarad-graveyard played Forest (132)
Mana: Swamp (163) - {T}: Add {B}.
Mana: Forest (126) - {T}: Add {G}.
Mana: Forest (130) - {T}: Add {G}.
Mana: Forest (128) - {T}: Add {G}.
Add To Stack: Ai(2)-mm-jarad-graveyard cast Rise of the Witch-king
Zone Change: Stitcher's Supplier (186) was put into Graveyard from Battlefield.
Zone Change: Herald of the Pantheon (279) was put into Graveyard from Battlefield.
Zone Change: Thraben Watcher (335) was put into Graveyard from Battlefield.
Zone Change: Razorkin Needlehead (31) was put into Graveyard from Battlefield.
Replacement Effect: Artifacts and creatures your opponents control enter tapped.
Resolve Stack: Rise of the Witch-king (107) - Ai(2)-mm-jarad-graveyard, Ai(3)-mm-sythis-enchantress, Ai(4)-mm-giada-angels and Ai(1)-mm-nekusar-discard sacrifice a creature. Ai(2)-mm-jarad-graveyard returns up to one Permanent.YouCtrl+!IsRemembered card from their graveyard to the battlefield. 
Add To Stack: Ai(2)-mm-jarad-graveyard triggered Stitcher's Supplier
Zone Change: Ai(2)-mm-jarad-graveyard milled Beast Within (172), Deathcap Glade (142) and Command Tower (111).
Resolve Stack: When Stitcher's Supplier enters or dies, mill three cards. [Zone Changer: Stitcher's Supplier (186)]
Phase: Ai(2)-mm-jarad-graveyard's Beginning of Combat Step
Phase: Ai(2)-mm-jarad-graveyard's Declare Attackers Step
Phase: Ai(2)-mm-jarad-graveyard's Declare Blockers Step
Phase: Ai(2)-mm-jarad-graveyard's First Strike Damage Step
Phase: Ai(2)-mm-jarad-graveyard's Combat Damage Step
Phase: Ai(2)-mm-jarad-graveyard's End of Combat Step
Phase: Ai(2)-mm-jarad-graveyard's Main phase, postcombat
Mana: Swamp (164) - {T}: Add {B}.
Mana: Forest (134) - {T}: Add {G}.
Add To Stack: Ai(2)-mm-jarad-graveyard cast Skull Prophet
Replacement Effect: Artifacts and creatures your opponents control enter tapped.
Resolve Stack: Skull Prophet - Creature 3 / 1
Phase: Ai(2)-mm-jarad-graveyard's End step
Phase: Ai(2)-mm-jarad-graveyard's Cleanup step
Turn: Turn 26 (Ai(3)-mm-sythis-enchantress)
Phase: Ai(3)-mm-sythis-enchantress' Untap step
Phase: Ai(3)-mm-sythis-enchantress' Upkeep step
Phase: Ai(3)-mm-sythis-enchantress' Draw step
Phase: Ai(3)-mm-sythis-enchantress' Main phase, precombat
Land: Ai(3)-mm-sythis-enchantress played Plains (290)
Phase: Ai(3)-mm-sythis-enchantress' Beginning of Combat Step
Mana: Forest (243) - {T}: Add {G}.
Add To Stack: Ai(3)-mm-sythis-enchantress cast Heroic Intervention
Add To Stack: Ai(3)-mm-sythis-enchantress triggered Blind Obedience
Mana: Plains (286) - {T}: Add {W}.
Life: Life: Ai(4)-mm-giada-angels 35 > 34
Life: Life: Ai(1)-mm-nekusar-discard 38 > 37
Life: Life: Ai(2)-mm-jarad-graveyard 37 > 36
Life: Life: Ai(3)-mm-sythis-enchantress 27 > 30
Resolve Stack: Extort (Whenever you cast a spell, you may pay {W/B}. If you do, each opponent loses 1 life and you gain that much life.) [Card: Heroic Intervention (283), Activator: Ai(3)-mm-sythis-enchantress, SpellAbility: Permanents you control gain hexproof and indestructible until end of turn.]
Resolve Stack: Heroic Intervention (283) - Permanents you control gain hexproof and indestructible until end of turn.
Phase: Ai(3)-mm-sythis-enchantress' Declare Attackers Step
Combat: Ai(3)-mm-sythis-enchantress assigned Weaver of Harmony (257) and Sythis, Harvest's Hand (302) to attack Ai(2)-mm-jarad-graveyard.
Phase: Ai(3)-mm-sythis-enchantress' Declare Blockers Step
Combat: Ai(2)-mm-jarad-graveyard didn't block Weaver of Harmony (257).
Ai(2)-mm-jarad-graveyard didn't block Sythis, Harvest's Hand (302).
Phase: Ai(3)-mm-sythis-enchantress' First Strike Damage Step
Phase: Ai(3)-mm-sythis-enchantress' Combat Damage Step
Damage: Weaver of Harmony (257) deals 3 combat damage to Ai(2)-mm-jarad-graveyard.
Damage: Sythis, Harvest's Hand (302) deals 3 combat damage to Ai(2)-mm-jarad-graveyard.
Life: Life: Ai(2)-mm-jarad-graveyard 36 > 30
Phase: Ai(3)-mm-sythis-enchantress' End of Combat Step
Phase: Ai(3)-mm-sythis-enchantress' Main phase, postcombat
Mana: Forest (242) - {T}: Add {G}.
Mana: Plains (292) - {T}: Add {W}.
Add To Stack: Ai(3)-mm-sythis-enchantress cast Eidolon of Blossoms
Add To Stack: Ai(3)-mm-sythis-enchantress triggered Sythis, Harvest's Hand
Add To Stack: Ai(3)-mm-sythis-enchantress triggered Blind Obedience
Mana: Plains (290) - {T}: Add {W}.
Life: Life: Ai(4)-mm-giada-angels 34 > 33
Life: Life: Ai(1)-mm-nekusar-discard 37 > 36
Life: Life: Ai(2)-mm-jarad-graveyard 30 > 29
Life: Life: Ai(3)-mm-sythis-enchantress 30 > 33
Resolve Stack: Extort (Whenever you cast a spell, you may pay {W/B}. If you do, each opponent loses 1 life and you gain that much life.) [Card: Eidolon of Blossoms (209), Activator: Ai(3)-mm-sythis-enchantress, SpellAbility: Eidolon of Blossoms - Creature 2 / 2]
Life: Life: Ai(3)-mm-sythis-enchantress 33 > 34
Resolve Stack: Whenever you cast an enchantment spell, you gain 1 life and draw a card. [Card: Eidolon of Blossoms (209), Activator: Ai(3)-mm-sythis-enchantress, SpellAbility: Eidolon of Blossoms - Creature 2 / 2]
Resolve Stack: Eidolon of Blossoms - Creature 2 / 2
Add To Stack: Ai(3)-mm-sythis-enchantress triggered Eidolon of Blossoms
Resolve Stack: Constellation — Whenever Eidolon of Blossoms or another enchantment you control enters, draw a card. [Zone Changer: Eidolon of Blossoms (209)]
Mana: Command Tower (222) - {T}: Add one mana of any color in your commander's color identity.
Add To Stack: Ai(3)-mm-sythis-enchantress cast Heliod, Sun-Crowned
Add To Stack: Ai(3)-mm-sythis-enchantress triggered Sythis, Harvest's Hand
Add To Stack: Ai(3)-mm-sythis-enchantress triggered Blind Obedience
Resolve Stack: Extort (Whenever you cast a spell, you may pay {W/B}. If you do, each opponent loses 1 life and you gain that much life.) [Card: Heliod, Sun-Crowned (297), Activator: Ai(3)-mm-sythis-enchantress, SpellAbility: Heliod, Sun-Crowned - Creature 5 / 5]
Life: Life: Ai(3)-mm-sythis-enchantress 34 > 35
Resolve Stack: Whenever you cast an enchantment spell, you gain 1 life and draw a card. [Card: Heliod, Sun-Crowned (297), Activator: Ai(3)-mm-sythis-enchantress, SpellAbility: Heliod, Sun-Crowned - Creature 5 / 5]
Resolve Stack: Heliod, Sun-Crowned - Creature 5 / 5
Add To Stack: Ai(3)-mm-sythis-enchantress triggered Eidolon of Blossoms
Resolve Stack: Constellation — Whenever Eidolon of Blossoms or another enchantment you control enters, draw a card. [Zone Changer: Heliod, Sun-Crowned (297)]
Phase: Ai(3)-mm-sythis-enchantress' End step
Phase: Ai(3)-mm-sythis-enchantress' Cleanup step
Turn: Turn 27 (Ai(4)-mm-giada-angels)
Phase: Ai(4)-mm-giada-angels' Untap step
Phase: Ai(4)-mm-giada-angels' Upkeep step
Phase: Ai(4)-mm-giada-angels' Draw step
Phase: Ai(4)-mm-giada-angels' Main phase, precombat
Phase: Ai(4)-mm-giada-angels' Beginning of Combat Step
Phase: Ai(4)-mm-giada-angels' Declare Attackers Step
Combat: Ai(4)-mm-giada-angels assigned Resplendent Angel (304) and Giada, Font of Hope (403) to attack Ai(3)-mm-sythis-enchantress.
Phase: Ai(4)-mm-giada-angels' Declare Blockers Step
Combat: Ai(3)-mm-sythis-enchantress didn't block Resplendent Angel (304).
Ai(3)-mm-sythis-enchantress didn't block Giada, Font of Hope (403).
Phase: Ai(4)-mm-giada-angels' First Strike Damage Step
Phase: Ai(4)-mm-giada-angels' Combat Damage Step
Damage: Resplendent Angel (304) deals 4 combat damage to Ai(3)-mm-sythis-enchantress.
Damage: Giada, Font of Hope (403) deals 3 combat damage to Ai(3)-mm-sythis-enchantress.
Life: Life: Ai(3)-mm-sythis-enchantress 35 > 28
Phase: Ai(4)-mm-giada-angels' End of Combat Step
Phase: Ai(4)-mm-giada-angels' Main phase, postcombat
Mana: Plains (378) - {T}: Add {W}.
Mana: Plains (375) - {T}: Add {W}.
Mana: Plains (386) - {T}: Add {W}.
Mana: Plains (388) - {T}: Add {W}.
Add To Stack: Ai(4)-mm-giada-angels cast Angelic Field Marshal
Add To Stack: Ai(4)-mm-giada-angels triggered Vanquisher's Banner
Resolve Stack: Whenever you cast a creature spell of the chosen type, draw a card. [Card: Angelic Field Marshal (309), Activator: Ai(4)-mm-giada-angels, SpellAbility: Angelic Field Marshal - Creature 3 / 3]
Replacement Effect: Artifacts and creatures your opponents control enter tapped.
Replacement Effect: Each other Angel you control enters with an additional +1/+1 counter on it for each Angel you already control.
Resolve Stack: Angelic Field Marshal - Creature 3 / 3
Phase: Ai(4)-mm-giada-angels' End step
Phase: Ai(4)-mm-giada-angels' Cleanup step
Turn: Turn 28 (Ai(1)-mm-nekusar-discard)
Phase: Ai(1)-mm-nekusar-discard's Untap step
Phase: Ai(1)-mm-nekusar-discard's Upkeep step
Phase: Ai(1)-mm-nekusar-discard's Draw step
Phase: Ai(1)-mm-nekusar-discard's Main phase, precombat
Land: Ai(1)-mm-nekusar-discard played Swamp (59)
Phase: Ai(1)-mm-nekusar-discard's Beginning of Combat Step
Phase: Ai(1)-mm-nekusar-discard's Declare Attackers Step
Phase: Ai(1)-mm-nekusar-discard's Declare Blockers Step
Phase: Ai(1)-mm-nekusar-discard's First Strike Damage Step
Phase: Ai(1)-mm-nekusar-discard's Combat Damage Step
Phase: Ai(1)-mm-nekusar-discard's End of Combat Step
Phase: Ai(1)-mm-nekusar-discard's Main phase, postcombat
Phase: Ai(1)-mm-nekusar-discard's End step
Phase: Ai(1)-mm-nekusar-discard's Cleanup step
Turn: Turn 29 (Ai(2)-mm-jarad-graveyard)
Phase: Ai(2)-mm-jarad-graveyard's Untap step
Phase: Ai(2)-mm-jarad-graveyard's Upkeep step
Phase: Ai(2)-mm-jarad-graveyard's Draw step
Phase: Ai(2)-mm-jarad-graveyard's Main phase, precombat
Replacement Effect: Deathcap Glade enters tapped unless you control two or more other lands.
Land: Ai(2)-mm-jarad-graveyard played Deathcap Glade (142)
Phase: Ai(2)-mm-jarad-graveyard's Beginning of Combat Step
Phase: Ai(2)-mm-jarad-graveyard's Declare Attackers Step
Combat: Ai(2)-mm-jarad-graveyard assigned Ghoultree (200), Jarad, Golgari Lich Lord (201) and Skull Prophet (183) to attack Ai(4)-mm-giada-angels.
Phase: Ai(2)-mm-jarad-graveyard's Declare Blockers Step
Combat: Ai(4)-mm-giada-angels didn't block Ghoultree (200).
Ai(4)-mm-giada-angels didn't block Jarad, Golgari Lich Lord (201).
Ai(4)-mm-giada-angels didn't block Skull Prophet (183).
Phase: Ai(2)-mm-jarad-graveyard's First Strike Damage Step
Phase: Ai(2)-mm-jarad-graveyard's Combat Damage Step
Damage: Ghoultree (200) deals 10 combat damage to Ai(4)-mm-giada-angels.
Damage: Jarad, Golgari Lich Lord (201) deals 3 combat damage to Ai(4)-mm-giada-angels.
Damage: Skull Prophet (183) deals 3 combat damage to Ai(4)-mm-giada-angels.
Life: Life: Ai(4)-mm-giada-angels 33 > 17
Phase: Ai(2)-mm-jarad-graveyard's End of Combat Step
Phase: Ai(2)-mm-jarad-graveyard's Main phase, postcombat
Mana: Swamp (163) - {T}: Add {B}.
Mana: Swamp (164) - {T}: Add {B}.
Mana: Forest (126) - {T}: Add {G}.
Mana: Forest (130) - {T}: Add {G}.
Mana: Forest (128) - {T}: Add {G}.
Mana: Forest (134) - {T}: Add {G}.
Add To Stack: Ai(2)-mm-jarad-graveyard cast Yargle and Multani
Replacement Effect: Artifacts and creatures your opponents control enter tapped.
Resolve Stack: Yargle and Multani - Creature 18 / 6
Mana: Forest (132) - {T}: Add {G}.
Mana: Deathcap Glade (142) - {T}: Add {B} or {G}.
Zone Change: Aftermath Analyst (122) was put into Graveyard from Battlefield.
Add To Stack: Ai(2)-mm-jarad-graveyard activated Fiend Artisan
Replacement Effect: Artifacts and creatures your opponents control enter tapped.
Resolve Stack: Fiend Artisan (138) - Search your library for a creature card with mana value X or less, put it onto the battlefield, then shuffle. Activate only as a sorcery. (X=1)
Phase: Ai(2)-mm-jarad-graveyard's End step
Phase: Ai(2)-mm-jarad-graveyard's Cleanup step
Turn: Turn 30 (Ai(3)-mm-sythis-enchantress)
Phase: Ai(3)-mm-sythis-enchantress' Untap step
Phase: Ai(3)-mm-sythis-enchantress' Upkeep step
Phase: Ai(3)-mm-sythis-enchantress' Draw step
Phase: Ai(3)-mm-sythis-enchantress' Main phase, precombat
Land: Ai(3)-mm-sythis-enchantress played Plains (285)
Mana: Plains (286) - {T}: Add {W}.
Add To Stack: Ai(3)-mm-sythis-enchantress cast Starfield Mystic
Add To Stack: Ai(3)-mm-sythis-enchantress triggered Blind Obedience
Mana: Plains (292) - {T}: Add {W}.
Life: Life: Ai(4)-mm-giada-angels 17 > 16
Life: Life: Ai(1)-mm-nekusar-discard 36 > 35
Life: Life: Ai(2)-mm-jarad-graveyard 29 > 28
Life: Life: Ai(3)-mm-sythis-enchantress 28 > 31
Resolve Stack: Extort (Whenever you cast a spell, you may pay {W/B}. If you do, each opponent loses 1 life and you gain that much life.) [Card: Starfield Mystic (253), Activator: Ai(3)-mm-sythis-enchantress, SpellAbility: Starfield Mystic - Creature 2 / 2]
Add To Stack: Ai(3)-mm-sythis-enchantress triggered Heliod, Sun-Crowned targeting [Heliod, Sun-Crowned (297)]
Resolve Stack: Whenever you gain life, put a +1/+1 counter on target creature or enchantment you control. (Targeting: [[Heliod, Sun-Crowned (297)]]) [Player: Ai(3)-mm-sythis-enchantress, Gained Amount: 3]
Resolve Stack: Starfield Mystic - Creature 2 / 2
Mana: Forest (243) - {T}: Add {G}.
Add To Stack: Ai(3)-mm-sythis-enchantress cast Sanctum Weaver
Add To Stack: Ai(3)-mm-sythis-enchantress triggered Sythis, Harvest's Hand
Add To Stack: Ai(3)-mm-sythis-enchantress triggered Blind Obedience
Life: Life: Ai(4)-mm-giada-angels 16 > 15
Life: Life: Ai(1)-mm-nekusar-discard 35 > 34
Life: Life: Ai(2)-mm-jarad-graveyard 28 > 27
Life: Life: Ai(3)-mm-sythis-enchantress 31 > 34
Resolve Stack: Extort (Whenever you cast a spell, you may pay {W/B}. If you do, each opponent loses 1 life and you gain that much life.) [Card: Sanctum Weaver (269), Activator: Ai(3)-mm-sythis-enchantress, SpellAbility: Sanctum Weaver - Creature 0 / 2]
Add To Stack: Ai(3)-mm-sythis-enchantress triggered Heliod, Sun-Crowned targeting [Heliod, Sun-Crowned (297)]
Resolve Stack: Whenever you gain life, put a +1/+1 counter on target creature or enchantment you control. (Targeting: [[Heliod, Sun-Crowned (297)]]) [Player: Ai(3)-mm-sythis-enchantress, Gained Amount: 3]
Life: Life: Ai(3)-mm-sythis-enchantress 34 > 35
Resolve Stack: Whenever you cast an enchantment spell, you gain 1 life and draw a card. [Card: Sanctum Weaver (269), Activator: Ai(3)-mm-sythis-enchantress, SpellAbility: Sanctum Weaver - Creature 0 / 2]
Add To Stack: Ai(3)-mm-sythis-enchantress triggered Heliod, Sun-Crowned targeting [Heliod, Sun-Crowned (297)]
Resolve Stack: Whenever you gain life, put a +1/+1 counter on target creature or enchantment you control. (Targeting: [[Heliod, Sun-Crowned (297)]]) [Player: Ai(3)-mm-sythis-enchantress, Gained Amount: 1]
Resolve Stack: Sanctum Weaver - Creature 0 / 2
Add To Stack: Ai(3)-mm-sythis-enchantress triggered Eidolon of Blossoms
Resolve Stack: Constellation — Whenever Eidolon of Blossoms or another enchantment you control enters, draw a card. [Zone Changer: Sanctum Weaver (269)]
Mana: Plains (290) - {T}: Add {W}.
Add To Stack: Ai(3)-mm-sythis-enchantress cast Calix, Guided by Fate
Add To Stack: Ai(3)-mm-sythis-enchantress triggered Sythis, Harvest's Hand
Add To Stack: Ai(3)-mm-sythis-enchantress triggered Blind Obedience
Life: Life: Ai(4)-mm-giada-angels 15 > 14
Life: Life: Ai(1)-mm-nekusar-discard 34 > 33
Life: Life: Ai(2)-mm-jarad-graveyard 27 > 26
Life: Life: Ai(3)-mm-sythis-enchantress 35 > 38
Resolve Stack: Extort (Whenever you cast a spell, you may pay {W/B}. If you do, each opponent loses 1 life and you gain that much life.) [Card: Calix, Guided by Fate (232), Activator: Ai(3)-mm-sythis-enchantress, SpellAbility: Calix, Guided by Fate - Creature 2 / 2]
Add To Stack: Ai(3)-mm-sythis-enchantress triggered Heliod, Sun-Crowned targeting [Heliod, Sun-Crowned (297)]
Resolve Stack: Whenever you gain life, put a +1/+1 counter on target creature or enchantment you control. (Targeting: [[Heliod, Sun-Crowned (297)]]) [Player: Ai(3)-mm-sythis-enchantress, Gained Amount: 3]
Life: Life: Ai(3)-mm-sythis-enchantress 38 > 39
Resolve Stack: Whenever you cast an enchantment spell, you gain 1 life and draw a card. [Card: Calix, Guided by Fate (232), Activator: Ai(3)-mm-sythis-enchantress, SpellAbility: Calix, Guided by Fate - Creature 2 / 2]
Add To Stack: Ai(3)-mm-sythis-enchantress triggered Heliod, Sun-Crowned targeting [Heliod, Sun-Crowned (297)]
Resolve Stack: Whenever you gain life, put a +1/+1 counter on target creature or enchantment you control. (Targeting: [[Heliod, Sun-Crowned (297)]]) [Player: Ai(3)-mm-sythis-enchantress, Gained Amount: 1]
Resolve Stack: Calix, Guided by Fate - Creature 2 / 2
Add To Stack: Ai(3)-mm-sythis-enchantress triggered Eidolon of Blossoms
Add To Stack: Ai(3)-mm-sythis-enchantress triggered Calix, Guided by Fate targeting [Heliod, Sun-Crowned (297)]
Resolve Stack: Constellation — Whenever Calix, Guided by Fate or another enchantment you control enters, put a +1/+1 counter on target creature. (Targeting: [[Heliod, Sun-Crowned (297)]]) [Zone Changer: Calix, Guided by Fate (232)]
Resolve Stack: Constellation — Whenever Eidolon of Blossoms or another enchantment you control enters, draw a card. [Zone Changer: Calix, Guided by Fate (232)]
Mana: Plains (285) - {T}: Add {W}.
Add To Stack: Ai(3)-mm-sythis-enchantress cast Aura of Silence
Add To Stack: Ai(3)-mm-sythis-enchantress triggered Sythis, Harvest's Hand
Add To Stack: Ai(3)-mm-sythis-enchantress triggered Blind Obedience
Mana: Command Tower (222) - {T}: Add one mana of any color in your commander's color identity.
Life: Life: Ai(4)-mm-giada-angels 14 > 13
Life: Life: Ai(1)-mm-nekusar-discard 33 > 32
Life: Life: Ai(2)-mm-jarad-graveyard 26 > 25
Life: Life: Ai(3)-mm-sythis-enchantress 39 > 42
Resolve Stack: Extort (Whenever you cast a spell, you may pay {W/B}. If you do, each opponent loses 1 life and you gain that much life.) [Card: Aura of Silence (226), Activator: Ai(3)-mm-sythis-enchantress, SpellAbility: Aura of Silence]
Add To Stack: Ai(3)-mm-sythis-enchantress triggered Heliod, Sun-Crowned targeting [Heliod, Sun-Crowned (297)]
Resolve Stack: Whenever you gain life, put a +1/+1 counter on target creature or enchantment you control. (Targeting: [[Heliod, Sun-Crowned (297)]]) [Player: Ai(3)-mm-sythis-enchantress, Gained Amount: 3]
Life: Life: Ai(3)-mm-sythis-enchantress 42 > 43
Resolve Stack: Whenever you cast an enchantment spell, you gain 1 life and draw a card. [Card: Aura of Silence (226), Activator: Ai(3)-mm-sythis-enchantress, SpellAbility: Aura of Silence]
Add To Stack: Ai(3)-mm-sythis-enchantress triggered Heliod, Sun-Crowned targeting [Heliod, Sun-Crowned (297)]
Resolve Stack: Whenever you gain life, put a +1/+1 counter on target creature or enchantment you control. (Targeting: [[Heliod, Sun-Crowned (297)]]) [Player: Ai(3)-mm-sythis-enchantress, Gained Amount: 1]
Resolve Stack: Aura of Silence
Add To Stack: Ai(3)-mm-sythis-enchantress triggered Eidolon of Blossoms
Add To Stack: Ai(3)-mm-sythis-enchantress triggered Calix, Guided by Fate targeting [Heliod, Sun-Crowned (297)]
Resolve Stack: Constellation — Whenever Calix, Guided by Fate or another enchantment you control enters, put a +1/+1 counter on target creature. (Targeting: [[Heliod, Sun-Crowned (297)]]) [Zone Changer: Aura of Silence (226)]
Resolve Stack: Constellation — Whenever Eidolon of Blossoms or another enchantment you control enters, draw a card. [Zone Changer: Aura of Silence (226)]
Zone Change: Aura of Silence (226) was put into Graveyard from Battlefield.
Add To Stack: Ai(3)-mm-sythis-enchantress activated Aura of Silence targeting [Conduit of Worlds (187)]
Add To Stack: Ai(3)-mm-sythis-enchantress triggered Starfield Mystic
Resolve Stack: Whenever an enchantment you control is put into a graveyard from the battlefield, put a +1/+1 counter on Starfield Mystic. [Zone Changer: Aura of Silence (226)]
Zone Change: Conduit of Worlds (187) was put into Graveyard from Battlefield.
Resolve Stack: Aura of Silence (226) - Destroy Conduit of Worlds (187).
Mana: Forest (242) - {T}: Add {G}.
Add To Stack: Ai(3)-mm-sythis-enchantress cast Sterling Grove
Add To Stack: Ai(3)-mm-sythis-enchantress triggered Sythis, Harvest's Hand
Add To Stack: Ai(3)-mm-sythis-enchantress triggered Blind Obedience
Resolve Stack: Extort (Whenever you cast a spell, you may pay {W/B}. If you do, each opponent loses 1 life and you gain that much life.) [Card: Sterling Grove (221), Activator: Ai(3)-mm-sythis-enchantress, SpellAbility: Sterling Grove]
Life: Life: Ai(3)-mm-sythis-enchantress 43 > 44
Resolve Stack: Whenever you cast an enchantment spell, you gain 1 life and draw a card. [Card: Sterling Grove (221), Activator: Ai(3)-mm-sythis-enchantress, SpellAbility: Sterling Grove]
Add To Stack: Ai(3)-mm-sythis-enchantress triggered Heliod, Sun-Crowned targeting [Heliod, Sun-Crowned (297)]
Resolve Stack: Whenever you gain life, put a +1/+1 counter on target creature or enchantment you control. (Targeting: [[Heliod, Sun-Crowned (297)]]) [Player: Ai(3)-mm-sythis-enchantress, Gained Amount: 1]
Resolve Stack: Sterling Grove
Add To Stack: Ai(3)-mm-sythis-enchantress triggered Eidolon of Blossoms
Add To Stack: Ai(3)-mm-sythis-enchantress triggered Calix, Guided by Fate targeting [Starfield Mystic (253)]
Resolve Stack: Constellation — Whenever Calix, Guided by Fate or another enchantment you control enters, put a +1/+1 counter on target creature. (Targeting: [[Starfield Mystic (253)]]) [Zone Changer: Sterling Grove (221)]
Resolve Stack: Constellation — Whenever Eidolon of Blossoms or another enchantment you control enters, draw a card. [Zone Changer: Sterling Grove (221)]
Mana: Hall of Heliod's Generosity (212) - {T}: Add {C}.
Add To Stack: Ai(3)-mm-sythis-enchantress cast Composer of Spring
Add To Stack: Ai(3)-mm-sythis-enchantress triggered Blind Obedience
Resolve Stack: Extort (Whenever you cast a spell, you may pay {W/B}. If you do, each opponent loses 1 life and you gain that much life.) [Card: Composer of Spring (247), Activator: Ai(3)-mm-sythis-enchantress, SpellAbility: Composer of Spring - Creature 1 / 3]
Resolve Stack: Composer of Spring - Creature 1 / 3
Add To Stack: Ai(3)-mm-sythis-enchantress cast Seal of Primordium
Add To Stack: Ai(3)-mm-sythis-enchantress triggered Sythis, Harvest's Hand
Add To Stack: Ai(3)-mm-sythis-enchantress triggered Blind Obedience
Resolve Stack: Extort (Whenever you cast a spell, you may pay {W/B}. If you do, each opponent loses 1 life and you gain that much life.) [Card: Seal of Primordium (256), Activator: Ai(3)-mm-sythis-enchantress, SpellAbility: Seal of Primordium]
Life: Life: Ai(3)-mm-sythis-enchantress 44 > 45
Resolve Stack: Whenever you cast an enchantment spell, you gain 1 life and draw a card. [Card: Seal of Primordium (256), Activator: Ai(3)-mm-sythis-enchantress, SpellAbility: Seal of Primordium]
Add To Stack: Ai(3)-mm-sythis-enchantress triggered Heliod, Sun-Crowned targeting [Starfield Mystic (253)]
Resolve Stack: Whenever you gain life, put a +1/+1 counter on target creature or enchantment you control. (Targeting: [[Starfield Mystic (253)]]) [Player: Ai(3)-mm-sythis-enchantress, Gained Amount: 1]
Resolve Stack: Seal of Primordium
Add To Stack: Ai(3)-mm-sythis-enchantress triggered Composer of Spring
Add To Stack: Ai(3)-mm-sythis-enchantress triggered Eidolon of Blossoms
Add To Stack: Ai(3)-mm-sythis-enchantress triggered Calix, Guided by Fate targeting [Starfield Mystic (253)]
Resolve Stack: Constellation — Whenever Calix, Guided by Fate or another enchantment you control enters, put a +1/+1 counter on target creature. (Targeting: [[Starfield Mystic (253)]]) [Zone Changer: Seal of Primordium (256)]
Resolve Stack: Constellation — Whenever Eidolon of Blossoms or another enchantment you control enters, draw a card. [Zone Changer: Seal of Primordium (256)]
Resolve Stack: Constellation — Whenever an enchantment you control enters, you may put a land card from your hand onto the battlefield tapped. If you control six or more enchantments, instead you may put a creature or land card from your hand onto the battlefield tapped. [Zone Changer: Seal of Primordium (256)]
Add To Stack: Ai(3)-mm-sythis-enchantress triggered Composer of Spring
Add To Stack: Ai(3)-mm-sythis-enchantress triggered Eidolon of Blossoms
Add To Stack: Ai(3)-mm-sythis-enchantress triggered Calix, Guided by Fate targeting [Starfield Mystic (253)]
Resolve Stack: Constellation — Whenever Calix, Guided by Fate or another enchantment you control enters, put a +1/+1 counter on target creature. (Targeting: [[Starfield Mystic (253)]]) [Zone Changer: Jukai Naturalist (224)]
Resolve Stack: Constellation — Whenever Eidolon of Blossoms or another enchantment you control enters, draw a card. [Zone Changer: Jukai Naturalist (224)]
Resolve Stack: Constellation — Whenever an enchantment you control enters, you may put a land card from your hand onto the battlefield tapped. If you control six or more enchantments, instead you may put a creature or land card from your hand onto the battlefield tapped. [Zone Changer: Jukai Naturalist (224)]
Add To Stack: Ai(3)-mm-sythis-enchantress triggered Composer of Spring
Add To Stack: Ai(3)-mm-sythis-enchantress triggered Eidolon of Blossoms
Add To Stack: Ai(3)-mm-sythis-enchantress triggered Calix, Guided by Fate targeting [Starfield Mystic (253)]
Resolve Stack: Constellation — Whenever Calix, Guided by Fate or another enchantment you control enters, put a +1/+1 counter on target creature. (Targeting: [[Starfield Mystic (253)]]) [Zone Changer: Alseid of Life's Bounty (249)]
Resolve Stack: Constellation — Whenever Eidolon of Blossoms or another enchantment you control enters, draw a card. [Zone Changer: Alseid of Life's Bounty (249)]
Replacement Effect: Overgrown Farmland enters tapped unless you control two or more other lands.
Resolve Stack: Constellation — Whenever an enchantment you control enters, you may put a land card from your hand onto the battlefield tapped. If you control six or more enchantments, instead you may put a creature or land card from your hand onto the battlefield tapped. [Zone Changer: Alseid of Life's Bounty (249)]
Zone Change: Seal of Primordium (256) was put into Graveyard from Battlefield.
Add To Stack: Ai(3)-mm-sythis-enchantress activated Seal of Primordium targeting [Vanquisher's Banner (367)]
Add To Stack: Ai(3)-mm-sythis-enchantress triggered Starfield Mystic
Resolve Stack: Whenever an enchantment you control is put into a graveyard from the battlefield, put a +1/+1 counter on Starfield Mystic. [Zone Changer: Seal of Primordium (256)]
Zone Change: Vanquisher's Banner (367) was put into Graveyard from Battlefield.
Resolve Stack: Seal of Primordium (256) - Destroy Vanquisher's Banner (367).
Add To Stack: Ai(3)-mm-sythis-enchantress cast Exploration
Add To Stack: Ai(3)-mm-sythis-enchantress triggered Sythis, Harvest's Hand
Add To Stack: Ai(3)-mm-sythis-enchantress triggered Blind Obedience
Resolve Stack: Extort (Whenever you cast a spell, you may pay {W/B}. If you do, each opponent loses 1 life and you gain that much life.) [Card: Exploration (230), Activator: Ai(3)-mm-sythis-enchantress, SpellAbility: Exploration]
Life: Life: Ai(3)-mm-sythis-enchantress 45 > 46
Resolve Stack: Whenever you cast an enchantment spell, you gain 1 life and draw a card. [Card: Exploration (230), Activator: Ai(3)-mm-sythis-enchantress, SpellAbility: Exploration]
Add To Stack: Ai(3)-mm-sythis-enchantress triggered Heliod, Sun-Crowned targeting [Starfield Mystic (253)]
Resolve Stack: Whenever you gain life, put a +1/+1 counter on target creature or enchantment you control. (Targeting: [[Starfield Mystic (253)]]) [Player: Ai(3)-mm-sythis-enchantress, Gained Amount: 1]
Resolve Stack: Exploration
Add To Stack: Ai(3)-mm-sythis-enchantress triggered Composer of Spring
Add To Stack: Ai(3)-mm-sythis-enchantress triggered Eidolon of Blossoms
Add To Stack: Ai(3)-mm-sythis-enchantress triggered Calix, Guided by Fate targeting [Starfield Mystic (253)]
Resolve Stack: Constellation — Whenever Calix, Guided by Fate or another enchantment you control enters, put a +1/+1 counter on target creature. (Targeting: [[Starfield Mystic (253)]]) [Zone Changer: Exploration (230)]
Resolve Stack: Constellation — Whenever Eidolon of Blossoms or another enchantment you control enters, draw a card. [Zone Changer: Exploration (230)]
Resolve Stack: Constellation — Whenever an enchantment you control enters, you may put a land card from your hand onto the battlefield tapped. If you control six or more enchantments, instead you may put a creature or land card from your hand onto the battlefield tapped. [Zone Changer: Exploration (230)]
Land: Ai(3)-mm-sythis-enchantress played Sungrass Prairie (208)
Phase: Ai(3)-mm-sythis-enchantress' Beginning of Combat Step
Phase: Ai(3)-mm-sythis-enchantress' Declare Attackers Step
Combat: Ai(3)-mm-sythis-enchantress assigned Heliod, Sun-Crowned (297), Eidolon of Blossoms (209), Weaver of Harmony (257) and Sythis, Harvest's Hand (302) to attack Ai(2)-mm-jarad-graveyard.
Phase: Ai(3)-mm-sythis-enchantress' Declare Blockers Step
Combat: Ai(2)-mm-jarad-graveyard didn't block Heliod, Sun-Crowned (297).
Ai(2)-mm-jarad-graveyard didn't block Eidolon of Blossoms (209).
Ai(2)-mm-jarad-graveyard didn't block Weaver of Harmony (257).
Ai(2)-mm-jarad-graveyard didn't block Sythis, Harvest's Hand (302).
Phase: Ai(3)-mm-sythis-enchantress' First Strike Damage Step
Phase: Ai(3)-mm-sythis-enchantress' Combat Damage Step
Damage: Heliod, Sun-Crowned (297) deals 17 combat damage to Ai(2)-mm-jarad-graveyard.
Damage: Eidolon of Blossoms (209) deals 4 combat damage to Ai(2)-mm-jarad-graveyard.
Damage: Weaver of Harmony (257) deals 3 combat damage to Ai(2)-mm-jarad-graveyard.
Damage: Sythis, Harvest's Hand (302) deals 3 combat damage to Ai(2)-mm-jarad-graveyard.
Life: Life: Ai(2)-mm-jarad-graveyard 25 > -2
Phase: Ai(3)-mm-sythis-enchantress' End of Combat Step
Phase: Ai(3)-mm-sythis-enchantress' Main phase, postcombat
Phase: Ai(3)-mm-sythis-enchantress' End step
Phase: Ai(3)-mm-sythis-enchantress' Cleanup step
Discard: Ai(3)-mm-sythis-enchantress discards Plains (289).
Turn: Turn 31 (Ai(4)-mm-giada-angels)
Phase: Ai(4)-mm-giada-angels' Untap step
Phase: Ai(4)-mm-giada-angels' Upkeep step
Phase: Ai(4)-mm-giada-angels' Draw step
Phase: Ai(4)-mm-giada-angels' Main phase, precombat
Phase: Ai(4)-mm-giada-angels' Beginning of Combat Step
Phase: Ai(4)-mm-giada-angels' Declare Attackers Step
Combat: Ai(4)-mm-giada-angels assigned Angelic Field Marshal (309), Resplendent Angel (304) and Giada, Font of Hope (403) to attack Ai(3)-mm-sythis-enchantress.
Phase: Ai(4)-mm-giada-angels' Declare Blockers Step
Combat: Ai(3)-mm-sythis-enchantress didn't block Angelic Field Marshal (309).
Ai(3)-mm-sythis-enchantress didn't block Resplendent Angel (304).
Ai(3)-mm-sythis-enchantress didn't block Giada, Font of Hope (403).
Mana: Plains (378) - {T}: Add {W}.
Mana: Plains (375) - {T}: Add {W}.
Mana: Plains (386) - {T}: Add {W}.
Mana: Plains (388) - {T}: Add {W}.
Add To Stack: Ai(4)-mm-giada-angels cast Akroma's Will
Resolve Stack: Akroma's Will (318) -  Creatures you control gain flying, vigilance, and double strike until end of turn. Creatures you control gain lifelink, indestructible, and protection from each color until end of turn.
Phase: Ai(4)-mm-giada-angels' First Strike Damage Step
Damage: Angelic Field Marshal (309) deals 7 combat damage to Ai(3)-mm-sythis-enchantress.
Life: Life: Ai(4)-mm-giada-angels 13 > 20
Damage: Resplendent Angel (304) deals 3 combat damage to Ai(3)-mm-sythis-enchantress.
Life: Life: Ai(4)-mm-giada-angels 20 > 23
Damage: Giada, Font of Hope (403) deals 2 combat damage to Ai(3)-mm-sythis-enchantress.
Life: Life: Ai(4)-mm-giada-angels 23 > 25
Life: Life: Ai(3)-mm-sythis-enchantress 46 > 34
Phase: Ai(4)-mm-giada-angels' Combat Damage Step
Damage: Angelic Field Marshal (309) deals 7 combat damage to Ai(3)-mm-sythis-enchantress.
Life: Life: Ai(4)-mm-giada-angels 25 > 32
Damage: Resplendent Angel (304) deals 3 combat damage to Ai(3)-mm-sythis-enchantress.
Life: Life: Ai(4)-mm-giada-angels 32 > 35
Damage: Giada, Font of Hope (403) deals 2 combat damage to Ai(3)-mm-sythis-enchantress.
Life: Life: Ai(4)-mm-giada-angels 35 > 37
Life: Life: Ai(3)-mm-sythis-enchantress 34 > 22
Phase: Ai(4)-mm-giada-angels' End of Combat Step
Phase: Ai(4)-mm-giada-angels' Main phase, postcombat
Phase: Ai(4)-mm-giada-angels' End step
Add To Stack: Ai(4)-mm-giada-angels triggered Resplendent Angel
Replacement Effect: Artifacts and creatures your opponents control enter tapped.
Replacement Effect: Each other Angel you control enters with an additional +1/+1 counter on it for each Angel you already control.
Resolve Stack: At the beginning of each end step, if you gained 5 or more life this turn, create a 4/4 white Angel creature token with flying and vigilance. [Phase: Ai(4)-mm-giada-angels]
Phase: Ai(4)-mm-giada-angels' Cleanup step
Turn: Turn 32 (Ai(1)-mm-nekusar-discard)
Phase: Ai(1)-mm-nekusar-discard's Untap step
Phase: Ai(1)-mm-nekusar-discard's Upkeep step
Phase: Ai(1)-mm-nekusar-discard's Draw step
Mana: Dragonskull Summit (52) - {T}: Add {B} or {R}.
Mana: Swamp (61) - {T}: Add {B}.
Add To Stack: Ai(1)-mm-nekusar-discard cast Terminate targeting [Starfield Mystic (253)]
Zone Change: Starfield Mystic (253) was put into Graveyard from Battlefield.
Resolve Stack: Terminate (67) - Destroy Starfield Mystic (253). It can't be regenerated.
Phase: Ai(1)-mm-nekusar-discard's Main phase, precombat
Phase: Ai(1)-mm-nekusar-discard's Beginning of Combat Step
Phase: Ai(1)-mm-nekusar-discard's Declare Attackers Step
Phase: Ai(1)-mm-nekusar-discard's Declare Blockers Step
Phase: Ai(1)-mm-nekusar-discard's First Strike Damage Step
Phase: Ai(1)-mm-nekusar-discard's Combat Damage Step
Phase: Ai(1)-mm-nekusar-discard's End of Combat Step
Phase: Ai(1)-mm-nekusar-discard's Main phase, postcombat
Phase: Ai(1)-mm-nekusar-discard's End step
Phase: Ai(1)-mm-nekusar-discard's Cleanup step
Turn: Turn 33 (Ai(3)-mm-sythis-enchantress)
Phase: Ai(3)-mm-sythis-enchantress' Untap step
Phase: Ai(3)-mm-sythis-enchantress' Upkeep step
Phase: Ai(3)-mm-sythis-enchantress' Draw step
Phase: Ai(3)-mm-sythis-enchantress' Main phase, precombat
Land: Ai(3)-mm-sythis-enchantress played Forest (238)
Land: Ai(3)-mm-sythis-enchantress played Plains (295)
Mana: Plains (286) - {T}: Add {W}.
Mana: Forest (243) - {T}: Add {G}.
Add To Stack: Ai(3)-mm-sythis-enchantress cast Sigil of the Empty Throne
Add To Stack: Ai(3)-mm-sythis-enchantress triggered Sythis, Harvest's Hand
Add To Stack: Ai(3)-mm-sythis-enchantress triggered Blind Obedience
Mana: Plains (292) - {T}: Add {W}.
Life: Life: Ai(4)-mm-giada-angels 37 > 36
Life: Life: Ai(1)-mm-nekusar-discard 32 > 31
Life: Life: Ai(3)-mm-sythis-enchantress 22 > 24
Resolve Stack: Extort (Whenever you cast a spell, you may pay {W/B}. If you do, each opponent loses 1 life and you gain that much life.) [Card: Sigil of the Empty Throne (234), Activator: Ai(3)-mm-sythis-enchantress, SpellAbility: Sigil of the Empty Throne]
Add To Stack: Ai(3)-mm-sythis-enchantress triggered Heliod, Sun-Crowned targeting [Ajani's Chosen (263)]
Resolve Stack: Whenever you gain life, put a +1/+1 counter on target creature or enchantment you control. (Targeting: [[Ajani's Chosen (263)]]) [Player: Ai(3)-mm-sythis-enchantress, Gained Amount: 2]
Life: Life: Ai(3)-mm-sythis-enchantress 24 > 25
Resolve Stack: Whenever you cast an enchantment spell, you gain 1 life and draw a card. [Card: Sigil of the Empty Throne (234), Activator: Ai(3)-mm-sythis-enchantress, SpellAbility: Sigil of the Empty Throne]
Add To Stack: Ai(3)-mm-sythis-enchantress triggered Heliod, Sun-Crowned targeting [Ajani's Chosen (263)]
Resolve Stack: Whenever you gain life, put a +1/+1 counter on target creature or enchantment you control. (Targeting: [[Ajani's Chosen (263)]]) [Player: Ai(3)-mm-sythis-enchantress, Gained Amount: 1]
Resolve Stack: Sigil of the Empty Throne
Add To Stack: Ai(3)-mm-sythis-enchantress triggered Composer of Spring
Add To Stack: Ai(3)-mm-sythis-enchantress triggered Eidolon of Blossoms
Add To Stack: Ai(3)-mm-sythis-enchantress triggered Calix, Guided by Fate targeting [Ajani's Chosen (263)]
Add To Stack: Ai(3)-mm-sythis-enchantress triggered Ajani's Chosen
Resolve Stack: Whenever an enchantment you control enters, create a 2/2 white Cat creature token. If that enchantment is an Aura, you may attach it to the token. [Zone Changer: Sigil of the Empty Throne (234)]
Resolve Stack: Constellation — Whenever Calix, Guided by Fate or another enchantment you control enters, put a +1/+1 counter on target creature. (Targeting: [[Ajani's Chosen (263)]]) [Zone Changer: Sigil of the Empty Throne (234)]
Resolve Stack: Constellation — Whenever Eidolon of Blossoms or another enchantment you control enters, draw a card. [Zone Changer: Sigil of the Empty Throne (234)]
Resolve Stack: Constellation — Whenever an enchantment you control enters, you may put a land card from your hand onto the battlefield tapped. If you control six or more enchantments, instead you may put a creature or land card from your hand onto the battlefield tapped. [Zone Changer: Sigil of the Empty Throne (234)]
Mana: Forest (242) - {T}: Add {G}.
Add To Stack: Ai(3)-mm-sythis-enchantress cast Smothering Tithe
Add To Stack: Ai(3)-mm-sythis-enchantress triggered Sythis, Harvest's Hand
Add To Stack: Ai(3)-mm-sythis-enchantress triggered Blind Obedience
Add To Stack: Ai(3)-mm-sythis-enchantress triggered Sigil of the Empty Throne
Resolve Stack: Whenever you cast an enchantment spell, create a 4/4 white Angel creature token with flying. [Card: Smothering Tithe (218), Activator: Ai(3)-mm-sythis-enchantress, SpellAbility: Smothering Tithe]
Mana: Plains (290) - {T}: Add {W}.
Life: Life: Ai(4)-mm-giada-angels 36 > 35
Life: Life: Ai(1)-mm-nekusar-discard 31 > 30
Life: Life: Ai(3)-mm-sythis-enchantress 25 > 27
Resolve Stack: Extort (Whenever you cast a spell, you may pay {W/B}. If you do, each opponent loses 1 life and you gain that much life.) [Card: Smothering Tithe (218), Activator: Ai(3)-mm-sythis-enchantress, SpellAbility: Smothering Tithe]
Add To Stack: Ai(3)-mm-sythis-enchantress triggered Heliod, Sun-Crowned targeting [Ajani's Chosen (263)]
Resolve Stack: Whenever you gain life, put a +1/+1 counter on target creature or enchantment you control. (Targeting: [[Ajani's Chosen (263)]]) [Player: Ai(3)-mm-sythis-enchantress, Gained Amount: 2]
Life: Life: Ai(3)-mm-sythis-enchantress 27 > 28
Resolve Stack: Whenever you cast an enchantment spell, you gain 1 life and draw a card. [Card: Smothering Tithe (218), Activator: Ai(3)-mm-sythis-enchantress, SpellAbility: Smothering Tithe]
Add To Stack: Ai(3)-mm-sythis-enchantress triggered Heliod, Sun-Crowned targeting [Ajani's Chosen (263)]
Resolve Stack: Whenever you gain life, put a +1/+1 counter on target creature or enchantment you control. (Targeting: [[Ajani's Chosen (263)]]) [Player: Ai(3)-mm-sythis-enchantress, Gained Amount: 1]
Resolve Stack: Smothering Tithe
Add To Stack: Ai(3)-mm-sythis-enchantress triggered Composer of Spring
Add To Stack: Ai(3)-mm-sythis-enchantress triggered Eidolon of Blossoms
Add To Stack: Ai(3)-mm-sythis-enchantress triggered Calix, Guided by Fate targeting [Ajani's Chosen (263)]
Add To Stack: Ai(3)-mm-sythis-enchantress triggered Ajani's Chosen
Resolve Stack: Whenever an enchantment you control enters, create a 2/2 white Cat creature token. If that enchantment is an Aura, you may attach it to the token. [Zone Changer: Smothering Tithe (218)]
Resolve Stack: Constellation — Whenever Calix, Guided by Fate or another enchantment you control enters, put a +1/+1 counter on target creature. (Targeting: [[Ajani's Chosen (263)]]) [Zone Changer: Smothering Tithe (218)]
Resolve Stack: Constellation — Whenever Eidolon of Blossoms or another enchantment you control enters, draw a card. [Zone Changer: Smothering Tithe (218)]
Resolve Stack: Constellation — Whenever an enchantment you control enters, you may put a land card from your hand onto the battlefield tapped. If you control six or more enchantments, instead you may put a creature or land card from your hand onto the battlefield tapped. [Zone Changer: Smothering Tithe (218)]
Add To Stack: Ai(3)-mm-sythis-enchantress cast Ethereal Armor targeting [Ajani's Chosen (263)]
Add To Stack: Ai(3)-mm-sythis-enchantress triggered Sythis, Harvest's Hand
Add To Stack: Ai(3)-mm-sythis-enchantress triggered Blind Obedience
Add To Stack: Ai(3)-mm-sythis-enchantress triggered Sigil of the Empty Throne
Resolve Stack: Whenever you cast an enchantment spell, create a 4/4 white Angel creature token with flying. [Card: Ethereal Armor (272), Activator: Ai(3)-mm-sythis-enchantress, SpellAbility: Ethereal Armor]
Mana: Plains (285) - {T}: Add {W}.
Life: Life: Ai(4)-mm-giada-angels 35 > 34
Life: Life: Ai(1)-mm-nekusar-discard 30 > 29
Life: Life: Ai(3)-mm-sythis-enchantress 28 > 30
Resolve Stack: Extort (Whenever you cast a spell, you may pay {W/B}. If you do, each opponent loses 1 life and you gain that much life.) [Card: Ethereal Armor (272), Activator: Ai(3)-mm-sythis-enchantress, SpellAbility: Ethereal Armor]
Add To Stack: Ai(3)-mm-sythis-enchantress triggered Heliod, Sun-Crowned targeting [Ajani's Chosen (263)]
Resolve Stack: Whenever you gain life, put a +1/+1 counter on target creature or enchantment you control. (Targeting: [[Ajani's Chosen (263)]]) [Player: Ai(3)-mm-sythis-enchantress, Gained Amount: 2]
Life: Life: Ai(3)-mm-sythis-enchantress 30 > 31
Resolve Stack: Whenever you cast an enchantment spell, you gain 1 life and draw a card. [Card: Ethereal Armor (272), Activator: Ai(3)-mm-sythis-enchantress, SpellAbility: Ethereal Armor]
Add To Stack: Ai(3)-mm-sythis-enchantress triggered Heliod, Sun-Crowned targeting [Ajani's Chosen (263)]
Resolve Stack: Whenever you gain life, put a +1/+1 counter on target creature or enchantment you control. (Targeting: [[Ajani's Chosen (263)]]) [Player: Ai(3)-mm-sythis-enchantress, Gained Amount: 1]
Resolve Stack: Ethereal Armor (272) -  Attach to Ajani's Chosen (263)
Add To Stack: Ai(3)-mm-sythis-enchantress triggered Composer of Spring
Add To Stack: Ai(3)-mm-sythis-enchantress triggered Eidolon of Blossoms
Add To Stack: Ai(3)-mm-sythis-enchantress triggered Calix, Guided by Fate targeting [Ajani's Chosen (263)]
Add To Stack: Ai(3)-mm-sythis-enchantress triggered Ajani's Chosen
Resolve Stack: Whenever an enchantment you control enters, create a 2/2 white Cat creature token. If that enchantment is an Aura, you may attach it to the token. [Zone Changer: Ethereal Armor (272)]
Resolve Stack: Constellation — Whenever Calix, Guided by Fate or another enchantment you control enters, put a +1/+1 counter on target creature. (Targeting: [[Ajani's Chosen (263)]]) [Zone Changer: Ethereal Armor (272)]
Resolve Stack: Constellation — Whenever Eidolon of Blossoms or another enchantment you control enters, draw a card. [Zone Changer: Ethereal Armor (272)]
Resolve Stack: Constellation — Whenever an enchantment you control enters, you may put a land card from your hand onto the battlefield tapped. If you control six or more enchantments, instead you may put a creature or land card from your hand onto the battlefield tapped. [Zone Changer: Ethereal Armor (272)]
Mana: Forest (238) - {T}: Add {G}.
Add To Stack: Ai(3)-mm-sythis-enchantress cast Ancestral Mask targeting [Ajani's Chosen (263)]
Add To Stack: Ai(3)-mm-sythis-enchantress triggered Sythis, Harvest's Hand
Add To Stack: Ai(3)-mm-sythis-enchantress triggered Blind Obedience
Add To Stack: Ai(3)-mm-sythis-enchantress triggered Sigil of the Empty Throne
Resolve Stack: Whenever you cast an enchantment spell, create a 4/4 white Angel creature token with flying. [Card: Ancestral Mask (255), Activator: Ai(3)-mm-sythis-enchantress, SpellAbility: Ancestral Mask]
Mana: Plains (295) - {T}: Add {W}.
Life: Life: Ai(4)-mm-giada-angels 34 > 33
Life: Life: Ai(1)-mm-nekusar-discard 29 > 28
Life: Life: Ai(3)-mm-sythis-enchantress 31 > 33
Resolve Stack: Extort (Whenever you cast a spell, you may pay {W/B}. If you do, each opponent loses 1 life and you gain that much life.) [Card: Ancestral Mask (255), Activator: Ai(3)-mm-sythis-enchantress, SpellAbility: Ancestral Mask]
Add To Stack: Ai(3)-mm-sythis-enchantress triggered Heliod, Sun-Crowned targeting [Cat Token (422)]
Resolve Stack: Whenever you gain life, put a +1/+1 counter on target creature or enchantment you control. (Targeting: [[Cat Token (422)]]) [Player: Ai(3)-mm-sythis-enchantress, Gained Amount: 2]
Life: Life: Ai(3)-mm-sythis-enchantress 33 > 34
Resolve Stack: Whenever you cast an enchantment spell, you gain 1 life and draw a card. [Card: Ancestral Mask (255), Activator: Ai(3)-mm-sythis-enchantress, SpellAbility: Ancestral Mask]
Add To Stack: Ai(3)-mm-sythis-enchantress triggered Heliod, Sun-Crowned targeting [Cat Token (422)]
Resolve Stack: Whenever you gain life, put a +1/+1 counter on target creature or enchantment you control. (Targeting: [[Cat Token (422)]]) [Player: Ai(3)-mm-sythis-enchantress, Gained Amount: 1]
Resolve Stack: Ancestral Mask (255) -  Attach to Ajani's Chosen (263)
Add To Stack: Ai(3)-mm-sythis-enchantress triggered Composer of Spring
Add To Stack: Ai(3)-mm-sythis-enchantress triggered Eidolon of Blossoms
Add To Stack: Ai(3)-mm-sythis-enchantress triggered Calix, Guided by Fate targeting [Ajani's Chosen (263)]
Add To Stack: Ai(3)-mm-sythis-enchantress triggered Ajani's Chosen
Resolve Stack: Whenever an enchantment you control enters, create a 2/2 white Cat creature token. If that enchantment is an Aura, you may attach it to the token. [Zone Changer: Ancestral Mask (255)]
Resolve Stack: Constellation — Whenever Calix, Guided by Fate or another enchantment you control enters, put a +1/+1 counter on target creature. (Targeting: [[Ajani's Chosen (263)]]) [Zone Changer: Ancestral Mask (255)]
Resolve Stack: Constellation — Whenever Eidolon of Blossoms or another enchantment you control enters, draw a card. [Zone Changer: Ancestral Mask (255)]
Resolve Stack: Constellation — Whenever an enchantment you control enters, you may put a land card from your hand onto the battlefield tapped. If you control six or more enchantments, instead you may put a creature or land card from your hand onto the battlefield tapped. [Zone Changer: Ancestral Mask (255)]
Add To Stack: Ai(3)-mm-sythis-enchantress cast Authority of the Consuls
Add To Stack: Ai(3)-mm-sythis-enchantress triggered Sythis, Harvest's Hand
Add To Stack: Ai(3)-mm-sythis-enchantress triggered Blind Obedience
Add To Stack: Ai(3)-mm-sythis-enchantress triggered Sigil of the Empty Throne
Resolve Stack: Whenever you cast an enchantment spell, create a 4/4 white Angel creature token with flying. [Card: Authority of the Consuls (296), Activator: Ai(3)-mm-sythis-enchantress, SpellAbility: Authority of the Consuls]
Mana: Command Tower (222) - {T}: Add one mana of any color in your commander's color identity.
Life: Life: Ai(4)-mm-giada-angels 33 > 32
Life: Life: Ai(1)-mm-nekusar-discard 28 > 27
Life: Life: Ai(3)-mm-sythis-enchantress 34 > 36
Resolve Stack: Extort (Whenever you cast a spell, you may pay {W/B}. If you do, each opponent loses 1 life and you gain that much life.) [Card: Authority of the Consuls (296), Activator: Ai(3)-mm-sythis-enchantress, SpellAbility: Authority of the Consuls]
Add To Stack: Ai(3)-mm-sythis-enchantress triggered Heliod, Sun-Crowned targeting [Cat Token (428)]
Resolve Stack: Whenever you gain life, put a +1/+1 counter on target creature or enchantment you control. (Targeting: [[Cat Token (428)]]) [Player: Ai(3)-mm-sythis-enchantress, Gained Amount: 2]
Life: Life: Ai(3)-mm-sythis-enchantress 36 > 37
Resolve Stack: Whenever you cast an enchantment spell, you gain 1 life and draw a card. [Card: Authority of the Consuls (296), Activator: Ai(3)-mm-sythis-enchantress, SpellAbility: Authority of the Consuls]
Add To Stack: Ai(3)-mm-sythis-enchantress triggered Heliod, Sun-Crowned targeting [Cat Token (428)]
Resolve Stack: Whenever you gain life, put a +1/+1 counter on target creature or enchantment you control. (Targeting: [[Cat Token (428)]]) [Player: Ai(3)-mm-sythis-enchantress, Gained Amount: 1]
Resolve Stack: Authority of the Consuls
Add To Stack: Ai(3)-mm-sythis-enchantress triggered Composer of Spring
Add To Stack: Ai(3)-mm-sythis-enchantress triggered Eidolon of Blossoms
Add To Stack: Ai(3)-mm-sythis-enchantress triggered Calix, Guided by Fate targeting [Cat Token (428)]
Add To Stack: Ai(3)-mm-sythis-enchantress triggered Ajani's Chosen
Resolve Stack: Whenever an enchantment you control enters, create a 2/2 white Cat creature token. If that enchantment is an Aura, you may attach it to the token. [Zone Changer: Authority of the Consuls (296)]
Resolve Stack: Constellation — Whenever Calix, Guided by Fate or another enchantment you control enters, put a +1/+1 counter on target creature. (Targeting: [[Cat Token (428)]]) [Zone Changer: Authority of the Consuls (296)]
Resolve Stack: Constellation — Whenever Eidolon of Blossoms or another enchantment you control enters, draw a card. [Zone Changer: Authority of the Consuls (296)]
Resolve Stack: Constellation — Whenever an enchantment you control enters, you may put a land card from your hand onto the battlefield tapped. If you control six or more enchantments, instead you may put a creature or land card from your hand onto the battlefield tapped. [Zone Changer: Authority of the Consuls (296)]
Phase: Ai(3)-mm-sythis-enchantress' Beginning of Combat Step
Phase: Ai(3)-mm-sythis-enchantress' Declare Attackers Step
Combat: Ai(3)-mm-sythis-enchantress assigned Heliod, Sun-Crowned (297) and Ajani's Chosen (263) to attack Ai(4)-mm-giada-angels.
Phase: Ai(3)-mm-sythis-enchantress' Declare Blockers Step
Combat: Ai(4)-mm-giada-angels assigned Giada, Font of Hope (403) to block Heliod, Sun-Crowned (297).
Ai(4)-mm-giada-angels didn't block Ajani's Chosen (263).
Phase: Ai(3)-mm-sythis-enchantress' First Strike Damage Step
Phase: Ai(3)-mm-sythis-enchantress' Combat Damage Step
Damage: Heliod, Sun-Crowned (297) deals 17 damage to Giada, Font of Hope (403).
Damage: Ajani's Chosen (263) deals 14 combat damage to Ai(4)-mm-giada-angels.
Damage: Giada, Font of Hope (403) deals 2 damage to Heliod, Sun-Crowned (297).
Life: Life: Ai(4)-mm-giada-angels 32 > 18
Zone Change: Giada, Font of Hope (403) was put into Graveyard from Battlefield.
Phase: Ai(3)-mm-sythis-enchantress' End of Combat Step
Phase: Ai(3)-mm-sythis-enchantress' Main phase, postcombat
Mana: Overgrown Farmland (235) - {T}: Add {G} or {W}.
Resolve Stack: Ai(3)-mm-sythis-enchantress has suspended Resurgent Belief with 2 time counters on it.
Mana: Hall of Heliod's Generosity (212) - {T}: Add {C}.
Zone Change: Sterling Grove (221) was put into Graveyard from Battlefield.
Add To Stack: Ai(3)-mm-sythis-enchantress activated Sterling Grove
Resolve Stack: Sterling Grove (221) - Ai(3)-mm-sythis-enchantress searches their library for an enchantment card, reveals it, puts it , then shuffles.
Phase: Ai(3)-mm-sythis-enchantress' End step
Phase: Ai(3)-mm-sythis-enchantress' Cleanup step
Turn: Turn 34 (Ai(4)-mm-giada-angels)
Phase: Ai(4)-mm-giada-angels' Untap step
Phase: Ai(4)-mm-giada-angels' Upkeep step
Phase: Ai(4)-mm-giada-angels' Draw step
Add To Stack: Ai(3)-mm-sythis-enchantress triggered Smothering Tithe
Resolve Stack: Whenever an opponent draws a card, that player may pay {2}. If the player doesn't, you create a Treasure token. (It's an artifact with "{T}, Sacrifice this token: Add one mana of any color.") [Player: Ai(4)-mm-giada-angels]
Phase: Ai(4)-mm-giada-angels' Main phase, precombat
Phase: Ai(4)-mm-giada-angels' Beginning of Combat Step
Phase: Ai(4)-mm-giada-angels' Declare Attackers Step
Phase: Ai(4)-mm-giada-angels' Declare Blockers Step
Phase: Ai(4)-mm-giada-angels' First Strike Damage Step
Phase: Ai(4)-mm-giada-angels' Combat Damage Step
Phase: Ai(4)-mm-giada-angels' End of Combat Step
Phase: Ai(4)-mm-giada-angels' Main phase, postcombat
Mana: Plains (378) - {T}: Add {W}.
Mana: Plains (375) - {T}: Add {W}.
Mana: Plains (386) - {T}: Add {W}.
Add To Stack: Ai(4)-mm-giada-angels cast Oketra's Monument
Replacement Effect: Artifacts and creatures your opponents control enter tapped.
Resolve Stack: Oketra's Monument
Mana: Plains (388) - {T}: Add {W}.
Mana: Minas Tirith (327) - {T}: Add {W}.
Add To Stack: Ai(4)-mm-giada-angels cast Dazzling Angel
Add To Stack: Ai(4)-mm-giada-angels triggered Oketra's Monument
Replacement Effect: Artifacts and creatures your opponents control enter tapped.
Replacement Effect: Creatures your opponents control enter tapped.
Resolve Stack: Whenever you cast a creature spell, create a 1/1 white Warrior creature token with vigilance. [Card: Dazzling Angel (331), Activator: Ai(4)-mm-giada-angels, SpellAbility: Dazzling Angel - Creature 2 / 3]
Add To Stack: Ai(3)-mm-sythis-enchantress triggered Authority of the Consuls
Life: Life: Ai(3)-mm-sythis-enchantress 37 > 38
Resolve Stack: Whenever a creature an opponent controls enters, you gain 1 life. [Zone Changer: Warrior Token (441)]
Add To Stack: Ai(3)-mm-sythis-enchantress triggered Heliod, Sun-Crowned targeting [Cat Token (428)]
Resolve Stack: Whenever you gain life, put a +1/+1 counter on target creature or enchantment you control. (Targeting: [[Cat Token (428)]]) [Player: Ai(3)-mm-sythis-enchantress, Gained Amount: 1]
Replacement Effect: Artifacts and creatures your opponents control enter tapped.
Replacement Effect: Creatures your opponents control enter tapped.
Resolve Stack: Dazzling Angel - Creature 2 / 3
Add To Stack: Ai(3)-mm-sythis-enchantress triggered Authority of the Consuls
Life: Life: Ai(3)-mm-sythis-enchantress 38 > 39
Resolve Stack: Whenever a creature an opponent controls enters, you gain 1 life. [Zone Changer: Dazzling Angel (331)]
Add To Stack: Ai(3)-mm-sythis-enchantress triggered Heliod, Sun-Crowned targeting [Cat Token (428)]
Resolve Stack: Whenever you gain life, put a +1/+1 counter on target creature or enchantment you control. (Targeting: [[Cat Token (428)]]) [Player: Ai(3)-mm-sythis-enchantress, Gained Amount: 1]
Phase: Ai(4)-mm-giada-angels' End step
Phase: Ai(4)-mm-giada-angels' Cleanup step
Turn: Turn 35 (Ai(1)-mm-nekusar-discard)
Phase: Ai(1)-mm-nekusar-discard's Untap step
Phase: Ai(1)-mm-nekusar-discard's Upkeep step
Phase: Ai(1)-mm-nekusar-discard's Draw step
Add To Stack: Ai(3)-mm-sythis-enchantress triggered Smothering Tithe
Resolve Stack: Whenever an opponent draws a card, that player may pay {2}. If the player doesn't, you create a Treasure token. (It's an artifact with "{T}, Sacrifice this token: Add one mana of any color.") [Player: Ai(1)-mm-nekusar-discard]
Phase: Ai(1)-mm-nekusar-discard's Main phase, precombat
Phase: Ai(1)-mm-nekusar-discard's Beginning of Combat Step
Phase: Ai(1)-mm-nekusar-discard's Declare Attackers Step
Phase: Ai(1)-mm-nekusar-discard's Declare Blockers Step
Phase: Ai(1)-mm-nekusar-discard's First Strike Damage Step
Phase: Ai(1)-mm-nekusar-discard's Combat Damage Step
Phase: Ai(1)-mm-nekusar-discard's End of Combat Step
Phase: Ai(1)-mm-nekusar-discard's Main phase, postcombat
Phase: Ai(1)-mm-nekusar-discard's End step
Phase: Ai(1)-mm-nekusar-discard's Cleanup step
Turn: Turn 36 (Ai(3)-mm-sythis-enchantress)
Phase: Ai(3)-mm-sythis-enchantress' Untap step
Phase: Ai(3)-mm-sythis-enchantress' Upkeep step
Add To Stack: Ai(3)-mm-sythis-enchantress triggered Resurgent Belief
Resolve Stack: At the beginning of your upkeep, if this card is suspended, remove a time counter from it [Phase: Ai(3)-mm-sythis-enchantress]
Phase: Ai(3)-mm-sythis-enchantress' Draw step
Phase: Ai(3)-mm-sythis-enchantress' Main phase, precombat
Land: Ai(3)-mm-sythis-enchantress played Plains (287)
Mana: Forest (243) - {T}: Add {G}.
Add To Stack: Ai(3)-mm-sythis-enchantress cast Courser of Kruphix
Add To Stack: Ai(3)-mm-sythis-enchantress triggered Sythis, Harvest's Hand
Add To Stack: Ai(3)-mm-sythis-enchantress triggered Blind Obedience
Add To Stack: Ai(3)-mm-sythis-enchantress triggered Mesa Enchantress
Add To Stack: Ai(3)-mm-sythis-enchantress triggered Sigil of the Empty Throne
Resolve Stack: Whenever you cast an enchantment spell, create a 4/4 white Angel creature token with flying. [Card: Courser of Kruphix (301), Activator: Ai(3)-mm-sythis-enchantress, SpellAbility: Courser of Kruphix - Creature 2 / 4]
Resolve Stack: Whenever you cast an enchantment spell, you may draw a card. [Card: Courser of Kruphix (301), Activator: Ai(3)-mm-sythis-enchantress, SpellAbility: Courser of Kruphix - Creature 2 / 4]
Mana: Plains (286) - {T}: Add {W}.
Life: Life: Ai(4)-mm-giada-angels 18 > 17
Life: Life: Ai(1)-mm-nekusar-discard 27 > 26
Life: Life: Ai(3)-mm-sythis-enchantress 39 > 41
Resolve Stack: Extort (Whenever you cast a spell, you may pay {W/B}. If you do, each opponent loses 1 life and you gain that much life.) [Card: Courser of Kruphix (301), Activator: Ai(3)-mm-sythis-enchantress, SpellAbility: Courser of Kruphix - Creature 2 / 4]
Add To Stack: Ai(3)-mm-sythis-enchantress triggered Heliod, Sun-Crowned targeting [Cat Token (428)]
Resolve Stack: Whenever you gain life, put a +1/+1 counter on target creature or enchantment you control. (Targeting: [[Cat Token (428)]]) [Player: Ai(3)-mm-sythis-enchantress, Gained Amount: 2]
Life: Life: Ai(3)-mm-sythis-enchantress 41 > 42
Resolve Stack: Whenever you cast an enchantment spell, you gain 1 life and draw a card. [Card: Courser of Kruphix (301), Activator: Ai(3)-mm-sythis-enchantress, SpellAbility: Courser of Kruphix - Creature 2 / 4]
Add To Stack: Ai(3)-mm-sythis-enchantress triggered Heliod, Sun-Crowned targeting [Cat Token (428)]
Resolve Stack: Whenever you gain life, put a +1/+1 counter on target creature or enchantment you control. (Targeting: [[Cat Token (428)]]) [Player: Ai(3)-mm-sythis-enchantress, Gained Amount: 1]
Resolve Stack: Courser of Kruphix - Creature 2 / 4
Add To Stack: Ai(3)-mm-sythis-enchantress triggered Composer of Spring
Add To Stack: Ai(3)-mm-sythis-enchantress triggered Eidolon of Blossoms
Add To Stack: Ai(3)-mm-sythis-enchantress triggered Calix, Guided by Fate targeting [Cat Token (428)]
Add To Stack: Ai(3)-mm-sythis-enchantress triggered Ajani's Chosen
Resolve Stack: Whenever an enchantment you control enters, create a 2/2 white Cat creature token. If that enchantment is an Aura, you may attach it to the token. [Zone Changer: Courser of Kruphix (301)]
Resolve Stack: Constellation — Whenever Calix, Guided by Fate or another enchantment you control enters, put a +1/+1 counter on target creature. (Targeting: [[Cat Token (428)]]) [Zone Changer: Courser of Kruphix (301)]
Resolve Stack: Constellation — Whenever Eidolon of Blossoms or another enchantment you control enters, draw a card. [Zone Changer: Courser of Kruphix (301)]
Replacement Effect: Temple of Plenty enters tapped.
Resolve Stack: Constellation — Whenever an enchantment you control enters, you may put a land card from your hand onto the battlefield tapped. If you control six or more enchantments, instead you may put a creature or land card from your hand onto the battlefield tapped. [Zone Changer: Courser of Kruphix (301)]
Add To Stack: Ai(3)-mm-sythis-enchantress triggered Courser of Kruphix
Add To Stack: Ai(3)-mm-sythis-enchantress triggered Temple of Plenty
Resolve Stack: Ai(3)-mm-sythis-enchantress scried 1 card(s) to the top of the library
Resolve Stack: When Temple of Plenty enters, scry 1. (Look at the top card of your library. You may put that card on the bottom.) [Zone Changer: Temple of Plenty (260)]
Life: Life: Ai(3)-mm-sythis-enchantress 42 > 43
Resolve Stack: Landfall — Whenever a land you control enters, you gain 1 life. [Zone Changer: Temple of Plenty (260)]
Add To Stack: Ai(3)-mm-sythis-enchantress triggered Heliod, Sun-Crowned targeting [Cat Token (428)]
Resolve Stack: Whenever you gain life, put a +1/+1 counter on target creature or enchantment you control. (Targeting: [[Cat Token (428)]]) [Player: Ai(3)-mm-sythis-enchantress, Gained Amount: 1]
Replacement Effect: Canopy Vista enters tapped unless you control two or more basic lands.
Land: Ai(3)-mm-sythis-enchantress played Canopy Vista (270)
Add To Stack: Ai(3)-mm-sythis-enchantress triggered Courser of Kruphix
Life: Life: Ai(3)-mm-sythis-enchantress 43 > 44
Resolve Stack: Landfall — Whenever a land you control enters, you gain 1 life. [Zone Changer: Canopy Vista (270)]
Add To Stack: Ai(3)-mm-sythis-enchantress triggered Heliod, Sun-Crowned targeting [Cat Token (428)]
Resolve Stack: Whenever you gain life, put a +1/+1 counter on target creature or enchantment you control. (Targeting: [[Cat Token (428)]]) [Player: Ai(3)-mm-sythis-enchantress, Gained Amount: 1]
Mana: Forest (242) - {T}: Add {G}.
Add To Stack: Ai(3)-mm-sythis-enchantress activated Yenna, Redtooth Regent targeting [Heliod, Sun-Crowned (297)]
Resolve Stack: Yenna, Redtooth Regent (281) - Ai(3)-mm-sythis-enchantress creates a token that's a copy of Heliod, Sun-Crowned (297). Untap Yenna, Redtooth Regent (281). Ai(3)-mm-sythis-enchantress scries 2. 
Add To Stack: Ai(3)-mm-sythis-enchantress triggered Composer of Spring
Add To Stack: Ai(3)-mm-sythis-enchantress triggered Eidolon of Blossoms
Add To Stack: Ai(3)-mm-sythis-enchantress triggered Calix, Guided by Fate targeting [Cat Token (428)]
Add To Stack: Ai(3)-mm-sythis-enchantress triggered Ajani's Chosen
Resolve Stack: Whenever an enchantment you control enters, create a 2/2 white Cat creature token. If that enchantment is an Aura, you may attach it to the token. [Zone Changer: Heliod, Sun-Crowned (453)]
Resolve Stack: Constellation — Whenever Calix, Guided by Fate or another enchantment you control enters, put a +1/+1 counter on target creature. (Targeting: [[Cat Token (428)]]) [Zone Changer: Heliod, Sun-Crowned (453)]
Resolve Stack: Constellation — Whenever Eidolon of Blossoms or another enchantment you control enters, draw a card. [Zone Changer: Heliod, Sun-Crowned (453)]
Resolve Stack: Constellation — Whenever an enchantment you control enters, you may put a land card from your hand onto the battlefield tapped. If you control six or more enchantments, instead you may put a creature or land card from your hand onto the battlefield tapped. [Zone Changer: Heliod, Sun-Crowned (453)]
Add To Stack: Ai(3)-mm-sythis-enchantress triggered Courser of Kruphix
Life: Life: Ai(3)-mm-sythis-enchantress 44 > 45
Resolve Stack: Landfall — Whenever a land you control enters, you gain 1 life. [Zone Changer: Branchloft Pathway (278)]
Add To Stack: Ai(3)-mm-sythis-enchantress triggered Heliod, Sun-Crowned targeting [Cat Token (428)]
Add To Stack: Ai(3)-mm-sythis-enchantress triggered Heliod, Sun-Crowned targeting [Cat Token (428)]
Resolve Stack: Whenever you gain life, put a +1/+1 counter on target creature or enchantment you control. (Targeting: [[Cat Token (428)]]) [Player: Ai(3)-mm-sythis-enchantress, Gained Amount: 1]
Resolve Stack: Whenever you gain life, put a +1/+1 counter on target creature or enchantment you control. (Targeting: [[Cat Token (428)]]) [Player: Ai(3)-mm-sythis-enchantress, Gained Amount: 1]
Mana: Plains (292) - {T}: Add {W}.
Add To Stack: Ai(3)-mm-sythis-enchantress cast Hallowed Haunting
Add To Stack: Ai(3)-mm-sythis-enchantress triggered Sythis, Harvest's Hand
Add To Stack: Ai(3)-mm-sythis-enchantress triggered Blind Obedience
Add To Stack: Ai(3)-mm-sythis-enchantress triggered Mesa Enchantress
Add To Stack: Ai(3)-mm-sythis-enchantress triggered Sigil of the Empty Throne
Resolve Stack: Whenever you cast an enchantment spell, create a 4/4 white Angel creature token with flying. [Card: Hallowed Haunting (213), Activator: Ai(3)-mm-sythis-enchantress, SpellAbility: Hallowed Haunting]
Resolve Stack: Whenever you cast an enchantment spell, you may draw a card. [Card: Hallowed Haunting (213), Activator: Ai(3)-mm-sythis-enchantress, SpellAbility: Hallowed Haunting]
Mana: Plains (290) - {T}: Add {W}.
Life: Life: Ai(4)-mm-giada-angels 17 > 16
Life: Life: Ai(1)-mm-nekusar-discard 26 > 25
Life: Life: Ai(3)-mm-sythis-enchantress 45 > 47
Resolve Stack: Extort (Whenever you cast a spell, you may pay {W/B}. If you do, each opponent loses 1 life and you gain that much life.) [Card: Hallowed Haunting (213), Activator: Ai(3)-mm-sythis-enchantress, SpellAbility: Hallowed Haunting]
Add To Stack: Ai(3)-mm-sythis-enchantress triggered Heliod, Sun-Crowned targeting [Cat Token (428)]
Add To Stack: Ai(3)-mm-sythis-enchantress triggered Heliod, Sun-Crowned targeting [Cat Token (428)]
Resolve Stack: Whenever you gain life, put a +1/+1 counter on target creature or enchantment you control. (Targeting: [[Cat Token (428)]]) [Player: Ai(3)-mm-sythis-enchantress, Gained Amount: 2]
Resolve Stack: Whenever you gain life, put a +1/+1 counter on target creature or enchantment you control. (Targeting: [[Cat Token (428)]]) [Player: Ai(3)-mm-sythis-enchantress, Gained Amount: 2]
Life: Life: Ai(3)-mm-sythis-enchantress 47 > 48
Resolve Stack: Whenever you cast an enchantment spell, you gain 1 life and draw a card. [Card: Hallowed Haunting (213), Activator: Ai(3)-mm-sythis-enchantress, SpellAbility: Hallowed Haunting]
Add To Stack: Ai(3)-mm-sythis-enchantress triggered Heliod, Sun-Crowned targeting [Cat Token (428)]
Add To Stack: Ai(3)-mm-sythis-enchantress triggered Heliod, Sun-Crowned targeting [Cat Token (428)]
Resolve Stack: Whenever you gain life, put a +1/+1 counter on target creature or enchantment you control. (Targeting: [[Cat Token (428)]]) [Player: Ai(3)-mm-sythis-enchantress, Gained Amount: 1]
Resolve Stack: Whenever you gain life, put a +1/+1 counter on target creature or enchantment you control. (Targeting: [[Cat Token (428)]]) [Player: Ai(3)-mm-sythis-enchantress, Gained Amount: 1]
Resolve Stack: Hallowed Haunting
Add To Stack: Ai(3)-mm-sythis-enchantress triggered Composer of Spring
Add To Stack: Ai(3)-mm-sythis-enchantress triggered Eidolon of Blossoms
Add To Stack: Ai(3)-mm-sythis-enchantress triggered Calix, Guided by Fate targeting [Cat Token (428)]
Add To Stack: Ai(3)-mm-sythis-enchantress triggered Ajani's Chosen
Resolve Stack: Whenever an enchantment you control enters, create a 2/2 white Cat creature token. If that enchantment is an Aura, you may attach it to the token. [Zone Changer: Hallowed Haunting (213)]
Resolve Stack: Constellation — Whenever Calix, Guided by Fate or another enchantment you control enters, put a +1/+1 counter on target creature. (Targeting: [[Cat Token (428)]]) [Zone Changer: Hallowed Haunting (213)]
Resolve Stack: Constellation — Whenever Eidolon of Blossoms or another enchantment you control enters, draw a card. [Zone Changer: Hallowed Haunting (213)]
Resolve Stack: Constellation — Whenever an enchantment you control enters, you may put a land card from your hand onto the battlefield tapped. If you control six or more enchantments, instead you may put a creature or land card from your hand onto the battlefield tapped. [Zone Changer: Hallowed Haunting (213)]
Add To Stack: Ai(3)-mm-sythis-enchantress triggered Courser of Kruphix
Life: Life: Ai(3)-mm-sythis-enchantress 48 > 49
Resolve Stack: Landfall — Whenever a land you control enters, you gain 1 life. [Zone Changer: Plains (293)]
Add To Stack: Ai(3)-mm-sythis-enchantress triggered Heliod, Sun-Crowned targeting [Cat Token (428)]
Add To Stack: Ai(3)-mm-sythis-enchantress triggered Heliod, Sun-Crowned targeting [Cat Token (428)]
Resolve Stack: Whenever you gain life, put a +1/+1 counter on target creature or enchantment you control. (Targeting: [[Cat Token (428)]]) [Player: Ai(3)-mm-sythis-enchantress, Gained Amount: 1]
Resolve Stack: Whenever you gain life, put a +1/+1 counter on target creature or enchantment you control. (Targeting: [[Cat Token (428)]]) [Player: Ai(3)-mm-sythis-enchantress, Gained Amount: 1]
Mana: Plains (285) - {T}: Add {W}.
Mana: Forest (238) - {T}: Add {G}.
Add To Stack: Ai(3)-mm-sythis-enchantress cast Privileged Position
Add To Stack: Ai(3)-mm-sythis-enchantress triggered Sythis, Harvest's Hand
Add To Stack: Ai(3)-mm-sythis-enchantress triggered Blind Obedience
Add To Stack: Ai(3)-mm-sythis-enchantress triggered Mesa Enchantress
Add To Stack: Ai(3)-mm-sythis-enchantress triggered Sigil of the Empty Throne
Add To Stack: Ai(3)-mm-sythis-enchantress triggered Hallowed Haunting
Resolve Stack: Whenever you cast an enchantment spell, create a white Spirit Cleric creature token with "This token's power and toughness are each equal to the number of Spirits you control." [Card: Privileged Position (259), Activator: Ai(3)-mm-sythis-enchantress, SpellAbility: Privileged Position]
Resolve Stack: Whenever you cast an enchantment spell, create a 4/4 white Angel creature token with flying. [Card: Privileged Position (259), Activator: Ai(3)-mm-sythis-enchantress, SpellAbility: Privileged Position]
Resolve Stack: Whenever you cast an enchantment spell, you may draw a card. [Card: Privileged Position (259), Activator: Ai(3)-mm-sythis-enchantress, SpellAbility: Privileged Position]
Mana: Plains (295) - {T}: Add {W}.
Life: Life: Ai(4)-mm-giada-angels 16 > 15
Life: Life: Ai(1)-mm-nekusar-discard 25 > 24
Life: Life: Ai(3)-mm-sythis-enchantress 49 > 51
Resolve Stack: Extort (Whenever you cast a spell, you may pay {W/B}. If you do, each opponent loses 1 life and you gain that much life.) [Card: Privileged Position (259), Activator: Ai(3)-mm-sythis-enchantress, SpellAbility: Privileged Position]
Add To Stack: Ai(3)-mm-sythis-enchantress triggered Heliod, Sun-Crowned targeting [Cat Token (428)]
Add To Stack: Ai(3)-mm-sythis-enchantress triggered Heliod, Sun-Crowned targeting [Cat Token (428)]
Resolve Stack: Whenever you gain life, put a +1/+1 counter on target creature or enchantment you control. (Targeting: [[Cat Token (428)]]) [Player: Ai(3)-mm-sythis-enchantress, Gained Amount: 2]
Resolve Stack: Whenever you gain life, put a +1/+1 counter on target creature or enchantment you control. (Targeting: [[Cat Token (428)]]) [Player: Ai(3)-mm-sythis-enchantress, Gained Amount: 2]
Life: Life: Ai(3)-mm-sythis-enchantress 51 > 52
Resolve Stack: Whenever you cast an enchantment spell, you gain 1 life and draw a card. [Card: Privileged Position (259), Activator: Ai(3)-mm-sythis-enchantress, SpellAbility: Privileged Position]
Add To Stack: Ai(3)-mm-sythis-enchantress triggered Heliod, Sun-Crowned targeting [Cat Token (428)]
Add To Stack: Ai(3)-mm-sythis-enchantress triggered Heliod, Sun-Crowned targeting [Cat Token (428)]
Resolve Stack: Whenever you gain life, put a +1/+1 counter on target creature or enchantment you control. (Targeting: [[Cat Token (428)]]) [Player: Ai(3)-mm-sythis-enchantress, Gained Amount: 1]
Resolve Stack: Whenever you gain life, put a +1/+1 counter on target creature or enchantment you control. (Targeting: [[Cat Token (428)]]) [Player: Ai(3)-mm-sythis-enchantress, Gained Amount: 1]
Resolve Stack: Privileged Position
Add To Stack: Ai(3)-mm-sythis-enchantress triggered Composer of Spring
Add To Stack: Ai(3)-mm-sythis-enchantress triggered Eidolon of Blossoms
Add To Stack: Ai(3)-mm-sythis-enchantress triggered Calix, Guided by Fate targeting [Cat Token (428)]
Add To Stack: Ai(3)-mm-sythis-enchantress triggered Ajani's Chosen
Resolve Stack: Whenever an enchantment you control enters, create a 2/2 white Cat creature token. If that enchantment is an Aura, you may attach it to the token. [Zone Changer: Privileged Position (259)]
Resolve Stack: Constellation — Whenever Calix, Guided by Fate or another enchantment you control enters, put a +1/+1 counter on target creature. (Targeting: [[Cat Token (428)]]) [Zone Changer: Privileged Position (259)]
Resolve Stack: Constellation — Whenever Eidolon of Blossoms or another enchantment you control enters, draw a card. [Zone Changer: Privileged Position (259)]
Resolve Stack: Constellation — Whenever an enchantment you control enters, you may put a land card from your hand onto the battlefield tapped. If you control six or more enchantments, instead you may put a creature or land card from your hand onto the battlefield tapped. [Zone Changer: Privileged Position (259)]
Add To Stack: Ai(3)-mm-sythis-enchantress triggered Courser of Kruphix
Life: Life: Ai(3)-mm-sythis-enchantress 52 > 53
Resolve Stack: Landfall — Whenever a land you control enters, you gain 1 life. [Zone Changer: Forest (244)]
Add To Stack: Ai(3)-mm-sythis-enchantress triggered Heliod, Sun-Crowned targeting [Cat Token (428)]
Add To Stack: Ai(3)-mm-sythis-enchantress triggered Heliod, Sun-Crowned targeting [Cat Token (428)]
Resolve Stack: Whenever you gain life, put a +1/+1 counter on target creature or enchantment you control. (Targeting: [[Cat Token (428)]]) [Player: Ai(3)-mm-sythis-enchantress, Gained Amount: 1]
Resolve Stack: Whenever you gain life, put a +1/+1 counter on target creature or enchantment you control. (Targeting: [[Cat Token (428)]]) [Player: Ai(3)-mm-sythis-enchantress, Gained Amount: 1]
Add To Stack: Ai(3)-mm-sythis-enchantress cast Strength of the Harvest targeting [Cat Token (428)]
Add To Stack: Ai(3)-mm-sythis-enchantress triggered Sythis, Harvest's Hand
Add To Stack: Ai(3)-mm-sythis-enchantress triggered Blind Obedience
Add To Stack: Ai(3)-mm-sythis-enchantress triggered Mesa Enchantress
Add To Stack: Ai(3)-mm-sythis-enchantress triggered Sigil of the Empty Throne
Add To Stack: Ai(3)-mm-sythis-enchantress triggered Hallowed Haunting
Resolve Stack: Whenever you cast an enchantment spell, create a white Spirit Cleric creature token with "This token's power and toughness are each equal to the number of Spirits you control." [Card: Strength of the Harvest (284), Activator: Ai(3)-mm-sythis-enchantress, SpellAbility: Strength of the Harvest]
Resolve Stack: Whenever you cast an enchantment spell, create a 4/4 white Angel creature token with flying. [Card: Strength of the Harvest (284), Activator: Ai(3)-mm-sythis-enchantress, SpellAbility: Strength of the Harvest]
Resolve Stack: Whenever you cast an enchantment spell, you may draw a card. [Card: Strength of the Harvest (284), Activator: Ai(3)-mm-sythis-enchantress, SpellAbility: Strength of the Harvest]
Mana: Plains (288) - {T}: Add {W}.
Life: Life: Ai(4)-mm-giada-angels 15 > 14
Life: Life: Ai(1)-mm-nekusar-discard 24 > 23
Life: Life: Ai(3)-mm-sythis-enchantress 53 > 55
Resolve Stack: Extort (Whenever you cast a spell, you may pay {W/B}. If you do, each opponent loses 1 life and you gain that much life.) [Card: Strength of the Harvest (284), Activator: Ai(3)-mm-sythis-enchantress, SpellAbility: Strength of the Harvest]
Add To Stack: Ai(3)-mm-sythis-enchantress triggered Heliod, Sun-Crowned targeting [Cat Token (428)]
Add To Stack: Ai(3)-mm-sythis-enchantress triggered Heliod, Sun-Crowned targeting [Cat Token (428)]
Resolve Stack: Whenever you gain life, put a +1/+1 counter on target creature or enchantment you control. (Targeting: [[Cat Token (428)]]) [Player: Ai(3)-mm-sythis-enchantress, Gained Amount: 2]
Resolve Stack: Whenever you gain life, put a +1/+1 counter on target creature or enchantment you control. (Targeting: [[Cat Token (428)]]) [Player: Ai(3)-mm-sythis-enchantress, Gained Amount: 2]
Life: Life: Ai(3)-mm-sythis-enchantress 55 > 56
Resolve Stack: Whenever you cast an enchantment spell, you gain 1 life and draw a card. [Card: Strength of the Harvest (284), Activator: Ai(3)-mm-sythis-enchantress, SpellAbility: Strength of the Harvest]
Add To Stack: Ai(3)-mm-sythis-enchantress triggered Heliod, Sun-Crowned targeting [Cat Token (428)]
Add To Stack: Ai(3)-mm-sythis-enchantress triggered Heliod, Sun-Crowned targeting [Cat Token (428)]
Resolve Stack: Whenever you gain life, put a +1/+1 counter on target creature or enchantment you control. (Targeting: [[Cat Token (428)]]) [Player: Ai(3)-mm-sythis-enchantress, Gained Amount: 1]
Resolve Stack: Whenever you gain life, put a +1/+1 counter on target creature or enchantment you control. (Targeting: [[Cat Token (428)]]) [Player: Ai(3)-mm-sythis-enchantress, Gained Amount: 1]
Resolve Stack: Strength of the Harvest (284) -  Attach to Cat Token (428)
Add To Stack: Ai(3)-mm-sythis-enchantress triggered Composer of Spring
Add To Stack: Ai(3)-mm-sythis-enchantress triggered Eidolon of Blossoms
Add To Stack: Ai(3)-mm-sythis-enchantress triggered Calix, Guided by Fate targeting [Cat Token (428)]
Add To Stack: Ai(3)-mm-sythis-enchantress triggered Ajani's Chosen
Resolve Stack: Whenever an enchantment you control enters, create a 2/2 white Cat creature token. If that enchantment is an Aura, you may attach it to the token. [Zone Changer: Strength of the Harvest (284)]
Resolve Stack: Constellation — Whenever Calix, Guided by Fate or another enchantment you control enters, put a +1/+1 counter on target creature. (Targeting: [[Cat Token (428)]]) [Zone Changer: Strength of the Harvest (284)]
Resolve Stack: Constellation — Whenever Eidolon of Blossoms or another enchantment you control enters, draw a card. [Zone Changer: Strength of the Harvest (284)]
Replacement Effect: Bountiful Promenade enters tapped unless you have two or more opponents.
Resolve Stack: Constellation — Whenever an enchantment you control enters, you may put a land card from your hand onto the battlefield tapped. If you control six or more enchantments, instead you may put a creature or land card from your hand onto the battlefield tapped. [Zone Changer: Strength of the Harvest (284)]
Add To Stack: Ai(3)-mm-sythis-enchantress triggered Courser of Kruphix
Life: Life: Ai(3)-mm-sythis-enchantress 56 > 57
Resolve Stack: Landfall — Whenever a land you control enters, you gain 1 life. [Zone Changer: Bountiful Promenade (215)]
Add To Stack: Ai(3)-mm-sythis-enchantress triggered Heliod, Sun-Crowned targeting [Cat Token (428)]
Add To Stack: Ai(3)-mm-sythis-enchantress triggered Heliod, Sun-Crowned targeting [Cat Token (428)]
Resolve Stack: Whenever you gain life, put a +1/+1 counter on target creature or enchantment you control. (Targeting: [[Cat Token (428)]]) [Player: Ai(3)-mm-sythis-enchantress, Gained Amount: 1]
Resolve Stack: Whenever you gain life, put a +1/+1 counter on target creature or enchantment you control. (Targeting: [[Cat Token (428)]]) [Player: Ai(3)-mm-sythis-enchantress, Gained Amount: 1]
Add To Stack: Ai(3)-mm-sythis-enchantress cast Arcane Signet
Add To Stack: Ai(3)-mm-sythis-enchantress triggered Blind Obedience
Mana: Command Tower (222) - {T}: Add one mana of any color in your commander's color identity.
Life: Life: Ai(4)-mm-giada-angels 14 > 13
Life: Life: Ai(1)-mm-nekusar-discard 23 > 22
Life: Life: Ai(3)-mm-sythis-enchantress 57 > 59
Resolve Stack: Extort (Whenever you cast a spell, you may pay {W/B}. If you do, each opponent loses 1 life and you gain that much life.) [Card: Arcane Signet (299), Activator: Ai(3)-mm-sythis-enchantress, SpellAbility: Arcane Signet]
Add To Stack: Ai(3)-mm-sythis-enchantress triggered Heliod, Sun-Crowned targeting [Cat Token (428)]
Add To Stack: Ai(3)-mm-sythis-enchantress triggered Heliod, Sun-Crowned targeting [Cat Token (428)]
Resolve Stack: Whenever you gain life, put a +1/+1 counter on target creature or enchantment you control. (Targeting: [[Cat Token (428)]]) [Player: Ai(3)-mm-sythis-enchantress, Gained Amount: 2]
Resolve Stack: Whenever you gain life, put a +1/+1 counter on target creature or enchantment you control. (Targeting: [[Cat Token (428)]]) [Player: Ai(3)-mm-sythis-enchantress, Gained Amount: 2]
Resolve Stack: Arcane Signet
Phase: Ai(3)-mm-sythis-enchantress' Beginning of Combat Step
Phase: Ai(3)-mm-sythis-enchantress' Declare Attackers Step
Combat: Ai(3)-mm-sythis-enchantress assigned Cat Token (428), Cat Token (422), Heliod, Sun-Crowned (297), Ajani's Chosen (263), Angel Token (413), Angel Token (419), Angel Token (425), Angel Token (431), Eidolon of Blossoms (209), Calix, Guided by Fate (232), Jukai Naturalist (224), Weaver of Harmony (257), Sythis, Harvest's Hand (302), Alseid of Life's Bounty (249), Cat Token (410), Cat Token (416), Cat Token (434), Sanctum Weaver (269), Composer of Spring (247) and Mesa Enchantress (207) to attack Ai(4)-mm-giada-angels.
Phase: Ai(3)-mm-sythis-enchantress' Declare Blockers Step
Combat: Ai(4)-mm-giada-angels assigned Resplendent Angel (304) to block Cat Token (428).
Ai(4)-mm-giada-angels assigned Angelic Field Marshal (309) to block Cat Token (422).
Ai(4)-mm-giada-angels assigned Angel Token (407) to block Heliod, Sun-Crowned (297).
Ai(4)-mm-giada-angels didn't block Ajani's Chosen (263).
Ai(4)-mm-giada-angels didn't block Angel Token (413).
Ai(4)-mm-giada-angels didn't block Angel Token (419).
Ai(4)-mm-giada-angels didn't block Angel Token (425).
Ai(4)-mm-giada-angels didn't block Angel Token (431).
Ai(4)-mm-giada-angels didn't block Eidolon of Blossoms (209).
Ai(4)-mm-giada-angels didn't block Calix, Guided by Fate (232).
Ai(4)-mm-giada-angels didn't block Jukai Naturalist (224).
Ai(4)-mm-giada-angels didn't block Weaver of Harmony (257).
Ai(4)-mm-giada-angels didn't block Sythis, Harvest's Hand (302).
Ai(4)-mm-giada-angels didn't block Alseid of Life's Bounty (249).
Ai(4)-mm-giada-angels didn't block Cat Token (410).
Ai(4)-mm-giada-angels didn't block Cat Token (416).
Ai(4)-mm-giada-angels didn't block Cat Token (434).
Ai(4)-mm-giada-angels didn't block Sanctum Weaver (269).
Ai(4)-mm-giada-angels didn't block Composer of Spring (247).
Ai(4)-mm-giada-angels didn't block Mesa Enchantress (207).
Mana: Plains (287) - {T}: Add {W}.
Add To Stack: Ai(3)-mm-sythis-enchantress activated Heliod, Sun-Crowned targeting [Cat Token (428)]
Resolve Stack: Heliod, Sun-Crowned (297) - Cat Token (428) gains lifelink until end of turn.
Mana: Overgrown Farmland (235) - {T}: Add {G} or {W}.
Add To Stack: Ai(3)-mm-sythis-enchantress activated Heliod, Sun-Crowned targeting [Sythis, Harvest's Hand (302)]
Resolve Stack: Heliod, Sun-Crowned (453) - Sythis, Harvest's Hand (302) gains lifelink until end of turn.
Mana: Arcane Signet (299) - {T}: Add one mana of any color in your commander's color identity.
Mana: Canopy Vista (270) - {T}: Add {G}.
Add To Stack: Ai(3)-mm-sythis-enchantress activated Heliod, Sun-Crowned targeting [Cat Token (422)]
Resolve Stack: Heliod, Sun-Crowned (297) - Cat Token (422) gains lifelink until end of turn.
Zone Change: Treasure Token (445) was put into Graveyard from Battlefield.
Mana: Treasure Token (445) - {T}, Sacrifice this token: Add one mana of any color.
Add To Stack: Ai(3)-mm-sythis-enchantress activated Heliod, Sun-Crowned targeting [Calix, Guided by Fate (232)]
Resolve Stack: Heliod, Sun-Crowned (297) - Calix, Guided by Fate (232) gains lifelink until end of turn.
Zone Change: Treasure Token (438) was put into Graveyard from Battlefield.
Mana: Treasure Token (438) - {T}, Sacrifice this token: Add one mana of any color.
Mana: Hall of Heliod's Generosity (212) - {T}: Add {C}.
Add To Stack: Ai(3)-mm-sythis-enchantress activated Heliod, Sun-Crowned targeting [Cat Token (416)]
Resolve Stack: Heliod, Sun-Crowned (297) - Cat Token (416) gains lifelink until end of turn.
Mana: Sanctum Weaver (269) - {T}: Add X mana of any one color, where X is the number of enchantments you control.
Add To Stack: Ai(3)-mm-sythis-enchantress activated Heliod, Sun-Crowned targeting [Angel Token (425)]
Resolve Stack: Heliod, Sun-Crowned (453) - Angel Token (425) gains lifelink until end of turn.
Add To Stack: Ai(3)-mm-sythis-enchantress activated Heliod, Sun-Crowned targeting [Angel Token (431)]
Resolve Stack: Heliod, Sun-Crowned (297) - Angel Token (431) gains lifelink until end of turn.
Add To Stack: Ai(3)-mm-sythis-enchantress activated Heliod, Sun-Crowned targeting [Ajani's Chosen (263)]
Resolve Stack: Heliod, Sun-Crowned (453) - Ajani's Chosen (263) gains lifelink until end of turn.
Add To Stack: Ai(3)-mm-sythis-enchantress activated Heliod, Sun-Crowned targeting [Weaver of Harmony (257)]
Resolve Stack: Heliod, Sun-Crowned (297) - Weaver of Harmony (257) gains lifelink until end of turn.
Add To Stack: Ai(3)-mm-sythis-enchantress activated Heliod, Sun-Crowned targeting [Composer of Spring (247)]
Resolve Stack: Heliod, Sun-Crowned (297) - Composer of Spring (247) gains lifelink until end of turn.
Add To Stack: Ai(3)-mm-sythis-enchantress activated Heliod, Sun-Crowned targeting [Angel Token (413)]
Resolve Stack: Heliod, Sun-Crowned (453) - Angel Token (413) gains lifelink until end of turn.
Add To Stack: Ai(3)-mm-sythis-enchantress activated Heliod, Sun-Crowned targeting [Mesa Enchantress (207)]
Resolve Stack: Heliod, Sun-Crowned (297) - Mesa Enchantress (207) gains lifelink until end of turn.
Add To Stack: Ai(3)-mm-sythis-enchantress activated Heliod, Sun-Crowned targeting [Angel Token (419)]
Resolve Stack: Heliod, Sun-Crowned (453) - Angel Token (419) gains lifelink until end of turn.
Add To Stack: Ai(3)-mm-sythis-enchantress activated Heliod, Sun-Crowned targeting [Cat Token (410)]
Resolve Stack: Heliod, Sun-Crowned (297) - Cat Token (410) gains lifelink until end of turn.
Add To Stack: Ai(3)-mm-sythis-enchantress activated Heliod, Sun-Crowned targeting [Heliod, Sun-Crowned (297)]
Resolve Stack: Heliod, Sun-Crowned (453) - Heliod, Sun-Crowned (297) gains lifelink until end of turn.
Phase: Ai(3)-mm-sythis-enchantress' First Strike Damage Step
Damage: Cat Token (422) deals 28 damage to Angelic Field Marshal (309).
Life: Life: Ai(3)-mm-sythis-enchantress 59 > 87
Zone Change: Angelic Field Marshal (309) was put into Graveyard from Battlefield.
Add To Stack: Ai(3)-mm-sythis-enchantress triggered Heliod, Sun-Crowned targeting [Cat Token (428)]
Add To Stack: Ai(3)-mm-sythis-enchantress triggered Heliod, Sun-Crowned targeting [Cat Token (428)]
Resolve Stack: Whenever you gain life, put a +1/+1 counter on target creature or enchantment you control. (Targeting: [[Cat Token (428)]]) [Player: Ai(3)-mm-sythis-enchantress, Gained Amount: 28]
Resolve Stack: Whenever you gain life, put a +1/+1 counter on target creature or enchantment you control. (Targeting: [[Cat Token (428)]]) [Player: Ai(3)-mm-sythis-enchantress, Gained Amount: 28]
Phase: Ai(3)-mm-sythis-enchantress' Combat Damage Step
Damage: Cat Token (428) deals 85 damage to Resplendent Angel (304).
Life: Life: Ai(3)-mm-sythis-enchantress 87 > 172
Damage: Heliod, Sun-Crowned (297) deals 17 damage to Angel Token (407).
Life: Life: Ai(3)-mm-sythis-enchantress 172 > 189
Damage: Ajani's Chosen (263) deals 14 combat damage to Ai(4)-mm-giada-angels.
Life: Life: Ai(3)-mm-sythis-enchantress 189 > 203
Damage: Angel Token (413) deals 5 combat damage to Ai(4)-mm-giada-angels.
Life: Life: Ai(3)-mm-sythis-enchantress 203 > 208
Damage: Angel Token (419) deals 5 combat damage to Ai(4)-mm-giada-angels.
Life: Life: Ai(3)-mm-sythis-enchantress 208 > 213
Damage: Angel Token (425) deals 5 combat damage to Ai(4)-mm-giada-angels.
Life: Life: Ai(3)-mm-sythis-enchantress 213 > 218
Damage: Angel Token (431) deals 5 combat damage to Ai(4)-mm-giada-angels.
Life: Life: Ai(3)-mm-sythis-enchantress 218 > 223
Damage: Eidolon of Blossoms (209) deals 4 combat damage to Ai(4)-mm-giada-angels.
Damage: Calix, Guided by Fate (232) deals 4 combat damage to Ai(4)-mm-giada-angels.
Life: Life: Ai(3)-mm-sythis-enchantress 223 > 227
Damage: Jukai Naturalist (224) deals 4 combat damage to Ai(4)-mm-giada-angels.
Life: Life: Ai(3)-mm-sythis-enchantress 227 > 231
Damage: Weaver of Harmony (257) deals 3 combat damage to Ai(4)-mm-giada-angels.
Life: Life: Ai(3)-mm-sythis-enchantress 231 > 234
Damage: Sythis, Harvest's Hand (302) deals 3 combat damage to Ai(4)-mm-giada-angels.
Life: Life: Ai(3)-mm-sythis-enchantress 234 > 237
Damage: Alseid of Life's Bounty (249) deals 3 combat damage to Ai(4)-mm-giada-angels.
Life: Life: Ai(3)-mm-sythis-enchantress 237 > 240
Damage: Cat Token (410) deals 3 combat damage to Ai(4)-mm-giada-angels.
Life: Life: Ai(3)-mm-sythis-enchantress 240 > 243
Damage: Cat Token (416) deals 3 combat damage to Ai(4)-mm-giada-angels.
Life: Life: Ai(3)-mm-sythis-enchantress 243 > 246
Damage: Cat Token (434) deals 3 combat damage to Ai(4)-mm-giada-angels.
Damage: Sanctum Weaver (269) deals 2 combat damage to Ai(4)-mm-giada-angels.
Damage: Composer of Spring (247) deals 2 combat damage to Ai(4)-mm-giada-angels.
Life: Life: Ai(3)-mm-sythis-enchantress 246 > 248
Damage: Mesa Enchantress (207) deals 1 combat damage to Ai(4)-mm-giada-angels.
Life: Life: Ai(3)-mm-sythis-enchantress 248 > 249
Damage: Resplendent Angel (304) deals 3 damage to Cat Token (428).
Damage: Angel Token (407) deals 7 damage to Heliod, Sun-Crowned (297).
Life: Life: Ai(4)-mm-giada-angels 13 > -56
Add To Stack: Ai(3)-mm-sythis-enchantress triggered Calix, Guided by Fate
Add To Stack: Ai(3)-mm-sythis-enchantress triggered Heliod, Sun-Crowned targeting [Cat Token (428)]
Add To Stack: Ai(3)-mm-sythis-enchantress triggered Heliod, Sun-Crowned targeting [Cat Token (428)]
Add To Stack: Ai(3)-mm-sythis-enchantress triggered Heliod, Sun-Crowned targeting [Cat Token (428)]
Add To Stack: Ai(3)-mm-sythis-enchantress triggered Heliod, Sun-Crowned targeting [Cat Token (428)]
Add To Stack: Ai(3)-mm-sythis-enchantress triggered Heliod, Sun-Crowned targeting [Cat Token (428)]
Add To Stack: Ai(3)-mm-sythis-enchantress triggered Heliod, Sun-Crowned targeting [Cat Token (428)]
Add To Stack: Ai(3)-mm-sythis-enchantress triggered Heliod, Sun-Crowned targeting [Cat Token (428)]
Add To Stack: Ai(3)-mm-sythis-enchantress triggered Heliod, Sun-Crowned targeting [Cat Token (428)]
Add To Stack: Ai(3)-mm-sythis-enchantress triggered Heliod, Sun-Crowned targeting [Cat Token (428)]
Add To Stack: Ai(3)-mm-sythis-enchantress triggered Heliod, Sun-Crowned targeting [Cat Token (428)]
Add To Stack: Ai(3)-mm-sythis-enchantress triggered Heliod, Sun-Crowned targeting [Cat Token (428)]
Add To Stack: Ai(3)-mm-sythis-enchantress triggered Heliod, Sun-Crowned targeting [Cat Token (428)]
Add To Stack: Ai(3)-mm-sythis-enchantress triggered Heliod, Sun-Crowned targeting [Cat Token (428)]
Add To Stack: Ai(3)-mm-sythis-enchantress triggered Heliod, Sun-Crowned targeting [Cat Token (428)]
Add To Stack: Ai(3)-mm-sythis-enchantress triggered Heliod, Sun-Crowned targeting [Cat Token (428)]
Add To Stack: Ai(3)-mm-sythis-enchantress triggered Heliod, Sun-Crowned targeting [Cat Token (428)]
Add To Stack: Ai(3)-mm-sythis-enchantress triggered Heliod, Sun-Crowned targeting [Cat Token (428)]
Add To Stack: Ai(3)-mm-sythis-enchantress triggered Heliod, Sun-Crowned targeting [Cat Token (428)]
Add To Stack: Ai(3)-mm-sythis-enchantress triggered Heliod, Sun-Crowned targeting [Cat Token (428)]
Add To Stack: Ai(3)-mm-sythis-enchantress triggered Heliod, Sun-Crowned targeting [Cat Token (428)]
Add To Stack: Ai(3)-mm-sythis-enchantress triggered Heliod, Sun-Crowned targeting [Cat Token (428)]
Add To Stack: Ai(3)-mm-sythis-enchantress triggered Heliod, Sun-Crowned targeting [Cat Token (428)]
Add To Stack: Ai(3)-mm-sythis-enchantress triggered Heliod, Sun-Crowned targeting [Cat Token (428)]
Add To Stack: Ai(3)-mm-sythis-enchantress triggered Heliod, Sun-Crowned targeting [Cat Token (428)]
Add To Stack: Ai(3)-mm-sythis-enchantress triggered Heliod, Sun-Crowned targeting [Cat Token (428)]
Add To Stack: Ai(3)-mm-sythis-enchantress triggered Heliod, Sun-Crowned targeting [Cat Token (428)]
Add To Stack: Ai(3)-mm-sythis-enchantress triggered Heliod, Sun-Crowned targeting [Cat Token (428)]
Add To Stack: Ai(3)-mm-sythis-enchantress triggered Heliod, Sun-Crowned targeting [Cat Token (428)]
Add To Stack: Ai(3)-mm-sythis-enchantress triggered Heliod, Sun-Crowned targeting [Cat Token (428)]
Add To Stack: Ai(3)-mm-sythis-enchantress triggered Heliod, Sun-Crowned targeting [Cat Token (428)]
Add To Stack: Ai(3)-mm-sythis-enchantress triggered Heliod, Sun-Crowned targeting [Cat Token (428)]
Add To Stack: Ai(3)-mm-sythis-enchantress triggered Heliod, Sun-Crowned targeting [Cat Token (428)]
Resolve Stack: Whenever you gain life, put a +1/+1 counter on target creature or enchantment you control. (Targeting: [[Cat Token (428)]]) [Player: Ai(3)-mm-sythis-enchantress, Gained Amount: 1]
Resolve Stack: Whenever you gain life, put a +1/+1 counter on target creature or enchantment you control. (Targeting: [[Cat Token (428)]]) [Player: Ai(3)-mm-sythis-enchantress, Gained Amount: 1]
Resolve Stack: Whenever you gain life, put a +1/+1 counter on target creature or enchantment you control. (Targeting: [[Cat Token (428)]]) [Player: Ai(3)-mm-sythis-enchantress, Gained Amount: 2]
Resolve Stack: Whenever you gain life, put a +1/+1 counter on target creature or enchantment you control. (Targeting: [[Cat Token (428)]]) [Player: Ai(3)-mm-sythis-enchantress, Gained Amount: 2]
Resolve Stack: Whenever you gain life, put a +1/+1 counter on target creature or enchantment you control. (Targeting: [[Cat Token (428)]]) [Player: Ai(3)-mm-sythis-enchantress, Gained Amount: 3]
Resolve Stack: Whenever you gain life, put a +1/+1 counter on target creature or enchantment you control. (Targeting: [[Cat Token (428)]]) [Player: Ai(3)-mm-sythis-enchantress, Gained Amount: 3]
Resolve Stack: Whenever you gain life, put a +1/+1 counter on target creature or enchantment you control. (Targeting: [[Cat Token (428)]]) [Player: Ai(3)-mm-sythis-enchantress, Gained Amount: 3]
Resolve Stack: Whenever you gain life, put a +1/+1 counter on target creature or enchantment you control. (Targeting: [[Cat Token (428)]]) [Player: Ai(3)-mm-sythis-enchantress, Gained Amount: 3]
Resolve Stack: Whenever you gain life, put a +1/+1 counter on target creature or enchantment you control. (Targeting: [[Cat Token (428)]]) [Player: Ai(3)-mm-sythis-enchantress, Gained Amount: 3]
Resolve Stack: Whenever you gain life, put a +1/+1 counter on target creature or enchantment you control. (Targeting: [[Cat Token (428)]]) [Player: Ai(3)-mm-sythis-enchantress, Gained Amount: 3]
Resolve Stack: Whenever you gain life, put a +1/+1 counter on target creature or enchantment you control. (Targeting: [[Cat Token (428)]]) [Player: Ai(3)-mm-sythis-enchantress, Gained Amount: 3]
Resolve Stack: Whenever you gain life, put a +1/+1 counter on target creature or enchantment you control. (Targeting: [[Cat Token (428)]]) [Player: Ai(3)-mm-sythis-enchantress, Gained Amount: 3]
Resolve Stack: Whenever you gain life, put a +1/+1 counter on target creature or enchantment you control. (Targeting: [[Cat Token (428)]]) [Player: Ai(3)-mm-sythis-enchantress, Gained Amount: 3]
Resolve Stack: Whenever you gain life, put a +1/+1 counter on target creature or enchantment you control. (Targeting: [[Cat Token (428)]]) [Player: Ai(3)-mm-sythis-enchantress, Gained Amount: 3]
Resolve Stack: Whenever you gain life, put a +1/+1 counter on target creature or enchantment you control. (Targeting: [[Cat Token (428)]]) [Player: Ai(3)-mm-sythis-enchantress, Gained Amount: 4]
Resolve Stack: Whenever you gain life, put a +1/+1 counter on target creature or enchantment you control. (Targeting: [[Cat Token (428)]]) [Player: Ai(3)-mm-sythis-enchantress, Gained Amount: 4]
Resolve Stack: Whenever you gain life, put a +1/+1 counter on target creature or enchantment you control. (Targeting: [[Cat Token (428)]]) [Player: Ai(3)-mm-sythis-enchantress, Gained Amount: 4]
Resolve Stack: Whenever you gain life, put a +1/+1 counter on target creature or enchantment you control. (Targeting: [[Cat Token (428)]]) [Player: Ai(3)-mm-sythis-enchantress, Gained Amount: 4]
Resolve Stack: Whenever you gain life, put a +1/+1 counter on target creature or enchantment you control. (Targeting: [[Cat Token (428)]]) [Player: Ai(3)-mm-sythis-enchantress, Gained Amount: 5]
Resolve Stack: Whenever you gain life, put a +1/+1 counter on target creature or enchantment you control. (Targeting: [[Cat Token (428)]]) [Player: Ai(3)-mm-sythis-enchantress, Gained Amount: 5]
Resolve Stack: Whenever you gain life, put a +1/+1 counter on target creature or enchantment you control. (Targeting: [[Cat Token (428)]]) [Player: Ai(3)-mm-sythis-enchantress, Gained Amount: 5]
Resolve Stack: Whenever you gain life, put a +1/+1 counter on target creature or enchantment you control. (Targeting: [[Cat Token (428)]]) [Player: Ai(3)-mm-sythis-enchantress, Gained Amount: 5]
Resolve Stack: Whenever you gain life, put a +1/+1 counter on target creature or enchantment you control. (Targeting: [[Cat Token (428)]]) [Player: Ai(3)-mm-sythis-enchantress, Gained Amount: 5]
Resolve Stack: Whenever you gain life, put a +1/+1 counter on target creature or enchantment you control. (Targeting: [[Cat Token (428)]]) [Player: Ai(3)-mm-sythis-enchantress, Gained Amount: 5]
Resolve Stack: Whenever you gain life, put a +1/+1 counter on target creature or enchantment you control. (Targeting: [[Cat Token (428)]]) [Player: Ai(3)-mm-sythis-enchantress, Gained Amount: 5]
Resolve Stack: Whenever you gain life, put a +1/+1 counter on target creature or enchantment you control. (Targeting: [[Cat Token (428)]]) [Player: Ai(3)-mm-sythis-enchantress, Gained Amount: 5]
Resolve Stack: Whenever you gain life, put a +1/+1 counter on target creature or enchantment you control. (Targeting: [[Cat Token (428)]]) [Player: Ai(3)-mm-sythis-enchantress, Gained Amount: 14]
Resolve Stack: Whenever you gain life, put a +1/+1 counter on target creature or enchantment you control. (Targeting: [[Cat Token (428)]]) [Player: Ai(3)-mm-sythis-enchantress, Gained Amount: 14]
Resolve Stack: Whenever you gain life, put a +1/+1 counter on target creature or enchantment you control. (Targeting: [[Cat Token (428)]]) [Player: Ai(3)-mm-sythis-enchantress, Gained Amount: 17]
Resolve Stack: Whenever you gain life, put a +1/+1 counter on target creature or enchantment you control. (Targeting: [[Cat Token (428)]]) [Player: Ai(3)-mm-sythis-enchantress, Gained Amount: 17]
Resolve Stack: Whenever you gain life, put a +1/+1 counter on target creature or enchantment you control. (Targeting: [[Cat Token (428)]]) [Player: Ai(3)-mm-sythis-enchantress, Gained Amount: 85]
Resolve Stack: Whenever you gain life, put a +1/+1 counter on target creature or enchantment you control. (Targeting: [[Cat Token (428)]]) [Player: Ai(3)-mm-sythis-enchantress, Gained Amount: 85]
Resolve Stack: Whenever Calix or an enchanted creature you control deals combat damage to a player, you may create a token that's a copy of a nonlegendary enchantment you control. Do this only once each turn. [Damage Source: Calix, Guided by Fate (232), Damaged: Ai(4)-mm-giada-angels, Amount: 4]
Add To Stack: Ai(3)-mm-sythis-enchantress triggered Composer of Spring
Add To Stack: Ai(3)-mm-sythis-enchantress triggered Eidolon of Blossoms
Add To Stack: Ai(3)-mm-sythis-enchantress triggered Calix, Guided by Fate targeting [Cat Token (428)]
Add To Stack: Ai(3)-mm-sythis-enchantress triggered Ajani's Chosen
Resolve Stack: Whenever an enchantment you control enters, create a 2/2 white Cat creature token. If that enchantment is an Aura, you may attach it to the token. [Zone Changer: Privileged Position (482)]
Resolve Stack: Constellation — Whenever Calix, Guided by Fate or another enchantment you control enters, put a +1/+1 counter on target creature. (Targeting: [[Cat Token (428)]]) [Zone Changer: Privileged Position (482)]
Resolve Stack: Constellation — Whenever Eidolon of Blossoms or another enchantment you control enters, draw a card. [Zone Changer: Privileged Position (482)]
Resolve Stack: Constellation — Whenever an enchantment you control enters, you may put a land card from your hand onto the battlefield tapped. If you control six or more enchantments, instead you may put a creature or land card from your hand onto the battlefield tapped. [Zone Changer: Privileged Position (482)]
Phase: Ai(3)-mm-sythis-enchantress' End of Combat Step
Phase: Ai(3)-mm-sythis-enchantress' Main phase, postcombat
Phase: Ai(3)-mm-sythis-enchantress' End step
Phase: Ai(3)-mm-sythis-enchantress' Cleanup step
Discard: Ai(3)-mm-sythis-enchantress discards Forest (241).
Turn: Turn 37 (Ai(1)-mm-nekusar-discard)
Phase: Ai(1)-mm-nekusar-discard's Untap step
Phase: Ai(1)-mm-nekusar-discard's Upkeep step
Phase: Ai(1)-mm-nekusar-discard's Draw step
Add To Stack: Ai(3)-mm-sythis-enchantress triggered Smothering Tithe
Resolve Stack: Whenever an opponent draws a card, that player may pay {2}. If the player doesn't, you create a Treasure token. (It's an artifact with "{T}, Sacrifice this token: Add one mana of any color.") [Player: Ai(1)-mm-nekusar-discard]
Phase: Ai(1)-mm-nekusar-discard's Main phase, precombat
Phase: Ai(1)-mm-nekusar-discard's Beginning of Combat Step
Phase: Ai(1)-mm-nekusar-discard's Declare Attackers Step
Phase: Ai(1)-mm-nekusar-discard's Declare Blockers Step
Phase: Ai(1)-mm-nekusar-discard's First Strike Damage Step
Phase: Ai(1)-mm-nekusar-discard's Combat Damage Step
Phase: Ai(1)-mm-nekusar-discard's End of Combat Step
Phase: Ai(1)-mm-nekusar-discard's Main phase, postcombat
Phase: Ai(1)-mm-nekusar-discard's End step
Phase: Ai(1)-mm-nekusar-discard's Cleanup step
Discard: Ai(1)-mm-nekusar-discard discards Propaganda (79).
Turn: Turn 38 (Ai(3)-mm-sythis-enchantress)
Phase: Ai(3)-mm-sythis-enchantress' Untap step
Phase: Ai(3)-mm-sythis-enchantress' Upkeep step
Add To Stack: Ai(3)-mm-sythis-enchantress triggered Resurgent Belief
Resolve Stack: At the beginning of your upkeep, if this card is suspended, remove a time counter from it [Phase: Ai(3)-mm-sythis-enchantress]
Add To Stack: Ai(3)-mm-sythis-enchantress triggered Resurgent Belief
Add To Stack: Ai(3)-mm-sythis-enchantress cast Resurgent Belief
Resolve Stack: When the last time counter is removed from this card, if it's exiled, you may play it without paying its mana cost if able.  If you can't, it remains exiled. If you cast a creature spell this way, it gains haste until you lose control of the spell or the permanent it becomes. [Removed from: Resurgent Belief (277)]
Add To Stack: Ai(3)-mm-sythis-enchantress triggered Blind Obedience
Mana: Plains (286) - {T}: Add {W}.
Life: Life: Ai(1)-mm-nekusar-discard 22 > 21
Life: Life: Ai(3)-mm-sythis-enchantress 249 > 250
Resolve Stack: Extort (Whenever you cast a spell, you may pay {W/B}. If you do, each opponent loses 1 life and you gain that much life.) [Card: Resurgent Belief (277), Activator: Ai(3)-mm-sythis-enchantress, SpellAbility: Return all enchantment cards from your graveyard to the battlefield. (Auras with nothing to enchant remain in your graveyard.) (without paying its mana cost)]
Add To Stack: Ai(3)-mm-sythis-enchantress triggered Heliod, Sun-Crowned targeting [Cat Token (428)]
Add To Stack: Ai(3)-mm-sythis-enchantress triggered Heliod, Sun-Crowned targeting [Cat Token (428)]
Resolve Stack: Whenever you gain life, put a +1/+1 counter on target creature or enchantment you control. (Targeting: [[Cat Token (428)]]) [Player: Ai(3)-mm-sythis-enchantress, Gained Amount: 1]
Resolve Stack: Whenever you gain life, put a +1/+1 counter on target creature or enchantment you control. (Targeting: [[Cat Token (428)]]) [Player: Ai(3)-mm-sythis-enchantress, Gained Amount: 1]
Resolve Stack: Resurgent Belief (277) - Return all enchantment cards from your graveyard to the battlefield. (Auras with nothing to enchant remain in your graveyard.) (without paying its mana cost)
Add To Stack: Ai(3)-mm-sythis-enchantress triggered Composer of Spring
Add To Stack: Ai(3)-mm-sythis-enchantress triggered Composer of Spring
Add To Stack: Ai(3)-mm-sythis-enchantress triggered Composer of Spring
Add To Stack: Ai(3)-mm-sythis-enchantress triggered Eidolon of Blossoms
Add To Stack: Ai(3)-mm-sythis-enchantress triggered Eidolon of Blossoms
Add To Stack: Ai(3)-mm-sythis-enchantress triggered Eidolon of Blossoms
Add To Stack: Ai(3)-mm-sythis-enchantress triggered Calix, Guided by Fate targeting [Cat Token (428)]
Add To Stack: Ai(3)-mm-sythis-enchantress triggered Calix, Guided by Fate targeting [Cat Token (428)]
Add To Stack: Ai(3)-mm-sythis-enchantress triggered Calix, Guided by Fate targeting [Cat Token (428)]
Add To Stack: Ai(3)-mm-sythis-enchantress triggered Ajani's Chosen
Add To Stack: Ai(3)-mm-sythis-enchantress triggered Ajani's Chosen
Add To Stack: Ai(3)-mm-sythis-enchantress triggered Ajani's Chosen
Resolve Stack: Whenever an enchantment you control enters, create a 2/2 white Cat creature token. If that enchantment is an Aura, you may attach it to the token. [Zone Changer: Sterling Grove (221)]
Resolve Stack: Whenever an enchantment you control enters, create a 2/2 white Cat creature token. If that enchantment is an Aura, you may attach it to the token. [Zone Changer: Seal of Primordium (256)]
Resolve Stack: Whenever an enchantment you control enters, create a 2/2 white Cat creature token. If that enchantment is an Aura, you may attach it to the token. [Zone Changer: Aura of Silence (226)]
Resolve Stack: Constellation — Whenever Calix, Guided by Fate or another enchantment you control enters, put a +1/+1 counter on target creature. (Targeting: [[Cat Token (428)]]) [Zone Changer: Sterling Grove (221)]
Resolve Stack: Constellation — Whenever Calix, Guided by Fate or another enchantment you control enters, put a +1/+1 counter on target creature. (Targeting: [[Cat Token (428)]]) [Zone Changer: Seal of Primordium (256)]
Resolve Stack: Constellation — Whenever Calix, Guided by Fate or another enchantment you control enters, put a +1/+1 counter on target creature. (Targeting: [[Cat Token (428)]]) [Zone Changer: Aura of Silence (226)]
Resolve Stack: Constellation — Whenever Eidolon of Blossoms or another enchantment you control enters, draw a card. [Zone Changer: Sterling Grove (221)]
Resolve Stack: Constellation — Whenever Eidolon of Blossoms or another enchantment you control enters, draw a card. [Zone Changer: Seal of Primordium (256)]
Resolve Stack: Constellation — Whenever Eidolon of Blossoms or another enchantment you control enters, draw a card. [Zone Changer: Aura of Silence (226)]
Resolve Stack: Constellation — Whenever an enchantment you control enters, you may put a land card from your hand onto the battlefield tapped. If you control six or more enchantments, instead you may put a creature or land card from your hand onto the battlefield tapped. [Zone Changer: Sterling Grove (221)]
Resolve Stack: Constellation — Whenever an enchantment you control enters, you may put a land card from your hand onto the battlefield tapped. If you control six or more enchantments, instead you may put a creature or land card from your hand onto the battlefield tapped. [Zone Changer: Seal of Primordium (256)]
Add To Stack: Ai(3)-mm-sythis-enchantress triggered Courser of Kruphix
Life: Life: Ai(3)-mm-sythis-enchantress 250 > 251
Resolve Stack: Landfall — Whenever a land you control enters, you gain 1 life. [Zone Changer: Reliquary Tower (274)]
Add To Stack: Ai(3)-mm-sythis-enchantress triggered Heliod, Sun-Crowned targeting [Cat Token (428)]
Add To Stack: Ai(3)-mm-sythis-enchantress triggered Heliod, Sun-Crowned targeting [Cat Token (428)]
Resolve Stack: Whenever you gain life, put a +1/+1 counter on target creature or enchantment you control. (Targeting: [[Cat Token (428)]]) [Player: Ai(3)-mm-sythis-enchantress, Gained Amount: 1]
Resolve Stack: Whenever you gain life, put a +1/+1 counter on target creature or enchantment you control. (Targeting: [[Cat Token (428)]]) [Player: Ai(3)-mm-sythis-enchantress, Gained Amount: 1]
Resolve Stack: Constellation — Whenever an enchantment you control enters, you may put a land card from your hand onto the battlefield tapped. If you control six or more enchantments, instead you may put a creature or land card from your hand onto the battlefield tapped. [Zone Changer: Aura of Silence (226)]
Phase: Ai(3)-mm-sythis-enchantress' Draw step
Phase: Ai(3)-mm-sythis-enchantress' Main phase, precombat
Mana: Plains (292) - {T}: Add {W}.
Mana: Forest (243) - {T}: Add {G}.
Add To Stack: Ai(3)-mm-sythis-enchantress cast Sphere of Safety
Add To Stack: Ai(3)-mm-sythis-enchantress triggered Sythis, Harvest's Hand
Add To Stack: Ai(3)-mm-sythis-enchantress triggered Blind Obedience
Add To Stack: Ai(3)-mm-sythis-enchantress triggered Mesa Enchantress
Add To Stack: Ai(3)-mm-sythis-enchantress triggered Satyr Enchanter
Add To Stack: Ai(3)-mm-sythis-enchantress triggered Sigil of the Empty Throne
Add To Stack: Ai(3)-mm-sythis-enchantress triggered Hallowed Haunting
Resolve Stack: Whenever you cast an enchantment spell, create a white Spirit Cleric creature token with "This token's power and toughness are each equal to the number of Spirits you control." [Card: Sphere of Safety (228), Activator: Ai(3)-mm-sythis-enchantress, SpellAbility: Sphere of Safety]
Resolve Stack: Whenever you cast an enchantment spell, create a 4/4 white Angel creature token with flying. [Card: Sphere of Safety (228), Activator: Ai(3)-mm-sythis-enchantress, SpellAbility: Sphere of Safety]
Resolve Stack: Whenever you cast an enchantment spell, draw a card. [Card: Sphere of Safety (228), Activator: Ai(3)-mm-sythis-enchantress, SpellAbility: Sphere of Safety]
Resolve Stack: Whenever you cast an enchantment spell, you may draw a card. [Card: Sphere of Safety (228), Activator: Ai(3)-mm-sythis-enchantress, SpellAbility: Sphere of Safety]
Mana: Plains (290) - {T}: Add {W}.
Life: Life: Ai(1)-mm-nekusar-discard 21 > 20
Life: Life: Ai(3)-mm-sythis-enchantress 251 > 252
Resolve Stack: Extort (Whenever you cast a spell, you may pay {W/B}. If you do, each opponent loses 1 life and you gain that much life.) [Card: Sphere of Safety (228), Activator: Ai(3)-mm-sythis-enchantress, SpellAbility: Sphere of Safety]
Add To Stack: Ai(3)-mm-sythis-enchantress triggered Heliod, Sun-Crowned targeting [Cat Token (428)]
Add To Stack: Ai(3)-mm-sythis-enchantress triggered Heliod, Sun-Crowned targeting [Cat Token (428)]
Resolve Stack: Whenever you gain life, put a +1/+1 counter on target creature or enchantment you control. (Targeting: [[Cat Token (428)]]) [Player: Ai(3)-mm-sythis-enchantress, Gained Amount: 1]
Resolve Stack: Whenever you gain life, put a +1/+1 counter on target creature or enchantment you control. (Targeting: [[Cat Token (428)]]) [Player: Ai(3)-mm-sythis-enchantress, Gained Amount: 1]
Life: Life: Ai(3)-mm-sythis-enchantress 252 > 253
Resolve Stack: Whenever you cast an enchantment spell, you gain 1 life and draw a card. [Card: Sphere of Safety (228), Activator: Ai(3)-mm-sythis-enchantress, SpellAbility: Sphere of Safety]
Add To Stack: Ai(3)-mm-sythis-enchantress triggered Heliod, Sun-Crowned targeting [Cat Token (428)]
Add To Stack: Ai(3)-mm-sythis-enchantress triggered Heliod, Sun-Crowned targeting [Cat Token (428)]
Resolve Stack: Whenever you gain life, put a +1/+1 counter on target creature or enchantment you control. (Targeting: [[Cat Token (428)]]) [Player: Ai(3)-mm-sythis-enchantress, Gained Amount: 1]
Resolve Stack: Whenever you gain life, put a +1/+1 counter on target creature or enchantment you control. (Targeting: [[Cat Token (428)]]) [Player: Ai(3)-mm-sythis-enchantress, Gained Amount: 1]
Resolve Stack: Sphere of Safety
Add To Stack: Ai(3)-mm-sythis-enchantress triggered Composer of Spring
Add To Stack: Ai(3)-mm-sythis-enchantress triggered Eidolon of Blossoms
Add To Stack: Ai(3)-mm-sythis-enchantress triggered Calix, Guided by Fate targeting [Cat Token (428)]
Add To Stack: Ai(3)-mm-sythis-enchantress triggered Ajani's Chosen
Add To Stack: Ai(3)-mm-sythis-enchantress triggered Archon of Sun's Grace
Resolve Stack: Constellation — Whenever an enchantment you control enters, create a 2/2 white Pegasus creature token with flying. [Zone Changer: Sphere of Safety (228)]
Resolve Stack: Whenever an enchantment you control enters, create a 2/2 white Cat creature token. If that enchantment is an Aura, you may attach it to the token. [Zone Changer: Sphere of Safety (228)]
Resolve Stack: Constellation — Whenever Calix, Guided by Fate or another enchantment you control enters, put a +1/+1 counter on target creature. (Targeting: [[Cat Token (428)]]) [Zone Changer: Sphere of Safety (228)]
Resolve Stack: Constellation — Whenever Eidolon of Blossoms or another enchantment you control enters, draw a card. [Zone Changer: Sphere of Safety (228)]
Resolve Stack: Constellation — Whenever an enchantment you control enters, you may put a land card from your hand onto the battlefield tapped. If you control six or more enchantments, instead you may put a creature or land card from your hand onto the battlefield tapped. [Zone Changer: Sphere of Safety (228)]
Replacement Effect: As Temple Garden enters, you may pay 2 life. If you don't, it enters tapped.
Land: Ai(3)-mm-sythis-enchantress played Temple Garden (275)
Add To Stack: Ai(3)-mm-sythis-enchantress triggered Courser of Kruphix
Life: Life: Ai(3)-mm-sythis-enchantress 253 > 254
Resolve Stack: Landfall — Whenever a land you control enters, you gain 1 life. [Zone Changer: Temple Garden (275)]
Add To Stack: Ai(3)-mm-sythis-enchantress triggered Heliod, Sun-Crowned targeting [Cat Token (428)]
Add To Stack: Ai(3)-mm-sythis-enchantress triggered Heliod, Sun-Crowned targeting [Cat Token (428)]
Resolve Stack: Whenever you gain life, put a +1/+1 counter on target creature or enchantment you control. (Targeting: [[Cat Token (428)]]) [Player: Ai(3)-mm-sythis-enchantress, Gained Amount: 1]
Resolve Stack: Whenever you gain life, put a +1/+1 counter on target creature or enchantment you control. (Targeting: [[Cat Token (428)]]) [Player: Ai(3)-mm-sythis-enchantress, Gained Amount: 1]
Mana: Forest (242) - {T}: Add {G}.
Add To Stack: Ai(3)-mm-sythis-enchantress activated Yenna, Redtooth Regent targeting [Sterling Grove (221)]
Resolve Stack: Yenna, Redtooth Regent (281) - Ai(3)-mm-sythis-enchantress creates a token that's a copy of Sterling Grove (221). Untap Yenna, Redtooth Regent (281). Ai(3)-mm-sythis-enchantress scries 2. 
Add To Stack: Ai(3)-mm-sythis-enchantress triggered Composer of Spring
Add To Stack: Ai(3)-mm-sythis-enchantress triggered Eidolon of Blossoms
Add To Stack: Ai(3)-mm-sythis-enchantress triggered Calix, Guided by Fate targeting [Cat Token (428)]
Add To Stack: Ai(3)-mm-sythis-enchantress triggered Setessan Champion
Add To Stack: Ai(3)-mm-sythis-enchantress triggered Ajani's Chosen
Add To Stack: Ai(3)-mm-sythis-enchantress triggered Archon of Sun's Grace
Player Control: Ai(1)-mm-nekusar-discard has restored control over themself
Player Control: Ai(2)-mm-jarad-graveyard has restored control over themself
Player Control: Ai(3)-mm-sythis-enchantress has restored control over themself
Player Control: Ai(4)-mm-giada-angels has restored control over themself
Game Outcome: Turn 19
Game Outcome: Ai(1)-mm-nekusar-discard has won because all opponents have lost
Game Outcome: Ai(2)-mm-jarad-graveyard has lost because life total reached 0
Game Outcome: Ai(3)-mm-sythis-enchantress has won because all opponents have lost
Game Outcome: Ai(4)-mm-giada-angels has lost because life total reached 0
Match Result: Ai(1)-mm-nekusar-discard: 1 Ai(2)-mm-jarad-graveyard: 0 Ai(3)-mm-sythis-enchantress: 1 Ai(4)-mm-giada-angels: 0 

Game Result: Game 2 ended in 600006 ms. Ai(3)-mm-sythis-enchantress has won!

