Error handling registered!
16:03:01 [INFO ] GuiBase: ##########################################
16:03:01 [INFO ] GuiBase: APP: Forge v.2.0.14-SNAPSHOT-08.08
16:03:01 [INFO ] GuiBase: Java: 21.0.9 (Oracle Corporation)
16:03:01 [INFO ] GuiBase: OS: Mac OS X 26.3 aarch64
16:03:01 [INFO ] GuiBase: RAM: 4096 MB max, 8 CPUs
16:03:01 [INFO ] GuiBase: ##########################################
Language 'en-US' loaded successfully.
(ThreadUtil first call): Running with priority 5
Read cards: 33617 archived files in 1 ms (25 parts) using thread pool
Upcoming set Star Trek (TRK) dated in the future. All `upcoming` cards will be added to this set with unknown rarity.
The card A-Alrund's Epiphany was not assigned to any set. Adding it to UNKNOWN set... to fix see res/editions/ folder. 
The card A-Baba Lysaga, Night Witch was not assigned to any set. Adding it to UNKNOWN set... to fix see res/editions/ folder. 
The card A-Divide by Zero was not assigned to any set. Adding it to UNKNOWN set... to fix see res/editions/ folder. 
The card A-Esika's Chariot was not assigned to any set. Adding it to UNKNOWN set... to fix see res/editions/ folder. 
The card A-Faceless Haven was not assigned to any set. Adding it to UNKNOWN set... to fix see res/editions/ folder. 
The card A-Fires of Invention was not assigned to any set. Adding it to UNKNOWN set... to fix see res/editions/ folder. 
The card A-Goldspan Dragon was not assigned to any set. Adding it to UNKNOWN set... to fix see res/editions/ folder. 
The card A-Hullbreaker Horror was not assigned to any set. Adding it to UNKNOWN set... to fix see res/editions/ folder. 
The card A-Kumano Faces Kakkazan was not assigned to any set. Adding it to UNKNOWN set... to fix see res/editions/ folder. 
The card A-Luminarch Aspirant was not assigned to any set. Adding it to UNKNOWN set... to fix see res/editions/ folder. 
The card A-Monster Manual was not assigned to any set. Adding it to UNKNOWN set... to fix see res/editions/ folder. 
The card A-Omnath, Locus of Creation was not assigned to any set. Adding it to UNKNOWN set... to fix see res/editions/ folder. 
The card A-The Meathook Massacre was not assigned to any set. Adding it to UNKNOWN set... to fix see res/editions/ folder. 
The card A-Unholy Heat was not assigned to any set. Adding it to UNKNOWN set... to fix see res/editions/ folder. 
The card Blinding Radiance was not assigned to any set. Adding it to UNKNOWN set... to fix see res/editions/ folder. 
The card Goblin Bruiser was not assigned to any set. Adding it to UNKNOWN set... to fix see res/editions/ folder. 
The card Ogre Painbringer was not assigned to any set. Adding it to UNKNOWN set... to fix see res/editions/ folder. 
The card Titanic Pelagosaur was not assigned to any set. Adding it to UNKNOWN set... to fix see res/editions/ folder. 
The card Treetop Recluse was not assigned to any set. Adding it to UNKNOWN set... to fix see res/editions/ folder. 
Upcoming set Star Trek (TRK) dated in the future. All `upcoming` cards will be added to this set with unknown rarity.
Read cards: 836 files in 0 ms (8 parts) using thread pool
Simulation mode
Ai(1)-mm-giada-angels [Experimental] vs Ai(2)-mm-nekusar-discard [Experimental] vs Ai(3)-mm-jarad-graveyard [Experimental] vs Ai(4)-mm-sythis-enchantress [Experimental] - two games of Commander seed 262007515
Warning: default (ie. inherited from base class) implementation of confirmAction is used by Giada, Font of Hope for forge.ai.ability.PermanentCreatureAi. Consider declaring an overloaded method
Warning: default (ie. inherited from base class) implementation of confirmAction is used by Nekusar, the Mindrazer for forge.ai.ability.PermanentCreatureAi. Consider declaring an overloaded method
java.util.concurrent.TimeoutException
	at java.base/java.util.concurrent.FutureTask.get(FutureTask.java:204)
	at forge.ai.AiController.chooseSpellAbilityToPlayFromList(AiController.java:1696)
	at forge.ai.AiController.getSpellAbilityToPlay(AiController.java:1583)
	at forge.ai.AiController.chooseSpellAbilityToPlay(AiController.java:1403)
	at forge.ai.PlayerControllerAi.chooseSpellAbilityToPlay(PlayerControllerAi.java:832)
	at forge.game.phase.PhaseHandler.mainLoopStep(PhaseHandler.java:1056)
	at forge.game.phase.PhaseHandler.mainGameLoop(PhaseHandler.java:1035)
	at forge.game.phase.PhaseHandler.startFirstTurn(PhaseHandler.java:1029)
	at forge.game.GameAction.startGame(GameAction.java:2373)
	at forge.game.Match.startGame(Match.java:92)
	at forge.game.Match.startGame(Match.java:77)
	at forge.view.SimulateMatch.lambda$simulateSingleMatch$0(SimulateMatch.java:213)
	at forge.view.TimeLimitedCodeBlock.lambda$runWithTimeout$0(TimeLimitedCodeBlock.java:18)
	at java.base/java.util.concurrent.FutureTask.run(FutureTask.java:317)
	at java.base/java.util.concurrent.ThreadPoolExecutor.runWorker(ThreadPoolExecutor.java:1144)
	at java.base/java.util.concurrent.ThreadPoolExecutor$Worker.run(ThreadPoolExecutor.java:642)
	at java.base/java.lang.Thread.run(Thread.java:1583)
AI eval thread at timeout:
	at forge.ai.ComputerUtilMana.predictManafromSpellAbility(ComputerUtilMana.java:532)
	at forge.ai.ComputerUtilMana.payManaCost(ComputerUtilMana.java:763)
	at forge.ai.ComputerUtilMana.payManaCost(ComputerUtilMana.java:74)
	at forge.ai.ComputerUtilMana.canPayManaCost(ComputerUtilMana.java:63)
	at forge.ai.ComputerUtilCost.canPayCost(ComputerUtilCost.java:634)
	at forge.ai.ComputerUtilCost.canPayCost(ComputerUtilCost.java:530)
	at forge.ai.ComputerUtilCombat.canGainKeyword(ComputerUtilCombat.java:2290)
	at forge.ai.ComputerUtilCombat.dealsFirstStrikeDamage(ComputerUtilCombat.java:2251)
	at forge.ai.ComputerUtilCombat.predictPowerBonusOfAttacker(ComputerUtilCombat.java:1162)
	at forge.ai.ComputerUtilCombat.canDestroyBlocker(ComputerUtilCombat.java:1912)
	at forge.ai.AiBlockController.getSafeBlockers(AiBlockController.java:106)
	at forge.ai.AiBlockController.makeGoodBlocks(AiBlockController.java:198)
	at forge.ai.AiBlockController.assignBlockers(AiBlockController.java:1083)
	at forge.ai.AiBlockController.assignBlockersForCombat(AiBlockController.java:1014)
	at forge.ai.ComputerUtil.predictNextCombatsRemainingLife(ComputerUtil.java:3214)
	at forge.ai.ComputerUtil.predictNextCombatsRemainingLife(ComputerUtil.java:3179)
	at forge.ai.AiAttackController.notNeededAsBlockers(AiAttackController.java:426)
	at forge.ai.AiAttackController.declareAttackers(AiAttackController.java:1279)
	at forge.ai.ComputerUtilCard.doesSpecifiedCreatureAttackAI(ComputerUtilCard.java:820)
	at forge.ai.ComputerUtilCard.shouldPumpCard(ComputerUtilCard.java:1557)
	at forge.ai.ability.PumpAiBase.lambda$getPumpCreatures$2(PumpAiBase.java:376)
	at java.base/java.util.stream.ReferencePipeline$2$1.accept(ReferencePipeline.java:178)
	at java.base/java.util.Spliterators$IteratorSpliterator.tryAdvance(Spliterators.java:1950)
	at java.base/java.util.stream.StreamSpliterators$WrappingSpliterator.lambda$initPartialTraversalState$0(StreamSpliterators.java:292)
	at java.base/java.util.stream.StreamSpliterators$AbstractWrappingSpliterator.fillBuffer(StreamSpliterators.java:206)
	at java.base/java.util.stream.StreamSpliterators$AbstractWrappingSpliterator.doAdvance(StreamSpliterators.java:161)
	at java.base/java.util.stream.StreamSpliterators$WrappingSpliterator.tryAdvance(StreamSpliterators.java:298)
	at java.base/java.util.Spliterators$1Adapter.hasNext(Spliterators.java:681)
	at forge.util.collect.FCollection.addAll(FCollection.java:345)
	at forge.util.collect.FCollection.<init>(FCollection.java:103)
Warning: default (ie. inherited from base class) implementation of confirmAction is used by Nekusar, the Mindrazer for forge.ai.ability.PermanentCreatureAi. Consider declaring an overloaded method
Warning: default (ie. inherited from base class) implementation of confirmAction is used by Jarad, Golgari Lich Lord for forge.ai.ability.PermanentCreatureAi. Consider declaring an overloaded method
java.util.concurrent.TimeoutException
	at java.base/java.util.concurrent.FutureTask.get(FutureTask.java:204)
	at forge.ai.AiController.chooseSpellAbilityToPlayFromList(AiController.java:1696)
	at forge.ai.AiController.getSpellAbilityToPlay(AiController.java:1583)
	at forge.ai.AiController.chooseSpellAbilityToPlay(AiController.java:1403)
	at forge.ai.PlayerControllerAi.chooseSpellAbilityToPlay(PlayerControllerAi.java:832)
	at forge.game.phase.PhaseHandler.mainLoopStep(PhaseHandler.java:1056)
	at forge.game.phase.PhaseHandler.mainGameLoop(PhaseHandler.java:1035)
	at forge.game.phase.PhaseHandler.startFirstTurn(PhaseHandler.java:1029)
	at forge.game.GameAction.startGame(GameAction.java:2373)
	at forge.game.Match.startGame(Match.java:92)
	at forge.game.Match.startGame(Match.java:77)
	at forge.view.SimulateMatch.lambda$simulateSingleMatch$0(SimulateMatch.java:213)
	at forge.view.TimeLimitedCodeBlock.lambda$runWithTimeout$0(TimeLimitedCodeBlock.java:18)
	at java.base/java.util.concurrent.FutureTask.run(FutureTask.java:317)
	at java.base/java.util.concurrent.ThreadPoolExecutor.runWorker(ThreadPoolExecutor.java:1144)
	at java.base/java.util.concurrent.ThreadPoolExecutor$Worker.run(ThreadPoolExecutor.java:642)
	at java.base/java.lang.Thread.run(Thread.java:1583)
AI eval thread at timeout:
	at forge.game.card.Card.updateStaticAbilities(Card.java:7011)
	at forge.game.card.CardState.getStaticAbilities(CardState.java:712)
	at forge.game.card.Card.getStaticAbilities(Card.java:6993)
	at forge.game.staticability.StaticAbilityCastWithFlash.anyWithFlashNeedsInfo(StaticAbilityCastWithFlash.java:17)
	at forge.game.spellability.SpellAbilityRestriction.canPlay(SpellAbilityRestriction.java:559)
	at forge.game.spellability.AbilityActivated.canPlay(AbilityActivated.java:98)
	at forge.ai.ComputerUtilMana.lambda$getAvailableManaSources$16(ComputerUtilMana.java:1341)
	at java.base/java.util.stream.ReferencePipeline$2$1.accept(ReferencePipeline.java:178)
	at java.base/java.util.Spliterators$IteratorSpliterator.tryAdvance(Spliterators.java:1950)
	at java.base/java.util.stream.StreamSpliterators$WrappingSpliterator.lambda$initPartialTraversalState$0(StreamSpliterators.java:292)
	at java.base/java.util.stream.StreamSpliterators$AbstractWrappingSpliterator.fillBuffer(StreamSpliterators.java:206)
	at java.base/java.util.stream.StreamSpliterators$AbstractWrappingSpliterator.doAdvance(StreamSpliterators.java:169)
	at java.base/java.util.stream.StreamSpliterators$WrappingSpliterator.tryAdvance(StreamSpliterators.java:298)
	at java.base/java.util.Spliterators$1Adapter.hasNext(Spliterators.java:681)
	at forge.util.collect.FCollection.addAll(FCollection.java:345)
	at forge.util.collect.FCollection.<init>(FCollection.java:103)
	at forge.game.card.CardCollection.<init>(CardCollection.java:118)
	at forge.game.card.CardLists.filter(CardLists.java:331)
	at forge.ai.ComputerUtilMana.getAvailableManaSources(ComputerUtilMana.java:1338)
	at forge.ai.ComputerUtilMana.groupSourcesByManaColor(ComputerUtilMana.java:1496)
	at forge.ai.ComputerUtilMana.getSourcesForShards(ComputerUtilMana.java:831)
	at forge.ai.ComputerUtilMana.payManaCost(ComputerUtilMana.java:638)
	at forge.ai.ComputerUtilMana.payManaCost(ComputerUtilMana.java:74)
	at forge.ai.ComputerUtilMana.canPayManaCost(ComputerUtilMana.java:63)
	at forge.ai.ComputerUtilCost.canPayCost(ComputerUtilCost.java:634)
	at forge.ai.ComputerUtilCost.canPayCost(ComputerUtilCost.java:530)
	at forge.ai.ComputerUtil.canRegenerate(ComputerUtil.java:1001)
	at forge.ai.ComputerUtilCombat.canDestroyBlocker(ComputerUtilCombat.java:1885)
	at forge.ai.AiBlockController.getSafeBlockers(AiBlockController.java:106)
	at forge.ai.AiBlockController.makeGoodBlocks(AiBlockController.java:198)
Mulligan: Ai(2)-mm-nekusar-discard has kept a hand of 7 cards
Mulligan: Ai(3)-mm-jarad-graveyard has kept a hand of 7 cards
Mulligan: Ai(4)-mm-sythis-enchantress has kept a hand of 7 cards
Mulligan: Ai(1)-mm-giada-angels has kept a hand of 7 cards
Turn: Turn 1 (Ai(2)-mm-nekusar-discard)
Phase: Ai(2)-mm-nekusar-discard's Untap step
Phase: Ai(2)-mm-nekusar-discard's Upkeep step
Phase: Ai(2)-mm-nekusar-discard's Draw step
Phase: Ai(2)-mm-nekusar-discard's Main phase, precombat
Land: Ai(2)-mm-nekusar-discard played Command Tower (115)
Phase: Ai(2)-mm-nekusar-discard's Beginning of Combat Step
Phase: Ai(2)-mm-nekusar-discard's Declare Attackers Step
Phase: Ai(2)-mm-nekusar-discard's Declare Blockers Step
Phase: Ai(2)-mm-nekusar-discard's First Strike Damage Step
Phase: Ai(2)-mm-nekusar-discard's Combat Damage Step
Phase: Ai(2)-mm-nekusar-discard's End of Combat Step
Phase: Ai(2)-mm-nekusar-discard's Main phase, postcombat
Phase: Ai(2)-mm-nekusar-discard's End step
Phase: Ai(2)-mm-nekusar-discard's Cleanup step
Turn: Turn 2 (Ai(3)-mm-jarad-graveyard)
Phase: Ai(3)-mm-jarad-graveyard's Untap step
Phase: Ai(3)-mm-jarad-graveyard's Upkeep step
Phase: Ai(3)-mm-jarad-graveyard's Draw step
Phase: Ai(3)-mm-jarad-graveyard's Main phase, precombat
Land: Ai(3)-mm-jarad-graveyard played Swamp (269)
Phase: Ai(3)-mm-jarad-graveyard's Beginning of Combat Step
Phase: Ai(3)-mm-jarad-graveyard's Declare Attackers Step
Phase: Ai(3)-mm-jarad-graveyard's Declare Blockers Step
Phase: Ai(3)-mm-jarad-graveyard's First Strike Damage Step
Phase: Ai(3)-mm-jarad-graveyard's Combat Damage Step
Phase: Ai(3)-mm-jarad-graveyard's End of Combat Step
Phase: Ai(3)-mm-jarad-graveyard's Main phase, postcombat
Phase: Ai(3)-mm-jarad-graveyard's End step
Phase: Ai(3)-mm-jarad-graveyard's Cleanup step
Turn: Turn 3 (Ai(4)-mm-sythis-enchantress)
Phase: Ai(4)-mm-sythis-enchantress' Untap step
Phase: Ai(4)-mm-sythis-enchantress' Upkeep step
Phase: Ai(4)-mm-sythis-enchantress' Draw step
Phase: Ai(4)-mm-sythis-enchantress' Main phase, precombat
Land: Ai(4)-mm-sythis-enchantress played Plains (396)
Phase: Ai(4)-mm-sythis-enchantress' Beginning of Combat Step
Phase: Ai(4)-mm-sythis-enchantress' Declare Attackers Step
Phase: Ai(4)-mm-sythis-enchantress' Declare Blockers Step
Phase: Ai(4)-mm-sythis-enchantress' First Strike Damage Step
Phase: Ai(4)-mm-sythis-enchantress' Combat Damage Step
Phase: Ai(4)-mm-sythis-enchantress' End of Combat Step
Phase: Ai(4)-mm-sythis-enchantress' Main phase, postcombat
Mana: Plains (396) - {T}: Add {W}.
Add To Stack: Ai(4)-mm-sythis-enchantress cast Alseid of Life's Bounty
Resolve Stack: Alseid of Life's Bounty - Creature 1 / 1
Phase: Ai(4)-mm-sythis-enchantress' End step
Phase: Ai(4)-mm-sythis-enchantress' Cleanup step
Turn: Turn 4 (Ai(1)-mm-giada-angels)
Phase: Ai(1)-mm-giada-angels' Untap step
Phase: Ai(1)-mm-giada-angels' Upkeep step
Phase: Ai(1)-mm-giada-angels' Draw step
Phase: Ai(1)-mm-giada-angels' Main phase, precombat
Replacement Effect: As Cavern of Souls enters, choose a creature type.
Land: Ai(1)-mm-giada-angels played Cavern of Souls (56)
Phase: Ai(1)-mm-giada-angels' Beginning of Combat Step
Phase: Ai(1)-mm-giada-angels' Declare Attackers Step
Phase: Ai(1)-mm-giada-angels' Declare Blockers Step
Phase: Ai(1)-mm-giada-angels' First Strike Damage Step
Phase: Ai(1)-mm-giada-angels' Combat Damage Step
Phase: Ai(1)-mm-giada-angels' End of Combat Step
Phase: Ai(1)-mm-giada-angels' Main phase, postcombat
Phase: Ai(1)-mm-giada-angels' End step
Phase: Ai(1)-mm-giada-angels' Cleanup step
Turn: Turn 5 (Ai(2)-mm-nekusar-discard)
Phase: Ai(2)-mm-nekusar-discard's Untap step
Phase: Ai(2)-mm-nekusar-discard's Upkeep step
Phase: Ai(2)-mm-nekusar-discard's Draw step
Phase: Ai(2)-mm-nekusar-discard's Main phase, precombat
Land: Ai(2)-mm-nekusar-discard played Swamp (162)
Phase: Ai(2)-mm-nekusar-discard's Beginning of Combat Step
Phase: Ai(2)-mm-nekusar-discard's Declare Attackers Step
Phase: Ai(2)-mm-nekusar-discard's Declare Blockers Step
Phase: Ai(2)-mm-nekusar-discard's First Strike Damage Step
Phase: Ai(2)-mm-nekusar-discard's Combat Damage Step
Phase: Ai(2)-mm-nekusar-discard's End of Combat Step
Phase: Ai(2)-mm-nekusar-discard's Main phase, postcombat
Mana: Swamp (162) - {T}: Add {B}.
Mana: Command Tower (115) - {T}: Add one mana of any color in your commander's color identity.
Add To Stack: Ai(2)-mm-nekusar-discard cast Talisman of Dominance
Resolve Stack: Talisman of Dominance
Phase: Ai(2)-mm-nekusar-discard's End step
Phase: Ai(2)-mm-nekusar-discard's Cleanup step
Turn: Turn 6 (Ai(3)-mm-jarad-graveyard)
Phase: Ai(3)-mm-jarad-graveyard's Untap step
Phase: Ai(3)-mm-jarad-graveyard's Upkeep step
Phase: Ai(3)-mm-jarad-graveyard's Draw step
Phase: Ai(3)-mm-jarad-graveyard's Main phase, precombat
Land: Ai(3)-mm-jarad-graveyard played Swamp (264)
Phase: Ai(3)-mm-jarad-graveyard's Beginning of Combat Step
Phase: Ai(3)-mm-jarad-graveyard's Declare Attackers Step
Phase: Ai(3)-mm-jarad-graveyard's Declare Blockers Step
Phase: Ai(3)-mm-jarad-graveyard's First Strike Damage Step
Phase: Ai(3)-mm-jarad-graveyard's Combat Damage Step
Phase: Ai(3)-mm-jarad-graveyard's End of Combat Step
Phase: Ai(3)-mm-jarad-graveyard's Main phase, postcombat
Mana: Swamp (269) - {T}: Add {B}.
Mana: Swamp (264) - {T}: Add {B}.
Add To Stack: Ai(3)-mm-jarad-graveyard cast Fiend Artisan
Resolve Stack: Fiend Artisan - Creature 1 / 1
Phase: Ai(3)-mm-jarad-graveyard's End step
Phase: Ai(3)-mm-jarad-graveyard's Cleanup step
Turn: Turn 7 (Ai(4)-mm-sythis-enchantress)
Phase: Ai(4)-mm-sythis-enchantress' Untap step
Phase: Ai(4)-mm-sythis-enchantress' Upkeep step
Phase: Ai(4)-mm-sythis-enchantress' Draw step
Phase: Ai(4)-mm-sythis-enchantress' Main phase, precombat
Land: Ai(4)-mm-sythis-enchantress played Hall of Heliod's Generosity (313)
Mana: Plains (396) - {T}: Add {W}.
Add To Stack: Ai(4)-mm-sythis-enchantress cast Path to Exile targeting [Fiend Artisan (239)]
Zone Change: Fiend Artisan (239) was put into Exile from Battlefield.
Resolve Stack: Path to Exile (311) - Exile Fiend Artisan (239). Ai(3)-mm-jarad-graveyard may search their library for a basic land card, put that card onto the battlefield tapped, then shuffle their library. 
Phase: Ai(4)-mm-sythis-enchantress' Beginning of Combat Step
Phase: Ai(4)-mm-sythis-enchantress' Declare Attackers Step
Combat: Ai(4)-mm-sythis-enchantress assigned Alseid of Life's Bounty (350) to attack Ai(2)-mm-nekusar-discard.
Phase: Ai(4)-mm-sythis-enchantress' Declare Blockers Step
Combat: Ai(2)-mm-nekusar-discard didn't block Alseid of Life's Bounty (350).
Phase: Ai(4)-mm-sythis-enchantress' First Strike Damage Step
Phase: Ai(4)-mm-sythis-enchantress' Combat Damage Step
Damage: Alseid of Life's Bounty (350) deals 1 combat damage to Ai(2)-mm-nekusar-discard.
Life: Life: Ai(4)-mm-sythis-enchantress 40 > 41
Life: Life: Ai(2)-mm-nekusar-discard 40 > 39
Phase: Ai(4)-mm-sythis-enchantress' End of Combat Step
Phase: Ai(4)-mm-sythis-enchantress' Main phase, postcombat
Phase: Ai(4)-mm-sythis-enchantress' End step
Phase: Ai(4)-mm-sythis-enchantress' Cleanup step
Turn: Turn 8 (Ai(1)-mm-giada-angels)
Phase: Ai(1)-mm-giada-angels' Untap step
Phase: Ai(1)-mm-giada-angels' Upkeep step
Phase: Ai(1)-mm-giada-angels' Draw step
Phase: Ai(1)-mm-giada-angels' Main phase, precombat
Land: Ai(1)-mm-giada-angels played Plains (86)
Phase: Ai(1)-mm-giada-angels' Beginning of Combat Step
Phase: Ai(1)-mm-giada-angels' Declare Attackers Step
Phase: Ai(1)-mm-giada-angels' Declare Blockers Step
Phase: Ai(1)-mm-giada-angels' First Strike Damage Step
Phase: Ai(1)-mm-giada-angels' Combat Damage Step
Phase: Ai(1)-mm-giada-angels' End of Combat Step
Phase: Ai(1)-mm-giada-angels' Main phase, postcombat
Mana: Plains (86) - {T}: Add {W}.
Mana: Cavern of Souls (56) - {T}: Add one mana of any color. Spend this mana only to cast a creature spell of the chosen type, and that spell can't be countered.
Add To Stack: Ai(1)-mm-giada-angels cast Giada, Font of Hope
Resolve Stack: Giada, Font of Hope - Creature 2 / 2
Phase: Ai(1)-mm-giada-angels' End step
Phase: Ai(1)-mm-giada-angels' Cleanup step
Turn: Turn 9 (Ai(2)-mm-nekusar-discard)
Phase: Ai(2)-mm-nekusar-discard's Untap step
Phase: Ai(2)-mm-nekusar-discard's Upkeep step
Phase: Ai(2)-mm-nekusar-discard's Draw step
Phase: Ai(2)-mm-nekusar-discard's Main phase, precombat
Replacement Effect: As Steam Vents enters, you may pay 2 life. If you don't, it enters tapped.
Land: Ai(2)-mm-nekusar-discard played Steam Vents (167)
Phase: Ai(2)-mm-nekusar-discard's Beginning of Combat Step
Phase: Ai(2)-mm-nekusar-discard's Declare Attackers Step
Phase: Ai(2)-mm-nekusar-discard's Declare Blockers Step
Phase: Ai(2)-mm-nekusar-discard's First Strike Damage Step
Phase: Ai(2)-mm-nekusar-discard's Combat Damage Step
Phase: Ai(2)-mm-nekusar-discard's End of Combat Step
Phase: Ai(2)-mm-nekusar-discard's Main phase, postcombat
Mana: Swamp (162) - {T}: Add {B}.
Mana: Command Tower (115) - {T}: Add one mana of any color in your commander's color identity.
Add To Stack: Ai(2)-mm-nekusar-discard cast Liliana's Caress
Resolve Stack: Liliana's Caress
Phase: Ai(2)-mm-nekusar-discard's End step
Phase: Ai(2)-mm-nekusar-discard's Cleanup step
Turn: Turn 10 (Ai(3)-mm-jarad-graveyard)
Phase: Ai(3)-mm-jarad-graveyard's Untap step
Phase: Ai(3)-mm-jarad-graveyard's Upkeep step
Phase: Ai(3)-mm-jarad-graveyard's Draw step
Mana: Forest (228) - {T}: Add {G}.
Mana: Swamp (269) - {T}: Add {B}.
Add To Stack: Ai(3)-mm-jarad-graveyard cast Assassin's Trophy targeting [Giada, Font of Hope (100)]
Zone Change: Giada, Font of Hope (100) was put into Graveyard from Battlefield.
Resolve Stack: Assassin's Trophy (251) - Destroy Giada, Font of Hope (100). (OPTIONAL) Ai(3)-mm-jarad-graveyard searches Ai(1)-mm-giada-angels library for a basic land card, puts it onto the battlefield, then shuffles.
Phase: Ai(3)-mm-jarad-graveyard's Main phase, precombat
Replacement Effect: Bojuka Bog enters tapped.
Land: Ai(3)-mm-jarad-graveyard played Bojuka Bog (253)
Add To Stack: Ai(3)-mm-jarad-graveyard triggered Bojuka Bog targeting [Ai(4)-mm-sythis-enchantress]
Resolve Stack: When Bojuka Bog enters, exile all cards from target player's graveyard. (Targeting: [[Ai(4)-mm-sythis-enchantress]]) [Zone Changer: Bojuka Bog (253)]
Phase: Ai(3)-mm-jarad-graveyard's Beginning of Combat Step
Phase: Ai(3)-mm-jarad-graveyard's Declare Attackers Step
Phase: Ai(3)-mm-jarad-graveyard's Declare Blockers Step
Phase: Ai(3)-mm-jarad-graveyard's First Strike Damage Step
Phase: Ai(3)-mm-jarad-graveyard's Combat Damage Step
Phase: Ai(3)-mm-jarad-graveyard's End of Combat Step
Phase: Ai(3)-mm-jarad-graveyard's Main phase, postcombat
Phase: Ai(3)-mm-jarad-graveyard's End step
Phase: Ai(3)-mm-jarad-graveyard's Cleanup step
Turn: Turn 11 (Ai(4)-mm-sythis-enchantress)
Phase: Ai(4)-mm-sythis-enchantress' Untap step
Phase: Ai(4)-mm-sythis-enchantress' Upkeep step
Phase: Ai(4)-mm-sythis-enchantress' Draw step
Phase: Ai(4)-mm-sythis-enchantress' Main phase, precombat
Land: Ai(4)-mm-sythis-enchantress played Reliquary Tower (375)
Phase: Ai(4)-mm-sythis-enchantress' Beginning of Combat Step
Phase: Ai(4)-mm-sythis-enchantress' Declare Attackers Step
Combat: Ai(4)-mm-sythis-enchantress assigned Alseid of Life's Bounty (350) to attack Ai(2)-mm-nekusar-discard.
Phase: Ai(4)-mm-sythis-enchantress' Declare Blockers Step
Combat: Ai(2)-mm-nekusar-discard didn't block Alseid of Life's Bounty (350).
Phase: Ai(4)-mm-sythis-enchantress' First Strike Damage Step
Phase: Ai(4)-mm-sythis-enchantress' Combat Damage Step
Damage: Alseid of Life's Bounty (350) deals 1 combat damage to Ai(2)-mm-nekusar-discard.
Life: Life: Ai(4)-mm-sythis-enchantress 41 > 42
Life: Life: Ai(2)-mm-nekusar-discard 39 > 38
Phase: Ai(4)-mm-sythis-enchantress' End of Combat Step
Phase: Ai(4)-mm-sythis-enchantress' Main phase, postcombat
Mana: Plains (396) - {T}: Add {W}.
Mana: Reliquary Tower (375) - {T}: Add {C}.
Mana: Hall of Heliod's Generosity (313) - {T}: Add {C}.
Add To Stack: Ai(4)-mm-sythis-enchantress cast Idyllic Tutor
Resolve Stack: Idyllic Tutor (307) - Ai(4)-mm-sythis-enchantress searches their library for an enchantment card, reveals it, puts it into their hand, then shuffles.
Phase: Ai(4)-mm-sythis-enchantress' End step
Phase: Ai(4)-mm-sythis-enchantress' Cleanup step
Turn: Turn 12 (Ai(1)-mm-giada-angels)
Phase: Ai(1)-mm-giada-angels' Untap step
Phase: Ai(1)-mm-giada-angels' Upkeep step
Phase: Ai(1)-mm-giada-angels' Draw step
Phase: Ai(1)-mm-giada-angels' Main phase, precombat
Replacement Effect: Myriad Landscape enters tapped.
Land: Ai(1)-mm-giada-angels played Myriad Landscape (62)
Phase: Ai(1)-mm-giada-angels' Beginning of Combat Step
Phase: Ai(1)-mm-giada-angels' Declare Attackers Step
Phase: Ai(1)-mm-giada-angels' Declare Blockers Step
Phase: Ai(1)-mm-giada-angels' First Strike Damage Step
Phase: Ai(1)-mm-giada-angels' Combat Damage Step
Phase: Ai(1)-mm-giada-angels' End of Combat Step
Phase: Ai(1)-mm-giada-angels' Main phase, postcombat
Mana: Plains (86) - {T}: Add {W}.
Mana: Plains (81) - {T}: Add {W}.
Mana: Cavern of Souls (56) - {T}: Add {C}.
Add To Stack: Ai(1)-mm-giada-angels cast Urza's Incubator
Replacement Effect: As Urza's Incubator enters, choose a creature type.
Resolve Stack: Urza's Incubator
Phase: Ai(1)-mm-giada-angels' End step
Phase: Ai(1)-mm-giada-angels' Cleanup step
Turn: Turn 13 (Ai(2)-mm-nekusar-discard)
Phase: Ai(2)-mm-nekusar-discard's Untap step
Phase: Ai(2)-mm-nekusar-discard's Upkeep step
Phase: Ai(2)-mm-nekusar-discard's Draw step
Phase: Ai(2)-mm-nekusar-discard's Main phase, precombat
Replacement Effect: Luxury Suite enters tapped unless you have two or more opponents.
Land: Ai(2)-mm-nekusar-discard played Luxury Suite (143)
Phase: Ai(2)-mm-nekusar-discard's Beginning of Combat Step
Phase: Ai(2)-mm-nekusar-discard's Declare Attackers Step
Phase: Ai(2)-mm-nekusar-discard's Declare Blockers Step
Phase: Ai(2)-mm-nekusar-discard's First Strike Damage Step
Phase: Ai(2)-mm-nekusar-discard's Combat Damage Step
Phase: Ai(2)-mm-nekusar-discard's End of Combat Step
Phase: Ai(2)-mm-nekusar-discard's Main phase, postcombat
Mana: Steam Vents (167) - {T}: Add {U}.
Mana: Luxury Suite (143) - {T}: Add {B} or {R}.
Mana: Swamp (162) - {T}: Add {B}.
Mana: Command Tower (115) - {T}: Add one mana of any color in your commander's color identity.
Mana: Talisman of Dominance (102) - {T}: Add {C}.
Add To Stack: Ai(2)-mm-nekusar-discard cast Nekusar, the Mindrazer
Resolve Stack: Nekusar, the Mindrazer - Creature 2 / 4
Phase: Ai(2)-mm-nekusar-discard's End step
Phase: Ai(2)-mm-nekusar-discard's Cleanup step
Turn: Turn 14 (Ai(3)-mm-jarad-graveyard)
Phase: Ai(3)-mm-jarad-graveyard's Untap step
Phase: Ai(3)-mm-jarad-graveyard's Upkeep step
Phase: Ai(3)-mm-jarad-graveyard's Draw step
Add To Stack: Ai(2)-mm-nekusar-discard triggered Nekusar, the Mindrazer
Add To Stack: Ai(2)-mm-nekusar-discard triggered Nekusar, the Mindrazer
Resolve Stack: At the beginning of each player's draw step, that player draws an additional card. [Phase: Ai(3)-mm-jarad-graveyard]
Add To Stack: Ai(2)-mm-nekusar-discard triggered Nekusar, the Mindrazer
Damage: Nekusar, the Mindrazer (201) deals 1 non-combat damage to Ai(3)-mm-jarad-graveyard.
Life: Life: Ai(3)-mm-jarad-graveyard 40 > 39
Resolve Stack: Whenever an opponent draws a card, Nekusar, the Mindrazer deals 1 damage to that player. [Player: Ai(3)-mm-jarad-graveyard]
Damage: Nekusar, the Mindrazer (201) deals 1 non-combat damage to Ai(3)-mm-jarad-graveyard.
Life: Life: Ai(3)-mm-jarad-graveyard 39 > 38
Resolve Stack: Whenever an opponent draws a card, Nekusar, the Mindrazer deals 1 damage to that player. [Player: Ai(3)-mm-jarad-graveyard]
Phase: Ai(3)-mm-jarad-graveyard's Main phase, precombat
Land: Ai(3)-mm-jarad-graveyard played Swamp (263)
Mana: Forest (228) - {T}: Add {G}.
Mana: Swamp (269) - {T}: Add {B}.
Add To Stack: Ai(3)-mm-jarad-graveyard cast Rampant Growth
Resolve Stack: Rampant Growth (289) - Search your library for a basic land card, put that card onto the battlefield tapped, then shuffle.
Phase: Ai(3)-mm-jarad-graveyard's Beginning of Combat Step
Phase: Ai(3)-mm-jarad-graveyard's Declare Attackers Step
Phase: Ai(3)-mm-jarad-graveyard's Declare Blockers Step
Phase: Ai(3)-mm-jarad-graveyard's First Strike Damage Step
Phase: Ai(3)-mm-jarad-graveyard's Combat Damage Step
Phase: Ai(3)-mm-jarad-graveyard's End of Combat Step
Phase: Ai(3)-mm-jarad-graveyard's Main phase, postcombat
Phase: Ai(3)-mm-jarad-graveyard's End step
Phase: Ai(3)-mm-jarad-graveyard's Cleanup step
Turn: Turn 15 (Ai(4)-mm-sythis-enchantress)
Phase: Ai(4)-mm-sythis-enchantress' Untap step
Phase: Ai(4)-mm-sythis-enchantress' Upkeep step
Phase: Ai(4)-mm-sythis-enchantress' Draw step
Add To Stack: Ai(2)-mm-nekusar-discard triggered Nekusar, the Mindrazer
Add To Stack: Ai(2)-mm-nekusar-discard triggered Nekusar, the Mindrazer
Resolve Stack: At the beginning of each player's draw step, that player draws an additional card. [Phase: Ai(4)-mm-sythis-enchantress]
Add To Stack: Ai(2)-mm-nekusar-discard triggered Nekusar, the Mindrazer
Damage: Nekusar, the Mindrazer (201) deals 1 non-combat damage to Ai(4)-mm-sythis-enchantress.
Life: Life: Ai(4)-mm-sythis-enchantress 42 > 41
Resolve Stack: Whenever an opponent draws a card, Nekusar, the Mindrazer deals 1 damage to that player. [Player: Ai(4)-mm-sythis-enchantress]
Damage: Nekusar, the Mindrazer (201) deals 1 non-combat damage to Ai(4)-mm-sythis-enchantress.
Life: Life: Ai(4)-mm-sythis-enchantress 41 > 40
Resolve Stack: Whenever an opponent draws a card, Nekusar, the Mindrazer deals 1 damage to that player. [Player: Ai(4)-mm-sythis-enchantress]
Phase: Ai(4)-mm-sythis-enchantress' Main phase, precombat
Replacement Effect: Overgrown Farmland enters tapped unless you control two or more other lands.
Land: Ai(4)-mm-sythis-enchantress played Overgrown Farmland (336)
Mana: Overgrown Farmland (336) - {T}: Add {G} or {W}.
Add To Stack: Ai(4)-mm-sythis-enchantress cast Rancor targeting [Alseid of Life's Bounty (350)]
Resolve Stack: Rancor (312) -  Attach to Alseid of Life's Bounty (350)
Phase: Ai(4)-mm-sythis-enchantress' Beginning of Combat Step
Phase: Ai(4)-mm-sythis-enchantress' Declare Attackers Step
Phase: Ai(4)-mm-sythis-enchantress' Declare Blockers Step
Phase: Ai(4)-mm-sythis-enchantress' First Strike Damage Step
Phase: Ai(4)-mm-sythis-enchantress' Combat Damage Step
Phase: Ai(4)-mm-sythis-enchantress' End of Combat Step
Phase: Ai(4)-mm-sythis-enchantress' Main phase, postcombat
Mana: Plains (396) - {T}: Add {W}.
Mana: Reliquary Tower (375) - {T}: Add {C}.
Mana: Hall of Heliod's Generosity (313) - {T}: Add {C}.
Add To Stack: Ai(4)-mm-sythis-enchantress cast Heliod, Sun-Crowned
Resolve Stack: Heliod, Sun-Crowned - Creature 5 / 5
Phase: Ai(4)-mm-sythis-enchantress' End step
Phase: Ai(4)-mm-sythis-enchantress' Cleanup step
Turn: Turn 16 (Ai(1)-mm-giada-angels)
Phase: Ai(1)-mm-giada-angels' Untap step
Phase: Ai(1)-mm-giada-angels' Upkeep step
Mana: Plains (86) - {T}: Add {W}.
Mana: Plains (81) - {T}: Add {W}.
Mana: Cavern of Souls (56) - {T}: Add {C}.
Add To Stack: Ai(1)-mm-giada-angels cast Stroke of Midnight targeting [Nekusar, the Mindrazer (201)]
Zone Change: Nekusar, the Mindrazer (201) was put into Graveyard from Battlefield.
Resolve Stack: Stroke of Midnight (65) - Destroy Nekusar, the Mindrazer (201). 
Phase: Ai(1)-mm-giada-angels' Draw step
Phase: Ai(1)-mm-giada-angels' Main phase, precombat
Land: Ai(1)-mm-giada-angels played Plains (87)
Phase: Ai(1)-mm-giada-angels' Beginning of Combat Step
Phase: Ai(1)-mm-giada-angels' Declare Attackers Step
Phase: Ai(1)-mm-giada-angels' Declare Blockers Step
Phase: Ai(1)-mm-giada-angels' First Strike Damage Step
Phase: Ai(1)-mm-giada-angels' Combat Damage Step
Phase: Ai(1)-mm-giada-angels' End of Combat Step
Phase: Ai(1)-mm-giada-angels' Main phase, postcombat
Mana: Plains (87) - {T}: Add {W}.
Mana: Myriad Landscape (62) - {T}: Add {C}.
Add To Stack: Ai(1)-mm-giada-angels cast Giada, Font of Hope
Resolve Stack: Giada, Font of Hope - Creature 2 / 2
Phase: Ai(1)-mm-giada-angels' End step
Phase: Ai(1)-mm-giada-angels' Cleanup step
Turn: Turn 17 (Ai(2)-mm-nekusar-discard)
Phase: Ai(2)-mm-nekusar-discard's Untap step
Phase: Ai(2)-mm-nekusar-discard's Upkeep step
Mana: Steam Vents (167) - {T}: Add {U}.
Mana: Swamp (162) - {T}: Add {B}.
Add To Stack: Ai(2)-mm-nekusar-discard cast Cyclonic Rift targeting [Giada, Font of Hope (100)]
Resolve Stack: Cyclonic Rift (108) - Return Giada, Font of Hope (100) to its owner's hand.
Phase: Ai(2)-mm-nekusar-discard's Draw step
Phase: Ai(2)-mm-nekusar-discard's Main phase, precombat
Land: Ai(2)-mm-nekusar-discard played Geier Reach Sanitarium (111)
Phase: Ai(2)-mm-nekusar-discard's Beginning of Combat Step
Phase: Ai(2)-mm-nekusar-discard's Declare Attackers Step
Phase: Ai(2)-mm-nekusar-discard's Declare Blockers Step
Phase: Ai(2)-mm-nekusar-discard's First Strike Damage Step
Phase: Ai(2)-mm-nekusar-discard's Combat Damage Step
Phase: Ai(2)-mm-nekusar-discard's End of Combat Step
Phase: Ai(2)-mm-nekusar-discard's Main phase, postcombat
Mana: Luxury Suite (143) - {T}: Add {B} or {R}.
Mana: Command Tower (115) - {T}: Add one mana of any color in your commander's color identity.
Add To Stack: Ai(2)-mm-nekusar-discard activated Geier Reach Sanitarium
Discard: Ai(1)-mm-giada-angels discards Avacyn, Angel of Hope (51).
Discard: Ai(2)-mm-nekusar-discard discards Peer into the Abyss (175).
Discard: Ai(3)-mm-jarad-graveyard discards Evolving Wilds (226).
Discard: Ai(4)-mm-sythis-enchantress discards Plains (393).
Resolve Stack: Geier Reach Sanitarium (111) - Ai(2)-mm-nekusar-discard, Ai(3)-mm-jarad-graveyard, Ai(4)-mm-sythis-enchantress and Ai(1)-mm-giada-angels each draw a card. Ai(2)-mm-nekusar-discard, Ai(3)-mm-jarad-graveyard, Ai(4)-mm-sythis-enchantress and Ai(1)-mm-giada-angels discard a card.
Add To Stack: Ai(2)-mm-nekusar-discard triggered Liliana's Caress
Add To Stack: Ai(2)-mm-nekusar-discard triggered Liliana's Caress
Add To Stack: Ai(2)-mm-nekusar-discard triggered Liliana's Caress
Life: Life: Ai(4)-mm-sythis-enchantress 40 > 38
Resolve Stack: Whenever an opponent discards a card, that player loses 2 life. [Discarded: Plains (393), Cause: ]
Life: Life: Ai(3)-mm-jarad-graveyard 38 > 36
Resolve Stack: Whenever an opponent discards a card, that player loses 2 life. [Discarded: Evolving Wilds (226), Cause: ]
Life: Life: Ai(1)-mm-giada-angels 40 > 38
Resolve Stack: Whenever an opponent discards a card, that player loses 2 life. [Discarded: Avacyn, Angel of Hope (51), Cause: ]
Phase: Ai(2)-mm-nekusar-discard's End step
Phase: Ai(2)-mm-nekusar-discard's Cleanup step
Turn: Turn 18 (Ai(3)-mm-jarad-graveyard)
Phase: Ai(3)-mm-jarad-graveyard's Untap step
Phase: Ai(3)-mm-jarad-graveyard's Upkeep step
Phase: Ai(3)-mm-jarad-graveyard's Draw step
Phase: Ai(3)-mm-jarad-graveyard's Main phase, precombat
Land: Ai(3)-mm-jarad-graveyard played Svogthos, the Restless Tomb (214)
Phase: Ai(3)-mm-jarad-graveyard's Beginning of Combat Step
Phase: Ai(3)-mm-jarad-graveyard's Declare Attackers Step
Phase: Ai(3)-mm-jarad-graveyard's Declare Blockers Step
Phase: Ai(3)-mm-jarad-graveyard's First Strike Damage Step
Phase: Ai(3)-mm-jarad-graveyard's Combat Damage Step
Phase: Ai(3)-mm-jarad-graveyard's End of Combat Step
Phase: Ai(3)-mm-jarad-graveyard's Main phase, postcombat
Mana: Forest (228) - {T}: Add {G}.
Mana: Forest (235) - {T}: Add {G}.
Mana: Swamp (269) - {T}: Add {B}.
Mana: Swamp (264) - {T}: Add {B}.
Add To Stack: Ai(3)-mm-jarad-graveyard cast Jarad, Golgari Lich Lord
Resolve Stack: Jarad, Golgari Lich Lord - Creature 2 / 2
Phase: Ai(3)-mm-jarad-graveyard's End step
Phase: Ai(3)-mm-jarad-graveyard's Cleanup step
Turn: Turn 19 (Ai(4)-mm-sythis-enchantress)
Phase: Ai(4)-mm-sythis-enchantress' Untap step
Phase: Ai(4)-mm-sythis-enchantress' Upkeep step
Phase: Ai(4)-mm-sythis-enchantress' Draw step
Phase: Ai(4)-mm-sythis-enchantress' Main phase, precombat
Land: Ai(4)-mm-sythis-enchantress played Forest (341)
Mana: Plains (396) - {T}: Add {W}.
Mana: Overgrown Farmland (336) - {T}: Add {G} or {W}.
Mana: Reliquary Tower (375) - {T}: Add {C}.
Mana: Forest (341) - {T}: Add {G}.
Mana: Hall of Heliod's Generosity (313) - {T}: Add {C}.
Add To Stack: Ai(4)-mm-sythis-enchantress cast Sigil of the Empty Throne
Resolve Stack: Sigil of the Empty Throne
Phase: Ai(4)-mm-sythis-enchantress' Beginning of Combat Step
Phase: Ai(4)-mm-sythis-enchantress' Declare Attackers Step
Phase: Ai(4)-mm-sythis-enchantress' Declare Blockers Step
Phase: Ai(4)-mm-sythis-enchantress' First Strike Damage Step
Phase: Ai(4)-mm-sythis-enchantress' Combat Damage Step
Phase: Ai(4)-mm-sythis-enchantress' End of Combat Step
Phase: Ai(4)-mm-sythis-enchantress' Main phase, postcombat
Phase: Ai(4)-mm-sythis-enchantress' End step
Phase: Ai(4)-mm-sythis-enchantress' Cleanup step
Turn: Turn 20 (Ai(1)-mm-giada-angels)
Phase: Ai(1)-mm-giada-angels' Untap step
Phase: Ai(1)-mm-giada-angels' Upkeep step
Mana: Plains (86) - {T}: Add {W}.
Mana: Plains (81) - {T}: Add {W}.
Mana: Plains (87) - {T}: Add {W}.
Add To Stack: Ai(1)-mm-giada-angels cast Generous Gift targeting [Sigil of the Empty Throne (335)]
Zone Change: Sigil of the Empty Throne (335) was put into Graveyard from Battlefield.
Resolve Stack: Generous Gift (42) - Destroy Sigil of the Empty Throne (335). 
Phase: Ai(1)-mm-giada-angels' Draw step
Phase: Ai(1)-mm-giada-angels' Main phase, precombat
Phase: Ai(1)-mm-giada-angels' Beginning of Combat Step
Phase: Ai(1)-mm-giada-angels' Declare Attackers Step
Phase: Ai(1)-mm-giada-angels' Declare Blockers Step
Phase: Ai(1)-mm-giada-angels' First Strike Damage Step
Phase: Ai(1)-mm-giada-angels' Combat Damage Step
Phase: Ai(1)-mm-giada-angels' End of Combat Step
Phase: Ai(1)-mm-giada-angels' Main phase, postcombat
Replacement Effect: Path of Ancestry enters tapped.
Land: Ai(1)-mm-giada-angels played Path of Ancestry (12)
Mana: Cavern of Souls (56) - {T}: Add one mana of any color. Spend this mana only to cast a creature spell of the chosen type, and that spell can't be countered.
Add To Stack: Ai(1)-mm-giada-angels cast Giada, Font of Hope
Resolve Stack: Giada, Font of Hope - Creature 2 / 2
Phase: Ai(1)-mm-giada-angels' End step
Phase: Ai(1)-mm-giada-angels' Cleanup step
Turn: Turn 21 (Ai(2)-mm-nekusar-discard)
Phase: Ai(2)-mm-nekusar-discard's Untap step
Phase: Ai(2)-mm-nekusar-discard's Upkeep step
Phase: Ai(2)-mm-nekusar-discard's Draw step
Phase: Ai(2)-mm-nekusar-discard's Main phase, precombat
Land: Ai(2)-mm-nekusar-discard played Swamp (160)
Phase: Ai(2)-mm-nekusar-discard's Beginning of Combat Step
Phase: Ai(2)-mm-nekusar-discard's Declare Attackers Step
Phase: Ai(2)-mm-nekusar-discard's Declare Blockers Step
Phase: Ai(2)-mm-nekusar-discard's First Strike Damage Step
Phase: Ai(2)-mm-nekusar-discard's Combat Damage Step
Phase: Ai(2)-mm-nekusar-discard's End of Combat Step
Phase: Ai(2)-mm-nekusar-discard's Main phase, postcombat
Mana: Steam Vents (167) - {T}: Add {U}.
Mana: Luxury Suite (143) - {T}: Add {B} or {R}.
Mana: Swamp (162) - {T}: Add {B}.
Mana: Swamp (160) - {T}: Add {B}.
Mana: Command Tower (115) - {T}: Add one mana of any color in your commander's color identity.
Mana: Geier Reach Sanitarium (111) - {T}: Add {C}.
Mana: Talisman of Dominance (102) - {T}: Add {C}.
Add To Stack: Ai(2)-mm-nekusar-discard cast Nekusar, the Mindrazer
Resolve Stack: Nekusar, the Mindrazer - Creature 2 / 4
Phase: Ai(2)-mm-nekusar-discard's End step
Phase: Ai(2)-mm-nekusar-discard's Cleanup step
Turn: Turn 22 (Ai(3)-mm-jarad-graveyard)
Phase: Ai(3)-mm-jarad-graveyard's Untap step
Phase: Ai(3)-mm-jarad-graveyard's Upkeep step
Phase: Ai(3)-mm-jarad-graveyard's Draw step
Add To Stack: Ai(2)-mm-nekusar-discard triggered Nekusar, the Mindrazer
Add To Stack: Ai(2)-mm-nekusar-discard triggered Nekusar, the Mindrazer
Resolve Stack: At the beginning of each player's draw step, that player draws an additional card. [Phase: Ai(3)-mm-jarad-graveyard]
Add To Stack: Ai(2)-mm-nekusar-discard triggered Nekusar, the Mindrazer
Damage: Nekusar, the Mindrazer (201) deals 1 non-combat damage to Ai(3)-mm-jarad-graveyard.
Life: Life: Ai(3)-mm-jarad-graveyard 36 > 35
Resolve Stack: Whenever an opponent draws a card, Nekusar, the Mindrazer deals 1 damage to that player. [Player: Ai(3)-mm-jarad-graveyard]
Damage: Nekusar, the Mindrazer (201) deals 1 non-combat damage to Ai(3)-mm-jarad-graveyard.
Life: Life: Ai(3)-mm-jarad-graveyard 35 > 34
Resolve Stack: Whenever an opponent draws a card, Nekusar, the Mindrazer deals 1 damage to that player. [Player: Ai(3)-mm-jarad-graveyard]
Phase: Ai(3)-mm-jarad-graveyard's Main phase, precombat
Land: Ai(3)-mm-jarad-graveyard played Swamp (267)
Phase: Ai(3)-mm-jarad-graveyard's Beginning of Combat Step
Phase: Ai(3)-mm-jarad-graveyard's Declare Attackers Step
Phase: Ai(3)-mm-jarad-graveyard's Declare Blockers Step
Phase: Ai(3)-mm-jarad-graveyard's First Strike Damage Step
Phase: Ai(3)-mm-jarad-graveyard's Combat Damage Step
Phase: Ai(3)-mm-jarad-graveyard's End of Combat Step
Phase: Ai(3)-mm-jarad-graveyard's Main phase, postcombat
Mana: Forest (228) - {T}: Add {G}.
Mana: Forest (235) - {T}: Add {G}.
Add To Stack: Ai(3)-mm-jarad-graveyard cast Sakura-Tribe Elder
Resolve Stack: Sakura-Tribe Elder - Creature 1 / 1
Zone Change: Sakura-Tribe Elder (286) was put into Graveyard from Battlefield.
Add To Stack: Ai(3)-mm-jarad-graveyard activated Sakura-Tribe Elder
Resolve Stack: Sakura-Tribe Elder (286) - Ai(3)-mm-jarad-graveyard searches their library for a basic land card, puts it onto the battlefield tapped, then shuffles.
Phase: Ai(3)-mm-jarad-graveyard's End step
Phase: Ai(3)-mm-jarad-graveyard's Cleanup step
Turn: Turn 23 (Ai(4)-mm-sythis-enchantress)
Phase: Ai(4)-mm-sythis-enchantress' Untap step
Phase: Ai(4)-mm-sythis-enchantress' Upkeep step
Phase: Ai(4)-mm-sythis-enchantress' Draw step
Add To Stack: Ai(2)-mm-nekusar-discard triggered Nekusar, the Mindrazer
Add To Stack: Ai(2)-mm-nekusar-discard triggered Nekusar, the Mindrazer
Resolve Stack: At the beginning of each player's draw step, that player draws an additional card. [Phase: Ai(4)-mm-sythis-enchantress]
Add To Stack: Ai(2)-mm-nekusar-discard triggered Nekusar, the Mindrazer
Damage: Nekusar, the Mindrazer (201) deals 1 non-combat damage to Ai(4)-mm-sythis-enchantress.
Life: Life: Ai(4)-mm-sythis-enchantress 38 > 37
Resolve Stack: Whenever an opponent draws a card, Nekusar, the Mindrazer deals 1 damage to that player. [Player: Ai(4)-mm-sythis-enchantress]
Damage: Nekusar, the Mindrazer (201) deals 1 non-combat damage to Ai(4)-mm-sythis-enchantress.
Life: Life: Ai(4)-mm-sythis-enchantress 37 > 36
Resolve Stack: Whenever an opponent draws a card, Nekusar, the Mindrazer deals 1 damage to that player. [Player: Ai(4)-mm-sythis-enchantress]
Phase: Ai(4)-mm-sythis-enchantress' Main phase, precombat
Mana: Plains (396) - {T}: Add {W}.
Mana: Overgrown Farmland (336) - {T}: Add {G} or {W}.
Mana: Reliquary Tower (375) - {T}: Add {C}.
Mana: Forest (341) - {T}: Add {G}.
Add To Stack: Ai(4)-mm-sythis-enchantress cast Ajani's Chosen
Resolve Stack: Ajani's Chosen - Creature 3 / 3
Phase: Ai(4)-mm-sythis-enchantress' Beginning of Combat Step
Phase: Ai(4)-mm-sythis-enchantress' Declare Attackers Step
Phase: Ai(4)-mm-sythis-enchantress' Declare Blockers Step
Phase: Ai(4)-mm-sythis-enchantress' First Strike Damage Step
Phase: Ai(4)-mm-sythis-enchantress' Combat Damage Step
Phase: Ai(4)-mm-sythis-enchantress' End of Combat Step
Phase: Ai(4)-mm-sythis-enchantress' Main phase, postcombat
Phase: Ai(4)-mm-sythis-enchantress' End step
Phase: Ai(4)-mm-sythis-enchantress' Cleanup step
Turn: Turn 24 (Ai(1)-mm-giada-angels)
Phase: Ai(1)-mm-giada-angels' Untap step
Phase: Ai(1)-mm-giada-angels' Upkeep step
Mana: Plains (86) - {T}: Add {W}.
Mana: Plains (81) - {T}: Add {W}.
Zone Change: Myriad Landscape (62) was put into Graveyard from Battlefield.
Add To Stack: Ai(1)-mm-giada-angels activated Myriad Landscape
Resolve Stack: Myriad Landscape (62) - Ai(1)-mm-giada-angels searches their library for  up to two basic land cards, puts them onto the battlefield tapped, then shuffles.
Phase: Ai(1)-mm-giada-angels' Draw step
Add To Stack: Ai(2)-mm-nekusar-discard triggered Nekusar, the Mindrazer
Add To Stack: Ai(2)-mm-nekusar-discard triggered Nekusar, the Mindrazer
Resolve Stack: At the beginning of each player's draw step, that player draws an additional card. [Phase: Ai(1)-mm-giada-angels]
Add To Stack: Ai(2)-mm-nekusar-discard triggered Nekusar, the Mindrazer
Damage: Nekusar, the Mindrazer (201) deals 1 non-combat damage to Ai(1)-mm-giada-angels.
Life: Life: Ai(1)-mm-giada-angels 38 > 37
Resolve Stack: Whenever an opponent draws a card, Nekusar, the Mindrazer deals 1 damage to that player. [Player: Ai(1)-mm-giada-angels]
Damage: Nekusar, the Mindrazer (201) deals 1 non-combat damage to Ai(1)-mm-giada-angels.
Life: Life: Ai(1)-mm-giada-angels 37 > 36
Resolve Stack: Whenever an opponent draws a card, Nekusar, the Mindrazer deals 1 damage to that player. [Player: Ai(1)-mm-giada-angels]
Phase: Ai(1)-mm-giada-angels' Main phase, precombat
Land: Ai(1)-mm-giada-angels played War Room (38)
Mana: Plains (87) - {T}: Add {W}.
Mana: Path of Ancestry (12) - {T}: Add one mana of any color in your commander's color identity. When that mana is spent to cast a creature spell that shares a creature type with your commander, scry 1. (Look at the top card of your library. You may put that card on the bottom.)
Mana: Cavern of Souls (56) - {T}: Add one mana of any color. Spend this mana only to cast a creature spell of the chosen type, and that spell can't be countered.
Mana: War Room (38) - {T}: Add {C}.
Mana: Giada, Font of Hope (100) - {T}: Add {W}. Spend this mana only to cast an Angel spell.
Add To Stack: Ai(1)-mm-giada-angels cast Serra's Emissary
Add To Stack: Ai(1)-mm-giada-angels triggered Path of Ancestry
Resolve Stack: Ai(1)-mm-giada-angels scried 1 card(s) to the top of the library
Resolve Stack: When mana produced by Path of Ancestry is spent to cast a creature spell that shares a creature type with your commander, scry 1. ([Serra's Emissary - Creature 7 / 7]) [Card: Serra's Emissary (61), Activator: Ai(1)-mm-giada-angels, SpellAbility: Serra's Emissary - Creature 7 / 7]
Replacement Effect: Each other Angel you control enters with an additional +1/+1 counter on it for each Angel you already control.
Replacement Effect: As Serra's Emissary enters, choose a card type.
Resolve Stack: Serra's Emissary - Creature 7 / 7
Phase: Ai(1)-mm-giada-angels' Beginning of Combat Step
Phase: Ai(1)-mm-giada-angels' Declare Attackers Step
Phase: Ai(1)-mm-giada-angels' Declare Blockers Step
Phase: Ai(1)-mm-giada-angels' First Strike Damage Step
Phase: Ai(1)-mm-giada-angels' Combat Damage Step
Phase: Ai(1)-mm-giada-angels' End of Combat Step
Phase: Ai(1)-mm-giada-angels' Main phase, postcombat
Phase: Ai(1)-mm-giada-angels' End step
Phase: Ai(1)-mm-giada-angels' Cleanup step
Turn: Turn 25 (Ai(2)-mm-nekusar-discard)
Phase: Ai(2)-mm-nekusar-discard's Untap step
Phase: Ai(2)-mm-nekusar-discard's Upkeep step
Phase: Ai(2)-mm-nekusar-discard's Draw step
Add To Stack: Ai(2)-mm-nekusar-discard triggered Nekusar, the Mindrazer
Resolve Stack: At the beginning of each player's draw step, that player draws an additional card. [Phase: Ai(2)-mm-nekusar-discard]
Phase: Ai(2)-mm-nekusar-discard's Main phase, precombat
Land: Ai(2)-mm-nekusar-discard played Mountain (186)
Phase: Ai(2)-mm-nekusar-discard's Beginning of Combat Step
Phase: Ai(2)-mm-nekusar-discard's Declare Attackers Step
Phase: Ai(2)-mm-nekusar-discard's Declare Blockers Step
Phase: Ai(2)-mm-nekusar-discard's First Strike Damage Step
Phase: Ai(2)-mm-nekusar-discard's Combat Damage Step
Phase: Ai(2)-mm-nekusar-discard's End of Combat Step
Phase: Ai(2)-mm-nekusar-discard's Main phase, postcombat
Mana: Swamp (162) - {T}: Add {B}.
Mana: Swamp (160) - {T}: Add {B}.
Mana: Mountain (186) - {T}: Add {R}.
Mana: Luxury Suite (143) - {T}: Add {B} or {R}.
Mana: Steam Vents (167) - {T}: Add {R}.
Add To Stack: Ai(2)-mm-nekusar-discard cast Ob Nixilis, the Hate-Twisted
Replacement Effect: Ob Nixilis, the Hate-Twisted enters with five loyalty counters on it.
Resolve Stack: Ob Nixilis, the Hate-Twisted
Add To Stack: Ai(2)-mm-nekusar-discard activated Ob Nixilis, the Hate-Twisted targeting [Serra's Emissary (61)]
Zone Change: Serra's Emissary (61) was put into Graveyard from Battlefield.
Resolve Stack: Ob Nixilis, the Hate-Twisted (135) - Destroy Serra's Emissary (61). Ai(1)-mm-giada-angels draws two cards.
Add To Stack: Ai(2)-mm-nekusar-discard triggered Nekusar, the Mindrazer
Add To Stack: Ai(2)-mm-nekusar-discard triggered Ob Nixilis, the Hate-Twisted
Add To Stack: Ai(2)-mm-nekusar-discard triggered Nekusar, the Mindrazer
Add To Stack: Ai(2)-mm-nekusar-discard triggered Ob Nixilis, the Hate-Twisted
Damage: Ob Nixilis, the Hate-Twisted (135) deals 1 non-combat damage to Ai(1)-mm-giada-angels.
Life: Life: Ai(1)-mm-giada-angels 36 > 35
Resolve Stack: Whenever an opponent draws a card, Ob Nixilis, the Hate-Twisted deals 1 damage to that player. [Player: Ai(1)-mm-giada-angels]
Damage: Nekusar, the Mindrazer (201) deals 1 non-combat damage to Ai(1)-mm-giada-angels.
Life: Life: Ai(1)-mm-giada-angels 35 > 34
Resolve Stack: Whenever an opponent draws a card, Nekusar, the Mindrazer deals 1 damage to that player. [Player: Ai(1)-mm-giada-angels]
Damage: Ob Nixilis, the Hate-Twisted (135) deals 1 non-combat damage to Ai(1)-mm-giada-angels.
Life: Life: Ai(1)-mm-giada-angels 34 > 33
Resolve Stack: Whenever an opponent draws a card, Ob Nixilis, the Hate-Twisted deals 1 damage to that player. [Player: Ai(1)-mm-giada-angels]
Damage: Nekusar, the Mindrazer (201) deals 1 non-combat damage to Ai(1)-mm-giada-angels.
Life: Life: Ai(1)-mm-giada-angels 33 > 32
Resolve Stack: Whenever an opponent draws a card, Nekusar, the Mindrazer deals 1 damage to that player. [Player: Ai(1)-mm-giada-angels]
Mana: Command Tower (115) - {T}: Add one mana of any color in your commander's color identity.
Mana: Geier Reach Sanitarium (111) - {T}: Add {C}.
Mana: Talisman of Dominance (102) - {T}: Add {C}.
Add To Stack: Ai(2)-mm-nekusar-discard cast Scrawling Crawler
Resolve Stack: Scrawling Crawler - Creature 3 / 2
Phase: Ai(2)-mm-nekusar-discard's End step
Phase: Ai(2)-mm-nekusar-discard's Cleanup step
Turn: Turn 26 (Ai(3)-mm-jarad-graveyard)
Phase: Ai(3)-mm-jarad-graveyard's Untap step
Phase: Ai(3)-mm-jarad-graveyard's Upkeep step
Phase: Ai(3)-mm-jarad-graveyard's Draw step
Add To Stack: Ai(2)-mm-nekusar-discard triggered Nekusar, the Mindrazer
Add To Stack: Ai(2)-mm-nekusar-discard triggered Ob Nixilis, the Hate-Twisted
Add To Stack: Ai(2)-mm-nekusar-discard triggered Scrawling Crawler
Add To Stack: Ai(2)-mm-nekusar-discard triggered Nekusar, the Mindrazer
Resolve Stack: At the beginning of each player's draw step, that player draws an additional card. [Phase: Ai(3)-mm-jarad-graveyard]
Add To Stack: Ai(2)-mm-nekusar-discard triggered Nekusar, the Mindrazer
Add To Stack: Ai(2)-mm-nekusar-discard triggered Ob Nixilis, the Hate-Twisted
Add To Stack: Ai(2)-mm-nekusar-discard triggered Scrawling Crawler
Life: Life: Ai(3)-mm-jarad-graveyard 34 > 33
Resolve Stack: Whenever an opponent draws a card, that player loses 1 life. [Player: Ai(3)-mm-jarad-graveyard]
Damage: Ob Nixilis, the Hate-Twisted (135) deals 1 non-combat damage to Ai(3)-mm-jarad-graveyard.
Life: Life: Ai(3)-mm-jarad-graveyard 33 > 32
Resolve Stack: Whenever an opponent draws a card, Ob Nixilis, the Hate-Twisted deals 1 damage to that player. [Player: Ai(3)-mm-jarad-graveyard]
Damage: Nekusar, the Mindrazer (201) deals 1 non-combat damage to Ai(3)-mm-jarad-graveyard.
Life: Life: Ai(3)-mm-jarad-graveyard 32 > 31
Resolve Stack: Whenever an opponent draws a card, Nekusar, the Mindrazer deals 1 damage to that player. [Player: Ai(3)-mm-jarad-graveyard]
Life: Life: Ai(3)-mm-jarad-graveyard 31 > 30
Resolve Stack: Whenever an opponent draws a card, that player loses 1 life. [Player: Ai(3)-mm-jarad-graveyard]
Damage: Ob Nixilis, the Hate-Twisted (135) deals 1 non-combat damage to Ai(3)-mm-jarad-graveyard.
Life: Life: Ai(3)-mm-jarad-graveyard 30 > 29
Resolve Stack: Whenever an opponent draws a card, Ob Nixilis, the Hate-Twisted deals 1 damage to that player. [Player: Ai(3)-mm-jarad-graveyard]
Damage: Nekusar, the Mindrazer (201) deals 1 non-combat damage to Ai(3)-mm-jarad-graveyard.
Life: Life: Ai(3)-mm-jarad-graveyard 29 > 28
Resolve Stack: Whenever an opponent draws a card, Nekusar, the Mindrazer deals 1 damage to that player. [Player: Ai(3)-mm-jarad-graveyard]
Phase: Ai(3)-mm-jarad-graveyard's Main phase, precombat
Replacement Effect: Undergrowth Stadium enters tapped unless you have two or more opponents.
Land: Ai(3)-mm-jarad-graveyard played Undergrowth Stadium (294)
Phase: Ai(3)-mm-jarad-graveyard's Beginning of Combat Step
Phase: Ai(3)-mm-jarad-graveyard's Declare Attackers Step
Phase: Ai(3)-mm-jarad-graveyard's Declare Blockers Step
Phase: Ai(3)-mm-jarad-graveyard's First Strike Damage Step
Phase: Ai(3)-mm-jarad-graveyard's Combat Damage Step
Phase: Ai(3)-mm-jarad-graveyard's End of Combat Step
Phase: Ai(3)-mm-jarad-graveyard's Main phase, postcombat
Mana: Forest (228) - {T}: Add {G}.
Mana: Forest (235) - {T}: Add {G}.
Mana: Forest (233) - {T}: Add {G}.
Add To Stack: Ai(3)-mm-jarad-graveyard cast Eternal Witness
Resolve Stack: Eternal Witness - Creature 2 / 1
Add To Stack: Ai(3)-mm-jarad-graveyard triggered Eternal Witness targeting [Sakura-Tribe Elder (286)]
Resolve Stack: When Eternal Witness enters, you may return target card from your graveyard to your hand. (Targeting: [[Sakura-Tribe Elder (286)]]) [Zone Changer: Eternal Witness (207)]
Mana: Undergrowth Stadium (294) - {T}: Add {B} or {G}.
Mana: Swamp (269) - {T}: Add {B}.
Add To Stack: Ai(3)-mm-jarad-graveyard cast Sakura-Tribe Elder
Resolve Stack: Sakura-Tribe Elder - Creature 1 / 1
Zone Change: Sakura-Tribe Elder (286) was put into Graveyard from Battlefield.
Add To Stack: Ai(3)-mm-jarad-graveyard activated Sakura-Tribe Elder
Resolve Stack: Sakura-Tribe Elder (286) - Ai(3)-mm-jarad-graveyard searches their library for a basic land card, puts it onto the battlefield tapped, then shuffles.
Phase: Ai(3)-mm-jarad-graveyard's End step
Phase: Ai(3)-mm-jarad-graveyard's Cleanup step
Turn: Turn 27 (Ai(4)-mm-sythis-enchantress)
Phase: Ai(4)-mm-sythis-enchantress' Untap step
Phase: Ai(4)-mm-sythis-enchantress' Upkeep step
Phase: Ai(4)-mm-sythis-enchantress' Draw step
Add To Stack: Ai(2)-mm-nekusar-discard triggered Nekusar, the Mindrazer
Add To Stack: Ai(2)-mm-nekusar-discard triggered Ob Nixilis, the Hate-Twisted
Add To Stack: Ai(2)-mm-nekusar-discard triggered Scrawling Crawler
Add To Stack: Ai(2)-mm-nekusar-discard triggered Nekusar, the Mindrazer
Resolve Stack: At the beginning of each player's draw step, that player draws an additional card. [Phase: Ai(4)-mm-sythis-enchantress]
Add To Stack: Ai(2)-mm-nekusar-discard triggered Nekusar, the Mindrazer
Add To Stack: Ai(2)-mm-nekusar-discard triggered Ob Nixilis, the Hate-Twisted
Add To Stack: Ai(2)-mm-nekusar-discard triggered Scrawling Crawler
Life: Life: Ai(4)-mm-sythis-enchantress 36 > 35
Resolve Stack: Whenever an opponent draws a card, that player loses 1 life. [Player: Ai(4)-mm-sythis-enchantress]
Damage: Ob Nixilis, the Hate-Twisted (135) deals 1 non-combat damage to Ai(4)-mm-sythis-enchantress.
Life: Life: Ai(4)-mm-sythis-enchantress 35 > 34
Resolve Stack: Whenever an opponent draws a card, Ob Nixilis, the Hate-Twisted deals 1 damage to that player. [Player: Ai(4)-mm-sythis-enchantress]
Damage: Nekusar, the Mindrazer (201) deals 1 non-combat damage to Ai(4)-mm-sythis-enchantress.
Life: Life: Ai(4)-mm-sythis-enchantress 34 > 33
Resolve Stack: Whenever an opponent draws a card, Nekusar, the Mindrazer deals 1 damage to that player. [Player: Ai(4)-mm-sythis-enchantress]
Life: Life: Ai(4)-mm-sythis-enchantress 33 > 32
Resolve Stack: Whenever an opponent draws a card, that player loses 1 life. [Player: Ai(4)-mm-sythis-enchantress]
Damage: Ob Nixilis, the Hate-Twisted (135) deals 1 non-combat damage to Ai(4)-mm-sythis-enchantress.
Life: Life: Ai(4)-mm-sythis-enchantress 32 > 31
Resolve Stack: Whenever an opponent draws a card, Ob Nixilis, the Hate-Twisted deals 1 damage to that player. [Player: Ai(4)-mm-sythis-enchantress]
Damage: Nekusar, the Mindrazer (201) deals 1 non-combat damage to Ai(4)-mm-sythis-enchantress.
Life: Life: Ai(4)-mm-sythis-enchantress 31 > 30
Resolve Stack: Whenever an opponent draws a card, Nekusar, the Mindrazer deals 1 damage to that player. [Player: Ai(4)-mm-sythis-enchantress]
Phase: Ai(4)-mm-sythis-enchantress' Main phase, precombat
Mana: Plains (396) - {T}: Add {W}.
Mana: Forest (341) - {T}: Add {G}.
Add To Stack: Ai(4)-mm-sythis-enchantress cast Sythis, Harvest's Hand
Resolve Stack: Sythis, Harvest's Hand - Creature 1 / 2
Add To Stack: Ai(4)-mm-sythis-enchantress triggered Ajani's Chosen
Resolve Stack: Whenever an enchantment you control enters, create a 2/2 white Cat creature token. If that enchantment is an Aura, you may attach it to the token. [Zone Changer: Sythis, Harvest's Hand (403)]
Phase: Ai(4)-mm-sythis-enchantress' Beginning of Combat Step
Phase: Ai(4)-mm-sythis-enchantress' Declare Attackers Step
Combat: Ai(4)-mm-sythis-enchantress assigned Heliod, Sun-Crowned (398) to attack Ob Nixilis, the Hate-Twisted (135).
Phase: Ai(4)-mm-sythis-enchantress' Declare Blockers Step
Combat: Ai(2)-mm-nekusar-discard assigned Human Token (407) to block Heliod, Sun-Crowned (398).
Phase: Ai(4)-mm-sythis-enchantress' First Strike Damage Step
Phase: Ai(4)-mm-sythis-enchantress' Combat Damage Step
Damage: Heliod, Sun-Crowned (398) deals 5 damage to Human Token (407).
Damage: Human Token (407) deals 1 damage to Heliod, Sun-Crowned (398).
Zone Change: Human Token (407) was put into Graveyard from Battlefield.
Phase: Ai(4)-mm-sythis-enchantress' End of Combat Step
Phase: Ai(4)-mm-sythis-enchantress' Main phase, postcombat
Mana: Overgrown Farmland (336) - {T}: Add {G} or {W}.
Mana: Reliquary Tower (375) - {T}: Add {C}.
Add To Stack: Ai(4)-mm-sythis-enchantress cast Composer of Spring
Resolve Stack: Composer of Spring - Creature 1 / 3
Phase: Ai(4)-mm-sythis-enchantress' End step
Phase: Ai(4)-mm-sythis-enchantress' Cleanup step
Turn: Turn 28 (Ai(1)-mm-giada-angels)
Phase: Ai(1)-mm-giada-angels' Untap step
Phase: Ai(1)-mm-giada-angels' Upkeep step
Phase: Ai(1)-mm-giada-angels' Draw step
Add To Stack: Ai(2)-mm-nekusar-discard triggered Nekusar, the Mindrazer
Add To Stack: Ai(2)-mm-nekusar-discard triggered Ob Nixilis, the Hate-Twisted
Add To Stack: Ai(2)-mm-nekusar-discard triggered Scrawling Crawler
Add To Stack: Ai(2)-mm-nekusar-discard triggered Nekusar, the Mindrazer
Resolve Stack: At the beginning of each player's draw step, that player draws an additional card. [Phase: Ai(1)-mm-giada-angels]
Add To Stack: Ai(2)-mm-nekusar-discard triggered Nekusar, the Mindrazer
Add To Stack: Ai(2)-mm-nekusar-discard triggered Ob Nixilis, the Hate-Twisted
Add To Stack: Ai(2)-mm-nekusar-discard triggered Scrawling Crawler
Life: Life: Ai(1)-mm-giada-angels 32 > 31
Resolve Stack: Whenever an opponent draws a card, that player loses 1 life. [Player: Ai(1)-mm-giada-angels]
Damage: Ob Nixilis, the Hate-Twisted (135) deals 1 non-combat damage to Ai(1)-mm-giada-angels.
Life: Life: Ai(1)-mm-giada-angels 31 > 30
Resolve Stack: Whenever an opponent draws a card, Ob Nixilis, the Hate-Twisted deals 1 damage to that player. [Player: Ai(1)-mm-giada-angels]
Damage: Nekusar, the Mindrazer (201) deals 1 non-combat damage to Ai(1)-mm-giada-angels.
Life: Life: Ai(1)-mm-giada-angels 30 > 29
Resolve Stack: Whenever an opponent draws a card, Nekusar, the Mindrazer deals 1 damage to that player. [Player: Ai(1)-mm-giada-angels]
Life: Life: Ai(1)-mm-giada-angels 29 > 28
Resolve Stack: Whenever an opponent draws a card, that player loses 1 life. [Player: Ai(1)-mm-giada-angels]
Damage: Ob Nixilis, the Hate-Twisted (135) deals 1 non-combat damage to Ai(1)-mm-giada-angels.
Life: Life: Ai(1)-mm-giada-angels 28 > 27
Resolve Stack: Whenever an opponent draws a card, Ob Nixilis, the Hate-Twisted deals 1 damage to that player. [Player: Ai(1)-mm-giada-angels]
Damage: Nekusar, the Mindrazer (201) deals 1 non-combat damage to Ai(1)-mm-giada-angels.
Life: Life: Ai(1)-mm-giada-angels 27 > 26
Resolve Stack: Whenever an opponent draws a card, Nekusar, the Mindrazer deals 1 damage to that player. [Player: Ai(1)-mm-giada-angels]
Phase: Ai(1)-mm-giada-angels' Main phase, precombat
Replacement Effect: Minas Tirith enters tapped unless you control a legendary creature.
Land: Ai(1)-mm-giada-angels played Minas Tirith (24)
Mana: Plains (86) - {T}: Add {W}.
Mana: Plains (81) - {T}: Add {W}.
Add To Stack: Ai(1)-mm-giada-angels cast Swiftfoot Boots
Resolve Stack: Swiftfoot Boots
Mana: Plains (87) - {T}: Add {W}.
Mana: Path of Ancestry (12) - {T}: Add one mana of any color in your commander's color identity. When that mana is spent to cast a creature spell that shares a creature type with your commander, scry 1. (Look at the top card of your library. You may put that card on the bottom.)
Add To Stack: Ai(1)-mm-giada-angels cast Angel of Finality
Add To Stack: Ai(1)-mm-giada-angels triggered Path of Ancestry
Resolve Stack: Ai(1)-mm-giada-angels scried 1 card(s) to the top of the library
Resolve Stack: When mana produced by Path of Ancestry is spent to cast a creature spell that shares a creature type with your commander, scry 1. ([Angel of Finality - Creature 3 / 4]) [Card: Angel of Finality (22), Activator: Ai(1)-mm-giada-angels, SpellAbility: Angel of Finality - Creature 3 / 4]
Replacement Effect: Each other Angel you control enters with an additional +1/+1 counter on it for each Angel you already control.
Resolve Stack: Angel of Finality - Creature 3 / 4
Add To Stack: Ai(1)-mm-giada-angels triggered Angel of Finality targeting [Ai(2)-mm-nekusar-discard]
Resolve Stack: When Angel of Finality enters, exile target player's graveyard. (Targeting: [[Ai(2)-mm-nekusar-discard]]) [Zone Changer: Angel of Finality (22)]
Mana: Plains (92) - {T}: Add {W}.
Add To Stack: Ai(1)-mm-giada-angels activated Swiftfoot Boots targeting [Angel of Finality (22)]
Resolve Stack: Swiftfoot Boots (41) -  Attach to Angel of Finality (22)
Mana: Plains (75) - {T}: Add {W}.
Mana: Cavern of Souls (56) - {T}: Add {C}.
Add To Stack: Ai(1)-mm-giada-angels cast Lightning Greaves
Resolve Stack: Lightning Greaves
Add To Stack: Ai(1)-mm-giada-angels activated Lightning Greaves targeting [Giada, Font of Hope (100)]
Resolve Stack: Lightning Greaves (95) -  Attach to Giada, Font of Hope (100)
Phase: Ai(1)-mm-giada-angels' Beginning of Combat Step
Phase: Ai(1)-mm-giada-angels' Declare Attackers Step
Combat: Ai(1)-mm-giada-angels assigned Giada, Font of Hope (100) to attack Ai(2)-mm-nekusar-discard.
Ai(1)-mm-giada-angels assigned Angel of Finality (22) to attack Ob Nixilis, the Hate-Twisted (135).
Phase: Ai(1)-mm-giada-angels' Declare Blockers Step
Combat: Ai(2)-mm-nekusar-discard didn't block Giada, Font of Hope (100).
Ai(2)-mm-nekusar-discard didn't block Angel of Finality (22).
Phase: Ai(1)-mm-giada-angels' First Strike Damage Step
Phase: Ai(1)-mm-giada-angels' Combat Damage Step
Damage: Giada, Font of Hope (100) deals 2 combat damage to Ai(2)-mm-nekusar-discard.
Life: Life: Ai(2)-mm-nekusar-discard 38 > 36
Zone Change: Ob Nixilis, the Hate-Twisted (135) was put into Graveyard from Battlefield.
Phase: Ai(1)-mm-giada-angels' End of Combat Step
Phase: Ai(1)-mm-giada-angels' Main phase, postcombat
Mana: Minas Tirith (24) - {T}: Add {W}.
Mana: War Room (38) - {T}: Add {C}.
Add To Stack: Ai(1)-mm-giada-angels cast Luminarch Ascension
Resolve Stack: Luminarch Ascension
Phase: Ai(1)-mm-giada-angels' End step
Phase: Ai(1)-mm-giada-angels' Cleanup step
Turn: Turn 29 (Ai(2)-mm-nekusar-discard)
Phase: Ai(2)-mm-nekusar-discard's Untap step
Phase: Ai(2)-mm-nekusar-discard's Upkeep step
Add To Stack: Ai(2)-mm-nekusar-discard triggered Scrawling Crawler
Resolve Stack: At the beginning of your upkeep, each player draws a card. [Phase: Ai(2)-mm-nekusar-discard]
Add To Stack: Ai(2)-mm-nekusar-discard triggered Nekusar, the Mindrazer
Add To Stack: Ai(2)-mm-nekusar-discard triggered Scrawling Crawler
Add To Stack: Ai(2)-mm-nekusar-discard triggered Nekusar, the Mindrazer
Add To Stack: Ai(2)-mm-nekusar-discard triggered Scrawling Crawler
Add To Stack: Ai(2)-mm-nekusar-discard triggered Nekusar, the Mindrazer
Add To Stack: Ai(2)-mm-nekusar-discard triggered Scrawling Crawler
Life: Life: Ai(1)-mm-giada-angels 26 > 25
Resolve Stack: Whenever an opponent draws a card, that player loses 1 life. [Player: Ai(1)-mm-giada-angels]
Damage: Nekusar, the Mindrazer (201) deals 1 non-combat damage to Ai(1)-mm-giada-angels.
Life: Life: Ai(1)-mm-giada-angels 25 > 24
Resolve Stack: Whenever an opponent draws a card, Nekusar, the Mindrazer deals 1 damage to that player. [Player: Ai(1)-mm-giada-angels]
Life: Life: Ai(4)-mm-sythis-enchantress 30 > 29
Resolve Stack: Whenever an opponent draws a card, that player loses 1 life. [Player: Ai(4)-mm-sythis-enchantress]
Damage: Nekusar, the Mindrazer (201) deals 1 non-combat damage to Ai(4)-mm-sythis-enchantress.
Life: Life: Ai(4)-mm-sythis-enchantress 29 > 28
Resolve Stack: Whenever an opponent draws a card, Nekusar, the Mindrazer deals 1 damage to that player. [Player: Ai(4)-mm-sythis-enchantress]
Life: Life: Ai(3)-mm-jarad-graveyard 28 > 27
Resolve Stack: Whenever an opponent draws a card, that player loses 1 life. [Player: Ai(3)-mm-jarad-graveyard]
Damage: Nekusar, the Mindrazer (201) deals 1 non-combat damage to Ai(3)-mm-jarad-graveyard.
Life: Life: Ai(3)-mm-jarad-graveyard 27 > 26
Resolve Stack: Whenever an opponent draws a card, Nekusar, the Mindrazer deals 1 damage to that player. [Player: Ai(3)-mm-jarad-graveyard]
Phase: Ai(2)-mm-nekusar-discard's Draw step
Add To Stack: Ai(2)-mm-nekusar-discard triggered Nekusar, the Mindrazer
Resolve Stack: At the beginning of each player's draw step, that player draws an additional card. [Phase: Ai(2)-mm-nekusar-discard]
Phase: Ai(2)-mm-nekusar-discard's Main phase, precombat
Land: Ai(2)-mm-nekusar-discard played Mountain (188)
Phase: Ai(2)-mm-nekusar-discard's Beginning of Combat Step
Phase: Ai(2)-mm-nekusar-discard's Declare Attackers Step
Phase: Ai(2)-mm-nekusar-discard's Declare Blockers Step
Phase: Ai(2)-mm-nekusar-discard's First Strike Damage Step
Phase: Ai(2)-mm-nekusar-discard's Combat Damage Step
Phase: Ai(2)-mm-nekusar-discard's End of Combat Step
Phase: Ai(2)-mm-nekusar-discard's Main phase, postcombat
Mana: Steam Vents (167) - {T}: Add {U}.
Mana: Swamp (162) - {T}: Add {B}.
Mana: Swamp (160) - {T}: Add {B}.
Add To Stack: Ai(2)-mm-nekusar-discard cast Propaganda
Resolve Stack: Propaganda
Mana: Mountain (186) - {T}: Add {R}.
Mana: Mountain (188) - {T}: Add {R}.
Add To Stack: Ai(2)-mm-nekusar-discard activated Geier Reach Sanitarium
Discard: Ai(1)-mm-giada-angels discards Seraph Sanctuary (67).
Discard: Ai(2)-mm-nekusar-discard discards Exotic Orchard (148).
Discard: Ai(3)-mm-jarad-graveyard discards Forest (237).
Discard: Ai(4)-mm-sythis-enchantress discards Arcane Signet (400).
Resolve Stack: Geier Reach Sanitarium (111) - Ai(2)-mm-nekusar-discard, Ai(3)-mm-jarad-graveyard, Ai(4)-mm-sythis-enchantress and Ai(1)-mm-giada-angels each draw a card. Ai(2)-mm-nekusar-discard, Ai(3)-mm-jarad-graveyard, Ai(4)-mm-sythis-enchantress and Ai(1)-mm-giada-angels discard a card.
Add To Stack: Ai(2)-mm-nekusar-discard triggered Nekusar, the Mindrazer
Add To Stack: Ai(2)-mm-nekusar-discard triggered Scrawling Crawler
Add To Stack: Ai(2)-mm-nekusar-discard triggered Nekusar, the Mindrazer
Add To Stack: Ai(2)-mm-nekusar-discard triggered Scrawling Crawler
Add To Stack: Ai(2)-mm-nekusar-discard triggered Nekusar, the Mindrazer
Add To Stack: Ai(2)-mm-nekusar-discard triggered Scrawling Crawler
Add To Stack: Ai(2)-mm-nekusar-discard triggered Liliana's Caress
Add To Stack: Ai(2)-mm-nekusar-discard triggered Liliana's Caress
Add To Stack: Ai(2)-mm-nekusar-discard triggered Liliana's Caress
Life: Life: Ai(4)-mm-sythis-enchantress 28 > 26
Resolve Stack: Whenever an opponent discards a card, that player loses 2 life. [Discarded: Arcane Signet (400), Cause: ]
Life: Life: Ai(3)-mm-jarad-graveyard 26 > 24
Resolve Stack: Whenever an opponent discards a card, that player loses 2 life. [Discarded: Forest (237), Cause: ]
Life: Life: Ai(1)-mm-giada-angels 24 > 22
Resolve Stack: Whenever an opponent discards a card, that player loses 2 life. [Discarded: Seraph Sanctuary (67), Cause: ]
Life: Life: Ai(1)-mm-giada-angels 22 > 21
Resolve Stack: Whenever an opponent draws a card, that player loses 1 life. [Player: Ai(1)-mm-giada-angels]
Damage: Nekusar, the Mindrazer (201) deals 1 non-combat damage to Ai(1)-mm-giada-angels.
Life: Life: Ai(1)-mm-giada-angels 21 > 20
Resolve Stack: Whenever an opponent draws a card, Nekusar, the Mindrazer deals 1 damage to that player. [Player: Ai(1)-mm-giada-angels]
Life: Life: Ai(4)-mm-sythis-enchantress 26 > 25
Resolve Stack: Whenever an opponent draws a card, that player loses 1 life. [Player: Ai(4)-mm-sythis-enchantress]
Damage: Nekusar, the Mindrazer (201) deals 1 non-combat damage to Ai(4)-mm-sythis-enchantress.
Life: Life: Ai(4)-mm-sythis-enchantress 25 > 24
Resolve Stack: Whenever an opponent draws a card, Nekusar, the Mindrazer deals 1 damage to that player. [Player: Ai(4)-mm-sythis-enchantress]
Life: Life: Ai(3)-mm-jarad-graveyard 24 > 23
Resolve Stack: Whenever an opponent draws a card, that player loses 1 life. [Player: Ai(3)-mm-jarad-graveyard]
Damage: Nekusar, the Mindrazer (201) deals 1 non-combat damage to Ai(3)-mm-jarad-graveyard.
Life: Life: Ai(3)-mm-jarad-graveyard 23 > 22
Resolve Stack: Whenever an opponent draws a card, Nekusar, the Mindrazer deals 1 damage to that player. [Player: Ai(3)-mm-jarad-graveyard]
Mana: Luxury Suite (143) - {T}: Add {B} or {R}.
Mana: Command Tower (115) - {T}: Add one mana of any color in your commander's color identity.
Add To Stack: Ai(2)-mm-nekusar-discard cast Harmonic Prodigy
Resolve Stack: Harmonic Prodigy - Creature 1 / 3
Phase: Ai(2)-mm-nekusar-discard's End step
Phase: Ai(2)-mm-nekusar-discard's Cleanup step
Turn: Turn 30 (Ai(3)-mm-jarad-graveyard)
Phase: Ai(3)-mm-jarad-graveyard's Untap step
Phase: Ai(3)-mm-jarad-graveyard's Upkeep step
Phase: Ai(3)-mm-jarad-graveyard's Draw step
Add To Stack: Ai(2)-mm-nekusar-discard triggered Nekusar, the Mindrazer
Add To Stack: Ai(2)-mm-nekusar-discard triggered Nekusar, the Mindrazer
Add To Stack: Ai(2)-mm-nekusar-discard triggered Scrawling Crawler
Add To Stack: Ai(2)-mm-nekusar-discard triggered Nekusar, the Mindrazer
Add To Stack: Ai(2)-mm-nekusar-discard triggered Nekusar, the Mindrazer
Resolve Stack: At the beginning of each player's draw step, that player draws an additional card. [Phase: Ai(3)-mm-jarad-graveyard]
Add To Stack: Ai(2)-mm-nekusar-discard triggered Nekusar, the Mindrazer
Add To Stack: Ai(2)-mm-nekusar-discard triggered Nekusar, the Mindrazer
Add To Stack: Ai(2)-mm-nekusar-discard triggered Scrawling Crawler
Life: Life: Ai(3)-mm-jarad-graveyard 22 > 21
Resolve Stack: Whenever an opponent draws a card, that player loses 1 life. [Player: Ai(3)-mm-jarad-graveyard]
Damage: Nekusar, the Mindrazer (201) deals 1 non-combat damage to Ai(3)-mm-jarad-graveyard.
Life: Life: Ai(3)-mm-jarad-graveyard 21 > 20
Resolve Stack: Whenever an opponent draws a card, Nekusar, the Mindrazer deals 1 damage to that player. [Player: Ai(3)-mm-jarad-graveyard]
Damage: Nekusar, the Mindrazer (201) deals 1 non-combat damage to Ai(3)-mm-jarad-graveyard.
Life: Life: Ai(3)-mm-jarad-graveyard 20 > 19
Resolve Stack: Whenever an opponent draws a card, Nekusar, the Mindrazer deals 1 damage to that player. [Player: Ai(3)-mm-jarad-graveyard]
Resolve Stack: At the beginning of each player's draw step, that player draws an additional card. [Phase: Ai(3)-mm-jarad-graveyard]
Add To Stack: Ai(2)-mm-nekusar-discard triggered Nekusar, the Mindrazer
Add To Stack: Ai(2)-mm-nekusar-discard triggered Nekusar, the Mindrazer
Add To Stack: Ai(2)-mm-nekusar-discard triggered Scrawling Crawler
Life: Life: Ai(3)-mm-jarad-graveyard 19 > 18
Resolve Stack: Whenever an opponent draws a card, that player loses 1 life. [Player: Ai(3)-mm-jarad-graveyard]
Damage: Nekusar, the Mindrazer (201) deals 1 non-combat damage to Ai(3)-mm-jarad-graveyard.
Life: Life: Ai(3)-mm-jarad-graveyard 18 > 17
Resolve Stack: Whenever an opponent draws a card, Nekusar, the Mindrazer deals 1 damage to that player. [Player: Ai(3)-mm-jarad-graveyard]
Damage: Nekusar, the Mindrazer (201) deals 1 non-combat damage to Ai(3)-mm-jarad-graveyard.
Life: Life: Ai(3)-mm-jarad-graveyard 17 > 16
Resolve Stack: Whenever an opponent draws a card, Nekusar, the Mindrazer deals 1 damage to that player. [Player: Ai(3)-mm-jarad-graveyard]
Life: Life: Ai(3)-mm-jarad-graveyard 16 > 15
Resolve Stack: Whenever an opponent draws a card, that player loses 1 life. [Player: Ai(3)-mm-jarad-graveyard]
Damage: Nekusar, the Mindrazer (201) deals 1 non-combat damage to Ai(3)-mm-jarad-graveyard.
Life: Life: Ai(3)-mm-jarad-graveyard 15 > 14
Resolve Stack: Whenever an opponent draws a card, Nekusar, the Mindrazer deals 1 damage to that player. [Player: Ai(3)-mm-jarad-graveyard]
Damage: Nekusar, the Mindrazer (201) deals 1 non-combat damage to Ai(3)-mm-jarad-graveyard.
Life: Life: Ai(3)-mm-jarad-graveyard 14 > 13
Resolve Stack: Whenever an opponent draws a card, Nekusar, the Mindrazer deals 1 damage to that player. [Player: Ai(3)-mm-jarad-graveyard]
Phase: Ai(3)-mm-jarad-graveyard's Main phase, precombat
Replacement Effect: As Necroblossom Snarl enters, you may reveal a Swamp or Forest card from your hand. If you don't, Necroblossom Snarl enters tapped.
Land: Ai(3)-mm-jarad-graveyard played Necroblossom Snarl (271)
Phase: Ai(3)-mm-jarad-graveyard's Beginning of Combat Step
Phase: Ai(3)-mm-jarad-graveyard's Declare Attackers Step
Phase: Ai(3)-mm-jarad-graveyard's Declare Blockers Step
Phase: Ai(3)-mm-jarad-graveyard's First Strike Damage Step
Phase: Ai(3)-mm-jarad-graveyard's Combat Damage Step
Phase: Ai(3)-mm-jarad-graveyard's End of Combat Step
Phase: Ai(3)-mm-jarad-graveyard's Main phase, postcombat
Mana: Swamp (269) - {T}: Add {B}.
Mana: Forest (228) - {T}: Add {G}.
Mana: Forest (235) - {T}: Add {G}.
Add To Stack: Ai(3)-mm-jarad-graveyard cast Stinkweed Imp
Resolve Stack: Stinkweed Imp - Creature 1 / 2
Mana: Forest (233) - {T}: Add {G}.
Mana: Forest (230) - {T}: Add {G}.
Mana: Swamp (264) - {T}: Add {B}.
Add To Stack: Ai(3)-mm-jarad-graveyard cast Splinterfright
Resolve Stack: Splinterfright - Creature * / *
Mana: Undergrowth Stadium (294) - {T}: Add {B} or {G}.
Mana: Bojuka Bog (253) - {T}: Add {B}.
Add To Stack: Ai(3)-mm-jarad-graveyard cast Life from the Loam targeting [Forest (237), Evolving Wilds (226)]
Resolve Stack: Life from the Loam (245) - Return Forest (237) and Evolving Wilds (226) from the graveyard to their owner's hand.
Mana: Swamp (263) - {T}: Add {B}.
Add To Stack: Ai(3)-mm-jarad-graveyard cast Stitcher's Supplier
Resolve Stack: Stitcher's Supplier - Creature 1 / 1
Add To Stack: Ai(3)-mm-jarad-graveyard triggered Stitcher's Supplier
Zone Change: Ai(3)-mm-jarad-graveyard milled Elves of Deep Shadow (296), Forest (234) and Dread Return (278).
Resolve Stack: When Stitcher's Supplier enters or dies, mill three cards. [Zone Changer: Stitcher's Supplier (287)]
Phase: Ai(3)-mm-jarad-graveyard's End step
Add To Stack: Ai(1)-mm-giada-angels triggered Luminarch Ascension
Resolve Stack: At the beginning of each opponent's end step, if you didn't lose life this turn, you may put a quest counter on Luminarch Ascension. (Damage causes loss of life.) [Phase: Ai(3)-mm-jarad-graveyard]
Phase: Ai(3)-mm-jarad-graveyard's Cleanup step
Turn: Turn 31 (Ai(4)-mm-sythis-enchantress)
Phase: Ai(4)-mm-sythis-enchantress' Untap step
Phase: Ai(4)-mm-sythis-enchantress' Upkeep step
Phase: Ai(4)-mm-sythis-enchantress' Draw step
Add To Stack: Ai(2)-mm-nekusar-discard triggered Nekusar, the Mindrazer
Add To Stack: Ai(2)-mm-nekusar-discard triggered Nekusar, the Mindrazer
Add To Stack: Ai(2)-mm-nekusar-discard triggered Scrawling Crawler
Add To Stack: Ai(2)-mm-nekusar-discard triggered Nekusar, the Mindrazer
Add To Stack: Ai(2)-mm-nekusar-discard triggered Nekusar, the Mindrazer
Resolve Stack: At the beginning of each player's draw step, that player draws an additional card. [Phase: Ai(4)-mm-sythis-enchantress]
Add To Stack: Ai(2)-mm-nekusar-discard triggered Nekusar, the Mindrazer
Add To Stack: Ai(2)-mm-nekusar-discard triggered Nekusar, the Mindrazer
Add To Stack: Ai(2)-mm-nekusar-discard triggered Scrawling Crawler
Life: Life: Ai(4)-mm-sythis-enchantress 24 > 23
Resolve Stack: Whenever an opponent draws a card, that player loses 1 life. [Player: Ai(4)-mm-sythis-enchantress]
Damage: Nekusar, the Mindrazer (201) deals 1 non-combat damage to Ai(4)-mm-sythis-enchantress.
Life: Life: Ai(4)-mm-sythis-enchantress 23 > 22
Resolve Stack: Whenever an opponent draws a card, Nekusar, the Mindrazer deals 1 damage to that player. [Player: Ai(4)-mm-sythis-enchantress]
Damage: Nekusar, the Mindrazer (201) deals 1 non-combat damage to Ai(4)-mm-sythis-enchantress.
Life: Life: Ai(4)-mm-sythis-enchantress 22 > 21
Resolve Stack: Whenever an opponent draws a card, Nekusar, the Mindrazer deals 1 damage to that player. [Player: Ai(4)-mm-sythis-enchantress]
Resolve Stack: At the beginning of each player's draw step, that player draws an additional card. [Phase: Ai(4)-mm-sythis-enchantress]
Add To Stack: Ai(2)-mm-nekusar-discard triggered Nekusar, the Mindrazer
Add To Stack: Ai(2)-mm-nekusar-discard triggered Nekusar, the Mindrazer
Add To Stack: Ai(2)-mm-nekusar-discard triggered Scrawling Crawler
Life: Life: Ai(4)-mm-sythis-enchantress 21 > 20
Resolve Stack: Whenever an opponent draws a card, that player loses 1 life. [Player: Ai(4)-mm-sythis-enchantress]
Damage: Nekusar, the Mindrazer (201) deals 1 non-combat damage to Ai(4)-mm-sythis-enchantress.
Life: Life: Ai(4)-mm-sythis-enchantress 20 > 19
Resolve Stack: Whenever an opponent draws a card, Nekusar, the Mindrazer deals 1 damage to that player. [Player: Ai(4)-mm-sythis-enchantress]
Damage: Nekusar, the Mindrazer (201) deals 1 non-combat damage to Ai(4)-mm-sythis-enchantress.
Life: Life: Ai(4)-mm-sythis-enchantress 19 > 18
Resolve Stack: Whenever an opponent draws a card, Nekusar, the Mindrazer deals 1 damage to that player. [Player: Ai(4)-mm-sythis-enchantress]
Life: Life: Ai(4)-mm-sythis-enchantress 18 > 17
Resolve Stack: Whenever an opponent draws a card, that player loses 1 life. [Player: Ai(4)-mm-sythis-enchantress]
Damage: Nekusar, the Mindrazer (201) deals 1 non-combat damage to Ai(4)-mm-sythis-enchantress.
Life: Life: Ai(4)-mm-sythis-enchantress 17 > 16
Resolve Stack: Whenever an opponent draws a card, Nekusar, the Mindrazer deals 1 damage to that player. [Player: Ai(4)-mm-sythis-enchantress]
Damage: Nekusar, the Mindrazer (201) deals 1 non-combat damage to Ai(4)-mm-sythis-enchantress.
Life: Life: Ai(4)-mm-sythis-enchantress 16 > 15
Resolve Stack: Whenever an opponent draws a card, Nekusar, the Mindrazer deals 1 damage to that player. [Player: Ai(4)-mm-sythis-enchantress]
Phase: Ai(4)-mm-sythis-enchantress' Main phase, precombat
Land: Ai(4)-mm-sythis-enchantress played Plains (388)
Mana: Plains (396) - {T}: Add {W}.
Mana: Plains (388) - {T}: Add {W}.
Mana: Reliquary Tower (375) - {T}: Add {C}.
Mana: Forest (341) - {T}: Add {G}.
Mana: Overgrown Farmland (336) - {T}: Add {G} or {W}.
Mana: Hall of Heliod's Generosity (313) - {T}: Add {C}.
Add To Stack: Ai(4)-mm-sythis-enchantress cast Austere Command
Zone Change: Urza's Incubator (63) was put into Graveyard from Battlefield.
Zone Change: Swiftfoot Boots (41) was put into Graveyard from Battlefield.
Zone Change: Lightning Greaves (95) was put into Graveyard from Battlefield.
Zone Change: Talisman of Dominance (102) was put into Graveyard from Battlefield.
Zone Change: Scrawling Crawler (200) was put into Graveyard from Battlefield.
Zone Change: Ajani's Chosen (364) was put into Graveyard from Battlefield.
Zone Change: Angel of Finality (22) was put into Graveyard from Battlefield.
Zone Change: Nekusar, the Mindrazer (201) was put into Graveyard from Battlefield.
Zone Change: Jarad, Golgari Lich Lord (302) was put into Graveyard from Battlefield.
Resolve Stack: Austere Command (355) -  Destroy all artifacts. Destroy all creatures with mana value 4 or greater.
Phase: Ai(4)-mm-sythis-enchantress' Beginning of Combat Step
Phase: Ai(4)-mm-sythis-enchantress' Declare Attackers Step
Combat: Ai(4)-mm-sythis-enchantress assigned Alseid of Life's Bounty (350), Elephant Token (409) and Cat Token (415) to attack Ai(3)-mm-jarad-graveyard.
Phase: Ai(4)-mm-sythis-enchantress' Declare Blockers Step
Combat: Ai(3)-mm-jarad-graveyard assigned Stitcher's Supplier (287) to block Alseid of Life's Bounty (350).
Ai(3)-mm-jarad-graveyard didn't block Elephant Token (409).
Ai(3)-mm-jarad-graveyard didn't block Cat Token (415).
Phase: Ai(4)-mm-sythis-enchantress' First Strike Damage Step
Phase: Ai(4)-mm-sythis-enchantress' Combat Damage Step
Damage: Alseid of Life's Bounty (350) deals 2 combat damage to Ai(3)-mm-jarad-graveyard.
Damage: Alseid of Life's Bounty (350) deals 1 damage to Stitcher's Supplier (287).
Life: Life: Ai(4)-mm-sythis-enchantress 15 > 18
Damage: Elephant Token (409) deals 3 combat damage to Ai(3)-mm-jarad-graveyard.
Damage: Cat Token (415) deals 2 combat damage to Ai(3)-mm-jarad-graveyard.
Damage: Stitcher's Supplier (287) deals 1 damage to Alseid of Life's Bounty (350).
Life: Life: Ai(3)-mm-jarad-graveyard 13 > 6
Zone Change: Alseid of Life's Bounty (350) was put into Graveyard from Battlefield.
Zone Change: Stitcher's Supplier (287) was put into Graveyard from Battlefield.
Zone Change: Rancor (312) was put into Graveyard from Battlefield.
Add To Stack: Ai(4)-mm-sythis-enchantress triggered Rancor
Add To Stack: Ai(4)-mm-sythis-enchantress triggered Heliod, Sun-Crowned targeting [Composer of Spring (348)]
Add To Stack: Ai(3)-mm-jarad-graveyard triggered Stitcher's Supplier
Zone Change: Ai(3)-mm-jarad-graveyard milled Ramunap Excavator (225), Nighthowler (290) and Abrupt Decay (298).
Resolve Stack: When Stitcher's Supplier enters or dies, mill three cards. [Zone Changer: Stitcher's Supplier (287)]
Resolve Stack: Whenever you gain life, put a +1/+1 counter on target creature or enchantment you control. (Targeting: [[Composer of Spring (348)]]) [Player: Ai(4)-mm-sythis-enchantress, Gained Amount: 3]
Resolve Stack: When Rancor is put into a graveyard from the battlefield, return Rancor to its owner's hand. [Zone Changer: Rancor (312)]
Phase: Ai(4)-mm-sythis-enchantress' End of Combat Step
Phase: Ai(4)-mm-sythis-enchantress' Main phase, postcombat
Phase: Ai(4)-mm-sythis-enchantress' End step
Add To Stack: Ai(1)-mm-giada-angels triggered Luminarch Ascension
Resolve Stack: At the beginning of each opponent's end step, if you didn't lose life this turn, you may put a quest counter on Luminarch Ascension. (Damage causes loss of life.) [Phase: Ai(4)-mm-sythis-enchantress]
Phase: Ai(4)-mm-sythis-enchantress' Cleanup step
Turn: Turn 32 (Ai(1)-mm-giada-angels)
Phase: Ai(1)-mm-giada-angels' Untap step
Phase: Ai(1)-mm-giada-angels' Upkeep step
Phase: Ai(1)-mm-giada-angels' Draw step
Phase: Ai(1)-mm-giada-angels' Main phase, precombat
Land: Ai(1)-mm-giada-angels played Plains (73)
Phase: Ai(1)-mm-giada-angels' Beginning of Combat Step
Phase: Ai(1)-mm-giada-angels' Declare Attackers Step
Combat: Ai(1)-mm-giada-angels assigned Giada, Font of Hope (100) to attack Ai(3)-mm-jarad-graveyard.
Phase: Ai(1)-mm-giada-angels' Declare Blockers Step
Combat: Ai(3)-mm-jarad-graveyard didn't block Giada, Font of Hope (100).
Phase: Ai(1)-mm-giada-angels' First Strike Damage Step
Phase: Ai(1)-mm-giada-angels' Combat Damage Step
Damage: Giada, Font of Hope (100) deals 2 combat damage to Ai(3)-mm-jarad-graveyard.
Life: Life: Ai(3)-mm-jarad-graveyard 6 > 4
Phase: Ai(1)-mm-giada-angels' End of Combat Step
Phase: Ai(1)-mm-giada-angels' Main phase, postcombat
Mana: Plains (86) - {T}: Add {W}.
Mana: Plains (81) - {T}: Add {W}.
Mana: Plains (87) - {T}: Add {W}.
Mana: Path of Ancestry (12) - {T}: Add one mana of any color in your commander's color identity. When that mana is spent to cast a creature spell that shares a creature type with your commander, scry 1. (Look at the top card of your library. You may put that card on the bottom.)
Mana: Plains (92) - {T}: Add {W}.
Add To Stack: Ai(1)-mm-giada-angels cast Herald of War
Add To Stack: Ai(1)-mm-giada-angels triggered Path of Ancestry
Resolve Stack: Ai(1)-mm-giada-angels scried 1 card(s) to the top of the library
Resolve Stack: When mana produced by Path of Ancestry is spent to cast a creature spell that shares a creature type with your commander, scry 1. ([Herald of War - Creature 3 / 3]) [Card: Herald of War (40), Activator: Ai(1)-mm-giada-angels, SpellAbility: Herald of War - Creature 3 / 3]
Replacement Effect: Each other Angel you control enters with an additional +1/+1 counter on it for each Angel you already control.
Resolve Stack: Herald of War - Creature 3 / 3
Mana: Plains (75) - {T}: Add {W}.
Mana: Plains (73) - {T}: Add {W}.
Mana: Minas Tirith (24) - {T}: Add {W}.
Mana: Cavern of Souls (56) - {T}: Add {C}.
Mana: War Room (38) - {T}: Add {C}.
Add To Stack: Ai(1)-mm-giada-angels cast Entreat the Angels
Replacement Effect: Each other Angel you control enters with an additional +1/+1 counter on it for each Angel you already control.
Resolve Stack: Entreat the Angels (50) - Ai(1)-mm-giada-angels creates X 4/4 white Angel creature tokens with flying. (X=1)
Phase: Ai(1)-mm-giada-angels' End step
Phase: Ai(1)-mm-giada-angels' Cleanup step
Turn: Turn 33 (Ai(2)-mm-nekusar-discard)
Phase: Ai(2)-mm-nekusar-discard's Untap step
Phase: Ai(2)-mm-nekusar-discard's Upkeep step
Phase: Ai(2)-mm-nekusar-discard's Draw step
Phase: Ai(2)-mm-nekusar-discard's Main phase, precombat
Land: Ai(2)-mm-nekusar-discard played Bloodstained Mire (163)
Life: Life: Ai(2)-mm-nekusar-discard 36 > 35
Zone Change: Bloodstained Mire (163) was put into Graveyard from Battlefield.
Add To Stack: Ai(2)-mm-nekusar-discard activated Bloodstained Mire
Replacement Effect: Xander's Lounge enters tapped.
Resolve Stack: Bloodstained Mire (163) - Ai(2)-mm-nekusar-discard searches their library for a Swamp or Mountain card, puts it onto the battlefield, then shuffles.
Phase: Ai(2)-mm-nekusar-discard's Beginning of Combat Step
Phase: Ai(2)-mm-nekusar-discard's Declare Attackers Step
Phase: Ai(2)-mm-nekusar-discard's Declare Blockers Step
Phase: Ai(2)-mm-nekusar-discard's First Strike Damage Step
Phase: Ai(2)-mm-nekusar-discard's Combat Damage Step
Phase: Ai(2)-mm-nekusar-discard's End of Combat Step
Phase: Ai(2)-mm-nekusar-discard's Main phase, postcombat
Mana: Swamp (162) - {T}: Add {B}.
Mana: Swamp (160) - {T}: Add {B}.
Add To Stack: Ai(2)-mm-nekusar-discard activated Geier Reach Sanitarium
Zone Change: Ai(3)-mm-jarad-graveyard milled Deadbridge Chant (293), Swamp (268) and Golgari Grave-Troll (259).
Replacement Effect: Life from the Loam - Dredge 3
Discard: Ai(1)-mm-giada-angels discards Folk Hero (30).
Discard: Ai(2)-mm-nekusar-discard discards Izzet Signet (109).
Discard: Ai(3)-mm-jarad-graveyard discards Forest (237).
Discard: Ai(4)-mm-sythis-enchantress discards Plains (390).
Resolve Stack: Geier Reach Sanitarium (111) - Ai(2)-mm-nekusar-discard, Ai(3)-mm-jarad-graveyard, Ai(4)-mm-sythis-enchantress and Ai(1)-mm-giada-angels each draw a card. Ai(2)-mm-nekusar-discard, Ai(3)-mm-jarad-graveyard, Ai(4)-mm-sythis-enchantress and Ai(1)-mm-giada-angels discard a card.
Add To Stack: Ai(2)-mm-nekusar-discard triggered Liliana's Caress
Add To Stack: Ai(2)-mm-nekusar-discard triggered Liliana's Caress
Add To Stack: Ai(2)-mm-nekusar-discard triggered Liliana's Caress
Life: Life: Ai(4)-mm-sythis-enchantress 18 > 16
Resolve Stack: Whenever an opponent discards a card, that player loses 2 life. [Discarded: Plains (390), Cause: ]
Life: Life: Ai(3)-mm-jarad-graveyard 4 > 2
Resolve Stack: Whenever an opponent discards a card, that player loses 2 life. [Discarded: Forest (237), Cause: ]
Life: Life: Ai(1)-mm-giada-angels 20 > 18
Resolve Stack: Whenever an opponent discards a card, that player loses 2 life. [Discarded: Folk Hero (30), Cause: ]
Mana: Steam Vents (167) - {T}: Add {U}.
Mana: Mountain (186) - {T}: Add {R}.
Mana: Mountain (188) - {T}: Add {R}.
Add To Stack: Ai(2)-mm-nekusar-discard cast Ghyrson Starn, Kelermorph
Resolve Stack: Ghyrson Starn, Kelermorph - Creature 3 / 2
Phase: Ai(2)-mm-nekusar-discard's End step
Phase: Ai(2)-mm-nekusar-discard's Cleanup step
Turn: Turn 34 (Ai(3)-mm-jarad-graveyard)
Phase: Ai(3)-mm-jarad-graveyard's Untap step
Phase: Ai(3)-mm-jarad-graveyard's Upkeep step
Add To Stack: Ai(3)-mm-jarad-graveyard triggered Splinterfright
Zone Change: Ai(3)-mm-jarad-graveyard milled Wight of the Reliquary (260) and Twilight Mire (276).
Resolve Stack: At the beginning of your upkeep, mill two cards. [Phase: Ai(3)-mm-jarad-graveyard]
Phase: Ai(3)-mm-jarad-graveyard's Draw step
Zone Change: Ai(3)-mm-jarad-graveyard milled Tainted Wood (213), Golgari Thug (246), Disciple of Bolas (238), Jarad's Orders (244), Swamp (266) and Command Tower (212).
Replacement Effect: Golgari Grave-Troll - Dredge 6
Phase: Ai(3)-mm-jarad-graveyard's Main phase, precombat
Land: Ai(3)-mm-jarad-graveyard played Evolving Wilds (226)
Zone Change: Evolving Wilds (226) was put into Graveyard from Battlefield.
Add To Stack: Ai(3)-mm-jarad-graveyard activated Evolving Wilds
Resolve Stack: Evolving Wilds (226) - Ai(3)-mm-jarad-graveyard searches their library for a basic land card, puts it onto the battlefield tapped, then shuffles.
Phase: Ai(3)-mm-jarad-graveyard's Beginning of Combat Step
Phase: Ai(3)-mm-jarad-graveyard's Declare Attackers Step
Phase: Ai(3)-mm-jarad-graveyard's Declare Blockers Step
Phase: Ai(3)-mm-jarad-graveyard's First Strike Damage Step
Phase: Ai(3)-mm-jarad-graveyard's Combat Damage Step
Phase: Ai(3)-mm-jarad-graveyard's End of Combat Step
Phase: Ai(3)-mm-jarad-graveyard's Main phase, postcombat
Mana: Forest (228) - {T}: Add {G}.
Mana: Forest (235) - {T}: Add {G}.
Mana: Swamp (269) - {T}: Add {B}.
Mana: Swamp (264) - {T}: Add {B}.
Mana: Forest (233) - {T}: Add {G}.
Mana: Forest (230) - {T}: Add {G}.
Add To Stack: Ai(3)-mm-jarad-graveyard cast Jarad, Golgari Lich Lord
Resolve Stack: Jarad, Golgari Lich Lord - Creature 2 / 2
Mana: Undergrowth Stadium (294) - {T}: Add {B} or {G}.
Mana: Bojuka Bog (253) - {T}: Add {B}.
Mana: Swamp (263) - {T}: Add {B}.
Mana: Swamp (267) - {T}: Add {B}.
Mana: Necroblossom Snarl (271) - {T}: Add {B} or {G}.
Add To Stack: Ai(3)-mm-jarad-graveyard cast Golgari Grave-Troll
Replacement Effect: Golgari Grave-Troll enters with a +1/+1 counter on it for each creature card in your graveyard.
Resolve Stack: Golgari Grave-Troll - Creature 0 / 0
Phase: Ai(3)-mm-jarad-graveyard's End step
Add To Stack: Ai(1)-mm-giada-angels triggered Luminarch Ascension
Resolve Stack: At the beginning of each opponent's end step, if you didn't lose life this turn, you may put a quest counter on Luminarch Ascension. (Damage causes loss of life.) [Phase: Ai(3)-mm-jarad-graveyard]
Phase: Ai(3)-mm-jarad-graveyard's Cleanup step
Turn: Turn 35 (Ai(4)-mm-sythis-enchantress)
Phase: Ai(4)-mm-sythis-enchantress' Untap step
Phase: Ai(4)-mm-sythis-enchantress' Upkeep step
Phase: Ai(4)-mm-sythis-enchantress' Draw step
Phase: Ai(4)-mm-sythis-enchantress' Main phase, precombat
Replacement Effect: Sunpetal Grove enters tapped unless you control a Forest or a Plains.
Land: Ai(4)-mm-sythis-enchantress played Sunpetal Grove (366)
Mana: Forest (341) - {T}: Add {G}.
Mana: Plains (396) - {T}: Add {W}.
Add To Stack: Ai(4)-mm-sythis-enchantress cast Sterling Grove
Add To Stack: Ai(4)-mm-sythis-enchantress triggered Sythis, Harvest's Hand
Life: Life: Ai(4)-mm-sythis-enchantress 16 > 17
Resolve Stack: Whenever you cast an enchantment spell, you gain 1 life and draw a card. [Card: Sterling Grove (322), Activator: Ai(4)-mm-sythis-enchantress, SpellAbility: Sterling Grove]
Add To Stack: Ai(4)-mm-sythis-enchantress triggered Heliod, Sun-Crowned targeting [Composer of Spring (348)]
Resolve Stack: Whenever you gain life, put a +1/+1 counter on target creature or enchantment you control. (Targeting: [[Composer of Spring (348)]]) [Player: Ai(4)-mm-sythis-enchantress, Gained Amount: 1]
Resolve Stack: Sterling Grove
Add To Stack: Ai(4)-mm-sythis-enchantress triggered Composer of Spring
Resolve Stack: Constellation — Whenever an enchantment you control enters, you may put a land card from your hand onto the battlefield tapped. If you control six or more enchantments, instead you may put a creature or land card from your hand onto the battlefield tapped. [Zone Changer: Sterling Grove (322)]
Mana: Overgrown Farmland (336) - {T}: Add {G} or {W}.
Add To Stack: Ai(4)-mm-sythis-enchantress cast Rancor targeting [Composer of Spring (348)]
Add To Stack: Ai(4)-mm-sythis-enchantress triggered Sythis, Harvest's Hand
Life: Life: Ai(4)-mm-sythis-enchantress 17 > 18
Resolve Stack: Whenever you cast an enchantment spell, you gain 1 life and draw a card. [Card: Rancor (312), Activator: Ai(4)-mm-sythis-enchantress, SpellAbility: Rancor]
Add To Stack: Ai(4)-mm-sythis-enchantress triggered Heliod, Sun-Crowned targeting [Composer of Spring (348)]
Resolve Stack: Whenever you gain life, put a +1/+1 counter on target creature or enchantment you control. (Targeting: [[Composer of Spring (348)]]) [Player: Ai(4)-mm-sythis-enchantress, Gained Amount: 1]
Resolve Stack: Rancor (312) -  Attach to Composer of Spring (348)
Add To Stack: Ai(4)-mm-sythis-enchantress triggered Composer of Spring
Resolve Stack: Constellation — Whenever an enchantment you control enters, you may put a land card from your hand onto the battlefield tapped. If you control six or more enchantments, instead you may put a creature or land card from your hand onto the battlefield tapped. [Zone Changer: Rancor (312)]
Phase: Ai(4)-mm-sythis-enchantress' Beginning of Combat Step
Phase: Ai(4)-mm-sythis-enchantress' Declare Attackers Step
Phase: Ai(4)-mm-sythis-enchantress' Declare Blockers Step
Phase: Ai(4)-mm-sythis-enchantress' First Strike Damage Step
Phase: Ai(4)-mm-sythis-enchantress' Combat Damage Step
Phase: Ai(4)-mm-sythis-enchantress' End of Combat Step
Phase: Ai(4)-mm-sythis-enchantress' Main phase, postcombat
Mana: Sunpetal Grove (366) - {T}: Add {G} or {W}.
Mana: Reliquary Tower (375) - {T}: Add {C}.
Add To Stack: Ai(4)-mm-sythis-enchantress cast Argothian Enchantress
Resolve Stack: Argothian Enchantress - Creature 0 / 1
Mana: Plains (388) - {T}: Add {W}.
Zone Change: Sterling Grove (322) was put into Graveyard from Battlefield.
Add To Stack: Ai(4)-mm-sythis-enchantress activated Sterling Grove
Resolve Stack: Sterling Grove (322) - Ai(4)-mm-sythis-enchantress searches their library for an enchantment card, reveals it, puts it , then shuffles.
Phase: Ai(4)-mm-sythis-enchantress' End step
Add To Stack: Ai(1)-mm-giada-angels triggered Luminarch Ascension
Resolve Stack: At the beginning of each opponent's end step, if you didn't lose life this turn, you may put a quest counter on Luminarch Ascension. (Damage causes loss of life.) [Phase: Ai(4)-mm-sythis-enchantress]
Phase: Ai(4)-mm-sythis-enchantress' Cleanup step
Turn: Turn 36 (Ai(1)-mm-giada-angels)
Phase: Ai(1)-mm-giada-angels' Untap step
Phase: Ai(1)-mm-giada-angels' Upkeep step
Phase: Ai(1)-mm-giada-angels' Draw step
Phase: Ai(1)-mm-giada-angels' Main phase, precombat
Phase: Ai(1)-mm-giada-angels' Beginning of Combat Step
Phase: Ai(1)-mm-giada-angels' Declare Attackers Step
Combat: Ai(1)-mm-giada-angels assigned Angel Token (426), Herald of War (40) and Giada, Font of Hope (100) to attack Ai(3)-mm-jarad-graveyard.
Add To Stack: Ai(1)-mm-giada-angels triggered Herald of War
Resolve Stack: Whenever Herald of War attacks, put a +1/+1 counter on it. [Attacker: Herald of War (40)]
Phase: Ai(1)-mm-giada-angels' Declare Blockers Step
Combat: Ai(3)-mm-jarad-graveyard assigned Stinkweed Imp (291) to block Angel Token (426).
Ai(3)-mm-jarad-graveyard didn't block Herald of War (40).
Ai(3)-mm-jarad-graveyard didn't block Giada, Font of Hope (100).
Phase: Ai(1)-mm-giada-angels' First Strike Damage Step
Phase: Ai(1)-mm-giada-angels' Combat Damage Step
Damage: Angel Token (426) deals 6 damage to Stinkweed Imp (291).
Damage: Herald of War (40) deals 5 combat damage to Ai(3)-mm-jarad-graveyard.
Damage: Giada, Font of Hope (100) deals 2 combat damage to Ai(3)-mm-jarad-graveyard.
Damage: Stinkweed Imp (291) deals 1 damage to Angel Token (426).
Life: Life: Ai(3)-mm-jarad-graveyard 2 > -5
Phase: Ai(1)-mm-giada-angels' End of Combat Step
Phase: Ai(1)-mm-giada-angels' Main phase, postcombat
Mana: Plains (86) - {T}: Add {W}.
Add To Stack: Ai(1)-mm-giada-angels cast Inspiring Overseer
Replacement Effect: Each other Angel you control enters with an additional +1/+1 counter on it for each Angel you already control.
Resolve Stack: Inspiring Overseer - Creature 2 / 1
Add To Stack: Ai(1)-mm-giada-angels triggered Inspiring Overseer
Life: Life: Ai(1)-mm-giada-angels 18 > 19
Resolve Stack: When Inspiring Overseer enters, you gain 1 life and draw a card. [Zone Changer: Inspiring Overseer (11)]
Mana: Plains (81) - {T}: Add {W}.
Mana: Plains (87) - {T}: Add {W}.
Add To Stack: Ai(1)-mm-giada-angels cast Bishop of Wings
Resolve Stack: Bishop of Wings - Creature 1 / 4
Mana: Path of Ancestry (12) - {T}: Add one mana of any color in your commander's color identity. When that mana is spent to cast a creature spell that shares a creature type with your commander, scry 1. (Look at the top card of your library. You may put that card on the bottom.)
Mana: Plains (92) - {T}: Add {W}.
Mana: Plains (75) - {T}: Add {W}.
Life: Life: Ai(1)-mm-giada-angels 19 > 18
Add To Stack: Ai(1)-mm-giada-angels activated War Room
Resolve Stack: War Room (38) - Ai(1)-mm-giada-angels draws a card.
Land: Ai(1)-mm-giada-angels played Plains (83)
Mana: Plains (73) - {T}: Add {W}.
Add To Stack: Ai(1)-mm-giada-angels cast Segovian Angel
Replacement Effect: Each other Angel you control enters with an additional +1/+1 counter on it for each Angel you already control.
Resolve Stack: Segovian Angel - Creature 1 / 1
Add To Stack: Ai(1)-mm-giada-angels triggered Bishop of Wings
Life: Life: Ai(1)-mm-giada-angels 18 > 22
Resolve Stack: Whenever an Angel you control enters, you gain 4 life. [Zone Changer: Segovian Angel (17)]
Mana: Plains (83) - {T}: Add {W}.
Mana: Cavern of Souls (56) - {T}: Add {C}.
Add To Stack: Ai(1)-mm-giada-angels activated Minas Tirith
Resolve Stack: Minas Tirith (24) - Ai(1)-mm-giada-angels draws a card.
Phase: Ai(1)-mm-giada-angels' End step
Phase: Ai(1)-mm-giada-angels' Cleanup step
Turn: Turn 37 (Ai(2)-mm-nekusar-discard)
Phase: Ai(2)-mm-nekusar-discard's Untap step
Phase: Ai(2)-mm-nekusar-discard's Upkeep step
Phase: Ai(2)-mm-nekusar-discard's Draw step
Phase: Ai(2)-mm-nekusar-discard's Main phase, precombat
Phase: Ai(2)-mm-nekusar-discard's Beginning of Combat Step
Phase: Ai(2)-mm-nekusar-discard's Declare Attackers Step
Phase: Ai(2)-mm-nekusar-discard's Declare Blockers Step
Phase: Ai(2)-mm-nekusar-discard's First Strike Damage Step
Phase: Ai(2)-mm-nekusar-discard's Combat Damage Step
Phase: Ai(2)-mm-nekusar-discard's End of Combat Step
Phase: Ai(2)-mm-nekusar-discard's Main phase, postcombat
Mana: Swamp (162) - {T}: Add {B}.
Mana: Swamp (160) - {T}: Add {B}.
Mana: Mountain (186) - {T}: Add {R}.
Add To Stack: Ai(2)-mm-nekusar-discard cast Master of the Feast
Resolve Stack: Master of the Feast - Creature 5 / 5
Mana: Mountain (188) - {T}: Add {R}.
Mana: Luxury Suite (143) - {T}: Add {B} or {R}.
Add To Stack: Ai(2)-mm-nekusar-discard activated Geier Reach Sanitarium
Discard: Ai(1)-mm-giada-angels discards Authority of the Consuls (96).
Discard: Ai(2)-mm-nekusar-discard discards Talisman of Indulgence (190).
Discard: Ai(4)-mm-sythis-enchantress discards Utopia Sprawl (305).
Resolve Stack: Geier Reach Sanitarium (111) - Ai(2)-mm-nekusar-discard, Ai(4)-mm-sythis-enchantress and Ai(1)-mm-giada-angels each draw a card. Ai(2)-mm-nekusar-discard, Ai(4)-mm-sythis-enchantress and Ai(1)-mm-giada-angels discard a card.
Add To Stack: Ai(2)-mm-nekusar-discard triggered Liliana's Caress
Add To Stack: Ai(2)-mm-nekusar-discard triggered Liliana's Caress
Life: Life: Ai(4)-mm-sythis-enchantress 18 > 16
Resolve Stack: Whenever an opponent discards a card, that player loses 2 life. [Discarded: Utopia Sprawl (305), Cause: ]
Life: Life: Ai(1)-mm-giada-angels 22 > 20
Resolve Stack: Whenever an opponent discards a card, that player loses 2 life. [Discarded: Authority of the Consuls (96), Cause: ]
Phase: Ai(2)-mm-nekusar-discard's End step
Phase: Ai(2)-mm-nekusar-discard's Cleanup step
Turn: Turn 38 (Ai(4)-mm-sythis-enchantress)
Phase: Ai(4)-mm-sythis-enchantress' Untap step
Phase: Ai(4)-mm-sythis-enchantress' Upkeep step
Life: Life: Ai(4)-mm-sythis-enchantress 16 > 15
Zone Change: Windswept Heath (401) was put into Graveyard from Battlefield.
Add To Stack: Ai(4)-mm-sythis-enchantress activated Windswept Heath
Replacement Effect: As Temple Garden enters, you may pay 2 life. If you don't, it enters tapped.
Resolve Stack: Windswept Heath (401) - Ai(4)-mm-sythis-enchantress searches their library for a Forest or Plains card, puts it onto the battlefield, then shuffles.
Phase: Ai(4)-mm-sythis-enchantress' Draw step
Phase: Ai(4)-mm-sythis-enchantress' Main phase, precombat
Land: Ai(4)-mm-sythis-enchantress played Command Tower (323)
Phase: Ai(4)-mm-sythis-enchantress' Beginning of Combat Step
Phase: Ai(4)-mm-sythis-enchantress' Declare Attackers Step
Phase: Ai(4)-mm-sythis-enchantress' Declare Blockers Step
Phase: Ai(4)-mm-sythis-enchantress' First Strike Damage Step
Phase: Ai(4)-mm-sythis-enchantress' Combat Damage Step
Phase: Ai(4)-mm-sythis-enchantress' End of Combat Step
Phase: Ai(4)-mm-sythis-enchantress' Main phase, postcombat
Mana: Forest (341) - {T}: Add {G}.
Mana: Overgrown Farmland (336) - {T}: Add {G} or {W}.
Mana: Reliquary Tower (375) - {T}: Add {C}.
Add To Stack: Ai(4)-mm-sythis-enchantress cast Courser of Kruphix
Add To Stack: Ai(4)-mm-sythis-enchantress triggered Sythis, Harvest's Hand
Add To Stack: Ai(4)-mm-sythis-enchantress triggered Argothian Enchantress
Resolve Stack: Whenever you cast an enchantment spell, draw a card. [Card: Courser of Kruphix (402), Activator: Ai(4)-mm-sythis-enchantress, SpellAbility: Courser of Kruphix - Creature 2 / 4]
Life: Life: Ai(4)-mm-sythis-enchantress 15 > 16
Resolve Stack: Whenever you cast an enchantment spell, you gain 1 life and draw a card. [Card: Courser of Kruphix (402), Activator: Ai(4)-mm-sythis-enchantress, SpellAbility: Courser of Kruphix - Creature 2 / 4]
Add To Stack: Ai(4)-mm-sythis-enchantress triggered Heliod, Sun-Crowned targeting [Composer of Spring (348)]
Resolve Stack: Whenever you gain life, put a +1/+1 counter on target creature or enchantment you control. (Targeting: [[Composer of Spring (348)]]) [Player: Ai(4)-mm-sythis-enchantress, Gained Amount: 1]
Resolve Stack: Courser of Kruphix - Creature 2 / 4
Add To Stack: Ai(4)-mm-sythis-enchantress triggered Composer of Spring
Resolve Stack: Constellation — Whenever an enchantment you control enters, you may put a land card from your hand onto the battlefield tapped. If you control six or more enchantments, instead you may put a creature or land card from your hand onto the battlefield tapped. [Zone Changer: Courser of Kruphix (402)]
Add To Stack: Ai(4)-mm-sythis-enchantress triggered Courser of Kruphix
Life: Life: Ai(4)-mm-sythis-enchantress 16 > 17
Resolve Stack: Landfall — Whenever a land you control enters, you gain 1 life. [Zone Changer: Forest (338)]
Add To Stack: Ai(4)-mm-sythis-enchantress triggered Heliod, Sun-Crowned targeting [Composer of Spring (348)]
Resolve Stack: Whenever you gain life, put a +1/+1 counter on target creature or enchantment you control. (Targeting: [[Composer of Spring (348)]]) [Player: Ai(4)-mm-sythis-enchantress, Gained Amount: 1]
Mana: Sunpetal Grove (366) - {T}: Add {G} or {W}.
Mana: Command Tower (323) - {T}: Add one mana of any color in your commander's color identity.
Mana: Plains (396) - {T}: Add {W}.
Mana: Plains (388) - {T}: Add {W}.
Add To Stack: Ai(4)-mm-sythis-enchantress cast Eidolon of Blossoms
Add To Stack: Ai(4)-mm-sythis-enchantress triggered Sythis, Harvest's Hand
Add To Stack: Ai(4)-mm-sythis-enchantress triggered Argothian Enchantress
Resolve Stack: Whenever you cast an enchantment spell, draw a card. [Card: Eidolon of Blossoms (310), Activator: Ai(4)-mm-sythis-enchantress, SpellAbility: Eidolon of Blossoms - Creature 2 / 2]
Life: Life: Ai(4)-mm-sythis-enchantress 17 > 18
Resolve Stack: Whenever you cast an enchantment spell, you gain 1 life and draw a card. [Card: Eidolon of Blossoms (310), Activator: Ai(4)-mm-sythis-enchantress, SpellAbility: Eidolon of Blossoms - Creature 2 / 2]
Add To Stack: Ai(4)-mm-sythis-enchantress triggered Heliod, Sun-Crowned targeting [Composer of Spring (348)]
Resolve Stack: Whenever you gain life, put a +1/+1 counter on target creature or enchantment you control. (Targeting: [[Composer of Spring (348)]]) [Player: Ai(4)-mm-sythis-enchantress, Gained Amount: 1]
Resolve Stack: Eidolon of Blossoms - Creature 2 / 2
Add To Stack: Ai(4)-mm-sythis-enchantress triggered Composer of Spring
Add To Stack: Ai(4)-mm-sythis-enchantress triggered Eidolon of Blossoms
Resolve Stack: Constellation — Whenever Eidolon of Blossoms or another enchantment you control enters, draw a card. [Zone Changer: Eidolon of Blossoms (310)]
Resolve Stack: Constellation — Whenever an enchantment you control enters, you may put a land card from your hand onto the battlefield tapped. If you control six or more enchantments, instead you may put a creature or land card from your hand onto the battlefield tapped. [Zone Changer: Eidolon of Blossoms (310)]
Add To Stack: Ai(4)-mm-sythis-enchantress triggered Courser of Kruphix
Life: Life: Ai(4)-mm-sythis-enchantress 18 > 19
Resolve Stack: Landfall — Whenever a land you control enters, you gain 1 life. [Zone Changer: Sungrass Prairie (309)]
Add To Stack: Ai(4)-mm-sythis-enchantress triggered Heliod, Sun-Crowned targeting [Composer of Spring (348)]
Resolve Stack: Whenever you gain life, put a +1/+1 counter on target creature or enchantment you control. (Targeting: [[Composer of Spring (348)]]) [Player: Ai(4)-mm-sythis-enchantress, Gained Amount: 1]
Phase: Ai(4)-mm-sythis-enchantress' End step
Add To Stack: Ai(1)-mm-giada-angels triggered Luminarch Ascension
Resolve Stack: At the beginning of each opponent's end step, if you didn't lose life this turn, you may put a quest counter on Luminarch Ascension. (Damage causes loss of life.) [Phase: Ai(4)-mm-sythis-enchantress]
Phase: Ai(4)-mm-sythis-enchantress' Cleanup step
Turn: Turn 39 (Ai(1)-mm-giada-angels)
Phase: Ai(1)-mm-giada-angels' Untap step
Phase: Ai(1)-mm-giada-angels' Upkeep step
Phase: Ai(1)-mm-giada-angels' Draw step
Phase: Ai(1)-mm-giada-angels' Main phase, precombat
Phase: Ai(1)-mm-giada-angels' Beginning of Combat Step
Phase: Ai(1)-mm-giada-angels' Declare Attackers Step
Combat: Ai(1)-mm-giada-angels assigned Angel Token (426), Herald of War (40), Inspiring Overseer (11), Segovian Angel (17), Giada, Font of Hope (100) and Bishop of Wings (5) to attack Ai(4)-mm-sythis-enchantress.
Add To Stack: Ai(1)-mm-giada-angels triggered Herald of War
Resolve Stack: Whenever Herald of War attacks, put a +1/+1 counter on it. [Attacker: Herald of War (40)]
Phase: Ai(1)-mm-giada-angels' Declare Blockers Step
Combat: Ai(4)-mm-sythis-enchantress didn't block Angel Token (426).
Ai(4)-mm-sythis-enchantress didn't block Herald of War (40).
Ai(4)-mm-sythis-enchantress didn't block Inspiring Overseer (11).
Ai(4)-mm-sythis-enchantress didn't block Segovian Angel (17).
Ai(4)-mm-sythis-enchantress didn't block Giada, Font of Hope (100).
Ai(4)-mm-sythis-enchantress assigned Cat Token (415) and Elephant Token (409) to block Bishop of Wings (5).
Phase: Ai(1)-mm-giada-angels' First Strike Damage Step
Phase: Ai(1)-mm-giada-angels' Combat Damage Step
Damage: Angel Token (426) deals 6 combat damage to Ai(4)-mm-sythis-enchantress.
Damage: Herald of War (40) deals 6 combat damage to Ai(4)-mm-sythis-enchantress.
Damage: Inspiring Overseer (11) deals 5 combat damage to Ai(4)-mm-sythis-enchantress.
Damage: Segovian Angel (17) deals 5 combat damage to Ai(4)-mm-sythis-enchantress.
Damage: Giada, Font of Hope (100) deals 2 combat damage to Ai(4)-mm-sythis-enchantress.
Damage: Bishop of Wings (5) deals 1 damage to Elephant Token (409).
Damage: Cat Token (415) deals 2 damage to Bishop of Wings (5).
Damage: Elephant Token (409) deals 3 damage to Bishop of Wings (5).
Life: Life: Ai(4)-mm-sythis-enchantress 19 > -5
Zone Change: Bishop of Wings (5) was put into Graveyard from Battlefield.
Phase: Ai(1)-mm-giada-angels' End of Combat Step
Phase: Ai(1)-mm-giada-angels' Main phase, postcombat
Mana: Plains (86) - {T}: Add {W}.
Mana: Plains (81) - {T}: Add {W}.
Mana: Plains (87) - {T}: Add {W}.
Mana: Path of Ancestry (12) - {T}: Add one mana of any color in your commander's color identity. When that mana is spent to cast a creature spell that shares a creature type with your commander, scry 1. (Look at the top card of your library. You may put that card on the bottom.)
Add To Stack: Ai(1)-mm-giada-angels cast Bruna, the Fading Light
Add To Stack: Ai(1)-mm-giada-angels triggered Bruna, the Fading Light targeting [Avacyn, Angel of Hope (51)]
Add To Stack: Ai(1)-mm-giada-angels triggered Path of Ancestry
Resolve Stack: Ai(1)-mm-giada-angels scried 1 card(s) to the top of the library
Resolve Stack: When mana produced by Path of Ancestry is spent to cast a creature spell that shares a creature type with your commander, scry 1. ([Bruna, the Fading Light - Creature 5 / 7]) [Card: Bruna, the Fading Light (48), Activator: Ai(1)-mm-giada-angels, SpellAbility: Bruna, the Fading Light - Creature 5 / 7]
Replacement Effect: Each other Angel you control enters with an additional +1/+1 counter on it for each Angel you already control.
Resolve Stack: When you cast Bruna, the Fading Light, you may return target Angel or Human creature card from your graveyard to the battlefield. (Targeting: [[Avacyn, Angel of Hope (51)]]) [Card: Bruna, the Fading Light (48), Activator: Ai(1)-mm-giada-angels, SpellAbility: Bruna, the Fading Light - Creature 5 / 7]
Replacement Effect: Each other Angel you control enters with an additional +1/+1 counter on it for each Angel you already control.
Resolve Stack: Bruna, the Fading Light - Creature 5 / 7
Mana: Plains (92) - {T}: Add {W}.
Mana: Plains (75) - {T}: Add {W}.
Mana: Plains (73) - {T}: Add {W}.
Mana: Plains (83) - {T}: Add {W}.
Mana: Cavern of Souls (56) - {T}: Add {C}.
Add To Stack: Ai(1)-mm-giada-angels cast Vanquisher's Banner
Replacement Effect: As Vanquisher's Banner enters, choose a creature type.
Resolve Stack: Vanquisher's Banner
Phase: Ai(1)-mm-giada-angels' End step
Phase: Ai(1)-mm-giada-angels' Cleanup step
Turn: Turn 40 (Ai(2)-mm-nekusar-discard)
Phase: Ai(2)-mm-nekusar-discard's Untap step
Phase: Ai(2)-mm-nekusar-discard's Upkeep step
Add To Stack: Ai(2)-mm-nekusar-discard triggered Master of the Feast
Resolve Stack: At the beginning of your upkeep, each opponent draws a card. [Phase: Ai(2)-mm-nekusar-discard]
Phase: Ai(2)-mm-nekusar-discard's Draw step
Phase: Ai(2)-mm-nekusar-discard's Main phase, precombat
Mana: Swamp (162) - {T}: Add {B}.
Mana: Swamp (160) - {T}: Add {B}.
Mana: Mountain (186) - {T}: Add {R}.
Mana: Mountain (188) - {T}: Add {R}.
Add To Stack: Ai(2)-mm-nekusar-discard cast Spiteful Visions
Add To Stack: Ai(2)-mm-nekusar-discard triggered Harmonic Prodigy
Resolve Stack: Prowess (Whenever you cast a noncreature spell, this creature gets +1/+1 until end of turn.) [Card: Spiteful Visions (184), Activator: Ai(2)-mm-nekusar-discard, SpellAbility: Spiteful Visions]
Resolve Stack: Spiteful Visions
Phase: Ai(2)-mm-nekusar-discard's Beginning of Combat Step
Phase: Ai(2)-mm-nekusar-discard's Declare Attackers Step
Mana: Minas Tirith (24) - {T}: Add {W}.
Mana: War Room (38) - {T}: Add {C}.
Add To Stack: Ai(1)-mm-giada-angels activated Luminarch Ascension
Replacement Effect: Each other Angel you control enters with an additional +1/+1 counter on it for each Angel you already control.
Resolve Stack: Luminarch Ascension (57) - Ai(1)-mm-giada-angels creates a 4/4 white Angel creature token with flying. Activate only if Luminarch Ascension has four or more quest counters on it.
Phase: Ai(2)-mm-nekusar-discard's Declare Blockers Step
Phase: Ai(2)-mm-nekusar-discard's First Strike Damage Step
Phase: Ai(2)-mm-nekusar-discard's Combat Damage Step
Phase: Ai(2)-mm-nekusar-discard's End of Combat Step
Phase: Ai(2)-mm-nekusar-discard's Main phase, postcombat
Mana: Luxury Suite (143) - {T}: Add {B} or {R}.
Mana: Steam Vents (167) - {T}: Add {R}.
Add To Stack: Ai(2)-mm-nekusar-discard activated Geier Reach Sanitarium
Discard: Ai(1)-mm-giada-angels discards Baneslayer Angel (39).
Discard: Ai(2)-mm-nekusar-discard discards Swamp (161).
Resolve Stack: Geier Reach Sanitarium (111) - Ai(2)-mm-nekusar-discard and Ai(1)-mm-giada-angels each draw a card. Ai(2)-mm-nekusar-discard and Ai(1)-mm-giada-angels discard a card.
Add To Stack: Ai(2)-mm-nekusar-discard triggered Spiteful Visions
Add To Stack: Ai(2)-mm-nekusar-discard triggered Spiteful Visions
Add To Stack: Ai(2)-mm-nekusar-discard triggered Liliana's Caress
Life: Life: Ai(1)-mm-giada-angels 20 > 18
Resolve Stack: Whenever an opponent discards a card, that player loses 2 life. [Discarded: Baneslayer Angel (39), Cause: ]
Damage: Spiteful Visions (184) deals 1 non-combat damage to Ai(1)-mm-giada-angels.
Life: Life: Ai(1)-mm-giada-angels 18 > 17
Resolve Stack: Whenever a player draws a card, Spiteful Visions deals 1 damage to that player. [Player: Ai(1)-mm-giada-angels]
Add To Stack: Ai(2)-mm-nekusar-discard triggered Ghyrson Starn, Kelermorph
Damage: Ghyrson Starn, Kelermorph (117) deals 2 non-combat damage to Ai(1)-mm-giada-angels.
Life: Life: Ai(1)-mm-giada-angels 17 > 15
Resolve Stack: Three Autostubs — Whenever another source you control deals exactly 1 damage to a permanent or player, Ghyrson Starn, Kelermorph deals 2 damage to that permanent or player. [Damage Source: Spiteful Visions (184), Damaged: Ai(1)-mm-giada-angels, Amount: 1]
Damage: Spiteful Visions (184) deals 1 non-combat damage to Ai(2)-mm-nekusar-discard.
Life: Life: Ai(2)-mm-nekusar-discard 35 > 34
Resolve Stack: Whenever a player draws a card, Spiteful Visions deals 1 damage to that player. [Player: Ai(2)-mm-nekusar-discard]
Add To Stack: Ai(2)-mm-nekusar-discard triggered Ghyrson Starn, Kelermorph
Damage: Ghyrson Starn, Kelermorph (117) deals 2 non-combat damage to Ai(2)-mm-nekusar-discard.
Life: Life: Ai(2)-mm-nekusar-discard 34 > 32
Resolve Stack: Three Autostubs — Whenever another source you control deals exactly 1 damage to a permanent or player, Ghyrson Starn, Kelermorph deals 2 damage to that permanent or player. [Damage Source: Spiteful Visions (184), Damaged: Ai(2)-mm-nekusar-discard, Amount: 1]
Phase: Ai(2)-mm-nekusar-discard's End step
Phase: Ai(2)-mm-nekusar-discard's Cleanup step
Turn: Turn 41 (Ai(1)-mm-giada-angels)
Phase: Ai(1)-mm-giada-angels' Untap step
Phase: Ai(1)-mm-giada-angels' Upkeep step
Phase: Ai(1)-mm-giada-angels' Draw step
Add To Stack: Ai(2)-mm-nekusar-discard triggered Spiteful Visions
Add To Stack: Ai(2)-mm-nekusar-discard triggered Spiteful Visions
Resolve Stack: At the beginning of each player's draw step, that player draws an additional card. [Phase: Ai(1)-mm-giada-angels]
Add To Stack: Ai(2)-mm-nekusar-discard triggered Spiteful Visions
Damage: Spiteful Visions (184) deals 1 non-combat damage to Ai(1)-mm-giada-angels.
Life: Life: Ai(1)-mm-giada-angels 15 > 14
Resolve Stack: Whenever a player draws a card, Spiteful Visions deals 1 damage to that player. [Player: Ai(1)-mm-giada-angels]
Add To Stack: Ai(2)-mm-nekusar-discard triggered Ghyrson Starn, Kelermorph
Damage: Ghyrson Starn, Kelermorph (117) deals 2 non-combat damage to Ai(1)-mm-giada-angels.
Life: Life: Ai(1)-mm-giada-angels 14 > 12
Resolve Stack: Three Autostubs — Whenever another source you control deals exactly 1 damage to a permanent or player, Ghyrson Starn, Kelermorph deals 2 damage to that permanent or player. [Damage Source: Spiteful Visions (184), Damaged: Ai(1)-mm-giada-angels, Amount: 1]
Damage: Spiteful Visions (184) deals 1 non-combat damage to Ai(1)-mm-giada-angels.
Life: Life: Ai(1)-mm-giada-angels 12 > 11
Resolve Stack: Whenever a player draws a card, Spiteful Visions deals 1 damage to that player. [Player: Ai(1)-mm-giada-angels]
Add To Stack: Ai(2)-mm-nekusar-discard triggered Ghyrson Starn, Kelermorph
Damage: Ghyrson Starn, Kelermorph (117) deals 2 non-combat damage to Ai(1)-mm-giada-angels.
Life: Life: Ai(1)-mm-giada-angels 11 > 9
Resolve Stack: Three Autostubs — Whenever another source you control deals exactly 1 damage to a permanent or player, Ghyrson Starn, Kelermorph deals 2 damage to that permanent or player. [Damage Source: Spiteful Visions (184), Damaged: Ai(1)-mm-giada-angels, Amount: 1]
Phase: Ai(1)-mm-giada-angels' Main phase, precombat
Mana: Plains (86) - {T}: Add {W}.
Mana: Plains (81) - {T}: Add {W}.
Mana: Plains (87) - {T}: Add {W}.
Mana: Path of Ancestry (12) - {T}: Add one mana of any color in your commander's color identity. When that mana is spent to cast a creature spell that shares a creature type with your commander, scry 1. (Look at the top card of your library. You may put that card on the bottom.)
Add To Stack: Ai(1)-mm-giada-angels cast Sephara, Sky's Blade
Add To Stack: Ai(1)-mm-giada-angels triggered Path of Ancestry
Add To Stack: Ai(1)-mm-giada-angels triggered Vanquisher's Banner
Resolve Stack: Whenever you cast a creature spell of the chosen type, draw a card. [Card: Sephara, Sky's Blade (23), Activator: Ai(1)-mm-giada-angels, SpellAbility: Sephara, Sky's Blade - Creature 7 / 7]
Add To Stack: Ai(2)-mm-nekusar-discard triggered Spiteful Visions
Mana: Plains (92) - {T}: Add {W}.
Add To Stack: Ai(1)-mm-giada-angels cast Path to Exile targeting [Master of the Feast (152)]
Zone Change: Master of the Feast (152) was put into Exile from Battlefield.
Resolve Stack: Path to Exile (8) - Exile Master of the Feast (152). Ai(2)-mm-nekusar-discard may search their library for a basic land card, put that card onto the battlefield tapped, then shuffle their library. 
Damage: Spiteful Visions (184) deals 1 non-combat damage to Ai(1)-mm-giada-angels.
Life: Life: Ai(1)-mm-giada-angels 9 > 8
Resolve Stack: Whenever a player draws a card, Spiteful Visions deals 1 damage to that player. [Player: Ai(1)-mm-giada-angels]
Add To Stack: Ai(2)-mm-nekusar-discard triggered Ghyrson Starn, Kelermorph
Damage: Ghyrson Starn, Kelermorph (117) deals 2 non-combat damage to Ai(1)-mm-giada-angels.
Life: Life: Ai(1)-mm-giada-angels 8 > 6
Resolve Stack: Three Autostubs — Whenever another source you control deals exactly 1 damage to a permanent or player, Ghyrson Starn, Kelermorph deals 2 damage to that permanent or player. [Damage Source: Spiteful Visions (184), Damaged: Ai(1)-mm-giada-angels, Amount: 1]
Resolve Stack: Ai(1)-mm-giada-angels scried 1 card(s) to the bottom of the library
Resolve Stack: When mana produced by Path of Ancestry is spent to cast a creature spell that shares a creature type with your commander, scry 1. ([Sephara, Sky's Blade - Creature 7 / 7]) [Card: Sephara, Sky's Blade (23), Activator: Ai(1)-mm-giada-angels, SpellAbility: Sephara, Sky's Blade - Creature 7 / 7]
Replacement Effect: Each other Angel you control enters with an additional +1/+1 counter on it for each Angel you already control.
Resolve Stack: Sephara, Sky's Blade - Creature 7 / 7
Phase: Ai(1)-mm-giada-angels' Beginning of Combat Step
Phase: Ai(1)-mm-giada-angels' Declare Attackers Step
Mana: Plains (75) - {T}: Add {W}.
Mana: Plains (73) - {T}: Add {W}.
Mana: Plains (83) - {T}: Add {W}.
Mana: War Room (38) - {T}: Add {C}.
Combat: Ai(1)-mm-giada-angels assigned Avacyn, Angel of Hope (51) and Bruna, the Fading Light (48) to attack Ai(2)-mm-nekusar-discard.
Phase: Ai(1)-mm-giada-angels' Declare Blockers Step
Combat: Ai(2)-mm-nekusar-discard didn't block Avacyn, Angel of Hope (51).
Ai(2)-mm-nekusar-discard didn't block Bruna, the Fading Light (48).
Phase: Ai(1)-mm-giada-angels' First Strike Damage Step
Phase: Ai(1)-mm-giada-angels' Combat Damage Step
Damage: Avacyn, Angel of Hope (51) deals 14 combat damage to Ai(2)-mm-nekusar-discard.
Damage: Bruna, the Fading Light (48) deals 12 combat damage to Ai(2)-mm-nekusar-discard.
Life: Life: Ai(2)-mm-nekusar-discard 32 > 6
Phase: Ai(1)-mm-giada-angels' End of Combat Step
Phase: Ai(1)-mm-giada-angels' Main phase, postcombat
Mana: Cavern of Souls (56) - {T}: Add one mana of any color. Spend this mana only to cast a creature spell of the chosen type, and that spell can't be countered.
Mana: Minas Tirith (24) - {T}: Add {W}.
Add To Stack: Ai(1)-mm-giada-angels cast Battle Angels of Tyr
Add To Stack: Ai(1)-mm-giada-angels triggered Vanquisher's Banner
Resolve Stack: Whenever you cast a creature spell of the chosen type, draw a card. [Card: Battle Angels of Tyr (34), Activator: Ai(1)-mm-giada-angels, SpellAbility: Battle Angels of Tyr - Creature 4 / 4]
Add To Stack: Ai(2)-mm-nekusar-discard triggered Spiteful Visions
Damage: Spiteful Visions (184) deals 1 non-combat damage to Ai(1)-mm-giada-angels.
Life: Life: Ai(1)-mm-giada-angels 6 > 5
Resolve Stack: Whenever a player draws a card, Spiteful Visions deals 1 damage to that player. [Player: Ai(1)-mm-giada-angels]
Add To Stack: Ai(2)-mm-nekusar-discard triggered Ghyrson Starn, Kelermorph
Damage: Ghyrson Starn, Kelermorph (117) deals 2 non-combat damage to Ai(1)-mm-giada-angels.
Life: Life: Ai(1)-mm-giada-angels 5 > 3
Resolve Stack: Three Autostubs — Whenever another source you control deals exactly 1 damage to a permanent or player, Ghyrson Starn, Kelermorph deals 2 damage to that permanent or player. [Damage Source: Spiteful Visions (184), Damaged: Ai(1)-mm-giada-angels, Amount: 1]
Replacement Effect: Each other Angel you control enters with an additional +1/+1 counter on it for each Angel you already control.
Resolve Stack: Battle Angels of Tyr - Creature 4 / 4
Mana: Giada, Font of Hope (100) - {T}: Add {W}. Spend this mana only to cast an Angel spell.
Add To Stack: Ai(1)-mm-giada-angels cast Firemane Commando
Add To Stack: Ai(1)-mm-giada-angels triggered Vanquisher's Banner
Resolve Stack: Whenever you cast a creature spell of the chosen type, draw a card. [Card: Firemane Commando (16), Activator: Ai(1)-mm-giada-angels, SpellAbility: Firemane Commando - Creature 4 / 3]
Add To Stack: Ai(2)-mm-nekusar-discard triggered Spiteful Visions
Damage: Spiteful Visions (184) deals 1 non-combat damage to Ai(1)-mm-giada-angels.
Life: Life: Ai(1)-mm-giada-angels 3 > 2
Resolve Stack: Whenever a player draws a card, Spiteful Visions deals 1 damage to that player. [Player: Ai(1)-mm-giada-angels]
Add To Stack: Ai(2)-mm-nekusar-discard triggered Ghyrson Starn, Kelermorph
Damage: Ghyrson Starn, Kelermorph (117) deals 2 non-combat damage to Ai(1)-mm-giada-angels.
Life: Life: Ai(1)-mm-giada-angels 2 > 0
Resolve Stack: Three Autostubs — Whenever another source you control deals exactly 1 damage to a permanent or player, Ghyrson Starn, Kelermorph deals 2 damage to that permanent or player. [Damage Source: Spiteful Visions (184), Damaged: Ai(1)-mm-giada-angels, Amount: 1]
Player Control: Ai(1)-mm-giada-angels has restored control over themself
Player Control: Ai(2)-mm-nekusar-discard has restored control over themself
Player Control: Ai(3)-mm-jarad-graveyard has restored control over themself
Player Control: Ai(4)-mm-sythis-enchantress has restored control over themself
Game Outcome: Turn 21
Game Outcome: Ai(1)-mm-giada-angels has lost because life total reached 0
Game Outcome: Ai(2)-mm-nekusar-discard has won because all opponents have lost
Game Outcome: Ai(3)-mm-jarad-graveyard has lost because life total reached 0
Game Outcome: Ai(4)-mm-sythis-enchantress has lost because life total reached 0
Match Result: Ai(1)-mm-giada-angels: 0 Ai(2)-mm-nekusar-discard: 1 Ai(3)-mm-jarad-graveyard: 0 Ai(4)-mm-sythis-enchantress: 0 

Game Result: Game 1 ended in 110934 ms. Ai(2)-mm-nekusar-discard has won!

Warning: default (ie. inherited from base class) implementation of confirmAction is used by Giada, Font of Hope for forge.ai.ability.PermanentCreatureAi. Consider declaring an overloaded method
Warning: default (ie. inherited from base class) implementation of confirmAction is used by Sythis, Harvest's Hand for forge.ai.ability.PermanentCreatureAi. Consider declaring an overloaded method
Active player is no longer in the game...
Active player is no longer in the game...
Active player is no longer in the game...
Active player is no longer in the game...
Active player is no longer in the game...
Warning: default (ie. inherited from base class) implementation of confirmAction is used by Nekusar, the Mindrazer for forge.ai.ability.PermanentCreatureAi. Consider declaring an overloaded method
Warning: default (ie. inherited from base class) implementation of confirmAction is used by Nekusar, the Mindrazer for forge.ai.ability.PermanentCreatureAi. Consider declaring an overloaded method
Mulligan: Ai(2)-mm-nekusar-discard has mulliganed down to 7 cards.
Mulligan: Ai(1)-mm-giada-angels has kept a hand of 7 cards
Mulligan: Ai(2)-mm-nekusar-discard has kept a hand of 7 cards
Mulligan: Ai(3)-mm-jarad-graveyard has kept a hand of 7 cards
Mulligan: Ai(4)-mm-sythis-enchantress has kept a hand of 7 cards
Turn: Turn 1 (Ai(1)-mm-giada-angels)
Phase: Ai(1)-mm-giada-angels' Untap step
Phase: Ai(1)-mm-giada-angels' Upkeep step
Phase: Ai(1)-mm-giada-angels' Draw step
Phase: Ai(1)-mm-giada-angels' Main phase, precombat
Land: Ai(1)-mm-giada-angels played Plains (91)
Phase: Ai(1)-mm-giada-angels' Beginning of Combat Step
Phase: Ai(1)-mm-giada-angels' Declare Attackers Step
Phase: Ai(1)-mm-giada-angels' Declare Blockers Step
Phase: Ai(1)-mm-giada-angels' First Strike Damage Step
Phase: Ai(1)-mm-giada-angels' Combat Damage Step
Phase: Ai(1)-mm-giada-angels' End of Combat Step
Phase: Ai(1)-mm-giada-angels' Main phase, postcombat
Phase: Ai(1)-mm-giada-angels' End step
Phase: Ai(1)-mm-giada-angels' Cleanup step
Turn: Turn 2 (Ai(2)-mm-nekusar-discard)
Phase: Ai(2)-mm-nekusar-discard's Untap step
Phase: Ai(2)-mm-nekusar-discard's Upkeep step
Phase: Ai(2)-mm-nekusar-discard's Draw step
Phase: Ai(2)-mm-nekusar-discard's Main phase, precombat
Land: Ai(2)-mm-nekusar-discard played Mountain (187)
Phase: Ai(2)-mm-nekusar-discard's Beginning of Combat Step
Phase: Ai(2)-mm-nekusar-discard's Declare Attackers Step
Phase: Ai(2)-mm-nekusar-discard's Declare Blockers Step
Phase: Ai(2)-mm-nekusar-discard's First Strike Damage Step
Phase: Ai(2)-mm-nekusar-discard's Combat Damage Step
Phase: Ai(2)-mm-nekusar-discard's End of Combat Step
Phase: Ai(2)-mm-nekusar-discard's Main phase, postcombat
Phase: Ai(2)-mm-nekusar-discard's End step
Phase: Ai(2)-mm-nekusar-discard's Cleanup step
Turn: Turn 3 (Ai(3)-mm-jarad-graveyard)
Phase: Ai(3)-mm-jarad-graveyard's Untap step
Phase: Ai(3)-mm-jarad-graveyard's Upkeep step
Phase: Ai(3)-mm-jarad-graveyard's Draw step
Phase: Ai(3)-mm-jarad-graveyard's Main phase, precombat
Land: Ai(3)-mm-jarad-graveyard played Twilight Mire (276)
Phase: Ai(3)-mm-jarad-graveyard's Beginning of Combat Step
Phase: Ai(3)-mm-jarad-graveyard's Declare Attackers Step
Phase: Ai(3)-mm-jarad-graveyard's Declare Blockers Step
Phase: Ai(3)-mm-jarad-graveyard's First Strike Damage Step
Phase: Ai(3)-mm-jarad-graveyard's Combat Damage Step
Phase: Ai(3)-mm-jarad-graveyard's End of Combat Step
Phase: Ai(3)-mm-jarad-graveyard's Main phase, postcombat
Phase: Ai(3)-mm-jarad-graveyard's End step
Phase: Ai(3)-mm-jarad-graveyard's Cleanup step
Turn: Turn 4 (Ai(4)-mm-sythis-enchantress)
Phase: Ai(4)-mm-sythis-enchantress' Untap step
Phase: Ai(4)-mm-sythis-enchantress' Upkeep step
Phase: Ai(4)-mm-sythis-enchantress' Draw step
Phase: Ai(4)-mm-sythis-enchantress' Main phase, precombat
Land: Ai(4)-mm-sythis-enchantress played Brushland (399)
Phase: Ai(4)-mm-sythis-enchantress' Beginning of Combat Step
Phase: Ai(4)-mm-sythis-enchantress' Declare Attackers Step
Phase: Ai(4)-mm-sythis-enchantress' Declare Blockers Step
Phase: Ai(4)-mm-sythis-enchantress' First Strike Damage Step
Phase: Ai(4)-mm-sythis-enchantress' Combat Damage Step
Phase: Ai(4)-mm-sythis-enchantress' End of Combat Step
Phase: Ai(4)-mm-sythis-enchantress' Main phase, postcombat
Damage: Brushland (399) deals 1 non-combat damage to Ai(4)-mm-sythis-enchantress.
Life: Life: Ai(4)-mm-sythis-enchantress 40 > 39
Mana: Brushland (399) - {T}: Add {G} or {W}. Brushland deals 1 damage to you. 
Add To Stack: Ai(4)-mm-sythis-enchantress cast Exploration
Resolve Stack: Exploration
Replacement Effect: Canopy Vista enters tapped unless you control two or more basic lands.
Land: Ai(4)-mm-sythis-enchantress played Canopy Vista (371)
Phase: Ai(4)-mm-sythis-enchantress' End step
Phase: Ai(4)-mm-sythis-enchantress' Cleanup step
Turn: Turn 5 (Ai(1)-mm-giada-angels)
Phase: Ai(1)-mm-giada-angels' Untap step
Phase: Ai(1)-mm-giada-angels' Upkeep step
Phase: Ai(1)-mm-giada-angels' Draw step
Phase: Ai(1)-mm-giada-angels' Main phase, precombat
Land: Ai(1)-mm-giada-angels played Plains (70)
Phase: Ai(1)-mm-giada-angels' Beginning of Combat Step
Phase: Ai(1)-mm-giada-angels' Declare Attackers Step
Phase: Ai(1)-mm-giada-angels' Declare Blockers Step
Phase: Ai(1)-mm-giada-angels' First Strike Damage Step
Phase: Ai(1)-mm-giada-angels' Combat Damage Step
Phase: Ai(1)-mm-giada-angels' End of Combat Step
Phase: Ai(1)-mm-giada-angels' Main phase, postcombat
Mana: Plains (91) - {T}: Add {W}.
Mana: Plains (70) - {T}: Add {W}.
Add To Stack: Ai(1)-mm-giada-angels cast Giada, Font of Hope
Resolve Stack: Giada, Font of Hope - Creature 2 / 2
Phase: Ai(1)-mm-giada-angels' End step
Phase: Ai(1)-mm-giada-angels' Cleanup step
Turn: Turn 6 (Ai(2)-mm-nekusar-discard)
Phase: Ai(2)-mm-nekusar-discard's Untap step
Phase: Ai(2)-mm-nekusar-discard's Upkeep step
Phase: Ai(2)-mm-nekusar-discard's Draw step
Phase: Ai(2)-mm-nekusar-discard's Main phase, precombat
Land: Ai(2)-mm-nekusar-discard played Island (136)
Phase: Ai(2)-mm-nekusar-discard's Beginning of Combat Step
Phase: Ai(2)-mm-nekusar-discard's Declare Attackers Step
Phase: Ai(2)-mm-nekusar-discard's Declare Blockers Step
Phase: Ai(2)-mm-nekusar-discard's First Strike Damage Step
Phase: Ai(2)-mm-nekusar-discard's Combat Damage Step
Phase: Ai(2)-mm-nekusar-discard's End of Combat Step
Phase: Ai(2)-mm-nekusar-discard's Main phase, postcombat
Phase: Ai(2)-mm-nekusar-discard's End step
Phase: Ai(2)-mm-nekusar-discard's Cleanup step
Turn: Turn 7 (Ai(3)-mm-jarad-graveyard)
Phase: Ai(3)-mm-jarad-graveyard's Untap step
Phase: Ai(3)-mm-jarad-graveyard's Upkeep step
Phase: Ai(3)-mm-jarad-graveyard's Draw step
Phase: Ai(3)-mm-jarad-graveyard's Main phase, precombat
Replacement Effect: Undergrowth Stadium enters tapped unless you have two or more opponents.
Land: Ai(3)-mm-jarad-graveyard played Undergrowth Stadium (294)
Phase: Ai(3)-mm-jarad-graveyard's Beginning of Combat Step
Phase: Ai(3)-mm-jarad-graveyard's Declare Attackers Step
Phase: Ai(3)-mm-jarad-graveyard's Declare Blockers Step
Phase: Ai(3)-mm-jarad-graveyard's First Strike Damage Step
Phase: Ai(3)-mm-jarad-graveyard's Combat Damage Step
Phase: Ai(3)-mm-jarad-graveyard's End of Combat Step
Phase: Ai(3)-mm-jarad-graveyard's Main phase, postcombat
Phase: Ai(3)-mm-jarad-graveyard's End step
Phase: Ai(3)-mm-jarad-graveyard's Cleanup step
Turn: Turn 8 (Ai(4)-mm-sythis-enchantress)
Phase: Ai(4)-mm-sythis-enchantress' Untap step
Phase: Ai(4)-mm-sythis-enchantress' Upkeep step
Phase: Ai(4)-mm-sythis-enchantress' Draw step
Phase: Ai(4)-mm-sythis-enchantress' Main phase, precombat
Land: Ai(4)-mm-sythis-enchantress played Sungrass Prairie (309)
Land: Ai(4)-mm-sythis-enchantress played Plains (390)
Mana: Plains (390) - {T}: Add {W}.
Mana: Canopy Vista (371) - {T}: Add {G}.
Add To Stack: Ai(4)-mm-sythis-enchantress cast Blind Obedience
Resolve Stack: Blind Obedience
Phase: Ai(4)-mm-sythis-enchantress' Beginning of Combat Step
Phase: Ai(4)-mm-sythis-enchantress' Declare Attackers Step
Phase: Ai(4)-mm-sythis-enchantress' Declare Blockers Step
Phase: Ai(4)-mm-sythis-enchantress' First Strike Damage Step
Phase: Ai(4)-mm-sythis-enchantress' Combat Damage Step
Phase: Ai(4)-mm-sythis-enchantress' End of Combat Step
Phase: Ai(4)-mm-sythis-enchantress' Main phase, postcombat
Phase: Ai(4)-mm-sythis-enchantress' End step
Phase: Ai(4)-mm-sythis-enchantress' Cleanup step
Turn: Turn 9 (Ai(1)-mm-giada-angels)
Phase: Ai(1)-mm-giada-angels' Untap step
Phase: Ai(1)-mm-giada-angels' Upkeep step
Phase: Ai(1)-mm-giada-angels' Draw step
Phase: Ai(1)-mm-giada-angels' Main phase, precombat
Phase: Ai(1)-mm-giada-angels' Beginning of Combat Step
Phase: Ai(1)-mm-giada-angels' Declare Attackers Step
Combat: Ai(1)-mm-giada-angels assigned Giada, Font of Hope (100) to attack Ai(4)-mm-sythis-enchantress.
Phase: Ai(1)-mm-giada-angels' Declare Blockers Step
Combat: Ai(4)-mm-sythis-enchantress didn't block Giada, Font of Hope (100).
Phase: Ai(1)-mm-giada-angels' First Strike Damage Step
Phase: Ai(1)-mm-giada-angels' Combat Damage Step
Damage: Giada, Font of Hope (100) deals 2 combat damage to Ai(4)-mm-sythis-enchantress.
Life: Life: Ai(4)-mm-sythis-enchantress 39 > 37
Phase: Ai(1)-mm-giada-angels' End of Combat Step
Phase: Ai(1)-mm-giada-angels' Main phase, postcombat
Mana: Plains (91) - {T}: Add {W}.
Mana: Plains (70) - {T}: Add {W}.
Mana: Giada, Font of Hope (100) - {T}: Add {W}. Spend this mana only to cast an Angel spell.
Add To Stack: Ai(1)-mm-giada-angels cast Righteous Valkyrie
Replacement Effect: Each other Angel you control enters with an additional +1/+1 counter on it for each Angel you already control.
Replacement Effect: Artifacts and creatures your opponents control enter tapped.
Resolve Stack: Righteous Valkyrie - Creature 2 / 4
Phase: Ai(1)-mm-giada-angels' End step
Phase: Ai(1)-mm-giada-angels' Cleanup step
Turn: Turn 10 (Ai(2)-mm-nekusar-discard)
Phase: Ai(2)-mm-nekusar-discard's Untap step
Phase: Ai(2)-mm-nekusar-discard's Upkeep step
Phase: Ai(2)-mm-nekusar-discard's Draw step
Phase: Ai(2)-mm-nekusar-discard's Main phase, precombat
Land: Ai(2)-mm-nekusar-discard played Reliquary Tower (177)
Phase: Ai(2)-mm-nekusar-discard's Beginning of Combat Step
Phase: Ai(2)-mm-nekusar-discard's Declare Attackers Step
Phase: Ai(2)-mm-nekusar-discard's Declare Blockers Step
Phase: Ai(2)-mm-nekusar-discard's First Strike Damage Step
Phase: Ai(2)-mm-nekusar-discard's Combat Damage Step
Phase: Ai(2)-mm-nekusar-discard's End of Combat Step
Phase: Ai(2)-mm-nekusar-discard's Main phase, postcombat
Mana: Island (136) - {T}: Add {U}.
Mana: Reliquary Tower (177) - {T}: Add {C}.
Mana: Mountain (187) - {T}: Add {R}.
Add To Stack: Ai(2)-mm-nekusar-discard cast Propaganda
Resolve Stack: Propaganda
Phase: Ai(2)-mm-nekusar-discard's End step
Phase: Ai(2)-mm-nekusar-discard's Cleanup step
Turn: Turn 11 (Ai(3)-mm-jarad-graveyard)
Phase: Ai(3)-mm-jarad-graveyard's Untap step
Phase: Ai(3)-mm-jarad-graveyard's Upkeep step
Phase: Ai(3)-mm-jarad-graveyard's Draw step
Phase: Ai(3)-mm-jarad-graveyard's Main phase, precombat
Land: Ai(3)-mm-jarad-graveyard played Swamp (270)
Phase: Ai(3)-mm-jarad-graveyard's Beginning of Combat Step
Phase: Ai(3)-mm-jarad-graveyard's Declare Attackers Step
Phase: Ai(3)-mm-jarad-graveyard's Declare Blockers Step
Phase: Ai(3)-mm-jarad-graveyard's First Strike Damage Step
Phase: Ai(3)-mm-jarad-graveyard's Combat Damage Step
Phase: Ai(3)-mm-jarad-graveyard's End of Combat Step
Phase: Ai(3)-mm-jarad-graveyard's Main phase, postcombat
Mana: Undergrowth Stadium (294) - {T}: Add {B} or {G}.
Mana: Swamp (270) - {T}: Add {B}.
Mana: Twilight Mire (276) - {T}: Add {C}.
Add To Stack: Ai(3)-mm-jarad-graveyard cast Ramunap Excavator
Replacement Effect: Artifacts and creatures your opponents control enter tapped.
Resolve Stack: Ramunap Excavator - Creature 2 / 3
Phase: Ai(3)-mm-jarad-graveyard's End step
Phase: Ai(3)-mm-jarad-graveyard's Cleanup step
Turn: Turn 12 (Ai(4)-mm-sythis-enchantress)
Phase: Ai(4)-mm-sythis-enchantress' Untap step
Phase: Ai(4)-mm-sythis-enchantress' Upkeep step
Phase: Ai(4)-mm-sythis-enchantress' Draw step
Phase: Ai(4)-mm-sythis-enchantress' Main phase, precombat
Phase: Ai(4)-mm-sythis-enchantress' Beginning of Combat Step
Phase: Ai(4)-mm-sythis-enchantress' Declare Attackers Step
Phase: Ai(4)-mm-sythis-enchantress' Declare Blockers Step
Phase: Ai(4)-mm-sythis-enchantress' First Strike Damage Step
Phase: Ai(4)-mm-sythis-enchantress' Combat Damage Step
Phase: Ai(4)-mm-sythis-enchantress' End of Combat Step
Phase: Ai(4)-mm-sythis-enchantress' Main phase, postcombat
Mana: Canopy Vista (371) - {T}: Add {G}.
Mana: Plains (390) - {T}: Add {W}.
Mana: Brushland (399) - {T}: Add {C}.
Add To Stack: Ai(4)-mm-sythis-enchantress cast Dryad of the Ilysian Grove
Add To Stack: Ai(4)-mm-sythis-enchantress triggered Blind Obedience
Resolve Stack: Extort (Whenever you cast a spell, you may pay {W/B}. If you do, each opponent loses 1 life and you gain that much life.) [Card: Dryad of the Ilysian Grove (317), Activator: Ai(4)-mm-sythis-enchantress, SpellAbility: Dryad of the Ilysian Grove - Creature 2 / 4]
Resolve Stack: Dryad of the Ilysian Grove - Creature 2 / 4
Mana: Sungrass Prairie (309) - {T}: Add {W}.
Add To Stack: Ai(4)-mm-sythis-enchantress cast Alseid of Life's Bounty
Add To Stack: Ai(4)-mm-sythis-enchantress triggered Blind Obedience
Resolve Stack: Extort (Whenever you cast a spell, you may pay {W/B}. If you do, each opponent loses 1 life and you gain that much life.) [Card: Alseid of Life's Bounty (350), Activator: Ai(4)-mm-sythis-enchantress, SpellAbility: Alseid of Life's Bounty - Creature 1 / 1]
Resolve Stack: Alseid of Life's Bounty - Creature 1 / 1
Phase: Ai(4)-mm-sythis-enchantress' End step
Phase: Ai(4)-mm-sythis-enchantress' Cleanup step
Turn: Turn 13 (Ai(1)-mm-giada-angels)
Phase: Ai(1)-mm-giada-angels' Untap step
Phase: Ai(1)-mm-giada-angels' Upkeep step
Mana: Plains (91) - {T}: Add {W}.
Add To Stack: Ai(1)-mm-giada-angels cast Swords to Plowshares targeting [Dryad of the Ilysian Grove (317)]
Zone Change: Dryad of the Ilysian Grove (317) was put into Exile from Battlefield.
Life: Life: Ai(4)-mm-sythis-enchantress 37 > 39
Resolve Stack: Swords to Plowshares (45) - Exile Dryad of the Ilysian Grove (317). Ai(4)-mm-sythis-enchantress gains life equal to its power.
Phase: Ai(1)-mm-giada-angels' Draw step
Phase: Ai(1)-mm-giada-angels' Main phase, precombat
Land: Ai(1)-mm-giada-angels played Plains (72)
Phase: Ai(1)-mm-giada-angels' Beginning of Combat Step
Phase: Ai(1)-mm-giada-angels' Declare Attackers Step
Combat: Ai(1)-mm-giada-angels assigned Righteous Valkyrie (2) and Giada, Font of Hope (100) to attack Ai(4)-mm-sythis-enchantress.
Phase: Ai(1)-mm-giada-angels' Declare Blockers Step
Combat: Ai(4)-mm-sythis-enchantress didn't block Righteous Valkyrie (2).
Ai(4)-mm-sythis-enchantress didn't block Giada, Font of Hope (100).
Phase: Ai(1)-mm-giada-angels' First Strike Damage Step
Phase: Ai(1)-mm-giada-angels' Combat Damage Step
Damage: Righteous Valkyrie (2) deals 3 combat damage to Ai(4)-mm-sythis-enchantress.
Damage: Giada, Font of Hope (100) deals 2 combat damage to Ai(4)-mm-sythis-enchantress.
Life: Life: Ai(4)-mm-sythis-enchantress 39 > 34
Phase: Ai(1)-mm-giada-angels' End of Combat Step
Phase: Ai(1)-mm-giada-angels' Main phase, postcombat
Mana: Plains (70) - {T}: Add {W}.
Mana: Plains (72) - {T}: Add {W}.
Add To Stack: Ai(1)-mm-giada-angels cast Youthful Valkyrie
Replacement Effect: Each other Angel you control enters with an additional +1/+1 counter on it for each Angel you already control.
Replacement Effect: Artifacts and creatures your opponents control enter tapped.
Resolve Stack: Youthful Valkyrie - Creature 1 / 3
Add To Stack: Ai(1)-mm-giada-angels triggered Righteous Valkyrie
Life: Life: Ai(1)-mm-giada-angels 40 > 45
Resolve Stack: Whenever another Angel or Cleric you control enters, you gain life equal to that creature's toughness. [Zone Changer: Youthful Valkyrie (43)]
Phase: Ai(1)-mm-giada-angels' End step
Phase: Ai(1)-mm-giada-angels' Cleanup step
Turn: Turn 14 (Ai(2)-mm-nekusar-discard)
Phase: Ai(2)-mm-nekusar-discard's Untap step
Phase: Ai(2)-mm-nekusar-discard's Upkeep step
Phase: Ai(2)-mm-nekusar-discard's Draw step
Phase: Ai(2)-mm-nekusar-discard's Main phase, precombat
Replacement Effect: Sulfur Falls enters tapped unless you control an Island or a Mountain.
Land: Ai(2)-mm-nekusar-discard played Sulfur Falls (130)
Phase: Ai(2)-mm-nekusar-discard's Beginning of Combat Step
Phase: Ai(2)-mm-nekusar-discard's Declare Attackers Step
Phase: Ai(2)-mm-nekusar-discard's Declare Blockers Step
Phase: Ai(2)-mm-nekusar-discard's First Strike Damage Step
Phase: Ai(2)-mm-nekusar-discard's Combat Damage Step
Phase: Ai(2)-mm-nekusar-discard's End of Combat Step
Phase: Ai(2)-mm-nekusar-discard's Main phase, postcombat
Phase: Ai(2)-mm-nekusar-discard's End step
Phase: Ai(2)-mm-nekusar-discard's Cleanup step
Turn: Turn 15 (Ai(3)-mm-jarad-graveyard)
Phase: Ai(3)-mm-jarad-graveyard's Untap step
Phase: Ai(3)-mm-jarad-graveyard's Upkeep step
Phase: Ai(3)-mm-jarad-graveyard's Draw step
Phase: Ai(3)-mm-jarad-graveyard's Main phase, precombat
Land: Ai(3)-mm-jarad-graveyard played Forest (234)
Phase: Ai(3)-mm-jarad-graveyard's Beginning of Combat Step
Phase: Ai(3)-mm-jarad-graveyard's Declare Attackers Step
Combat: Ai(3)-mm-jarad-graveyard assigned Ramunap Excavator (225) to attack Ai(1)-mm-giada-angels.
Phase: Ai(3)-mm-jarad-graveyard's Declare Blockers Step
Combat: Ai(1)-mm-giada-angels didn't block Ramunap Excavator (225).
Phase: Ai(3)-mm-jarad-graveyard's First Strike Damage Step
Phase: Ai(3)-mm-jarad-graveyard's Combat Damage Step
Damage: Ramunap Excavator (225) deals 2 combat damage to Ai(1)-mm-giada-angels.
Life: Life: Ai(1)-mm-giada-angels 45 > 43
Phase: Ai(3)-mm-jarad-graveyard's End of Combat Step
Phase: Ai(3)-mm-jarad-graveyard's Main phase, postcombat
Mana: Forest (234) - {T}: Add {G}.
Mana: Undergrowth Stadium (294) - {T}: Add {B} or {G}.
Mana: Swamp (270) - {T}: Add {B}.
Mana: Twilight Mire (276) - {T}: Add {C}.
Add To Stack: Ai(3)-mm-jarad-graveyard cast Conduit of Worlds
Replacement Effect: Artifacts and creatures your opponents control enter tapped.
Resolve Stack: Conduit of Worlds
Phase: Ai(3)-mm-jarad-graveyard's End step
Phase: Ai(3)-mm-jarad-graveyard's Cleanup step
Turn: Turn 16 (Ai(4)-mm-sythis-enchantress)
Phase: Ai(4)-mm-sythis-enchantress' Untap step
Phase: Ai(4)-mm-sythis-enchantress' Upkeep step
Phase: Ai(4)-mm-sythis-enchantress' Draw step
Phase: Ai(4)-mm-sythis-enchantress' Main phase, precombat
Land: Ai(4)-mm-sythis-enchantress played Plains (388)
Phase: Ai(4)-mm-sythis-enchantress' Beginning of Combat Step
Phase: Ai(4)-mm-sythis-enchantress' Declare Attackers Step
Phase: Ai(4)-mm-sythis-enchantress' Declare Blockers Step
Phase: Ai(4)-mm-sythis-enchantress' First Strike Damage Step
Phase: Ai(4)-mm-sythis-enchantress' Combat Damage Step
Phase: Ai(4)-mm-sythis-enchantress' End of Combat Step
Phase: Ai(4)-mm-sythis-enchantress' Main phase, postcombat
Mana: Canopy Vista (371) - {T}: Add {G}.
Mana: Plains (390) - {T}: Add {W}.
Add To Stack: Ai(4)-mm-sythis-enchantress cast Argothian Enchantress
Add To Stack: Ai(4)-mm-sythis-enchantress triggered Blind Obedience
Mana: Plains (388) - {T}: Add {W}.
Life: Life: Ai(1)-mm-giada-angels 43 > 42
Life: Life: Ai(2)-mm-nekusar-discard 40 > 39
Life: Life: Ai(3)-mm-jarad-graveyard 40 > 39
Life: Life: Ai(4)-mm-sythis-enchantress 34 > 37
Resolve Stack: Extort (Whenever you cast a spell, you may pay {W/B}. If you do, each opponent loses 1 life and you gain that much life.) [Card: Argothian Enchantress (383), Activator: Ai(4)-mm-sythis-enchantress, SpellAbility: Argothian Enchantress - Creature 0 / 1]
Resolve Stack: Argothian Enchantress - Creature 0 / 1
Phase: Ai(4)-mm-sythis-enchantress' End step
Phase: Ai(4)-mm-sythis-enchantress' Cleanup step
Turn: Turn 17 (Ai(1)-mm-giada-angels)
Phase: Ai(1)-mm-giada-angels' Untap step
Phase: Ai(1)-mm-giada-angels' Upkeep step
Mana: Plains (91) - {T}: Add {W}.
Mana: Plains (70) - {T}: Add {W}.
Mana: Plains (72) - {T}: Add {W}.
Add To Stack: Ai(1)-mm-giada-angels cast Stroke of Midnight targeting [Conduit of Worlds (288)]
Zone Change: Conduit of Worlds (288) was put into Graveyard from Battlefield.
Replacement Effect: Artifacts and creatures your opponents control enter tapped.
Resolve Stack: Stroke of Midnight (65) - Destroy Conduit of Worlds (288). 
Phase: Ai(1)-mm-giada-angels' Draw step
Phase: Ai(1)-mm-giada-angels' Main phase, precombat
Phase: Ai(1)-mm-giada-angels' Beginning of Combat Step
Phase: Ai(1)-mm-giada-angels' Declare Attackers Step
Combat: Ai(1)-mm-giada-angels assigned Righteous Valkyrie (2), Youthful Valkyrie (43) and Giada, Font of Hope (100) to attack Ai(4)-mm-sythis-enchantress.
Phase: Ai(1)-mm-giada-angels' Declare Blockers Step
Combat: Ai(4)-mm-sythis-enchantress didn't block Righteous Valkyrie (2).
Ai(4)-mm-sythis-enchantress didn't block Youthful Valkyrie (43).
Ai(4)-mm-sythis-enchantress didn't block Giada, Font of Hope (100).
Phase: Ai(1)-mm-giada-angels' First Strike Damage Step
Phase: Ai(1)-mm-giada-angels' Combat Damage Step
Damage: Righteous Valkyrie (2) deals 3 combat damage to Ai(4)-mm-sythis-enchantress.
Damage: Youthful Valkyrie (43) deals 3 combat damage to Ai(4)-mm-sythis-enchantress.
Damage: Giada, Font of Hope (100) deals 2 combat damage to Ai(4)-mm-sythis-enchantress.
Life: Life: Ai(4)-mm-sythis-enchantress 37 > 29
Phase: Ai(1)-mm-giada-angels' End of Combat Step
Phase: Ai(1)-mm-giada-angels' Main phase, postcombat
Phase: Ai(1)-mm-giada-angels' End step
Phase: Ai(1)-mm-giada-angels' Cleanup step
Turn: Turn 18 (Ai(2)-mm-nekusar-discard)
Phase: Ai(2)-mm-nekusar-discard's Untap step
Phase: Ai(2)-mm-nekusar-discard's Upkeep step
Phase: Ai(2)-mm-nekusar-discard's Draw step
Phase: Ai(2)-mm-nekusar-discard's Main phase, precombat
Land: Ai(2)-mm-nekusar-discard played Mountain (188)
Mana: Mountain (187) - {T}: Add {R}.
Mana: Reliquary Tower (177) - {T}: Add {C}.
Add To Stack: Ai(2)-mm-nekusar-discard cast Blasphemous Act
Damage: Blasphemous Act (121) deals 13 damage to Giada, Font of Hope (100).
Damage: Blasphemous Act (121) deals 13 damage to Righteous Valkyrie (2).
Damage: Blasphemous Act (121) deals 13 damage to Youthful Valkyrie (43).
Damage: Blasphemous Act (121) deals 13 damage to Ramunap Excavator (225).
Damage: Blasphemous Act (121) deals 13 damage to Human Token (406).
Damage: Blasphemous Act (121) deals 13 damage to Alseid of Life's Bounty (350).
Damage: Blasphemous Act (121) deals 13 damage to Argothian Enchantress (383).
Resolve Stack: Blasphemous Act (121) - Deals 13 damage to each creature.
Zone Change: Ramunap Excavator (225) was put into Graveyard from Battlefield.
Zone Change: Human Token (406) was put into Graveyard from Battlefield.
Zone Change: Alseid of Life's Bounty (350) was put into Graveyard from Battlefield.
Zone Change: Argothian Enchantress (383) was put into Graveyard from Battlefield.
Zone Change: Giada, Font of Hope (100) was put into Graveyard from Battlefield.
Zone Change: Righteous Valkyrie (2) was put into Graveyard from Battlefield.
Zone Change: Youthful Valkyrie (43) was put into Graveyard from Battlefield.
Phase: Ai(2)-mm-nekusar-discard's Beginning of Combat Step
Phase: Ai(2)-mm-nekusar-discard's Declare Attackers Step
Phase: Ai(2)-mm-nekusar-discard's Declare Blockers Step
Phase: Ai(2)-mm-nekusar-discard's First Strike Damage Step
Phase: Ai(2)-mm-nekusar-discard's Combat Damage Step
Phase: Ai(2)-mm-nekusar-discard's End of Combat Step
Phase: Ai(2)-mm-nekusar-discard's Main phase, postcombat
Mana: Mountain (188) - {T}: Add {R}.
Add To Stack: Ai(2)-mm-nekusar-discard cast Sol Ring
Replacement Effect: Artifacts and creatures your opponents control enter tapped.
Resolve Stack: Sol Ring
Phase: Ai(2)-mm-nekusar-discard's End step
Phase: Ai(2)-mm-nekusar-discard's Cleanup step
Turn: Turn 19 (Ai(3)-mm-jarad-graveyard)
Phase: Ai(3)-mm-jarad-graveyard's Untap step
Phase: Ai(3)-mm-jarad-graveyard's Upkeep step
Phase: Ai(3)-mm-jarad-graveyard's Draw step
Phase: Ai(3)-mm-jarad-graveyard's Main phase, precombat
Land: Ai(3)-mm-jarad-graveyard played Command Tower (212)
Phase: Ai(3)-mm-jarad-graveyard's Beginning of Combat Step
Phase: Ai(3)-mm-jarad-graveyard's Declare Attackers Step
Phase: Ai(3)-mm-jarad-graveyard's Declare Blockers Step
Phase: Ai(3)-mm-jarad-graveyard's First Strike Damage Step
Phase: Ai(3)-mm-jarad-graveyard's Combat Damage Step
Phase: Ai(3)-mm-jarad-graveyard's End of Combat Step
Phase: Ai(3)-mm-jarad-graveyard's Main phase, postcombat
Mana: Swamp (270) - {T}: Add {B}.
Mana: Undergrowth Stadium (294) - {T}: Add {B} or {G}.
Mana: Forest (234) - {T}: Add {G}.
Mana: Command Tower (212) - {T}: Add one mana of any color in your commander's color identity.
Add To Stack: Ai(3)-mm-jarad-graveyard cast Jarad, Golgari Lich Lord
Replacement Effect: Artifacts and creatures your opponents control enter tapped.
Resolve Stack: Jarad, Golgari Lich Lord - Creature 2 / 2
Phase: Ai(3)-mm-jarad-graveyard's End step
Phase: Ai(3)-mm-jarad-graveyard's Cleanup step
Turn: Turn 20 (Ai(4)-mm-sythis-enchantress)
Phase: Ai(4)-mm-sythis-enchantress' Untap step
Phase: Ai(4)-mm-sythis-enchantress' Upkeep step
Phase: Ai(4)-mm-sythis-enchantress' Draw step
Phase: Ai(4)-mm-sythis-enchantress' Main phase, precombat
Mana: Canopy Vista (371) - {T}: Add {G}.
Mana: Plains (390) - {T}: Add {W}.
Mana: Plains (388) - {T}: Add {W}.
Add To Stack: Ai(4)-mm-sythis-enchantress cast Overgrowth targeting [Sungrass Prairie (309)]
Add To Stack: Ai(4)-mm-sythis-enchantress triggered Blind Obedience
Damage: Brushland (399) deals 1 non-combat damage to Ai(4)-mm-sythis-enchantress.
Life: Life: Ai(4)-mm-sythis-enchantress 29 > 28
Mana: Brushland (399) - {T}: Add {G} or {W}. Brushland deals 1 damage to you. 
Life: Life: Ai(1)-mm-giada-angels 42 > 41
Life: Life: Ai(2)-mm-nekusar-discard 39 > 38
Life: Life: Ai(3)-mm-jarad-graveyard 39 > 38
Life: Life: Ai(4)-mm-sythis-enchantress 28 > 31
Resolve Stack: Extort (Whenever you cast a spell, you may pay {W/B}. If you do, each opponent loses 1 life and you gain that much life.) [Card: Overgrowth (363), Activator: Ai(4)-mm-sythis-enchantress, SpellAbility: Overgrowth]
Resolve Stack: Overgrowth (363) -  Attach to Sungrass Prairie (309)
Phase: Ai(4)-mm-sythis-enchantress' Beginning of Combat Step
Phase: Ai(4)-mm-sythis-enchantress' Declare Attackers Step
Phase: Ai(4)-mm-sythis-enchantress' Declare Blockers Step
Phase: Ai(4)-mm-sythis-enchantress' First Strike Damage Step
Phase: Ai(4)-mm-sythis-enchantress' Combat Damage Step
Phase: Ai(4)-mm-sythis-enchantress' End of Combat Step
Phase: Ai(4)-mm-sythis-enchantress' Main phase, postcombat
Phase: Ai(4)-mm-sythis-enchantress' End step
Phase: Ai(4)-mm-sythis-enchantress' Cleanup step
Turn: Turn 21 (Ai(1)-mm-giada-angels)
Phase: Ai(1)-mm-giada-angels' Untap step
Phase: Ai(1)-mm-giada-angels' Upkeep step
Phase: Ai(1)-mm-giada-angels' Draw step
Phase: Ai(1)-mm-giada-angels' Main phase, precombat
Phase: Ai(1)-mm-giada-angels' Beginning of Combat Step
Phase: Ai(1)-mm-giada-angels' Declare Attackers Step
Phase: Ai(1)-mm-giada-angels' Declare Blockers Step
Phase: Ai(1)-mm-giada-angels' First Strike Damage Step
Phase: Ai(1)-mm-giada-angels' Combat Damage Step
Phase: Ai(1)-mm-giada-angels' End of Combat Step
Phase: Ai(1)-mm-giada-angels' Main phase, postcombat
Mana: Plains (91) - {T}: Add {W}.
Mana: Plains (70) - {T}: Add {W}.
Add To Stack: Ai(1)-mm-giada-angels cast Folk Hero
Resolve Stack: Folk Hero
Mana: Plains (72) - {T}: Add {W}.
Add To Stack: Ai(1)-mm-giada-angels cast Authority of the Consuls
Resolve Stack: Authority of the Consuls
Phase: Ai(1)-mm-giada-angels' End step
Phase: Ai(1)-mm-giada-angels' Cleanup step
Turn: Turn 22 (Ai(2)-mm-nekusar-discard)
Phase: Ai(2)-mm-nekusar-discard's Untap step
Phase: Ai(2)-mm-nekusar-discard's Upkeep step
Phase: Ai(2)-mm-nekusar-discard's Draw step
Phase: Ai(2)-mm-nekusar-discard's Main phase, precombat
Phase: Ai(2)-mm-nekusar-discard's Beginning of Combat Step
Phase: Ai(2)-mm-nekusar-discard's Declare Attackers Step
Phase: Ai(2)-mm-nekusar-discard's Declare Blockers Step
Phase: Ai(2)-mm-nekusar-discard's First Strike Damage Step
Phase: Ai(2)-mm-nekusar-discard's Combat Damage Step
Phase: Ai(2)-mm-nekusar-discard's End of Combat Step
Phase: Ai(2)-mm-nekusar-discard's Main phase, postcombat
Phase: Ai(2)-mm-nekusar-discard's End step
Phase: Ai(2)-mm-nekusar-discard's Cleanup step
Turn: Turn 23 (Ai(3)-mm-jarad-graveyard)
Phase: Ai(3)-mm-jarad-graveyard's Untap step
Phase: Ai(3)-mm-jarad-graveyard's Upkeep step
Phase: Ai(3)-mm-jarad-graveyard's Draw step
Phase: Ai(3)-mm-jarad-graveyard's Main phase, precombat
Phase: Ai(3)-mm-jarad-graveyard's Beginning of Combat Step
Phase: Ai(3)-mm-jarad-graveyard's Declare Attackers Step
Combat: Ai(3)-mm-jarad-graveyard assigned Jarad, Golgari Lich Lord (302) to attack Ai(4)-mm-sythis-enchantress.
Phase: Ai(3)-mm-jarad-graveyard's Declare Blockers Step
Combat: Ai(4)-mm-sythis-enchantress didn't block Jarad, Golgari Lich Lord (302).
Phase: Ai(3)-mm-jarad-graveyard's First Strike Damage Step
Phase: Ai(3)-mm-jarad-graveyard's Combat Damage Step
Damage: Jarad, Golgari Lich Lord (302) deals 3 combat damage to Ai(4)-mm-sythis-enchantress.
Life: Life: Ai(4)-mm-sythis-enchantress 31 > 28
Phase: Ai(3)-mm-jarad-graveyard's End of Combat Step
Phase: Ai(3)-mm-jarad-graveyard's Main phase, postcombat
Mana: Forest (234) - {T}: Add {G}.
Mana: Swamp (270) - {T}: Add {B}.
Mana: Undergrowth Stadium (294) - {T}: Add {B} or {G}.
Add To Stack: Ai(3)-mm-jarad-graveyard cast Cultivate
Resolve Stack: Cultivate (242) - Search your library for up to two basic land cards, reveal those cards, put one onto the battlefield tapped and the other into your hand, then shuffle.   
Land: Ai(3)-mm-jarad-graveyard played Swamp (265)
Mana: Command Tower (212) - {T}: Add one mana of any color in your commander's color identity.
Mana: Swamp (265) - {T}: Add {B}.
Add To Stack: Ai(3)-mm-jarad-graveyard cast Sakura-Tribe Elder
Replacement Effect: Creatures your opponents control enter tapped.
Replacement Effect: Artifacts and creatures your opponents control enter tapped.
Resolve Stack: Sakura-Tribe Elder - Creature 1 / 1
Add To Stack: Ai(1)-mm-giada-angels triggered Authority of the Consuls
Zone Change: Sakura-Tribe Elder (286) was put into Graveyard from Battlefield.
Add To Stack: Ai(3)-mm-jarad-graveyard activated Sakura-Tribe Elder
Resolve Stack: Sakura-Tribe Elder (286) - Ai(3)-mm-jarad-graveyard searches their library for a basic land card, puts it onto the battlefield tapped, then shuffles.
Life: Life: Ai(1)-mm-giada-angels 41 > 42
Resolve Stack: Whenever a creature an opponent controls enters, you gain 1 life. [Zone Changer: Sakura-Tribe Elder (286)]
Phase: Ai(3)-mm-jarad-graveyard's End step
Phase: Ai(3)-mm-jarad-graveyard's Cleanup step
Turn: Turn 24 (Ai(4)-mm-sythis-enchantress)
Phase: Ai(4)-mm-sythis-enchantress' Untap step
Phase: Ai(4)-mm-sythis-enchantress' Upkeep step
Phase: Ai(4)-mm-sythis-enchantress' Draw step
Phase: Ai(4)-mm-sythis-enchantress' Main phase, precombat
Land: Ai(4)-mm-sythis-enchantress played Plains (389)
Phase: Ai(4)-mm-sythis-enchantress' Beginning of Combat Step
Phase: Ai(4)-mm-sythis-enchantress' Declare Attackers Step
Phase: Ai(4)-mm-sythis-enchantress' Declare Blockers Step
Phase: Ai(4)-mm-sythis-enchantress' First Strike Damage Step
Phase: Ai(4)-mm-sythis-enchantress' Combat Damage Step
Phase: Ai(4)-mm-sythis-enchantress' End of Combat Step
Phase: Ai(4)-mm-sythis-enchantress' Main phase, postcombat
Mana: Plains (390) - {T}: Add {W}.
Mana: Plains (388) - {T}: Add {W}.
Mana: Plains (389) - {T}: Add {W}.
Mana: Canopy Vista (371) - {T}: Add {G}.
Mana: Brushland (399) - {T}: Add {C}.
Add To Stack: Ai(4)-mm-sythis-enchantress cast Sigil of the Empty Throne
Add To Stack: Ai(4)-mm-sythis-enchantress triggered Blind Obedience
Resolve Stack: Extort (Whenever you cast a spell, you may pay {W/B}. If you do, each opponent loses 1 life and you gain that much life.) [Card: Sigil of the Empty Throne (335), Activator: Ai(4)-mm-sythis-enchantress, SpellAbility: Sigil of the Empty Throne]
Resolve Stack: Sigil of the Empty Throne
Phase: Ai(4)-mm-sythis-enchantress' End step
Phase: Ai(4)-mm-sythis-enchantress' Cleanup step
Turn: Turn 25 (Ai(1)-mm-giada-angels)
Phase: Ai(1)-mm-giada-angels' Untap step
Phase: Ai(1)-mm-giada-angels' Upkeep step
Phase: Ai(1)-mm-giada-angels' Draw step
Phase: Ai(1)-mm-giada-angels' Main phase, precombat
Phase: Ai(1)-mm-giada-angels' Beginning of Combat Step
Phase: Ai(1)-mm-giada-angels' Declare Attackers Step
Phase: Ai(1)-mm-giada-angels' Declare Blockers Step
Phase: Ai(1)-mm-giada-angels' First Strike Damage Step
Phase: Ai(1)-mm-giada-angels' Combat Damage Step
Phase: Ai(1)-mm-giada-angels' End of Combat Step
Phase: Ai(1)-mm-giada-angels' Main phase, postcombat
Phase: Ai(1)-mm-giada-angels' End step
Phase: Ai(1)-mm-giada-angels' Cleanup step
Turn: Turn 26 (Ai(2)-mm-nekusar-discard)
Phase: Ai(2)-mm-nekusar-discard's Untap step
Phase: Ai(2)-mm-nekusar-discard's Upkeep step
Phase: Ai(2)-mm-nekusar-discard's Draw step
Phase: Ai(2)-mm-nekusar-discard's Main phase, precombat
Phase: Ai(2)-mm-nekusar-discard's Beginning of Combat Step
Phase: Ai(2)-mm-nekusar-discard's Declare Attackers Step
Phase: Ai(2)-mm-nekusar-discard's Declare Blockers Step
Phase: Ai(2)-mm-nekusar-discard's First Strike Damage Step
Phase: Ai(2)-mm-nekusar-discard's Combat Damage Step
Phase: Ai(2)-mm-nekusar-discard's End of Combat Step
Phase: Ai(2)-mm-nekusar-discard's Main phase, postcombat
Mana: Island (136) - {T}: Add {U}.
Mana: Sulfur Falls (130) - {T}: Add {U} or {R}.
Add To Stack: Ai(2)-mm-nekusar-discard cast Kami of the Crescent Moon
Replacement Effect: Creatures your opponents control enter tapped.
Replacement Effect: Artifacts and creatures your opponents control enter tapped.
Resolve Stack: Kami of the Crescent Moon - Creature 1 / 3
Add To Stack: Ai(1)-mm-giada-angels triggered Authority of the Consuls
Life: Life: Ai(1)-mm-giada-angels 42 > 43
Resolve Stack: Whenever a creature an opponent controls enters, you gain 1 life. [Zone Changer: Kami of the Crescent Moon (114)]
Phase: Ai(2)-mm-nekusar-discard's End step
Phase: Ai(2)-mm-nekusar-discard's Cleanup step
Turn: Turn 27 (Ai(3)-mm-jarad-graveyard)
Phase: Ai(3)-mm-jarad-graveyard's Untap step
Phase: Ai(3)-mm-jarad-graveyard's Upkeep step
Phase: Ai(3)-mm-jarad-graveyard's Draw step
Add To Stack: Ai(2)-mm-nekusar-discard triggered Kami of the Crescent Moon
Resolve Stack: At the beginning of each player's draw step, that player draws an additional card. [Phase: Ai(3)-mm-jarad-graveyard]
Phase: Ai(3)-mm-jarad-graveyard's Main phase, precombat
Phase: Ai(3)-mm-jarad-graveyard's Beginning of Combat Step
Phase: Ai(3)-mm-jarad-graveyard's Declare Attackers Step
Mana: Forest (234) - {T}: Add {G}.
Mana: Forest (237) - {T}: Add {G}.
Combat: Ai(3)-mm-jarad-graveyard assigned Jarad, Golgari Lich Lord (302) to attack Ai(2)-mm-nekusar-discard.
Phase: Ai(3)-mm-jarad-graveyard's Declare Blockers Step
Combat: Ai(2)-mm-nekusar-discard didn't block Jarad, Golgari Lich Lord (302).
Phase: Ai(3)-mm-jarad-graveyard's First Strike Damage Step
Phase: Ai(3)-mm-jarad-graveyard's Combat Damage Step
Damage: Jarad, Golgari Lich Lord (302) deals 4 combat damage to Ai(2)-mm-nekusar-discard.
Life: Life: Ai(2)-mm-nekusar-discard 38 > 34
Phase: Ai(3)-mm-jarad-graveyard's End of Combat Step
Phase: Ai(3)-mm-jarad-graveyard's Main phase, postcombat
Mana: Swamp (270) - {T}: Add {B}.
Add To Stack: Ai(3)-mm-jarad-graveyard cast Deathrite Shaman
Replacement Effect: Creatures your opponents control enter tapped.
Replacement Effect: Artifacts and creatures your opponents control enter tapped.
Resolve Stack: Deathrite Shaman - Creature 1 / 2
Add To Stack: Ai(1)-mm-giada-angels triggered Authority of the Consuls
Life: Life: Ai(1)-mm-giada-angels 43 > 44
Resolve Stack: Whenever a creature an opponent controls enters, you gain 1 life. [Zone Changer: Deathrite Shaman (297)]
Phase: Ai(3)-mm-jarad-graveyard's End step
Phase: Ai(3)-mm-jarad-graveyard's Cleanup step
Turn: Turn 28 (Ai(4)-mm-sythis-enchantress)
Phase: Ai(4)-mm-sythis-enchantress' Untap step
Phase: Ai(4)-mm-sythis-enchantress' Upkeep step
Phase: Ai(4)-mm-sythis-enchantress' Draw step
Add To Stack: Ai(2)-mm-nekusar-discard triggered Kami of the Crescent Moon
Resolve Stack: At the beginning of each player's draw step, that player draws an additional card. [Phase: Ai(4)-mm-sythis-enchantress]
Phase: Ai(4)-mm-sythis-enchantress' Main phase, precombat
Replacement Effect: As Temple Garden enters, you may pay 2 life. If you don't, it enters tapped.
Land: Ai(4)-mm-sythis-enchantress played Temple Garden (376)
Land: Ai(4)-mm-sythis-enchantress played Forest (342)
Phase: Ai(4)-mm-sythis-enchantress' Beginning of Combat Step
Phase: Ai(4)-mm-sythis-enchantress' Declare Attackers Step
Phase: Ai(4)-mm-sythis-enchantress' Declare Blockers Step
Phase: Ai(4)-mm-sythis-enchantress' First Strike Damage Step
Phase: Ai(4)-mm-sythis-enchantress' Combat Damage Step
Phase: Ai(4)-mm-sythis-enchantress' End of Combat Step
Phase: Ai(4)-mm-sythis-enchantress' Main phase, postcombat
Mana: Forest (342) - {T}: Add {G}.
Mana: Plains (390) - {T}: Add {W}.
Add To Stack: Ai(4)-mm-sythis-enchantress cast Sythis, Harvest's Hand
Add To Stack: Ai(4)-mm-sythis-enchantress triggered Blind Obedience
Add To Stack: Ai(4)-mm-sythis-enchantress triggered Sigil of the Empty Throne
Replacement Effect: Creatures your opponents control enter tapped.
Resolve Stack: Whenever you cast an enchantment spell, create a 4/4 white Angel creature token with flying. [Card: Sythis, Harvest's Hand (403), Activator: Ai(4)-mm-sythis-enchantress, SpellAbility: Sythis, Harvest's Hand - Creature 1 / 2]
Add To Stack: Ai(1)-mm-giada-angels triggered Authority of the Consuls
Life: Life: Ai(1)-mm-giada-angels 44 > 45
Resolve Stack: Whenever a creature an opponent controls enters, you gain 1 life. [Zone Changer: Angel Token (409)]
Mana: Plains (388) - {T}: Add {W}.
Life: Life: Ai(1)-mm-giada-angels 45 > 44
Life: Life: Ai(2)-mm-nekusar-discard 34 > 33
Life: Life: Ai(3)-mm-jarad-graveyard 38 > 37
Life: Life: Ai(4)-mm-sythis-enchantress 28 > 31
Resolve Stack: Extort (Whenever you cast a spell, you may pay {W/B}. If you do, each opponent loses 1 life and you gain that much life.) [Card: Sythis, Harvest's Hand (403), Activator: Ai(4)-mm-sythis-enchantress, SpellAbility: Sythis, Harvest's Hand - Creature 1 / 2]
Replacement Effect: Creatures your opponents control enter tapped.
Resolve Stack: Sythis, Harvest's Hand - Creature 1 / 2
Add To Stack: Ai(1)-mm-giada-angels triggered Authority of the Consuls
Life: Life: Ai(1)-mm-giada-angels 44 > 45
Resolve Stack: Whenever a creature an opponent controls enters, you gain 1 life. [Zone Changer: Sythis, Harvest's Hand (403)]
Phase: Ai(4)-mm-sythis-enchantress' End step
Phase: Ai(4)-mm-sythis-enchantress' Cleanup step
Turn: Turn 29 (Ai(1)-mm-giada-angels)
Phase: Ai(1)-mm-giada-angels' Untap step
Phase: Ai(1)-mm-giada-angels' Upkeep step
Phase: Ai(1)-mm-giada-angels' Draw step
Add To Stack: Ai(2)-mm-nekusar-discard triggered Kami of the Crescent Moon
Resolve Stack: At the beginning of each player's draw step, that player draws an additional card. [Phase: Ai(1)-mm-giada-angels]
Phase: Ai(1)-mm-giada-angels' Main phase, precombat
Phase: Ai(1)-mm-giada-angels' Beginning of Combat Step
Phase: Ai(1)-mm-giada-angels' Declare Attackers Step
Phase: Ai(1)-mm-giada-angels' Declare Blockers Step
Phase: Ai(1)-mm-giada-angels' First Strike Damage Step
Phase: Ai(1)-mm-giada-angels' Combat Damage Step
Phase: Ai(1)-mm-giada-angels' End of Combat Step
Phase: Ai(1)-mm-giada-angels' Main phase, postcombat
Replacement Effect: Path of Ancestry enters tapped.
Land: Ai(1)-mm-giada-angels played Path of Ancestry (12)
Mana: Plains (91) - {T}: Add {W}.
Mana: Plains (70) - {T}: Add {W}.
Add To Stack: Ai(1)-mm-giada-angels cast Luminarch Ascension
Resolve Stack: Luminarch Ascension
Phase: Ai(1)-mm-giada-angels' End step
Phase: Ai(1)-mm-giada-angels' Cleanup step
Turn: Turn 30 (Ai(2)-mm-nekusar-discard)
Phase: Ai(2)-mm-nekusar-discard's Untap step
Phase: Ai(2)-mm-nekusar-discard's Upkeep step
Phase: Ai(2)-mm-nekusar-discard's Draw step
Add To Stack: Ai(2)-mm-nekusar-discard triggered Kami of the Crescent Moon
Resolve Stack: At the beginning of each player's draw step, that player draws an additional card. [Phase: Ai(2)-mm-nekusar-discard]
Phase: Ai(2)-mm-nekusar-discard's Main phase, precombat
Phase: Ai(2)-mm-nekusar-discard's Beginning of Combat Step
Phase: Ai(2)-mm-nekusar-discard's Declare Attackers Step
Combat: Ai(2)-mm-nekusar-discard assigned Kami of the Crescent Moon (114) to attack Ai(4)-mm-sythis-enchantress.
Phase: Ai(2)-mm-nekusar-discard's Declare Blockers Step
Combat: Ai(4)-mm-sythis-enchantress didn't block Kami of the Crescent Moon (114).
Phase: Ai(2)-mm-nekusar-discard's First Strike Damage Step
Phase: Ai(2)-mm-nekusar-discard's Combat Damage Step
Damage: Kami of the Crescent Moon (114) deals 1 combat damage to Ai(4)-mm-sythis-enchantress.
Life: Life: Ai(4)-mm-sythis-enchantress 31 > 30
Phase: Ai(2)-mm-nekusar-discard's End of Combat Step
Phase: Ai(2)-mm-nekusar-discard's Main phase, postcombat
Mana: Mountain (187) - {T}: Add {R}.
Mana: Mountain (188) - {T}: Add {R}.
Mana: Reliquary Tower (177) - {T}: Add {C}.
Mana: Sol Ring (120) - {T}: Add {C}{C}.
Add To Stack: Ai(2)-mm-nekusar-discard cast Solphim, Mayhem Dominus
Replacement Effect: Creatures your opponents control enter tapped.
Replacement Effect: Artifacts and creatures your opponents control enter tapped.
Resolve Stack: Solphim, Mayhem Dominus - Creature 5 / 4
Add To Stack: Ai(1)-mm-giada-angels triggered Authority of the Consuls
Life: Life: Ai(1)-mm-giada-angels 45 > 46
Resolve Stack: Whenever a creature an opponent controls enters, you gain 1 life. [Zone Changer: Solphim, Mayhem Dominus (112)]
Phase: Ai(2)-mm-nekusar-discard's End step
Add To Stack: Ai(1)-mm-giada-angels triggered Luminarch Ascension
Resolve Stack: At the beginning of each opponent's end step, if you didn't lose life this turn, you may put a quest counter on Luminarch Ascension. (Damage causes loss of life.) [Phase: Ai(2)-mm-nekusar-discard]
Phase: Ai(2)-mm-nekusar-discard's Cleanup step
Turn: Turn 31 (Ai(3)-mm-jarad-graveyard)
Phase: Ai(3)-mm-jarad-graveyard's Untap step
Phase: Ai(3)-mm-jarad-graveyard's Upkeep step
Phase: Ai(3)-mm-jarad-graveyard's Draw step
Add To Stack: Ai(2)-mm-nekusar-discard triggered Kami of the Crescent Moon
Resolve Stack: At the beginning of each player's draw step, that player draws an additional card. [Phase: Ai(3)-mm-jarad-graveyard]
Phase: Ai(3)-mm-jarad-graveyard's Main phase, precombat
Phase: Ai(3)-mm-jarad-graveyard's Beginning of Combat Step
Phase: Ai(3)-mm-jarad-graveyard's Declare Attackers Step
Combat: Ai(3)-mm-jarad-graveyard assigned Jarad, Golgari Lich Lord (302) and Deathrite Shaman (297) to attack Ai(4)-mm-sythis-enchantress.
Phase: Ai(3)-mm-jarad-graveyard's Declare Blockers Step
Combat: Ai(4)-mm-sythis-enchantress didn't block Jarad, Golgari Lich Lord (302).
Ai(4)-mm-sythis-enchantress didn't block Deathrite Shaman (297).
Phase: Ai(3)-mm-jarad-graveyard's First Strike Damage Step
Phase: Ai(3)-mm-jarad-graveyard's Combat Damage Step
Damage: Jarad, Golgari Lich Lord (302) deals 4 combat damage to Ai(4)-mm-sythis-enchantress.
Damage: Deathrite Shaman (297) deals 1 combat damage to Ai(4)-mm-sythis-enchantress.
Life: Life: Ai(4)-mm-sythis-enchantress 30 > 25
Phase: Ai(3)-mm-jarad-graveyard's End of Combat Step
Phase: Ai(3)-mm-jarad-graveyard's Main phase, postcombat
Mana: Forest (234) - {T}: Add {G}.
Add To Stack: Ai(3)-mm-jarad-graveyard cast Birds of Paradise
Replacement Effect: Creatures your opponents control enter tapped.
Replacement Effect: Artifacts and creatures your opponents control enter tapped.
Resolve Stack: Birds of Paradise - Creature 0 / 1
Add To Stack: Ai(1)-mm-giada-angels triggered Authority of the Consuls
Life: Life: Ai(1)-mm-giada-angels 46 > 47
Resolve Stack: Whenever a creature an opponent controls enters, you gain 1 life. [Zone Changer: Birds of Paradise (282)]
Phase: Ai(3)-mm-jarad-graveyard's End step
Add To Stack: Ai(1)-mm-giada-angels triggered Luminarch Ascension
Resolve Stack: At the beginning of each opponent's end step, if you didn't lose life this turn, you may put a quest counter on Luminarch Ascension. (Damage causes loss of life.) [Phase: Ai(3)-mm-jarad-graveyard]
Phase: Ai(3)-mm-jarad-graveyard's Cleanup step
Turn: Turn 32 (Ai(4)-mm-sythis-enchantress)
Phase: Ai(4)-mm-sythis-enchantress' Untap step
Phase: Ai(4)-mm-sythis-enchantress' Upkeep step
Phase: Ai(4)-mm-sythis-enchantress' Draw step
Add To Stack: Ai(2)-mm-nekusar-discard triggered Kami of the Crescent Moon
Resolve Stack: At the beginning of each player's draw step, that player draws an additional card. [Phase: Ai(4)-mm-sythis-enchantress]
Phase: Ai(4)-mm-sythis-enchantress' Main phase, precombat
Land: Ai(4)-mm-sythis-enchantress played Forest (343)
Phase: Ai(4)-mm-sythis-enchantress' Beginning of Combat Step
Phase: Ai(4)-mm-sythis-enchantress' Declare Attackers Step
Mana: Forest (342) - {T}: Add {G}.
Mana: Forest (343) - {T}: Add {G}.
Mana: Plains (390) - {T}: Add {W}.
Mana: Plains (388) - {T}: Add {W}.
Combat: Ai(4)-mm-sythis-enchantress assigned Angel Token (409) and Sythis, Harvest's Hand (403) to attack Ai(2)-mm-nekusar-discard.
Phase: Ai(4)-mm-sythis-enchantress' Declare Blockers Step
Combat: Ai(2)-mm-nekusar-discard didn't block Angel Token (409).
Ai(2)-mm-nekusar-discard didn't block Sythis, Harvest's Hand (403).
Phase: Ai(4)-mm-sythis-enchantress' First Strike Damage Step
Phase: Ai(4)-mm-sythis-enchantress' Combat Damage Step
Damage: Angel Token (409) deals 4 combat damage to Ai(2)-mm-nekusar-discard.
Damage: Sythis, Harvest's Hand (403) deals 1 combat damage to Ai(2)-mm-nekusar-discard.
Life: Life: Ai(2)-mm-nekusar-discard 33 > 28
Phase: Ai(4)-mm-sythis-enchantress' End of Combat Step
Phase: Ai(4)-mm-sythis-enchantress' Main phase, postcombat
Mana: Plains (389) - {T}: Add {W}.
Mana: Canopy Vista (371) - {T}: Add {G}.
Mana: Temple Garden (376) - {T}: Add {G}.
Mana: Brushland (399) - {T}: Add {C}.
Add To Stack: Ai(4)-mm-sythis-enchantress cast Smothering Tithe
Add To Stack: Ai(4)-mm-sythis-enchantress triggered Blind Obedience
Add To Stack: Ai(4)-mm-sythis-enchantress triggered Sythis, Harvest's Hand
Add To Stack: Ai(4)-mm-sythis-enchantress triggered Sigil of the Empty Throne
Replacement Effect: Creatures your opponents control enter tapped.
Resolve Stack: Whenever you cast an enchantment spell, create a 4/4 white Angel creature token with flying. [Card: Smothering Tithe (319), Activator: Ai(4)-mm-sythis-enchantress, SpellAbility: Smothering Tithe]
Add To Stack: Ai(1)-mm-giada-angels triggered Authority of the Consuls
Life: Life: Ai(1)-mm-giada-angels 47 > 48
Resolve Stack: Whenever a creature an opponent controls enters, you gain 1 life. [Zone Changer: Angel Token (412)]
Life: Life: Ai(4)-mm-sythis-enchantress 25 > 26
Resolve Stack: Whenever you cast an enchantment spell, you gain 1 life and draw a card. [Card: Smothering Tithe (319), Activator: Ai(4)-mm-sythis-enchantress, SpellAbility: Smothering Tithe]
Resolve Stack: Extort (Whenever you cast a spell, you may pay {W/B}. If you do, each opponent loses 1 life and you gain that much life.) [Card: Smothering Tithe (319), Activator: Ai(4)-mm-sythis-enchantress, SpellAbility: Smothering Tithe]
Resolve Stack: Smothering Tithe
Land: Ai(4)-mm-sythis-enchantress played Branchloft Pathway (379)
Phase: Ai(4)-mm-sythis-enchantress' End step
Add To Stack: Ai(1)-mm-giada-angels triggered Luminarch Ascension
Resolve Stack: At the beginning of each opponent's end step, if you didn't lose life this turn, you may put a quest counter on Luminarch Ascension. (Damage causes loss of life.) [Phase: Ai(4)-mm-sythis-enchantress]
Phase: Ai(4)-mm-sythis-enchantress' Cleanup step
Turn: Turn 33 (Ai(1)-mm-giada-angels)
Phase: Ai(1)-mm-giada-angels' Untap step
Phase: Ai(1)-mm-giada-angels' Upkeep step
Phase: Ai(1)-mm-giada-angels' Draw step
Add To Stack: Ai(2)-mm-nekusar-discard triggered Kami of the Crescent Moon
Add To Stack: Ai(4)-mm-sythis-enchantress triggered Smothering Tithe
Resolve Stack: Whenever an opponent draws a card, that player may pay {2}. If the player doesn't, you create a Treasure token. (It's an artifact with "{T}, Sacrifice this token: Add one mana of any color.") [Player: Ai(1)-mm-giada-angels]
Resolve Stack: At the beginning of each player's draw step, that player draws an additional card. [Phase: Ai(1)-mm-giada-angels]
Add To Stack: Ai(4)-mm-sythis-enchantress triggered Smothering Tithe
Resolve Stack: Whenever an opponent draws a card, that player may pay {2}. If the player doesn't, you create a Treasure token. (It's an artifact with "{T}, Sacrifice this token: Add one mana of any color.") [Player: Ai(1)-mm-giada-angels]
Phase: Ai(1)-mm-giada-angels' Main phase, precombat
Phase: Ai(1)-mm-giada-angels' Beginning of Combat Step
Phase: Ai(1)-mm-giada-angels' Declare Attackers Step
Phase: Ai(1)-mm-giada-angels' Declare Blockers Step
Phase: Ai(1)-mm-giada-angels' First Strike Damage Step
Phase: Ai(1)-mm-giada-angels' Combat Damage Step
Phase: Ai(1)-mm-giada-angels' End of Combat Step
Phase: Ai(1)-mm-giada-angels' Main phase, postcombat
Mana: Plains (91) - {T}: Add {W}.
Mana: Plains (70) - {T}: Add {W}.
Mana: Plains (72) - {T}: Add {W}.
Mana: Path of Ancestry (12) - {T}: Add one mana of any color in your commander's color identity. When that mana is spent to cast a creature spell that shares a creature type with your commander, scry 1. (Look at the top card of your library. You may put that card on the bottom.)
Add To Stack: Ai(1)-mm-giada-angels cast Archangel of Tithes
Add To Stack: Ai(1)-mm-giada-angels triggered Path of Ancestry
Resolve Stack: Ai(1)-mm-giada-angels scried 1 card(s) to the top of the library
Resolve Stack: When mana produced by Path of Ancestry is spent to cast a creature spell that shares a creature type with your commander, scry 1. ([Archangel of Tithes - Creature 3 / 5]) [Card: Archangel of Tithes (4), Activator: Ai(1)-mm-giada-angels, SpellAbility: Archangel of Tithes - Creature 3 / 5]
Replacement Effect: Artifacts and creatures your opponents control enter tapped.
Resolve Stack: Archangel of Tithes - Creature 3 / 5
Phase: Ai(1)-mm-giada-angels' End step
Phase: Ai(1)-mm-giada-angels' Cleanup step
Turn: Turn 34 (Ai(2)-mm-nekusar-discard)
Phase: Ai(2)-mm-nekusar-discard's Untap step
Phase: Ai(2)-mm-nekusar-discard's Upkeep step
Phase: Ai(2)-mm-nekusar-discard's Draw step
Add To Stack: Ai(2)-mm-nekusar-discard triggered Kami of the Crescent Moon
Add To Stack: Ai(4)-mm-sythis-enchantress triggered Smothering Tithe
Resolve Stack: Whenever an opponent draws a card, that player may pay {2}. If the player doesn't, you create a Treasure token. (It's an artifact with "{T}, Sacrifice this token: Add one mana of any color.") [Player: Ai(2)-mm-nekusar-discard]
Resolve Stack: At the beginning of each player's draw step, that player draws an additional card. [Phase: Ai(2)-mm-nekusar-discard]
Add To Stack: Ai(4)-mm-sythis-enchantress triggered Smothering Tithe
Resolve Stack: Whenever an opponent draws a card, that player may pay {2}. If the player doesn't, you create a Treasure token. (It's an artifact with "{T}, Sacrifice this token: Add one mana of any color.") [Player: Ai(2)-mm-nekusar-discard]
Phase: Ai(2)-mm-nekusar-discard's Main phase, precombat
Land: Ai(2)-mm-nekusar-discard played Command Tower (115)
Mana: Command Tower (115) - {T}: Add one mana of any color in your commander's color identity.
Mana: Mountain (187) - {T}: Add {R}.
Add To Stack: Ai(2)-mm-nekusar-discard cast Terminate targeting [Angel Token (409)]
Zone Change: Angel Token (409) was put into Graveyard from Battlefield.
Resolve Stack: Terminate (168) - Destroy Angel Token (409). It can't be regenerated.
Phase: Ai(2)-mm-nekusar-discard's Beginning of Combat Step
Phase: Ai(2)-mm-nekusar-discard's Declare Attackers Step
Combat: Ai(2)-mm-nekusar-discard assigned Solphim, Mayhem Dominus (112) and Kami of the Crescent Moon (114) to attack Ai(4)-mm-sythis-enchantress.
Phase: Ai(2)-mm-nekusar-discard's Declare Blockers Step
Combat: Ai(4)-mm-sythis-enchantress didn't block Solphim, Mayhem Dominus (112).
Ai(4)-mm-sythis-enchantress didn't block Kami of the Crescent Moon (114).
Phase: Ai(2)-mm-nekusar-discard's First Strike Damage Step
Phase: Ai(2)-mm-nekusar-discard's Combat Damage Step
Damage: Solphim, Mayhem Dominus (112) deals 5 combat damage to Ai(4)-mm-sythis-enchantress.
Damage: Kami of the Crescent Moon (114) deals 1 combat damage to Ai(4)-mm-sythis-enchantress.
Life: Life: Ai(4)-mm-sythis-enchantress 26 > 20
Phase: Ai(2)-mm-nekusar-discard's End of Combat Step
Phase: Ai(2)-mm-nekusar-discard's Main phase, postcombat
Mana: Mountain (188) - {T}: Add {R}.
Mana: Sulfur Falls (130) - {T}: Add {U} or {R}.
Add To Stack: Ai(2)-mm-nekusar-discard cast Razorkin Needlehead
Replacement Effect: Creatures your opponents control enter tapped.
Replacement Effect: Artifacts and creatures your opponents control enter tapped.
Resolve Stack: Razorkin Needlehead - Creature 2 / 2
Add To Stack: Ai(1)-mm-giada-angels triggered Authority of the Consuls
Life: Life: Ai(1)-mm-giada-angels 48 > 49
Resolve Stack: Whenever a creature an opponent controls enters, you gain 1 life. [Zone Changer: Razorkin Needlehead (132)]
Phase: Ai(2)-mm-nekusar-discard's End step
Add To Stack: Ai(1)-mm-giada-angels triggered Luminarch Ascension
Resolve Stack: At the beginning of each opponent's end step, if you didn't lose life this turn, you may put a quest counter on Luminarch Ascension. (Damage causes loss of life.) [Phase: Ai(2)-mm-nekusar-discard]
Phase: Ai(2)-mm-nekusar-discard's Cleanup step
Turn: Turn 35 (Ai(3)-mm-jarad-graveyard)
Phase: Ai(3)-mm-jarad-graveyard's Untap step
Phase: Ai(3)-mm-jarad-graveyard's Upkeep step
Phase: Ai(3)-mm-jarad-graveyard's Draw step
Add To Stack: Ai(4)-mm-sythis-enchantress triggered Smothering Tithe
Add To Stack: Ai(2)-mm-nekusar-discard triggered Razorkin Needlehead
Add To Stack: Ai(2)-mm-nekusar-discard triggered Kami of the Crescent Moon
Resolve Stack: At the beginning of each player's draw step, that player draws an additional card. [Phase: Ai(3)-mm-jarad-graveyard]
Add To Stack: Ai(4)-mm-sythis-enchantress triggered Smothering Tithe
Add To Stack: Ai(2)-mm-nekusar-discard triggered Razorkin Needlehead
Replacement Effect: If a source you control would deal noncombat damage to an opponent or a permanent an opponent controls, it deals double that damage to that player or permanent instead.
Damage: Razorkin Needlehead (132) deals 2 non-combat damage to Ai(3)-mm-jarad-graveyard.
Life: Life: Ai(3)-mm-jarad-graveyard 37 > 35
Resolve Stack: Whenever an opponent draws a card, Razorkin Needlehead deals 1 damage to them. [Player: Ai(3)-mm-jarad-graveyard]
Resolve Stack: Whenever an opponent draws a card, that player may pay {2}. If the player doesn't, you create a Treasure token. (It's an artifact with "{T}, Sacrifice this token: Add one mana of any color.") [Player: Ai(3)-mm-jarad-graveyard]
Replacement Effect: If a source you control would deal noncombat damage to an opponent or a permanent an opponent controls, it deals double that damage to that player or permanent instead.
Damage: Razorkin Needlehead (132) deals 2 non-combat damage to Ai(3)-mm-jarad-graveyard.
Life: Life: Ai(3)-mm-jarad-graveyard 35 > 33
Resolve Stack: Whenever an opponent draws a card, Razorkin Needlehead deals 1 damage to them. [Player: Ai(3)-mm-jarad-graveyard]
Resolve Stack: Whenever an opponent draws a card, that player may pay {2}. If the player doesn't, you create a Treasure token. (It's an artifact with "{T}, Sacrifice this token: Add one mana of any color.") [Player: Ai(3)-mm-jarad-graveyard]
Phase: Ai(3)-mm-jarad-graveyard's Main phase, precombat
Land: Ai(3)-mm-jarad-graveyard played Forest (230)
Mana: Swamp (270) - {T}: Add {B}.
Mana: Forest (234) - {T}: Add {G}.
Mana: Forest (237) - {T}: Add {G}.
Mana: Forest (230) - {T}: Add {G}.
Add To Stack: Ai(3)-mm-jarad-graveyard cast Rise of the Witch-king
Zone Change: Birds of Paradise (282) was put into Graveyard from Battlefield.
Zone Change: Sythis, Harvest's Hand (403) was put into Graveyard from Battlefield.
Zone Change: Archangel of Tithes (4) was put into Graveyard from Battlefield.
Zone Change: Kami of the Crescent Moon (114) was put into Graveyard from Battlefield.
Replacement Effect: Artifacts and creatures your opponents control enter tapped.
Resolve Stack: Rise of the Witch-king (208) - Ai(3)-mm-jarad-graveyard, Ai(4)-mm-sythis-enchantress, Ai(1)-mm-giada-angels and Ai(2)-mm-nekusar-discard sacrifice a creature. Ai(3)-mm-jarad-graveyard returns up to one Permanent.YouCtrl+!IsRemembered card from their graveyard to the battlefield. 
Mana: Undergrowth Stadium (294) - {T}: Add {B} or {G}.
Mana: Swamp (267) - {T}: Add {B}.
Add To Stack: Ai(3)-mm-jarad-graveyard cast Rampant Growth
Resolve Stack: Rampant Growth (289) - Search your library for a basic land card, put that card onto the battlefield tapped, then shuffle.
Phase: Ai(3)-mm-jarad-graveyard's Beginning of Combat Step
Phase: Ai(3)-mm-jarad-graveyard's Declare Attackers Step
Combat: Ai(3)-mm-jarad-graveyard assigned Jarad, Golgari Lich Lord (302) and Deathrite Shaman (297) to attack Ai(4)-mm-sythis-enchantress.
Phase: Ai(3)-mm-jarad-graveyard's Declare Blockers Step
Combat: Ai(4)-mm-sythis-enchantress didn't block Jarad, Golgari Lich Lord (302).
Ai(4)-mm-sythis-enchantress didn't block Deathrite Shaman (297).
Phase: Ai(3)-mm-jarad-graveyard's First Strike Damage Step
Phase: Ai(3)-mm-jarad-graveyard's Combat Damage Step
Damage: Jarad, Golgari Lich Lord (302) deals 5 combat damage to Ai(4)-mm-sythis-enchantress.
Damage: Deathrite Shaman (297) deals 1 combat damage to Ai(4)-mm-sythis-enchantress.
Life: Life: Ai(4)-mm-sythis-enchantress 20 > 14
Phase: Ai(3)-mm-jarad-graveyard's End of Combat Step
Phase: Ai(3)-mm-jarad-graveyard's Main phase, postcombat
Phase: Ai(3)-mm-jarad-graveyard's End step
Add To Stack: Ai(1)-mm-giada-angels triggered Luminarch Ascension
Resolve Stack: At the beginning of each opponent's end step, if you didn't lose life this turn, you may put a quest counter on Luminarch Ascension. (Damage causes loss of life.) [Phase: Ai(3)-mm-jarad-graveyard]
Phase: Ai(3)-mm-jarad-graveyard's Cleanup step
Turn: Turn 36 (Ai(4)-mm-sythis-enchantress)
Phase: Ai(4)-mm-sythis-enchantress' Untap step
Phase: Ai(4)-mm-sythis-enchantress' Upkeep step
Phase: Ai(4)-mm-sythis-enchantress' Draw step
Add To Stack: Ai(2)-mm-nekusar-discard triggered Razorkin Needlehead
Replacement Effect: If a source you control would deal noncombat damage to an opponent or a permanent an opponent controls, it deals double that damage to that player or permanent instead.
Damage: Razorkin Needlehead (132) deals 2 non-combat damage to Ai(4)-mm-sythis-enchantress.
Life: Life: Ai(4)-mm-sythis-enchantress 14 > 12
Resolve Stack: Whenever an opponent draws a card, Razorkin Needlehead deals 1 damage to them. [Player: Ai(4)-mm-sythis-enchantress]
Phase: Ai(4)-mm-sythis-enchantress' Main phase, precombat
Phase: Ai(4)-mm-sythis-enchantress' Beginning of Combat Step
Phase: Ai(4)-mm-sythis-enchantress' Declare Attackers Step
Combat: Ai(4)-mm-sythis-enchantress assigned Angel Token (412) to attack Ai(3)-mm-jarad-graveyard.
Phase: Ai(4)-mm-sythis-enchantress' Declare Blockers Step
Combat: Ai(3)-mm-jarad-graveyard didn't block Angel Token (412).
Phase: Ai(4)-mm-sythis-enchantress' First Strike Damage Step
Phase: Ai(4)-mm-sythis-enchantress' Combat Damage Step
Damage: Angel Token (412) deals 4 combat damage to Ai(3)-mm-jarad-graveyard.
Life: Life: Ai(3)-mm-jarad-graveyard 33 > 29
Phase: Ai(4)-mm-sythis-enchantress' End of Combat Step
Phase: Ai(4)-mm-sythis-enchantress' Main phase, postcombat
Mana: Plains (390) - {T}: Add {W}.
Mana: Forest (342) - {T}: Add {G}.
Mana: Plains (388) - {T}: Add {W}.
Mana: Plains (389) - {T}: Add {W}.
Add To Stack: Ai(4)-mm-sythis-enchantress cast Sythis, Harvest's Hand
Add To Stack: Ai(4)-mm-sythis-enchantress triggered Blind Obedience
Add To Stack: Ai(4)-mm-sythis-enchantress triggered Sigil of the Empty Throne
Replacement Effect: Creatures your opponents control enter tapped.
Resolve Stack: Whenever you cast an enchantment spell, create a 4/4 white Angel creature token with flying. [Card: Sythis, Harvest's Hand (403), Activator: Ai(4)-mm-sythis-enchantress, SpellAbility: Sythis, Harvest's Hand - Creature 1 / 2]
Add To Stack: Ai(1)-mm-giada-angels triggered Authority of the Consuls
Life: Life: Ai(1)-mm-giada-angels 49 > 50
Resolve Stack: Whenever a creature an opponent controls enters, you gain 1 life. [Zone Changer: Angel Token (479)]
Mana: Canopy Vista (371) - {T}: Add {W}.
Life: Life: Ai(1)-mm-giada-angels 50 > 49
Life: Life: Ai(2)-mm-nekusar-discard 28 > 27
Life: Life: Ai(3)-mm-jarad-graveyard 29 > 28
Life: Life: Ai(4)-mm-sythis-enchantress 12 > 15
Resolve Stack: Extort (Whenever you cast a spell, you may pay {W/B}. If you do, each opponent loses 1 life and you gain that much life.) [Card: Sythis, Harvest's Hand (403), Activator: Ai(4)-mm-sythis-enchantress, SpellAbility: Sythis, Harvest's Hand - Creature 1 / 2]
Replacement Effect: Creatures your opponents control enter tapped.
Resolve Stack: Sythis, Harvest's Hand - Creature 1 / 2
Add To Stack: Ai(1)-mm-giada-angels triggered Authority of the Consuls
Life: Life: Ai(1)-mm-giada-angels 49 > 50
Resolve Stack: Whenever a creature an opponent controls enters, you gain 1 life. [Zone Changer: Sythis, Harvest's Hand (403)]
Phase: Ai(4)-mm-sythis-enchantress' End step
Phase: Ai(4)-mm-sythis-enchantress' Cleanup step
Turn: Turn 37 (Ai(1)-mm-giada-angels)
Phase: Ai(1)-mm-giada-angels' Untap step
Phase: Ai(1)-mm-giada-angels' Upkeep step
Phase: Ai(1)-mm-giada-angels' Draw step
Add To Stack: Ai(2)-mm-nekusar-discard triggered Razorkin Needlehead
Add To Stack: Ai(4)-mm-sythis-enchantress triggered Smothering Tithe
Resolve Stack: Whenever an opponent draws a card, that player may pay {2}. If the player doesn't, you create a Treasure token. (It's an artifact with "{T}, Sacrifice this token: Add one mana of any color.") [Player: Ai(1)-mm-giada-angels]
Replacement Effect: If a source you control would deal noncombat damage to an opponent or a permanent an opponent controls, it deals double that damage to that player or permanent instead.
Damage: Razorkin Needlehead (132) deals 2 non-combat damage to Ai(1)-mm-giada-angels.
Life: Life: Ai(1)-mm-giada-angels 50 > 48
Resolve Stack: Whenever an opponent draws a card, Razorkin Needlehead deals 1 damage to them. [Player: Ai(1)-mm-giada-angels]
Phase: Ai(1)-mm-giada-angels' Main phase, precombat
Phase: Ai(1)-mm-giada-angels' Beginning of Combat Step
Phase: Ai(1)-mm-giada-angels' Declare Attackers Step
Phase: Ai(1)-mm-giada-angels' Declare Blockers Step
Phase: Ai(1)-mm-giada-angels' First Strike Damage Step
Phase: Ai(1)-mm-giada-angels' Combat Damage Step
Phase: Ai(1)-mm-giada-angels' End of Combat Step
Phase: Ai(1)-mm-giada-angels' Main phase, postcombat
Mana: Plains (91) - {T}: Add {W}.
Mana: Plains (70) - {T}: Add {W}.
Mana: Plains (72) - {T}: Add {W}.
Mana: Path of Ancestry (12) - {T}: Add one mana of any color in your commander's color identity. When that mana is spent to cast a creature spell that shares a creature type with your commander, scry 1. (Look at the top card of your library. You may put that card on the bottom.)
Add To Stack: Ai(1)-mm-giada-angels cast Linvala, Keeper of Silence
Add To Stack: Ai(1)-mm-giada-angels triggered Path of Ancestry
Resolve Stack: Ai(1)-mm-giada-angels scried 1 card(s) to the top of the library
Resolve Stack: When mana produced by Path of Ancestry is spent to cast a creature spell that shares a creature type with your commander, scry 1. ([Linvala, Keeper of Silence - Creature 3 / 4]) [Card: Linvala, Keeper of Silence (21), Activator: Ai(1)-mm-giada-angels, SpellAbility: Linvala, Keeper of Silence - Creature 3 / 4]
Replacement Effect: Artifacts and creatures your opponents control enter tapped.
Resolve Stack: Linvala, Keeper of Silence - Creature 3 / 4
Phase: Ai(1)-mm-giada-angels' End step
Phase: Ai(1)-mm-giada-angels' Cleanup step
Turn: Turn 38 (Ai(2)-mm-nekusar-discard)
Phase: Ai(2)-mm-nekusar-discard's Untap step
Phase: Ai(2)-mm-nekusar-discard's Upkeep step
Phase: Ai(2)-mm-nekusar-discard's Draw step
Add To Stack: Ai(4)-mm-sythis-enchantress triggered Smothering Tithe
Resolve Stack: Whenever an opponent draws a card, that player may pay {2}. If the player doesn't, you create a Treasure token. (It's an artifact with "{T}, Sacrifice this token: Add one mana of any color.") [Player: Ai(2)-mm-nekusar-discard]
Phase: Ai(2)-mm-nekusar-discard's Main phase, precombat
Land: Ai(2)-mm-nekusar-discard played Island (141)
Phase: Ai(2)-mm-nekusar-discard's Beginning of Combat Step
Phase: Ai(2)-mm-nekusar-discard's Declare Attackers Step
Combat: Ai(2)-mm-nekusar-discard assigned Solphim, Mayhem Dominus (112) and Razorkin Needlehead (132) to attack Ai(4)-mm-sythis-enchantress.
Phase: Ai(2)-mm-nekusar-discard's Declare Blockers Step
Combat: Ai(4)-mm-sythis-enchantress didn't block Solphim, Mayhem Dominus (112).
Ai(4)-mm-sythis-enchantress didn't block Razorkin Needlehead (132).
Phase: Ai(2)-mm-nekusar-discard's First Strike Damage Step
Damage: Razorkin Needlehead (132) deals 2 combat damage to Ai(4)-mm-sythis-enchantress.
Life: Life: Ai(4)-mm-sythis-enchantress 15 > 13
Phase: Ai(2)-mm-nekusar-discard's Combat Damage Step
Damage: Solphim, Mayhem Dominus (112) deals 5 combat damage to Ai(4)-mm-sythis-enchantress.
Life: Life: Ai(4)-mm-sythis-enchantress 13 > 8
Phase: Ai(2)-mm-nekusar-discard's End of Combat Step
Phase: Ai(2)-mm-nekusar-discard's Main phase, postcombat
Mana: Command Tower (115) - {T}: Add one mana of any color in your commander's color identity.
Mana: Island (136) - {T}: Add {U}.
Mana: Mountain (187) - {T}: Add {R}.
Mana: Reliquary Tower (177) - {T}: Add {C}.
Mana: Sol Ring (120) - {T}: Add {C}{C}.
Add To Stack: Ai(2)-mm-nekusar-discard cast Nekusar, the Mindrazer
Replacement Effect: Creatures your opponents control enter tapped.
Replacement Effect: Artifacts and creatures your opponents control enter tapped.
Resolve Stack: Nekusar, the Mindrazer - Creature 2 / 4
Add To Stack: Ai(1)-mm-giada-angels triggered Authority of the Consuls
Life: Life: Ai(1)-mm-giada-angels 48 > 49
Resolve Stack: Whenever a creature an opponent controls enters, you gain 1 life. [Zone Changer: Nekusar, the Mindrazer (201)]
Mana: Mountain (188) - {T}: Add {R}.
Add To Stack: Ai(2)-mm-nekusar-discard cast Arcane Signet
Replacement Effect: Artifacts and creatures your opponents control enter tapped.
Resolve Stack: Arcane Signet
Phase: Ai(2)-mm-nekusar-discard's End step
Add To Stack: Ai(1)-mm-giada-angels triggered Luminarch Ascension
Resolve Stack: At the beginning of each opponent's end step, if you didn't lose life this turn, you may put a quest counter on Luminarch Ascension. (Damage causes loss of life.) [Phase: Ai(2)-mm-nekusar-discard]
Phase: Ai(2)-mm-nekusar-discard's Cleanup step
Turn: Turn 39 (Ai(3)-mm-jarad-graveyard)
Phase: Ai(3)-mm-jarad-graveyard's Untap step
Phase: Ai(3)-mm-jarad-graveyard's Upkeep step
Phase: Ai(3)-mm-jarad-graveyard's Draw step
Add To Stack: Ai(4)-mm-sythis-enchantress triggered Smothering Tithe
Add To Stack: Ai(2)-mm-nekusar-discard triggered Razorkin Needlehead
Add To Stack: Ai(2)-mm-nekusar-discard triggered Nekusar, the Mindrazer
Add To Stack: Ai(2)-mm-nekusar-discard triggered Nekusar, the Mindrazer
Resolve Stack: At the beginning of each player's draw step, that player draws an additional card. [Phase: Ai(3)-mm-jarad-graveyard]
Add To Stack: Ai(4)-mm-sythis-enchantress triggered Smothering Tithe
Add To Stack: Ai(2)-mm-nekusar-discard triggered Razorkin Needlehead
Add To Stack: Ai(2)-mm-nekusar-discard triggered Nekusar, the Mindrazer
Replacement Effect: If a source you control would deal noncombat damage to an opponent or a permanent an opponent controls, it deals double that damage to that player or permanent instead.
Damage: Nekusar, the Mindrazer (201) deals 2 non-combat damage to Ai(3)-mm-jarad-graveyard.
Life: Life: Ai(3)-mm-jarad-graveyard 28 > 26
Resolve Stack: Whenever an opponent draws a card, Nekusar, the Mindrazer deals 1 damage to that player. [Player: Ai(3)-mm-jarad-graveyard]
Replacement Effect: If a source you control would deal noncombat damage to an opponent or a permanent an opponent controls, it deals double that damage to that player or permanent instead.
Damage: Razorkin Needlehead (132) deals 2 non-combat damage to Ai(3)-mm-jarad-graveyard.
Life: Life: Ai(3)-mm-jarad-graveyard 26 > 24
Resolve Stack: Whenever an opponent draws a card, Razorkin Needlehead deals 1 damage to them. [Player: Ai(3)-mm-jarad-graveyard]
Resolve Stack: Whenever an opponent draws a card, that player may pay {2}. If the player doesn't, you create a Treasure token. (It's an artifact with "{T}, Sacrifice this token: Add one mana of any color.") [Player: Ai(3)-mm-jarad-graveyard]
Replacement Effect: If a source you control would deal noncombat damage to an opponent or a permanent an opponent controls, it deals double that damage to that player or permanent instead.
Damage: Nekusar, the Mindrazer (201) deals 2 non-combat damage to Ai(3)-mm-jarad-graveyard.
Life: Life: Ai(3)-mm-jarad-graveyard 24 > 22
Resolve Stack: Whenever an opponent draws a card, Nekusar, the Mindrazer deals 1 damage to that player. [Player: Ai(3)-mm-jarad-graveyard]
Replacement Effect: If a source you control would deal noncombat damage to an opponent or a permanent an opponent controls, it deals double that damage to that player or permanent instead.
Damage: Razorkin Needlehead (132) deals 2 non-combat damage to Ai(3)-mm-jarad-graveyard.
Life: Life: Ai(3)-mm-jarad-graveyard 22 > 20
Resolve Stack: Whenever an opponent draws a card, Razorkin Needlehead deals 1 damage to them. [Player: Ai(3)-mm-jarad-graveyard]
Resolve Stack: Whenever an opponent draws a card, that player may pay {2}. If the player doesn't, you create a Treasure token. (It's an artifact with "{T}, Sacrifice this token: Add one mana of any color.") [Player: Ai(3)-mm-jarad-graveyard]
Phase: Ai(3)-mm-jarad-graveyard's Main phase, precombat
Land: Ai(3)-mm-jarad-graveyard played Forest (228)
Phase: Ai(3)-mm-jarad-graveyard's Beginning of Combat Step
Phase: Ai(3)-mm-jarad-graveyard's Declare Attackers Step
Combat: Ai(3)-mm-jarad-graveyard assigned Jarad, Golgari Lich Lord (302) and Deathrite Shaman (297) to attack Ai(4)-mm-sythis-enchantress.
Phase: Ai(3)-mm-jarad-graveyard's Declare Blockers Step
Combat: Ai(4)-mm-sythis-enchantress didn't block Jarad, Golgari Lich Lord (302).
Ai(4)-mm-sythis-enchantress didn't block Deathrite Shaman (297).
Phase: Ai(3)-mm-jarad-graveyard's First Strike Damage Step
Phase: Ai(3)-mm-jarad-graveyard's Combat Damage Step
Damage: Jarad, Golgari Lich Lord (302) deals 5 combat damage to Ai(4)-mm-sythis-enchantress.
Damage: Deathrite Shaman (297) deals 1 combat damage to Ai(4)-mm-sythis-enchantress.
Life: Life: Ai(4)-mm-sythis-enchantress 8 > 2
Phase: Ai(3)-mm-jarad-graveyard's End of Combat Step
Phase: Ai(3)-mm-jarad-graveyard's Main phase, postcombat
Add To Stack: Ai(3)-mm-jarad-graveyard activated Conduit of Worlds targeting [Ramunap Excavator (225)]
Mana: Forest (234) - {T}: Add {G}.
Mana: Forest (237) - {T}: Add {G}.
Mana: Forest (230) - {T}: Add {G}.
Add To Stack: Ai(3)-mm-jarad-graveyard cast Ramunap Excavator
Resolve Stack: Conduit of Worlds (288) - Ai(3)-mm-jarad-graveyard may cast Ramunap Excavator (225).  
Replacement Effect: Creatures your opponents control enter tapped.
Replacement Effect: Artifacts and creatures your opponents control enter tapped.
Resolve Stack: Ramunap Excavator - Creature 2 / 3
Add To Stack: Ai(1)-mm-giada-angels triggered Authority of the Consuls
Life: Life: Ai(1)-mm-giada-angels 49 > 50
Resolve Stack: Whenever a creature an opponent controls enters, you gain 1 life. [Zone Changer: Ramunap Excavator (225)]
Phase: Ai(3)-mm-jarad-graveyard's End step
Add To Stack: Ai(1)-mm-giada-angels triggered Luminarch Ascension
Resolve Stack: At the beginning of each opponent's end step, if you didn't lose life this turn, you may put a quest counter on Luminarch Ascension. (Damage causes loss of life.) [Phase: Ai(3)-mm-jarad-graveyard]
Phase: Ai(3)-mm-jarad-graveyard's Cleanup step
Turn: Turn 40 (Ai(4)-mm-sythis-enchantress)
Phase: Ai(4)-mm-sythis-enchantress' Untap step
Phase: Ai(4)-mm-sythis-enchantress' Upkeep step
Phase: Ai(4)-mm-sythis-enchantress' Draw step
Add To Stack: Ai(2)-mm-nekusar-discard triggered Razorkin Needlehead
Add To Stack: Ai(2)-mm-nekusar-discard triggered Nekusar, the Mindrazer
Add To Stack: Ai(2)-mm-nekusar-discard triggered Nekusar, the Mindrazer
Resolve Stack: At the beginning of each player's draw step, that player draws an additional card. [Phase: Ai(4)-mm-sythis-enchantress]
Add To Stack: Ai(2)-mm-nekusar-discard triggered Razorkin Needlehead
Add To Stack: Ai(2)-mm-nekusar-discard triggered Nekusar, the Mindrazer
Replacement Effect: If a source you control would deal noncombat damage to an opponent or a permanent an opponent controls, it deals double that damage to that player or permanent instead.
Damage: Nekusar, the Mindrazer (201) deals 2 non-combat damage to Ai(4)-mm-sythis-enchantress.
Life: Life: Ai(4)-mm-sythis-enchantress 2 > 0
Resolve Stack: Whenever an opponent draws a card, Nekusar, the Mindrazer deals 1 damage to that player. [Player: Ai(4)-mm-sythis-enchantress]
Resolve Stack: Whenever an opponent draws a card, Razorkin Needlehead deals 1 damage to them. [Player: Ai(4)-mm-sythis-enchantress]
Resolve Stack: Whenever an opponent draws a card, Nekusar, the Mindrazer deals 1 damage to that player. [Player: Ai(4)-mm-sythis-enchantress]
Resolve Stack: Whenever an opponent draws a card, Razorkin Needlehead deals 1 damage to them. [Player: Ai(4)-mm-sythis-enchantress]
Phase: Ai(4)-mm-sythis-enchantress' Main phase, precombat
Phase: Ai(4)-mm-sythis-enchantress' Beginning of Combat Step
Phase: Ai(4)-mm-sythis-enchantress' Declare Attackers Step
Phase: Ai(4)-mm-sythis-enchantress' Declare Blockers Step
Phase: Ai(4)-mm-sythis-enchantress' First Strike Damage Step
Phase: Ai(4)-mm-sythis-enchantress' Combat Damage Step
Phase: Ai(4)-mm-sythis-enchantress' End of Combat Step
Phase: Ai(4)-mm-sythis-enchantress' Main phase, postcombat
Phase: Ai(4)-mm-sythis-enchantress' End step
Add To Stack: Ai(1)-mm-giada-angels triggered Luminarch Ascension
Resolve Stack: At the beginning of each opponent's end step, if you didn't lose life this turn, you may put a quest counter on Luminarch Ascension. (Damage causes loss of life.) [Phase: Ai(4)-mm-sythis-enchantress]
Phase: Ai(4)-mm-sythis-enchantress' Cleanup step
Turn: Turn 41 (Ai(1)-mm-giada-angels)
Phase: Ai(1)-mm-giada-angels' Untap step
Phase: Ai(1)-mm-giada-angels' Upkeep step
Phase: Ai(1)-mm-giada-angels' Draw step
Add To Stack: Ai(2)-mm-nekusar-discard triggered Razorkin Needlehead
Add To Stack: Ai(2)-mm-nekusar-discard triggered Nekusar, the Mindrazer
Add To Stack: Ai(2)-mm-nekusar-discard triggered Nekusar, the Mindrazer
Resolve Stack: At the beginning of each player's draw step, that player draws an additional card. [Phase: Ai(1)-mm-giada-angels]
Add To Stack: Ai(2)-mm-nekusar-discard triggered Razorkin Needlehead
Add To Stack: Ai(2)-mm-nekusar-discard triggered Nekusar, the Mindrazer
Replacement Effect: If a source you control would deal noncombat damage to an opponent or a permanent an opponent controls, it deals double that damage to that player or permanent instead.
Damage: Nekusar, the Mindrazer (201) deals 2 non-combat damage to Ai(1)-mm-giada-angels.
Life: Life: Ai(1)-mm-giada-angels 50 > 48
Resolve Stack: Whenever an opponent draws a card, Nekusar, the Mindrazer deals 1 damage to that player. [Player: Ai(1)-mm-giada-angels]
Replacement Effect: If a source you control would deal noncombat damage to an opponent or a permanent an opponent controls, it deals double that damage to that player or permanent instead.
Damage: Razorkin Needlehead (132) deals 2 non-combat damage to Ai(1)-mm-giada-angels.
Life: Life: Ai(1)-mm-giada-angels 48 > 46
Resolve Stack: Whenever an opponent draws a card, Razorkin Needlehead deals 1 damage to them. [Player: Ai(1)-mm-giada-angels]
Replacement Effect: If a source you control would deal noncombat damage to an opponent or a permanent an opponent controls, it deals double that damage to that player or permanent instead.
Damage: Nekusar, the Mindrazer (201) deals 2 non-combat damage to Ai(1)-mm-giada-angels.
Life: Life: Ai(1)-mm-giada-angels 46 > 44
Resolve Stack: Whenever an opponent draws a card, Nekusar, the Mindrazer deals 1 damage to that player. [Player: Ai(1)-mm-giada-angels]
Replacement Effect: If a source you control would deal noncombat damage to an opponent or a permanent an opponent controls, it deals double that damage to that player or permanent instead.
Damage: Razorkin Needlehead (132) deals 2 non-combat damage to Ai(1)-mm-giada-angels.
Life: Life: Ai(1)-mm-giada-angels 44 > 42
Resolve Stack: Whenever an opponent draws a card, Razorkin Needlehead deals 1 damage to them. [Player: Ai(1)-mm-giada-angels]
Phase: Ai(1)-mm-giada-angels' Main phase, precombat
Mana: Plains (91) - {T}: Add {W}.
Mana: Plains (70) - {T}: Add {W}.
Add To Stack: Ai(1)-mm-giada-angels cast Swiftfoot Boots
Resolve Stack: Swiftfoot Boots
Mana: Plains (72) - {T}: Add {W}.
Add To Stack: Ai(1)-mm-giada-angels activated Swiftfoot Boots targeting [Linvala, Keeper of Silence (21)]
Resolve Stack: Swiftfoot Boots (41) -  Attach to Linvala, Keeper of Silence (21)
Phase: Ai(1)-mm-giada-angels' Beginning of Combat Step
Phase: Ai(1)-mm-giada-angels' Declare Attackers Step
Combat: Ai(1)-mm-giada-angels assigned Linvala, Keeper of Silence (21) to attack Ai(3)-mm-jarad-graveyard.
Phase: Ai(1)-mm-giada-angels' Declare Blockers Step
Combat: Ai(3)-mm-jarad-graveyard didn't block Linvala, Keeper of Silence (21).
Phase: Ai(1)-mm-giada-angels' First Strike Damage Step
Phase: Ai(1)-mm-giada-angels' Combat Damage Step
Damage: Linvala, Keeper of Silence (21) deals 3 combat damage to Ai(3)-mm-jarad-graveyard.
Life: Life: Ai(3)-mm-jarad-graveyard 20 > 17
Phase: Ai(1)-mm-giada-angels' End of Combat Step
Phase: Ai(1)-mm-giada-angels' Main phase, postcombat
Mana: Path of Ancestry (12) - {T}: Add one mana of any color in your commander's color identity. When that mana is spent to cast a creature spell that shares a creature type with your commander, scry 1. (Look at the top card of your library. You may put that card on the bottom.)
Add To Stack: Ai(1)-mm-giada-angels cast Sol Ring
Resolve Stack: Sol Ring
Phase: Ai(1)-mm-giada-angels' End step
Phase: Ai(1)-mm-giada-angels' Cleanup step
Turn: Turn 42 (Ai(2)-mm-nekusar-discard)
Phase: Ai(2)-mm-nekusar-discard's Untap step
Phase: Ai(2)-mm-nekusar-discard's Upkeep step
Phase: Ai(2)-mm-nekusar-discard's Draw step
Add To Stack: Ai(2)-mm-nekusar-discard triggered Nekusar, the Mindrazer
Resolve Stack: At the beginning of each player's draw step, that player draws an additional card. [Phase: Ai(2)-mm-nekusar-discard]
Phase: Ai(2)-mm-nekusar-discard's Main phase, precombat
Phase: Ai(2)-mm-nekusar-discard's Beginning of Combat Step
Phase: Ai(2)-mm-nekusar-discard's Declare Attackers Step
Combat: Ai(2)-mm-nekusar-discard assigned Solphim, Mayhem Dominus (112), Razorkin Needlehead (132) and Nekusar, the Mindrazer (201) to attack Ai(3)-mm-jarad-graveyard.
Phase: Ai(2)-mm-nekusar-discard's Declare Blockers Step
Combat: Ai(3)-mm-jarad-graveyard didn't block Solphim, Mayhem Dominus (112).
Ai(3)-mm-jarad-graveyard didn't block Razorkin Needlehead (132).
Ai(3)-mm-jarad-graveyard didn't block Nekusar, the Mindrazer (201).
Phase: Ai(2)-mm-nekusar-discard's First Strike Damage Step
Damage: Razorkin Needlehead (132) deals 2 combat damage to Ai(3)-mm-jarad-graveyard.
Life: Life: Ai(3)-mm-jarad-graveyard 17 > 15
Phase: Ai(2)-mm-nekusar-discard's Combat Damage Step
Damage: Solphim, Mayhem Dominus (112) deals 5 combat damage to Ai(3)-mm-jarad-graveyard.
Damage: Nekusar, the Mindrazer (201) deals 2 combat damage to Ai(3)-mm-jarad-graveyard.
Life: Life: Ai(3)-mm-jarad-graveyard 15 > 8
Phase: Ai(2)-mm-nekusar-discard's End of Combat Step
Phase: Ai(2)-mm-nekusar-discard's Main phase, postcombat
Mana: Command Tower (115) - {T}: Add one mana of any color in your commander's color identity.
Mana: Reliquary Tower (177) - {T}: Add {C}.
Add To Stack: Ai(2)-mm-nekusar-discard cast Liliana's Caress
Resolve Stack: Liliana's Caress
Mana: Sol Ring (120) - {T}: Add {C}{C}.
Add To Stack: Ai(2)-mm-nekusar-discard cast Talisman of Indulgence
Resolve Stack: Talisman of Indulgence
Mana: Arcane Signet (195) - {T}: Add one mana of any color in your commander's color identity.
Add To Stack: Ai(2)-mm-nekusar-discard cast Dark Ritual
Resolve Stack: Dark Ritual (127) - Ai(2)-mm-nekusar-discard adds {B}{B}{B}.
Phase: Ai(2)-mm-nekusar-discard's End step
Add To Stack: Ai(1)-mm-giada-angels triggered Luminarch Ascension
Resolve Stack: At the beginning of each opponent's end step, if you didn't lose life this turn, you may put a quest counter on Luminarch Ascension. (Damage causes loss of life.) [Phase: Ai(2)-mm-nekusar-discard]
Phase: Ai(2)-mm-nekusar-discard's Cleanup step
Turn: Turn 43 (Ai(3)-mm-jarad-graveyard)
Phase: Ai(3)-mm-jarad-graveyard's Untap step
Phase: Ai(3)-mm-jarad-graveyard's Upkeep step
Phase: Ai(3)-mm-jarad-graveyard's Draw step
Add To Stack: Ai(2)-mm-nekusar-discard triggered Razorkin Needlehead
Add To Stack: Ai(2)-mm-nekusar-discard triggered Nekusar, the Mindrazer
Add To Stack: Ai(2)-mm-nekusar-discard triggered Nekusar, the Mindrazer
Resolve Stack: At the beginning of each player's draw step, that player draws an additional card. [Phase: Ai(3)-mm-jarad-graveyard]
Add To Stack: Ai(2)-mm-nekusar-discard triggered Razorkin Needlehead
Add To Stack: Ai(2)-mm-nekusar-discard triggered Nekusar, the Mindrazer
Mana: Swamp (270) - {T}: Add {B}.
Mana: Forest (234) - {T}: Add {G}.
Mana: Forest (237) - {T}: Add {G}.
Add To Stack: Ai(3)-mm-jarad-graveyard cast Putrefy targeting [Solphim, Mayhem Dominus (112)]
Zone Change: Solphim, Mayhem Dominus (112) was put into Graveyard from Battlefield.
Resolve Stack: Putrefy (275) - Destroy Solphim, Mayhem Dominus (112). It can't be regenerated.
Damage: Nekusar, the Mindrazer (201) deals 1 non-combat damage to Ai(3)-mm-jarad-graveyard.
Life: Life: Ai(3)-mm-jarad-graveyard 8 > 7
Resolve Stack: Whenever an opponent draws a card, Nekusar, the Mindrazer deals 1 damage to that player. [Player: Ai(3)-mm-jarad-graveyard]
Damage: Razorkin Needlehead (132) deals 1 non-combat damage to Ai(3)-mm-jarad-graveyard.
Life: Life: Ai(3)-mm-jarad-graveyard 7 > 6
Resolve Stack: Whenever an opponent draws a card, Razorkin Needlehead deals 1 damage to them. [Player: Ai(3)-mm-jarad-graveyard]
Damage: Nekusar, the Mindrazer (201) deals 1 non-combat damage to Ai(3)-mm-jarad-graveyard.
Life: Life: Ai(3)-mm-jarad-graveyard 6 > 5
Resolve Stack: Whenever an opponent draws a card, Nekusar, the Mindrazer deals 1 damage to that player. [Player: Ai(3)-mm-jarad-graveyard]
Damage: Razorkin Needlehead (132) deals 1 non-combat damage to Ai(3)-mm-jarad-graveyard.
Life: Life: Ai(3)-mm-jarad-graveyard 5 > 4
Resolve Stack: Whenever an opponent draws a card, Razorkin Needlehead deals 1 damage to them. [Player: Ai(3)-mm-jarad-graveyard]
Phase: Ai(3)-mm-jarad-graveyard's Main phase, precombat
Land: Ai(3)-mm-jarad-graveyard played Evolving Wilds (226)
Zone Change: Evolving Wilds (226) was put into Graveyard from Battlefield.
Add To Stack: Ai(3)-mm-jarad-graveyard activated Evolving Wilds
Resolve Stack: Evolving Wilds (226) - Ai(3)-mm-jarad-graveyard searches their library for a basic land card, puts it onto the battlefield tapped, then shuffles.
Phase: Ai(3)-mm-jarad-graveyard's Beginning of Combat Step
Phase: Ai(3)-mm-jarad-graveyard's Declare Attackers Step
Mana: Forest (230) - {T}: Add {G}.
Mana: Forest (228) - {T}: Add {G}.
Mana: Swamp (267) - {T}: Add {B}.
Mana: Swamp (265) - {T}: Add {B}.
Combat: Ai(3)-mm-jarad-graveyard assigned Jarad, Golgari Lich Lord (302) and Ramunap Excavator (225) to attack Ai(2)-mm-nekusar-discard.
Phase: Ai(3)-mm-jarad-graveyard's Declare Blockers Step
Combat: Ai(2)-mm-nekusar-discard didn't block Jarad, Golgari Lich Lord (302).
Ai(2)-mm-nekusar-discard didn't block Ramunap Excavator (225).
Phase: Ai(3)-mm-jarad-graveyard's First Strike Damage Step
Phase: Ai(3)-mm-jarad-graveyard's Combat Damage Step
Damage: Jarad, Golgari Lich Lord (302) deals 4 combat damage to Ai(2)-mm-nekusar-discard.
Damage: Ramunap Excavator (225) deals 2 combat damage to Ai(2)-mm-nekusar-discard.
Life: Life: Ai(2)-mm-nekusar-discard 27 > 21
Phase: Ai(3)-mm-jarad-graveyard's End of Combat Step
Phase: Ai(3)-mm-jarad-graveyard's Main phase, postcombat
Mana: Undergrowth Stadium (294) - {T}: Add {B} or {G}.
Mana: Swamp (268) - {T}: Add {B}.
Add To Stack: Ai(3)-mm-jarad-graveyard cast Life from the Loam targeting [Evolving Wilds (226)]
Resolve Stack: Life from the Loam (245) - Return Evolving Wilds (226) from the graveyard to its owner's hand.
Phase: Ai(3)-mm-jarad-graveyard's End step
Add To Stack: Ai(1)-mm-giada-angels triggered Luminarch Ascension
Resolve Stack: At the beginning of each opponent's end step, if you didn't lose life this turn, you may put a quest counter on Luminarch Ascension. (Damage causes loss of life.) [Phase: Ai(3)-mm-jarad-graveyard]
Phase: Ai(3)-mm-jarad-graveyard's Cleanup step
Turn: Turn 44 (Ai(1)-mm-giada-angels)
Phase: Ai(1)-mm-giada-angels' Untap step
Phase: Ai(1)-mm-giada-angels' Upkeep step
Phase: Ai(1)-mm-giada-angels' Draw step
Add To Stack: Ai(2)-mm-nekusar-discard triggered Razorkin Needlehead
Add To Stack: Ai(2)-mm-nekusar-discard triggered Nekusar, the Mindrazer
Add To Stack: Ai(2)-mm-nekusar-discard triggered Nekusar, the Mindrazer
Resolve Stack: At the beginning of each player's draw step, that player draws an additional card. [Phase: Ai(1)-mm-giada-angels]
Add To Stack: Ai(2)-mm-nekusar-discard triggered Razorkin Needlehead
Add To Stack: Ai(2)-mm-nekusar-discard triggered Nekusar, the Mindrazer
Damage: Nekusar, the Mindrazer (201) deals 1 non-combat damage to Ai(1)-mm-giada-angels.
Life: Life: Ai(1)-mm-giada-angels 42 > 41
Resolve Stack: Whenever an opponent draws a card, Nekusar, the Mindrazer deals 1 damage to that player. [Player: Ai(1)-mm-giada-angels]
Damage: Razorkin Needlehead (132) deals 1 non-combat damage to Ai(1)-mm-giada-angels.
Life: Life: Ai(1)-mm-giada-angels 41 > 40
Resolve Stack: Whenever an opponent draws a card, Razorkin Needlehead deals 1 damage to them. [Player: Ai(1)-mm-giada-angels]
Damage: Nekusar, the Mindrazer (201) deals 1 non-combat damage to Ai(1)-mm-giada-angels.
Life: Life: Ai(1)-mm-giada-angels 40 > 39
Resolve Stack: Whenever an opponent draws a card, Nekusar, the Mindrazer deals 1 damage to that player. [Player: Ai(1)-mm-giada-angels]
Damage: Razorkin Needlehead (132) deals 1 non-combat damage to Ai(1)-mm-giada-angels.
Life: Life: Ai(1)-mm-giada-angels 39 > 38
Resolve Stack: Whenever an opponent draws a card, Razorkin Needlehead deals 1 damage to them. [Player: Ai(1)-mm-giada-angels]
Phase: Ai(1)-mm-giada-angels' Main phase, precombat
Land: Ai(1)-mm-giada-angels played Plains (85)
Mana: Plains (91) - {T}: Add {W}.
Mana: Plains (70) - {T}: Add {W}.
Mana: Plains (72) - {T}: Add {W}.
Mana: Sol Ring (18) - {T}: Add {C}{C}.
Mana: Path of Ancestry (12) - {T}: Add one mana of any color in your commander's color identity. When that mana is spent to cast a creature spell that shares a creature type with your commander, scry 1. (Look at the top card of your library. You may put that card on the bottom.)
Mana: Plains (85) - {T}: Add {W}.
Add To Stack: Ai(1)-mm-giada-angels cast Sephara, Sky's Blade
Add To Stack: Ai(1)-mm-giada-angels triggered Path of Ancestry
Resolve Stack: Ai(1)-mm-giada-angels scried 1 card(s) to the top of the library
Resolve Stack: When mana produced by Path of Ancestry is spent to cast a creature spell that shares a creature type with your commander, scry 1. ([Sephara, Sky's Blade - Creature 7 / 7]) [Card: Sephara, Sky's Blade (23), Activator: Ai(1)-mm-giada-angels, SpellAbility: Sephara, Sky's Blade - Creature 7 / 7]
Resolve Stack: Sephara, Sky's Blade - Creature 7 / 7
Phase: Ai(1)-mm-giada-angels' Beginning of Combat Step
Phase: Ai(1)-mm-giada-angels' Declare Attackers Step
Combat: Ai(1)-mm-giada-angels assigned Linvala, Keeper of Silence (21) to attack Ai(3)-mm-jarad-graveyard.
Phase: Ai(1)-mm-giada-angels' Declare Blockers Step
Combat: Ai(3)-mm-jarad-graveyard didn't block Linvala, Keeper of Silence (21).
Phase: Ai(1)-mm-giada-angels' First Strike Damage Step
Phase: Ai(1)-mm-giada-angels' Combat Damage Step
Damage: Linvala, Keeper of Silence (21) deals 3 combat damage to Ai(3)-mm-jarad-graveyard.
Life: Life: Ai(3)-mm-jarad-graveyard 4 > 1
Phase: Ai(1)-mm-giada-angels' End of Combat Step
Phase: Ai(1)-mm-giada-angels' Main phase, postcombat
Phase: Ai(1)-mm-giada-angels' End step
Phase: Ai(1)-mm-giada-angels' Cleanup step
Turn: Turn 45 (Ai(2)-mm-nekusar-discard)
Phase: Ai(2)-mm-nekusar-discard's Untap step
Phase: Ai(2)-mm-nekusar-discard's Upkeep step
Phase: Ai(2)-mm-nekusar-discard's Draw step
Add To Stack: Ai(2)-mm-nekusar-discard triggered Nekusar, the Mindrazer
Resolve Stack: At the beginning of each player's draw step, that player draws an additional card. [Phase: Ai(2)-mm-nekusar-discard]
Phase: Ai(2)-mm-nekusar-discard's Main phase, precombat
Phase: Ai(2)-mm-nekusar-discard's Beginning of Combat Step
Phase: Ai(2)-mm-nekusar-discard's Declare Attackers Step
Combat: Ai(2)-mm-nekusar-discard assigned Razorkin Needlehead (132) and Nekusar, the Mindrazer (201) to attack Ai(3)-mm-jarad-graveyard.
Phase: Ai(2)-mm-nekusar-discard's Declare Blockers Step
Combat: Ai(3)-mm-jarad-graveyard assigned Deathrite Shaman (297) to block Razorkin Needlehead (132).
Ai(3)-mm-jarad-graveyard didn't block Nekusar, the Mindrazer (201).
Phase: Ai(2)-mm-nekusar-discard's First Strike Damage Step
Damage: Razorkin Needlehead (132) deals 2 damage to Deathrite Shaman (297).
Zone Change: Deathrite Shaman (297) was put into Graveyard from Battlefield.
Phase: Ai(2)-mm-nekusar-discard's Combat Damage Step
Damage: Nekusar, the Mindrazer (201) deals 2 combat damage to Ai(3)-mm-jarad-graveyard.
Life: Life: Ai(3)-mm-jarad-graveyard 1 > -1
Phase: Ai(2)-mm-nekusar-discard's End of Combat Step
Phase: Ai(2)-mm-nekusar-discard's Main phase, postcombat
Mana: Island (136) - {T}: Add {U}.
Mana: Mountain (187) - {T}: Add {R}.
Mana: Reliquary Tower (177) - {T}: Add {C}.
Mana: Sol Ring (120) - {T}: Add {C}{C}.
Mana: Island (141) - {T}: Add {U}.
Add To Stack: Ai(2)-mm-nekusar-discard cast The Locust God
Replacement Effect: Creatures your opponents control enter tapped.
Resolve Stack: The Locust God - Creature 4 / 4
Add To Stack: Ai(1)-mm-giada-angels triggered Authority of the Consuls
Life: Life: Ai(1)-mm-giada-angels 38 > 39
Resolve Stack: Whenever a creature an opponent controls enters, you gain 1 life. [Zone Changer: The Locust God (133)]
Phase: Ai(2)-mm-nekusar-discard's End step
Add To Stack: Ai(1)-mm-giada-angels triggered Luminarch Ascension
Resolve Stack: At the beginning of each opponent's end step, if you didn't lose life this turn, you may put a quest counter on Luminarch Ascension. (Damage causes loss of life.) [Phase: Ai(2)-mm-nekusar-discard]
Phase: Ai(2)-mm-nekusar-discard's Cleanup step
Turn: Turn 46 (Ai(1)-mm-giada-angels)
Phase: Ai(1)-mm-giada-angels' Untap step
Phase: Ai(1)-mm-giada-angels' Upkeep step
Phase: Ai(1)-mm-giada-angels' Draw step
Add To Stack: Ai(2)-mm-nekusar-discard triggered Razorkin Needlehead
Add To Stack: Ai(2)-mm-nekusar-discard triggered Nekusar, the Mindrazer
Add To Stack: Ai(2)-mm-nekusar-discard triggered Nekusar, the Mindrazer
Resolve Stack: At the beginning of each player's draw step, that player draws an additional card. [Phase: Ai(1)-mm-giada-angels]
Add To Stack: Ai(2)-mm-nekusar-discard triggered Razorkin Needlehead
Add To Stack: Ai(2)-mm-nekusar-discard triggered Nekusar, the Mindrazer
Damage: Nekusar, the Mindrazer (201) deals 1 non-combat damage to Ai(1)-mm-giada-angels.
Life: Life: Ai(1)-mm-giada-angels 39 > 38
Resolve Stack: Whenever an opponent draws a card, Nekusar, the Mindrazer deals 1 damage to that player. [Player: Ai(1)-mm-giada-angels]
Damage: Razorkin Needlehead (132) deals 1 non-combat damage to Ai(1)-mm-giada-angels.
Life: Life: Ai(1)-mm-giada-angels 38 > 37
Resolve Stack: Whenever an opponent draws a card, Razorkin Needlehead deals 1 damage to them. [Player: Ai(1)-mm-giada-angels]
Damage: Nekusar, the Mindrazer (201) deals 1 non-combat damage to Ai(1)-mm-giada-angels.
Life: Life: Ai(1)-mm-giada-angels 37 > 36
Resolve Stack: Whenever an opponent draws a card, Nekusar, the Mindrazer deals 1 damage to that player. [Player: Ai(1)-mm-giada-angels]
Damage: Razorkin Needlehead (132) deals 1 non-combat damage to Ai(1)-mm-giada-angels.
Life: Life: Ai(1)-mm-giada-angels 36 > 35
Resolve Stack: Whenever an opponent draws a card, Razorkin Needlehead deals 1 damage to them. [Player: Ai(1)-mm-giada-angels]
Phase: Ai(1)-mm-giada-angels' Main phase, precombat
Mana: Plains (91) - {T}: Add {W}.
Mana: Plains (70) - {T}: Add {W}.
Mana: Plains (72) - {T}: Add {W}.
Mana: Sol Ring (18) - {T}: Add {C}{C}.
Mana: Path of Ancestry (12) - {T}: Add one mana of any color in your commander's color identity. When that mana is spent to cast a creature spell that shares a creature type with your commander, scry 1. (Look at the top card of your library. You may put that card on the bottom.)
Mana: Plains (85) - {T}: Add {W}.
Add To Stack: Ai(1)-mm-giada-angels cast Serra's Emissary
Add To Stack: Ai(1)-mm-giada-angels triggered Path of Ancestry
Resolve Stack: Ai(1)-mm-giada-angels scried 1 card(s) to the top of the library
Resolve Stack: When mana produced by Path of Ancestry is spent to cast a creature spell that shares a creature type with your commander, scry 1. ([Serra's Emissary - Creature 7 / 7]) [Card: Serra's Emissary (61), Activator: Ai(1)-mm-giada-angels, SpellAbility: Serra's Emissary - Creature 7 / 7]
Replacement Effect: As Serra's Emissary enters, choose a card type.
Resolve Stack: Serra's Emissary - Creature 7 / 7
Phase: Ai(1)-mm-giada-angels' Beginning of Combat Step
Phase: Ai(1)-mm-giada-angels' Declare Attackers Step
Phase: Ai(1)-mm-giada-angels' Declare Blockers Step
Phase: Ai(1)-mm-giada-angels' First Strike Damage Step
Phase: Ai(1)-mm-giada-angels' Combat Damage Step
Phase: Ai(1)-mm-giada-angels' End of Combat Step
Phase: Ai(1)-mm-giada-angels' Main phase, postcombat
Phase: Ai(1)-mm-giada-angels' End step
Phase: Ai(1)-mm-giada-angels' Cleanup step
Turn: Turn 47 (Ai(2)-mm-nekusar-discard)
Phase: Ai(2)-mm-nekusar-discard's Untap step
Phase: Ai(2)-mm-nekusar-discard's Upkeep step
Phase: Ai(2)-mm-nekusar-discard's Draw step
Add To Stack: Ai(2)-mm-nekusar-discard triggered Nekusar, the Mindrazer
Add To Stack: Ai(2)-mm-nekusar-discard triggered The Locust God
Replacement Effect: Creatures your opponents control enter tapped.
Resolve Stack: Whenever you draw a card, create a 1/1 blue and red Insect creature token with flying and haste. [Player: Ai(2)-mm-nekusar-discard]
Add To Stack: Ai(1)-mm-giada-angels triggered Authority of the Consuls
Life: Life: Ai(1)-mm-giada-angels 35 > 36
Resolve Stack: Whenever a creature an opponent controls enters, you gain 1 life. [Zone Changer: Insect Token (694)]
Resolve Stack: At the beginning of each player's draw step, that player draws an additional card. [Phase: Ai(2)-mm-nekusar-discard]
Add To Stack: Ai(2)-mm-nekusar-discard triggered The Locust God
Replacement Effect: Creatures your opponents control enter tapped.
Resolve Stack: Whenever you draw a card, create a 1/1 blue and red Insect creature token with flying and haste. [Player: Ai(2)-mm-nekusar-discard]
Add To Stack: Ai(1)-mm-giada-angels triggered Authority of the Consuls
Life: Life: Ai(1)-mm-giada-angels 36 > 37
Resolve Stack: Whenever a creature an opponent controls enters, you gain 1 life. [Zone Changer: Insect Token (699)]
Phase: Ai(2)-mm-nekusar-discard's Main phase, precombat
Replacement Effect: Training Center enters tapped unless you have two or more opponents.
Land: Ai(2)-mm-nekusar-discard played Training Center (149)
Phase: Ai(2)-mm-nekusar-discard's Beginning of Combat Step
Phase: Ai(2)-mm-nekusar-discard's Declare Attackers Step
Phase: Ai(2)-mm-nekusar-discard's Declare Blockers Step
Phase: Ai(2)-mm-nekusar-discard's First Strike Damage Step
Phase: Ai(2)-mm-nekusar-discard's Combat Damage Step
Phase: Ai(2)-mm-nekusar-discard's End of Combat Step
Phase: Ai(2)-mm-nekusar-discard's Main phase, postcombat
Mana: Command Tower (115) - {T}: Add one mana of any color in your commander's color identity.
Mana: Reliquary Tower (177) - {T}: Add {C}.
Add To Stack: Ai(2)-mm-nekusar-discard cast Demonic Tutor
Resolve Stack: Demonic Tutor (196) - Search your library for a card, put that card into your hand, then shuffle.
Mana: Arcane Signet (195) - {T}: Add one mana of any color in your commander's color identity.
Damage: Talisman of Indulgence (190) deals 1 non-combat damage to Ai(2)-mm-nekusar-discard.
Life: Life: Ai(2)-mm-nekusar-discard 21 > 20
Mana: Talisman of Indulgence (190) - {T}: Add {B} or {R}. Talisman of Indulgence deals 1 damage to you. 
Mana: Sol Ring (120) - {T}: Add {C}{C}.
Add To Stack: Ai(2)-mm-nekusar-discard cast Master of the Feast
Replacement Effect: Creatures your opponents control enter tapped.
Resolve Stack: Master of the Feast - Creature 5 / 5
Add To Stack: Ai(1)-mm-giada-angels triggered Authority of the Consuls
Life: Life: Ai(1)-mm-giada-angels 37 > 38
Resolve Stack: Whenever a creature an opponent controls enters, you gain 1 life. [Zone Changer: Master of the Feast (152)]
Phase: Ai(2)-mm-nekusar-discard's End step
Add To Stack: Ai(1)-mm-giada-angels triggered Luminarch Ascension
Resolve Stack: At the beginning of each opponent's end step, if you didn't lose life this turn, you may put a quest counter on Luminarch Ascension. (Damage causes loss of life.) [Phase: Ai(2)-mm-nekusar-discard]
Phase: Ai(2)-mm-nekusar-discard's Cleanup step
Turn: Turn 48 (Ai(1)-mm-giada-angels)
Phase: Ai(1)-mm-giada-angels' Untap step
Phase: Ai(1)-mm-giada-angels' Upkeep step
Phase: Ai(1)-mm-giada-angels' Draw step
Add To Stack: Ai(2)-mm-nekusar-discard triggered Razorkin Needlehead
Add To Stack: Ai(2)-mm-nekusar-discard triggered Nekusar, the Mindrazer
Add To Stack: Ai(2)-mm-nekusar-discard triggered Nekusar, the Mindrazer
Resolve Stack: At the beginning of each player's draw step, that player draws an additional card. [Phase: Ai(1)-mm-giada-angels]
Add To Stack: Ai(2)-mm-nekusar-discard triggered Razorkin Needlehead
Add To Stack: Ai(2)-mm-nekusar-discard triggered Nekusar, the Mindrazer
Replacement Effect: Protection:Creature
Resolve Stack: Whenever an opponent draws a card, Nekusar, the Mindrazer deals 1 damage to that player. [Player: Ai(1)-mm-giada-angels]
Replacement Effect: Protection:Creature
Resolve Stack: Whenever an opponent draws a card, Razorkin Needlehead deals 1 damage to them. [Player: Ai(1)-mm-giada-angels]
Replacement Effect: Protection:Creature
Resolve Stack: Whenever an opponent draws a card, Nekusar, the Mindrazer deals 1 damage to that player. [Player: Ai(1)-mm-giada-angels]
Replacement Effect: Protection:Creature
Resolve Stack: Whenever an opponent draws a card, Razorkin Needlehead deals 1 damage to them. [Player: Ai(1)-mm-giada-angels]
Phase: Ai(1)-mm-giada-angels' Main phase, precombat
Mana: Plains (91) - {T}: Add {W}.
Mana: Sol Ring (18) - {T}: Add {C}{C}.
Mana: Plains (70) - {T}: Add {W}.
Add To Stack: Ai(1)-mm-giada-angels cast Firemane Commando
Resolve Stack: Firemane Commando - Creature 4 / 3
Phase: Ai(1)-mm-giada-angels' Beginning of Combat Step
Phase: Ai(1)-mm-giada-angels' Declare Attackers Step
Phase: Ai(1)-mm-giada-angels' Declare Blockers Step
Phase: Ai(1)-mm-giada-angels' First Strike Damage Step
Phase: Ai(1)-mm-giada-angels' Combat Damage Step
Phase: Ai(1)-mm-giada-angels' End of Combat Step
Phase: Ai(1)-mm-giada-angels' Main phase, postcombat
Mana: Plains (72) - {T}: Add {W}.
Mana: Path of Ancestry (12) - {T}: Add one mana of any color in your commander's color identity. When that mana is spent to cast a creature spell that shares a creature type with your commander, scry 1. (Look at the top card of your library. You may put that card on the bottom.)
Mana: Plains (85) - {T}: Add {W}.
Add To Stack: Ai(1)-mm-giada-angels cast Oketra's Monument
Resolve Stack: Oketra's Monument
Phase: Ai(1)-mm-giada-angels' End step
Phase: Ai(1)-mm-giada-angels' Cleanup step
Turn: Turn 49 (Ai(2)-mm-nekusar-discard)
Phase: Ai(2)-mm-nekusar-discard's Untap step
Phase: Ai(2)-mm-nekusar-discard's Upkeep step
Add To Stack: Ai(2)-mm-nekusar-discard triggered Master of the Feast
Resolve Stack: At the beginning of your upkeep, each opponent draws a card. [Phase: Ai(2)-mm-nekusar-discard]
Add To Stack: Ai(2)-mm-nekusar-discard triggered Razorkin Needlehead
Add To Stack: Ai(2)-mm-nekusar-discard triggered Nekusar, the Mindrazer
Replacement Effect: Protection:Creature
Resolve Stack: Whenever an opponent draws a card, Nekusar, the Mindrazer deals 1 damage to that player. [Player: Ai(1)-mm-giada-angels]
Replacement Effect: Protection:Creature
Resolve Stack: Whenever an opponent draws a card, Razorkin Needlehead deals 1 damage to them. [Player: Ai(1)-mm-giada-angels]
Phase: Ai(2)-mm-nekusar-discard's Draw step
Add To Stack: Ai(2)-mm-nekusar-discard triggered Nekusar, the Mindrazer
Add To Stack: Ai(2)-mm-nekusar-discard triggered The Locust God
Replacement Effect: Creatures your opponents control enter tapped.
Resolve Stack: Whenever you draw a card, create a 1/1 blue and red Insect creature token with flying and haste. [Player: Ai(2)-mm-nekusar-discard]
Add To Stack: Ai(1)-mm-giada-angels triggered Authority of the Consuls
Life: Life: Ai(1)-mm-giada-angels 38 > 39
Resolve Stack: Whenever a creature an opponent controls enters, you gain 1 life. [Zone Changer: Insect Token (735)]
Resolve Stack: At the beginning of each player's draw step, that player draws an additional card. [Phase: Ai(2)-mm-nekusar-discard]
Add To Stack: Ai(2)-mm-nekusar-discard triggered The Locust God
Replacement Effect: Creatures your opponents control enter tapped.
Resolve Stack: Whenever you draw a card, create a 1/1 blue and red Insect creature token with flying and haste. [Player: Ai(2)-mm-nekusar-discard]
Add To Stack: Ai(1)-mm-giada-angels triggered Authority of the Consuls
Life: Life: Ai(1)-mm-giada-angels 39 > 40
Resolve Stack: Whenever a creature an opponent controls enters, you gain 1 life. [Zone Changer: Insect Token (740)]
Phase: Ai(2)-mm-nekusar-discard's Main phase, precombat
Land: Ai(2)-mm-nekusar-discard played Polluted Delta (110)
Life: Life: Ai(2)-mm-nekusar-discard 20 > 19
Zone Change: Polluted Delta (110) was put into Graveyard from Battlefield.
Add To Stack: Ai(2)-mm-nekusar-discard activated Polluted Delta
Replacement Effect: As Watery Grave enters, you may pay 2 life. If you don't, it enters tapped.
Resolve Stack: Polluted Delta (110) - Ai(2)-mm-nekusar-discard searches their library for an Island or Swamp card, puts it onto the battlefield, then shuffles.
Phase: Ai(2)-mm-nekusar-discard's Beginning of Combat Step
Phase: Ai(2)-mm-nekusar-discard's Declare Attackers Step
Phase: Ai(2)-mm-nekusar-discard's Declare Blockers Step
Phase: Ai(2)-mm-nekusar-discard's First Strike Damage Step
Phase: Ai(2)-mm-nekusar-discard's Combat Damage Step
Phase: Ai(2)-mm-nekusar-discard's End of Combat Step
Phase: Ai(2)-mm-nekusar-discard's Main phase, postcombat
Phase: Ai(2)-mm-nekusar-discard's End step
Add To Stack: Ai(1)-mm-giada-angels triggered Luminarch Ascension
Resolve Stack: At the beginning of each opponent's end step, if you didn't lose life this turn, you may put a quest counter on Luminarch Ascension. (Damage causes loss of life.) [Phase: Ai(2)-mm-nekusar-discard]
Phase: Ai(2)-mm-nekusar-discard's Cleanup step
Turn: Turn 50 (Ai(1)-mm-giada-angels)
Phase: Ai(1)-mm-giada-angels' Untap step
Phase: Ai(1)-mm-giada-angels' Upkeep step
Phase: Ai(1)-mm-giada-angels' Draw step
Add To Stack: Ai(2)-mm-nekusar-discard triggered Razorkin Needlehead
Add To Stack: Ai(2)-mm-nekusar-discard triggered Nekusar, the Mindrazer
Add To Stack: Ai(2)-mm-nekusar-discard triggered Nekusar, the Mindrazer
Resolve Stack: At the beginning of each player's draw step, that player draws an additional card. [Phase: Ai(1)-mm-giada-angels]
Add To Stack: Ai(2)-mm-nekusar-discard triggered Razorkin Needlehead
Add To Stack: Ai(2)-mm-nekusar-discard triggered Nekusar, the Mindrazer
Replacement Effect: Protection:Creature
Resolve Stack: Whenever an opponent draws a card, Nekusar, the Mindrazer deals 1 damage to that player. [Player: Ai(1)-mm-giada-angels]
Replacement Effect: Protection:Creature
Resolve Stack: Whenever an opponent draws a card, Razorkin Needlehead deals 1 damage to them. [Player: Ai(1)-mm-giada-angels]
Replacement Effect: Protection:Creature
Resolve Stack: Whenever an opponent draws a card, Nekusar, the Mindrazer deals 1 damage to that player. [Player: Ai(1)-mm-giada-angels]
Replacement Effect: Protection:Creature
Resolve Stack: Whenever an opponent draws a card, Razorkin Needlehead deals 1 damage to them. [Player: Ai(1)-mm-giada-angels]
Phase: Ai(1)-mm-giada-angels' Main phase, precombat
Mana: Plains (91) - {T}: Add {W}.
Mana: Plains (70) - {T}: Add {W}.
Mana: Sol Ring (18) - {T}: Add {C}{C}.
Mana: Plains (72) - {T}: Add {W}.
Mana: Path of Ancestry (12) - {T}: Add one mana of any color in your commander's color identity. When that mana is spent to cast a creature spell that shares a creature type with your commander, scry 1. (Look at the top card of your library. You may put that card on the bottom.)
Add To Stack: Ai(1)-mm-giada-angels cast Farewell
Zone Change: Swiftfoot Boots (41) was put into Exile from Battlefield.
Zone Change: Sol Ring (18) was put into Exile from Battlefield.
Zone Change: Oketra's Monument (66) was put into Exile from Battlefield.
Zone Change: Sol Ring (120) was put into Exile from Battlefield.
Zone Change: Arcane Signet (195) was put into Exile from Battlefield.
Zone Change: Talisman of Indulgence (190) was put into Exile from Battlefield.
Zone Change: Linvala, Keeper of Silence (21) was put into Exile from Battlefield.
Zone Change: Sephara, Sky's Blade (23) was put into Exile from Battlefield.
Zone Change: Serra's Emissary (61) was put into Exile from Battlefield.
Zone Change: Firemane Commando (16) was put into Exile from Battlefield.
Zone Change: Razorkin Needlehead (132) was put into Exile from Battlefield.
Zone Change: Nekusar, the Mindrazer (201) was put into Exile from Battlefield.
Zone Change: The Locust God (133) was put into Exile from Battlefield.
Zone Change: Insect Token (694) was put into Exile from Battlefield.
Zone Change: Insect Token (699) was put into Exile from Battlefield.
Zone Change: Master of the Feast (152) was put into Exile from Battlefield.
Zone Change: Insect Token (735) was put into Exile from Battlefield.
Zone Change: Insect Token (740) was put into Exile from Battlefield.
Zone Change: Folk Hero (30) was put into Exile from Battlefield.
Zone Change: Authority of the Consuls (96) was put into Exile from Battlefield.
Zone Change: Luminarch Ascension (57) was put into Exile from Battlefield.
Zone Change: Propaganda (180) was put into Exile from Battlefield.
Zone Change: Liliana's Caress (142) was put into Exile from Battlefield.
Resolve Stack: Farewell (20) -  Exile all artifacts. Exile all creatures. Exile all enchantments. Exile all graveyards.
Phase: Ai(1)-mm-giada-angels' Beginning of Combat Step
Phase: Ai(1)-mm-giada-angels' Declare Attackers Step
Phase: Ai(1)-mm-giada-angels' Declare Blockers Step
Phase: Ai(1)-mm-giada-angels' First Strike Damage Step
Phase: Ai(1)-mm-giada-angels' Combat Damage Step
Phase: Ai(1)-mm-giada-angels' End of Combat Step
Phase: Ai(1)-mm-giada-angels' Main phase, postcombat
Phase: Ai(1)-mm-giada-angels' End step
Phase: Ai(1)-mm-giada-angels' Cleanup step
Discard: Ai(1)-mm-giada-angels discards Emeria Shepherd (9).
Discard: Ai(1)-mm-giada-angels discards Valkyrie Harbinger (47).
Turn: Turn 51 (Ai(2)-mm-nekusar-discard)
Phase: Ai(2)-mm-nekusar-discard's Untap step
Phase: Ai(2)-mm-nekusar-discard's Upkeep step
Phase: Ai(2)-mm-nekusar-discard's Draw step
Phase: Ai(2)-mm-nekusar-discard's Main phase, precombat
Replacement Effect: Crumbling Necropolis enters tapped.
Land: Ai(2)-mm-nekusar-discard played Crumbling Necropolis (164)
Phase: Ai(2)-mm-nekusar-discard's Beginning of Combat Step
Phase: Ai(2)-mm-nekusar-discard's Declare Attackers Step
Phase: Ai(2)-mm-nekusar-discard's Declare Blockers Step
Phase: Ai(2)-mm-nekusar-discard's First Strike Damage Step
Phase: Ai(2)-mm-nekusar-discard's Combat Damage Step
Phase: Ai(2)-mm-nekusar-discard's End of Combat Step
Phase: Ai(2)-mm-nekusar-discard's Main phase, postcombat
Mana: Watery Grave (134) - {T}: Add {B}.
Mana: Island (136) - {T}: Add {U}.
Mana: Mountain (187) - {T}: Add {R}.
Mana: Reliquary Tower (177) - {T}: Add {C}.
Mana: Island (141) - {T}: Add {U}.
Mana: Mountain (188) - {T}: Add {R}.
Mana: Sulfur Falls (130) - {T}: Add {U} or {R}.
Add To Stack: Ai(2)-mm-nekusar-discard cast Nekusar, the Mindrazer
Resolve Stack: Nekusar, the Mindrazer - Creature 2 / 4
Phase: Ai(2)-mm-nekusar-discard's End step
Phase: Ai(2)-mm-nekusar-discard's Cleanup step
Turn: Turn 52 (Ai(1)-mm-giada-angels)
Phase: Ai(1)-mm-giada-angels' Untap step
Phase: Ai(1)-mm-giada-angels' Upkeep step
Phase: Ai(1)-mm-giada-angels' Draw step
Add To Stack: Ai(2)-mm-nekusar-discard triggered Nekusar, the Mindrazer
Add To Stack: Ai(2)-mm-nekusar-discard triggered Nekusar, the Mindrazer
Resolve Stack: At the beginning of each player's draw step, that player draws an additional card. [Phase: Ai(1)-mm-giada-angels]
Add To Stack: Ai(2)-mm-nekusar-discard triggered Nekusar, the Mindrazer
Damage: Nekusar, the Mindrazer (201) deals 1 non-combat damage to Ai(1)-mm-giada-angels.
Life: Life: Ai(1)-mm-giada-angels 40 > 39
Resolve Stack: Whenever an opponent draws a card, Nekusar, the Mindrazer deals 1 damage to that player. [Player: Ai(1)-mm-giada-angels]
Damage: Nekusar, the Mindrazer (201) deals 1 non-combat damage to Ai(1)-mm-giada-angels.
Life: Life: Ai(1)-mm-giada-angels 39 > 38
Resolve Stack: Whenever an opponent draws a card, Nekusar, the Mindrazer deals 1 damage to that player. [Player: Ai(1)-mm-giada-angels]
Phase: Ai(1)-mm-giada-angels' Main phase, precombat
Land: Ai(1)-mm-giada-angels played Nykthos, Shrine to Nyx (31)
Phase: Ai(1)-mm-giada-angels' Beginning of Combat Step
Phase: Ai(1)-mm-giada-angels' Declare Attackers Step
Phase: Ai(1)-mm-giada-angels' Declare Blockers Step
Phase: Ai(1)-mm-giada-angels' First Strike Damage Step
Phase: Ai(1)-mm-giada-angels' Combat Damage Step
Phase: Ai(1)-mm-giada-angels' End of Combat Step
Phase: Ai(1)-mm-giada-angels' Main phase, postcombat
Mana: Plains (91) - {T}: Add {W}.
Mana: Plains (70) - {T}: Add {W}.
Mana: Plains (72) - {T}: Add {W}.
Mana: Path of Ancestry (12) - {T}: Add one mana of any color in your commander's color identity. When that mana is spent to cast a creature spell that shares a creature type with your commander, scry 1. (Look at the top card of your library. You may put that card on the bottom.)
Mana: Plains (85) - {T}: Add {W}.
Add To Stack: Ai(1)-mm-giada-angels cast Herald of War
Add To Stack: Ai(1)-mm-giada-angels triggered Path of Ancestry
Resolve Stack: Ai(1)-mm-giada-angels scried 1 card(s) to the top of the library
Resolve Stack: When mana produced by Path of Ancestry is spent to cast a creature spell that shares a creature type with your commander, scry 1. ([Herald of War - Creature 3 / 3]) [Card: Herald of War (40), Activator: Ai(1)-mm-giada-angels, SpellAbility: Herald of War - Creature 3 / 3]
Resolve Stack: Herald of War - Creature 3 / 3
Phase: Ai(1)-mm-giada-angels' End step
Phase: Ai(1)-mm-giada-angels' Cleanup step
Turn: Turn 53 (Ai(2)-mm-nekusar-discard)
Phase: Ai(2)-mm-nekusar-discard's Untap step
Phase: Ai(2)-mm-nekusar-discard's Upkeep step
Phase: Ai(2)-mm-nekusar-discard's Draw step
Add To Stack: Ai(2)-mm-nekusar-discard triggered Nekusar, the Mindrazer
Resolve Stack: At the beginning of each player's draw step, that player draws an additional card. [Phase: Ai(2)-mm-nekusar-discard]
Phase: Ai(2)-mm-nekusar-discard's Main phase, precombat
Land: Ai(2)-mm-nekusar-discard played Island (139)
Phase: Ai(2)-mm-nekusar-discard's Beginning of Combat Step
Phase: Ai(2)-mm-nekusar-discard's Declare Attackers Step
Phase: Ai(2)-mm-nekusar-discard's Declare Blockers Step
Phase: Ai(2)-mm-nekusar-discard's First Strike Damage Step
Phase: Ai(2)-mm-nekusar-discard's Combat Damage Step
Phase: Ai(2)-mm-nekusar-discard's End of Combat Step
Phase: Ai(2)-mm-nekusar-discard's Main phase, postcombat
Phase: Ai(2)-mm-nekusar-discard's End step
Phase: Ai(2)-mm-nekusar-discard's Cleanup step
Turn: Turn 54 (Ai(1)-mm-giada-angels)
Phase: Ai(1)-mm-giada-angels' Untap step
Phase: Ai(1)-mm-giada-angels' Upkeep step
Phase: Ai(1)-mm-giada-angels' Draw step
Add To Stack: Ai(2)-mm-nekusar-discard triggered Nekusar, the Mindrazer
Add To Stack: Ai(2)-mm-nekusar-discard triggered Nekusar, the Mindrazer
Resolve Stack: At the beginning of each player's draw step, that player draws an additional card. [Phase: Ai(1)-mm-giada-angels]
Add To Stack: Ai(2)-mm-nekusar-discard triggered Nekusar, the Mindrazer
Damage: Nekusar, the Mindrazer (201) deals 1 non-combat damage to Ai(1)-mm-giada-angels.
Life: Life: Ai(1)-mm-giada-angels 38 > 37
Resolve Stack: Whenever an opponent draws a card, Nekusar, the Mindrazer deals 1 damage to that player. [Player: Ai(1)-mm-giada-angels]
Damage: Nekusar, the Mindrazer (201) deals 1 non-combat damage to Ai(1)-mm-giada-angels.
Life: Life: Ai(1)-mm-giada-angels 37 > 36
Resolve Stack: Whenever an opponent draws a card, Nekusar, the Mindrazer deals 1 damage to that player. [Player: Ai(1)-mm-giada-angels]
Phase: Ai(1)-mm-giada-angels' Main phase, precombat
Land: Ai(1)-mm-giada-angels played Seraph Sanctuary (67)
Add To Stack: Ai(1)-mm-giada-angels triggered Seraph Sanctuary
Life: Life: Ai(1)-mm-giada-angels 36 > 37
Resolve Stack: When Seraph Sanctuary enters, you gain 1 life. [Zone Changer: Seraph Sanctuary (67)]
Mana: Plains (91) - {T}: Add {W}.
Mana: Plains (70) - {T}: Add {W}.
Mana: Plains (72) - {T}: Add {W}.
Mana: Seraph Sanctuary (67) - {T}: Add {C}.
Add To Stack: Ai(1)-mm-giada-angels cast Angel of Jubilation
Resolve Stack: Angel of Jubilation - Creature 3 / 3
Add To Stack: Ai(1)-mm-giada-angels triggered Seraph Sanctuary
Life: Life: Ai(1)-mm-giada-angels 37 > 38
Resolve Stack: Whenever an Angel you control enters, you gain 1 life. [Zone Changer: Angel of Jubilation (36)]
Mana: Path of Ancestry (12) - {T}: Add one mana of any color in your commander's color identity. When that mana is spent to cast a creature spell that shares a creature type with your commander, scry 1. (Look at the top card of your library. You may put that card on the bottom.)
Mana: Plains (85) - {T}: Add {W}.
Add To Stack: Ai(1)-mm-giada-angels cast Lightning Greaves
Mana: Island (136) - {T}: Add {U}.
Mana: Reliquary Tower (177) - {T}: Add {C}.
Add To Stack: Ai(2)-mm-nekusar-discard cast Negate targeting [Lightning Greaves]
Zone Change: Send countered spell to Graveyard
Resolve Stack: Negate (104) - Counter Lightning Greaves (95).
Phase: Ai(1)-mm-giada-angels' Beginning of Combat Step
Phase: Ai(1)-mm-giada-angels' Declare Attackers Step
Combat: Ai(1)-mm-giada-angels assigned Herald of War (40) to attack Ai(2)-mm-nekusar-discard.
Add To Stack: Ai(1)-mm-giada-angels triggered Herald of War
Resolve Stack: Whenever Herald of War attacks, put a +1/+1 counter on it. [Attacker: Herald of War (40)]
Phase: Ai(1)-mm-giada-angels' Declare Blockers Step
Combat: Ai(2)-mm-nekusar-discard didn't block Herald of War (40).
Phase: Ai(1)-mm-giada-angels' First Strike Damage Step
Phase: Ai(1)-mm-giada-angels' Combat Damage Step
Damage: Herald of War (40) deals 5 combat damage to Ai(2)-mm-nekusar-discard.
Life: Life: Ai(2)-mm-nekusar-discard 19 > 14
Phase: Ai(1)-mm-giada-angels' End of Combat Step
Phase: Ai(1)-mm-giada-angels' Main phase, postcombat
Phase: Ai(1)-mm-giada-angels' End step
Phase: Ai(1)-mm-giada-angels' Cleanup step
Turn: Turn 55 (Ai(2)-mm-nekusar-discard)
Phase: Ai(2)-mm-nekusar-discard's Untap step
Phase: Ai(2)-mm-nekusar-discard's Upkeep step
Phase: Ai(2)-mm-nekusar-discard's Draw step
Add To Stack: Ai(2)-mm-nekusar-discard triggered Nekusar, the Mindrazer
Resolve Stack: At the beginning of each player's draw step, that player draws an additional card. [Phase: Ai(2)-mm-nekusar-discard]
Phase: Ai(2)-mm-nekusar-discard's Main phase, precombat
Land: Ai(2)-mm-nekusar-discard played Island (137)
Phase: Ai(2)-mm-nekusar-discard's Beginning of Combat Step
Phase: Ai(2)-mm-nekusar-discard's Declare Attackers Step
Phase: Ai(2)-mm-nekusar-discard's Declare Blockers Step
Phase: Ai(2)-mm-nekusar-discard's First Strike Damage Step
Phase: Ai(2)-mm-nekusar-discard's Combat Damage Step
Phase: Ai(2)-mm-nekusar-discard's End of Combat Step
Phase: Ai(2)-mm-nekusar-discard's Main phase, postcombat
Phase: Ai(2)-mm-nekusar-discard's End step
Phase: Ai(2)-mm-nekusar-discard's Cleanup step
Turn: Turn 56 (Ai(1)-mm-giada-angels)
Phase: Ai(1)-mm-giada-angels' Untap step
Phase: Ai(1)-mm-giada-angels' Upkeep step
Phase: Ai(1)-mm-giada-angels' Draw step
Add To Stack: Ai(2)-mm-nekusar-discard triggered Nekusar, the Mindrazer
Add To Stack: Ai(2)-mm-nekusar-discard triggered Nekusar, the Mindrazer
Resolve Stack: At the beginning of each player's draw step, that player draws an additional card. [Phase: Ai(1)-mm-giada-angels]
Add To Stack: Ai(2)-mm-nekusar-discard triggered Nekusar, the Mindrazer
Mana: Plains (91) - {T}: Add {W}.
Mana: Seraph Sanctuary (67) - {T}: Add {C}.
Mana: Plains (70) - {T}: Add {W}.
Add To Stack: Ai(1)-mm-giada-angels cast Generous Gift targeting [Nekusar, the Mindrazer (201)]
Zone Change: Nekusar, the Mindrazer (201) was put into Graveyard from Battlefield.
Resolve Stack: Generous Gift (42) - Destroy Nekusar, the Mindrazer (201). 
Damage: Nekusar, the Mindrazer (201) deals 1 non-combat damage to Ai(1)-mm-giada-angels.
Life: Life: Ai(1)-mm-giada-angels 38 > 37
Resolve Stack: Whenever an opponent draws a card, Nekusar, the Mindrazer deals 1 damage to that player. [Player: Ai(1)-mm-giada-angels]
Damage: Nekusar, the Mindrazer (201) deals 1 non-combat damage to Ai(1)-mm-giada-angels.
Life: Life: Ai(1)-mm-giada-angels 37 > 36
Resolve Stack: Whenever an opponent draws a card, Nekusar, the Mindrazer deals 1 damage to that player. [Player: Ai(1)-mm-giada-angels]
Phase: Ai(1)-mm-giada-angels' Main phase, precombat
Phase: Ai(1)-mm-giada-angels' Beginning of Combat Step
Phase: Ai(1)-mm-giada-angels' Declare Attackers Step
Combat: Ai(1)-mm-giada-angels assigned Herald of War (40) and Angel of Jubilation (36) to attack Ai(2)-mm-nekusar-discard.
Add To Stack: Ai(1)-mm-giada-angels triggered Herald of War
Resolve Stack: Whenever Herald of War attacks, put a +1/+1 counter on it. [Attacker: Herald of War (40)]
Phase: Ai(1)-mm-giada-angels' Declare Blockers Step
Combat: Ai(2)-mm-nekusar-discard didn't block Herald of War (40).
Ai(2)-mm-nekusar-discard didn't block Angel of Jubilation (36).
Phase: Ai(1)-mm-giada-angels' First Strike Damage Step
Phase: Ai(1)-mm-giada-angels' Combat Damage Step
Damage: Herald of War (40) deals 6 combat damage to Ai(2)-mm-nekusar-discard.
Damage: Angel of Jubilation (36) deals 3 combat damage to Ai(2)-mm-nekusar-discard.
Life: Life: Ai(2)-mm-nekusar-discard 14 > 5
Phase: Ai(1)-mm-giada-angels' End of Combat Step
Phase: Ai(1)-mm-giada-angels' Main phase, postcombat
Mana: Plains (72) - {T}: Add {W}.
Mana: Path of Ancestry (12) - {T}: Add one mana of any color in your commander's color identity. When that mana is spent to cast a creature spell that shares a creature type with your commander, scry 1. (Look at the top card of your library. You may put that card on the bottom.)
Add To Stack: Ai(1)-mm-giada-angels cast Resplendent Angel
Add To Stack: Ai(1)-mm-giada-angels triggered Path of Ancestry
Resolve Stack: Ai(1)-mm-giada-angels scried 1 card(s) to the bottom of the library
Resolve Stack: When mana produced by Path of Ancestry is spent to cast a creature spell that shares a creature type with your commander, scry 1. ([Resplendent Angel - Creature 3 / 3]) [Card: Resplendent Angel (1), Activator: Ai(1)-mm-giada-angels, SpellAbility: Resplendent Angel - Creature 3 / 3]
Resolve Stack: Resplendent Angel - Creature 3 / 3
Add To Stack: Ai(1)-mm-giada-angels triggered Seraph Sanctuary
Life: Life: Ai(1)-mm-giada-angels 36 > 37
Resolve Stack: Whenever an Angel you control enters, you gain 1 life. [Zone Changer: Resplendent Angel (1)]
Mana: Plains (85) - {T}: Add {W}.
Mana: Nykthos, Shrine to Nyx (31) - {T}: Add {C}.
Add To Stack: Ai(1)-mm-giada-angels cast Giada, Font of Hope
Resolve Stack: Giada, Font of Hope - Creature 2 / 2
Add To Stack: Ai(1)-mm-giada-angels triggered Seraph Sanctuary
Life: Life: Ai(1)-mm-giada-angels 37 > 38
Resolve Stack: Whenever an Angel you control enters, you gain 1 life. [Zone Changer: Giada, Font of Hope (100)]
Phase: Ai(1)-mm-giada-angels' End step
Phase: Ai(1)-mm-giada-angels' Cleanup step
Turn: Turn 57 (Ai(2)-mm-nekusar-discard)
Phase: Ai(2)-mm-nekusar-discard's Untap step
Phase: Ai(2)-mm-nekusar-discard's Upkeep step
Phase: Ai(2)-mm-nekusar-discard's Draw step
Phase: Ai(2)-mm-nekusar-discard's Main phase, precombat
Phase: Ai(2)-mm-nekusar-discard's Beginning of Combat Step
Phase: Ai(2)-mm-nekusar-discard's Declare Attackers Step
Phase: Ai(2)-mm-nekusar-discard's Declare Blockers Step
Phase: Ai(2)-mm-nekusar-discard's First Strike Damage Step
Phase: Ai(2)-mm-nekusar-discard's Combat Damage Step
Phase: Ai(2)-mm-nekusar-discard's End of Combat Step
Phase: Ai(2)-mm-nekusar-discard's Main phase, postcombat
Mana: Watery Grave (134) - {T}: Add {B}.
Mana: Mountain (187) - {T}: Add {R}.
Mana: Island (136) - {T}: Add {U}.
Mana: Reliquary Tower (177) - {T}: Add {C}.
Mana: Island (141) - {T}: Add {U}.
Mana: Island (139) - {T}: Add {U}.
Mana: Island (137) - {T}: Add {U}.
Mana: Mountain (188) - {T}: Add {R}.
Mana: Sulfur Falls (130) - {T}: Add {U} or {R}.
Add To Stack: Ai(2)-mm-nekusar-discard cast Nekusar, the Mindrazer
Resolve Stack: Nekusar, the Mindrazer - Creature 2 / 4
Phase: Ai(2)-mm-nekusar-discard's End step
Phase: Ai(2)-mm-nekusar-discard's Cleanup step
Turn: Turn 58 (Ai(1)-mm-giada-angels)
Phase: Ai(1)-mm-giada-angels' Untap step
Phase: Ai(1)-mm-giada-angels' Upkeep step
Phase: Ai(1)-mm-giada-angels' Draw step
Add To Stack: Ai(2)-mm-nekusar-discard triggered Nekusar, the Mindrazer
Add To Stack: Ai(2)-mm-nekusar-discard triggered Nekusar, the Mindrazer
Resolve Stack: At the beginning of each player's draw step, that player draws an additional card. [Phase: Ai(1)-mm-giada-angels]
Add To Stack: Ai(2)-mm-nekusar-discard triggered Nekusar, the Mindrazer
Damage: Nekusar, the Mindrazer (201) deals 1 non-combat damage to Ai(1)-mm-giada-angels.
Life: Life: Ai(1)-mm-giada-angels 38 > 37
Resolve Stack: Whenever an opponent draws a card, Nekusar, the Mindrazer deals 1 damage to that player. [Player: Ai(1)-mm-giada-angels]
Damage: Nekusar, the Mindrazer (201) deals 1 non-combat damage to Ai(1)-mm-giada-angels.
Life: Life: Ai(1)-mm-giada-angels 37 > 36
Resolve Stack: Whenever an opponent draws a card, Nekusar, the Mindrazer deals 1 damage to that player. [Player: Ai(1)-mm-giada-angels]
Phase: Ai(1)-mm-giada-angels' Main phase, precombat
Land: Ai(1)-mm-giada-angels played Plains (74)
Phase: Ai(1)-mm-giada-angels' Beginning of Combat Step
Phase: Ai(1)-mm-giada-angels' Declare Attackers Step
Combat: Ai(1)-mm-giada-angels assigned Herald of War (40), Resplendent Angel (1), Angel of Jubilation (36) and Giada, Font of Hope (100) to attack Ai(2)-mm-nekusar-discard.
Add To Stack: Ai(1)-mm-giada-angels triggered Herald of War
Resolve Stack: Whenever Herald of War attacks, put a +1/+1 counter on it. [Attacker: Herald of War (40)]
Phase: Ai(1)-mm-giada-angels' Declare Blockers Step
Combat: Ai(2)-mm-nekusar-discard didn't block Herald of War (40).
Ai(2)-mm-nekusar-discard didn't block Resplendent Angel (1).
Ai(2)-mm-nekusar-discard didn't block Angel of Jubilation (36).
Ai(2)-mm-nekusar-discard didn't block Giada, Font of Hope (100).
Mana: Plains (91) - {T}: Add {W}.
Mana: Plains (70) - {T}: Add {W}.
Mana: Plains (72) - {T}: Add {W}.
Mana: Seraph Sanctuary (67) - {T}: Add {C}.
Mana: Path of Ancestry (12) - {T}: Add one mana of any color in your commander's color identity. When that mana is spent to cast a creature spell that shares a creature type with your commander, scry 1. (Look at the top card of your library. You may put that card on the bottom.)
Mana: Plains (85) - {T}: Add {W}.
Add To Stack: Ai(1)-mm-giada-angels activated Resplendent Angel
Resolve Stack: Resplendent Angel (1) - Resplendent Angel (1) gets +2/+2 and gains lifelink until end of turn.
Phase: Ai(1)-mm-giada-angels' First Strike Damage Step
Phase: Ai(1)-mm-giada-angels' Combat Damage Step
Damage: Herald of War (40) deals 7 combat damage to Ai(2)-mm-nekusar-discard.
Damage: Resplendent Angel (1) deals 6 combat damage to Ai(2)-mm-nekusar-discard.
Life: Life: Ai(1)-mm-giada-angels 36 > 42
Damage: Angel of Jubilation (36) deals 3 combat damage to Ai(2)-mm-nekusar-discard.
Damage: Giada, Font of Hope (100) deals 3 combat damage to Ai(2)-mm-nekusar-discard.
Life: Life: Ai(2)-mm-nekusar-discard 5 > -14
Player Control: Ai(1)-mm-giada-angels has restored control over themself
Player Control: Ai(2)-mm-nekusar-discard has restored control over themself
Player Control: Ai(3)-mm-jarad-graveyard has restored control over themself
Player Control: Ai(4)-mm-sythis-enchantress has restored control over themself
Game Outcome: Turn 29
Game Outcome: Ai(1)-mm-giada-angels has won because all opponents have lost
Game Outcome: Ai(2)-mm-nekusar-discard has lost because life total reached 0
Game Outcome: Ai(3)-mm-jarad-graveyard has lost because life total reached 0
Game Outcome: Ai(4)-mm-sythis-enchantress has lost because life total reached 0
Match Result: Ai(1)-mm-giada-angels: 1 Ai(2)-mm-nekusar-discard: 1 Ai(3)-mm-jarad-graveyard: 0 Ai(4)-mm-sythis-enchantress: 0 

Game Result: Game 2 ended in 55964 ms. Ai(1)-mm-giada-angels has won!

