Error handling registered!
15:45:54 [INFO ] GuiBase: ##########################################
15:45:54 [INFO ] GuiBase: APP: Forge v.2.0.14-SNAPSHOT-08.08
15:45:54 [INFO ] GuiBase: Java: 21.0.9 (Oracle Corporation)
15:45:54 [INFO ] GuiBase: OS: Mac OS X 26.3 aarch64
15:45:54 [INFO ] GuiBase: RAM: 4096 MB max, 8 CPUs
15:45:54 [INFO ] GuiBase: ##########################################
Language 'en-US' loaded successfully.
(ThreadUtil first call): Running with priority 5
Read cards: 33617 archived files in 1 ms (25 parts) using thread pool
Upcoming set Star Trek (TRK) dated in the future. All `upcoming` cards will be added to this set with unknown rarity.
The card A-Alrund's Epiphany was not assigned to any set. Adding it to UNKNOWN set... to fix see res/editions/ folder. 
The card A-Baba Lysaga, Night Witch was not assigned to any set. Adding it to UNKNOWN set... to fix see res/editions/ folder. 
The card A-Divide by Zero was not assigned to any set. Adding it to UNKNOWN set... to fix see res/editions/ folder. 
The card A-Esika's Chariot was not assigned to any set. Adding it to UNKNOWN set... to fix see res/editions/ folder. 
The card A-Faceless Haven was not assigned to any set. Adding it to UNKNOWN set... to fix see res/editions/ folder. 
The card A-Fires of Invention was not assigned to any set. Adding it to UNKNOWN set... to fix see res/editions/ folder. 
The card A-Goldspan Dragon was not assigned to any set. Adding it to UNKNOWN set... to fix see res/editions/ folder. 
The card A-Hullbreaker Horror was not assigned to any set. Adding it to UNKNOWN set... to fix see res/editions/ folder. 
The card A-Kumano Faces Kakkazan was not assigned to any set. Adding it to UNKNOWN set... to fix see res/editions/ folder. 
The card A-Luminarch Aspirant was not assigned to any set. Adding it to UNKNOWN set... to fix see res/editions/ folder. 
The card A-Monster Manual was not assigned to any set. Adding it to UNKNOWN set... to fix see res/editions/ folder. 
The card A-Omnath, Locus of Creation was not assigned to any set. Adding it to UNKNOWN set... to fix see res/editions/ folder. 
The card A-The Meathook Massacre was not assigned to any set. Adding it to UNKNOWN set... to fix see res/editions/ folder. 
The card A-Unholy Heat was not assigned to any set. Adding it to UNKNOWN set... to fix see res/editions/ folder. 
The card Blinding Radiance was not assigned to any set. Adding it to UNKNOWN set... to fix see res/editions/ folder. 
The card Goblin Bruiser was not assigned to any set. Adding it to UNKNOWN set... to fix see res/editions/ folder. 
The card Ogre Painbringer was not assigned to any set. Adding it to UNKNOWN set... to fix see res/editions/ folder. 
The card Titanic Pelagosaur was not assigned to any set. Adding it to UNKNOWN set... to fix see res/editions/ folder. 
The card Treetop Recluse was not assigned to any set. Adding it to UNKNOWN set... to fix see res/editions/ folder. 
Upcoming set Star Trek (TRK) dated in the future. All `upcoming` cards will be added to this set with unknown rarity.
Read cards: 836 files in 0 ms (8 parts) using thread pool
Simulation mode
Ai(1)-mm-muldrotha-value [Experimental] vs Ai(2)-mm-sythis-enchantress [Experimental] vs Ai(3)-mm-giada-angels [Experimental] vs Ai(4)-mm-baylen-tokens [Experimental] - two games of Commander seed 654202846
Warning: default (ie. inherited from base class) implementation of confirmAction is used by Sythis, Harvest's Hand for forge.ai.ability.PermanentCreatureAi. Consider declaring an overloaded method
Warning: default (ie. inherited from base class) implementation of confirmAction is used by Giada, Font of Hope for forge.ai.ability.PermanentCreatureAi. Consider declaring an overloaded method
Warning: default (ie. inherited from base class) implementation of confirmAction is used by Muldrotha, the Gravetide for forge.ai.ability.PermanentCreatureAi. Consider declaring an overloaded method
java.util.concurrent.TimeoutException
	at java.base/java.util.concurrent.FutureTask.get(FutureTask.java:204)
	at forge.ai.AiController.chooseSpellAbilityToPlayFromList(AiController.java:1696)
	at forge.ai.AiController.getSpellAbilityToPlay(AiController.java:1583)
	at forge.ai.AiController.chooseSpellAbilityToPlay(AiController.java:1403)
	at forge.ai.PlayerControllerAi.chooseSpellAbilityToPlay(PlayerControllerAi.java:832)
	at forge.game.phase.PhaseHandler.mainLoopStep(PhaseHandler.java:1056)
	at forge.game.phase.PhaseHandler.mainGameLoop(PhaseHandler.java:1035)
	at forge.game.phase.PhaseHandler.startFirstTurn(PhaseHandler.java:1029)
	at forge.game.GameAction.startGame(GameAction.java:2373)
	at forge.game.Match.startGame(Match.java:92)
	at forge.game.Match.startGame(Match.java:77)
	at forge.view.SimulateMatch.lambda$simulateSingleMatch$0(SimulateMatch.java:213)
	at forge.view.TimeLimitedCodeBlock.lambda$runWithTimeout$0(TimeLimitedCodeBlock.java:18)
	at java.base/java.util.concurrent.FutureTask.run(FutureTask.java:317)
	at java.base/java.util.concurrent.ThreadPoolExecutor.runWorker(ThreadPoolExecutor.java:1144)
	at java.base/java.util.concurrent.ThreadPoolExecutor$Worker.run(ThreadPoolExecutor.java:642)
	at java.base/java.lang.Thread.run(Thread.java:1583)
AI eval thread at timeout:
	at java.base/java.util.Collection.stream(Collection.java:750)
	at forge.game.card.Card.hasRemoveIntrinsic(Card.java:3425)
	at forge.game.card.CardState$LandTraitChanges.applyReplacementEffect(CardState.java:580)
	at forge.game.card.Card.updateReplacementEffects(Card.java:7065)
	at forge.game.card.CardState.getReplacementEffects(CardState.java:754)
	at forge.game.card.CardState.getReplacementEffects(CardState.java:723)
	at forge.game.card.Card.getReplacementEffects(Card.java:7055)
	at forge.game.replacement.ReplacementHandler.lambda$getReplacementList$0(ReplacementHandler.java:134)
	at forge.util.Visitor.visitAll(Visitor.java:16)
	at forge.game.Game.forEachCardInGame(Game.java:760)
	at forge.game.replacement.ReplacementHandler.getReplacementList(ReplacementHandler.java:102)
	at forge.game.replacement.ReplacementHandler.cantHappenCheck(ReplacementHandler.java:174)
	at forge.game.card.Card.canUntap(Card.java:4745)
	at forge.game.spellability.SpellAbility.calculateScoreForManaAbility(SpellAbility.java:2413)
	at forge.game.spellability.SpellAbility.compareTo(SpellAbility.java:2383)
	at forge.ai.ComputerUtilMana.lambda$sortManaAbilities$6(ComputerUtilMana.java:218)
	at java.base/java.util.Arrays.mergeSort(Arrays.java:1340)
	at java.base/java.util.Arrays.mergeSort(Arrays.java:1352)
	at java.base/java.util.Arrays.mergeSort(Arrays.java:1352)
	at java.base/java.util.Arrays.legacyMergeSort(Arrays.java:1319)
	at java.base/java.util.Arrays.sort(Arrays.java:1306)
	at java.base/java.util.ArrayList.sort(ArrayList.java:1804)
	at forge.ai.ComputerUtilMana.sortManaAbilities(ComputerUtilMana.java:181)
	at forge.ai.ComputerUtilMana.getSourcesForShards(ComputerUtilMana.java:858)
	at forge.ai.ComputerUtilMana.payManaCost(ComputerUtilMana.java:638)
	at forge.ai.ComputerUtilMana.payManaCost(ComputerUtilMana.java:74)
	at forge.ai.ComputerUtilMana.canPayManaCost(ComputerUtilMana.java:63)
	at forge.ai.ComputerUtilCost.canPayCost(ComputerUtilCost.java:634)
	at forge.ai.ComputerUtilCost.canPayCost(ComputerUtilCost.java:530)
	at forge.ai.ComputerUtilCombat.canGainKeyword(ComputerUtilCombat.java:2290)
java.util.concurrent.TimeoutException
	at java.base/java.util.concurrent.FutureTask.get(FutureTask.java:204)
	at forge.ai.AiController.chooseSpellAbilityToPlayFromList(AiController.java:1696)
	at forge.ai.AiController.getSpellAbilityToPlay(AiController.java:1583)
	at forge.ai.AiController.chooseSpellAbilityToPlay(AiController.java:1403)
	at forge.ai.PlayerControllerAi.chooseSpellAbilityToPlay(PlayerControllerAi.java:832)
	at forge.game.phase.PhaseHandler.mainLoopStep(PhaseHandler.java:1056)
	at forge.game.phase.PhaseHandler.mainGameLoop(PhaseHandler.java:1035)
	at forge.game.phase.PhaseHandler.startFirstTurn(PhaseHandler.java:1029)
	at forge.game.GameAction.startGame(GameAction.java:2373)
	at forge.game.Match.startGame(Match.java:92)
	at forge.game.Match.startGame(Match.java:77)
	at forge.view.SimulateMatch.lambda$simulateSingleMatch$0(SimulateMatch.java:213)
	at forge.view.TimeLimitedCodeBlock.lambda$runWithTimeout$0(TimeLimitedCodeBlock.java:18)
	at java.base/java.util.concurrent.FutureTask.run(FutureTask.java:317)
	at java.base/java.util.concurrent.ThreadPoolExecutor.runWorker(ThreadPoolExecutor.java:1144)
	at java.base/java.util.concurrent.ThreadPoolExecutor$Worker.run(ThreadPoolExecutor.java:642)
	at java.base/java.lang.Thread.run(Thread.java:1583)
AI eval thread at timeout:
	at forge.util.collect.FCollection.addAll(FCollection.java:343)
	at forge.util.collect.FCollection.addAll(FCollection.java:325)
	at forge.game.keyword.KeywordInstance.applyStaticAbility(KeywordInstance.java:255)
	at forge.game.keyword.KeywordCollection.applyStaticAbility(KeywordCollection.java:208)
	at forge.game.card.Card.updateStaticAbilities(Card.java:7014)
	at forge.game.card.CardState.getStaticAbilities(CardState.java:712)
	at forge.game.card.Card.getStaticAbilities(Card.java:6993)
	at forge.game.staticability.StaticAbilityIgnoreHexproofShroud.ignore(StaticAbilityIgnoreHexproofShroud.java:16)
	at forge.game.staticability.StaticAbilityCantTarget.applyCantTargetAbility(StaticAbilityCantTarget.java:93)
	at forge.game.staticability.StaticAbilityCantTarget.cantTarget(StaticAbilityCantTarget.java:50)
	at forge.game.card.Card.canBeTargetedBy(Card.java:6892)
	at forge.game.spellability.SpellAbility.canTarget(SpellAbility.java:1585)
	at forge.game.spellability.SpellAbility.canTarget(SpellAbility.java:1373)
	at forge.ai.ComputerUtilCombat.canGainKeyword(ComputerUtilCombat.java:2294)
	at forge.ai.ComputerUtilCombat.dealsFirstStrikeDamage(ComputerUtilCombat.java:2251)
	at forge.ai.ComputerUtilCombat.predictPowerBonusOfAttacker(ComputerUtilCombat.java:1162)
	at forge.ai.ComputerUtilCombat.canDestroyAttacker(ComputerUtilCombat.java:1709)
	at forge.ai.AiBlockController.getKillingBlockers(AiBlockController.java:120)
	at forge.ai.AiBlockController.makeGoodBlocks(AiBlockController.java:203)
	at forge.ai.AiBlockController.assignBlockers(AiBlockController.java:1083)
	at forge.ai.AiBlockController.assignBlockersForCombat(AiBlockController.java:1014)
	at forge.ai.ComputerUtil.predictNextCombatsRemainingLife(ComputerUtil.java:3214)
	at forge.ai.ComputerUtil.evaluateBoardPositionChanged(ComputerUtil.java:2959)
	at forge.ai.ComputerUtil.lambda$evaluateBoardPosition$21(ComputerUtil.java:2930)
	at forge.ai.AiCache.getCached(AiCache.java:40)
	at forge.ai.ComputerUtil.evaluateBoardPosition(ComputerUtil.java:2929)
	at forge.ai.AiAttackController.choosePreferredDefenderPlayer(AiAttackController.java:213)
	at forge.ai.AiAttackController.<init>(AiAttackController.java:98)
	at forge.ai.AiAttackController.<init>(AiAttackController.java:93)
	at forge.ai.AiController.getPredictedCombat(AiController.java:143)
java.util.concurrent.TimeoutException
	at java.base/java.util.concurrent.FutureTask.get(FutureTask.java:204)
	at forge.ai.AiController.chooseSpellAbilityToPlayFromList(AiController.java:1696)
	at forge.ai.AiController.getSpellAbilityToPlay(AiController.java:1583)
	at forge.ai.AiController.chooseSpellAbilityToPlay(AiController.java:1403)
	at forge.ai.PlayerControllerAi.chooseSpellAbilityToPlay(PlayerControllerAi.java:832)
	at forge.game.phase.PhaseHandler.mainLoopStep(PhaseHandler.java:1056)
	at forge.game.phase.PhaseHandler.mainGameLoop(PhaseHandler.java:1035)
	at forge.game.phase.PhaseHandler.startFirstTurn(PhaseHandler.java:1029)
	at forge.game.GameAction.startGame(GameAction.java:2373)
	at forge.game.Match.startGame(Match.java:92)
	at forge.game.Match.startGame(Match.java:77)
	at forge.view.SimulateMatch.lambda$simulateSingleMatch$0(SimulateMatch.java:213)
	at forge.view.TimeLimitedCodeBlock.lambda$runWithTimeout$0(TimeLimitedCodeBlock.java:18)
	at java.base/java.util.concurrent.FutureTask.run(FutureTask.java:317)
	at java.base/java.util.concurrent.ThreadPoolExecutor.runWorker(ThreadPoolExecutor.java:1144)
	at java.base/java.util.concurrent.ThreadPoolExecutor$Worker.run(ThreadPoolExecutor.java:642)
	at java.base/java.lang.Thread.run(Thread.java:1583)
AI eval thread at timeout:
	at forge.card.CardType.isSaga(CardType.java:565)
	at forge.game.card.CardState.getReplacementEffects(CardState.java:747)
	at forge.game.card.CardState.getReplacementEffects(CardState.java:723)
	at forge.game.card.Card.getReplacementEffects(Card.java:7055)
	at forge.game.replacement.ReplacementHandler.lambda$getReplacementList$0(ReplacementHandler.java:134)
	at forge.util.Visitor.visitAll(Visitor.java:16)
	at forge.game.Game.forEachCardInGame(Game.java:760)
	at forge.game.replacement.ReplacementHandler.getReplacementList(ReplacementHandler.java:102)
	at forge.game.replacement.ReplacementHandler.cantHappenCheck(ReplacementHandler.java:174)
	at forge.game.card.Card.canUntap(Card.java:4745)
	at forge.game.spellability.SpellAbility.calculateScoreForManaAbility(SpellAbility.java:2413)
	at forge.game.spellability.SpellAbility.compareTo(SpellAbility.java:2383)
	at forge.ai.ComputerUtilMana.lambda$sortManaAbilities$6(ComputerUtilMana.java:218)
	at java.base/java.util.Arrays.mergeSort(Arrays.java:1363)
	at java.base/java.util.Arrays.mergeSort(Arrays.java:1351)
	at java.base/java.util.Arrays.mergeSort(Arrays.java:1351)
	at java.base/java.util.Arrays.legacyMergeSort(Arrays.java:1319)
	at java.base/java.util.Arrays.sort(Arrays.java:1306)
	at java.base/java.util.ArrayList.sort(ArrayList.java:1804)
	at forge.ai.ComputerUtilMana.sortManaAbilities(ComputerUtilMana.java:181)
	at forge.ai.ComputerUtilMana.getSourcesForShards(ComputerUtilMana.java:858)
	at forge.ai.ComputerUtilMana.payManaCost(ComputerUtilMana.java:638)
	at forge.ai.ComputerUtilMana.payManaCost(ComputerUtilMana.java:74)
	at forge.ai.ComputerUtilMana.canPayManaCost(ComputerUtilMana.java:63)
	at forge.ai.ComputerUtilCost.canPayCost(ComputerUtilCost.java:634)
	at forge.ai.ComputerUtilCost.canPayCost(ComputerUtilCost.java:530)
	at forge.ai.ComputerUtilCombat.canGainKeyword(ComputerUtilCombat.java:2290)
	at forge.ai.ComputerUtilCombat.dealsFirstStrikeDamage(ComputerUtilCombat.java:2251)
	at forge.ai.ComputerUtilCombat.predictPowerBonusOfAttacker(ComputerUtilCombat.java:1162)
	at forge.ai.ComputerUtilCombat.canDestroyAttacker(ComputerUtilCombat.java:1709)
java.util.concurrent.TimeoutException
	at java.base/java.util.concurrent.FutureTask.get(FutureTask.java:204)
	at forge.ai.AiController.chooseSpellAbilityToPlayFromList(AiController.java:1696)
	at forge.ai.AiController.getSpellAbilityToPlay(AiController.java:1583)
	at forge.ai.AiController.chooseSpellAbilityToPlay(AiController.java:1403)
	at forge.ai.PlayerControllerAi.chooseSpellAbilityToPlay(PlayerControllerAi.java:832)
	at forge.game.phase.PhaseHandler.mainLoopStep(PhaseHandler.java:1056)
	at forge.game.phase.PhaseHandler.mainGameLoop(PhaseHandler.java:1035)
	at forge.game.phase.PhaseHandler.startFirstTurn(PhaseHandler.java:1029)
	at forge.game.GameAction.startGame(GameAction.java:2373)
	at forge.game.Match.startGame(Match.java:92)
	at forge.game.Match.startGame(Match.java:77)
	at forge.view.SimulateMatch.lambda$simulateSingleMatch$0(SimulateMatch.java:213)
	at forge.view.TimeLimitedCodeBlock.lambda$runWithTimeout$0(TimeLimitedCodeBlock.java:18)
	at java.base/java.util.concurrent.FutureTask.run(FutureTask.java:317)
	at java.base/java.util.concurrent.ThreadPoolExecutor.runWorker(ThreadPoolExecutor.java:1144)
	at java.base/java.util.concurrent.ThreadPoolExecutor$Worker.run(ThreadPoolExecutor.java:642)
	at java.base/java.lang.Thread.run(Thread.java:1583)
AI eval thread at timeout:
	at forge.util.collect.FCollection.addAll(FCollection.java:343)
	at forge.util.collect.FCollection.addAll(FCollection.java:325)
	at forge.game.keyword.KeywordInstance.applyReplacementEffect(KeywordInstance.java:251)
	at forge.game.keyword.KeywordCollection.applyReplacementEffect(KeywordCollection.java:201)
	at forge.game.card.Card.updateReplacementEffects(Card.java:7069)
	at forge.game.card.CardState.getReplacementEffects(CardState.java:754)
	at forge.game.card.CardState.getReplacementEffects(CardState.java:723)
	at forge.game.card.Card.getReplacementEffects(Card.java:7055)
	at forge.game.replacement.ReplacementHandler.lambda$getReplacementList$0(ReplacementHandler.java:134)
	at forge.util.Visitor.visitAll(Visitor.java:16)
	at forge.game.Game.forEachCardInGame(Game.java:757)
	at forge.game.replacement.ReplacementHandler.getReplacementList(ReplacementHandler.java:102)
	at forge.game.replacement.ReplacementHandler.cantHappenCheck(ReplacementHandler.java:174)
	at forge.game.card.Card.canTap(Card.java:4696)
	at forge.game.card.Card.canTap(Card.java:4688)
	at forge.game.cost.CostTap.canPay(CostTap.java:69)
	at forge.game.cost.Cost.canPay(Cost.java:1085)
	at forge.game.cost.CostPayment.canPayAdditionalCosts(CostPayment.java:104)
	at forge.game.cost.CostPayment.canPayAdditionalCosts(CostPayment.java:96)
	at forge.ai.ComputerUtilMana.getAvailableManaSources(ComputerUtilMana.java:1423)
	at forge.ai.ComputerUtilMana.groupSourcesByManaColor(ComputerUtilMana.java:1496)
	at forge.ai.ComputerUtilMana.getSourcesForShards(ComputerUtilMana.java:831)
	at forge.ai.ComputerUtilMana.payManaCost(ComputerUtilMana.java:638)
	at forge.ai.ComputerUtilMana.payManaCost(ComputerUtilMana.java:74)
	at forge.ai.ComputerUtilMana.canPayManaCost(ComputerUtilMana.java:63)
	at forge.ai.ComputerUtilCost.canPayCost(ComputerUtilCost.java:634)
	at forge.ai.ComputerUtilCost.canPayCost(ComputerUtilCost.java:530)
	at forge.ai.ComputerUtilCombat.canGainKeyword(ComputerUtilCombat.java:2290)
	at forge.ai.ComputerUtilCombat.hasKeyword(ComputerUtilCombat.java:2270)
	at forge.ai.ComputerUtilCombat.canDestroyAttacker(ComputerUtilCombat.java:1754)
java.util.concurrent.TimeoutException
	at java.base/java.util.concurrent.FutureTask.get(FutureTask.java:204)
	at forge.ai.AiController.chooseSpellAbilityToPlayFromList(AiController.java:1696)
	at forge.ai.AiController.getSpellAbilityToPlay(AiController.java:1583)
	at forge.ai.AiController.chooseSpellAbilityToPlay(AiController.java:1403)
	at forge.ai.PlayerControllerAi.chooseSpellAbilityToPlay(PlayerControllerAi.java:832)
	at forge.game.phase.PhaseHandler.mainLoopStep(PhaseHandler.java:1056)
	at forge.game.phase.PhaseHandler.mainGameLoop(PhaseHandler.java:1035)
	at forge.game.phase.PhaseHandler.startFirstTurn(PhaseHandler.java:1029)
	at forge.game.GameAction.startGame(GameAction.java:2373)
	at forge.game.Match.startGame(Match.java:92)
	at forge.game.Match.startGame(Match.java:77)
	at forge.view.SimulateMatch.lambda$simulateSingleMatch$0(SimulateMatch.java:213)
	at forge.view.TimeLimitedCodeBlock.lambda$runWithTimeout$0(TimeLimitedCodeBlock.java:18)
	at java.base/java.util.concurrent.FutureTask.run(FutureTask.java:317)
	at java.base/java.util.concurrent.ThreadPoolExecutor.runWorker(ThreadPoolExecutor.java:1144)
	at java.base/java.util.concurrent.ThreadPoolExecutor$Worker.run(ThreadPoolExecutor.java:642)
	at java.base/java.lang.Thread.run(Thread.java:1583)
AI eval thread at timeout:
	at forge.card.CardType.isSaga(CardType.java:565)
	at forge.game.card.CardState.getReplacementEffects(CardState.java:747)
	at forge.game.card.CardState.getReplacementEffects(CardState.java:723)
	at forge.game.card.Card.getReplacementEffects(Card.java:7055)
	at forge.game.replacement.ReplacementHandler.lambda$getReplacementList$0(ReplacementHandler.java:134)
	at forge.util.Visitor.visitAll(Visitor.java:16)
	at forge.game.Game.forEachCardInGame(Game.java:757)
	at forge.game.replacement.ReplacementHandler.getReplacementList(ReplacementHandler.java:102)
	at forge.game.replacement.ReplacementHandler.cantHappenCheck(ReplacementHandler.java:174)
	at forge.game.card.Card.canUntap(Card.java:4745)
	at forge.game.spellability.SpellAbility.calculateScoreForManaAbility(SpellAbility.java:2413)
	at forge.game.spellability.SpellAbility.compareTo(SpellAbility.java:2383)
	at forge.ai.ComputerUtilMana.lambda$sortManaAbilities$6(ComputerUtilMana.java:218)
	at java.base/java.util.Arrays.mergeSort(Arrays.java:1340)
	at java.base/java.util.Arrays.mergeSort(Arrays.java:1352)
	at java.base/java.util.Arrays.mergeSort(Arrays.java:1352)
	at java.base/java.util.Arrays.mergeSort(Arrays.java:1352)
	at java.base/java.util.Arrays.legacyMergeSort(Arrays.java:1319)
	at java.base/java.util.Arrays.sort(Arrays.java:1306)
	at java.base/java.util.ArrayList.sort(ArrayList.java:1804)
	at forge.ai.ComputerUtilMana.sortManaAbilities(ComputerUtilMana.java:181)
	at forge.ai.ComputerUtilMana.getSourcesForShards(ComputerUtilMana.java:858)
	at forge.ai.ComputerUtilMana.payManaCost(ComputerUtilMana.java:638)
	at forge.ai.ComputerUtilMana.payManaCost(ComputerUtilMana.java:74)
	at forge.ai.ComputerUtilMana.canPayManaCost(ComputerUtilMana.java:63)
	at forge.ai.ComputerUtilCost.canPayCost(ComputerUtilCost.java:634)
	at forge.ai.ComputerUtilCost.canPayCost(ComputerUtilCost.java:530)
	at forge.ai.ComputerUtilCombat.canGainKeyword(ComputerUtilCombat.java:2290)
	at forge.ai.ComputerUtilCombat.dealsFirstStrikeDamage(ComputerUtilCombat.java:2251)
	at forge.ai.ComputerUtilCombat.predictPowerBonusOfAttacker(ComputerUtilCombat.java:1162)
java.util.concurrent.TimeoutException
	at java.base/java.util.concurrent.FutureTask.get(FutureTask.java:204)
	at forge.ai.AiController.chooseSpellAbilityToPlayFromList(AiController.java:1696)
	at forge.ai.AiController.getSpellAbilityToPlay(AiController.java:1583)
	at forge.ai.AiController.chooseSpellAbilityToPlay(AiController.java:1403)
	at forge.ai.PlayerControllerAi.chooseSpellAbilityToPlay(PlayerControllerAi.java:832)
	at forge.game.phase.PhaseHandler.mainLoopStep(PhaseHandler.java:1056)
	at forge.game.phase.PhaseHandler.mainGameLoop(PhaseHandler.java:1035)
	at forge.game.phase.PhaseHandler.startFirstTurn(PhaseHandler.java:1029)
	at forge.game.GameAction.startGame(GameAction.java:2373)
	at forge.game.Match.startGame(Match.java:92)
	at forge.game.Match.startGame(Match.java:77)
	at forge.view.SimulateMatch.lambda$simulateSingleMatch$0(SimulateMatch.java:213)
	at forge.view.TimeLimitedCodeBlock.lambda$runWithTimeout$0(TimeLimitedCodeBlock.java:18)
	at java.base/java.util.concurrent.FutureTask.run(FutureTask.java:317)
	at java.base/java.util.concurrent.ThreadPoolExecutor.runWorker(ThreadPoolExecutor.java:1144)
	at java.base/java.util.concurrent.ThreadPoolExecutor$Worker.run(ThreadPoolExecutor.java:642)
	at java.base/java.lang.Thread.run(Thread.java:1583)
AI eval thread at timeout:
	at com.google.common.collect.AbstractMapBasedMultimap$Itr.next(AbstractMapBasedMultimap.java:1180)
	at forge.game.keyword.KeywordCollection.applyStaticAbility(KeywordCollection.java:207)
	at forge.game.card.Card.updateStaticAbilities(Card.java:7014)
	at forge.game.card.CardState.getStaticAbilities(CardState.java:712)
	at forge.game.card.Card.getStaticAbilities(Card.java:6993)
	at forge.game.staticability.StaticAbilityCastWithFlash.anyWithFlashNeedsInfo(StaticAbilityCastWithFlash.java:17)
	at forge.game.spellability.SpellAbilityRestriction.canPlay(SpellAbilityRestriction.java:559)
	at forge.game.spellability.AbilityActivated.canPlay(AbilityActivated.java:98)
	at forge.ai.ComputerUtilMana.groupSourcesByManaColor(ComputerUtilMana.java:1505)
	at forge.ai.ComputerUtilMana.getSourcesForShards(ComputerUtilMana.java:831)
	at forge.ai.ComputerUtilMana.payManaCost(ComputerUtilMana.java:638)
	at forge.ai.ComputerUtilMana.payManaCost(ComputerUtilMana.java:74)
	at forge.ai.ComputerUtilMana.canPayManaCost(ComputerUtilMana.java:63)
	at forge.ai.ComputerUtilCost.canPayCost(ComputerUtilCost.java:634)
	at forge.ai.ComputerUtilCost.canPayCost(ComputerUtilCost.java:530)
	at forge.ai.ComputerUtilCombat.canGainKeyword(ComputerUtilCombat.java:2290)
	at forge.ai.ComputerUtilCombat.dealsFirstStrikeDamage(ComputerUtilCombat.java:2251)
	at forge.ai.ComputerUtilCombat.canDestroyBlocker(ComputerUtilCombat.java:1973)
	at forge.ai.AiBlockController.getSafeBlockers(AiBlockController.java:106)
	at forge.ai.AiBlockController.makeGoodBlocks(AiBlockController.java:198)
	at forge.ai.AiBlockController.assignBlockers(AiBlockController.java:1083)
	at forge.ai.AiBlockController.assignBlockersForCombat(AiBlockController.java:1014)
	at forge.ai.ComputerUtil.predictNextCombatsRemainingLife(ComputerUtil.java:3214)
	at forge.ai.ComputerUtil.evaluateBoardPositionChanged(ComputerUtil.java:2959)
	at forge.ai.ComputerUtil.lambda$evaluateBoardPosition$21(ComputerUtil.java:2930)
	at forge.ai.AiCache.getCached(AiCache.java:40)
	at forge.ai.ComputerUtil.evaluateBoardPosition(ComputerUtil.java:2929)
	at forge.ai.ComputerUtilCard.evaluateRemovalTargetPriority(ComputerUtilCard.java:585)
	at forge.ai.ComputerUtilCard.lambda$getBestRemovalTargetAI$6(ComputerUtilCard.java:563)
	at forge.util.Aggregates.itemWithMax(Aggregates.java:66)
java.util.concurrent.TimeoutException
	at java.base/java.util.concurrent.FutureTask.get(FutureTask.java:204)
	at forge.ai.AiController.chooseSpellAbilityToPlayFromList(AiController.java:1696)
	at forge.ai.AiController.getSpellAbilityToPlay(AiController.java:1583)
	at forge.ai.AiController.chooseSpellAbilityToPlay(AiController.java:1403)
	at forge.ai.PlayerControllerAi.chooseSpellAbilityToPlay(PlayerControllerAi.java:832)
	at forge.game.phase.PhaseHandler.mainLoopStep(PhaseHandler.java:1056)
	at forge.game.phase.PhaseHandler.mainGameLoop(PhaseHandler.java:1035)
	at forge.game.phase.PhaseHandler.startFirstTurn(PhaseHandler.java:1029)
	at forge.game.GameAction.startGame(GameAction.java:2373)
	at forge.game.Match.startGame(Match.java:92)
	at forge.game.Match.startGame(Match.java:77)
	at forge.view.SimulateMatch.lambda$simulateSingleMatch$0(SimulateMatch.java:213)
	at forge.view.TimeLimitedCodeBlock.lambda$runWithTimeout$0(TimeLimitedCodeBlock.java:18)
	at java.base/java.util.concurrent.FutureTask.run(FutureTask.java:317)
	at java.base/java.util.concurrent.ThreadPoolExecutor.runWorker(ThreadPoolExecutor.java:1144)
	at java.base/java.util.concurrent.ThreadPoolExecutor$Worker.run(ThreadPoolExecutor.java:642)
	at java.base/java.lang.Thread.run(Thread.java:1583)
AI eval thread at timeout:
	at com.google.common.collect.AbstractMapBasedMultimap$Itr.next(AbstractMapBasedMultimap.java:1180)
	at forge.game.keyword.KeywordCollection.applyStaticAbility(KeywordCollection.java:207)
	at forge.game.card.Card.updateStaticAbilities(Card.java:7014)
	at forge.game.card.CardState.getStaticAbilities(CardState.java:712)
	at forge.game.card.Card.getStaticAbilities(Card.java:6993)
	at forge.game.staticability.StaticAbilityIgnoreHexproofShroud.ignore(StaticAbilityIgnoreHexproofShroud.java:16)
	at forge.game.staticability.StaticAbilityCantTarget.applyCantTargetAbility(StaticAbilityCantTarget.java:93)
	at forge.game.staticability.StaticAbilityCantTarget.cantTarget(StaticAbilityCantTarget.java:50)
	at forge.game.card.Card.canBeTargetedBy(Card.java:6892)
	at forge.game.spellability.SpellAbility.canTarget(SpellAbility.java:1585)
	at forge.game.spellability.SpellAbility.canTarget(SpellAbility.java:1373)
	at forge.ai.ComputerUtilCombat.canGainKeyword(ComputerUtilCombat.java:2294)
	at forge.ai.ComputerUtilCombat.dealsFirstStrikeDamage(ComputerUtilCombat.java:2251)
	at forge.ai.ComputerUtilCombat.canDestroyBlocker(ComputerUtilCombat.java:1973)
	at forge.ai.AiBlockController.getSafeBlockers(AiBlockController.java:106)
	at forge.ai.AiBlockController.makeGoodBlocks(AiBlockController.java:198)
	at forge.ai.AiBlockController.assignBlockers(AiBlockController.java:1083)
	at forge.ai.AiBlockController.assignBlockersForCombat(AiBlockController.java:1014)
	at forge.ai.ComputerUtil.predictNextCombatsRemainingLife(ComputerUtil.java:3214)
	at forge.ai.ComputerUtil.evaluateBoardPositionChanged(ComputerUtil.java:2959)
	at forge.ai.ComputerUtil.lambda$evaluateBoardPosition$21(ComputerUtil.java:2930)
	at forge.ai.AiCache.getCached(AiCache.java:40)
	at forge.ai.ComputerUtil.evaluateBoardPosition(ComputerUtil.java:2929)
	at forge.ai.ComputerUtilCard.evaluateRemovalTargetPriority(ComputerUtilCard.java:585)
	at forge.ai.ComputerUtilCard.lambda$getBestRemovalTargetAI$6(ComputerUtilCard.java:563)
	at forge.util.Aggregates.itemWithMax(Aggregates.java:66)
	at forge.ai.ComputerUtilCard.getBestRemovalTargetAI(ComputerUtilCard.java:563)
	at forge.ai.ability.DestroyAi.checkApiLogic(DestroyAi.java:241)
	at forge.ai.SpellAbilityAi.canPlayWithoutRestrict(SpellAbilityAi.java:98)
	at forge.ai.SpellAbilityAi.canPlay(SpellAbilityAi.java:76)
java.util.concurrent.TimeoutException
	at java.base/java.util.concurrent.FutureTask.get(FutureTask.java:204)
	at forge.ai.AiController.chooseSpellAbilityToPlayFromList(AiController.java:1696)
	at forge.ai.AiController.getSpellAbilityToPlay(AiController.java:1583)
	at forge.ai.AiController.chooseSpellAbilityToPlay(AiController.java:1403)
	at forge.ai.PlayerControllerAi.chooseSpellAbilityToPlay(PlayerControllerAi.java:832)
	at forge.game.phase.PhaseHandler.mainLoopStep(PhaseHandler.java:1056)
	at forge.game.phase.PhaseHandler.mainGameLoop(PhaseHandler.java:1035)
	at forge.game.phase.PhaseHandler.startFirstTurn(PhaseHandler.java:1029)
	at forge.game.GameAction.startGame(GameAction.java:2373)
	at forge.game.Match.startGame(Match.java:92)
	at forge.game.Match.startGame(Match.java:77)
	at forge.view.SimulateMatch.lambda$simulateSingleMatch$0(SimulateMatch.java:213)
	at forge.view.TimeLimitedCodeBlock.lambda$runWithTimeout$0(TimeLimitedCodeBlock.java:18)
	at java.base/java.util.concurrent.FutureTask.run(FutureTask.java:317)
	at java.base/java.util.concurrent.ThreadPoolExecutor.runWorker(ThreadPoolExecutor.java:1144)
	at java.base/java.util.concurrent.ThreadPoolExecutor$Worker.run(ThreadPoolExecutor.java:642)
	at java.base/java.lang.Thread.run(Thread.java:1583)
AI eval thread at timeout:
	at forge.card.CardType.isSaga(CardType.java:565)
	at forge.game.card.CardState.getReplacementEffects(CardState.java:747)
	at forge.game.card.CardState.getReplacementEffects(CardState.java:723)
	at forge.game.card.Card.getReplacementEffects(Card.java:7055)
	at forge.game.replacement.ReplacementHandler.lambda$getReplacementList$0(ReplacementHandler.java:134)
	at forge.util.Visitor.visitAll(Visitor.java:16)
	at forge.game.Game.forEachCardInGame(Game.java:757)
	at forge.game.replacement.ReplacementHandler.getReplacementList(ReplacementHandler.java:102)
	at forge.game.replacement.ReplacementHandler.cantHappenCheck(ReplacementHandler.java:174)
	at forge.game.card.Card.canTap(Card.java:4696)
	at forge.game.card.Card.canTap(Card.java:4688)
	at forge.game.cost.CostTap.canPay(CostTap.java:69)
	at forge.game.cost.Cost.canPay(Cost.java:1085)
	at forge.game.cost.CostPayment.canPayAdditionalCosts(CostPayment.java:104)
	at forge.game.cost.CostPayment.canPayAdditionalCosts(CostPayment.java:96)
	at forge.ai.ComputerUtilMana.getAvailableManaSources(ComputerUtilMana.java:1423)
	at forge.ai.ComputerUtilMana.groupSourcesByManaColor(ComputerUtilMana.java:1496)
	at forge.ai.ComputerUtilMana.getSourcesForShards(ComputerUtilMana.java:831)
	at forge.ai.ComputerUtilMana.payManaCost(ComputerUtilMana.java:638)
	at forge.ai.ComputerUtilMana.payManaCost(ComputerUtilMana.java:74)
	at forge.ai.ComputerUtilMana.canPayManaCost(ComputerUtilMana.java:63)
	at forge.ai.ComputerUtilCost.canPayCost(ComputerUtilCost.java:634)
	at forge.ai.ComputerUtilCost.canPayCost(ComputerUtilCost.java:530)
	at forge.ai.ComputerUtilCombat.canGainKeyword(ComputerUtilCombat.java:2290)
	at forge.ai.ComputerUtilCombat.dealsFirstStrikeDamage(ComputerUtilCombat.java:2251)
	at forge.ai.ComputerUtilCombat.predictPowerBonusOfAttacker(ComputerUtilCombat.java:1162)
	at forge.ai.ComputerUtilCombat.canDestroyAttacker(ComputerUtilCombat.java:1709)
	at forge.ai.AiBlockController.getKillingBlockers(AiBlockController.java:120)
	at forge.ai.AiBlockController.makeTradeBlocks(AiBlockController.java:618)
	at forge.ai.AiBlockController.assignBlockers(AiBlockController.java:1089)
java.util.concurrent.TimeoutException
	at java.base/java.util.concurrent.FutureTask.get(FutureTask.java:204)
	at forge.ai.AiController.chooseSpellAbilityToPlayFromList(AiController.java:1696)
	at forge.ai.AiController.getSpellAbilityToPlay(AiController.java:1583)
	at forge.ai.AiController.chooseSpellAbilityToPlay(AiController.java:1403)
	at forge.ai.PlayerControllerAi.chooseSpellAbilityToPlay(PlayerControllerAi.java:832)
	at forge.game.phase.PhaseHandler.mainLoopStep(PhaseHandler.java:1056)
	at forge.game.phase.PhaseHandler.mainGameLoop(PhaseHandler.java:1035)
	at forge.game.phase.PhaseHandler.startFirstTurn(PhaseHandler.java:1029)
	at forge.game.GameAction.startGame(GameAction.java:2373)
	at forge.game.Match.startGame(Match.java:92)
	at forge.game.Match.startGame(Match.java:77)
	at forge.view.SimulateMatch.lambda$simulateSingleMatch$0(SimulateMatch.java:213)
	at forge.view.TimeLimitedCodeBlock.lambda$runWithTimeout$0(TimeLimitedCodeBlock.java:18)
	at java.base/java.util.concurrent.FutureTask.run(FutureTask.java:317)
	at java.base/java.util.concurrent.ThreadPoolExecutor.runWorker(ThreadPoolExecutor.java:1144)
	at java.base/java.util.concurrent.ThreadPoolExecutor$Worker.run(ThreadPoolExecutor.java:642)
	at java.base/java.lang.Thread.run(Thread.java:1583)
AI eval thread at timeout:
	at java.base/java.util.HashMap.put(HashMap.java:618)
	at java.base/java.util.HashSet.add(HashSet.java:229)
	at forge.util.collect.FCollection.add(FCollection.java:273)
	at forge.util.collect.FCollection.addAll(FCollection.java:346)
	at forge.util.collect.FCollection.addAll(FCollection.java:325)
	at forge.game.player.PlayerCollection.getCardsIn(PlayerCollection.java:33)
	at forge.game.Game.getCardsIn(Game.java:610)
	at forge.game.Game.getCardsIn(Game.java:628)
	at forge.game.staticability.StaticAbilityCastWithFlash.anyWithFlash(StaticAbilityCastWithFlash.java:31)
	at forge.game.spellability.SpellAbility.withFlash(SpellAbility.java:2608)
	at forge.game.spellability.SpellAbility.canCastTiming(SpellAbility.java:2584)
	at forge.game.spellability.SpellAbilityRestriction.canPlay(SpellAbilityRestriction.java:560)
	at forge.game.spellability.AbilityActivated.canPlay(AbilityActivated.java:98)
	at forge.ai.ComputerUtilMana.groupSourcesByManaColor(ComputerUtilMana.java:1505)
	at forge.ai.ComputerUtilMana.getSourcesForShards(ComputerUtilMana.java:831)
	at forge.ai.ComputerUtilMana.payManaCost(ComputerUtilMana.java:638)
	at forge.ai.ComputerUtilMana.payManaCost(ComputerUtilMana.java:74)
	at forge.ai.ComputerUtilMana.canPayManaCost(ComputerUtilMana.java:63)
	at forge.ai.ComputerUtilCost.canPayCost(ComputerUtilCost.java:634)
	at forge.ai.ComputerUtilCost.canPayCost(ComputerUtilCost.java:530)
	at forge.ai.ComputerUtilCombat.canGainKeyword(ComputerUtilCombat.java:2290)
	at forge.ai.ComputerUtilCombat.hasKeyword(ComputerUtilCombat.java:2270)
	at forge.ai.ComputerUtilCombat.canDestroyAttacker(ComputerUtilCombat.java:1754)
	at forge.ai.AiBlockController.getKillingBlockers(AiBlockController.java:120)
	at forge.ai.AiBlockController.makeTradeBlocks(AiBlockController.java:618)
	at forge.ai.AiBlockController.assignBlockers(AiBlockController.java:1089)
	at forge.ai.AiBlockController.assignBlockersForCombat(AiBlockController.java:1014)
	at forge.ai.ComputerUtil.predictNextCombatsRemainingLife(ComputerUtil.java:3214)
	at forge.ai.ComputerUtil.evaluateBoardPositionChanged(ComputerUtil.java:2959)
	at forge.ai.ComputerUtil.lambda$evaluateBoardPosition$21(ComputerUtil.java:2930)
java.util.concurrent.TimeoutException
	at java.base/java.util.concurrent.FutureTask.get(FutureTask.java:204)
	at forge.ai.AiController.chooseSpellAbilityToPlayFromList(AiController.java:1696)
	at forge.ai.AiController.getSpellAbilityToPlay(AiController.java:1583)
	at forge.ai.AiController.chooseSpellAbilityToPlay(AiController.java:1403)
	at forge.ai.PlayerControllerAi.chooseSpellAbilityToPlay(PlayerControllerAi.java:832)
	at forge.game.phase.PhaseHandler.mainLoopStep(PhaseHandler.java:1056)
	at forge.game.phase.PhaseHandler.mainGameLoop(PhaseHandler.java:1035)
	at forge.game.phase.PhaseHandler.startFirstTurn(PhaseHandler.java:1029)
	at forge.game.GameAction.startGame(GameAction.java:2373)
	at forge.game.Match.startGame(Match.java:92)
	at forge.game.Match.startGame(Match.java:77)
	at forge.view.SimulateMatch.lambda$simulateSingleMatch$0(SimulateMatch.java:213)
	at forge.view.TimeLimitedCodeBlock.lambda$runWithTimeout$0(TimeLimitedCodeBlock.java:18)
	at java.base/java.util.concurrent.FutureTask.run(FutureTask.java:317)
	at java.base/java.util.concurrent.ThreadPoolExecutor.runWorker(ThreadPoolExecutor.java:1144)
	at java.base/java.util.concurrent.ThreadPoolExecutor$Worker.run(ThreadPoolExecutor.java:642)
	at java.base/java.lang.Thread.run(Thread.java:1583)
AI eval thread at timeout:
	at com.google.common.collect.AbstractMapBasedMultimap$Itr.next(AbstractMapBasedMultimap.java:1180)
	at forge.game.keyword.KeywordCollection.applyStaticAbility(KeywordCollection.java:207)
	at forge.game.card.Card.updateStaticAbilities(Card.java:7014)
	at forge.game.card.CardState.getStaticAbilities(CardState.java:712)
	at forge.game.card.Card.getStaticAbilities(Card.java:6993)
	at forge.game.staticability.StaticAbilityIgnoreHexproofShroud.ignore(StaticAbilityIgnoreHexproofShroud.java:16)
	at forge.game.staticability.StaticAbilityCantTarget.applyCantTargetAbility(StaticAbilityCantTarget.java:93)
	at forge.game.staticability.StaticAbilityCantTarget.cantTarget(StaticAbilityCantTarget.java:50)
	at forge.game.card.Card.canBeTargetedBy(Card.java:6892)
	at forge.game.spellability.SpellAbility.canTarget(SpellAbility.java:1585)
	at forge.game.spellability.SpellAbility.canTarget(SpellAbility.java:1373)
	at forge.ai.ComputerUtilCombat.canGainKeyword(ComputerUtilCombat.java:2294)
	at forge.ai.ComputerUtilCombat.hasKeyword(ComputerUtilCombat.java:2270)
	at forge.ai.ComputerUtilCombat.canDestroyAttacker(ComputerUtilCombat.java:1754)
	at forge.ai.AiBlockController.getKillingBlockers(AiBlockController.java:120)
	at forge.ai.AiBlockController.makeGoodBlocks(AiBlockController.java:239)
	at forge.ai.AiBlockController.assignBlockers(AiBlockController.java:1083)
	at forge.ai.AiBlockController.assignBlockersForCombat(AiBlockController.java:1014)
	at forge.ai.ComputerUtil.predictNextCombatsRemainingLife(ComputerUtil.java:3214)
	at forge.ai.ComputerUtil.evaluateBoardPositionChanged(ComputerUtil.java:2959)
	at forge.ai.ComputerUtil.lambda$evaluateBoardPosition$21(ComputerUtil.java:2930)
	at forge.ai.AiCache.getCached(AiCache.java:40)
	at forge.ai.ComputerUtil.evaluateBoardPosition(ComputerUtil.java:2929)
	at forge.ai.ComputerUtilCard.evaluateRemovalTargetPriority(ComputerUtilCard.java:585)
	at forge.ai.ComputerUtilCard.lambda$getBestRemovalTargetAI$6(ComputerUtilCard.java:563)
	at forge.util.Aggregates.itemWithMax(Aggregates.java:66)
	at forge.ai.ComputerUtilCard.getBestRemovalTargetAI(ComputerUtilCard.java:563)
	at forge.ai.ability.ChangeZoneAi.isPreferredTarget(ChangeZoneAi.java:1132)
	at forge.ai.ability.ChangeZoneAi.knownOriginCanPlayAI(ChangeZoneAi.java:654)
	at forge.ai.ability.ChangeZoneAi.checkApiLogic(ChangeZoneAi.java:180)
java.util.concurrent.TimeoutException
	at java.base/java.util.concurrent.FutureTask.get(FutureTask.java:204)
	at forge.ai.AiController.chooseSpellAbilityToPlayFromList(AiController.java:1696)
	at forge.ai.AiController.getSpellAbilityToPlay(AiController.java:1583)
	at forge.ai.AiController.chooseSpellAbilityToPlay(AiController.java:1403)
	at forge.ai.PlayerControllerAi.chooseSpellAbilityToPlay(PlayerControllerAi.java:832)
	at forge.game.phase.PhaseHandler.mainLoopStep(PhaseHandler.java:1056)
	at forge.game.phase.PhaseHandler.mainGameLoop(PhaseHandler.java:1035)
	at forge.game.phase.PhaseHandler.startFirstTurn(PhaseHandler.java:1029)
	at forge.game.GameAction.startGame(GameAction.java:2373)
	at forge.game.Match.startGame(Match.java:92)
	at forge.game.Match.startGame(Match.java:77)
	at forge.view.SimulateMatch.lambda$simulateSingleMatch$0(SimulateMatch.java:213)
	at forge.view.TimeLimitedCodeBlock.lambda$runWithTimeout$0(TimeLimitedCodeBlock.java:18)
	at java.base/java.util.concurrent.FutureTask.run(FutureTask.java:317)
	at java.base/java.util.concurrent.ThreadPoolExecutor.runWorker(ThreadPoolExecutor.java:1144)
	at java.base/java.util.concurrent.ThreadPoolExecutor$Worker.run(ThreadPoolExecutor.java:642)
	at java.base/java.lang.Thread.run(Thread.java:1583)
AI eval thread at timeout:
	at forge.util.collect.FCollection.addAll(FCollection.java:343)
	at forge.util.collect.FCollection.addAll(FCollection.java:325)
	at forge.game.keyword.KeywordInstance.applyReplacementEffect(KeywordInstance.java:251)
	at forge.game.keyword.KeywordCollection.applyReplacementEffect(KeywordCollection.java:201)
	at forge.game.card.Card.updateReplacementEffects(Card.java:7069)
	at forge.game.card.CardState.getReplacementEffects(CardState.java:754)
	at forge.game.card.CardState.getReplacementEffects(CardState.java:723)
	at forge.game.card.Card.getReplacementEffects(Card.java:7055)
	at forge.game.replacement.ReplacementHandler.lambda$getReplacementList$0(ReplacementHandler.java:134)
	at forge.util.Visitor.visitAll(Visitor.java:16)
	at forge.game.Game.forEachCardInGame(Game.java:757)
	at forge.game.replacement.ReplacementHandler.getReplacementList(ReplacementHandler.java:102)
	at forge.game.replacement.ReplacementHandler.cantHappenCheck(ReplacementHandler.java:174)
	at forge.game.card.Card.canTap(Card.java:4696)
	at forge.game.card.Card.canTap(Card.java:4688)
	at forge.game.cost.CostTap.canPay(CostTap.java:69)
	at forge.game.cost.Cost.canPay(Cost.java:1085)
	at forge.game.cost.CostPayment.canPayAdditionalCosts(CostPayment.java:104)
	at forge.game.cost.CostPayment.canPayAdditionalCosts(CostPayment.java:96)
	at forge.game.spellability.AbilityActivated.canPlay(AbilityActivated.java:103)
	at forge.ai.ComputerUtilMana.getAvailableManaEstimate(ComputerUtilMana.java:1305)
	at forge.ai.ComputerUtilMana.getAvailableManaEstimate(ComputerUtilMana.java:1289)
	at forge.ai.AiBlockController.removeUnpayableBlocks(AiBlockController.java:1365)
	at forge.ai.AiBlockController.assignBlockers(AiBlockController.java:1108)
	at forge.ai.AiBlockController.assignBlockersForCombat(AiBlockController.java:1014)
	at forge.ai.ComputerUtil.predictNextCombatsRemainingLife(ComputerUtil.java:3214)
	at forge.ai.ComputerUtil.evaluateBoardPositionChanged(ComputerUtil.java:2959)
	at forge.ai.ComputerUtil.lambda$evaluateBoardPosition$21(ComputerUtil.java:2930)
	at forge.ai.AiCache.getCached(AiCache.java:40)
	at forge.ai.ComputerUtil.evaluateBoardPosition(ComputerUtil.java:2929)
java.util.concurrent.TimeoutException
	at java.base/java.util.concurrent.FutureTask.get(FutureTask.java:204)
	at forge.ai.AiController.chooseSpellAbilityToPlayFromList(AiController.java:1696)
	at forge.ai.AiController.getSpellAbilityToPlay(AiController.java:1583)
	at forge.ai.AiController.chooseSpellAbilityToPlay(AiController.java:1403)
	at forge.ai.PlayerControllerAi.chooseSpellAbilityToPlay(PlayerControllerAi.java:832)
	at forge.game.phase.PhaseHandler.mainLoopStep(PhaseHandler.java:1056)
	at forge.game.phase.PhaseHandler.mainGameLoop(PhaseHandler.java:1035)
	at forge.game.phase.PhaseHandler.startFirstTurn(PhaseHandler.java:1029)
	at forge.game.GameAction.startGame(GameAction.java:2373)
	at forge.game.Match.startGame(Match.java:92)
	at forge.game.Match.startGame(Match.java:77)
	at forge.view.SimulateMatch.lambda$simulateSingleMatch$0(SimulateMatch.java:213)
	at forge.view.TimeLimitedCodeBlock.lambda$runWithTimeout$0(TimeLimitedCodeBlock.java:18)
	at java.base/java.util.concurrent.FutureTask.run(FutureTask.java:317)
	at java.base/java.util.concurrent.ThreadPoolExecutor.runWorker(ThreadPoolExecutor.java:1144)
	at java.base/java.util.concurrent.ThreadPoolExecutor$Worker.run(ThreadPoolExecutor.java:642)
	at java.base/java.lang.Thread.run(Thread.java:1583)
AI eval thread at timeout:
	at forge.util.collect.FCollection.addAll(FCollection.java:347)
	at forge.util.collect.FCollection.addAll(FCollection.java:325)
	at forge.game.keyword.KeywordInstance.applyStaticAbility(KeywordInstance.java:255)
	at forge.game.keyword.KeywordCollection.applyStaticAbility(KeywordCollection.java:208)
	at forge.game.card.Card.updateStaticAbilities(Card.java:7014)
	at forge.game.card.CardState.getStaticAbilities(CardState.java:712)
	at forge.game.card.Card.getStaticAbilities(Card.java:6993)
	at forge.game.staticability.StaticAbilityCastWithFlash.anyWithFlashNeedsInfo(StaticAbilityCastWithFlash.java:17)
	at forge.game.spellability.SpellAbilityRestriction.canPlay(SpellAbilityRestriction.java:559)
	at forge.game.spellability.AbilityActivated.canPlay(AbilityActivated.java:98)
	at forge.ai.ComputerUtilMana.lambda$getAvailableManaSources$16(ComputerUtilMana.java:1341)
	at java.base/java.util.stream.ReferencePipeline$2$1.accept(ReferencePipeline.java:178)
	at java.base/java.util.Spliterators$IteratorSpliterator.tryAdvance(Spliterators.java:1950)
	at java.base/java.util.stream.StreamSpliterators$WrappingSpliterator.lambda$initPartialTraversalState$0(StreamSpliterators.java:292)
	at java.base/java.util.stream.StreamSpliterators$AbstractWrappingSpliterator.fillBuffer(StreamSpliterators.java:206)
	at java.base/java.util.stream.StreamSpliterators$AbstractWrappingSpliterator.doAdvance(StreamSpliterators.java:169)
	at java.base/java.util.stream.StreamSpliterators$WrappingSpliterator.tryAdvance(StreamSpliterators.java:298)
	at java.base/java.util.Spliterators$1Adapter.hasNext(Spliterators.java:681)
	at forge.util.collect.FCollection.addAll(FCollection.java:345)
	at forge.util.collect.FCollection.<init>(FCollection.java:103)
	at forge.game.card.CardCollection.<init>(CardCollection.java:118)
	at forge.game.card.CardLists.filter(CardLists.java:331)
	at forge.ai.ComputerUtilMana.getAvailableManaSources(ComputerUtilMana.java:1338)
	at forge.ai.ComputerUtilMana.groupSourcesByManaColor(ComputerUtilMana.java:1496)
	at forge.ai.ComputerUtilMana.getSourcesForShards(ComputerUtilMana.java:831)
	at forge.ai.ComputerUtilMana.payManaCost(ComputerUtilMana.java:638)
	at forge.ai.ComputerUtilMana.payManaCost(ComputerUtilMana.java:74)
	at forge.ai.ComputerUtilMana.canPayManaCost(ComputerUtilMana.java:63)
	at forge.ai.ComputerUtilCost.canPayCost(ComputerUtilCost.java:634)
	at forge.ai.ComputerUtilCost.canPayCost(ComputerUtilCost.java:530)
java.util.concurrent.TimeoutException
	at java.base/java.util.concurrent.FutureTask.get(FutureTask.java:204)
	at forge.ai.AiController.chooseSpellAbilityToPlayFromList(AiController.java:1696)
	at forge.ai.AiController.getSpellAbilityToPlay(AiController.java:1583)
	at forge.ai.AiController.chooseSpellAbilityToPlay(AiController.java:1403)
	at forge.ai.PlayerControllerAi.chooseSpellAbilityToPlay(PlayerControllerAi.java:832)
	at forge.game.phase.PhaseHandler.mainLoopStep(PhaseHandler.java:1056)
	at forge.game.phase.PhaseHandler.mainGameLoop(PhaseHandler.java:1035)
	at forge.game.phase.PhaseHandler.startFirstTurn(PhaseHandler.java:1029)
	at forge.game.GameAction.startGame(GameAction.java:2373)
	at forge.game.Match.startGame(Match.java:92)
	at forge.game.Match.startGame(Match.java:77)
	at forge.view.SimulateMatch.lambda$simulateSingleMatch$0(SimulateMatch.java:213)
	at forge.view.TimeLimitedCodeBlock.lambda$runWithTimeout$0(TimeLimitedCodeBlock.java:18)
	at java.base/java.util.concurrent.FutureTask.run(FutureTask.java:317)
	at java.base/java.util.concurrent.ThreadPoolExecutor.runWorker(ThreadPoolExecutor.java:1144)
	at java.base/java.util.concurrent.ThreadPoolExecutor$Worker.run(ThreadPoolExecutor.java:642)
	at java.base/java.lang.Thread.run(Thread.java:1583)
AI eval thread at timeout:
	at forge.game.Game.getCardsIn(Game.java:627)
	at forge.game.staticability.StaticAbilityCastWithFlash.anyWithFlash(StaticAbilityCastWithFlash.java:31)
	at forge.game.spellability.SpellAbility.withFlash(SpellAbility.java:2608)
	at forge.game.spellability.SpellAbility.canCastTiming(SpellAbility.java:2584)
	at forge.game.spellability.SpellAbilityRestriction.canPlay(SpellAbilityRestriction.java:560)
	at forge.game.spellability.AbilityActivated.canPlay(AbilityActivated.java:98)
	at forge.ai.ComputerUtilMana.lambda$getAvailableManaSources$16(ComputerUtilMana.java:1341)
	at java.base/java.util.stream.ReferencePipeline$2$1.accept(ReferencePipeline.java:178)
	at java.base/java.util.Spliterators$IteratorSpliterator.tryAdvance(Spliterators.java:1950)
	at java.base/java.util.stream.StreamSpliterators$WrappingSpliterator.lambda$initPartialTraversalState$0(StreamSpliterators.java:292)
	at java.base/java.util.stream.StreamSpliterators$AbstractWrappingSpliterator.fillBuffer(StreamSpliterators.java:206)
	at java.base/java.util.stream.StreamSpliterators$AbstractWrappingSpliterator.doAdvance(StreamSpliterators.java:169)
	at java.base/java.util.stream.StreamSpliterators$WrappingSpliterator.tryAdvance(StreamSpliterators.java:298)
	at java.base/java.util.Spliterators$1Adapter.hasNext(Spliterators.java:681)
	at forge.util.collect.FCollection.addAll(FCollection.java:345)
	at forge.util.collect.FCollection.<init>(FCollection.java:103)
	at forge.game.card.CardCollection.<init>(CardCollection.java:118)
	at forge.game.card.CardLists.filter(CardLists.java:331)
	at forge.ai.ComputerUtilMana.getAvailableManaSources(ComputerUtilMana.java:1338)
	at forge.ai.ComputerUtilMana.groupSourcesByManaColor(ComputerUtilMana.java:1496)
	at forge.ai.ComputerUtilMana.getSourcesForShards(ComputerUtilMana.java:831)
	at forge.ai.ComputerUtilMana.payManaCost(ComputerUtilMana.java:638)
	at forge.ai.ComputerUtilMana.payManaCost(ComputerUtilMana.java:74)
	at forge.ai.ComputerUtilMana.canPayManaCost(ComputerUtilMana.java:63)
	at forge.ai.ComputerUtilCost.canPayCost(ComputerUtilCost.java:634)
	at forge.ai.ComputerUtilCost.canPayCost(ComputerUtilCost.java:530)
	at forge.ai.ComputerUtilCombat.canGainKeyword(ComputerUtilCombat.java:2290)
	at forge.ai.ComputerUtilCombat.dealsFirstStrikeDamage(ComputerUtilCombat.java:2251)
	at forge.ai.ComputerUtilCombat.predictPowerBonusOfAttacker(ComputerUtilCombat.java:1162)
	at forge.ai.ComputerUtilCombat.canDestroyAttacker(ComputerUtilCombat.java:1709)
Warning: default (ie. inherited from base class) implementation of confirmAction is used by Sythis, Harvest's Hand for forge.ai.ability.PermanentCreatureAi. Consider declaring an overloaded method
Warning: default (ie. inherited from base class) implementation of confirmAction is used by Giada, Font of Hope for forge.ai.ability.PermanentCreatureAi. Consider declaring an overloaded method
java.util.concurrent.TimeoutException
	at java.base/java.util.concurrent.FutureTask.get(FutureTask.java:204)
	at forge.ai.AiController.chooseSpellAbilityToPlayFromList(AiController.java:1696)
	at forge.ai.AiController.getSpellAbilityToPlay(AiController.java:1583)
	at forge.ai.AiController.chooseSpellAbilityToPlay(AiController.java:1403)
	at forge.ai.PlayerControllerAi.chooseSpellAbilityToPlay(PlayerControllerAi.java:832)
	at forge.game.phase.PhaseHandler.mainLoopStep(PhaseHandler.java:1056)
	at forge.game.phase.PhaseHandler.mainGameLoop(PhaseHandler.java:1035)
	at forge.game.phase.PhaseHandler.startFirstTurn(PhaseHandler.java:1029)
	at forge.game.GameAction.startGame(GameAction.java:2373)
	at forge.game.Match.startGame(Match.java:92)
	at forge.game.Match.startGame(Match.java:77)
	at forge.view.SimulateMatch.lambda$simulateSingleMatch$0(SimulateMatch.java:213)
	at forge.view.TimeLimitedCodeBlock.lambda$runWithTimeout$0(TimeLimitedCodeBlock.java:18)
	at java.base/java.util.concurrent.FutureTask.run(FutureTask.java:317)
	at java.base/java.util.concurrent.ThreadPoolExecutor.runWorker(ThreadPoolExecutor.java:1144)
	at java.base/java.util.concurrent.ThreadPoolExecutor$Worker.run(ThreadPoolExecutor.java:642)
	at java.base/java.lang.Thread.run(Thread.java:1583)
AI eval thread at timeout:
	at forge.game.card.Card.updateStaticAbilities(Card.java:7011)
	at forge.game.card.CardState.getStaticAbilities(CardState.java:712)
	at forge.game.card.Card.getStaticAbilities(Card.java:6993)
	at forge.ai.ComputerUtilCombat.predictPowerBonusOfBlocker(ComputerUtilCombat.java:891)
	at forge.ai.ComputerUtilCombat.canDestroyAttacker(ComputerUtilCombat.java:1687)
	at forge.ai.AiBlockController.getKillingBlockers(AiBlockController.java:120)
	at forge.ai.AiBlockController.makeTradeBlocks(AiBlockController.java:618)
	at forge.ai.AiBlockController.assignBlockers(AiBlockController.java:1089)
	at forge.ai.AiBlockController.assignBlockersForCombat(AiBlockController.java:1014)
	at forge.ai.ComputerUtil.predictNextCombatsRemainingLife(ComputerUtil.java:3214)
	at forge.ai.ComputerUtil.predictNextCombatsRemainingLife(ComputerUtil.java:3179)
	at forge.ai.AiAttackController.notNeededAsBlockers(AiAttackController.java:426)
	at forge.ai.AiAttackController.declareAttackers(AiAttackController.java:1279)
	at forge.ai.ComputerUtilCard.doesSpecifiedCreatureAttackAI(ComputerUtilCard.java:820)
	at forge.ai.ComputerUtilCard.shouldPumpCard(ComputerUtilCard.java:1557)
	at forge.ai.ability.PumpAiBase.lambda$getPumpCreatures$2(PumpAiBase.java:376)
	at java.base/java.util.stream.ReferencePipeline$2$1.accept(ReferencePipeline.java:178)
	at java.base/java.util.Spliterators$IteratorSpliterator.tryAdvance(Spliterators.java:1950)
	at java.base/java.util.stream.StreamSpliterators$WrappingSpliterator.lambda$initPartialTraversalState$0(StreamSpliterators.java:292)
	at java.base/java.util.stream.StreamSpliterators$AbstractWrappingSpliterator.fillBuffer(StreamSpliterators.java:206)
	at java.base/java.util.stream.StreamSpliterators$AbstractWrappingSpliterator.doAdvance(StreamSpliterators.java:161)
	at java.base/java.util.stream.StreamSpliterators$WrappingSpliterator.tryAdvance(StreamSpliterators.java:298)
	at java.base/java.util.Spliterators$1Adapter.hasNext(Spliterators.java:681)
	at forge.util.collect.FCollection.addAll(FCollection.java:345)
	at forge.util.collect.FCollection.<init>(FCollection.java:103)
	at forge.game.card.CardCollection.<init>(CardCollection.java:118)
	at forge.game.card.CardLists.filter(CardLists.java:331)
	at forge.ai.ability.PumpAiBase.getPumpCreatures(PumpAiBase.java:376)
	at forge.ai.ability.PumpAi.pumpTgtAI(PumpAi.java:472)
	at forge.ai.ability.PumpAi.checkApiLogic(PumpAi.java:341)
Mulligan: Ai(4)-mm-baylen-tokens has mulliganed down to 7 cards.
Mulligan: Ai(1)-mm-muldrotha-value has kept a hand of 7 cards
Mulligan: Ai(2)-mm-sythis-enchantress has kept a hand of 7 cards
Mulligan: Ai(3)-mm-giada-angels has kept a hand of 7 cards
Mulligan: Ai(4)-mm-baylen-tokens has kept a hand of 7 cards
Turn: Turn 1 (Ai(1)-mm-muldrotha-value)
Phase: Ai(1)-mm-muldrotha-value's Untap step
Phase: Ai(1)-mm-muldrotha-value's Upkeep step
Phase: Ai(1)-mm-muldrotha-value's Draw step
Phase: Ai(1)-mm-muldrotha-value's Main phase, precombat
Replacement Effect: Rejuvenating Springs enters tapped unless you have two or more opponents.
Land: Ai(1)-mm-muldrotha-value played Rejuvenating Springs (9)
Phase: Ai(1)-mm-muldrotha-value's Beginning of Combat Step
Phase: Ai(1)-mm-muldrotha-value's Declare Attackers Step
Phase: Ai(1)-mm-muldrotha-value's Declare Blockers Step
Phase: Ai(1)-mm-muldrotha-value's First Strike Damage Step
Phase: Ai(1)-mm-muldrotha-value's Combat Damage Step
Phase: Ai(1)-mm-muldrotha-value's End of Combat Step
Phase: Ai(1)-mm-muldrotha-value's Main phase, postcombat
Mana: Rejuvenating Springs (9) - {T}: Add {G} or {U}.
Add To Stack: Ai(1)-mm-muldrotha-value cast Spore Frog
Resolve Stack: Spore Frog - Creature 1 / 1
Phase: Ai(1)-mm-muldrotha-value's End step
Phase: Ai(1)-mm-muldrotha-value's Cleanup step
Turn: Turn 2 (Ai(2)-mm-sythis-enchantress)
Phase: Ai(2)-mm-sythis-enchantress' Untap step
Phase: Ai(2)-mm-sythis-enchantress' Upkeep step
Phase: Ai(2)-mm-sythis-enchantress' Draw step
Phase: Ai(2)-mm-sythis-enchantress' Main phase, precombat
Land: Ai(2)-mm-sythis-enchantress played Forest (139)
Phase: Ai(2)-mm-sythis-enchantress' Beginning of Combat Step
Phase: Ai(2)-mm-sythis-enchantress' Declare Attackers Step
Phase: Ai(2)-mm-sythis-enchantress' Declare Blockers Step
Phase: Ai(2)-mm-sythis-enchantress' First Strike Damage Step
Phase: Ai(2)-mm-sythis-enchantress' Combat Damage Step
Phase: Ai(2)-mm-sythis-enchantress' End of Combat Step
Phase: Ai(2)-mm-sythis-enchantress' Main phase, postcombat
Phase: Ai(2)-mm-sythis-enchantress' End step
Phase: Ai(2)-mm-sythis-enchantress' Cleanup step
Turn: Turn 3 (Ai(3)-mm-giada-angels)
Phase: Ai(3)-mm-giada-angels' Untap step
Phase: Ai(3)-mm-giada-angels' Upkeep step
Phase: Ai(3)-mm-giada-angels' Draw step
Phase: Ai(3)-mm-giada-angels' Main phase, precombat
Land: Ai(3)-mm-giada-angels played Plains (275)
Phase: Ai(3)-mm-giada-angels' Beginning of Combat Step
Phase: Ai(3)-mm-giada-angels' Declare Attackers Step
Phase: Ai(3)-mm-giada-angels' Declare Blockers Step
Phase: Ai(3)-mm-giada-angels' First Strike Damage Step
Phase: Ai(3)-mm-giada-angels' Combat Damage Step
Phase: Ai(3)-mm-giada-angels' End of Combat Step
Phase: Ai(3)-mm-giada-angels' Main phase, postcombat
Phase: Ai(3)-mm-giada-angels' End step
Phase: Ai(3)-mm-giada-angels' Cleanup step
Turn: Turn 4 (Ai(4)-mm-baylen-tokens)
Phase: Ai(4)-mm-baylen-tokens' Untap step
Phase: Ai(4)-mm-baylen-tokens' Upkeep step
Phase: Ai(4)-mm-baylen-tokens' Draw step
Phase: Ai(4)-mm-baylen-tokens' Main phase, precombat
Land: Ai(4)-mm-baylen-tokens played Plains (392)
Phase: Ai(4)-mm-baylen-tokens' Beginning of Combat Step
Phase: Ai(4)-mm-baylen-tokens' Declare Attackers Step
Phase: Ai(4)-mm-baylen-tokens' Declare Blockers Step
Phase: Ai(4)-mm-baylen-tokens' First Strike Damage Step
Phase: Ai(4)-mm-baylen-tokens' Combat Damage Step
Phase: Ai(4)-mm-baylen-tokens' End of Combat Step
Phase: Ai(4)-mm-baylen-tokens' Main phase, postcombat
Phase: Ai(4)-mm-baylen-tokens' End step
Phase: Ai(4)-mm-baylen-tokens' Cleanup step
Turn: Turn 5 (Ai(1)-mm-muldrotha-value)
Phase: Ai(1)-mm-muldrotha-value's Untap step
Phase: Ai(1)-mm-muldrotha-value's Upkeep step
Phase: Ai(1)-mm-muldrotha-value's Draw step
Mana: Rejuvenating Springs (9) - {T}: Add {G} or {U}.
Zone Change: Rejuvenating Springs (9) was put into Graveyard from Battlefield.
Add To Stack: Ai(1)-mm-muldrotha-value cast Crop Rotation
Resolve Stack: Crop Rotation (61) - Ai(1)-mm-muldrotha-value searches their library for a land card, puts it onto the battlefield, then shuffles.
Life: Life: Ai(1)-mm-muldrotha-value 40 > 39
Zone Change: Verdant Catacombs (14) was put into Graveyard from Battlefield.
Add To Stack: Ai(1)-mm-muldrotha-value activated Verdant Catacombs
Replacement Effect: As Watery Grave enters, you may pay 2 life. If you don't, it enters tapped.
Resolve Stack: Verdant Catacombs (14) - Ai(1)-mm-muldrotha-value searches their library for a Swamp or Forest card, puts it onto the battlefield, then shuffles.
Phase: Ai(1)-mm-muldrotha-value's Main phase, precombat
Phase: Ai(1)-mm-muldrotha-value's Beginning of Combat Step
Phase: Ai(1)-mm-muldrotha-value's Declare Attackers Step
Combat: Ai(1)-mm-muldrotha-value assigned Spore Frog (50) to attack Ai(3)-mm-giada-angels.
Phase: Ai(1)-mm-muldrotha-value's Declare Blockers Step
Combat: Ai(3)-mm-giada-angels didn't block Spore Frog (50).
Phase: Ai(1)-mm-muldrotha-value's First Strike Damage Step
Phase: Ai(1)-mm-muldrotha-value's Combat Damage Step
Damage: Spore Frog (50) deals 1 combat damage to Ai(3)-mm-giada-angels.
Life: Life: Ai(3)-mm-giada-angels 40 > 39
Phase: Ai(1)-mm-muldrotha-value's End of Combat Step
Phase: Ai(1)-mm-muldrotha-value's Main phase, postcombat
Land: Ai(1)-mm-muldrotha-value played Forest (42)
Phase: Ai(1)-mm-muldrotha-value's End step
Phase: Ai(1)-mm-muldrotha-value's Cleanup step
Turn: Turn 6 (Ai(2)-mm-sythis-enchantress)
Phase: Ai(2)-mm-sythis-enchantress' Untap step
Phase: Ai(2)-mm-sythis-enchantress' Upkeep step
Phase: Ai(2)-mm-sythis-enchantress' Draw step
Phase: Ai(2)-mm-sythis-enchantress' Main phase, precombat
Replacement Effect: Sunpetal Grove enters tapped unless you control a Forest or a Plains.
Land: Ai(2)-mm-sythis-enchantress played Sunpetal Grove (164)
Phase: Ai(2)-mm-sythis-enchantress' Beginning of Combat Step
Phase: Ai(2)-mm-sythis-enchantress' Declare Attackers Step
Phase: Ai(2)-mm-sythis-enchantress' Declare Blockers Step
Phase: Ai(2)-mm-sythis-enchantress' First Strike Damage Step
Phase: Ai(2)-mm-sythis-enchantress' Combat Damage Step
Phase: Ai(2)-mm-sythis-enchantress' End of Combat Step
Phase: Ai(2)-mm-sythis-enchantress' Main phase, postcombat
Mana: Forest (139) - {T}: Add {G}.
Mana: Sunpetal Grove (164) - {T}: Add {G} or {W}.
Add To Stack: Ai(2)-mm-sythis-enchantress cast Composer of Spring
Resolve Stack: Composer of Spring - Creature 1 / 3
Phase: Ai(2)-mm-sythis-enchantress' End step
Phase: Ai(2)-mm-sythis-enchantress' Cleanup step
Turn: Turn 7 (Ai(3)-mm-giada-angels)
Phase: Ai(3)-mm-giada-angels' Untap step
Phase: Ai(3)-mm-giada-angels' Upkeep step
Phase: Ai(3)-mm-giada-angels' Draw step
Phase: Ai(3)-mm-giada-angels' Main phase, precombat
Replacement Effect: Myriad Landscape enters tapped.
Land: Ai(3)-mm-giada-angels played Myriad Landscape (264)
Phase: Ai(3)-mm-giada-angels' Beginning of Combat Step
Phase: Ai(3)-mm-giada-angels' Declare Attackers Step
Phase: Ai(3)-mm-giada-angels' Declare Blockers Step
Phase: Ai(3)-mm-giada-angels' First Strike Damage Step
Phase: Ai(3)-mm-giada-angels' Combat Damage Step
Phase: Ai(3)-mm-giada-angels' End of Combat Step
Phase: Ai(3)-mm-giada-angels' Main phase, postcombat
Phase: Ai(3)-mm-giada-angels' End step
Phase: Ai(3)-mm-giada-angels' Cleanup step
Turn: Turn 8 (Ai(4)-mm-baylen-tokens)
Phase: Ai(4)-mm-baylen-tokens' Untap step
Phase: Ai(4)-mm-baylen-tokens' Upkeep step
Phase: Ai(4)-mm-baylen-tokens' Draw step
Phase: Ai(4)-mm-baylen-tokens' Main phase, precombat
Replacement Effect: Canopy Vista enters tapped unless you control two or more basic lands.
Land: Ai(4)-mm-baylen-tokens played Canopy Vista (371)
Phase: Ai(4)-mm-baylen-tokens' Beginning of Combat Step
Phase: Ai(4)-mm-baylen-tokens' Declare Attackers Step
Phase: Ai(4)-mm-baylen-tokens' Declare Blockers Step
Phase: Ai(4)-mm-baylen-tokens' First Strike Damage Step
Phase: Ai(4)-mm-baylen-tokens' Combat Damage Step
Phase: Ai(4)-mm-baylen-tokens' End of Combat Step
Phase: Ai(4)-mm-baylen-tokens' Main phase, postcombat
Phase: Ai(4)-mm-baylen-tokens' End step
Phase: Ai(4)-mm-baylen-tokens' Cleanup step
Turn: Turn 9 (Ai(1)-mm-muldrotha-value)
Phase: Ai(1)-mm-muldrotha-value's Untap step
Phase: Ai(1)-mm-muldrotha-value's Upkeep step
Phase: Ai(1)-mm-muldrotha-value's Draw step
Phase: Ai(1)-mm-muldrotha-value's Main phase, precombat
Land: Ai(1)-mm-muldrotha-value played Swamp (66)
Phase: Ai(1)-mm-muldrotha-value's Beginning of Combat Step
Phase: Ai(1)-mm-muldrotha-value's Declare Attackers Step
Phase: Ai(1)-mm-muldrotha-value's Declare Blockers Step
Phase: Ai(1)-mm-muldrotha-value's First Strike Damage Step
Phase: Ai(1)-mm-muldrotha-value's Combat Damage Step
Phase: Ai(1)-mm-muldrotha-value's End of Combat Step
Phase: Ai(1)-mm-muldrotha-value's Main phase, postcombat
Mana: Forest (42) - {T}: Add {G}.
Mana: Swamp (66) - {T}: Add {B}.
Add To Stack: Ai(1)-mm-muldrotha-value cast Skull Prophet
Resolve Stack: Skull Prophet - Creature 3 / 1
Phase: Ai(1)-mm-muldrotha-value's End step
Phase: Ai(1)-mm-muldrotha-value's Cleanup step
Turn: Turn 10 (Ai(2)-mm-sythis-enchantress)
Phase: Ai(2)-mm-sythis-enchantress' Untap step
Phase: Ai(2)-mm-sythis-enchantress' Upkeep step
Phase: Ai(2)-mm-sythis-enchantress' Draw step
Phase: Ai(2)-mm-sythis-enchantress' Main phase, precombat
Mana: Forest (139) - {T}: Add {G}.
Add To Stack: Ai(2)-mm-sythis-enchantress cast Whip Silk targeting [Composer of Spring (146)]
Resolve Stack: Whip Silk (172) -  Attach to Composer of Spring (146)
Add To Stack: Ai(2)-mm-sythis-enchantress triggered Composer of Spring
Resolve Stack: Constellation — Whenever an enchantment you control enters, you may put a land card from your hand onto the battlefield tapped. If you control six or more enchantments, instead you may put a creature or land card from your hand onto the battlefield tapped. [Zone Changer: Whip Silk (172)]
Land: Ai(2)-mm-sythis-enchantress played Plains (188)
Phase: Ai(2)-mm-sythis-enchantress' Beginning of Combat Step
Phase: Ai(2)-mm-sythis-enchantress' Declare Attackers Step
Phase: Ai(2)-mm-sythis-enchantress' Declare Blockers Step
Phase: Ai(2)-mm-sythis-enchantress' First Strike Damage Step
Phase: Ai(2)-mm-sythis-enchantress' Combat Damage Step
Phase: Ai(2)-mm-sythis-enchantress' End of Combat Step
Phase: Ai(2)-mm-sythis-enchantress' Main phase, postcombat
Mana: Sunpetal Grove (164) - {T}: Add {G} or {W}.
Mana: Plains (188) - {T}: Add {W}.
Add To Stack: Ai(2)-mm-sythis-enchantress cast Sythis, Harvest's Hand
Resolve Stack: Sythis, Harvest's Hand - Creature 1 / 2
Add To Stack: Ai(2)-mm-sythis-enchantress triggered Composer of Spring
Resolve Stack: Constellation — Whenever an enchantment you control enters, you may put a land card from your hand onto the battlefield tapped. If you control six or more enchantments, instead you may put a creature or land card from your hand onto the battlefield tapped. [Zone Changer: Sythis, Harvest's Hand (201)]
Phase: Ai(2)-mm-sythis-enchantress' End step
Phase: Ai(2)-mm-sythis-enchantress' Cleanup step
Turn: Turn 11 (Ai(3)-mm-giada-angels)
Phase: Ai(3)-mm-giada-angels' Untap step
Phase: Ai(3)-mm-giada-angels' Upkeep step
Phase: Ai(3)-mm-giada-angels' Draw step
Phase: Ai(3)-mm-giada-angels' Main phase, precombat
Phase: Ai(3)-mm-giada-angels' Beginning of Combat Step
Phase: Ai(3)-mm-giada-angels' Declare Attackers Step
Phase: Ai(3)-mm-giada-angels' Declare Blockers Step
Phase: Ai(3)-mm-giada-angels' First Strike Damage Step
Phase: Ai(3)-mm-giada-angels' Combat Damage Step
Phase: Ai(3)-mm-giada-angels' End of Combat Step
Phase: Ai(3)-mm-giada-angels' Main phase, postcombat
Mana: Plains (275) - {T}: Add {W}.
Mana: Myriad Landscape (264) - {T}: Add {C}.
Add To Stack: Ai(3)-mm-giada-angels cast Giada, Font of Hope
Resolve Stack: Giada, Font of Hope - Creature 2 / 2
Phase: Ai(3)-mm-giada-angels' End step
Phase: Ai(3)-mm-giada-angels' Cleanup step
Discard: Ai(3)-mm-giada-angels discards Serra's Emissary (263).
Turn: Turn 12 (Ai(4)-mm-baylen-tokens)
Phase: Ai(4)-mm-baylen-tokens' Untap step
Phase: Ai(4)-mm-baylen-tokens' Upkeep step
Phase: Ai(4)-mm-baylen-tokens' Draw step
Phase: Ai(4)-mm-baylen-tokens' Main phase, precombat
Phase: Ai(4)-mm-baylen-tokens' Beginning of Combat Step
Phase: Ai(4)-mm-baylen-tokens' Declare Attackers Step
Phase: Ai(4)-mm-baylen-tokens' Declare Blockers Step
Phase: Ai(4)-mm-baylen-tokens' First Strike Damage Step
Phase: Ai(4)-mm-baylen-tokens' Combat Damage Step
Phase: Ai(4)-mm-baylen-tokens' End of Combat Step
Phase: Ai(4)-mm-baylen-tokens' Main phase, postcombat
Mana: Plains (392) - {T}: Add {W}.
Mana: Canopy Vista (371) - {T}: Add {G}.
Add To Stack: Ai(4)-mm-baylen-tokens cast Idol of Oblivion
Resolve Stack: Idol of Oblivion
Phase: Ai(4)-mm-baylen-tokens' End step
Phase: Ai(4)-mm-baylen-tokens' Cleanup step
Turn: Turn 13 (Ai(1)-mm-muldrotha-value)
Phase: Ai(1)-mm-muldrotha-value's Untap step
Phase: Ai(1)-mm-muldrotha-value's Upkeep step
Phase: Ai(1)-mm-muldrotha-value's Draw step
Phase: Ai(1)-mm-muldrotha-value's Main phase, precombat
Phase: Ai(1)-mm-muldrotha-value's Beginning of Combat Step
Phase: Ai(1)-mm-muldrotha-value's Declare Attackers Step
Phase: Ai(1)-mm-muldrotha-value's Declare Blockers Step
Phase: Ai(1)-mm-muldrotha-value's First Strike Damage Step
Phase: Ai(1)-mm-muldrotha-value's Combat Damage Step
Phase: Ai(1)-mm-muldrotha-value's End of Combat Step
Phase: Ai(1)-mm-muldrotha-value's Main phase, postcombat
Replacement Effect: Bojuka Bog enters tapped.
Land: Ai(1)-mm-muldrotha-value played Bojuka Bog (55)
Add To Stack: Ai(1)-mm-muldrotha-value triggered Bojuka Bog targeting [Ai(3)-mm-giada-angels]
Resolve Stack: When Bojuka Bog enters, exile all cards from target player's graveyard. (Targeting: [[Ai(3)-mm-giada-angels]]) [Zone Changer: Bojuka Bog (55)]
Mana: Swamp (66) - {T}: Add {B}.
Mana: Forest (42) - {T}: Add {G}.
Mana: Watery Grave (30) - {T}: Add {B}.
Add To Stack: Ai(1)-mm-muldrotha-value cast Plaguecrafter
Resolve Stack: Plaguecrafter - Creature 3 / 2
Add To Stack: Ai(1)-mm-muldrotha-value triggered Plaguecrafter
Zone Change: Spore Frog (50) was put into Graveyard from Battlefield.
Zone Change: Sythis, Harvest's Hand (201) was put into Graveyard from Battlefield.
Zone Change: Giada, Font of Hope (302) was put into Graveyard from Battlefield.
Discard: Ai(4)-mm-baylen-tokens discards Dazzling Theater // Prop Room (312).
Resolve Stack: When Plaguecrafter enters, each player sacrifices a creature or planeswalker. Each player who can't discards a card. [Zone Changer: Plaguecrafter (1)]
Phase: Ai(1)-mm-muldrotha-value's End step
Phase: Ai(1)-mm-muldrotha-value's Cleanup step
Turn: Turn 14 (Ai(2)-mm-sythis-enchantress)
Phase: Ai(2)-mm-sythis-enchantress' Untap step
Phase: Ai(2)-mm-sythis-enchantress' Upkeep step
Phase: Ai(2)-mm-sythis-enchantress' Draw step
Phase: Ai(2)-mm-sythis-enchantress' Main phase, precombat
Land: Ai(2)-mm-sythis-enchantress played Plains (187)
Phase: Ai(2)-mm-sythis-enchantress' Beginning of Combat Step
Phase: Ai(2)-mm-sythis-enchantress' Declare Attackers Step
Phase: Ai(2)-mm-sythis-enchantress' Declare Blockers Step
Phase: Ai(2)-mm-sythis-enchantress' First Strike Damage Step
Phase: Ai(2)-mm-sythis-enchantress' Combat Damage Step
Phase: Ai(2)-mm-sythis-enchantress' End of Combat Step
Phase: Ai(2)-mm-sythis-enchantress' Main phase, postcombat
Mana: Forest (139) - {T}: Add {G}.
Mana: Plains (188) - {T}: Add {W}.
Mana: Plains (192) - {T}: Add {W}.
Mana: Plains (187) - {T}: Add {W}.
Add To Stack: Ai(2)-mm-sythis-enchantress cast Yenna, Redtooth Regent
Resolve Stack: Yenna, Redtooth Regent - Creature 4 / 4
Mana: Forest (140) - {T}: Add {G}.
Mana: Sunpetal Grove (164) - {T}: Add {G} or {W}.
Add To Stack: Ai(2)-mm-sythis-enchantress cast Arcane Signet
Resolve Stack: Arcane Signet
Phase: Ai(2)-mm-sythis-enchantress' End step
Phase: Ai(2)-mm-sythis-enchantress' Cleanup step
Turn: Turn 15 (Ai(3)-mm-giada-angels)
Phase: Ai(3)-mm-giada-angels' Untap step
Phase: Ai(3)-mm-giada-angels' Upkeep step
Phase: Ai(3)-mm-giada-angels' Draw step
Phase: Ai(3)-mm-giada-angels' Main phase, precombat
Phase: Ai(3)-mm-giada-angels' Beginning of Combat Step
Phase: Ai(3)-mm-giada-angels' Declare Attackers Step
Phase: Ai(3)-mm-giada-angels' Declare Blockers Step
Phase: Ai(3)-mm-giada-angels' First Strike Damage Step
Phase: Ai(3)-mm-giada-angels' Combat Damage Step
Phase: Ai(3)-mm-giada-angels' End of Combat Step
Phase: Ai(3)-mm-giada-angels' Main phase, postcombat
Mana: Plains (275) - {T}: Add {W}.
Mana: Myriad Landscape (264) - {T}: Add {C}.
Add To Stack: Ai(3)-mm-giada-angels cast Luminarch Ascension
Resolve Stack: Luminarch Ascension
Phase: Ai(3)-mm-giada-angels' End step
Phase: Ai(3)-mm-giada-angels' Cleanup step
Turn: Turn 16 (Ai(4)-mm-baylen-tokens)
Phase: Ai(4)-mm-baylen-tokens' Untap step
Phase: Ai(4)-mm-baylen-tokens' Upkeep step
Phase: Ai(4)-mm-baylen-tokens' Draw step
Phase: Ai(4)-mm-baylen-tokens' Main phase, precombat
Phase: Ai(4)-mm-baylen-tokens' Beginning of Combat Step
Phase: Ai(4)-mm-baylen-tokens' Declare Attackers Step
Phase: Ai(4)-mm-baylen-tokens' Declare Blockers Step
Phase: Ai(4)-mm-baylen-tokens' First Strike Damage Step
Phase: Ai(4)-mm-baylen-tokens' Combat Damage Step
Phase: Ai(4)-mm-baylen-tokens' End of Combat Step
Phase: Ai(4)-mm-baylen-tokens' Main phase, postcombat
Phase: Ai(4)-mm-baylen-tokens' End step
Add To Stack: Ai(3)-mm-giada-angels triggered Luminarch Ascension
Add To Stack: Ai(1)-mm-muldrotha-value activated Skull Prophet
Zone Change: Ai(1)-mm-muldrotha-value milled Satyr Wayfinder (26) and Lotus Petal (18).
Resolve Stack: Skull Prophet (81) - Ai(1)-mm-muldrotha-value mills two cards.
Resolve Stack: At the beginning of each opponent's end step, if you didn't lose life this turn, you may put a quest counter on Luminarch Ascension. (Damage causes loss of life.) [Phase: Ai(4)-mm-baylen-tokens]
Phase: Ai(4)-mm-baylen-tokens' Cleanup step
Turn: Turn 17 (Ai(1)-mm-muldrotha-value)
Phase: Ai(1)-mm-muldrotha-value's Untap step
Phase: Ai(1)-mm-muldrotha-value's Upkeep step
Phase: Ai(1)-mm-muldrotha-value's Draw step
Phase: Ai(1)-mm-muldrotha-value's Main phase, precombat
Land: Ai(1)-mm-muldrotha-value played Forest (40)
Phase: Ai(1)-mm-muldrotha-value's Beginning of Combat Step
Phase: Ai(1)-mm-muldrotha-value's Declare Attackers Step
Phase: Ai(1)-mm-muldrotha-value's Declare Blockers Step
Phase: Ai(1)-mm-muldrotha-value's First Strike Damage Step
Phase: Ai(1)-mm-muldrotha-value's Combat Damage Step
Phase: Ai(1)-mm-muldrotha-value's End of Combat Step
Phase: Ai(1)-mm-muldrotha-value's Main phase, postcombat
Mana: Watery Grave (30) - {T}: Add {U}.
Mana: Swamp (66) - {T}: Add {B}.
Mana: Forest (42) - {T}: Add {G}.
Mana: Bojuka Bog (55) - {T}: Add {B}.
Mana: Forest (40) - {T}: Add {G}.
Mana: Skull Prophet (81) - {T}: Add {B} or {G}.
Add To Stack: Ai(1)-mm-muldrotha-value cast Muldrotha, the Gravetide
Resolve Stack: Muldrotha, the Gravetide - Creature 6 / 6
Add To Stack: Ai(1)-mm-muldrotha-value cast Lotus Petal
Resolve Stack: Lotus Petal
Zone Change: Lotus Petal (18) was put into Graveyard from Battlefield.
Mana: Lotus Petal (18) - {T}, Sacrifice Lotus Petal: Add one mana of any color.
Add To Stack: Ai(1)-mm-muldrotha-value cast Spore Frog
Resolve Stack: Spore Frog - Creature 1 / 1
Phase: Ai(1)-mm-muldrotha-value's End step
Add To Stack: Ai(3)-mm-giada-angels triggered Luminarch Ascension
Resolve Stack: At the beginning of each opponent's end step, if you didn't lose life this turn, you may put a quest counter on Luminarch Ascension. (Damage causes loss of life.) [Phase: Ai(1)-mm-muldrotha-value]
Phase: Ai(1)-mm-muldrotha-value's Cleanup step
Turn: Turn 18 (Ai(2)-mm-sythis-enchantress)
Phase: Ai(2)-mm-sythis-enchantress' Untap step
Phase: Ai(2)-mm-sythis-enchantress' Upkeep step
Phase: Ai(2)-mm-sythis-enchantress' Draw step
Phase: Ai(2)-mm-sythis-enchantress' Main phase, precombat
Land: Ai(2)-mm-sythis-enchantress played Plains (190)
Mana: Forest (139) - {T}: Add {G}.
Mana: Forest (140) - {T}: Add {G}.
Add To Stack: Ai(2)-mm-sythis-enchantress activated Yenna, Redtooth Regent targeting [Whip Silk (172)]
Resolve Stack: Ai(2)-mm-sythis-enchantress scried 2 card(s) to the top of the library
Resolve Stack: Yenna, Redtooth Regent (180) - Ai(2)-mm-sythis-enchantress creates a token that's a copy of Whip Silk (172). Untap Yenna, Redtooth Regent (180). Ai(2)-mm-sythis-enchantress scries 2. 
Add To Stack: Ai(2)-mm-sythis-enchantress triggered Composer of Spring
Resolve Stack: Constellation — Whenever an enchantment you control enters, you may put a land card from your hand onto the battlefield tapped. If you control six or more enchantments, instead you may put a creature or land card from your hand onto the battlefield tapped. [Zone Changer: Whip Silk (628)]
Phase: Ai(2)-mm-sythis-enchantress' Beginning of Combat Step
Phase: Ai(2)-mm-sythis-enchantress' Declare Attackers Step
Phase: Ai(2)-mm-sythis-enchantress' Declare Blockers Step
Phase: Ai(2)-mm-sythis-enchantress' First Strike Damage Step
Phase: Ai(2)-mm-sythis-enchantress' Combat Damage Step
Phase: Ai(2)-mm-sythis-enchantress' End of Combat Step
Phase: Ai(2)-mm-sythis-enchantress' Main phase, postcombat
Mana: Sunpetal Grove (164) - {T}: Add {G} or {W}.
Mana: Plains (188) - {T}: Add {W}.
Mana: Plains (192) - {T}: Add {W}.
Mana: Plains (187) - {T}: Add {W}.
Add To Stack: Ai(2)-mm-sythis-enchantress cast Sythis, Harvest's Hand
Resolve Stack: Sythis, Harvest's Hand - Creature 1 / 2
Add To Stack: Ai(2)-mm-sythis-enchantress triggered Composer of Spring
Resolve Stack: Constellation — Whenever an enchantment you control enters, you may put a land card from your hand onto the battlefield tapped. If you control six or more enchantments, instead you may put a creature or land card from your hand onto the battlefield tapped. [Zone Changer: Sythis, Harvest's Hand (201)]
Mana: Plains (190) - {T}: Add {W}.
Mana: Arcane Signet (198) - {T}: Add one mana of any color in your commander's color identity.
Add To Stack: Ai(2)-mm-sythis-enchantress activated Yenna, Redtooth Regent targeting [Sythis, Harvest's Hand (201)]
Resolve Stack: Yenna, Redtooth Regent (180) - Ai(2)-mm-sythis-enchantress creates a token that's a copy of Sythis, Harvest's Hand (201). Untap Yenna, Redtooth Regent (180). Ai(2)-mm-sythis-enchantress scries 2. 
Add To Stack: Ai(2)-mm-sythis-enchantress triggered Composer of Spring
Resolve Stack: Constellation — Whenever an enchantment you control enters, you may put a land card from your hand onto the battlefield tapped. If you control six or more enchantments, instead you may put a creature or land card from your hand onto the battlefield tapped. [Zone Changer: Sythis, Harvest's Hand (651)]
Phase: Ai(2)-mm-sythis-enchantress' End step
Add To Stack: Ai(3)-mm-giada-angels triggered Luminarch Ascension
Mana: Canopy Vista (371) - {T}: Add {G}.
Mana: Plains (392) - {T}: Add {W}.
Add To Stack: Ai(4)-mm-baylen-tokens cast Aura Mutation targeting [Sythis, Harvest's Hand (651)]
Zone Change: Sythis, Harvest's Hand (651) was put into Graveyard from Battlefield.
Resolve Stack: Aura Mutation (369) - Destroy Sythis, Harvest's Hand (651). 
Add To Stack: Ai(4)-mm-baylen-tokens activated Idol of Oblivion
Resolve Stack: Idol of Oblivion (375) - Ai(4)-mm-baylen-tokens draws a card.
Resolve Stack: At the beginning of each opponent's end step, if you didn't lose life this turn, you may put a quest counter on Luminarch Ascension. (Damage causes loss of life.) [Phase: Ai(2)-mm-sythis-enchantress]
Phase: Ai(2)-mm-sythis-enchantress' Cleanup step
Turn: Turn 19 (Ai(3)-mm-giada-angels)
Phase: Ai(3)-mm-giada-angels' Untap step
Phase: Ai(3)-mm-giada-angels' Upkeep step
Phase: Ai(3)-mm-giada-angels' Draw step
Phase: Ai(3)-mm-giada-angels' Main phase, precombat
Land: Ai(3)-mm-giada-angels played Plains (291)
Mana: Plains (275) - {T}: Add {W}.
Mana: Plains (291) - {T}: Add {W}.
Mana: Myriad Landscape (264) - {T}: Add {C}.
Add To Stack: Ai(3)-mm-giada-angels cast Stroke of Midnight targeting [Muldrotha, the Gravetide (100)]
Zone Change: Muldrotha, the Gravetide (100) was put into Graveyard from Battlefield.
Resolve Stack: Stroke of Midnight (267) - Destroy Muldrotha, the Gravetide (100). 
Phase: Ai(3)-mm-giada-angels' Beginning of Combat Step
Phase: Ai(3)-mm-giada-angels' Declare Attackers Step
Phase: Ai(3)-mm-giada-angels' Declare Blockers Step
Phase: Ai(3)-mm-giada-angels' First Strike Damage Step
Phase: Ai(3)-mm-giada-angels' Combat Damage Step
Phase: Ai(3)-mm-giada-angels' End of Combat Step
Phase: Ai(3)-mm-giada-angels' Main phase, postcombat
Phase: Ai(3)-mm-giada-angels' End step
Phase: Ai(3)-mm-giada-angels' Cleanup step
Turn: Turn 20 (Ai(4)-mm-baylen-tokens)
Phase: Ai(4)-mm-baylen-tokens' Untap step
Phase: Ai(4)-mm-baylen-tokens' Upkeep step
Phase: Ai(4)-mm-baylen-tokens' Draw step
Phase: Ai(4)-mm-baylen-tokens' Main phase, precombat
Phase: Ai(4)-mm-baylen-tokens' Beginning of Combat Step
Phase: Ai(4)-mm-baylen-tokens' Declare Attackers Step
Phase: Ai(4)-mm-baylen-tokens' Declare Blockers Step
Phase: Ai(4)-mm-baylen-tokens' First Strike Damage Step
Phase: Ai(4)-mm-baylen-tokens' Combat Damage Step
Phase: Ai(4)-mm-baylen-tokens' End of Combat Step
Phase: Ai(4)-mm-baylen-tokens' Main phase, postcombat
Replacement Effect: Jetmir's Garden enters tapped.
Land: Ai(4)-mm-baylen-tokens played Jetmir's Garden (323)
Phase: Ai(4)-mm-baylen-tokens' End step
Add To Stack: Ai(3)-mm-giada-angels triggered Luminarch Ascension
Resolve Stack: At the beginning of each opponent's end step, if you didn't lose life this turn, you may put a quest counter on Luminarch Ascension. (Damage causes loss of life.) [Phase: Ai(4)-mm-baylen-tokens]
Phase: Ai(4)-mm-baylen-tokens' Cleanup step
Turn: Turn 21 (Ai(1)-mm-muldrotha-value)
Phase: Ai(1)-mm-muldrotha-value's Untap step
Phase: Ai(1)-mm-muldrotha-value's Upkeep step
Phase: Ai(1)-mm-muldrotha-value's Draw step
Phase: Ai(1)-mm-muldrotha-value's Main phase, precombat
Replacement Effect: Woodland Cemetery enters tapped unless you control a Swamp or a Forest.
Land: Ai(1)-mm-muldrotha-value played Woodland Cemetery (90)
Phase: Ai(1)-mm-muldrotha-value's Beginning of Combat Step
Phase: Ai(1)-mm-muldrotha-value's Declare Attackers Step
Combat: Ai(1)-mm-muldrotha-value assigned Skull Prophet (81) and Plaguecrafter (1) to attack Ai(2)-mm-sythis-enchantress.
Phase: Ai(1)-mm-muldrotha-value's Declare Blockers Step
Combat: Ai(2)-mm-sythis-enchantress didn't block Skull Prophet (81).
Ai(2)-mm-sythis-enchantress didn't block Plaguecrafter (1).
Phase: Ai(1)-mm-muldrotha-value's First Strike Damage Step
Phase: Ai(1)-mm-muldrotha-value's Combat Damage Step
Damage: Skull Prophet (81) deals 3 combat damage to Ai(2)-mm-sythis-enchantress.
Damage: Plaguecrafter (1) deals 3 combat damage to Ai(2)-mm-sythis-enchantress.
Life: Life: Ai(2)-mm-sythis-enchantress 40 > 34
Phase: Ai(1)-mm-muldrotha-value's End of Combat Step
Phase: Ai(1)-mm-muldrotha-value's Main phase, postcombat
Mana: Watery Grave (30) - {T}: Add {U}.
Mana: Forest (42) - {T}: Add {G}.
Mana: Swamp (66) - {T}: Add {B}.
Add To Stack: Ai(1)-mm-muldrotha-value cast Secrets of the Dead
Resolve Stack: Secrets of the Dead
Phase: Ai(1)-mm-muldrotha-value's End step
Add To Stack: Ai(3)-mm-giada-angels triggered Luminarch Ascension
Resolve Stack: At the beginning of each opponent's end step, if you didn't lose life this turn, you may put a quest counter on Luminarch Ascension. (Damage causes loss of life.) [Phase: Ai(1)-mm-muldrotha-value]
Phase: Ai(1)-mm-muldrotha-value's Cleanup step
Turn: Turn 22 (Ai(2)-mm-sythis-enchantress)
Phase: Ai(2)-mm-sythis-enchantress' Untap step
Phase: Ai(2)-mm-sythis-enchantress' Upkeep step
Phase: Ai(2)-mm-sythis-enchantress' Draw step
Phase: Ai(2)-mm-sythis-enchantress' Main phase, precombat
Mana: Forest (139) - {T}: Add {G}.
Mana: Forest (140) - {T}: Add {G}.
Add To Stack: Ai(2)-mm-sythis-enchantress activated Yenna, Redtooth Regent targeting [Sythis, Harvest's Hand (201)]
Resolve Stack: Yenna, Redtooth Regent (180) - Ai(2)-mm-sythis-enchantress creates a token that's a copy of Sythis, Harvest's Hand (201). Untap Yenna, Redtooth Regent (180). Ai(2)-mm-sythis-enchantress scries 2. 
Add To Stack: Ai(2)-mm-sythis-enchantress triggered Composer of Spring
Resolve Stack: Constellation — Whenever an enchantment you control enters, you may put a land card from your hand onto the battlefield tapped. If you control six or more enchantments, instead you may put a creature or land card from your hand onto the battlefield tapped. [Zone Changer: Sythis, Harvest's Hand (757)]
Mana: Plains (188) - {T}: Add {W}.
Add To Stack: Ai(2)-mm-sythis-enchantress cast Ethereal Armor targeting [Sythis, Harvest's Hand (201)]
Add To Stack: Ai(2)-mm-sythis-enchantress triggered Sythis, Harvest's Hand
Add To Stack: Ai(2)-mm-sythis-enchantress triggered Sythis, Harvest's Hand
Life: Life: Ai(2)-mm-sythis-enchantress 34 > 35
Resolve Stack: Whenever you cast an enchantment spell, you gain 1 life and draw a card. [Card: Ethereal Armor (171), Activator: Ai(2)-mm-sythis-enchantress, SpellAbility: Ethereal Armor]
Life: Life: Ai(2)-mm-sythis-enchantress 35 > 36
Resolve Stack: Whenever you cast an enchantment spell, you gain 1 life and draw a card. [Card: Ethereal Armor (171), Activator: Ai(2)-mm-sythis-enchantress, SpellAbility: Ethereal Armor]
Resolve Stack: Ethereal Armor (171) -  Attach to Sythis, Harvest's Hand (201)
Add To Stack: Ai(2)-mm-sythis-enchantress triggered Composer of Spring
Resolve Stack: Constellation — Whenever an enchantment you control enters, you may put a land card from your hand onto the battlefield tapped. If you control six or more enchantments, instead you may put a creature or land card from your hand onto the battlefield tapped. [Zone Changer: Ethereal Armor (171)]
Mana: Plains (192) - {T}: Add {W}.
Mana: Plains (187) - {T}: Add {W}.
Mana: Plains (190) - {T}: Add {W}.
Add To Stack: Ai(2)-mm-sythis-enchantress cast Grasp of Fate
Add To Stack: Ai(2)-mm-sythis-enchantress triggered Sythis, Harvest's Hand
Add To Stack: Ai(2)-mm-sythis-enchantress triggered Sythis, Harvest's Hand
Life: Life: Ai(2)-mm-sythis-enchantress 36 > 37
Resolve Stack: Whenever you cast an enchantment spell, you gain 1 life and draw a card. [Card: Grasp of Fate (118), Activator: Ai(2)-mm-sythis-enchantress, SpellAbility: Grasp of Fate]
Life: Life: Ai(2)-mm-sythis-enchantress 37 > 38
Resolve Stack: Whenever you cast an enchantment spell, you gain 1 life and draw a card. [Card: Grasp of Fate (118), Activator: Ai(2)-mm-sythis-enchantress, SpellAbility: Grasp of Fate]
Resolve Stack: Grasp of Fate
Add To Stack: Ai(2)-mm-sythis-enchantress triggered Composer of Spring
Add To Stack: Ai(2)-mm-sythis-enchantress triggered Grasp of Fate targeting [Skull Prophet (81), Saproling Token (662), Luminarch Ascension (259)]
Mana: Canopy Vista (371) - {T}: Add {G}.
Mana: Plains (392) - {T}: Add {W}.
Add To Stack: Ai(4)-mm-baylen-tokens cast Heroic Intervention
Resolve Stack: Heroic Intervention (383) - Permanents you control gain hexproof and indestructible until end of turn.
Zone Change: Skull Prophet (81) was put into Exile from Battlefield.
Zone Change: Luminarch Ascension (259) was put into Exile from Battlefield.
Resolve Stack: When Grasp of Fate enters, for each opponent, exile up to one target nonland permanent that player controls until Grasp of Fate leaves the battlefield. (Those permanents return under their owners' control.) (Targeting: [[Skull Prophet (81), Luminarch Ascension (259)]]) [Zone Changer: Grasp of Fate (118)]
Resolve Stack: Constellation — Whenever an enchantment you control enters, you may put a land card from your hand onto the battlefield tapped. If you control six or more enchantments, instead you may put a creature or land card from your hand onto the battlefield tapped. [Zone Changer: Grasp of Fate (118)]
Add To Stack: Ai(2)-mm-sythis-enchantress triggered Moon-Blessed Cleric
Resolve Stack: Divine Intervention — When Moon-Blessed Cleric enters, you may search your library for an enchantment card, reveal it, then shuffle and put that card on top. [Zone Changer: Moon-Blessed Cleric (151)]
Phase: Ai(2)-mm-sythis-enchantress' Beginning of Combat Step
Phase: Ai(2)-mm-sythis-enchantress' Declare Attackers Step
Phase: Ai(2)-mm-sythis-enchantress' Declare Blockers Step
Phase: Ai(2)-mm-sythis-enchantress' First Strike Damage Step
Phase: Ai(2)-mm-sythis-enchantress' Combat Damage Step
Phase: Ai(2)-mm-sythis-enchantress' End of Combat Step
Phase: Ai(2)-mm-sythis-enchantress' Main phase, postcombat
Phase: Ai(2)-mm-sythis-enchantress' End step
Phase: Ai(2)-mm-sythis-enchantress' Cleanup step
Turn: Turn 23 (Ai(3)-mm-giada-angels)
Phase: Ai(3)-mm-giada-angels' Untap step
Phase: Ai(3)-mm-giada-angels' Upkeep step
Mana: Plains (275) - {T}: Add {W}.
Mana: Plains (291) - {T}: Add {W}.
Mana: Myriad Landscape (264) - {T}: Add {C}.
Add To Stack: Ai(3)-mm-giada-angels cast Generous Gift targeting [Yenna, Redtooth Regent (180)]
Zone Change: Yenna, Redtooth Regent (180) was put into Graveyard from Battlefield.
Resolve Stack: Generous Gift (244) - Destroy Yenna, Redtooth Regent (180). 
Zone Change: Whip Silk (628) was put into Graveyard from Battlefield.
Phase: Ai(3)-mm-giada-angels' Draw step
Phase: Ai(3)-mm-giada-angels' Main phase, precombat
Phase: Ai(3)-mm-giada-angels' Beginning of Combat Step
Phase: Ai(3)-mm-giada-angels' Declare Attackers Step
Phase: Ai(3)-mm-giada-angels' Declare Blockers Step
Phase: Ai(3)-mm-giada-angels' First Strike Damage Step
Phase: Ai(3)-mm-giada-angels' Combat Damage Step
Phase: Ai(3)-mm-giada-angels' End of Combat Step
Phase: Ai(3)-mm-giada-angels' Main phase, postcombat
Phase: Ai(3)-mm-giada-angels' End step
Phase: Ai(3)-mm-giada-angels' Cleanup step
Turn: Turn 24 (Ai(4)-mm-baylen-tokens)
Phase: Ai(4)-mm-baylen-tokens' Untap step
Phase: Ai(4)-mm-baylen-tokens' Upkeep step
Phase: Ai(4)-mm-baylen-tokens' Draw step
Phase: Ai(4)-mm-baylen-tokens' Main phase, precombat
Mana: Plains (392) - {T}: Add {W}.
Add To Stack: Ai(4)-mm-baylen-tokens cast Skullclamp
Resolve Stack: Skullclamp
Phase: Ai(4)-mm-baylen-tokens' Beginning of Combat Step
Phase: Ai(4)-mm-baylen-tokens' Declare Attackers Step
Phase: Ai(4)-mm-baylen-tokens' Declare Blockers Step
Phase: Ai(4)-mm-baylen-tokens' First Strike Damage Step
Phase: Ai(4)-mm-baylen-tokens' Combat Damage Step
Phase: Ai(4)-mm-baylen-tokens' End of Combat Step
Phase: Ai(4)-mm-baylen-tokens' Main phase, postcombat
Mana: Jetmir's Garden (323) - {T}: Add {R}.
Mana: Canopy Vista (371) - {T}: Add {G}.
Add To Stack: Ai(4)-mm-baylen-tokens cast Impact Tremors
Resolve Stack: Impact Tremors
Phase: Ai(4)-mm-baylen-tokens' End step
Phase: Ai(4)-mm-baylen-tokens' Cleanup step
Turn: Turn 25 (Ai(1)-mm-muldrotha-value)
Phase: Ai(1)-mm-muldrotha-value's Untap step
Phase: Ai(1)-mm-muldrotha-value's Upkeep step
Phase: Ai(1)-mm-muldrotha-value's Draw step
Phase: Ai(1)-mm-muldrotha-value's Main phase, precombat
Mana: Forest (42) - {T}: Add {G}.
Mana: Swamp (66) - {T}: Add {B}.
Add To Stack: Ai(1)-mm-muldrotha-value cast Lightning Greaves
Resolve Stack: Lightning Greaves
Add To Stack: Ai(1)-mm-muldrotha-value activated Lightning Greaves targeting [Plaguecrafter (1)]
Resolve Stack: Lightning Greaves (94) -  Attach to Plaguecrafter (1)
Phase: Ai(1)-mm-muldrotha-value's Beginning of Combat Step
Phase: Ai(1)-mm-muldrotha-value's Declare Attackers Step
Phase: Ai(1)-mm-muldrotha-value's Declare Blockers Step
Phase: Ai(1)-mm-muldrotha-value's First Strike Damage Step
Phase: Ai(1)-mm-muldrotha-value's Combat Damage Step
Phase: Ai(1)-mm-muldrotha-value's End of Combat Step
Phase: Ai(1)-mm-muldrotha-value's Main phase, postcombat
Phase: Ai(1)-mm-muldrotha-value's End step
Phase: Ai(1)-mm-muldrotha-value's Cleanup step
Turn: Turn 26 (Ai(2)-mm-sythis-enchantress)
Phase: Ai(2)-mm-sythis-enchantress' Untap step
Phase: Ai(2)-mm-sythis-enchantress' Upkeep step
Phase: Ai(2)-mm-sythis-enchantress' Draw step
Phase: Ai(2)-mm-sythis-enchantress' Main phase, precombat
Mana: Plains (188) - {T}: Add {W}.
Mana: Forest (139) - {T}: Add {G}.
Mana: Forest (140) - {T}: Add {G}.
Add To Stack: Ai(2)-mm-sythis-enchantress cast Heliod, Sun-Crowned
Add To Stack: Ai(2)-mm-sythis-enchantress triggered Sythis, Harvest's Hand
Add To Stack: Ai(2)-mm-sythis-enchantress triggered Sythis, Harvest's Hand
Life: Life: Ai(2)-mm-sythis-enchantress 38 > 39
Resolve Stack: Whenever you cast an enchantment spell, you gain 1 life and draw a card. [Card: Heliod, Sun-Crowned (196), Activator: Ai(2)-mm-sythis-enchantress, SpellAbility: Heliod, Sun-Crowned - Creature 5 / 5]
Life: Life: Ai(2)-mm-sythis-enchantress 39 > 40
Resolve Stack: Whenever you cast an enchantment spell, you gain 1 life and draw a card. [Card: Heliod, Sun-Crowned (196), Activator: Ai(2)-mm-sythis-enchantress, SpellAbility: Heliod, Sun-Crowned - Creature 5 / 5]
Resolve Stack: Heliod, Sun-Crowned - Creature 5 / 5
Add To Stack: Ai(2)-mm-sythis-enchantress triggered Composer of Spring
Resolve Stack: Constellation — Whenever an enchantment you control enters, you may put a land card from your hand onto the battlefield tapped. If you control six or more enchantments, instead you may put a creature or land card from your hand onto the battlefield tapped. [Zone Changer: Heliod, Sun-Crowned (196)]
Land: Ai(2)-mm-sythis-enchantress played Forest (143)
Mana: Forest (143) - {T}: Add {G}.
Mana: Plains (192) - {T}: Add {W}.
Mana: Plains (187) - {T}: Add {W}.
Add To Stack: Ai(2)-mm-sythis-enchantress cast Satyr Enchanter
Resolve Stack: Satyr Enchanter - Creature 2 / 2
Phase: Ai(2)-mm-sythis-enchantress' Beginning of Combat Step
Phase: Ai(2)-mm-sythis-enchantress' Declare Attackers Step
Combat: Ai(2)-mm-sythis-enchantress assigned Sythis, Harvest's Hand (201), Moon-Blessed Cleric (151) and Elephant Token (812) to attack Ai(1)-mm-muldrotha-value.
Phase: Ai(2)-mm-sythis-enchantress' Declare Blockers Step
Combat: Ai(1)-mm-muldrotha-value didn't block Sythis, Harvest's Hand (201).
Ai(1)-mm-muldrotha-value didn't block Moon-Blessed Cleric (151).
Ai(1)-mm-muldrotha-value didn't block Elephant Token (812).
Phase: Ai(2)-mm-sythis-enchantress' First Strike Damage Step
Damage: Sythis, Harvest's Hand (201) deals 7 combat damage to Ai(1)-mm-muldrotha-value.
Life: Life: Ai(1)-mm-muldrotha-value 39 > 32
Phase: Ai(2)-mm-sythis-enchantress' Combat Damage Step
Damage: Moon-Blessed Cleric (151) deals 3 combat damage to Ai(1)-mm-muldrotha-value.
Damage: Elephant Token (812) deals 3 combat damage to Ai(1)-mm-muldrotha-value.
Life: Life: Ai(1)-mm-muldrotha-value 32 > 26
Phase: Ai(2)-mm-sythis-enchantress' End of Combat Step
Phase: Ai(2)-mm-sythis-enchantress' Main phase, postcombat
Phase: Ai(2)-mm-sythis-enchantress' End step
Phase: Ai(2)-mm-sythis-enchantress' Cleanup step
Turn: Turn 27 (Ai(3)-mm-giada-angels)
Phase: Ai(3)-mm-giada-angels' Untap step
Phase: Ai(3)-mm-giada-angels' Upkeep step
Mana: Plains (275) - {T}: Add {W}.
Mana: Plains (291) - {T}: Add {W}.
Zone Change: Myriad Landscape (264) was put into Graveyard from Battlefield.
Add To Stack: Ai(3)-mm-giada-angels activated Myriad Landscape
Resolve Stack: Myriad Landscape (264) - Ai(3)-mm-giada-angels searches their library for  up to two basic land cards, puts them onto the battlefield tapped, then shuffles.
Phase: Ai(3)-mm-giada-angels' Draw step
Phase: Ai(3)-mm-giada-angels' Main phase, precombat
Phase: Ai(3)-mm-giada-angels' Beginning of Combat Step
Phase: Ai(3)-mm-giada-angels' Declare Attackers Step
Phase: Ai(3)-mm-giada-angels' Declare Blockers Step
Phase: Ai(3)-mm-giada-angels' First Strike Damage Step
Phase: Ai(3)-mm-giada-angels' Combat Damage Step
Phase: Ai(3)-mm-giada-angels' End of Combat Step
Phase: Ai(3)-mm-giada-angels' Main phase, postcombat
Phase: Ai(3)-mm-giada-angels' End step
Phase: Ai(3)-mm-giada-angels' Cleanup step
Turn: Turn 28 (Ai(4)-mm-baylen-tokens)
Phase: Ai(4)-mm-baylen-tokens' Untap step
Phase: Ai(4)-mm-baylen-tokens' Upkeep step
Phase: Ai(4)-mm-baylen-tokens' Draw step
Phase: Ai(4)-mm-baylen-tokens' Main phase, precombat
Land: Ai(4)-mm-baylen-tokens played Forest (328)
Phase: Ai(4)-mm-baylen-tokens' Beginning of Combat Step
Phase: Ai(4)-mm-baylen-tokens' Declare Attackers Step
Phase: Ai(4)-mm-baylen-tokens' Declare Blockers Step
Phase: Ai(4)-mm-baylen-tokens' First Strike Damage Step
Phase: Ai(4)-mm-baylen-tokens' Combat Damage Step
Phase: Ai(4)-mm-baylen-tokens' End of Combat Step
Phase: Ai(4)-mm-baylen-tokens' Main phase, postcombat
Mana: Jetmir's Garden (323) - {T}: Add {R}.
Mana: Plains (392) - {T}: Add {W}.
Mana: Forest (328) - {T}: Add {G}.
Add To Stack: Ai(4)-mm-baylen-tokens cast Baylen, the Haymaker
Resolve Stack: Baylen, the Haymaker - Creature 4 / 3
Add To Stack: Ai(4)-mm-baylen-tokens triggered Impact Tremors
Damage: Impact Tremors (335) deals 1 non-combat damage to Ai(1)-mm-muldrotha-value.
Damage: Impact Tremors (335) deals 1 non-combat damage to Ai(2)-mm-sythis-enchantress.
Damage: Impact Tremors (335) deals 1 non-combat damage to Ai(3)-mm-giada-angels.
Life: Life: Ai(1)-mm-muldrotha-value 26 > 25
Life: Life: Ai(2)-mm-sythis-enchantress 40 > 39
Life: Life: Ai(3)-mm-giada-angels 39 > 38
Resolve Stack: Whenever a creature you control enters, Impact Tremors deals 1 damage to each opponent. [Zone Changer: Baylen, the Haymaker (403)]
Mana: Canopy Vista (371) - {T}: Add {G}.
Add To Stack: Ai(4)-mm-baylen-tokens activated Skullclamp targeting [Baylen, the Haymaker (403)]
Resolve Stack: Skullclamp (305) -  Attach to Baylen, the Haymaker (403)
Phase: Ai(4)-mm-baylen-tokens' End step
Phase: Ai(4)-mm-baylen-tokens' Cleanup step
Turn: Turn 29 (Ai(1)-mm-muldrotha-value)
Phase: Ai(1)-mm-muldrotha-value's Untap step
Phase: Ai(1)-mm-muldrotha-value's Upkeep step
Phase: Ai(1)-mm-muldrotha-value's Draw step
Phase: Ai(1)-mm-muldrotha-value's Main phase, precombat
Phase: Ai(1)-mm-muldrotha-value's Beginning of Combat Step
Phase: Ai(1)-mm-muldrotha-value's Declare Attackers Step
Phase: Ai(1)-mm-muldrotha-value's Declare Blockers Step
Phase: Ai(1)-mm-muldrotha-value's First Strike Damage Step
Phase: Ai(1)-mm-muldrotha-value's Combat Damage Step
Phase: Ai(1)-mm-muldrotha-value's End of Combat Step
Phase: Ai(1)-mm-muldrotha-value's Main phase, postcombat
Mana: Watery Grave (30) - {T}: Add {U}.
Mana: Swamp (66) - {T}: Add {B}.
Mana: Forest (42) - {T}: Add {G}.
Mana: Bojuka Bog (55) - {T}: Add {B}.
Add To Stack: Ai(1)-mm-muldrotha-value cast Sidisi, Brood Tyrant
Resolve Stack: Sidisi, Brood Tyrant - Creature 3 / 3
Add To Stack: Ai(1)-mm-muldrotha-value triggered Sidisi, Brood Tyrant
Zone Change: Ai(1)-mm-muldrotha-value milled Mesmeric Orb (3), Eternal Witness (6) and Syr Konrad, the Grim (93).
Resolve Stack: Whenever Sidisi, Brood Tyrant enters or attacks, mill three cards. [Zone Changer: Sidisi, Brood Tyrant (19)]
Add To Stack: Ai(1)-mm-muldrotha-value triggered Sidisi, Brood Tyrant
Resolve Stack: Whenever one or more creature cards are put into your graveyard from your library, create a 2/2 black Zombie creature token. [Amount: 2]
Phase: Ai(1)-mm-muldrotha-value's End step
Phase: Ai(1)-mm-muldrotha-value's Cleanup step
Turn: Turn 30 (Ai(2)-mm-sythis-enchantress)
Phase: Ai(2)-mm-sythis-enchantress' Untap step
Phase: Ai(2)-mm-sythis-enchantress' Upkeep step
Phase: Ai(2)-mm-sythis-enchantress' Draw step
Phase: Ai(2)-mm-sythis-enchantress' Main phase, precombat
Mana: Forest (139) - {T}: Add {G}.
Mana: Forest (140) - {T}: Add {G}.
Mana: Forest (143) - {T}: Add {G}.
Mana: Plains (188) - {T}: Add {W}.
Mana: Plains (192) - {T}: Add {W}.
Add To Stack: Ai(2)-mm-sythis-enchantress cast Privileged Position
Add To Stack: Ai(2)-mm-sythis-enchantress triggered Sythis, Harvest's Hand
Add To Stack: Ai(2)-mm-sythis-enchantress triggered Sythis, Harvest's Hand
Add To Stack: Ai(2)-mm-sythis-enchantress triggered Satyr Enchanter
Resolve Stack: Whenever you cast an enchantment spell, draw a card. [Card: Privileged Position (158), Activator: Ai(2)-mm-sythis-enchantress, SpellAbility: Privileged Position]
Life: Life: Ai(2)-mm-sythis-enchantress 39 > 40
Resolve Stack: Whenever you cast an enchantment spell, you gain 1 life and draw a card. [Card: Privileged Position (158), Activator: Ai(2)-mm-sythis-enchantress, SpellAbility: Privileged Position]
Add To Stack: Ai(2)-mm-sythis-enchantress triggered Heliod, Sun-Crowned targeting [Sythis, Harvest's Hand (201)]
Resolve Stack: Whenever you gain life, put a +1/+1 counter on target creature or enchantment you control. (Targeting: [[Sythis, Harvest's Hand (201)]]) [Player: Ai(2)-mm-sythis-enchantress, Gained Amount: 1]
Life: Life: Ai(2)-mm-sythis-enchantress 40 > 41
Resolve Stack: Whenever you cast an enchantment spell, you gain 1 life and draw a card. [Card: Privileged Position (158), Activator: Ai(2)-mm-sythis-enchantress, SpellAbility: Privileged Position]
Add To Stack: Ai(2)-mm-sythis-enchantress triggered Heliod, Sun-Crowned targeting [Sythis, Harvest's Hand (201)]
Resolve Stack: Whenever you gain life, put a +1/+1 counter on target creature or enchantment you control. (Targeting: [[Sythis, Harvest's Hand (201)]]) [Player: Ai(2)-mm-sythis-enchantress, Gained Amount: 1]
Resolve Stack: Privileged Position
Add To Stack: Ai(2)-mm-sythis-enchantress triggered Composer of Spring
Add To Stack: Ai(2)-mm-sythis-enchantress triggered Archon of Sun's Grace
Resolve Stack: Constellation — Whenever an enchantment you control enters, create a 2/2 white Pegasus creature token with flying. [Zone Changer: Privileged Position (158)]
Resolve Stack: Constellation — Whenever an enchantment you control enters, you may put a land card from your hand onto the battlefield tapped. If you control six or more enchantments, instead you may put a creature or land card from your hand onto the battlefield tapped. [Zone Changer: Privileged Position (158)]
Add To Stack: Ai(2)-mm-sythis-enchantress triggered Composer of Spring
Add To Stack: Ai(2)-mm-sythis-enchantress triggered Archon of Sun's Grace
Resolve Stack: Constellation — Whenever an enchantment you control enters, create a 2/2 white Pegasus creature token with flying. [Zone Changer: Dryad of the Ilysian Grove (115)]
Replacement Effect: Canopy Vista enters tapped unless you control two or more basic lands.
Resolve Stack: Constellation — Whenever an enchantment you control enters, you may put a land card from your hand onto the battlefield tapped. If you control six or more enchantments, instead you may put a creature or land card from your hand onto the battlefield tapped. [Zone Changer: Dryad of the Ilysian Grove (115)]
Land: Ai(2)-mm-sythis-enchantress played Windswept Heath (199)
Life: Life: Ai(2)-mm-sythis-enchantress 41 > 40
Zone Change: Windswept Heath (199) was put into Graveyard from Battlefield.
Add To Stack: Ai(2)-mm-sythis-enchantress activated Windswept Heath
Replacement Effect: As Temple Garden enters, you may pay 2 life. If you don't, it enters tapped.
Resolve Stack: Windswept Heath (199) - Ai(2)-mm-sythis-enchantress searches their library for a Forest or Plains card, puts it onto the battlefield, then shuffles.
Phase: Ai(2)-mm-sythis-enchantress' Beginning of Combat Step
Phase: Ai(2)-mm-sythis-enchantress' Declare Attackers Step
Combat: Ai(2)-mm-sythis-enchantress assigned Sythis, Harvest's Hand (201), Heliod, Sun-Crowned (196), Moon-Blessed Cleric (151), Elephant Token (812) and Archon of Sun's Grace (116) to attack Ai(1)-mm-muldrotha-value.
Phase: Ai(2)-mm-sythis-enchantress' Declare Blockers Step
Combat: Ai(1)-mm-muldrotha-value didn't block Sythis, Harvest's Hand (201).
Ai(1)-mm-muldrotha-value didn't block Heliod, Sun-Crowned (196).
Ai(1)-mm-muldrotha-value assigned Zombie Token (982) to block Moon-Blessed Cleric (151).
Ai(1)-mm-muldrotha-value didn't block Elephant Token (812).
Ai(1)-mm-muldrotha-value didn't block Archon of Sun's Grace (116).
Zone Change: Spore Frog (50) was put into Graveyard from Battlefield.
Add To Stack: Ai(1)-mm-muldrotha-value activated Spore Frog
Resolve Stack: Spore Frog (50) - Ai(1)-mm-muldrotha-value prevents all combat damage this turn.
Phase: Ai(2)-mm-sythis-enchantress' First Strike Damage Step
Replacement Effect: Prevent all combat damage this turn.
Phase: Ai(2)-mm-sythis-enchantress' Combat Damage Step
Replacement Effect: Prevent all combat damage this turn.
Replacement Effect: Prevent all combat damage this turn.
Replacement Effect: Prevent all combat damage this turn.
Replacement Effect: Prevent all combat damage this turn.
Replacement Effect: Prevent all combat damage this turn.
Phase: Ai(2)-mm-sythis-enchantress' End of Combat Step
Phase: Ai(2)-mm-sythis-enchantress' Main phase, postcombat
Phase: Ai(2)-mm-sythis-enchantress' End step
Phase: Ai(2)-mm-sythis-enchantress' Cleanup step
Turn: Turn 31 (Ai(3)-mm-giada-angels)
Phase: Ai(3)-mm-giada-angels' Untap step
Phase: Ai(3)-mm-giada-angels' Upkeep step
Phase: Ai(3)-mm-giada-angels' Draw step
Phase: Ai(3)-mm-giada-angels' Main phase, precombat
Phase: Ai(3)-mm-giada-angels' Beginning of Combat Step
Phase: Ai(3)-mm-giada-angels' Declare Attackers Step
Phase: Ai(3)-mm-giada-angels' Declare Blockers Step
Phase: Ai(3)-mm-giada-angels' First Strike Damage Step
Phase: Ai(3)-mm-giada-angels' Combat Damage Step
Phase: Ai(3)-mm-giada-angels' End of Combat Step
Phase: Ai(3)-mm-giada-angels' Main phase, postcombat
Mana: Plains (275) - {T}: Add {W}.
Mana: Plains (291) - {T}: Add {W}.
Mana: Plains (281) - {T}: Add {W}.
Mana: Plains (290) - {T}: Add {W}.
Add To Stack: Ai(3)-mm-giada-angels cast Giada, Font of Hope
Resolve Stack: Giada, Font of Hope - Creature 2 / 2
Phase: Ai(3)-mm-giada-angels' End step
Phase: Ai(3)-mm-giada-angels' Cleanup step
Discard: Ai(3)-mm-giada-angels discards Herald of War (242).
Turn: Turn 32 (Ai(4)-mm-baylen-tokens)
Phase: Ai(4)-mm-baylen-tokens' Untap step
Phase: Ai(4)-mm-baylen-tokens' Upkeep step
Phase: Ai(4)-mm-baylen-tokens' Draw step
Phase: Ai(4)-mm-baylen-tokens' Main phase, precombat
Land: Ai(4)-mm-baylen-tokens played Windswept Heath (398)
Life: Life: Ai(4)-mm-baylen-tokens 40 > 39
Zone Change: Windswept Heath (398) was put into Graveyard from Battlefield.
Add To Stack: Ai(4)-mm-baylen-tokens activated Windswept Heath
Replacement Effect: As Stomping Ground enters, you may pay 2 life. If you don't, it enters tapped.
Resolve Stack: Windswept Heath (398) - Ai(4)-mm-baylen-tokens searches their library for a Forest or Plains card, puts it onto the battlefield, then shuffles.
Phase: Ai(4)-mm-baylen-tokens' Beginning of Combat Step
Phase: Ai(4)-mm-baylen-tokens' Declare Attackers Step
Phase: Ai(4)-mm-baylen-tokens' Declare Blockers Step
Phase: Ai(4)-mm-baylen-tokens' First Strike Damage Step
Phase: Ai(4)-mm-baylen-tokens' Combat Damage Step
Phase: Ai(4)-mm-baylen-tokens' End of Combat Step
Phase: Ai(4)-mm-baylen-tokens' Main phase, postcombat
Mana: Plains (392) - {T}: Add {W}.
Mana: Canopy Vista (371) - {T}: Add {W}.
Mana: Forest (328) - {T}: Add {G}.
Mana: Jetmir's Garden (323) - {T}: Add {G}.
Add To Stack: Ai(4)-mm-baylen-tokens cast Mondrak, Glory Dominus
Resolve Stack: Mondrak, Glory Dominus - Creature 4 / 4
Add To Stack: Ai(4)-mm-baylen-tokens triggered Impact Tremors
Damage: Impact Tremors (335) deals 1 non-combat damage to Ai(1)-mm-muldrotha-value.
Damage: Impact Tremors (335) deals 1 non-combat damage to Ai(2)-mm-sythis-enchantress.
Damage: Impact Tremors (335) deals 1 non-combat damage to Ai(3)-mm-giada-angels.
Life: Life: Ai(1)-mm-muldrotha-value 25 > 24
Life: Life: Ai(2)-mm-sythis-enchantress 40 > 39
Life: Life: Ai(3)-mm-giada-angels 38 > 37
Resolve Stack: Whenever a creature you control enters, Impact Tremors deals 1 damage to each opponent. [Zone Changer: Mondrak, Glory Dominus (374)]
Phase: Ai(4)-mm-baylen-tokens' End step
Phase: Ai(4)-mm-baylen-tokens' Cleanup step
Turn: Turn 33 (Ai(1)-mm-muldrotha-value)
Phase: Ai(1)-mm-muldrotha-value's Untap step
Phase: Ai(1)-mm-muldrotha-value's Upkeep step
Phase: Ai(1)-mm-muldrotha-value's Draw step
Phase: Ai(1)-mm-muldrotha-value's Main phase, precombat
Phase: Ai(1)-mm-muldrotha-value's Beginning of Combat Step
Phase: Ai(1)-mm-muldrotha-value's Declare Attackers Step
Phase: Ai(1)-mm-muldrotha-value's Declare Blockers Step
Phase: Ai(1)-mm-muldrotha-value's First Strike Damage Step
Phase: Ai(1)-mm-muldrotha-value's Combat Damage Step
Phase: Ai(1)-mm-muldrotha-value's End of Combat Step
Phase: Ai(1)-mm-muldrotha-value's Main phase, postcombat
Mana: Forest (42) - {T}: Add {G}.
Mana: Swamp (66) - {T}: Add {B}.
Mana: Bojuka Bog (55) - {T}: Add {B}.
Mana: Forest (40) - {T}: Add {G}.
Mana: Woodland Cemetery (90) - {T}: Add {B} or {G}.
Add To Stack: Ai(1)-mm-muldrotha-value cast The Gitrog Monster
Resolve Stack: The Gitrog Monster - Creature 6 / 6
Add To Stack: Ai(1)-mm-muldrotha-value activated Lightning Greaves targeting [The Gitrog Monster (75)]
Resolve Stack: Lightning Greaves (94) -  Attach to The Gitrog Monster (75)
Phase: Ai(1)-mm-muldrotha-value's End step
Phase: Ai(1)-mm-muldrotha-value's Cleanup step
Turn: Turn 34 (Ai(2)-mm-sythis-enchantress)
Phase: Ai(2)-mm-sythis-enchantress' Untap step
Phase: Ai(2)-mm-sythis-enchantress' Upkeep step
Phase: Ai(2)-mm-sythis-enchantress' Draw step
Phase: Ai(2)-mm-sythis-enchantress' Main phase, precombat
Phase: Ai(2)-mm-sythis-enchantress' Beginning of Combat Step
Phase: Ai(2)-mm-sythis-enchantress' Declare Attackers Step
Combat: Ai(2)-mm-sythis-enchantress assigned Sythis, Harvest's Hand (201), Archon of Sun's Grace (116), Pegasus Token (1009) and Pegasus Token (1016) to attack Ai(1)-mm-muldrotha-value.
Phase: Ai(2)-mm-sythis-enchantress' Declare Blockers Step
Combat: Ai(1)-mm-muldrotha-value assigned Human Token (670) to block Sythis, Harvest's Hand (201).
Ai(1)-mm-muldrotha-value didn't block Archon of Sun's Grace (116).
Ai(1)-mm-muldrotha-value didn't block Pegasus Token (1009).
Ai(1)-mm-muldrotha-value didn't block Pegasus Token (1016).
Mana: Arcane Signet (198) - {T}: Add one mana of any color in your commander's color identity.
Mana: Forest (139) - {T}: Add {G}.
Add To Stack: Ai(2)-mm-sythis-enchantress activated Heliod, Sun-Crowned targeting [Sythis, Harvest's Hand (201)]
Resolve Stack: Heliod, Sun-Crowned (196) - Sythis, Harvest's Hand (201) gains lifelink until end of turn.
Phase: Ai(2)-mm-sythis-enchantress' First Strike Damage Step
Damage: Sythis, Harvest's Hand (201) deals 11 damage to Human Token (670).
Life: Life: Ai(2)-mm-sythis-enchantress 39 > 50
Zone Change: Human Token (670) was put into Graveyard from Battlefield.
Add To Stack: Ai(2)-mm-sythis-enchantress triggered Heliod, Sun-Crowned targeting [Sythis, Harvest's Hand (201)]
Resolve Stack: Whenever you gain life, put a +1/+1 counter on target creature or enchantment you control. (Targeting: [[Sythis, Harvest's Hand (201)]]) [Player: Ai(2)-mm-sythis-enchantress, Gained Amount: 11]
Phase: Ai(2)-mm-sythis-enchantress' Combat Damage Step
Damage: Archon of Sun's Grace (116) deals 3 combat damage to Ai(1)-mm-muldrotha-value.
Life: Life: Ai(2)-mm-sythis-enchantress 50 > 53
Damage: Pegasus Token (1009) deals 2 combat damage to Ai(1)-mm-muldrotha-value.
Life: Life: Ai(2)-mm-sythis-enchantress 53 > 55
Damage: Pegasus Token (1016) deals 2 combat damage to Ai(1)-mm-muldrotha-value.
Life: Life: Ai(2)-mm-sythis-enchantress 55 > 57
Life: Life: Ai(1)-mm-muldrotha-value 24 > 17
Add To Stack: Ai(2)-mm-sythis-enchantress triggered Heliod, Sun-Crowned targeting [Sythis, Harvest's Hand (201)]
Add To Stack: Ai(2)-mm-sythis-enchantress triggered Heliod, Sun-Crowned targeting [Sythis, Harvest's Hand (201)]
Add To Stack: Ai(2)-mm-sythis-enchantress triggered Heliod, Sun-Crowned targeting [Sythis, Harvest's Hand (201)]
Resolve Stack: Whenever you gain life, put a +1/+1 counter on target creature or enchantment you control. (Targeting: [[Sythis, Harvest's Hand (201)]]) [Player: Ai(2)-mm-sythis-enchantress, Gained Amount: 2]
Resolve Stack: Whenever you gain life, put a +1/+1 counter on target creature or enchantment you control. (Targeting: [[Sythis, Harvest's Hand (201)]]) [Player: Ai(2)-mm-sythis-enchantress, Gained Amount: 2]
Resolve Stack: Whenever you gain life, put a +1/+1 counter on target creature or enchantment you control. (Targeting: [[Sythis, Harvest's Hand (201)]]) [Player: Ai(2)-mm-sythis-enchantress, Gained Amount: 3]
Phase: Ai(2)-mm-sythis-enchantress' End of Combat Step
Phase: Ai(2)-mm-sythis-enchantress' Main phase, postcombat
Phase: Ai(2)-mm-sythis-enchantress' End step
Phase: Ai(2)-mm-sythis-enchantress' Cleanup step
Turn: Turn 35 (Ai(3)-mm-giada-angels)
Phase: Ai(3)-mm-giada-angels' Untap step
Phase: Ai(3)-mm-giada-angels' Upkeep step
Phase: Ai(3)-mm-giada-angels' Draw step
Phase: Ai(3)-mm-giada-angels' Main phase, precombat
Mana: Plains (275) - {T}: Add {W}.
Mana: Plains (291) - {T}: Add {W}.
Mana: Plains (281) - {T}: Add {W}.
Mana: Plains (290) - {T}: Add {W}.
Mana: Giada, Font of Hope (302) - {T}: Add {W}. Spend this mana only to cast an Angel spell.
Add To Stack: Ai(3)-mm-giada-angels cast Lyra Dawnbringer
Replacement Effect: Each other Angel you control enters with an additional +1/+1 counter on it for each Angel you already control.
Resolve Stack: Lyra Dawnbringer - Creature 5 / 5
Phase: Ai(3)-mm-giada-angels' Beginning of Combat Step
Phase: Ai(3)-mm-giada-angels' Declare Attackers Step
Phase: Ai(3)-mm-giada-angels' Declare Blockers Step
Phase: Ai(3)-mm-giada-angels' First Strike Damage Step
Phase: Ai(3)-mm-giada-angels' Combat Damage Step
Phase: Ai(3)-mm-giada-angels' End of Combat Step
Phase: Ai(3)-mm-giada-angels' Main phase, postcombat
Phase: Ai(3)-mm-giada-angels' End step
Phase: Ai(3)-mm-giada-angels' Cleanup step
Turn: Turn 36 (Ai(4)-mm-baylen-tokens)
Phase: Ai(4)-mm-baylen-tokens' Untap step
Phase: Ai(4)-mm-baylen-tokens' Upkeep step
Phase: Ai(4)-mm-baylen-tokens' Draw step
Phase: Ai(4)-mm-baylen-tokens' Main phase, precombat
Land: Ai(4)-mm-baylen-tokens played Forest (327)
Phase: Ai(4)-mm-baylen-tokens' Beginning of Combat Step
Phase: Ai(4)-mm-baylen-tokens' Declare Attackers Step
Phase: Ai(4)-mm-baylen-tokens' Declare Blockers Step
Phase: Ai(4)-mm-baylen-tokens' First Strike Damage Step
Phase: Ai(4)-mm-baylen-tokens' Combat Damage Step
Phase: Ai(4)-mm-baylen-tokens' End of Combat Step
Phase: Ai(4)-mm-baylen-tokens' Main phase, postcombat
Mana: Plains (392) - {T}: Add {W}.
Mana: Forest (328) - {T}: Add {G}.
Mana: Forest (327) - {T}: Add {G}.
Add To Stack: Ai(4)-mm-baylen-tokens cast Cadira, Caller of the Small
Resolve Stack: Cadira, Caller of the Small - Creature 3 / 3
Add To Stack: Ai(4)-mm-baylen-tokens triggered Impact Tremors
Damage: Impact Tremors (335) deals 1 non-combat damage to Ai(1)-mm-muldrotha-value.
Damage: Impact Tremors (335) deals 1 non-combat damage to Ai(2)-mm-sythis-enchantress.
Damage: Impact Tremors (335) deals 1 non-combat damage to Ai(3)-mm-giada-angels.
Life: Life: Ai(1)-mm-muldrotha-value 17 > 16
Life: Life: Ai(2)-mm-sythis-enchantress 57 > 56
Life: Life: Ai(3)-mm-giada-angels 37 > 36
Resolve Stack: Whenever a creature you control enters, Impact Tremors deals 1 damage to each opponent. [Zone Changer: Cadira, Caller of the Small (380)]
Mana: Canopy Vista (371) - {T}: Add {W}.
Mana: Stomping Ground (325) - {T}: Add {G}.
Mana: Jetmir's Garden (323) - {T}: Add {G}.
Mana: Baylen, the Haymaker (403) - Tap two untapped tokens you control: Add one mana of any color.
Add To Stack: Ai(4)-mm-baylen-tokens cast Jacked Rabbit
Replacement Effect: Ravenous (This creature enters with X +1/+1 counters on it. If X is 5 or more, draw a card when it enters.)
Resolve Stack: Jacked Rabbit - Creature 1 / 2 (X=2)
Add To Stack: Ai(4)-mm-baylen-tokens triggered Impact Tremors
Damage: Impact Tremors (335) deals 1 non-combat damage to Ai(1)-mm-muldrotha-value.
Damage: Impact Tremors (335) deals 1 non-combat damage to Ai(2)-mm-sythis-enchantress.
Damage: Impact Tremors (335) deals 1 non-combat damage to Ai(3)-mm-giada-angels.
Life: Life: Ai(1)-mm-muldrotha-value 16 > 15
Life: Life: Ai(2)-mm-sythis-enchantress 56 > 55
Life: Life: Ai(3)-mm-giada-angels 36 > 35
Resolve Stack: Whenever a creature you control enters, Impact Tremors deals 1 damage to each opponent. [Zone Changer: Jacked Rabbit (324)]
Phase: Ai(4)-mm-baylen-tokens' End step
Phase: Ai(4)-mm-baylen-tokens' Cleanup step
Turn: Turn 37 (Ai(1)-mm-muldrotha-value)
Phase: Ai(1)-mm-muldrotha-value's Untap step
Phase: Ai(1)-mm-muldrotha-value's Upkeep step
Add To Stack: Ai(1)-mm-muldrotha-value triggered The Gitrog Monster
Zone Change: Woodland Cemetery (90) was put into Graveyard from Battlefield.
Resolve Stack: At the beginning of your upkeep, sacrifice The Gitrog Monster unless you sacrifice a land. [Phase: Ai(1)-mm-muldrotha-value]
Add To Stack: Ai(1)-mm-muldrotha-value triggered The Gitrog Monster
Resolve Stack: Whenever one or more land cards are put into your graveyard from anywhere, draw a card. [Amount: 1]
Phase: Ai(1)-mm-muldrotha-value's Draw step
Phase: Ai(1)-mm-muldrotha-value's Main phase, precombat
Land: Ai(1)-mm-muldrotha-value played Command Beacon (5)
Mana: Swamp (66) - {T}: Add {B}.
Add To Stack: Ai(1)-mm-muldrotha-value cast Kaya's Ghostform targeting [Sidisi, Brood Tyrant (19)]
Resolve Stack: Kaya's Ghostform (91) -  Attach to Sidisi, Brood Tyrant (19)
Phase: Ai(1)-mm-muldrotha-value's Beginning of Combat Step
Phase: Ai(1)-mm-muldrotha-value's Declare Attackers Step
Phase: Ai(1)-mm-muldrotha-value's Declare Blockers Step
Phase: Ai(1)-mm-muldrotha-value's First Strike Damage Step
Phase: Ai(1)-mm-muldrotha-value's Combat Damage Step
Phase: Ai(1)-mm-muldrotha-value's End of Combat Step
Phase: Ai(1)-mm-muldrotha-value's Main phase, postcombat
Phase: Ai(1)-mm-muldrotha-value's End step
Phase: Ai(1)-mm-muldrotha-value's Cleanup step
Turn: Turn 38 (Ai(2)-mm-sythis-enchantress)
Phase: Ai(2)-mm-sythis-enchantress' Untap step
Phase: Ai(2)-mm-sythis-enchantress' Upkeep step
Phase: Ai(2)-mm-sythis-enchantress' Draw step
Phase: Ai(2)-mm-sythis-enchantress' Main phase, precombat
Mana: Arcane Signet (198) - {T}: Add one mana of any color in your commander's color identity.
Mana: Forest (139) - {T}: Add {G}.
Add To Stack: Ai(2)-mm-sythis-enchantress cast Sanctum Weaver
Add To Stack: Ai(2)-mm-sythis-enchantress triggered Sythis, Harvest's Hand
Add To Stack: Ai(2)-mm-sythis-enchantress triggered Sythis, Harvest's Hand
Add To Stack: Ai(2)-mm-sythis-enchantress triggered Satyr Enchanter
Resolve Stack: Whenever you cast an enchantment spell, draw a card. [Card: Sanctum Weaver (168), Activator: Ai(2)-mm-sythis-enchantress, SpellAbility: Sanctum Weaver - Creature 0 / 2]
Life: Life: Ai(2)-mm-sythis-enchantress 55 > 56
Resolve Stack: Whenever you cast an enchantment spell, you gain 1 life and draw a card. [Card: Sanctum Weaver (168), Activator: Ai(2)-mm-sythis-enchantress, SpellAbility: Sanctum Weaver - Creature 0 / 2]
Add To Stack: Ai(2)-mm-sythis-enchantress triggered Heliod, Sun-Crowned targeting [Sythis, Harvest's Hand (201)]
Resolve Stack: Whenever you gain life, put a +1/+1 counter on target creature or enchantment you control. (Targeting: [[Sythis, Harvest's Hand (201)]]) [Player: Ai(2)-mm-sythis-enchantress, Gained Amount: 1]
Life: Life: Ai(2)-mm-sythis-enchantress 56 > 57
Resolve Stack: Whenever you cast an enchantment spell, you gain 1 life and draw a card. [Card: Sanctum Weaver (168), Activator: Ai(2)-mm-sythis-enchantress, SpellAbility: Sanctum Weaver - Creature 0 / 2]
Add To Stack: Ai(2)-mm-sythis-enchantress triggered Heliod, Sun-Crowned targeting [Sythis, Harvest's Hand (201)]
Resolve Stack: Whenever you gain life, put a +1/+1 counter on target creature or enchantment you control. (Targeting: [[Sythis, Harvest's Hand (201)]]) [Player: Ai(2)-mm-sythis-enchantress, Gained Amount: 1]
Resolve Stack: Sanctum Weaver - Creature 0 / 2
Add To Stack: Ai(2)-mm-sythis-enchantress triggered Composer of Spring
Add To Stack: Ai(2)-mm-sythis-enchantress triggered Archon of Sun's Grace
Resolve Stack: Constellation — Whenever an enchantment you control enters, create a 2/2 white Pegasus creature token with flying. [Zone Changer: Sanctum Weaver (168)]
Resolve Stack: Constellation — Whenever an enchantment you control enters, you may put a land card from your hand onto the battlefield tapped. If you control six or more enchantments, instead you may put a creature or land card from your hand onto the battlefield tapped. [Zone Changer: Sanctum Weaver (168)]
Mana: Forest (140) - {T}: Add {G}.
Mana: Plains (188) - {T}: Add {G}.
Mana: Plains (192) - {T}: Add {G}.
Add To Stack: Ai(2)-mm-sythis-enchantress cast Strength of the Harvest targeting [Sythis, Harvest's Hand (201)]
Add To Stack: Ai(2)-mm-sythis-enchantress triggered Sythis, Harvest's Hand
Add To Stack: Ai(2)-mm-sythis-enchantress triggered Sythis, Harvest's Hand
Add To Stack: Ai(2)-mm-sythis-enchantress triggered Satyr Enchanter
Add To Stack: Ai(2)-mm-sythis-enchantress triggered Mesa Enchantress
Resolve Stack: Whenever you cast an enchantment spell, you may draw a card. [Card: Strength of the Harvest (183), Activator: Ai(2)-mm-sythis-enchantress, SpellAbility: Strength of the Harvest]
Resolve Stack: Whenever you cast an enchantment spell, draw a card. [Card: Strength of the Harvest (183), Activator: Ai(2)-mm-sythis-enchantress, SpellAbility: Strength of the Harvest]
Life: Life: Ai(2)-mm-sythis-enchantress 57 > 58
Resolve Stack: Whenever you cast an enchantment spell, you gain 1 life and draw a card. [Card: Strength of the Harvest (183), Activator: Ai(2)-mm-sythis-enchantress, SpellAbility: Strength of the Harvest]
Add To Stack: Ai(2)-mm-sythis-enchantress triggered Heliod, Sun-Crowned targeting [Sythis, Harvest's Hand (201)]
Resolve Stack: Whenever you gain life, put a +1/+1 counter on target creature or enchantment you control. (Targeting: [[Sythis, Harvest's Hand (201)]]) [Player: Ai(2)-mm-sythis-enchantress, Gained Amount: 1]
Life: Life: Ai(2)-mm-sythis-enchantress 58 > 59
Resolve Stack: Whenever you cast an enchantment spell, you gain 1 life and draw a card. [Card: Strength of the Harvest (183), Activator: Ai(2)-mm-sythis-enchantress, SpellAbility: Strength of the Harvest]
Add To Stack: Ai(2)-mm-sythis-enchantress triggered Heliod, Sun-Crowned targeting [Sythis, Harvest's Hand (201)]
Resolve Stack: Whenever you gain life, put a +1/+1 counter on target creature or enchantment you control. (Targeting: [[Sythis, Harvest's Hand (201)]]) [Player: Ai(2)-mm-sythis-enchantress, Gained Amount: 1]
Resolve Stack: Strength of the Harvest (183) -  Attach to Sythis, Harvest's Hand (201)
Add To Stack: Ai(2)-mm-sythis-enchantress triggered Composer of Spring
Add To Stack: Ai(2)-mm-sythis-enchantress triggered Archon of Sun's Grace
Resolve Stack: Constellation — Whenever an enchantment you control enters, create a 2/2 white Pegasus creature token with flying. [Zone Changer: Strength of the Harvest (183)]
Resolve Stack: Constellation — Whenever an enchantment you control enters, you may put a land card from your hand onto the battlefield tapped. If you control six or more enchantments, instead you may put a creature or land card from your hand onto the battlefield tapped. [Zone Changer: Strength of the Harvest (183)]
Land: Ai(2)-mm-sythis-enchantress played Sungrass Prairie (107)
Land: Ai(2)-mm-sythis-enchantress played Plains (185)
Mana: Plains (187) - {T}: Add {W}.
Mana: Plains (190) - {T}: Add {W}.
Add To Stack: Ai(2)-mm-sythis-enchantress cast Aura of Silence
Add To Stack: Ai(2)-mm-sythis-enchantress triggered Sythis, Harvest's Hand
Add To Stack: Ai(2)-mm-sythis-enchantress triggered Sythis, Harvest's Hand
Add To Stack: Ai(2)-mm-sythis-enchantress triggered Herald of the Pantheon
Add To Stack: Ai(2)-mm-sythis-enchantress triggered Satyr Enchanter
Add To Stack: Ai(2)-mm-sythis-enchantress triggered Mesa Enchantress
Resolve Stack: Whenever you cast an enchantment spell, you may draw a card. [Card: Aura of Silence (125), Activator: Ai(2)-mm-sythis-enchantress, SpellAbility: Aura of Silence]
Resolve Stack: Whenever you cast an enchantment spell, draw a card. [Card: Aura of Silence (125), Activator: Ai(2)-mm-sythis-enchantress, SpellAbility: Aura of Silence]
Life: Life: Ai(2)-mm-sythis-enchantress 59 > 60
Resolve Stack: Whenever you cast an enchantment spell, you gain 1 life. [Card: Aura of Silence (125), Activator: Ai(2)-mm-sythis-enchantress, SpellAbility: Aura of Silence]
Add To Stack: Ai(2)-mm-sythis-enchantress triggered Heliod, Sun-Crowned targeting [Sythis, Harvest's Hand (201)]
Resolve Stack: Whenever you gain life, put a +1/+1 counter on target creature or enchantment you control. (Targeting: [[Sythis, Harvest's Hand (201)]]) [Player: Ai(2)-mm-sythis-enchantress, Gained Amount: 1]
Life: Life: Ai(2)-mm-sythis-enchantress 60 > 61
Resolve Stack: Whenever you cast an enchantment spell, you gain 1 life and draw a card. [Card: Aura of Silence (125), Activator: Ai(2)-mm-sythis-enchantress, SpellAbility: Aura of Silence]
Add To Stack: Ai(2)-mm-sythis-enchantress triggered Heliod, Sun-Crowned targeting [Sythis, Harvest's Hand (201)]
Resolve Stack: Whenever you gain life, put a +1/+1 counter on target creature or enchantment you control. (Targeting: [[Sythis, Harvest's Hand (201)]]) [Player: Ai(2)-mm-sythis-enchantress, Gained Amount: 1]
Life: Life: Ai(2)-mm-sythis-enchantress 61 > 62
Resolve Stack: Whenever you cast an enchantment spell, you gain 1 life and draw a card. [Card: Aura of Silence (125), Activator: Ai(2)-mm-sythis-enchantress, SpellAbility: Aura of Silence]
Add To Stack: Ai(2)-mm-sythis-enchantress triggered Heliod, Sun-Crowned targeting [Sythis, Harvest's Hand (201)]
Resolve Stack: Whenever you gain life, put a +1/+1 counter on target creature or enchantment you control. (Targeting: [[Sythis, Harvest's Hand (201)]]) [Player: Ai(2)-mm-sythis-enchantress, Gained Amount: 1]
Resolve Stack: Aura of Silence
Add To Stack: Ai(2)-mm-sythis-enchantress triggered Composer of Spring
Add To Stack: Ai(2)-mm-sythis-enchantress triggered Archon of Sun's Grace
Resolve Stack: Constellation — Whenever an enchantment you control enters, create a 2/2 white Pegasus creature token with flying. [Zone Changer: Aura of Silence (125)]
Resolve Stack: Constellation — Whenever an enchantment you control enters, you may put a land card from your hand onto the battlefield tapped. If you control six or more enchantments, instead you may put a creature or land card from your hand onto the battlefield tapped. [Zone Changer: Aura of Silence (125)]
Add To Stack: Ai(2)-mm-sythis-enchantress triggered Composer of Spring
Add To Stack: Ai(2)-mm-sythis-enchantress triggered Eidolon of Blossoms
Add To Stack: Ai(2)-mm-sythis-enchantress triggered Archon of Sun's Grace
Resolve Stack: Constellation — Whenever an enchantment you control enters, create a 2/2 white Pegasus creature token with flying. [Zone Changer: Eidolon of Blossoms (108)]
Resolve Stack: Constellation — Whenever Eidolon of Blossoms or another enchantment you control enters, draw a card. [Zone Changer: Eidolon of Blossoms (108)]
Resolve Stack: Constellation — Whenever an enchantment you control enters, you may put a land card from your hand onto the battlefield tapped. If you control six or more enchantments, instead you may put a creature or land card from your hand onto the battlefield tapped. [Zone Changer: Eidolon of Blossoms (108)]
Phase: Ai(2)-mm-sythis-enchantress' Beginning of Combat Step
Phase: Ai(2)-mm-sythis-enchantress' Declare Attackers Step
Combat: Ai(2)-mm-sythis-enchantress assigned Sythis, Harvest's Hand (201), Heliod, Sun-Crowned (196), Archon of Sun's Grace (116), Pegasus Token (1009) and Pegasus Token (1016) to attack Ai(4)-mm-baylen-tokens.
Phase: Ai(2)-mm-sythis-enchantress' Declare Blockers Step
Combat: Ai(4)-mm-baylen-tokens didn't block Sythis, Harvest's Hand (201).
Ai(4)-mm-baylen-tokens didn't block Heliod, Sun-Crowned (196).
Ai(4)-mm-baylen-tokens didn't block Archon of Sun's Grace (116).
Ai(4)-mm-baylen-tokens didn't block Pegasus Token (1009).
Ai(4)-mm-baylen-tokens didn't block Pegasus Token (1016).
Phase: Ai(2)-mm-sythis-enchantress' First Strike Damage Step
Damage: Sythis, Harvest's Hand (201) deals 51 combat damage to Ai(4)-mm-baylen-tokens.
Life: Life: Ai(4)-mm-baylen-tokens 39 > -12
Phase: Ai(2)-mm-sythis-enchantress' Combat Damage Step
Zone Change: Aura of Silence (125) was put into Graveyard from Battlefield.
Add To Stack: Ai(2)-mm-sythis-enchantress activated Aura of Silence targeting [Secrets of the Dead (97)]
Zone Change: Secrets of the Dead (97) was put into Graveyard from Battlefield.
Resolve Stack: Aura of Silence (125) - Destroy Secrets of the Dead (97).
Phase: Ai(2)-mm-sythis-enchantress' End of Combat Step
Phase: Ai(2)-mm-sythis-enchantress' Main phase, postcombat
Phase: Ai(2)-mm-sythis-enchantress' End step
Phase: Ai(2)-mm-sythis-enchantress' Cleanup step
Turn: Turn 39 (Ai(3)-mm-giada-angels)
Phase: Ai(3)-mm-giada-angels' Untap step
Phase: Ai(3)-mm-giada-angels' Upkeep step
Phase: Ai(3)-mm-giada-angels' Draw step
Phase: Ai(3)-mm-giada-angels' Main phase, precombat
Mana: Plains (275) - {T}: Add {W}.
Mana: Plains (291) - {T}: Add {W}.
Mana: Plains (281) - {T}: Add {W}.
Mana: Plains (290) - {T}: Add {W}.
Mana: Giada, Font of Hope (302) - {T}: Add {W}. Spend this mana only to cast an Angel spell.
Add To Stack: Ai(3)-mm-giada-angels cast Archangel of Thune
Replacement Effect: Each other Angel you control enters with an additional +1/+1 counter on it for each Angel you already control.
Resolve Stack: Archangel of Thune - Creature 3 / 4
Phase: Ai(3)-mm-giada-angels' Beginning of Combat Step
Phase: Ai(3)-mm-giada-angels' Declare Attackers Step
Phase: Ai(3)-mm-giada-angels' Declare Blockers Step
Phase: Ai(3)-mm-giada-angels' First Strike Damage Step
Phase: Ai(3)-mm-giada-angels' Combat Damage Step
Phase: Ai(3)-mm-giada-angels' End of Combat Step
Phase: Ai(3)-mm-giada-angels' Main phase, postcombat
Phase: Ai(3)-mm-giada-angels' End step
Mana: Plains (189) - {T}: Add {W}.
Add To Stack: Ai(2)-mm-sythis-enchantress cast Path to Exile targeting [Lyra Dawnbringer (260)]
Zone Change: Lyra Dawnbringer (260) was put into Exile from Battlefield.
Resolve Stack: Path to Exile (109) - Exile Lyra Dawnbringer (260). Ai(3)-mm-giada-angels may search their library for a basic land card, put that card onto the battlefield tapped, then shuffle their library. 
Phase: Ai(3)-mm-giada-angels' Cleanup step
Turn: Turn 40 (Ai(1)-mm-muldrotha-value)
Phase: Ai(1)-mm-muldrotha-value's Untap step
Phase: Ai(1)-mm-muldrotha-value's Upkeep step
Add To Stack: Ai(1)-mm-muldrotha-value triggered The Gitrog Monster
Zone Change: Command Beacon (5) was put into Graveyard from Battlefield.
Resolve Stack: At the beginning of your upkeep, sacrifice The Gitrog Monster unless you sacrifice a land. [Phase: Ai(1)-mm-muldrotha-value]
Add To Stack: Ai(1)-mm-muldrotha-value triggered The Gitrog Monster
Resolve Stack: Whenever one or more land cards are put into your graveyard from anywhere, draw a card. [Amount: 1]
Phase: Ai(1)-mm-muldrotha-value's Draw step
Phase: Ai(1)-mm-muldrotha-value's Main phase, precombat
Replacement Effect: Hinterland Harbor enters tapped unless you control a Forest or an Island.
Land: Ai(1)-mm-muldrotha-value played Hinterland Harbor (27)
Phase: Ai(1)-mm-muldrotha-value's Beginning of Combat Step
Phase: Ai(1)-mm-muldrotha-value's Declare Attackers Step
Phase: Ai(1)-mm-muldrotha-value's Declare Blockers Step
Phase: Ai(1)-mm-muldrotha-value's First Strike Damage Step
Phase: Ai(1)-mm-muldrotha-value's Combat Damage Step
Phase: Ai(1)-mm-muldrotha-value's End of Combat Step
Phase: Ai(1)-mm-muldrotha-value's Main phase, postcombat
Mana: Swamp (66) - {T}: Add {B}.
Mana: Forest (42) - {T}: Add {G}.
Mana: Bojuka Bog (55) - {T}: Add {B}.
Add To Stack: Ai(1)-mm-muldrotha-value cast Pernicious Deed
Resolve Stack: Pernicious Deed
Mana: Forest (40) - {T}: Add {G}.
Mana: Hinterland Harbor (27) - {T}: Add {G} or {U}.
Mana: Watery Grave (30) - {T}: Add {B}.
Zone Change: Pernicious Deed (82) was put into Graveyard from Battlefield.
Add To Stack: Ai(1)-mm-muldrotha-value activated Pernicious Deed
Zone Change: Plaguecrafter (1) was put into Graveyard from Battlefield.
Zone Change: Lightning Greaves (94) was put into Graveyard from Battlefield.
Zone Change: Zombie Token (982) was put into Graveyard from Battlefield.
Zone Change: Kaya's Ghostform (91) was put into Graveyard from Battlefield.
Zone Change: Composer of Spring (146) was put into Graveyard from Battlefield.
Zone Change: Whip Silk (172) was put into Graveyard from Battlefield.
Zone Change: Arcane Signet (198) was put into Graveyard from Battlefield.
Zone Change: Sythis, Harvest's Hand (201) was put into Graveyard from Battlefield.
Zone Change: Sythis, Harvest's Hand (757) was put into Graveyard from Battlefield.
Zone Change: Ethereal Armor (171) was put into Graveyard from Battlefield.
Zone Change: Grasp of Fate (118) was put into Graveyard from Battlefield.
Zone Change: Moon-Blessed Cleric (151) was put into Graveyard from Battlefield.
Zone Change: Elephant Token (812) was put into Graveyard from Battlefield.
Zone Change: Satyr Enchanter (147) was put into Graveyard from Battlefield.
Zone Change: Pegasus Token (1009) was put into Graveyard from Battlefield.
Zone Change: Dryad of the Ilysian Grove (115) was put into Graveyard from Battlefield.
Zone Change: Pegasus Token (1016) was put into Graveyard from Battlefield.
Zone Change: Sanctum Weaver (168) was put into Graveyard from Battlefield.
Zone Change: Pegasus Token (1249) was put into Graveyard from Battlefield.
Zone Change: Mesa Enchantress (106) was put into Graveyard from Battlefield.
Zone Change: Strength of the Harvest (183) was put into Graveyard from Battlefield.
Zone Change: Pegasus Token (1270) was put into Graveyard from Battlefield.
Zone Change: Herald of the Pantheon (178) was put into Graveyard from Battlefield.
Zone Change: Pegasus Token (1295) was put into Graveyard from Battlefield.
Zone Change: Pegasus Token (1302) was put into Graveyard from Battlefield.
Zone Change: Giada, Font of Hope (302) was put into Graveyard from Battlefield.
Resolve Stack: Pernicious Deed (82) - Destroy each artifact, creature, and enchantment with mana value X or less. (X=3)
Phase: Ai(1)-mm-muldrotha-value's End step
Add To Stack: Ai(3)-mm-giada-angels triggered Luminarch Ascension
Resolve Stack: At the beginning of each opponent's end step, if you didn't lose life this turn, you may put a quest counter on Luminarch Ascension. (Damage causes loss of life.) [Phase: Ai(1)-mm-muldrotha-value]
Phase: Ai(1)-mm-muldrotha-value's Cleanup step
Turn: Turn 41 (Ai(2)-mm-sythis-enchantress)
Phase: Ai(2)-mm-sythis-enchantress' Untap step
Phase: Ai(2)-mm-sythis-enchantress' Upkeep step
Phase: Ai(2)-mm-sythis-enchantress' Draw step
Phase: Ai(2)-mm-sythis-enchantress' Main phase, precombat
Replacement Effect: Bountiful Promenade enters tapped unless you have two or more opponents.
Land: Ai(2)-mm-sythis-enchantress played Bountiful Promenade (114)
Mana: Forest (139) - {T}: Add {G}.
Mana: Plains (188) - {T}: Add {W}.
Mana: Forest (140) - {T}: Add {G}.
Mana: Forest (143) - {T}: Add {G}.
Mana: Plains (192) - {T}: Add {W}.
Mana: Plains (187) - {T}: Add {W}.
Add To Stack: Ai(2)-mm-sythis-enchantress cast Sythis, Harvest's Hand
Resolve Stack: Sythis, Harvest's Hand - Creature 1 / 2
Add To Stack: Ai(2)-mm-sythis-enchantress triggered Eidolon of Blossoms
Add To Stack: Ai(2)-mm-sythis-enchantress triggered Archon of Sun's Grace
Resolve Stack: Constellation — Whenever an enchantment you control enters, create a 2/2 white Pegasus creature token with flying. [Zone Changer: Sythis, Harvest's Hand (201)]
Resolve Stack: Constellation — Whenever Eidolon of Blossoms or another enchantment you control enters, draw a card. [Zone Changer: Sythis, Harvest's Hand (201)]
Mana: Sunpetal Grove (164) - {T}: Add {G} or {W}.
Add To Stack: Ai(2)-mm-sythis-enchantress cast Abundant Growth targeting [Sunpetal Grove (164)]
Add To Stack: Ai(2)-mm-sythis-enchantress triggered Sythis, Harvest's Hand
Life: Life: Ai(2)-mm-sythis-enchantress 62 > 63
Resolve Stack: Whenever you cast an enchantment spell, you gain 1 life and draw a card. [Card: Abundant Growth (119), Activator: Ai(2)-mm-sythis-enchantress, SpellAbility: Abundant Growth]
Add To Stack: Ai(2)-mm-sythis-enchantress triggered Heliod, Sun-Crowned targeting [Heliod, Sun-Crowned (196)]
Resolve Stack: Whenever you gain life, put a +1/+1 counter on target creature or enchantment you control. (Targeting: [[Heliod, Sun-Crowned (196)]]) [Player: Ai(2)-mm-sythis-enchantress, Gained Amount: 1]
Resolve Stack: Abundant Growth (119) -  Attach to Sunpetal Grove (164)
Add To Stack: Ai(2)-mm-sythis-enchantress triggered Eidolon of Blossoms
Add To Stack: Ai(2)-mm-sythis-enchantress triggered Abundant Growth
Add To Stack: Ai(2)-mm-sythis-enchantress triggered Archon of Sun's Grace
Resolve Stack: Constellation — Whenever an enchantment you control enters, create a 2/2 white Pegasus creature token with flying. [Zone Changer: Abundant Growth (119)]
Resolve Stack: When Abundant Growth enters, draw a card. [Zone Changer: Abundant Growth (119)]
Resolve Stack: Constellation — Whenever Eidolon of Blossoms or another enchantment you control enters, draw a card. [Zone Changer: Abundant Growth (119)]
Mana: Plains (190) - {T}: Add {W}.
Mana: Plains (189) - {T}: Add {W}.
Mana: Plains (185) - {T}: Add {W}.
Mana: Bountiful Promenade (114) - {T}: Add {G} or {W}.
Mana: Canopy Vista (169) - {T}: Add {G}.
Add To Stack: Ai(2)-mm-sythis-enchantress cast Sigil of the Empty Throne
Add To Stack: Ai(2)-mm-sythis-enchantress triggered Sythis, Harvest's Hand
Life: Life: Ai(2)-mm-sythis-enchantress 63 > 64
Resolve Stack: Whenever you cast an enchantment spell, you gain 1 life and draw a card. [Card: Sigil of the Empty Throne (133), Activator: Ai(2)-mm-sythis-enchantress, SpellAbility: Sigil of the Empty Throne]
Add To Stack: Ai(2)-mm-sythis-enchantress triggered Heliod, Sun-Crowned targeting [Heliod, Sun-Crowned (196)]
Resolve Stack: Whenever you gain life, put a +1/+1 counter on target creature or enchantment you control. (Targeting: [[Heliod, Sun-Crowned (196)]]) [Player: Ai(2)-mm-sythis-enchantress, Gained Amount: 1]
Resolve Stack: Sigil of the Empty Throne
Add To Stack: Ai(2)-mm-sythis-enchantress triggered Eidolon of Blossoms
Add To Stack: Ai(2)-mm-sythis-enchantress triggered Archon of Sun's Grace
Resolve Stack: Constellation — Whenever an enchantment you control enters, create a 2/2 white Pegasus creature token with flying. [Zone Changer: Sigil of the Empty Throne (133)]
Resolve Stack: Constellation — Whenever Eidolon of Blossoms or another enchantment you control enters, draw a card. [Zone Changer: Sigil of the Empty Throne (133)]
Mana: Temple Garden (174) - {T}: Add {W}.
Mana: Hall of Heliod's Generosity (111) - {T}: Add {C}.
Add To Stack: Ai(2)-mm-sythis-enchantress cast Seal of Cleansing
Add To Stack: Ai(2)-mm-sythis-enchantress triggered Sythis, Harvest's Hand
Add To Stack: Ai(2)-mm-sythis-enchantress triggered Sigil of the Empty Throne
Resolve Stack: Whenever you cast an enchantment spell, create a 4/4 white Angel creature token with flying. [Card: Seal of Cleansing (104), Activator: Ai(2)-mm-sythis-enchantress, SpellAbility: Seal of Cleansing]
Life: Life: Ai(2)-mm-sythis-enchantress 64 > 65
Resolve Stack: Whenever you cast an enchantment spell, you gain 1 life and draw a card. [Card: Seal of Cleansing (104), Activator: Ai(2)-mm-sythis-enchantress, SpellAbility: Seal of Cleansing]
Add To Stack: Ai(2)-mm-sythis-enchantress triggered Heliod, Sun-Crowned targeting [Heliod, Sun-Crowned (196)]
Resolve Stack: Whenever you gain life, put a +1/+1 counter on target creature or enchantment you control. (Targeting: [[Heliod, Sun-Crowned (196)]]) [Player: Ai(2)-mm-sythis-enchantress, Gained Amount: 1]
Resolve Stack: Seal of Cleansing
Add To Stack: Ai(2)-mm-sythis-enchantress triggered Eidolon of Blossoms
Add To Stack: Ai(2)-mm-sythis-enchantress triggered Archon of Sun's Grace
Resolve Stack: Constellation — Whenever an enchantment you control enters, create a 2/2 white Pegasus creature token with flying. [Zone Changer: Seal of Cleansing (104)]
Resolve Stack: Constellation — Whenever Eidolon of Blossoms or another enchantment you control enters, draw a card. [Zone Changer: Seal of Cleansing (104)]
Zone Change: Seal of Cleansing (104) was put into Graveyard from Battlefield.
Add To Stack: Ai(2)-mm-sythis-enchantress activated Seal of Cleansing targeting [Luminarch Ascension (259)]
Zone Change: Luminarch Ascension (259) was put into Graveyard from Battlefield.
Resolve Stack: Seal of Cleansing (104) - Destroy Luminarch Ascension (259).
Phase: Ai(2)-mm-sythis-enchantress' Beginning of Combat Step
Phase: Ai(2)-mm-sythis-enchantress' Declare Attackers Step
Combat: Ai(2)-mm-sythis-enchantress assigned Heliod, Sun-Crowned (196) and Archon of Sun's Grace (116) to attack Ai(1)-mm-muldrotha-value.
Phase: Ai(2)-mm-sythis-enchantress' Declare Blockers Step
Combat: Ai(1)-mm-muldrotha-value assigned Sidisi, Brood Tyrant (19) to block Heliod, Sun-Crowned (196).
Ai(1)-mm-muldrotha-value didn't block Archon of Sun's Grace (116).
Phase: Ai(2)-mm-sythis-enchantress' First Strike Damage Step
Phase: Ai(2)-mm-sythis-enchantress' Combat Damage Step
Damage: Heliod, Sun-Crowned (196) deals 8 damage to Sidisi, Brood Tyrant (19).
Damage: Archon of Sun's Grace (116) deals 3 combat damage to Ai(1)-mm-muldrotha-value.
Life: Life: Ai(2)-mm-sythis-enchantress 65 > 68
Damage: Sidisi, Brood Tyrant (19) deals 3 damage to Heliod, Sun-Crowned (196).
Life: Life: Ai(1)-mm-muldrotha-value 15 > 12
Zone Change: Sidisi, Brood Tyrant (19) was put into Graveyard from Battlefield.
Add To Stack: Ai(2)-mm-sythis-enchantress triggered Heliod, Sun-Crowned targeting [Heliod, Sun-Crowned (196)]
Resolve Stack: Whenever you gain life, put a +1/+1 counter on target creature or enchantment you control. (Targeting: [[Heliod, Sun-Crowned (196)]]) [Player: Ai(2)-mm-sythis-enchantress, Gained Amount: 3]
Phase: Ai(2)-mm-sythis-enchantress' End of Combat Step
Phase: Ai(2)-mm-sythis-enchantress' Main phase, postcombat
Phase: Ai(2)-mm-sythis-enchantress' End step
Phase: Ai(2)-mm-sythis-enchantress' Cleanup step
Discard: Ai(2)-mm-sythis-enchantress discards Plains (186).
Discard: Ai(2)-mm-sythis-enchantress discards Command Tower (121).
Discard: Ai(2)-mm-sythis-enchantress discards Sol Ring (126).
Turn: Turn 42 (Ai(3)-mm-giada-angels)
Phase: Ai(3)-mm-giada-angels' Untap step
Phase: Ai(3)-mm-giada-angels' Upkeep step
Phase: Ai(3)-mm-giada-angels' Draw step
Phase: Ai(3)-mm-giada-angels' Main phase, precombat
Mana: Plains (275) - {T}: Add {W}.
Mana: Plains (291) - {T}: Add {W}.
Mana: Plains (281) - {T}: Add {W}.
Mana: Plains (290) - {T}: Add {W}.
Add To Stack: Ai(3)-mm-giada-angels cast Firemane Commando
Resolve Stack: Firemane Commando - Creature 4 / 3
Phase: Ai(3)-mm-giada-angels' Beginning of Combat Step
Phase: Ai(3)-mm-giada-angels' Declare Attackers Step
Combat: Ai(3)-mm-giada-angels assigned Archangel of Thune (237) to attack Ai(2)-mm-sythis-enchantress.
Phase: Ai(3)-mm-giada-angels' Declare Blockers Step
Combat: Ai(2)-mm-sythis-enchantress assigned Pegasus Token (1319) and Angel Token (1328) to block Archangel of Thune (237).
Phase: Ai(3)-mm-giada-angels' First Strike Damage Step
Phase: Ai(3)-mm-giada-angels' Combat Damage Step
Damage: Archangel of Thune (237) deals 4 damage to Angel Token (1328).
Damage: Archangel of Thune (237) deals 1 damage to Pegasus Token (1319).
Life: Life: Ai(3)-mm-giada-angels 35 > 40
Damage: Pegasus Token (1319) deals 2 damage to Archangel of Thune (237).
Life: Life: Ai(2)-mm-sythis-enchantress 68 > 70
Damage: Angel Token (1328) deals 4 damage to Archangel of Thune (237).
Zone Change: Archangel of Thune (237) was put into Graveyard from Battlefield.
Zone Change: Angel Token (1328) was put into Graveyard from Battlefield.
Add To Stack: Ai(3)-mm-giada-angels triggered Archangel of Thune
Add To Stack: Ai(2)-mm-sythis-enchantress triggered Heliod, Sun-Crowned targeting [Heliod, Sun-Crowned (196)]
Resolve Stack: Whenever you gain life, put a +1/+1 counter on target creature or enchantment you control. (Targeting: [[Heliod, Sun-Crowned (196)]]) [Player: Ai(2)-mm-sythis-enchantress, Gained Amount: 2]
Resolve Stack: Whenever you gain life, put a +1/+1 counter on each creature you control. [Player: Ai(3)-mm-giada-angels, Gained Amount: 5]
Phase: Ai(3)-mm-giada-angels' End of Combat Step
Phase: Ai(3)-mm-giada-angels' Main phase, postcombat
Phase: Ai(3)-mm-giada-angels' End step
Phase: Ai(3)-mm-giada-angels' Cleanup step
Turn: Turn 43 (Ai(1)-mm-muldrotha-value)
Phase: Ai(1)-mm-muldrotha-value's Untap step
Phase: Ai(1)-mm-muldrotha-value's Upkeep step
Add To Stack: Ai(1)-mm-muldrotha-value triggered The Gitrog Monster
Zone Change: Hinterland Harbor (27) was put into Graveyard from Battlefield.
Resolve Stack: At the beginning of your upkeep, sacrifice The Gitrog Monster unless you sacrifice a land. [Phase: Ai(1)-mm-muldrotha-value]
Add To Stack: Ai(1)-mm-muldrotha-value triggered The Gitrog Monster
Resolve Stack: Whenever one or more land cards are put into your graveyard from anywhere, draw a card. [Amount: 1]
Phase: Ai(1)-mm-muldrotha-value's Draw step
Phase: Ai(1)-mm-muldrotha-value's Main phase, precombat
Replacement Effect: As Overgrown Tomb enters, you may pay 2 life. If you don't, it enters tapped.
Land: Ai(1)-mm-muldrotha-value played Overgrown Tomb (74)
Phase: Ai(1)-mm-muldrotha-value's Beginning of Combat Step
Phase: Ai(1)-mm-muldrotha-value's Declare Attackers Step
Phase: Ai(1)-mm-muldrotha-value's Declare Blockers Step
Phase: Ai(1)-mm-muldrotha-value's First Strike Damage Step
Phase: Ai(1)-mm-muldrotha-value's Combat Damage Step
Phase: Ai(1)-mm-muldrotha-value's End of Combat Step
Phase: Ai(1)-mm-muldrotha-value's Main phase, postcombat
Mana: Watery Grave (30) - {T}: Add {U}.
Mana: Forest (42) - {T}: Add {G}.
Mana: Swamp (66) - {T}: Add {B}.
Add To Stack: Ai(1)-mm-muldrotha-value cast Rhystic Study
Resolve Stack: Rhystic Study
Phase: Ai(1)-mm-muldrotha-value's End step
Phase: Ai(1)-mm-muldrotha-value's Cleanup step
Turn: Turn 44 (Ai(2)-mm-sythis-enchantress)
Phase: Ai(2)-mm-sythis-enchantress' Untap step
Phase: Ai(2)-mm-sythis-enchantress' Upkeep step
Phase: Ai(2)-mm-sythis-enchantress' Draw step
Phase: Ai(2)-mm-sythis-enchantress' Main phase, precombat
Mana: Forest (139) - {T}: Add {G}.
Mana: Forest (140) - {T}: Add {G}.
Mana: Forest (143) - {T}: Add {G}.
Add To Stack: Ai(2)-mm-sythis-enchantress cast Courser of Kruphix
Add To Stack: Ai(2)-mm-sythis-enchantress triggered Sythis, Harvest's Hand
Add To Stack: Ai(2)-mm-sythis-enchantress triggered Sigil of the Empty Throne
Add To Stack: Ai(1)-mm-muldrotha-value triggered Rhystic Study
Mana: Plains (188) - {T}: Add {W}.
Resolve Stack: Whenever an opponent casts a spell, you may draw a card unless that player pays {1}. [Card: Courser of Kruphix (200), Activator: Ai(2)-mm-sythis-enchantress, SpellAbility: Courser of Kruphix - Creature 2 / 4]
Resolve Stack: Whenever you cast an enchantment spell, create a 4/4 white Angel creature token with flying. [Card: Courser of Kruphix (200), Activator: Ai(2)-mm-sythis-enchantress, SpellAbility: Courser of Kruphix - Creature 2 / 4]
Life: Life: Ai(2)-mm-sythis-enchantress 70 > 71
Resolve Stack: Whenever you cast an enchantment spell, you gain 1 life and draw a card. [Card: Courser of Kruphix (200), Activator: Ai(2)-mm-sythis-enchantress, SpellAbility: Courser of Kruphix - Creature 2 / 4]
Add To Stack: Ai(2)-mm-sythis-enchantress triggered Heliod, Sun-Crowned targeting [Heliod, Sun-Crowned (196)]
Resolve Stack: Whenever you gain life, put a +1/+1 counter on target creature or enchantment you control. (Targeting: [[Heliod, Sun-Crowned (196)]]) [Player: Ai(2)-mm-sythis-enchantress, Gained Amount: 1]
Resolve Stack: Courser of Kruphix - Creature 2 / 4
Add To Stack: Ai(2)-mm-sythis-enchantress triggered Eidolon of Blossoms
Add To Stack: Ai(2)-mm-sythis-enchantress triggered Archon of Sun's Grace
Resolve Stack: Constellation — Whenever an enchantment you control enters, create a 2/2 white Pegasus creature token with flying. [Zone Changer: Courser of Kruphix (200)]
Resolve Stack: Constellation — Whenever Eidolon of Blossoms or another enchantment you control enters, draw a card. [Zone Changer: Courser of Kruphix (200)]
Land: Ai(2)-mm-sythis-enchantress played Forest (144)
Add To Stack: Ai(2)-mm-sythis-enchantress triggered Courser of Kruphix
Life: Life: Ai(2)-mm-sythis-enchantress 71 > 72
Resolve Stack: Landfall — Whenever a land you control enters, you gain 1 life. [Zone Changer: Forest (144)]
Add To Stack: Ai(2)-mm-sythis-enchantress triggered Heliod, Sun-Crowned targeting [Heliod, Sun-Crowned (196)]
Resolve Stack: Whenever you gain life, put a +1/+1 counter on target creature or enchantment you control. (Targeting: [[Heliod, Sun-Crowned (196)]]) [Player: Ai(2)-mm-sythis-enchantress, Gained Amount: 1]
Mana: Plains (192) - {T}: Add {W}.
Mana: Forest (144) - {T}: Add {G}.
Add To Stack: Ai(2)-mm-sythis-enchantress cast All That Glitters targeting [Heliod, Sun-Crowned (196)]
Add To Stack: Ai(2)-mm-sythis-enchantress triggered Sythis, Harvest's Hand
Add To Stack: Ai(2)-mm-sythis-enchantress triggered Sigil of the Empty Throne
Add To Stack: Ai(1)-mm-muldrotha-value triggered Rhystic Study
Mana: Plains (187) - {T}: Add {W}.
Resolve Stack: Whenever an opponent casts a spell, you may draw a card unless that player pays {1}. [Card: All That Glitters (135), Activator: Ai(2)-mm-sythis-enchantress, SpellAbility: All That Glitters]
Resolve Stack: Whenever you cast an enchantment spell, create a 4/4 white Angel creature token with flying. [Card: All That Glitters (135), Activator: Ai(2)-mm-sythis-enchantress, SpellAbility: All That Glitters]
Life: Life: Ai(2)-mm-sythis-enchantress 72 > 73
Resolve Stack: Whenever you cast an enchantment spell, you gain 1 life and draw a card. [Card: All That Glitters (135), Activator: Ai(2)-mm-sythis-enchantress, SpellAbility: All That Glitters]
Add To Stack: Ai(2)-mm-sythis-enchantress triggered Heliod, Sun-Crowned targeting [Heliod, Sun-Crowned (196)]
Resolve Stack: Whenever you gain life, put a +1/+1 counter on target creature or enchantment you control. (Targeting: [[Heliod, Sun-Crowned (196)]]) [Player: Ai(2)-mm-sythis-enchantress, Gained Amount: 1]
Resolve Stack: All That Glitters (135) -  Attach to Heliod, Sun-Crowned (196)
Add To Stack: Ai(2)-mm-sythis-enchantress triggered Eidolon of Blossoms
Add To Stack: Ai(2)-mm-sythis-enchantress triggered Archon of Sun's Grace
Resolve Stack: Constellation — Whenever an enchantment you control enters, create a 2/2 white Pegasus creature token with flying. [Zone Changer: All That Glitters (135)]
Resolve Stack: Constellation — Whenever Eidolon of Blossoms or another enchantment you control enters, draw a card. [Zone Changer: All That Glitters (135)]
Mana: Plains (190) - {T}: Add {W}.
Mana: Plains (189) - {T}: Add {W}.
Mana: Plains (185) - {T}: Add {W}.
Add To Stack: Ai(2)-mm-sythis-enchantress cast Ghostly Prison
Add To Stack: Ai(2)-mm-sythis-enchantress triggered Sythis, Harvest's Hand
Add To Stack: Ai(2)-mm-sythis-enchantress triggered Sigil of the Empty Throne
Add To Stack: Ai(1)-mm-muldrotha-value triggered Rhystic Study
Mana: Bountiful Promenade (114) - {T}: Add {G} or {W}.
Resolve Stack: Whenever an opponent casts a spell, you may draw a card unless that player pays {1}. [Card: Ghostly Prison (122), Activator: Ai(2)-mm-sythis-enchantress, SpellAbility: Ghostly Prison]
Resolve Stack: Whenever you cast an enchantment spell, create a 4/4 white Angel creature token with flying. [Card: Ghostly Prison (122), Activator: Ai(2)-mm-sythis-enchantress, SpellAbility: Ghostly Prison]
Life: Life: Ai(2)-mm-sythis-enchantress 73 > 74
Resolve Stack: Whenever you cast an enchantment spell, you gain 1 life and draw a card. [Card: Ghostly Prison (122), Activator: Ai(2)-mm-sythis-enchantress, SpellAbility: Ghostly Prison]
Add To Stack: Ai(2)-mm-sythis-enchantress triggered Heliod, Sun-Crowned targeting [Heliod, Sun-Crowned (196)]
Resolve Stack: Whenever you gain life, put a +1/+1 counter on target creature or enchantment you control. (Targeting: [[Heliod, Sun-Crowned (196)]]) [Player: Ai(2)-mm-sythis-enchantress, Gained Amount: 1]
Resolve Stack: Ghostly Prison
Add To Stack: Ai(2)-mm-sythis-enchantress triggered Eidolon of Blossoms
Add To Stack: Ai(2)-mm-sythis-enchantress triggered Archon of Sun's Grace
Resolve Stack: Constellation — Whenever an enchantment you control enters, create a 2/2 white Pegasus creature token with flying. [Zone Changer: Ghostly Prison (122)]
Resolve Stack: Constellation — Whenever Eidolon of Blossoms or another enchantment you control enters, draw a card. [Zone Changer: Ghostly Prison (122)]
Mana: Canopy Vista (169) - {T}: Add {W}.
Add To Stack: Ai(2)-mm-sythis-enchantress cast Alseid of Life's Bounty
Add To Stack: Ai(2)-mm-sythis-enchantress triggered Sythis, Harvest's Hand
Add To Stack: Ai(2)-mm-sythis-enchantress triggered Sigil of the Empty Throne
Add To Stack: Ai(1)-mm-muldrotha-value triggered Rhystic Study
Mana: Temple Garden (174) - {T}: Add {G}.
Resolve Stack: Whenever an opponent casts a spell, you may draw a card unless that player pays {1}. [Card: Alseid of Life's Bounty (148), Activator: Ai(2)-mm-sythis-enchantress, SpellAbility: Alseid of Life's Bounty - Creature 1 / 1]
Resolve Stack: Whenever you cast an enchantment spell, create a 4/4 white Angel creature token with flying. [Card: Alseid of Life's Bounty (148), Activator: Ai(2)-mm-sythis-enchantress, SpellAbility: Alseid of Life's Bounty - Creature 1 / 1]
Life: Life: Ai(2)-mm-sythis-enchantress 74 > 75
Resolve Stack: Whenever you cast an enchantment spell, you gain 1 life and draw a card. [Card: Alseid of Life's Bounty (148), Activator: Ai(2)-mm-sythis-enchantress, SpellAbility: Alseid of Life's Bounty - Creature 1 / 1]
Add To Stack: Ai(2)-mm-sythis-enchantress triggered Heliod, Sun-Crowned targeting [Heliod, Sun-Crowned (196)]
Resolve Stack: Whenever you gain life, put a +1/+1 counter on target creature or enchantment you control. (Targeting: [[Heliod, Sun-Crowned (196)]]) [Player: Ai(2)-mm-sythis-enchantress, Gained Amount: 1]
Resolve Stack: Alseid of Life's Bounty - Creature 1 / 1
Add To Stack: Ai(2)-mm-sythis-enchantress triggered Eidolon of Blossoms
Add To Stack: Ai(2)-mm-sythis-enchantress triggered Archon of Sun's Grace
Resolve Stack: Constellation — Whenever an enchantment you control enters, create a 2/2 white Pegasus creature token with flying. [Zone Changer: Alseid of Life's Bounty (148)]
Resolve Stack: Constellation — Whenever Eidolon of Blossoms or another enchantment you control enters, draw a card. [Zone Changer: Alseid of Life's Bounty (148)]
Mana: Sunpetal Grove (164) - {T}: Add {G} or {W}.
Mana: Hall of Heliod's Generosity (111) - {T}: Add {C}.
Add To Stack: Ai(2)-mm-sythis-enchantress cast Seal of Primordium
Add To Stack: Ai(2)-mm-sythis-enchantress triggered Sythis, Harvest's Hand
Add To Stack: Ai(2)-mm-sythis-enchantress triggered Sigil of the Empty Throne
Add To Stack: Ai(1)-mm-muldrotha-value triggered Rhystic Study
Resolve Stack: Whenever an opponent casts a spell, you may draw a card unless that player pays {1}. [Card: Seal of Primordium (155), Activator: Ai(2)-mm-sythis-enchantress, SpellAbility: Seal of Primordium]
Resolve Stack: Whenever you cast an enchantment spell, create a 4/4 white Angel creature token with flying. [Card: Seal of Primordium (155), Activator: Ai(2)-mm-sythis-enchantress, SpellAbility: Seal of Primordium]
Life: Life: Ai(2)-mm-sythis-enchantress 75 > 76
Resolve Stack: Whenever you cast an enchantment spell, you gain 1 life and draw a card. [Card: Seal of Primordium (155), Activator: Ai(2)-mm-sythis-enchantress, SpellAbility: Seal of Primordium]
Add To Stack: Ai(2)-mm-sythis-enchantress triggered Heliod, Sun-Crowned targeting [Heliod, Sun-Crowned (196)]
Resolve Stack: Whenever you gain life, put a +1/+1 counter on target creature or enchantment you control. (Targeting: [[Heliod, Sun-Crowned (196)]]) [Player: Ai(2)-mm-sythis-enchantress, Gained Amount: 1]
Resolve Stack: Seal of Primordium
Add To Stack: Ai(2)-mm-sythis-enchantress triggered Eidolon of Blossoms
Add To Stack: Ai(2)-mm-sythis-enchantress triggered Archon of Sun's Grace
Resolve Stack: Constellation — Whenever an enchantment you control enters, create a 2/2 white Pegasus creature token with flying. [Zone Changer: Seal of Primordium (155)]
Resolve Stack: Constellation — Whenever Eidolon of Blossoms or another enchantment you control enters, draw a card. [Zone Changer: Seal of Primordium (155)]
Zone Change: Seal of Primordium (155) was put into Graveyard from Battlefield.
Add To Stack: Ai(2)-mm-sythis-enchantress activated Seal of Primordium targeting [Rhystic Study (25)]
Zone Change: Rhystic Study (25) was put into Graveyard from Battlefield.
Resolve Stack: Seal of Primordium (155) - Destroy Rhystic Study (25).
Phase: Ai(2)-mm-sythis-enchantress' Beginning of Combat Step
Phase: Ai(2)-mm-sythis-enchantress' Declare Attackers Step
Combat: Ai(2)-mm-sythis-enchantress assigned Heliod, Sun-Crowned (196), Archon of Sun's Grace (116), Eidolon of Blossoms (108), Pegasus Token (1319), Pegasus Token (1322), Pegasus Token (1325), Pegasus Token (1331) and Sythis, Harvest's Hand (201) to attack Ai(1)-mm-muldrotha-value.
Add To Stack: Ai(3)-mm-giada-angels triggered Firemane Commando
Resolve Stack: Whenever another player attacks with two or more creatures, they draw a card if none of those creatures attacked you. [Number Attackers: [Heliod, Sun-Crowned (196), Archon of Sun's Grace (116), Eidolon of Blossoms (108), Pegasus Token (1319), Pegasus Token (1322), Pegasus Token (1325), Pegasus Token (1331), Sythis, Harvest's Hand (201)]]
Phase: Ai(2)-mm-sythis-enchantress' Declare Blockers Step
Combat: Ai(1)-mm-muldrotha-value assigned Skull Prophet (81) to block Heliod, Sun-Crowned (196).
Ai(1)-mm-muldrotha-value didn't block Archon of Sun's Grace (116).
Ai(1)-mm-muldrotha-value assigned The Gitrog Monster (75) to block Eidolon of Blossoms (108).
Ai(1)-mm-muldrotha-value didn't block Pegasus Token (1319).
Ai(1)-mm-muldrotha-value didn't block Pegasus Token (1322).
Ai(1)-mm-muldrotha-value didn't block Pegasus Token (1325).
Ai(1)-mm-muldrotha-value didn't block Pegasus Token (1331).
Ai(1)-mm-muldrotha-value didn't block Sythis, Harvest's Hand (201).
Phase: Ai(2)-mm-sythis-enchantress' First Strike Damage Step
Phase: Ai(2)-mm-sythis-enchantress' Combat Damage Step
Damage: Heliod, Sun-Crowned (196) deals 26 damage to Skull Prophet (81).
Damage: Archon of Sun's Grace (116) deals 3 combat damage to Ai(1)-mm-muldrotha-value.
Life: Life: Ai(2)-mm-sythis-enchantress 76 > 79
Damage: Eidolon of Blossoms (108) deals 2 damage to The Gitrog Monster (75).
Damage: Pegasus Token (1319) deals 2 combat damage to Ai(1)-mm-muldrotha-value.
Life: Life: Ai(2)-mm-sythis-enchantress 79 > 81
Damage: Pegasus Token (1322) deals 2 combat damage to Ai(1)-mm-muldrotha-value.
Life: Life: Ai(2)-mm-sythis-enchantress 81 > 83
Damage: Pegasus Token (1325) deals 2 combat damage to Ai(1)-mm-muldrotha-value.
Life: Life: Ai(2)-mm-sythis-enchantress 83 > 85
Damage: Pegasus Token (1331) deals 2 combat damage to Ai(1)-mm-muldrotha-value.
Life: Life: Ai(2)-mm-sythis-enchantress 85 > 87
Damage: Sythis, Harvest's Hand (201) deals 1 combat damage to Ai(1)-mm-muldrotha-value.
Damage: Skull Prophet (81) deals 3 damage to Heliod, Sun-Crowned (196).
Damage: The Gitrog Monster (75) deals 6 damage (Deathtouch) to Eidolon of Blossoms (108).
Life: Life: Ai(1)-mm-muldrotha-value 12 > 0
Zone Change: Eidolon of Blossoms (108) was put into Graveyard from Battlefield.
Add To Stack: Ai(2)-mm-sythis-enchantress triggered Heliod, Sun-Crowned targeting [Heliod, Sun-Crowned (196)]
Add To Stack: Ai(2)-mm-sythis-enchantress triggered Heliod, Sun-Crowned targeting [Heliod, Sun-Crowned (196)]
Add To Stack: Ai(2)-mm-sythis-enchantress triggered Heliod, Sun-Crowned targeting [Heliod, Sun-Crowned (196)]
Add To Stack: Ai(2)-mm-sythis-enchantress triggered Heliod, Sun-Crowned targeting [Heliod, Sun-Crowned (196)]
Add To Stack: Ai(2)-mm-sythis-enchantress triggered Heliod, Sun-Crowned targeting [Heliod, Sun-Crowned (196)]
Resolve Stack: Whenever you gain life, put a +1/+1 counter on target creature or enchantment you control. (Targeting: [[Heliod, Sun-Crowned (196)]]) [Player: Ai(2)-mm-sythis-enchantress, Gained Amount: 2]
Resolve Stack: Whenever you gain life, put a +1/+1 counter on target creature or enchantment you control. (Targeting: [[Heliod, Sun-Crowned (196)]]) [Player: Ai(2)-mm-sythis-enchantress, Gained Amount: 2]
Resolve Stack: Whenever you gain life, put a +1/+1 counter on target creature or enchantment you control. (Targeting: [[Heliod, Sun-Crowned (196)]]) [Player: Ai(2)-mm-sythis-enchantress, Gained Amount: 2]
Resolve Stack: Whenever you gain life, put a +1/+1 counter on target creature or enchantment you control. (Targeting: [[Heliod, Sun-Crowned (196)]]) [Player: Ai(2)-mm-sythis-enchantress, Gained Amount: 2]
Resolve Stack: Whenever you gain life, put a +1/+1 counter on target creature or enchantment you control. (Targeting: [[Heliod, Sun-Crowned (196)]]) [Player: Ai(2)-mm-sythis-enchantress, Gained Amount: 3]
Phase: Ai(2)-mm-sythis-enchantress' End of Combat Step
Phase: Ai(2)-mm-sythis-enchantress' Main phase, postcombat
Phase: Ai(2)-mm-sythis-enchantress' End step
Phase: Ai(2)-mm-sythis-enchantress' Cleanup step
Discard: Ai(2)-mm-sythis-enchantress discards Plains (191).
Discard: Ai(2)-mm-sythis-enchantress discards Forest (142).
Discard: Ai(2)-mm-sythis-enchantress discards Branchloft Pathway (177).
Discard: Ai(2)-mm-sythis-enchantress discards Flickering Ward (102).
Discard: Ai(2)-mm-sythis-enchantress discards Utopia Sprawl (103).
Discard: Ai(2)-mm-sythis-enchantress discards Wild Growth (113).
Turn: Turn 45 (Ai(3)-mm-giada-angels)
Phase: Ai(3)-mm-giada-angels' Untap step
Phase: Ai(3)-mm-giada-angels' Upkeep step
Phase: Ai(3)-mm-giada-angels' Draw step
Phase: Ai(3)-mm-giada-angels' Main phase, precombat
Mana: Plains (275) - {T}: Add {W}.
Mana: Plains (291) - {T}: Add {W}.
Mana: Plains (281) - {T}: Add {W}.
Mana: Plains (290) - {T}: Add {W}.
Add To Stack: Ai(3)-mm-giada-angels cast Thraben Watcher
Resolve Stack: Thraben Watcher - Creature 2 / 2
Phase: Ai(3)-mm-giada-angels' Beginning of Combat Step
Phase: Ai(3)-mm-giada-angels' Declare Attackers Step
Phase: Ai(3)-mm-giada-angels' Declare Blockers Step
Phase: Ai(3)-mm-giada-angels' First Strike Damage Step
Phase: Ai(3)-mm-giada-angels' Combat Damage Step
Phase: Ai(3)-mm-giada-angels' End of Combat Step
Phase: Ai(3)-mm-giada-angels' Main phase, postcombat
Phase: Ai(3)-mm-giada-angels' End step
Phase: Ai(3)-mm-giada-angels' Cleanup step
Turn: Turn 46 (Ai(2)-mm-sythis-enchantress)
Phase: Ai(2)-mm-sythis-enchantress' Untap step
Phase: Ai(2)-mm-sythis-enchantress' Upkeep step
Phase: Ai(2)-mm-sythis-enchantress' Draw step
Phase: Ai(2)-mm-sythis-enchantress' Main phase, precombat
Mana: Forest (139) - {T}: Add {G}.
Mana: Forest (140) - {T}: Add {G}.
Mana: Forest (143) - {T}: Add {G}.
Add To Stack: Ai(2)-mm-sythis-enchantress cast Enchantress's Presence
Add To Stack: Ai(2)-mm-sythis-enchantress triggered Sythis, Harvest's Hand
Add To Stack: Ai(2)-mm-sythis-enchantress triggered Sigil of the Empty Throne
Resolve Stack: Whenever you cast an enchantment spell, create a 4/4 white Angel creature token with flying. [Card: Enchantress's Presence (149), Activator: Ai(2)-mm-sythis-enchantress, SpellAbility: Enchantress's Presence]
Life: Life: Ai(2)-mm-sythis-enchantress 87 > 88
Resolve Stack: Whenever you cast an enchantment spell, you gain 1 life and draw a card. [Card: Enchantress's Presence (149), Activator: Ai(2)-mm-sythis-enchantress, SpellAbility: Enchantress's Presence]
Add To Stack: Ai(2)-mm-sythis-enchantress triggered Heliod, Sun-Crowned targeting [Heliod, Sun-Crowned (196)]
Resolve Stack: Whenever you gain life, put a +1/+1 counter on target creature or enchantment you control. (Targeting: [[Heliod, Sun-Crowned (196)]]) [Player: Ai(2)-mm-sythis-enchantress, Gained Amount: 1]
Resolve Stack: Enchantress's Presence
Add To Stack: Ai(2)-mm-sythis-enchantress triggered Archon of Sun's Grace
Resolve Stack: Constellation — Whenever an enchantment you control enters, create a 2/2 white Pegasus creature token with flying. [Zone Changer: Enchantress's Presence (149)]
Mana: Forest (144) - {T}: Add {G}.
Mana: Plains (188) - {T}: Add {W}.
Mana: Plains (192) - {T}: Add {W}.
Add To Stack: Ai(2)-mm-sythis-enchantress cast Ancestral Mask targeting [Heliod, Sun-Crowned (196)]
Add To Stack: Ai(2)-mm-sythis-enchantress triggered Sythis, Harvest's Hand
Add To Stack: Ai(2)-mm-sythis-enchantress triggered Enchantress's Presence
Add To Stack: Ai(2)-mm-sythis-enchantress triggered Sigil of the Empty Throne
Resolve Stack: Whenever you cast an enchantment spell, create a 4/4 white Angel creature token with flying. [Card: Ancestral Mask (154), Activator: Ai(2)-mm-sythis-enchantress, SpellAbility: Ancestral Mask]
Resolve Stack: Whenever you cast an enchantment spell, draw a card. [Card: Ancestral Mask (154), Activator: Ai(2)-mm-sythis-enchantress, SpellAbility: Ancestral Mask]
Life: Life: Ai(2)-mm-sythis-enchantress 88 > 89
Resolve Stack: Whenever you cast an enchantment spell, you gain 1 life and draw a card. [Card: Ancestral Mask (154), Activator: Ai(2)-mm-sythis-enchantress, SpellAbility: Ancestral Mask]
Add To Stack: Ai(2)-mm-sythis-enchantress triggered Heliod, Sun-Crowned targeting [Heliod, Sun-Crowned (196)]
Resolve Stack: Whenever you gain life, put a +1/+1 counter on target creature or enchantment you control. (Targeting: [[Heliod, Sun-Crowned (196)]]) [Player: Ai(2)-mm-sythis-enchantress, Gained Amount: 1]
Resolve Stack: Ancestral Mask (154) -  Attach to Heliod, Sun-Crowned (196)
Add To Stack: Ai(2)-mm-sythis-enchantress triggered Archon of Sun's Grace
Resolve Stack: Constellation — Whenever an enchantment you control enters, create a 2/2 white Pegasus creature token with flying. [Zone Changer: Ancestral Mask (154)]
Replacement Effect: As Fortified Village enters, you may reveal a Forest or Plains card from your hand. If you don't, Fortified Village enters tapped.
Land: Ai(2)-mm-sythis-enchantress played Fortified Village (150)
Add To Stack: Ai(2)-mm-sythis-enchantress triggered Courser of Kruphix
Life: Life: Ai(2)-mm-sythis-enchantress 89 > 90
Resolve Stack: Landfall — Whenever a land you control enters, you gain 1 life. [Zone Changer: Fortified Village (150)]
Add To Stack: Ai(2)-mm-sythis-enchantress triggered Heliod, Sun-Crowned targeting [Heliod, Sun-Crowned (196)]
Resolve Stack: Whenever you gain life, put a +1/+1 counter on target creature or enchantment you control. (Targeting: [[Heliod, Sun-Crowned (196)]]) [Player: Ai(2)-mm-sythis-enchantress, Gained Amount: 1]
Mana: Plains (187) - {T}: Add {W}.
Mana: Plains (190) - {T}: Add {W}.
Add To Stack: Ai(2)-mm-sythis-enchantress cast Blind Obedience
Add To Stack: Ai(2)-mm-sythis-enchantress triggered Sythis, Harvest's Hand
Add To Stack: Ai(2)-mm-sythis-enchantress triggered Enchantress's Presence
Add To Stack: Ai(2)-mm-sythis-enchantress triggered Sigil of the Empty Throne
Resolve Stack: Whenever you cast an enchantment spell, create a 4/4 white Angel creature token with flying. [Card: Blind Obedience (130), Activator: Ai(2)-mm-sythis-enchantress, SpellAbility: Blind Obedience]
Resolve Stack: Whenever you cast an enchantment spell, draw a card. [Card: Blind Obedience (130), Activator: Ai(2)-mm-sythis-enchantress, SpellAbility: Blind Obedience]
Life: Life: Ai(2)-mm-sythis-enchantress 90 > 91
Resolve Stack: Whenever you cast an enchantment spell, you gain 1 life and draw a card. [Card: Blind Obedience (130), Activator: Ai(2)-mm-sythis-enchantress, SpellAbility: Blind Obedience]
Add To Stack: Ai(2)-mm-sythis-enchantress triggered Heliod, Sun-Crowned targeting [Heliod, Sun-Crowned (196)]
Resolve Stack: Whenever you gain life, put a +1/+1 counter on target creature or enchantment you control. (Targeting: [[Heliod, Sun-Crowned (196)]]) [Player: Ai(2)-mm-sythis-enchantress, Gained Amount: 1]
Resolve Stack: Blind Obedience
Add To Stack: Ai(2)-mm-sythis-enchantress triggered Archon of Sun's Grace
Resolve Stack: Constellation — Whenever an enchantment you control enters, create a 2/2 white Pegasus creature token with flying. [Zone Changer: Blind Obedience (130)]
Mana: Plains (189) - {T}: Add {W}.
Add To Stack: Ai(2)-mm-sythis-enchantress cast Swords to Plowshares targeting [Firemane Commando (218)]
Add To Stack: Ai(2)-mm-sythis-enchantress triggered Blind Obedience
Mana: Plains (185) - {T}: Add {W}.
Life: Life: Ai(3)-mm-giada-angels 40 > 39
Life: Life: Ai(2)-mm-sythis-enchantress 91 > 92
Resolve Stack: Extort (Whenever you cast a spell, you may pay {W/B}. If you do, each opponent loses 1 life and you gain that much life.) [Card: Swords to Plowshares (160), Activator: Ai(2)-mm-sythis-enchantress, SpellAbility: Exile target creature. Its controller gains life equal to its power.]
Add To Stack: Ai(2)-mm-sythis-enchantress triggered Heliod, Sun-Crowned targeting [Heliod, Sun-Crowned (196)]
Resolve Stack: Whenever you gain life, put a +1/+1 counter on target creature or enchantment you control. (Targeting: [[Heliod, Sun-Crowned (196)]]) [Player: Ai(2)-mm-sythis-enchantress, Gained Amount: 1]
Zone Change: Firemane Commando (218) was put into Exile from Battlefield.
Life: Life: Ai(3)-mm-giada-angels 39 > 45
Resolve Stack: Swords to Plowshares (160) - Exile Firemane Commando (218). Ai(3)-mm-giada-angels gains life equal to its power.
Phase: Ai(2)-mm-sythis-enchantress' Beginning of Combat Step
Phase: Ai(2)-mm-sythis-enchantress' Declare Attackers Step
Combat: Ai(2)-mm-sythis-enchantress assigned Heliod, Sun-Crowned (196), Angel Token (1334), Angel Token (1340), Angel Token (1346), Angel Token (1352), Angel Token (1358), Archon of Sun's Grace (116), Pegasus Token (1319), Pegasus Token (1322), Pegasus Token (1325), Pegasus Token (1331), Courser of Kruphix (200), Pegasus Token (1337), Pegasus Token (1343), Pegasus Token (1349), Pegasus Token (1355), Pegasus Token (1361), Sythis, Harvest's Hand (201) and Alseid of Life's Bounty (148) to attack Ai(3)-mm-giada-angels.
Phase: Ai(2)-mm-sythis-enchantress' Declare Blockers Step
Combat: Ai(3)-mm-giada-angels assigned Thraben Watcher (234) to block Heliod, Sun-Crowned (196).
Ai(3)-mm-giada-angels didn't block Angel Token (1334).
Ai(3)-mm-giada-angels didn't block Angel Token (1340).
Ai(3)-mm-giada-angels didn't block Angel Token (1346).
Ai(3)-mm-giada-angels didn't block Angel Token (1352).
Ai(3)-mm-giada-angels didn't block Angel Token (1358).
Ai(3)-mm-giada-angels didn't block Archon of Sun's Grace (116).
Ai(3)-mm-giada-angels didn't block Pegasus Token (1319).
Ai(3)-mm-giada-angels didn't block Pegasus Token (1322).
Ai(3)-mm-giada-angels didn't block Pegasus Token (1325).
Ai(3)-mm-giada-angels didn't block Pegasus Token (1331).
Ai(3)-mm-giada-angels didn't block Courser of Kruphix (200).
Ai(3)-mm-giada-angels didn't block Pegasus Token (1337).
Ai(3)-mm-giada-angels didn't block Pegasus Token (1343).
Ai(3)-mm-giada-angels didn't block Pegasus Token (1349).
Ai(3)-mm-giada-angels didn't block Pegasus Token (1355).
Ai(3)-mm-giada-angels didn't block Pegasus Token (1361).
Ai(3)-mm-giada-angels didn't block Sythis, Harvest's Hand (201).
Ai(3)-mm-giada-angels didn't block Alseid of Life's Bounty (148).
Phase: Ai(2)-mm-sythis-enchantress' First Strike Damage Step
Phase: Ai(2)-mm-sythis-enchantress' Combat Damage Step
Damage: Heliod, Sun-Crowned (196) deals 60 damage to Thraben Watcher (234).
Damage: Angel Token (1334) deals 4 combat damage to Ai(3)-mm-giada-angels.
Damage: Angel Token (1340) deals 4 combat damage to Ai(3)-mm-giada-angels.
Damage: Angel Token (1346) deals 4 combat damage to Ai(3)-mm-giada-angels.
Damage: Angel Token (1352) deals 4 combat damage to Ai(3)-mm-giada-angels.
Damage: Angel Token (1358) deals 4 combat damage to Ai(3)-mm-giada-angels.
Damage: Archon of Sun's Grace (116) deals 3 combat damage to Ai(3)-mm-giada-angels.
Life: Life: Ai(2)-mm-sythis-enchantress 92 > 95
Damage: Pegasus Token (1319) deals 2 combat damage to Ai(3)-mm-giada-angels.
Life: Life: Ai(2)-mm-sythis-enchantress 95 > 97
Damage: Pegasus Token (1322) deals 2 combat damage to Ai(3)-mm-giada-angels.
Life: Life: Ai(2)-mm-sythis-enchantress 97 > 99
Damage: Pegasus Token (1325) deals 2 combat damage to Ai(3)-mm-giada-angels.
Life: Life: Ai(2)-mm-sythis-enchantress 99 > 101
Damage: Pegasus Token (1331) deals 2 combat damage to Ai(3)-mm-giada-angels.
Life: Life: Ai(2)-mm-sythis-enchantress 101 > 103
Damage: Courser of Kruphix (200) deals 2 combat damage to Ai(3)-mm-giada-angels.
Damage: Pegasus Token (1337) deals 2 combat damage to Ai(3)-mm-giada-angels.
Life: Life: Ai(2)-mm-sythis-enchantress 103 > 105
Damage: Pegasus Token (1343) deals 2 combat damage to Ai(3)-mm-giada-angels.
Life: Life: Ai(2)-mm-sythis-enchantress 105 > 107
Damage: Pegasus Token (1349) deals 2 combat damage to Ai(3)-mm-giada-angels.
Life: Life: Ai(2)-mm-sythis-enchantress 107 > 109
Damage: Pegasus Token (1355) deals 2 combat damage to Ai(3)-mm-giada-angels.
Life: Life: Ai(2)-mm-sythis-enchantress 109 > 111
Damage: Pegasus Token (1361) deals 2 combat damage to Ai(3)-mm-giada-angels.
Life: Life: Ai(2)-mm-sythis-enchantress 111 > 113
Damage: Sythis, Harvest's Hand (201) deals 1 combat damage to Ai(3)-mm-giada-angels.
Damage: Alseid of Life's Bounty (148) deals 1 combat damage to Ai(3)-mm-giada-angels.
Life: Life: Ai(2)-mm-sythis-enchantress 113 > 114
Damage: Thraben Watcher (234) deals 2 damage to Heliod, Sun-Crowned (196).
Life: Life: Ai(3)-mm-giada-angels 45 > 0
Player Control: Ai(1)-mm-muldrotha-value has restored control over themself
Player Control: Ai(2)-mm-sythis-enchantress has restored control over themself
Player Control: Ai(3)-mm-giada-angels has restored control over themself
Player Control: Ai(4)-mm-baylen-tokens has restored control over themself
Game Outcome: Turn 23
Game Outcome: Ai(1)-mm-muldrotha-value has lost because life total reached 0
Game Outcome: Ai(2)-mm-sythis-enchantress has won because all opponents have lost
Game Outcome: Ai(3)-mm-giada-angels has lost because life total reached 0
Game Outcome: Ai(4)-mm-baylen-tokens has lost because life total reached 0
Match Result: Ai(1)-mm-muldrotha-value: 0 Ai(2)-mm-sythis-enchantress: 1 Ai(3)-mm-giada-angels: 0 Ai(4)-mm-baylen-tokens: 0 

Game Result: Game 1 ended in 560319 ms. Ai(2)-mm-sythis-enchantress has won!

Warning: default (ie. inherited from base class) implementation of confirmAction is used by Giada, Font of Hope for forge.ai.ability.PermanentCreatureAi. Consider declaring an overloaded method
Warning: default (ie. inherited from base class) implementation of confirmAction is used by Baylen, the Haymaker for forge.ai.ability.PermanentCreatureAi. Consider declaring an overloaded method
Warning: default (ie. inherited from base class) implementation of chooseSingleCard is used by Gisela, the Broken Blade for forge.ai.ability.MeldAi. Consider declaring an overloaded method
java.util.concurrent.TimeoutException
	at java.base/java.util.concurrent.FutureTask.get(FutureTask.java:204)
	at forge.ai.AiController.chooseSpellAbilityToPlayFromList(AiController.java:1696)
	at forge.ai.AiController.getSpellAbilityToPlay(AiController.java:1583)
	at forge.ai.AiController.chooseSpellAbilityToPlay(AiController.java:1403)
	at forge.ai.PlayerControllerAi.chooseSpellAbilityToPlay(PlayerControllerAi.java:832)
	at forge.game.phase.PhaseHandler.mainLoopStep(PhaseHandler.java:1056)
	at forge.game.phase.PhaseHandler.mainGameLoop(PhaseHandler.java:1035)
	at forge.game.phase.PhaseHandler.startFirstTurn(PhaseHandler.java:1029)
	at forge.game.GameAction.startGame(GameAction.java:2373)
	at forge.game.Match.startGame(Match.java:92)
	at forge.game.Match.startGame(Match.java:77)
	at forge.view.SimulateMatch.lambda$simulateSingleMatch$0(SimulateMatch.java:213)
	at forge.view.TimeLimitedCodeBlock.lambda$runWithTimeout$0(TimeLimitedCodeBlock.java:18)
	at java.base/java.util.concurrent.FutureTask.run(FutureTask.java:317)
	at java.base/java.util.concurrent.ThreadPoolExecutor.runWorker(ThreadPoolExecutor.java:1144)
	at java.base/java.util.concurrent.ThreadPoolExecutor$Worker.run(ThreadPoolExecutor.java:642)
	at java.base/java.lang.Thread.run(Thread.java:1583)
AI eval thread at timeout:
	at forge.util.Visitor.visitAll(Visitor.java:16)
	at forge.game.Game.forEachCardInGame(Game.java:757)
	at forge.game.replacement.ReplacementHandler.getReplacementList(ReplacementHandler.java:102)
	at forge.ai.ComputerUtilCombat.isCombatDamagePrevented(ComputerUtilCombat.java:2348)
	at forge.ai.ComputerUtilCombat.damageIfUnblocked(ComputerUtilCombat.java:180)
	at forge.ai.ComputerUtilCombat.getLifeThreateningCommanders(ComputerUtilCombat.java:372)
	at forge.ai.ComputerUtilCombat.lifeInDanger(ComputerUtilCombat.java:413)
	at forge.ai.ComputerUtilCombat.lifeInDanger(ComputerUtilCombat.java:390)
	at forge.ai.AiBlockController.sortPotentialAttackers(AiBlockController.java:176)
	at forge.ai.AiBlockController.assignBlockersForCombat(AiBlockController.java:1013)
	at forge.ai.ComputerUtil.predictNextCombatsRemainingLife(ComputerUtil.java:3214)
	at forge.ai.ComputerUtil.predictNextCombatsRemainingLife(ComputerUtil.java:3179)
	at forge.ai.AiAttackController.notNeededAsBlockers(AiAttackController.java:426)
	at forge.ai.AiAttackController.declareAttackers(AiAttackController.java:1279)
	at forge.ai.ComputerUtilCard.doesSpecifiedCreatureAttackAI(ComputerUtilCard.java:820)
	at forge.ai.ComputerUtilCard.shouldPumpCard(ComputerUtilCard.java:1557)
	at forge.ai.ComputerUtilCard.shouldPumpCard(ComputerUtilCard.java:1446)
	at forge.ai.ability.PumpAllAi.lambda$checkApiLogic$2(PumpAllAi.java:132)
	at java.base/java.util.stream.MatchOps$1MatchSink.accept(MatchOps.java:90)
	at java.base/java.util.ArrayList$ArrayListSpliterator.tryAdvance(ArrayList.java:1685)
	at java.base/java.util.stream.ReferencePipeline.forEachWithCancel(ReferencePipeline.java:129)
	at java.base/java.util.stream.AbstractPipeline.copyIntoWithCancel(AbstractPipeline.java:527)
	at java.base/java.util.stream.AbstractPipeline.copyInto(AbstractPipeline.java:513)
	at java.base/java.util.stream.AbstractPipeline.wrapAndCopyInto(AbstractPipeline.java:499)
	at java.base/java.util.stream.MatchOps$MatchOp.evaluateSequential(MatchOps.java:230)
	at java.base/java.util.stream.MatchOps$MatchOp.evaluateSequential(MatchOps.java:196)
	at java.base/java.util.stream.AbstractPipeline.evaluate(AbstractPipeline.java:234)
	at java.base/java.util.stream.ReferencePipeline.anyMatch(ReferencePipeline.java:632)
	at forge.util.collect.FCollection.anyMatch(FCollection.java:622)
	at forge.ai.ability.PumpAllAi.checkApiLogic(PumpAllAi.java:131)
java.util.concurrent.TimeoutException
	at java.base/java.util.concurrent.FutureTask.get(FutureTask.java:204)
	at forge.ai.AiController.chooseSpellAbilityToPlayFromList(AiController.java:1696)
	at forge.ai.AiController.getSpellAbilityToPlay(AiController.java:1583)
	at forge.ai.AiController.chooseSpellAbilityToPlay(AiController.java:1403)
	at forge.ai.PlayerControllerAi.chooseSpellAbilityToPlay(PlayerControllerAi.java:832)
	at forge.game.phase.PhaseHandler.mainLoopStep(PhaseHandler.java:1056)
	at forge.game.phase.PhaseHandler.mainGameLoop(PhaseHandler.java:1035)
	at forge.game.phase.PhaseHandler.startFirstTurn(PhaseHandler.java:1029)
	at forge.game.GameAction.startGame(GameAction.java:2373)
	at forge.game.Match.startGame(Match.java:92)
	at forge.game.Match.startGame(Match.java:77)
	at forge.view.SimulateMatch.lambda$simulateSingleMatch$0(SimulateMatch.java:213)
	at forge.view.TimeLimitedCodeBlock.lambda$runWithTimeout$0(TimeLimitedCodeBlock.java:18)
	at java.base/java.util.concurrent.FutureTask.run(FutureTask.java:317)
	at java.base/java.util.concurrent.ThreadPoolExecutor.runWorker(ThreadPoolExecutor.java:1144)
	at java.base/java.util.concurrent.ThreadPoolExecutor$Worker.run(ThreadPoolExecutor.java:642)
	at java.base/java.lang.Thread.run(Thread.java:1583)
AI eval thread at timeout:
	at com.google.common.collect.AbstractMapBasedMultimap$Itr.hasNext(AbstractMapBasedMultimap.java:1174)
	at forge.game.keyword.KeywordCollection.applyStaticAbility(KeywordCollection.java:207)
	at forge.game.card.Card.updateStaticAbilities(Card.java:7014)
	at forge.game.card.CardState.getStaticAbilities(CardState.java:712)
	at forge.game.card.Card.getStaticAbilities(Card.java:6993)
	at forge.game.cost.CostAdjustment.adjust(CostAdjustment.java:75)
	at forge.game.cost.CostPayment.canPayAdditionalCosts(CostPayment.java:103)
	at forge.game.cost.CostPayment.canPayAdditionalCosts(CostPayment.java:96)
	at forge.ai.ComputerUtilMana.getAvailableManaSources(ComputerUtilMana.java:1423)
	at forge.ai.ComputerUtilMana.groupSourcesByManaColor(ComputerUtilMana.java:1496)
	at forge.ai.ComputerUtilMana.getSourcesForShards(ComputerUtilMana.java:831)
	at forge.ai.ComputerUtilMana.payManaCost(ComputerUtilMana.java:638)
	at forge.ai.ComputerUtilMana.payManaCost(ComputerUtilMana.java:74)
	at forge.ai.ComputerUtilMana.canPayManaCost(ComputerUtilMana.java:63)
	at forge.ai.ComputerUtilCost.canPayCost(ComputerUtilCost.java:634)
	at forge.ai.ComputerUtilCost.canPayCost(ComputerUtilCost.java:530)
	at forge.ai.ComputerUtilCombat.canGainKeyword(ComputerUtilCombat.java:2290)
	at forge.ai.ComputerUtilCombat.dealsFirstStrikeDamage(ComputerUtilCombat.java:2251)
	at forge.ai.ComputerUtilCombat.canDestroyAttacker(ComputerUtilCombat.java:1745)
	at forge.ai.AiBlockController.getKillingBlockers(AiBlockController.java:120)
	at forge.ai.AiBlockController.makeTradeBlocks(AiBlockController.java:618)
	at forge.ai.AiBlockController.assignBlockers(AiBlockController.java:1089)
	at forge.ai.AiBlockController.assignBlockersForCombat(AiBlockController.java:1014)
	at forge.ai.ComputerUtil.predictNextCombatsRemainingLife(ComputerUtil.java:3214)
	at forge.ai.ComputerUtil.predictNextCombatsRemainingLife(ComputerUtil.java:3179)
	at forge.ai.AiAttackController.notNeededAsBlockers(AiAttackController.java:426)
	at forge.ai.AiAttackController.declareAttackers(AiAttackController.java:1279)
	at forge.ai.ComputerUtilCard.doesSpecifiedCreatureAttackAI(ComputerUtilCard.java:820)
	at forge.ai.ComputerUtilCard.shouldPumpCard(ComputerUtilCard.java:1557)
	at forge.ai.ComputerUtilCard.shouldPumpCard(ComputerUtilCard.java:1446)
Warning: default (ie. inherited from base class) implementation of confirmAction is used by Sythis, Harvest's Hand for forge.ai.ability.PermanentCreatureAi. Consider declaring an overloaded method
Mulligan: Ai(2)-mm-sythis-enchantress has mulliganed down to 7 cards.
Mulligan: Ai(1)-mm-muldrotha-value has kept a hand of 7 cards
Mulligan: Ai(2)-mm-sythis-enchantress has kept a hand of 7 cards
Mulligan: Ai(3)-mm-giada-angels has kept a hand of 7 cards
Mulligan: Ai(4)-mm-baylen-tokens has kept a hand of 7 cards
Turn: Turn 1 (Ai(1)-mm-muldrotha-value)
Phase: Ai(1)-mm-muldrotha-value's Untap step
Phase: Ai(1)-mm-muldrotha-value's Upkeep step
Phase: Ai(1)-mm-muldrotha-value's Draw step
Phase: Ai(1)-mm-muldrotha-value's Main phase, precombat
Land: Ai(1)-mm-muldrotha-value played Forest (41)
Phase: Ai(1)-mm-muldrotha-value's Beginning of Combat Step
Phase: Ai(1)-mm-muldrotha-value's Declare Attackers Step
Phase: Ai(1)-mm-muldrotha-value's Declare Blockers Step
Phase: Ai(1)-mm-muldrotha-value's First Strike Damage Step
Phase: Ai(1)-mm-muldrotha-value's Combat Damage Step
Phase: Ai(1)-mm-muldrotha-value's End of Combat Step
Phase: Ai(1)-mm-muldrotha-value's Main phase, postcombat
Mana: Forest (41) - {T}: Add {G}.
Add To Stack: Ai(1)-mm-muldrotha-value cast Birds of Paradise
Resolve Stack: Birds of Paradise - Creature 0 / 1
Phase: Ai(1)-mm-muldrotha-value's End step
Phase: Ai(1)-mm-muldrotha-value's Cleanup step
Turn: Turn 2 (Ai(2)-mm-sythis-enchantress)
Phase: Ai(2)-mm-sythis-enchantress' Untap step
Phase: Ai(2)-mm-sythis-enchantress' Upkeep step
Phase: Ai(2)-mm-sythis-enchantress' Draw step
Phase: Ai(2)-mm-sythis-enchantress' Main phase, precombat
Land: Ai(2)-mm-sythis-enchantress played Sungrass Prairie (107)
Phase: Ai(2)-mm-sythis-enchantress' Beginning of Combat Step
Phase: Ai(2)-mm-sythis-enchantress' Declare Attackers Step
Phase: Ai(2)-mm-sythis-enchantress' Declare Blockers Step
Phase: Ai(2)-mm-sythis-enchantress' First Strike Damage Step
Phase: Ai(2)-mm-sythis-enchantress' Combat Damage Step
Phase: Ai(2)-mm-sythis-enchantress' End of Combat Step
Phase: Ai(2)-mm-sythis-enchantress' Main phase, postcombat
Phase: Ai(2)-mm-sythis-enchantress' End step
Phase: Ai(2)-mm-sythis-enchantress' Cleanup step
Turn: Turn 3 (Ai(3)-mm-giada-angels)
Phase: Ai(3)-mm-giada-angels' Untap step
Phase: Ai(3)-mm-giada-angels' Upkeep step
Phase: Ai(3)-mm-giada-angels' Draw step
Phase: Ai(3)-mm-giada-angels' Main phase, precombat
Land: Ai(3)-mm-giada-angels played Plains (273)
Phase: Ai(3)-mm-giada-angels' Beginning of Combat Step
Phase: Ai(3)-mm-giada-angels' Declare Attackers Step
Phase: Ai(3)-mm-giada-angels' Declare Blockers Step
Phase: Ai(3)-mm-giada-angels' First Strike Damage Step
Phase: Ai(3)-mm-giada-angels' Combat Damage Step
Phase: Ai(3)-mm-giada-angels' End of Combat Step
Phase: Ai(3)-mm-giada-angels' Main phase, postcombat
Mana: Plains (273) - {T}: Add {W}.
Add To Stack: Ai(3)-mm-giada-angels cast Segovian Angel
Resolve Stack: Segovian Angel - Creature 1 / 1
Phase: Ai(3)-mm-giada-angels' End step
Phase: Ai(3)-mm-giada-angels' Cleanup step
Turn: Turn 4 (Ai(4)-mm-baylen-tokens)
Phase: Ai(4)-mm-baylen-tokens' Untap step
Phase: Ai(4)-mm-baylen-tokens' Upkeep step
Phase: Ai(4)-mm-baylen-tokens' Draw step
Phase: Ai(4)-mm-baylen-tokens' Main phase, precombat
Replacement Effect: Spectator Seating enters tapped unless you have two or more opponents.
Land: Ai(4)-mm-baylen-tokens played Spectator Seating (381)
Phase: Ai(4)-mm-baylen-tokens' Beginning of Combat Step
Phase: Ai(4)-mm-baylen-tokens' Declare Attackers Step
Phase: Ai(4)-mm-baylen-tokens' Declare Blockers Step
Phase: Ai(4)-mm-baylen-tokens' First Strike Damage Step
Phase: Ai(4)-mm-baylen-tokens' Combat Damage Step
Phase: Ai(4)-mm-baylen-tokens' End of Combat Step
Phase: Ai(4)-mm-baylen-tokens' Main phase, postcombat
Phase: Ai(4)-mm-baylen-tokens' End step
Phase: Ai(4)-mm-baylen-tokens' Cleanup step
Turn: Turn 5 (Ai(1)-mm-muldrotha-value)
Phase: Ai(1)-mm-muldrotha-value's Untap step
Phase: Ai(1)-mm-muldrotha-value's Upkeep step
Phase: Ai(1)-mm-muldrotha-value's Draw step
Phase: Ai(1)-mm-muldrotha-value's Main phase, precombat
Land: Ai(1)-mm-muldrotha-value played Island (33)
Mana: Island (33) - {T}: Add {U}.
Mana: Forest (41) - {T}: Add {G}.
Add To Stack: Ai(1)-mm-muldrotha-value cast Lightning Greaves
Resolve Stack: Lightning Greaves
Add To Stack: Ai(1)-mm-muldrotha-value activated Lightning Greaves targeting [Birds of Paradise (79)]
Resolve Stack: Lightning Greaves (94) -  Attach to Birds of Paradise (79)
Phase: Ai(1)-mm-muldrotha-value's Beginning of Combat Step
Phase: Ai(1)-mm-muldrotha-value's Declare Attackers Step
Phase: Ai(1)-mm-muldrotha-value's Declare Blockers Step
Phase: Ai(1)-mm-muldrotha-value's First Strike Damage Step
Phase: Ai(1)-mm-muldrotha-value's Combat Damage Step
Phase: Ai(1)-mm-muldrotha-value's End of Combat Step
Phase: Ai(1)-mm-muldrotha-value's Main phase, postcombat
Phase: Ai(1)-mm-muldrotha-value's End step
Phase: Ai(1)-mm-muldrotha-value's Cleanup step
Turn: Turn 6 (Ai(2)-mm-sythis-enchantress)
Phase: Ai(2)-mm-sythis-enchantress' Untap step
Phase: Ai(2)-mm-sythis-enchantress' Upkeep step
Phase: Ai(2)-mm-sythis-enchantress' Draw step
Phase: Ai(2)-mm-sythis-enchantress' Main phase, precombat
Land: Ai(2)-mm-sythis-enchantress played Plains (186)
Phase: Ai(2)-mm-sythis-enchantress' Beginning of Combat Step
Phase: Ai(2)-mm-sythis-enchantress' Declare Attackers Step
Phase: Ai(2)-mm-sythis-enchantress' Declare Blockers Step
Phase: Ai(2)-mm-sythis-enchantress' First Strike Damage Step
Phase: Ai(2)-mm-sythis-enchantress' Combat Damage Step
Phase: Ai(2)-mm-sythis-enchantress' End of Combat Step
Phase: Ai(2)-mm-sythis-enchantress' Main phase, postcombat
Phase: Ai(2)-mm-sythis-enchantress' End step
Phase: Ai(2)-mm-sythis-enchantress' Cleanup step
Turn: Turn 7 (Ai(3)-mm-giada-angels)
Phase: Ai(3)-mm-giada-angels' Untap step
Phase: Ai(3)-mm-giada-angels' Upkeep step
Phase: Ai(3)-mm-giada-angels' Draw step
Phase: Ai(3)-mm-giada-angels' Main phase, precombat
Phase: Ai(3)-mm-giada-angels' Beginning of Combat Step
Phase: Ai(3)-mm-giada-angels' Declare Attackers Step
Combat: Ai(3)-mm-giada-angels assigned Segovian Angel (219) to attack Ai(1)-mm-muldrotha-value.
Phase: Ai(3)-mm-giada-angels' Declare Blockers Step
Combat: Ai(1)-mm-muldrotha-value didn't block Segovian Angel (219).
Phase: Ai(3)-mm-giada-angels' First Strike Damage Step
Phase: Ai(3)-mm-giada-angels' Combat Damage Step
Damage: Segovian Angel (219) deals 1 combat damage to Ai(1)-mm-muldrotha-value.
Life: Life: Ai(1)-mm-muldrotha-value 40 > 39
Phase: Ai(3)-mm-giada-angels' End of Combat Step
Phase: Ai(3)-mm-giada-angels' Main phase, postcombat
Replacement Effect: Myriad Landscape enters tapped.
Land: Ai(3)-mm-giada-angels played Myriad Landscape (264)
Phase: Ai(3)-mm-giada-angels' End step
Phase: Ai(3)-mm-giada-angels' Cleanup step
Turn: Turn 8 (Ai(4)-mm-baylen-tokens)
Phase: Ai(4)-mm-baylen-tokens' Untap step
Phase: Ai(4)-mm-baylen-tokens' Upkeep step
Phase: Ai(4)-mm-baylen-tokens' Draw step
Phase: Ai(4)-mm-baylen-tokens' Main phase, precombat
Land: Ai(4)-mm-baylen-tokens played Plains (390)
Phase: Ai(4)-mm-baylen-tokens' Beginning of Combat Step
Phase: Ai(4)-mm-baylen-tokens' Declare Attackers Step
Phase: Ai(4)-mm-baylen-tokens' Declare Blockers Step
Phase: Ai(4)-mm-baylen-tokens' First Strike Damage Step
Phase: Ai(4)-mm-baylen-tokens' Combat Damage Step
Phase: Ai(4)-mm-baylen-tokens' End of Combat Step
Phase: Ai(4)-mm-baylen-tokens' Main phase, postcombat
Mana: Plains (390) - {T}: Add {W}.
Mana: Spectator Seating (381) - {T}: Add {R} or {W}.
Add To Stack: Ai(4)-mm-baylen-tokens cast Hare Apparent
Resolve Stack: Hare Apparent - Creature 2 / 2
Add To Stack: Ai(4)-mm-baylen-tokens triggered Hare Apparent
Resolve Stack: When this creature enters, create a number of 1/1 white Rabbit creature tokens equal to the number of other creatures you control named Hare Apparent. [Zone Changer: Hare Apparent (349)]
Phase: Ai(4)-mm-baylen-tokens' End step
Phase: Ai(4)-mm-baylen-tokens' Cleanup step
Turn: Turn 9 (Ai(1)-mm-muldrotha-value)
Phase: Ai(1)-mm-muldrotha-value's Untap step
Phase: Ai(1)-mm-muldrotha-value's Upkeep step
Phase: Ai(1)-mm-muldrotha-value's Draw step
Phase: Ai(1)-mm-muldrotha-value's Main phase, precombat
Land: Ai(1)-mm-muldrotha-value played Swamp (62)
Phase: Ai(1)-mm-muldrotha-value's Beginning of Combat Step
Phase: Ai(1)-mm-muldrotha-value's Declare Attackers Step
Phase: Ai(1)-mm-muldrotha-value's Declare Blockers Step
Phase: Ai(1)-mm-muldrotha-value's First Strike Damage Step
Phase: Ai(1)-mm-muldrotha-value's Combat Damage Step
Phase: Ai(1)-mm-muldrotha-value's End of Combat Step
Phase: Ai(1)-mm-muldrotha-value's Main phase, postcombat
Mana: Forest (41) - {T}: Add {G}.
Mana: Birds of Paradise (79) - {T}: Add one mana of any color.
Mana: Island (33) - {T}: Add {U}.
Mana: Swamp (62) - {T}: Add {B}.
Add To Stack: Ai(1)-mm-muldrotha-value cast Hedge Shredder
Resolve Stack: Hedge Shredder
Phase: Ai(1)-mm-muldrotha-value's End step
Phase: Ai(1)-mm-muldrotha-value's Cleanup step
Turn: Turn 10 (Ai(2)-mm-sythis-enchantress)
Phase: Ai(2)-mm-sythis-enchantress' Untap step
Phase: Ai(2)-mm-sythis-enchantress' Upkeep step
Phase: Ai(2)-mm-sythis-enchantress' Draw step
Phase: Ai(2)-mm-sythis-enchantress' Main phase, precombat
Land: Ai(2)-mm-sythis-enchantress played Forest (141)
Mana: Plains (186) - {T}: Add {W}.
Mana: Forest (141) - {T}: Add {G}.
Add To Stack: Ai(2)-mm-sythis-enchantress cast Blind Obedience
Resolve Stack: Blind Obedience
Phase: Ai(2)-mm-sythis-enchantress' Beginning of Combat Step
Phase: Ai(2)-mm-sythis-enchantress' Declare Attackers Step
Phase: Ai(2)-mm-sythis-enchantress' Declare Blockers Step
Phase: Ai(2)-mm-sythis-enchantress' First Strike Damage Step
Phase: Ai(2)-mm-sythis-enchantress' Combat Damage Step
Phase: Ai(2)-mm-sythis-enchantress' End of Combat Step
Phase: Ai(2)-mm-sythis-enchantress' Main phase, postcombat
Phase: Ai(2)-mm-sythis-enchantress' End step
Phase: Ai(2)-mm-sythis-enchantress' Cleanup step
Turn: Turn 11 (Ai(3)-mm-giada-angels)
Phase: Ai(3)-mm-giada-angels' Untap step
Phase: Ai(3)-mm-giada-angels' Upkeep step
Phase: Ai(3)-mm-giada-angels' Draw step
Phase: Ai(3)-mm-giada-angels' Main phase, precombat
Land: Ai(3)-mm-giada-angels played Plains (279)
Mana: Plains (273) - {T}: Add {W}.
Mana: Plains (279) - {T}: Add {W}.
Zone Change: Myriad Landscape (264) was put into Graveyard from Battlefield.
Add To Stack: Ai(3)-mm-giada-angels activated Myriad Landscape
Resolve Stack: Myriad Landscape (264) - Ai(3)-mm-giada-angels searches their library for  up to two basic land cards, puts them onto the battlefield tapped, then shuffles.
Phase: Ai(3)-mm-giada-angels' Beginning of Combat Step
Phase: Ai(3)-mm-giada-angels' Declare Attackers Step
Combat: Ai(3)-mm-giada-angels assigned Segovian Angel (219) to attack Ai(1)-mm-muldrotha-value.
Phase: Ai(3)-mm-giada-angels' Declare Blockers Step
Combat: Ai(1)-mm-muldrotha-value didn't block Segovian Angel (219).
Phase: Ai(3)-mm-giada-angels' First Strike Damage Step
Phase: Ai(3)-mm-giada-angels' Combat Damage Step
Damage: Segovian Angel (219) deals 1 combat damage to Ai(1)-mm-muldrotha-value.
Life: Life: Ai(1)-mm-muldrotha-value 39 > 38
Phase: Ai(3)-mm-giada-angels' End of Combat Step
Phase: Ai(3)-mm-giada-angels' Main phase, postcombat
Phase: Ai(3)-mm-giada-angels' End step
Phase: Ai(3)-mm-giada-angels' Cleanup step
Turn: Turn 12 (Ai(4)-mm-baylen-tokens)
Phase: Ai(4)-mm-baylen-tokens' Untap step
Phase: Ai(4)-mm-baylen-tokens' Upkeep step
Phase: Ai(4)-mm-baylen-tokens' Draw step
Mana: Plains (390) - {T}: Add {W}.
Add To Stack: Ai(4)-mm-baylen-tokens cast Path to Exile targeting [Segovian Angel (219)]
Zone Change: Segovian Angel (219) was put into Exile from Battlefield.
Resolve Stack: Path to Exile (308) - Exile Segovian Angel (219). Ai(3)-mm-giada-angels may search their library for a basic land card, put that card onto the battlefield tapped, then shuffle their library. 
Phase: Ai(4)-mm-baylen-tokens' Main phase, precombat
Replacement Effect: Clifftop Retreat enters tapped unless you control a Mountain or a Plains.
Land: Ai(4)-mm-baylen-tokens played Clifftop Retreat (331)
Mana: Spectator Seating (381) - {T}: Add {R} or {W}.
Mana: Clifftop Retreat (331) - {T}: Add {R} or {W}.
Add To Stack: Ai(4)-mm-baylen-tokens cast Hare Apparent
Replacement Effect: Artifacts and creatures your opponents control enter tapped.
Resolve Stack: Hare Apparent - Creature 2 / 2
Add To Stack: Ai(4)-mm-baylen-tokens triggered Hare Apparent
Replacement Effect: Artifacts and creatures your opponents control enter tapped.
Resolve Stack: When this creature enters, create a number of 1/1 white Rabbit creature tokens equal to the number of other creatures you control named Hare Apparent. [Zone Changer: Hare Apparent (363)]
Phase: Ai(4)-mm-baylen-tokens' Beginning of Combat Step
Phase: Ai(4)-mm-baylen-tokens' Declare Attackers Step
Combat: Ai(4)-mm-baylen-tokens assigned Hare Apparent (349) to attack Ai(1)-mm-muldrotha-value.
Phase: Ai(4)-mm-baylen-tokens' Declare Blockers Step
Combat: Ai(1)-mm-muldrotha-value didn't block Hare Apparent (349).
Phase: Ai(4)-mm-baylen-tokens' First Strike Damage Step
Phase: Ai(4)-mm-baylen-tokens' Combat Damage Step
Damage: Hare Apparent (349) deals 2 combat damage to Ai(1)-mm-muldrotha-value.
Life: Life: Ai(1)-mm-muldrotha-value 38 > 36
Phase: Ai(4)-mm-baylen-tokens' End of Combat Step
Phase: Ai(4)-mm-baylen-tokens' Main phase, postcombat
Phase: Ai(4)-mm-baylen-tokens' End step
Phase: Ai(4)-mm-baylen-tokens' Cleanup step
Turn: Turn 13 (Ai(1)-mm-muldrotha-value)
Phase: Ai(1)-mm-muldrotha-value's Untap step
Phase: Ai(1)-mm-muldrotha-value's Upkeep step
Phase: Ai(1)-mm-muldrotha-value's Draw step
Phase: Ai(1)-mm-muldrotha-value's Main phase, precombat
Land: Ai(1)-mm-muldrotha-value played Swamp (64)
Phase: Ai(1)-mm-muldrotha-value's Beginning of Combat Step
Phase: Ai(1)-mm-muldrotha-value's Declare Attackers Step
Phase: Ai(1)-mm-muldrotha-value's Declare Blockers Step
Phase: Ai(1)-mm-muldrotha-value's First Strike Damage Step
Phase: Ai(1)-mm-muldrotha-value's Combat Damage Step
Phase: Ai(1)-mm-muldrotha-value's End of Combat Step
Phase: Ai(1)-mm-muldrotha-value's Main phase, postcombat
Mana: Forest (41) - {T}: Add {G}.
Mana: Birds of Paradise (79) - {T}: Add one mana of any color.
Mana: Island (33) - {T}: Add {U}.
Add To Stack: Ai(1)-mm-muldrotha-value cast Eternal Witness
Replacement Effect: Artifacts and creatures your opponents control enter tapped.
Resolve Stack: Eternal Witness - Creature 2 / 1
Phase: Ai(1)-mm-muldrotha-value's End step
Phase: Ai(1)-mm-muldrotha-value's Cleanup step
Turn: Turn 14 (Ai(2)-mm-sythis-enchantress)
Phase: Ai(2)-mm-sythis-enchantress' Untap step
Phase: Ai(2)-mm-sythis-enchantress' Upkeep step
Phase: Ai(2)-mm-sythis-enchantress' Draw step
Phase: Ai(2)-mm-sythis-enchantress' Main phase, precombat
Land: Ai(2)-mm-sythis-enchantress played Plains (192)
Phase: Ai(2)-mm-sythis-enchantress' Beginning of Combat Step
Phase: Ai(2)-mm-sythis-enchantress' Declare Attackers Step
Phase: Ai(2)-mm-sythis-enchantress' Declare Blockers Step
Phase: Ai(2)-mm-sythis-enchantress' First Strike Damage Step
Phase: Ai(2)-mm-sythis-enchantress' Combat Damage Step
Phase: Ai(2)-mm-sythis-enchantress' End of Combat Step
Phase: Ai(2)-mm-sythis-enchantress' Main phase, postcombat
Mana: Plains (186) - {T}: Add {W}.
Mana: Plains (192) - {T}: Add {W}.
Mana: Forest (141) - {T}: Add {G}.
Add To Stack: Ai(2)-mm-sythis-enchantress cast Aura of Silence
Add To Stack: Ai(2)-mm-sythis-enchantress triggered Blind Obedience
Resolve Stack: Extort (Whenever you cast a spell, you may pay {W/B}. If you do, each opponent loses 1 life and you gain that much life.) [Card: Aura of Silence (125), Activator: Ai(2)-mm-sythis-enchantress, SpellAbility: Aura of Silence]
Resolve Stack: Aura of Silence
Zone Change: Aura of Silence (125) was put into Graveyard from Battlefield.
Add To Stack: Ai(2)-mm-sythis-enchantress activated Aura of Silence targeting [Hedge Shredder (46)]
Zone Change: Hedge Shredder (46) was put into Graveyard from Battlefield.
Resolve Stack: Aura of Silence (125) - Destroy Hedge Shredder (46).
Phase: Ai(2)-mm-sythis-enchantress' End step
Phase: Ai(2)-mm-sythis-enchantress' Cleanup step
Turn: Turn 15 (Ai(3)-mm-giada-angels)
Phase: Ai(3)-mm-giada-angels' Untap step
Phase: Ai(3)-mm-giada-angels' Upkeep step
Phase: Ai(3)-mm-giada-angels' Draw step
Phase: Ai(3)-mm-giada-angels' Main phase, precombat
Land: Ai(3)-mm-giada-angels played Plains (292)
Mana: Plains (273) - {T}: Add {W}.
Mana: Plains (279) - {T}: Add {W}.
Mana: Plains (295) - {T}: Add {W}.
Mana: Plains (270) - {T}: Add {W}.
Mana: Plains (286) - {T}: Add {W}.
Add To Stack: Ai(3)-mm-giada-angels cast Cleansing Nova
Zone Change: Hare Apparent (349) was put into Graveyard from Battlefield.
Zone Change: Hare Apparent (363) was put into Graveyard from Battlefield.
Zone Change: Rabbit Token (412) was put into Graveyard from Battlefield.
Zone Change: Birds of Paradise (79) was put into Graveyard from Battlefield.
Zone Change: Eternal Witness (6) was put into Graveyard from Battlefield.
Resolve Stack: Cleansing Nova (251) -  Destroy all creatures.
Phase: Ai(3)-mm-giada-angels' Beginning of Combat Step
Phase: Ai(3)-mm-giada-angels' Declare Attackers Step
Phase: Ai(3)-mm-giada-angels' Declare Blockers Step
Phase: Ai(3)-mm-giada-angels' First Strike Damage Step
Phase: Ai(3)-mm-giada-angels' Combat Damage Step
Phase: Ai(3)-mm-giada-angels' End of Combat Step
Phase: Ai(3)-mm-giada-angels' Main phase, postcombat
Phase: Ai(3)-mm-giada-angels' End step
Phase: Ai(3)-mm-giada-angels' Cleanup step
Turn: Turn 16 (Ai(4)-mm-baylen-tokens)
Phase: Ai(4)-mm-baylen-tokens' Untap step
Phase: Ai(4)-mm-baylen-tokens' Upkeep step
Phase: Ai(4)-mm-baylen-tokens' Draw step
Phase: Ai(4)-mm-baylen-tokens' Main phase, precombat
Replacement Effect: As Temple Garden enters, you may pay 2 life. If you don't, it enters tapped.
Land: Ai(4)-mm-baylen-tokens played Temple Garden (378)
Phase: Ai(4)-mm-baylen-tokens' Beginning of Combat Step
Phase: Ai(4)-mm-baylen-tokens' Declare Attackers Step
Phase: Ai(4)-mm-baylen-tokens' Declare Blockers Step
Phase: Ai(4)-mm-baylen-tokens' First Strike Damage Step
Phase: Ai(4)-mm-baylen-tokens' Combat Damage Step
Phase: Ai(4)-mm-baylen-tokens' End of Combat Step
Phase: Ai(4)-mm-baylen-tokens' Main phase, postcombat
Mana: Plains (390) - {T}: Add {W}.
Mana: Spectator Seating (381) - {T}: Add {R} or {W}.
Add To Stack: Ai(4)-mm-baylen-tokens cast Idol of Oblivion
Replacement Effect: Artifacts and creatures your opponents control enter tapped.
Resolve Stack: Idol of Oblivion
Phase: Ai(4)-mm-baylen-tokens' End step
Phase: Ai(4)-mm-baylen-tokens' Cleanup step
Turn: Turn 17 (Ai(1)-mm-muldrotha-value)
Phase: Ai(1)-mm-muldrotha-value's Untap step
Phase: Ai(1)-mm-muldrotha-value's Upkeep step
Phase: Ai(1)-mm-muldrotha-value's Draw step
Phase: Ai(1)-mm-muldrotha-value's Main phase, precombat
Land: Ai(1)-mm-muldrotha-value played Forest (39)
Phase: Ai(1)-mm-muldrotha-value's Beginning of Combat Step
Phase: Ai(1)-mm-muldrotha-value's Declare Attackers Step
Phase: Ai(1)-mm-muldrotha-value's Declare Blockers Step
Phase: Ai(1)-mm-muldrotha-value's First Strike Damage Step
Phase: Ai(1)-mm-muldrotha-value's Combat Damage Step
Phase: Ai(1)-mm-muldrotha-value's End of Combat Step
Phase: Ai(1)-mm-muldrotha-value's Main phase, postcombat
Mana: Swamp (62) - {T}: Add {B}.
Mana: Forest (41) - {T}: Add {G}.
Mana: Forest (39) - {T}: Add {G}.
Add To Stack: Ai(1)-mm-muldrotha-value cast Pernicious Deed
Resolve Stack: Pernicious Deed
Phase: Ai(1)-mm-muldrotha-value's End step
Phase: Ai(1)-mm-muldrotha-value's Cleanup step
Turn: Turn 18 (Ai(2)-mm-sythis-enchantress)
Phase: Ai(2)-mm-sythis-enchantress' Untap step
Phase: Ai(2)-mm-sythis-enchantress' Upkeep step
Phase: Ai(2)-mm-sythis-enchantress' Draw step
Phase: Ai(2)-mm-sythis-enchantress' Main phase, precombat
Land: Ai(2)-mm-sythis-enchantress played Windswept Heath (199)
Life: Life: Ai(2)-mm-sythis-enchantress 40 > 39
Zone Change: Windswept Heath (199) was put into Graveyard from Battlefield.
Add To Stack: Ai(2)-mm-sythis-enchantress activated Windswept Heath
Replacement Effect: As Temple Garden enters, you may pay 2 life. If you don't, it enters tapped.
Resolve Stack: Windswept Heath (199) - Ai(2)-mm-sythis-enchantress searches their library for a Forest or Plains card, puts it onto the battlefield, then shuffles.
Phase: Ai(2)-mm-sythis-enchantress' Beginning of Combat Step
Phase: Ai(2)-mm-sythis-enchantress' Declare Attackers Step
Phase: Ai(2)-mm-sythis-enchantress' Declare Blockers Step
Phase: Ai(2)-mm-sythis-enchantress' First Strike Damage Step
Phase: Ai(2)-mm-sythis-enchantress' Combat Damage Step
Phase: Ai(2)-mm-sythis-enchantress' End of Combat Step
Phase: Ai(2)-mm-sythis-enchantress' Main phase, postcombat
Mana: Plains (186) - {T}: Add {W}.
Mana: Plains (192) - {T}: Add {W}.
Mana: Forest (141) - {T}: Add {G}.
Add To Stack: Ai(2)-mm-sythis-enchantress cast Ghostly Prison
Add To Stack: Ai(2)-mm-sythis-enchantress triggered Blind Obedience
Resolve Stack: Extort (Whenever you cast a spell, you may pay {W/B}. If you do, each opponent loses 1 life and you gain that much life.) [Card: Ghostly Prison (122), Activator: Ai(2)-mm-sythis-enchantress, SpellAbility: Ghostly Prison]
Resolve Stack: Ghostly Prison
Phase: Ai(2)-mm-sythis-enchantress' End step
Phase: Ai(2)-mm-sythis-enchantress' Cleanup step
Turn: Turn 19 (Ai(3)-mm-giada-angels)
Phase: Ai(3)-mm-giada-angels' Untap step
Phase: Ai(3)-mm-giada-angels' Upkeep step
Phase: Ai(3)-mm-giada-angels' Draw step
Phase: Ai(3)-mm-giada-angels' Main phase, precombat
Land: Ai(3)-mm-giada-angels played Plains (272)
Phase: Ai(3)-mm-giada-angels' Beginning of Combat Step
Phase: Ai(3)-mm-giada-angels' Declare Attackers Step
Phase: Ai(3)-mm-giada-angels' Declare Blockers Step
Phase: Ai(3)-mm-giada-angels' First Strike Damage Step
Phase: Ai(3)-mm-giada-angels' Combat Damage Step
Phase: Ai(3)-mm-giada-angels' End of Combat Step
Phase: Ai(3)-mm-giada-angels' Main phase, postcombat
Mana: Plains (273) - {T}: Add {W}.
Mana: Plains (279) - {T}: Add {W}.
Add To Stack: Ai(3)-mm-giada-angels cast Giada, Font of Hope
Replacement Effect: Artifacts and creatures your opponents control enter tapped.
Resolve Stack: Giada, Font of Hope - Creature 2 / 2
Mana: Plains (295) - {T}: Add {W}.
Mana: Plains (270) - {T}: Add {W}.
Mana: Plains (286) - {T}: Add {W}.
Add To Stack: Ai(3)-mm-giada-angels cast Righteous Valkyrie
Replacement Effect: Artifacts and creatures your opponents control enter tapped.
Replacement Effect: Each other Angel you control enters with an additional +1/+1 counter on it for each Angel you already control.
Resolve Stack: Righteous Valkyrie - Creature 2 / 4
Phase: Ai(3)-mm-giada-angels' End step
Phase: Ai(3)-mm-giada-angels' Cleanup step
Turn: Turn 20 (Ai(4)-mm-baylen-tokens)
Phase: Ai(4)-mm-baylen-tokens' Untap step
Phase: Ai(4)-mm-baylen-tokens' Upkeep step
Phase: Ai(4)-mm-baylen-tokens' Draw step
Phase: Ai(4)-mm-baylen-tokens' Main phase, precombat
Phase: Ai(4)-mm-baylen-tokens' Beginning of Combat Step
Phase: Ai(4)-mm-baylen-tokens' Declare Attackers Step
Phase: Ai(4)-mm-baylen-tokens' Declare Blockers Step
Phase: Ai(4)-mm-baylen-tokens' First Strike Damage Step
Phase: Ai(4)-mm-baylen-tokens' Combat Damage Step
Phase: Ai(4)-mm-baylen-tokens' End of Combat Step
Phase: Ai(4)-mm-baylen-tokens' Main phase, postcombat
Mana: Plains (390) - {T}: Add {W}.
Mana: Spectator Seating (381) - {T}: Add {R} or {W}.
Mana: Clifftop Retreat (331) - {T}: Add {R} or {W}.
Mana: Temple Garden (378) - {T}: Add {G}.
Add To Stack: Ai(4)-mm-baylen-tokens cast Anointed Procession
Resolve Stack: Anointed Procession
Phase: Ai(4)-mm-baylen-tokens' End step
Phase: Ai(4)-mm-baylen-tokens' Cleanup step
Turn: Turn 21 (Ai(1)-mm-muldrotha-value)
Phase: Ai(1)-mm-muldrotha-value's Untap step
Phase: Ai(1)-mm-muldrotha-value's Upkeep step
Phase: Ai(1)-mm-muldrotha-value's Draw step
Phase: Ai(1)-mm-muldrotha-value's Main phase, precombat
Mana: Swamp (62) - {T}: Add {B}.
Add To Stack: Ai(1)-mm-muldrotha-value cast Stitcher's Supplier
Replacement Effect: Artifacts and creatures your opponents control enter tapped.
Resolve Stack: Stitcher's Supplier - Creature 1 / 1
Add To Stack: Ai(1)-mm-muldrotha-value triggered Stitcher's Supplier
Zone Change: Ai(1)-mm-muldrotha-value milled Hinterland Harbor (27), Swiftfoot Boots (57) and Skull Prophet (81).
Resolve Stack: When Stitcher's Supplier enters or dies, mill three cards. [Zone Changer: Stitcher's Supplier (85)]
Add To Stack: Ai(1)-mm-muldrotha-value activated Lightning Greaves targeting [Stitcher's Supplier (85)]
Resolve Stack: Lightning Greaves (94) -  Attach to Stitcher's Supplier (85)
Phase: Ai(1)-mm-muldrotha-value's Beginning of Combat Step
Phase: Ai(1)-mm-muldrotha-value's Declare Attackers Step
Phase: Ai(1)-mm-muldrotha-value's Declare Blockers Step
Phase: Ai(1)-mm-muldrotha-value's First Strike Damage Step
Phase: Ai(1)-mm-muldrotha-value's Combat Damage Step
Phase: Ai(1)-mm-muldrotha-value's End of Combat Step
Phase: Ai(1)-mm-muldrotha-value's Main phase, postcombat
Mana: Swamp (64) - {T}: Add {B}.
Mana: Forest (41) - {T}: Add {G}.
Mana: Island (33) - {T}: Add {U}.
Add To Stack: Ai(1)-mm-muldrotha-value cast Buried Alive
Resolve Stack: Buried Alive (21) - Ai(1)-mm-muldrotha-value searches their library for  up to three creature cards, puts them into their owner's graveyard, then shuffles.
Phase: Ai(1)-mm-muldrotha-value's End step
Phase: Ai(1)-mm-muldrotha-value's Cleanup step
Turn: Turn 22 (Ai(2)-mm-sythis-enchantress)
Phase: Ai(2)-mm-sythis-enchantress' Untap step
Phase: Ai(2)-mm-sythis-enchantress' Upkeep step
Phase: Ai(2)-mm-sythis-enchantress' Draw step
Phase: Ai(2)-mm-sythis-enchantress' Main phase, precombat
Land: Ai(2)-mm-sythis-enchantress played Forest (144)
Phase: Ai(2)-mm-sythis-enchantress' Beginning of Combat Step
Phase: Ai(2)-mm-sythis-enchantress' Declare Attackers Step
Phase: Ai(2)-mm-sythis-enchantress' Declare Blockers Step
Phase: Ai(2)-mm-sythis-enchantress' First Strike Damage Step
Phase: Ai(2)-mm-sythis-enchantress' Combat Damage Step
Phase: Ai(2)-mm-sythis-enchantress' End of Combat Step
Phase: Ai(2)-mm-sythis-enchantress' Main phase, postcombat
Mana: Forest (141) - {T}: Add {G}.
Mana: Forest (144) - {T}: Add {G}.
Mana: Plains (186) - {T}: Add {W}.
Mana: Plains (192) - {T}: Add {W}.
Add To Stack: Ai(2)-mm-sythis-enchantress cast Eidolon of Blossoms
Add To Stack: Ai(2)-mm-sythis-enchantress triggered Blind Obedience
Mana: Temple Garden (174) - {T}: Add {W}.
Life: Life: Ai(3)-mm-giada-angels 40 > 39
Life: Life: Ai(4)-mm-baylen-tokens 40 > 39
Life: Life: Ai(1)-mm-muldrotha-value 36 > 35
Life: Life: Ai(2)-mm-sythis-enchantress 39 > 42
Resolve Stack: Extort (Whenever you cast a spell, you may pay {W/B}. If you do, each opponent loses 1 life and you gain that much life.) [Card: Eidolon of Blossoms (108), Activator: Ai(2)-mm-sythis-enchantress, SpellAbility: Eidolon of Blossoms - Creature 2 / 2]
Resolve Stack: Eidolon of Blossoms - Creature 2 / 2
Add To Stack: Ai(2)-mm-sythis-enchantress triggered Eidolon of Blossoms
Resolve Stack: Constellation — Whenever Eidolon of Blossoms or another enchantment you control enters, draw a card. [Zone Changer: Eidolon of Blossoms (108)]
Phase: Ai(2)-mm-sythis-enchantress' End step
Phase: Ai(2)-mm-sythis-enchantress' Cleanup step
Turn: Turn 23 (Ai(3)-mm-giada-angels)
Phase: Ai(3)-mm-giada-angels' Untap step
Phase: Ai(3)-mm-giada-angels' Upkeep step
Phase: Ai(3)-mm-giada-angels' Draw step
Phase: Ai(3)-mm-giada-angels' Main phase, precombat
Land: Ai(3)-mm-giada-angels played Plains (285)
Phase: Ai(3)-mm-giada-angels' Beginning of Combat Step
Phase: Ai(3)-mm-giada-angels' Declare Attackers Step
Mana: Plains (273) - {T}: Add {W}.
Mana: Plains (279) - {T}: Add {W}.
Mana: Plains (295) - {T}: Add {W}.
Mana: Plains (270) - {T}: Add {W}.
Combat: Ai(3)-mm-giada-angels assigned Righteous Valkyrie (204) and Giada, Font of Hope (302) to attack Ai(2)-mm-sythis-enchantress.
Phase: Ai(3)-mm-giada-angels' Declare Blockers Step
Combat: Ai(2)-mm-sythis-enchantress didn't block Righteous Valkyrie (204).
Ai(2)-mm-sythis-enchantress didn't block Giada, Font of Hope (302).
Phase: Ai(3)-mm-giada-angels' First Strike Damage Step
Phase: Ai(3)-mm-giada-angels' Combat Damage Step
Damage: Righteous Valkyrie (204) deals 3 combat damage to Ai(2)-mm-sythis-enchantress.
Damage: Giada, Font of Hope (302) deals 2 combat damage to Ai(2)-mm-sythis-enchantress.
Life: Life: Ai(2)-mm-sythis-enchantress 42 > 37
Phase: Ai(3)-mm-giada-angels' End of Combat Step
Phase: Ai(3)-mm-giada-angels' Main phase, postcombat
Mana: Plains (286) - {T}: Add {W}.
Mana: Plains (292) - {T}: Add {W}.
Mana: Plains (272) - {T}: Add {W}.
Add To Stack: Ai(3)-mm-giada-angels cast The Book of Exalted Deeds
Replacement Effect: Artifacts and creatures your opponents control enter tapped.
Resolve Stack: The Book of Exalted Deeds
Phase: Ai(3)-mm-giada-angels' End step
Phase: Ai(3)-mm-giada-angels' Cleanup step
Turn: Turn 24 (Ai(4)-mm-baylen-tokens)
Phase: Ai(4)-mm-baylen-tokens' Untap step
Phase: Ai(4)-mm-baylen-tokens' Upkeep step
Phase: Ai(4)-mm-baylen-tokens' Draw step
Phase: Ai(4)-mm-baylen-tokens' Main phase, precombat
Land: Ai(4)-mm-baylen-tokens played Mountain (386)
Phase: Ai(4)-mm-baylen-tokens' Beginning of Combat Step
Phase: Ai(4)-mm-baylen-tokens' Declare Attackers Step
Phase: Ai(4)-mm-baylen-tokens' Declare Blockers Step
Phase: Ai(4)-mm-baylen-tokens' First Strike Damage Step
Phase: Ai(4)-mm-baylen-tokens' Combat Damage Step
Phase: Ai(4)-mm-baylen-tokens' End of Combat Step
Phase: Ai(4)-mm-baylen-tokens' Main phase, postcombat
Mana: Temple Garden (378) - {T}: Add {G}.
Mana: Plains (390) - {T}: Add {W}.
Mana: Mountain (386) - {T}: Add {R}.
Add To Stack: Ai(4)-mm-baylen-tokens cast Baylen, the Haymaker
Replacement Effect: Artifacts and creatures your opponents control enter tapped.
Resolve Stack: Baylen, the Haymaker - Creature 4 / 3
Mana: Spectator Seating (381) - {T}: Add {R} or {W}.
Mana: Clifftop Retreat (331) - {T}: Add {R} or {W}.
Add To Stack: Ai(4)-mm-baylen-tokens cast Hare Apparent
Replacement Effect: Artifacts and creatures your opponents control enter tapped.
Resolve Stack: Hare Apparent - Creature 2 / 2
Add To Stack: Ai(4)-mm-baylen-tokens triggered Hare Apparent
Resolve Stack: When this creature enters, create a number of 1/1 white Rabbit creature tokens equal to the number of other creatures you control named Hare Apparent. [Zone Changer: Hare Apparent (353)]
Phase: Ai(4)-mm-baylen-tokens' End step
Phase: Ai(4)-mm-baylen-tokens' Cleanup step
Turn: Turn 25 (Ai(1)-mm-muldrotha-value)
Phase: Ai(1)-mm-muldrotha-value's Untap step
Phase: Ai(1)-mm-muldrotha-value's Upkeep step
Phase: Ai(1)-mm-muldrotha-value's Draw step
Phase: Ai(1)-mm-muldrotha-value's Main phase, precombat
Phase: Ai(1)-mm-muldrotha-value's Beginning of Combat Step
Phase: Ai(1)-mm-muldrotha-value's Declare Attackers Step
Combat: Ai(1)-mm-muldrotha-value assigned Stitcher's Supplier (85) to attack Ai(4)-mm-baylen-tokens.
Phase: Ai(1)-mm-muldrotha-value's Declare Blockers Step
Combat: Ai(4)-mm-baylen-tokens didn't block Stitcher's Supplier (85).
Phase: Ai(1)-mm-muldrotha-value's First Strike Damage Step
Phase: Ai(1)-mm-muldrotha-value's Combat Damage Step
Damage: Stitcher's Supplier (85) deals 1 combat damage to Ai(4)-mm-baylen-tokens.
Life: Life: Ai(4)-mm-baylen-tokens 39 > 38
Phase: Ai(1)-mm-muldrotha-value's End of Combat Step
Phase: Ai(1)-mm-muldrotha-value's Main phase, postcombat
Mana: Forest (41) - {T}: Add {G}.
Mana: Forest (39) - {T}: Add {G}.
Add To Stack: Ai(1)-mm-muldrotha-value cast Seal of Primordium
Resolve Stack: Seal of Primordium
Zone Change: Seal of Primordium (56) was put into Graveyard from Battlefield.
Add To Stack: Ai(1)-mm-muldrotha-value activated Seal of Primordium targeting [Anointed Procession (319)]
Zone Change: Anointed Procession (319) was put into Graveyard from Battlefield.
Resolve Stack: Seal of Primordium (56) - Destroy Anointed Procession (319).
Phase: Ai(1)-mm-muldrotha-value's End step
Phase: Ai(1)-mm-muldrotha-value's Cleanup step
Turn: Turn 26 (Ai(2)-mm-sythis-enchantress)
Phase: Ai(2)-mm-sythis-enchantress' Untap step
Phase: Ai(2)-mm-sythis-enchantress' Upkeep step
Phase: Ai(2)-mm-sythis-enchantress' Draw step
Phase: Ai(2)-mm-sythis-enchantress' Main phase, precombat
Land: Ai(2)-mm-sythis-enchantress played Branchloft Pathway (177)
Mana: Plains (186) - {T}: Add {W}.
Mana: Forest (141) - {T}: Add {G}.
Mana: Plains (192) - {T}: Add {W}.
Add To Stack: Ai(2)-mm-sythis-enchantress cast Calix, Guided by Fate
Add To Stack: Ai(2)-mm-sythis-enchantress triggered Blind Obedience
Mana: Temple Garden (174) - {T}: Add {W}.
Life: Life: Ai(3)-mm-giada-angels 39 > 38
Life: Life: Ai(4)-mm-baylen-tokens 38 > 37
Life: Life: Ai(1)-mm-muldrotha-value 35 > 34
Life: Life: Ai(2)-mm-sythis-enchantress 37 > 40
Resolve Stack: Extort (Whenever you cast a spell, you may pay {W/B}. If you do, each opponent loses 1 life and you gain that much life.) [Card: Calix, Guided by Fate (131), Activator: Ai(2)-mm-sythis-enchantress, SpellAbility: Calix, Guided by Fate - Creature 2 / 2]
Resolve Stack: Calix, Guided by Fate - Creature 2 / 2
Add To Stack: Ai(2)-mm-sythis-enchantress triggered Eidolon of Blossoms
Add To Stack: Ai(2)-mm-sythis-enchantress triggered Calix, Guided by Fate targeting [Eidolon of Blossoms (108)]
Resolve Stack: Constellation — Whenever Calix, Guided by Fate or another enchantment you control enters, put a +1/+1 counter on target creature. (Targeting: [[Eidolon of Blossoms (108)]]) [Zone Changer: Calix, Guided by Fate (131)]
Resolve Stack: Constellation — Whenever Eidolon of Blossoms or another enchantment you control enters, draw a card. [Zone Changer: Calix, Guided by Fate (131)]
Mana: Forest (144) - {T}: Add {G}.
Mana: Branchloft Pathway (177) - {T}: Add {G}.
Add To Stack: Ai(2)-mm-sythis-enchantress cast Seal of Primordium
Add To Stack: Ai(2)-mm-sythis-enchantress triggered Blind Obedience
Resolve Stack: Extort (Whenever you cast a spell, you may pay {W/B}. If you do, each opponent loses 1 life and you gain that much life.) [Card: Seal of Primordium (155), Activator: Ai(2)-mm-sythis-enchantress, SpellAbility: Seal of Primordium]
Resolve Stack: Seal of Primordium
Add To Stack: Ai(2)-mm-sythis-enchantress triggered Eidolon of Blossoms
Add To Stack: Ai(2)-mm-sythis-enchantress triggered Calix, Guided by Fate targeting [Eidolon of Blossoms (108)]
Mana: Island (33) - {T}: Add {U}.
Mana: Swamp (62) - {T}: Add {B}.
Mana: Swamp (64) - {T}: Add {B}.
Zone Change: Pernicious Deed (82) was put into Graveyard from Battlefield.
Add To Stack: Ai(1)-mm-muldrotha-value activated Pernicious Deed
Zone Change: Seal of Primordium (155) was put into Graveyard from Battlefield.
Add To Stack: Ai(2)-mm-sythis-enchantress activated Seal of Primordium targeting [The Book of Exalted Deeds (254)]
Zone Change: The Book of Exalted Deeds (254) was put into Graveyard from Battlefield.
Resolve Stack: Seal of Primordium (155) - Destroy The Book of Exalted Deeds (254).
Zone Change: Blind Obedience (130) was put into Graveyard from Battlefield.
Zone Change: Ghostly Prison (122) was put into Graveyard from Battlefield.
Zone Change: Calix, Guided by Fate (131) was put into Graveyard from Battlefield.
Zone Change: Giada, Font of Hope (302) was put into Graveyard from Battlefield.
Zone Change: Righteous Valkyrie (204) was put into Graveyard from Battlefield.
Zone Change: Idol of Oblivion (375) was put into Graveyard from Battlefield.
Zone Change: Baylen, the Haymaker (403) was put into Graveyard from Battlefield.
Zone Change: Hare Apparent (353) was put into Graveyard from Battlefield.
Zone Change: Lightning Greaves (94) was put into Graveyard from Battlefield.
Zone Change: Stitcher's Supplier (85) was put into Graveyard from Battlefield.
Resolve Stack: Pernicious Deed (82) - Destroy each artifact, creature, and enchantment with mana value X or less. (X=3)
Add To Stack: Ai(1)-mm-muldrotha-value triggered Stitcher's Supplier
Zone Change: Ai(1)-mm-muldrotha-value milled Bojuka Bog (55), Polluted Delta (10) and Ripples of Undeath (16).
Resolve Stack: When Stitcher's Supplier enters or dies, mill three cards. [Zone Changer: Stitcher's Supplier (85)]
Resolve Stack: Constellation — Whenever Calix, Guided by Fate or another enchantment you control enters, put a +1/+1 counter on target creature. (Targeting: [[Eidolon of Blossoms (108)]]) [Zone Changer: Seal of Primordium (155)]
Resolve Stack: Constellation — Whenever Eidolon of Blossoms or another enchantment you control enters, draw a card. [Zone Changer: Seal of Primordium (155)]
Phase: Ai(2)-mm-sythis-enchantress' Beginning of Combat Step
Phase: Ai(2)-mm-sythis-enchantress' Declare Attackers Step
Combat: Ai(2)-mm-sythis-enchantress assigned Eidolon of Blossoms (108) to attack Ai(3)-mm-giada-angels.
Phase: Ai(2)-mm-sythis-enchantress' Declare Blockers Step
Combat: Ai(3)-mm-giada-angels didn't block Eidolon of Blossoms (108).
Phase: Ai(2)-mm-sythis-enchantress' First Strike Damage Step
Phase: Ai(2)-mm-sythis-enchantress' Combat Damage Step
Damage: Eidolon of Blossoms (108) deals 4 combat damage to Ai(3)-mm-giada-angels.
Life: Life: Ai(3)-mm-giada-angels 38 > 34
Phase: Ai(2)-mm-sythis-enchantress' End of Combat Step
Phase: Ai(2)-mm-sythis-enchantress' Main phase, postcombat
Phase: Ai(2)-mm-sythis-enchantress' End step
Phase: Ai(2)-mm-sythis-enchantress' Cleanup step
Turn: Turn 27 (Ai(3)-mm-giada-angels)
Phase: Ai(3)-mm-giada-angels' Untap step
Phase: Ai(3)-mm-giada-angels' Upkeep step
Phase: Ai(3)-mm-giada-angels' Draw step
Phase: Ai(3)-mm-giada-angels' Main phase, precombat
Land: Ai(3)-mm-giada-angels played Plains (291)
Phase: Ai(3)-mm-giada-angels' Beginning of Combat Step
Phase: Ai(3)-mm-giada-angels' Declare Attackers Step
Phase: Ai(3)-mm-giada-angels' Declare Blockers Step
Phase: Ai(3)-mm-giada-angels' First Strike Damage Step
Phase: Ai(3)-mm-giada-angels' Combat Damage Step
Phase: Ai(3)-mm-giada-angels' End of Combat Step
Phase: Ai(3)-mm-giada-angels' Main phase, postcombat
Mana: Plains (273) - {T}: Add {W}.
Mana: Plains (279) - {T}: Add {W}.
Mana: Plains (295) - {T}: Add {W}.
Add To Stack: Ai(3)-mm-giada-angels cast Herald's Horn
Replacement Effect: As Herald's Horn enters, choose a creature type.
Resolve Stack: Herald's Horn
Mana: Plains (270) - {T}: Add {W}.
Mana: Plains (286) - {T}: Add {W}.
Mana: Plains (292) - {T}: Add {W}.
Add To Stack: Ai(3)-mm-giada-angels cast Archaeomancer's Map
Resolve Stack: Archaeomancer's Map
Add To Stack: Ai(3)-mm-giada-angels triggered Archaeomancer's Map
Resolve Stack: When Archaeomancer's Map enters, search your library for up to two basic Plains cards, reveal them, put them into your hand, then shuffle. [Zone Changer: Archaeomancer's Map (257)]
Mana: Plains (272) - {T}: Add {W}.
Mana: Plains (285) - {T}: Add {W}.
Mana: Plains (291) - {T}: Add {W}.
Add To Stack: Ai(3)-mm-giada-angels cast Giada, Font of Hope
Resolve Stack: Giada, Font of Hope - Creature 2 / 2
Phase: Ai(3)-mm-giada-angels' End step
Phase: Ai(3)-mm-giada-angels' Cleanup step
Turn: Turn 28 (Ai(4)-mm-baylen-tokens)
Phase: Ai(4)-mm-baylen-tokens' Untap step
Phase: Ai(4)-mm-baylen-tokens' Upkeep step
Phase: Ai(4)-mm-baylen-tokens' Draw step
Phase: Ai(4)-mm-baylen-tokens' Main phase, precombat
Phase: Ai(4)-mm-baylen-tokens' Beginning of Combat Step
Phase: Ai(4)-mm-baylen-tokens' Declare Attackers Step
Phase: Ai(4)-mm-baylen-tokens' Declare Blockers Step
Phase: Ai(4)-mm-baylen-tokens' First Strike Damage Step
Phase: Ai(4)-mm-baylen-tokens' Combat Damage Step
Phase: Ai(4)-mm-baylen-tokens' End of Combat Step
Phase: Ai(4)-mm-baylen-tokens' Main phase, postcombat
Mana: Temple Garden (378) - {T}: Add {G}.
Mana: Plains (390) - {T}: Add {W}.
Mana: Mountain (386) - {T}: Add {R}.
Mana: Spectator Seating (381) - {T}: Add {R} or {W}.
Add To Stack: Ai(4)-mm-baylen-tokens cast Parallel Lives
Resolve Stack: Parallel Lives
Phase: Ai(4)-mm-baylen-tokens' End step
Phase: Ai(4)-mm-baylen-tokens' Cleanup step
Turn: Turn 29 (Ai(1)-mm-muldrotha-value)
Phase: Ai(1)-mm-muldrotha-value's Untap step
Phase: Ai(1)-mm-muldrotha-value's Upkeep step
Phase: Ai(1)-mm-muldrotha-value's Draw step
Phase: Ai(1)-mm-muldrotha-value's Main phase, precombat
Phase: Ai(1)-mm-muldrotha-value's Beginning of Combat Step
Phase: Ai(1)-mm-muldrotha-value's Declare Attackers Step
Phase: Ai(1)-mm-muldrotha-value's Declare Blockers Step
Phase: Ai(1)-mm-muldrotha-value's First Strike Damage Step
Phase: Ai(1)-mm-muldrotha-value's Combat Damage Step
Phase: Ai(1)-mm-muldrotha-value's End of Combat Step
Phase: Ai(1)-mm-muldrotha-value's Main phase, postcombat
Mana: Island (33) - {T}: Add {U}.
Mana: Forest (41) - {T}: Add {G}.
Add To Stack: Ai(1)-mm-muldrotha-value cast Doc Aurlock, Grizzled Genius
Resolve Stack: Doc Aurlock, Grizzled Genius - Creature 2 / 3
Phase: Ai(1)-mm-muldrotha-value's End step
Phase: Ai(1)-mm-muldrotha-value's Cleanup step
Turn: Turn 30 (Ai(2)-mm-sythis-enchantress)
Phase: Ai(2)-mm-sythis-enchantress' Untap step
Phase: Ai(2)-mm-sythis-enchantress' Upkeep step
Phase: Ai(2)-mm-sythis-enchantress' Draw step
Phase: Ai(2)-mm-sythis-enchantress' Main phase, precombat
Mana: Forest (141) - {T}: Add {G}.
Mana: Forest (144) - {T}: Add {G}.
Add To Stack: Ai(2)-mm-sythis-enchantress cast Sanctum Weaver
Resolve Stack: Sanctum Weaver - Creature 0 / 2
Add To Stack: Ai(2)-mm-sythis-enchantress triggered Eidolon of Blossoms
Resolve Stack: Constellation — Whenever Eidolon of Blossoms or another enchantment you control enters, draw a card. [Zone Changer: Sanctum Weaver (168)]
Land: Ai(2)-mm-sythis-enchantress played Plains (194)
Mana: Branchloft Pathway (177) - {T}: Add {G}.
Mana: Plains (186) - {T}: Add {W}.
Add To Stack: Ai(2)-mm-sythis-enchantress cast Sythis, Harvest's Hand
Resolve Stack: Sythis, Harvest's Hand - Creature 1 / 2
Add To Stack: Ai(2)-mm-sythis-enchantress triggered Eidolon of Blossoms
Resolve Stack: Constellation — Whenever Eidolon of Blossoms or another enchantment you control enters, draw a card. [Zone Changer: Sythis, Harvest's Hand (201)]
Mana: Temple Garden (174) - {T}: Add {G}.
Mana: Plains (192) - {T}: Add {W}.
Add To Stack: Ai(2)-mm-sythis-enchantress cast Sterling Grove
Add To Stack: Ai(2)-mm-sythis-enchantress triggered Sythis, Harvest's Hand
Life: Life: Ai(2)-mm-sythis-enchantress 40 > 41
Resolve Stack: Whenever you cast an enchantment spell, you gain 1 life and draw a card. [Card: Sterling Grove (120), Activator: Ai(2)-mm-sythis-enchantress, SpellAbility: Sterling Grove]
Resolve Stack: Sterling Grove
Add To Stack: Ai(2)-mm-sythis-enchantress triggered Eidolon of Blossoms
Resolve Stack: Constellation — Whenever Eidolon of Blossoms or another enchantment you control enters, draw a card. [Zone Changer: Sterling Grove (120)]
Phase: Ai(2)-mm-sythis-enchantress' Beginning of Combat Step
Phase: Ai(2)-mm-sythis-enchantress' Declare Attackers Step
Combat: Ai(2)-mm-sythis-enchantress assigned Eidolon of Blossoms (108) to attack Ai(3)-mm-giada-angels.
Phase: Ai(2)-mm-sythis-enchantress' Declare Blockers Step
Combat: Ai(3)-mm-giada-angels didn't block Eidolon of Blossoms (108).
Phase: Ai(2)-mm-sythis-enchantress' First Strike Damage Step
Phase: Ai(2)-mm-sythis-enchantress' Combat Damage Step
Damage: Eidolon of Blossoms (108) deals 4 combat damage to Ai(3)-mm-giada-angels.
Life: Life: Ai(3)-mm-giada-angels 34 > 30
Phase: Ai(2)-mm-sythis-enchantress' End of Combat Step
Phase: Ai(2)-mm-sythis-enchantress' Main phase, postcombat
Mana: Plains (194) - {T}: Add {W}.
Zone Change: Sterling Grove (120) was put into Graveyard from Battlefield.
Add To Stack: Ai(2)-mm-sythis-enchantress activated Sterling Grove
Resolve Stack: Sterling Grove (120) - Ai(2)-mm-sythis-enchantress searches their library for an enchantment card, reveals it, puts it , then shuffles.
Phase: Ai(2)-mm-sythis-enchantress' End step
Phase: Ai(2)-mm-sythis-enchantress' Cleanup step
Turn: Turn 31 (Ai(3)-mm-giada-angels)
Phase: Ai(3)-mm-giada-angels' Untap step
Phase: Ai(3)-mm-giada-angels' Upkeep step
Add To Stack: Ai(3)-mm-giada-angels triggered Herald's Horn
Resolve Stack: At the beginning of your upkeep, look at the top card of your library. If it's a creature card of the chosen type, you may reveal it and put it into your hand. [Phase: Ai(3)-mm-giada-angels]
Phase: Ai(3)-mm-giada-angels' Draw step
Phase: Ai(3)-mm-giada-angels' Main phase, precombat
Land: Ai(3)-mm-giada-angels played Plains (290)
Phase: Ai(3)-mm-giada-angels' Beginning of Combat Step
Phase: Ai(3)-mm-giada-angels' Declare Attackers Step
Combat: Ai(3)-mm-giada-angels assigned Giada, Font of Hope (302) to attack Ai(2)-mm-sythis-enchantress.
Phase: Ai(3)-mm-giada-angels' Declare Blockers Step
Combat: Ai(2)-mm-sythis-enchantress didn't block Giada, Font of Hope (302).
Phase: Ai(3)-mm-giada-angels' First Strike Damage Step
Phase: Ai(3)-mm-giada-angels' Combat Damage Step
Damage: Giada, Font of Hope (302) deals 2 combat damage to Ai(2)-mm-sythis-enchantress.
Life: Life: Ai(2)-mm-sythis-enchantress 41 > 39
Phase: Ai(3)-mm-giada-angels' End of Combat Step
Phase: Ai(3)-mm-giada-angels' Main phase, postcombat
Mana: Plains (273) - {T}: Add {W}.
Mana: Plains (279) - {T}: Add {W}.
Mana: Plains (295) - {T}: Add {W}.
Mana: Plains (270) - {T}: Add {W}.
Add To Stack: Ai(3)-mm-giada-angels cast Archangel of Thune
Replacement Effect: Each other Angel you control enters with an additional +1/+1 counter on it for each Angel you already control.
Resolve Stack: Archangel of Thune - Creature 3 / 4
Phase: Ai(3)-mm-giada-angels' End step
Phase: Ai(3)-mm-giada-angels' Cleanup step
Turn: Turn 32 (Ai(4)-mm-baylen-tokens)
Phase: Ai(4)-mm-baylen-tokens' Untap step
Phase: Ai(4)-mm-baylen-tokens' Upkeep step
Phase: Ai(4)-mm-baylen-tokens' Draw step
Phase: Ai(4)-mm-baylen-tokens' Main phase, precombat
Phase: Ai(4)-mm-baylen-tokens' Beginning of Combat Step
Phase: Ai(4)-mm-baylen-tokens' Declare Attackers Step
Phase: Ai(4)-mm-baylen-tokens' Declare Blockers Step
Phase: Ai(4)-mm-baylen-tokens' First Strike Damage Step
Phase: Ai(4)-mm-baylen-tokens' Combat Damage Step
Phase: Ai(4)-mm-baylen-tokens' End of Combat Step
Phase: Ai(4)-mm-baylen-tokens' Main phase, postcombat
Land: Ai(4)-mm-baylen-tokens played Mountain (384)
Mana: Temple Garden (378) - {T}: Add {G}.
Mana: Plains (390) - {T}: Add {W}.
Mana: Mountain (386) - {T}: Add {R}.
Mana: Mountain (384) - {T}: Add {R}.
Mana: Spectator Seating (381) - {T}: Add {R} or {W}.
Add To Stack: Ai(4)-mm-baylen-tokens cast Baylen, the Haymaker
Resolve Stack: Baylen, the Haymaker - Creature 4 / 3
Phase: Ai(4)-mm-baylen-tokens' End step
Phase: Ai(4)-mm-baylen-tokens' Cleanup step
Turn: Turn 33 (Ai(1)-mm-muldrotha-value)
Phase: Ai(1)-mm-muldrotha-value's Untap step
Phase: Ai(1)-mm-muldrotha-value's Upkeep step
Phase: Ai(1)-mm-muldrotha-value's Draw step
Phase: Ai(1)-mm-muldrotha-value's Main phase, precombat
Phase: Ai(1)-mm-muldrotha-value's Beginning of Combat Step
Phase: Ai(1)-mm-muldrotha-value's Declare Attackers Step
Phase: Ai(1)-mm-muldrotha-value's Declare Blockers Step
Phase: Ai(1)-mm-muldrotha-value's First Strike Damage Step
Phase: Ai(1)-mm-muldrotha-value's Combat Damage Step
Phase: Ai(1)-mm-muldrotha-value's End of Combat Step
Phase: Ai(1)-mm-muldrotha-value's Main phase, postcombat
Mana: Forest (41) - {T}: Add {G}.
Mana: Forest (39) - {T}: Add {G}.
Mana: Island (33) - {T}: Add {U}.
Add To Stack: Ai(1)-mm-muldrotha-value cast Six
Resolve Stack: Six - Creature 2 / 4
Phase: Ai(1)-mm-muldrotha-value's End step
Phase: Ai(1)-mm-muldrotha-value's Cleanup step
Turn: Turn 34 (Ai(2)-mm-sythis-enchantress)
Phase: Ai(2)-mm-sythis-enchantress' Untap step
Phase: Ai(2)-mm-sythis-enchantress' Upkeep step
Phase: Ai(2)-mm-sythis-enchantress' Draw step
Phase: Ai(2)-mm-sythis-enchantress' Main phase, precombat
Replacement Effect: Canopy Vista enters tapped unless you control two or more basic lands.
Land: Ai(2)-mm-sythis-enchantress played Canopy Vista (169)
Mana: Plains (186) - {T}: Add {W}.
Mana: Plains (192) - {T}: Add {W}.
Mana: Forest (141) - {T}: Add {G}.
Mana: Forest (144) - {T}: Add {G}.
Mana: Branchloft Pathway (177) - {T}: Add {G}.
Mana: Plains (194) - {T}: Add {W}.
Add To Stack: Ai(2)-mm-sythis-enchantress cast Austere Command
Zone Change: Herald's Horn (256) was put into Graveyard from Battlefield.
Zone Change: Archaeomancer's Map (257) was put into Graveyard from Battlefield.
Zone Change: Eidolon of Blossoms (108) was put into Graveyard from Battlefield.
Zone Change: Archangel of Thune (237) was put into Graveyard from Battlefield.
Resolve Stack: Austere Command (153) -  Destroy all artifacts. Destroy all creatures with mana value 4 or greater.
Mana: Temple Garden (174) - {T}: Add {G}.
Add To Stack: Ai(2)-mm-sythis-enchantress cast Rancor targeting [Sanctum Weaver (168)]
Add To Stack: Ai(2)-mm-sythis-enchantress triggered Sythis, Harvest's Hand
Life: Life: Ai(2)-mm-sythis-enchantress 39 > 40
Resolve Stack: Whenever you cast an enchantment spell, you gain 1 life and draw a card. [Card: Rancor (110), Activator: Ai(2)-mm-sythis-enchantress, SpellAbility: Rancor]
Resolve Stack: Rancor (110) -  Attach to Sanctum Weaver (168)
Mana: Canopy Vista (169) - {T}: Add {G}.
Add To Stack: Ai(2)-mm-sythis-enchantress cast Whip Silk targeting [Sythis, Harvest's Hand (201)]
Add To Stack: Ai(2)-mm-sythis-enchantress triggered Sythis, Harvest's Hand
Life: Life: Ai(2)-mm-sythis-enchantress 40 > 41
Resolve Stack: Whenever you cast an enchantment spell, you gain 1 life and draw a card. [Card: Whip Silk (172), Activator: Ai(2)-mm-sythis-enchantress, SpellAbility: Whip Silk]
Resolve Stack: Whip Silk (172) -  Attach to Sythis, Harvest's Hand (201)
Phase: Ai(2)-mm-sythis-enchantress' Beginning of Combat Step
Phase: Ai(2)-mm-sythis-enchantress' Declare Attackers Step
Phase: Ai(2)-mm-sythis-enchantress' Declare Blockers Step
Phase: Ai(2)-mm-sythis-enchantress' First Strike Damage Step
Phase: Ai(2)-mm-sythis-enchantress' Combat Damage Step
Phase: Ai(2)-mm-sythis-enchantress' End of Combat Step
Phase: Ai(2)-mm-sythis-enchantress' Main phase, postcombat
Mana: Sanctum Weaver (168) - {T}: Add X mana of any one color, where X is the number of enchantments you control.
Add To Stack: Ai(2)-mm-sythis-enchantress cast Heliod, Sun-Crowned
Add To Stack: Ai(2)-mm-sythis-enchantress triggered Sythis, Harvest's Hand
Life: Life: Ai(2)-mm-sythis-enchantress 41 > 42
Resolve Stack: Whenever you cast an enchantment spell, you gain 1 life and draw a card. [Card: Heliod, Sun-Crowned (196), Activator: Ai(2)-mm-sythis-enchantress, SpellAbility: Heliod, Sun-Crowned - Creature 5 / 5]
Resolve Stack: Heliod, Sun-Crowned - Creature 5 / 5
Phase: Ai(2)-mm-sythis-enchantress' End step
Phase: Ai(2)-mm-sythis-enchantress' Cleanup step
Turn: Turn 35 (Ai(3)-mm-giada-angels)
Phase: Ai(3)-mm-giada-angels' Untap step
Phase: Ai(3)-mm-giada-angels' Upkeep step
Phase: Ai(3)-mm-giada-angels' Draw step
Phase: Ai(3)-mm-giada-angels' Main phase, precombat
Land: Ai(3)-mm-giada-angels played Plains (294)
Phase: Ai(3)-mm-giada-angels' Beginning of Combat Step
Phase: Ai(3)-mm-giada-angels' Declare Attackers Step
Combat: Ai(3)-mm-giada-angels assigned Giada, Font of Hope (302) to attack Ai(2)-mm-sythis-enchantress.
Phase: Ai(3)-mm-giada-angels' Declare Blockers Step
Combat: Ai(2)-mm-sythis-enchantress didn't block Giada, Font of Hope (302).
Phase: Ai(3)-mm-giada-angels' First Strike Damage Step
Phase: Ai(3)-mm-giada-angels' Combat Damage Step
Damage: Giada, Font of Hope (302) deals 2 combat damage to Ai(2)-mm-sythis-enchantress.
Life: Life: Ai(2)-mm-sythis-enchantress 42 > 40
Phase: Ai(3)-mm-giada-angels' End of Combat Step
Phase: Ai(3)-mm-giada-angels' Main phase, postcombat
Mana: Plains (273) - {T}: Add {W}.
Mana: Plains (279) - {T}: Add {W}.
Mana: Plains (295) - {T}: Add {W}.
Mana: Plains (270) - {T}: Add {W}.
Mana: Plains (286) - {T}: Add {W}.
Mana: Plains (292) - {T}: Add {W}.
Mana: Plains (272) - {T}: Add {W}.
Add To Stack: Ai(3)-mm-giada-angels cast Bruna, the Fading Light
Add To Stack: Ai(3)-mm-giada-angels triggered Bruna, the Fading Light targeting [Archangel of Thune (237)]
Replacement Effect: Each other Angel you control enters with an additional +1/+1 counter on it for each Angel you already control.
Resolve Stack: When you cast Bruna, the Fading Light, you may return target Angel or Human creature card from your graveyard to the battlefield. (Targeting: [[Archangel of Thune (237)]]) [Card: Bruna, the Fading Light (250), Activator: Ai(3)-mm-giada-angels, SpellAbility: Bruna, the Fading Light - Creature 5 / 7]
Replacement Effect: Each other Angel you control enters with an additional +1/+1 counter on it for each Angel you already control.
Resolve Stack: Bruna, the Fading Light - Creature 5 / 7
Phase: Ai(3)-mm-giada-angels' End step
Phase: Ai(3)-mm-giada-angels' Cleanup step
Turn: Turn 36 (Ai(4)-mm-baylen-tokens)
Phase: Ai(4)-mm-baylen-tokens' Untap step
Phase: Ai(4)-mm-baylen-tokens' Upkeep step
Phase: Ai(4)-mm-baylen-tokens' Draw step
Phase: Ai(4)-mm-baylen-tokens' Main phase, precombat
Mana: Plains (390) - {T}: Add {W}.
Mana: Mountain (386) - {T}: Add {R}.
Add To Stack: Ai(4)-mm-baylen-tokens cast Hare Apparent
Resolve Stack: Hare Apparent - Creature 2 / 2
Add To Stack: Ai(4)-mm-baylen-tokens triggered Hare Apparent
Resolve Stack: When this creature enters, create a number of 1/1 white Rabbit creature tokens equal to the number of other creatures you control named Hare Apparent. [Zone Changer: Hare Apparent (348)]
Phase: Ai(4)-mm-baylen-tokens' Beginning of Combat Step
Phase: Ai(4)-mm-baylen-tokens' Declare Attackers Step
Phase: Ai(4)-mm-baylen-tokens' Declare Blockers Step
Phase: Ai(4)-mm-baylen-tokens' First Strike Damage Step
Phase: Ai(4)-mm-baylen-tokens' Combat Damage Step
Phase: Ai(4)-mm-baylen-tokens' End of Combat Step
Phase: Ai(4)-mm-baylen-tokens' Main phase, postcombat
Mana: Mountain (384) - {T}: Add {R}.
Mana: Spectator Seating (381) - {T}: Add {R} or {W}.
Add To Stack: Ai(4)-mm-baylen-tokens cast Arcane Signet
Resolve Stack: Arcane Signet
Phase: Ai(4)-mm-baylen-tokens' End step
Phase: Ai(4)-mm-baylen-tokens' Cleanup step
Turn: Turn 37 (Ai(1)-mm-muldrotha-value)
Phase: Ai(1)-mm-muldrotha-value's Untap step
Phase: Ai(1)-mm-muldrotha-value's Upkeep step
Phase: Ai(1)-mm-muldrotha-value's Draw step
Phase: Ai(1)-mm-muldrotha-value's Main phase, precombat
Phase: Ai(1)-mm-muldrotha-value's Beginning of Combat Step
Phase: Ai(1)-mm-muldrotha-value's Declare Attackers Step
Phase: Ai(1)-mm-muldrotha-value's Declare Blockers Step
Phase: Ai(1)-mm-muldrotha-value's First Strike Damage Step
Phase: Ai(1)-mm-muldrotha-value's Combat Damage Step
Phase: Ai(1)-mm-muldrotha-value's End of Combat Step
Phase: Ai(1)-mm-muldrotha-value's Main phase, postcombat
Replacement Effect: Sunken Hollow enters tapped unless you control two or more basic lands.
Land: Ai(1)-mm-muldrotha-value played Sunken Hollow (28)
Mana: Island (33) - {T}: Add {U}.
Mana: Forest (41) - {T}: Add {G}.
Mana: Swamp (62) - {T}: Add {B}.
Mana: Swamp (64) - {T}: Add {B}.
Mana: Forest (39) - {T}: Add {G}.
Mana: Sunken Hollow (28) - {T}: Add {B}.
Add To Stack: Ai(1)-mm-muldrotha-value cast Muldrotha, the Gravetide
Resolve Stack: Muldrotha, the Gravetide - Creature 6 / 6
Add To Stack: Ai(1)-mm-muldrotha-value cast Swiftfoot Boots
Resolve Stack: Swiftfoot Boots
Phase: Ai(1)-mm-muldrotha-value's End step
Phase: Ai(1)-mm-muldrotha-value's Cleanup step
Turn: Turn 38 (Ai(2)-mm-sythis-enchantress)
Phase: Ai(2)-mm-sythis-enchantress' Untap step
Phase: Ai(2)-mm-sythis-enchantress' Upkeep step
Phase: Ai(2)-mm-sythis-enchantress' Draw step
Phase: Ai(2)-mm-sythis-enchantress' Main phase, precombat
Replacement Effect: Bountiful Promenade enters tapped unless you have two or more opponents.
Land: Ai(2)-mm-sythis-enchantress played Bountiful Promenade (114)
Phase: Ai(2)-mm-sythis-enchantress' Beginning of Combat Step
Phase: Ai(2)-mm-sythis-enchantress' Declare Attackers Step
Phase: Ai(2)-mm-sythis-enchantress' Declare Blockers Step
Phase: Ai(2)-mm-sythis-enchantress' First Strike Damage Step
Phase: Ai(2)-mm-sythis-enchantress' Combat Damage Step
Phase: Ai(2)-mm-sythis-enchantress' End of Combat Step
Phase: Ai(2)-mm-sythis-enchantress' Main phase, postcombat
Mana: Plains (186) - {T}: Add {W}.
Mana: Plains (192) - {T}: Add {W}.
Add To Stack: Ai(2)-mm-sythis-enchantress cast Thought Vessel
Resolve Stack: Thought Vessel
Mana: Forest (141) - {T}: Add {G}.
Add To Stack: Ai(2)-mm-sythis-enchantress cast Exploration
Add To Stack: Ai(2)-mm-sythis-enchantress triggered Sythis, Harvest's Hand
Life: Life: Ai(2)-mm-sythis-enchantress 40 > 41
Resolve Stack: Whenever you cast an enchantment spell, you gain 1 life and draw a card. [Card: Exploration (129), Activator: Ai(2)-mm-sythis-enchantress, SpellAbility: Exploration]
Add To Stack: Ai(2)-mm-sythis-enchantress triggered Heliod, Sun-Crowned targeting [Sanctum Weaver (168)]
Resolve Stack: Whenever you gain life, put a +1/+1 counter on target creature or enchantment you control. (Targeting: [[Sanctum Weaver (168)]]) [Player: Ai(2)-mm-sythis-enchantress, Gained Amount: 1]
Resolve Stack: Exploration
Land: Ai(2)-mm-sythis-enchantress played Forest (140)
Phase: Ai(2)-mm-sythis-enchantress' End step
Phase: Ai(2)-mm-sythis-enchantress' Cleanup step
Turn: Turn 39 (Ai(3)-mm-giada-angels)
Phase: Ai(3)-mm-giada-angels' Untap step
Phase: Ai(3)-mm-giada-angels' Upkeep step
Phase: Ai(3)-mm-giada-angels' Draw step
Phase: Ai(3)-mm-giada-angels' Main phase, precombat
Phase: Ai(3)-mm-giada-angels' Beginning of Combat Step
Phase: Ai(3)-mm-giada-angels' Declare Attackers Step
Combat: Ai(3)-mm-giada-angels assigned Archangel of Thune (237), Bruna, the Fading Light (250) and Giada, Font of Hope (302) to attack Ai(2)-mm-sythis-enchantress.
Phase: Ai(3)-mm-giada-angels' Declare Blockers Step
Combat: Ai(2)-mm-sythis-enchantress didn't block Archangel of Thune (237).
Ai(2)-mm-sythis-enchantress didn't block Bruna, the Fading Light (250).
Ai(2)-mm-sythis-enchantress didn't block Giada, Font of Hope (302).
Phase: Ai(3)-mm-giada-angels' First Strike Damage Step
Phase: Ai(3)-mm-giada-angels' Combat Damage Step
Damage: Archangel of Thune (237) deals 4 combat damage to Ai(2)-mm-sythis-enchantress.
Life: Life: Ai(3)-mm-giada-angels 30 > 34
Damage: Bruna, the Fading Light (250) deals 7 combat damage to Ai(2)-mm-sythis-enchantress.
Damage: Giada, Font of Hope (302) deals 2 combat damage to Ai(2)-mm-sythis-enchantress.
Life: Life: Ai(2)-mm-sythis-enchantress 41 > 28
Add To Stack: Ai(3)-mm-giada-angels triggered Archangel of Thune
Resolve Stack: Whenever you gain life, put a +1/+1 counter on each creature you control. [Player: Ai(3)-mm-giada-angels, Gained Amount: 4]
Phase: Ai(3)-mm-giada-angels' End of Combat Step
Phase: Ai(3)-mm-giada-angels' Main phase, postcombat
Mana: Plains (273) - {T}: Add {W}.
Mana: Plains (279) - {T}: Add {W}.
Mana: Plains (295) - {T}: Add {W}.
Mana: Plains (270) - {T}: Add {W}.
Add To Stack: Ai(3)-mm-giada-angels cast Gisela, the Broken Blade
Replacement Effect: Each other Angel you control enters with an additional +1/+1 counter on it for each Angel you already control.
Resolve Stack: Gisela, the Broken Blade - Creature 4 / 3
Phase: Ai(3)-mm-giada-angels' End step
Add To Stack: Ai(3)-mm-giada-angels triggered Gisela, the Broken Blade
Zone Change: Gisela, the Broken Blade (215) was put into Exile from Battlefield.
Zone Change: Bruna, the Fading Light (250) was put into Exile from Battlefield.
Replacement Effect: Each other Angel you control enters with an additional +1/+1 counter on it for each Angel you already control.
Resolve Stack: At the beginning of your end step, if you both own and control Gisela, the Broken Blade and a creature named Bruna, the Fading Light, exile them, then meld them into Brisela, Voice of Nightmares. [Phase: Ai(3)-mm-giada-angels]
Phase: Ai(3)-mm-giada-angels' Cleanup step
Turn: Turn 40 (Ai(4)-mm-baylen-tokens)
Phase: Ai(4)-mm-baylen-tokens' Untap step
Phase: Ai(4)-mm-baylen-tokens' Upkeep step
Phase: Ai(4)-mm-baylen-tokens' Draw step
Phase: Ai(4)-mm-baylen-tokens' Main phase, precombat
Phase: Ai(4)-mm-baylen-tokens' Beginning of Combat Step
Phase: Ai(4)-mm-baylen-tokens' Declare Attackers Step
Phase: Ai(4)-mm-baylen-tokens' Declare Blockers Step
Phase: Ai(4)-mm-baylen-tokens' First Strike Damage Step
Phase: Ai(4)-mm-baylen-tokens' Combat Damage Step
Phase: Ai(4)-mm-baylen-tokens' End of Combat Step
Phase: Ai(4)-mm-baylen-tokens' Main phase, postcombat
Land: Ai(4)-mm-baylen-tokens played Plains (389)
Phase: Ai(4)-mm-baylen-tokens' End step
Phase: Ai(4)-mm-baylen-tokens' Cleanup step
Turn: Turn 41 (Ai(1)-mm-muldrotha-value)
Phase: Ai(1)-mm-muldrotha-value's Untap step
Phase: Ai(1)-mm-muldrotha-value's Upkeep step
Phase: Ai(1)-mm-muldrotha-value's Draw step
Phase: Ai(1)-mm-muldrotha-value's Main phase, precombat
Replacement Effect: Hinterland Harbor enters tapped unless you control a Forest or an Island.
Land: Ai(1)-mm-muldrotha-value played Hinterland Harbor (27)
Mana: Swamp (62) - {T}: Add {B}.
Mana: Forest (41) - {T}: Add {G}.
Mana: Island (33) - {T}: Add {U}.
Add To Stack: Ai(1)-mm-muldrotha-value cast Gravebreaker Lamia
Resolve Stack: Gravebreaker Lamia - Creature 4 / 4
Add To Stack: Ai(1)-mm-muldrotha-value triggered Gravebreaker Lamia
Resolve Stack: When Gravebreaker Lamia enters, search your library for a card, put it into your graveyard, then shuffle. [Zone Changer: Gravebreaker Lamia (88)]
Mana: Forest (39) - {T}: Add {G}.
Add To Stack: Ai(1)-mm-muldrotha-value activated Swiftfoot Boots targeting [Muldrotha, the Gravetide (100)]
Resolve Stack: Swiftfoot Boots (57) -  Attach to Muldrotha, the Gravetide (100)
Phase: Ai(1)-mm-muldrotha-value's Beginning of Combat Step
Phase: Ai(1)-mm-muldrotha-value's Declare Attackers Step
Phase: Ai(1)-mm-muldrotha-value's Declare Blockers Step
Phase: Ai(1)-mm-muldrotha-value's First Strike Damage Step
Phase: Ai(1)-mm-muldrotha-value's Combat Damage Step
Phase: Ai(1)-mm-muldrotha-value's End of Combat Step
Phase: Ai(1)-mm-muldrotha-value's Main phase, postcombat
Phase: Ai(1)-mm-muldrotha-value's End step
Phase: Ai(1)-mm-muldrotha-value's Cleanup step
Turn: Turn 42 (Ai(2)-mm-sythis-enchantress)
Phase: Ai(2)-mm-sythis-enchantress' Untap step
Phase: Ai(2)-mm-sythis-enchantress' Upkeep step
Phase: Ai(2)-mm-sythis-enchantress' Draw step
Phase: Ai(2)-mm-sythis-enchantress' Main phase, precombat
Land: Ai(2)-mm-sythis-enchantress played Plains (193)
Phase: Ai(2)-mm-sythis-enchantress' Beginning of Combat Step
Phase: Ai(2)-mm-sythis-enchantress' Declare Attackers Step
Phase: Ai(2)-mm-sythis-enchantress' Declare Blockers Step
Phase: Ai(2)-mm-sythis-enchantress' First Strike Damage Step
Phase: Ai(2)-mm-sythis-enchantress' Combat Damage Step
Phase: Ai(2)-mm-sythis-enchantress' End of Combat Step
Phase: Ai(2)-mm-sythis-enchantress' Main phase, postcombat
Phase: Ai(2)-mm-sythis-enchantress' End step
Phase: Ai(2)-mm-sythis-enchantress' Cleanup step
Turn: Turn 43 (Ai(3)-mm-giada-angels)
Phase: Ai(3)-mm-giada-angels' Untap step
Phase: Ai(3)-mm-giada-angels' Upkeep step
Phase: Ai(3)-mm-giada-angels' Draw step
Phase: Ai(3)-mm-giada-angels' Main phase, precombat
Phase: Ai(3)-mm-giada-angels' Beginning of Combat Step
Phase: Ai(3)-mm-giada-angels' Declare Attackers Step
Combat: Ai(3)-mm-giada-angels assigned Archangel of Thune (237) and Brisela, Voice of Nightmares (215) to attack Ai(1)-mm-muldrotha-value.
Phase: Ai(3)-mm-giada-angels' Declare Blockers Step
Combat: Ai(1)-mm-muldrotha-value didn't block Archangel of Thune (237).
Ai(1)-mm-muldrotha-value didn't block Brisela, Voice of Nightmares (215).
Phase: Ai(3)-mm-giada-angels' First Strike Damage Step
Damage: Brisela, Voice of Nightmares (215) deals 11 combat damage to Ai(1)-mm-muldrotha-value.
Life: Life: Ai(3)-mm-giada-angels 34 > 45
Life: Life: Ai(1)-mm-muldrotha-value 34 > 23
Add To Stack: Ai(3)-mm-giada-angels triggered Archangel of Thune
Resolve Stack: Whenever you gain life, put a +1/+1 counter on each creature you control. [Player: Ai(3)-mm-giada-angels, Gained Amount: 11]
Phase: Ai(3)-mm-giada-angels' Combat Damage Step
Damage: Archangel of Thune (237) deals 6 combat damage to Ai(1)-mm-muldrotha-value.
Life: Life: Ai(3)-mm-giada-angels 45 > 51
Life: Life: Ai(1)-mm-muldrotha-value 23 > 17
Add To Stack: Ai(3)-mm-giada-angels triggered Archangel of Thune
Resolve Stack: Whenever you gain life, put a +1/+1 counter on each creature you control. [Player: Ai(3)-mm-giada-angels, Gained Amount: 6]
Phase: Ai(3)-mm-giada-angels' End of Combat Step
Phase: Ai(3)-mm-giada-angels' Main phase, postcombat
Mana: Plains (273) - {T}: Add {W}.
Mana: Plains (279) - {T}: Add {W}.
Mana: Plains (295) - {T}: Add {W}.
Mana: Plains (270) - {T}: Add {W}.
Add To Stack: Ai(3)-mm-giada-angels cast Archangel of Tithes
Replacement Effect: Each other Angel you control enters with an additional +1/+1 counter on it for each Angel you already control.
Resolve Stack: Archangel of Tithes - Creature 3 / 5
Phase: Ai(3)-mm-giada-angels' End step
Phase: Ai(3)-mm-giada-angels' Cleanup step
Turn: Turn 44 (Ai(4)-mm-baylen-tokens)
Phase: Ai(4)-mm-baylen-tokens' Untap step
Phase: Ai(4)-mm-baylen-tokens' Upkeep step
Phase: Ai(4)-mm-baylen-tokens' Draw step
Phase: Ai(4)-mm-baylen-tokens' Main phase, precombat
Phase: Ai(4)-mm-baylen-tokens' Beginning of Combat Step
Phase: Ai(4)-mm-baylen-tokens' Declare Attackers Step
Phase: Ai(4)-mm-baylen-tokens' Declare Blockers Step
Phase: Ai(4)-mm-baylen-tokens' First Strike Damage Step
Phase: Ai(4)-mm-baylen-tokens' Combat Damage Step
Phase: Ai(4)-mm-baylen-tokens' End of Combat Step
Phase: Ai(4)-mm-baylen-tokens' Main phase, postcombat
Land: Ai(4)-mm-baylen-tokens played Command Tower (313)
Phase: Ai(4)-mm-baylen-tokens' End step
Phase: Ai(4)-mm-baylen-tokens' Cleanup step
Turn: Turn 45 (Ai(1)-mm-muldrotha-value)
Phase: Ai(1)-mm-muldrotha-value's Untap step
Phase: Ai(1)-mm-muldrotha-value's Upkeep step
Phase: Ai(1)-mm-muldrotha-value's Draw step
Phase: Ai(1)-mm-muldrotha-value's Main phase, precombat
Land: Ai(1)-mm-muldrotha-value played Polluted Delta (10)
Life: Life: Ai(1)-mm-muldrotha-value 17 > 16
Zone Change: Polluted Delta (10) was put into Graveyard from Battlefield.
Add To Stack: Ai(1)-mm-muldrotha-value activated Polluted Delta
Replacement Effect: As Breeding Pool enters, you may pay 2 life. If you don't, it enters tapped.
Resolve Stack: Polluted Delta (10) - Ai(1)-mm-muldrotha-value searches their library for an Island or Swamp card, puts it onto the battlefield, then shuffles.
Phase: Ai(1)-mm-muldrotha-value's Beginning of Combat Step
Phase: Ai(1)-mm-muldrotha-value's Declare Attackers Step
Phase: Ai(1)-mm-muldrotha-value's Declare Blockers Step
Phase: Ai(1)-mm-muldrotha-value's First Strike Damage Step
Phase: Ai(1)-mm-muldrotha-value's Combat Damage Step
Phase: Ai(1)-mm-muldrotha-value's End of Combat Step
Phase: Ai(1)-mm-muldrotha-value's Main phase, postcombat
Mana: Swamp (62) - {T}: Add {B}.
Mana: Forest (41) - {T}: Add {G}.
Add To Stack: Ai(1)-mm-muldrotha-value cast The Gitrog Monster
Resolve Stack: The Gitrog Monster - Creature 6 / 6
Mana: Forest (39) - {T}: Add {G}.
Mana: Hinterland Harbor (27) - {T}: Add {G} or {U}.
Add To Stack: Ai(1)-mm-muldrotha-value cast Hedge Shredder
Resolve Stack: Hedge Shredder
Phase: Ai(1)-mm-muldrotha-value's End step
Phase: Ai(1)-mm-muldrotha-value's Cleanup step
Turn: Turn 46 (Ai(2)-mm-sythis-enchantress)
Phase: Ai(2)-mm-sythis-enchantress' Untap step
Phase: Ai(2)-mm-sythis-enchantress' Upkeep step
Phase: Ai(2)-mm-sythis-enchantress' Draw step
Phase: Ai(2)-mm-sythis-enchantress' Main phase, precombat
Mana: Plains (186) - {T}: Add {W}.
Mana: Forest (141) - {T}: Add {G}.
Mana: Thought Vessel (145) - {T}: Add {C}.
Mana: Forest (144) - {T}: Add {G}.
Mana: Branchloft Pathway (177) - {T}: Add {G}.
Add To Stack: Ai(2)-mm-sythis-enchantress cast Mirari's Wake
Add To Stack: Ai(2)-mm-sythis-enchantress triggered Sythis, Harvest's Hand
Life: Life: Ai(2)-mm-sythis-enchantress 28 > 29
Resolve Stack: Whenever you cast an enchantment spell, you gain 1 life and draw a card. [Card: Mirari's Wake (132), Activator: Ai(2)-mm-sythis-enchantress, SpellAbility: Mirari's Wake]
Add To Stack: Ai(2)-mm-sythis-enchantress triggered Heliod, Sun-Crowned targeting [Sanctum Weaver (168)]
Resolve Stack: Whenever you gain life, put a +1/+1 counter on target creature or enchantment you control. (Targeting: [[Sanctum Weaver (168)]]) [Player: Ai(2)-mm-sythis-enchantress, Gained Amount: 1]
Resolve Stack: Mirari's Wake
Mana: Plains (192) - {T}: Add {W}.
Mana: Forest (140) - {T}: Add {G}.
Add To Stack: Ai(2)-mm-sythis-enchantress cast Archon of Sun's Grace
Resolve Stack: Archon of Sun's Grace - Creature 3 / 4
Phase: Ai(2)-mm-sythis-enchantress' Beginning of Combat Step
Phase: Ai(2)-mm-sythis-enchantress' Declare Attackers Step
Phase: Ai(2)-mm-sythis-enchantress' Declare Blockers Step
Phase: Ai(2)-mm-sythis-enchantress' First Strike Damage Step
Phase: Ai(2)-mm-sythis-enchantress' Combat Damage Step
Phase: Ai(2)-mm-sythis-enchantress' End of Combat Step
Phase: Ai(2)-mm-sythis-enchantress' Main phase, postcombat
Phase: Ai(2)-mm-sythis-enchantress' End step
Phase: Ai(2)-mm-sythis-enchantress' Cleanup step
Turn: Turn 47 (Ai(3)-mm-giada-angels)
Phase: Ai(3)-mm-giada-angels' Untap step
Phase: Ai(3)-mm-giada-angels' Upkeep step
Phase: Ai(3)-mm-giada-angels' Draw step
Phase: Ai(3)-mm-giada-angels' Main phase, precombat
Phase: Ai(3)-mm-giada-angels' Beginning of Combat Step
Phase: Ai(3)-mm-giada-angels' Declare Attackers Step
Combat: Ai(3)-mm-giada-angels assigned Archangel of Thune (237), Archangel of Tithes (206), Brisela, Voice of Nightmares (215) and Giada, Font of Hope (302) to attack Ai(2)-mm-sythis-enchantress.
Phase: Ai(3)-mm-giada-angels' Declare Blockers Step
Mana: Plains (194) - {T}: Add {W}.
Combat: Ai(2)-mm-sythis-enchantress didn't block Archangel of Thune (237).
Ai(2)-mm-sythis-enchantress didn't block Archangel of Tithes (206).
Ai(2)-mm-sythis-enchantress assigned Sythis, Harvest's Hand (201) to block Brisela, Voice of Nightmares (215).
Ai(2)-mm-sythis-enchantress didn't block Giada, Font of Hope (302).
Phase: Ai(3)-mm-giada-angels' First Strike Damage Step
Damage: Brisela, Voice of Nightmares (215) deals 13 damage to Sythis, Harvest's Hand (201).
Life: Life: Ai(3)-mm-giada-angels 51 > 64
Zone Change: Sythis, Harvest's Hand (201) was put into Graveyard from Battlefield.
Zone Change: Whip Silk (172) was put into Graveyard from Battlefield.
Add To Stack: Ai(3)-mm-giada-angels triggered Archangel of Thune
Resolve Stack: Whenever you gain life, put a +1/+1 counter on each creature you control. [Player: Ai(3)-mm-giada-angels, Gained Amount: 13]
Phase: Ai(3)-mm-giada-angels' Combat Damage Step
Damage: Archangel of Thune (237) deals 8 combat damage to Ai(2)-mm-sythis-enchantress.
Life: Life: Ai(3)-mm-giada-angels 64 > 72
Damage: Archangel of Tithes (206) deals 7 combat damage to Ai(2)-mm-sythis-enchantress.
Damage: Giada, Font of Hope (302) deals 6 combat damage to Ai(2)-mm-sythis-enchantress.
Life: Life: Ai(2)-mm-sythis-enchantress 29 > 8
Add To Stack: Ai(3)-mm-giada-angels triggered Archangel of Thune
Resolve Stack: Whenever you gain life, put a +1/+1 counter on each creature you control. [Player: Ai(3)-mm-giada-angels, Gained Amount: 8]
Phase: Ai(3)-mm-giada-angels' End of Combat Step
Phase: Ai(3)-mm-giada-angels' Main phase, postcombat
Replacement Effect: As Cavern of Souls enters, choose a creature type.
Land: Ai(3)-mm-giada-angels played Cavern of Souls (258)
Phase: Ai(3)-mm-giada-angels' End step
Phase: Ai(3)-mm-giada-angels' Cleanup step
Turn: Turn 48 (Ai(4)-mm-baylen-tokens)
Phase: Ai(4)-mm-baylen-tokens' Untap step
Phase: Ai(4)-mm-baylen-tokens' Upkeep step
Phase: Ai(4)-mm-baylen-tokens' Draw step
Phase: Ai(4)-mm-baylen-tokens' Main phase, precombat
Phase: Ai(4)-mm-baylen-tokens' Beginning of Combat Step
Phase: Ai(4)-mm-baylen-tokens' Declare Attackers Step
Phase: Ai(4)-mm-baylen-tokens' Declare Blockers Step
Phase: Ai(4)-mm-baylen-tokens' First Strike Damage Step
Phase: Ai(4)-mm-baylen-tokens' Combat Damage Step
Phase: Ai(4)-mm-baylen-tokens' End of Combat Step
Phase: Ai(4)-mm-baylen-tokens' Main phase, postcombat
Phase: Ai(4)-mm-baylen-tokens' End step
Phase: Ai(4)-mm-baylen-tokens' Cleanup step
Turn: Turn 49 (Ai(1)-mm-muldrotha-value)
Phase: Ai(1)-mm-muldrotha-value's Untap step
Phase: Ai(1)-mm-muldrotha-value's Upkeep step
Add To Stack: Ai(1)-mm-muldrotha-value triggered The Gitrog Monster
Zone Change: Breeding Pool (68) was put into Graveyard from Battlefield.
Resolve Stack: At the beginning of your upkeep, sacrifice The Gitrog Monster unless you sacrifice a land. [Phase: Ai(1)-mm-muldrotha-value]
Add To Stack: Ai(1)-mm-muldrotha-value triggered The Gitrog Monster
Resolve Stack: Whenever one or more land cards are put into your graveyard from anywhere, draw a card. [Amount: 1]
Phase: Ai(1)-mm-muldrotha-value's Draw step
Phase: Ai(1)-mm-muldrotha-value's Main phase, precombat
Land: Ai(1)-mm-muldrotha-value played Command Tower (13)
Land: Ai(1)-mm-muldrotha-value played Polluted Delta (10)
Life: Life: Ai(1)-mm-muldrotha-value 16 > 15
Zone Change: Polluted Delta (10) was put into Graveyard from Battlefield.
Add To Stack: Ai(1)-mm-muldrotha-value activated Polluted Delta
Add To Stack: Ai(1)-mm-muldrotha-value triggered The Gitrog Monster
Resolve Stack: Whenever one or more land cards are put into your graveyard from anywhere, draw a card. [Amount: 1]
Replacement Effect: As Watery Grave enters, you may pay 2 life. If you don't, it enters tapped.
Resolve Stack: Polluted Delta (10) - Ai(1)-mm-muldrotha-value searches their library for an Island or Swamp card, puts it onto the battlefield, then shuffles.
Phase: Ai(1)-mm-muldrotha-value's Beginning of Combat Step
Phase: Ai(1)-mm-muldrotha-value's Declare Attackers Step
Phase: Ai(1)-mm-muldrotha-value's Declare Blockers Step
Phase: Ai(1)-mm-muldrotha-value's First Strike Damage Step
Phase: Ai(1)-mm-muldrotha-value's Combat Damage Step
Phase: Ai(1)-mm-muldrotha-value's End of Combat Step
Phase: Ai(1)-mm-muldrotha-value's Main phase, postcombat
Mana: Island (33) - {T}: Add {U}.
Mana: Swamp (62) - {T}: Add {B}.
Mana: Forest (41) - {T}: Add {G}.
Discard: Ai(1)-mm-muldrotha-value discards Zagoth Triome (15).
Add To Stack: Ai(1)-mm-muldrotha-value cast Teval, the Balanced Scale
Add To Stack: Ai(1)-mm-muldrotha-value triggered The Gitrog Monster
Resolve Stack: Whenever one or more land cards are put into your graveyard from anywhere, draw a card. [Amount: 1]
Resolve Stack: Teval, the Balanced Scale - Creature 4 / 4
Mana: Swamp (64) - {T}: Add {B}.
Mana: Forest (39) - {T}: Add {G}.
Add To Stack: Ai(1)-mm-muldrotha-value cast Underrealm Lich
Add To Stack: Ai(1)-mm-muldrotha-value triggered Teval, the Balanced Scale
Resolve Stack: Whenever one or more cards leave your graveyard, create a 2/2 black Zombie Druid creature token. [Amount: 1]
Resolve Stack: Underrealm Lich - Creature 4 / 3
Phase: Ai(1)-mm-muldrotha-value's End step
Phase: Ai(1)-mm-muldrotha-value's Cleanup step
Turn: Turn 50 (Ai(2)-mm-sythis-enchantress)
Phase: Ai(2)-mm-sythis-enchantress' Untap step
Phase: Ai(2)-mm-sythis-enchantress' Upkeep step
Phase: Ai(2)-mm-sythis-enchantress' Draw step
Phase: Ai(2)-mm-sythis-enchantress' Main phase, precombat
Phase: Ai(2)-mm-sythis-enchantress' Beginning of Combat Step
Phase: Ai(2)-mm-sythis-enchantress' Declare Attackers Step
Phase: Ai(2)-mm-sythis-enchantress' Declare Blockers Step
Phase: Ai(2)-mm-sythis-enchantress' First Strike Damage Step
Phase: Ai(2)-mm-sythis-enchantress' Combat Damage Step
Phase: Ai(2)-mm-sythis-enchantress' End of Combat Step
Phase: Ai(2)-mm-sythis-enchantress' Main phase, postcombat
Phase: Ai(2)-mm-sythis-enchantress' End step
Phase: Ai(2)-mm-sythis-enchantress' Cleanup step
Turn: Turn 51 (Ai(3)-mm-giada-angels)
Phase: Ai(3)-mm-giada-angels' Untap step
Phase: Ai(3)-mm-giada-angels' Upkeep step
Phase: Ai(3)-mm-giada-angels' Draw step
Phase: Ai(3)-mm-giada-angels' Main phase, precombat
Phase: Ai(3)-mm-giada-angels' Beginning of Combat Step
Phase: Ai(3)-mm-giada-angels' Declare Attackers Step
Combat: Ai(3)-mm-giada-angels assigned Brisela, Voice of Nightmares (215), Archangel of Thune (237), Archangel of Tithes (206) and Giada, Font of Hope (302) to attack Ai(1)-mm-muldrotha-value.
Phase: Ai(3)-mm-giada-angels' Declare Blockers Step
Mana: Hinterland Harbor (27) - {T}: Add {G} or {U}.
Mana: Sunken Hollow (28) - {T}: Add {B}.
Combat: Ai(1)-mm-muldrotha-value assigned Six (22) to block Brisela, Voice of Nightmares (215).
Ai(1)-mm-muldrotha-value assigned Teval, the Balanced Scale (95) to block Archangel of Thune (237).
Ai(1)-mm-muldrotha-value didn't block Archangel of Tithes (206).
Ai(1)-mm-muldrotha-value didn't block Giada, Font of Hope (302).
Phase: Ai(3)-mm-giada-angels' First Strike Damage Step
Damage: Brisela, Voice of Nightmares (215) deals 15 damage to Six (22).
Life: Life: Ai(3)-mm-giada-angels 72 > 87
Zone Change: Six (22) was put into Graveyard from Battlefield.
Add To Stack: Ai(3)-mm-giada-angels triggered Archangel of Thune
Resolve Stack: Whenever you gain life, put a +1/+1 counter on each creature you control. [Player: Ai(3)-mm-giada-angels, Gained Amount: 15]
Phase: Ai(3)-mm-giada-angels' Combat Damage Step
Damage: Archangel of Thune (237) deals 10 damage to Teval, the Balanced Scale (95).
Life: Life: Ai(3)-mm-giada-angels 87 > 97
Damage: Archangel of Tithes (206) deals 9 combat damage to Ai(1)-mm-muldrotha-value.
Damage: Giada, Font of Hope (302) deals 8 combat damage to Ai(1)-mm-muldrotha-value.
Damage: Teval, the Balanced Scale (95) deals 4 damage to Archangel of Thune (237).
Life: Life: Ai(1)-mm-muldrotha-value 15 > -2
Add To Stack: Ai(3)-mm-giada-angels triggered Archangel of Thune
Resolve Stack: Whenever you gain life, put a +1/+1 counter on each creature you control. [Player: Ai(3)-mm-giada-angels, Gained Amount: 10]
Phase: Ai(3)-mm-giada-angels' End of Combat Step
Phase: Ai(3)-mm-giada-angels' Main phase, postcombat
Land: Ai(3)-mm-giada-angels played Plains (275)
Phase: Ai(3)-mm-giada-angels' End step
Phase: Ai(3)-mm-giada-angels' Cleanup step
Turn: Turn 52 (Ai(4)-mm-baylen-tokens)
Phase: Ai(4)-mm-baylen-tokens' Untap step
Phase: Ai(4)-mm-baylen-tokens' Upkeep step
Phase: Ai(4)-mm-baylen-tokens' Draw step
Phase: Ai(4)-mm-baylen-tokens' Main phase, precombat
Phase: Ai(4)-mm-baylen-tokens' Beginning of Combat Step
Phase: Ai(4)-mm-baylen-tokens' Declare Attackers Step
Phase: Ai(4)-mm-baylen-tokens' Declare Blockers Step
Phase: Ai(4)-mm-baylen-tokens' First Strike Damage Step
Phase: Ai(4)-mm-baylen-tokens' Combat Damage Step
Phase: Ai(4)-mm-baylen-tokens' End of Combat Step
Phase: Ai(4)-mm-baylen-tokens' Main phase, postcombat
Phase: Ai(4)-mm-baylen-tokens' End step
Phase: Ai(4)-mm-baylen-tokens' Cleanup step
Turn: Turn 53 (Ai(2)-mm-sythis-enchantress)
Phase: Ai(2)-mm-sythis-enchantress' Untap step
Phase: Ai(2)-mm-sythis-enchantress' Upkeep step
Phase: Ai(2)-mm-sythis-enchantress' Draw step
Phase: Ai(2)-mm-sythis-enchantress' Main phase, precombat
Phase: Ai(2)-mm-sythis-enchantress' Beginning of Combat Step
Phase: Ai(2)-mm-sythis-enchantress' Declare Attackers Step
Phase: Ai(2)-mm-sythis-enchantress' Declare Blockers Step
Phase: Ai(2)-mm-sythis-enchantress' First Strike Damage Step
Phase: Ai(2)-mm-sythis-enchantress' Combat Damage Step
Phase: Ai(2)-mm-sythis-enchantress' End of Combat Step
Phase: Ai(2)-mm-sythis-enchantress' Main phase, postcombat
Phase: Ai(2)-mm-sythis-enchantress' End step
Phase: Ai(2)-mm-sythis-enchantress' Cleanup step
Turn: Turn 54 (Ai(3)-mm-giada-angels)
Phase: Ai(3)-mm-giada-angels' Untap step
Phase: Ai(3)-mm-giada-angels' Upkeep step
Phase: Ai(3)-mm-giada-angels' Draw step
Phase: Ai(3)-mm-giada-angels' Main phase, precombat
Phase: Ai(3)-mm-giada-angels' Beginning of Combat Step
Phase: Ai(3)-mm-giada-angels' Declare Attackers Step
Combat: Ai(3)-mm-giada-angels assigned Brisela, Voice of Nightmares (215), Archangel of Thune (237), Archangel of Tithes (206) and Giada, Font of Hope (302) to attack Ai(2)-mm-sythis-enchantress.
Phase: Ai(3)-mm-giada-angels' Declare Blockers Step
Combat: Ai(2)-mm-sythis-enchantress didn't block Brisela, Voice of Nightmares (215).
Ai(2)-mm-sythis-enchantress didn't block Archangel of Thune (237).
Ai(2)-mm-sythis-enchantress didn't block Archangel of Tithes (206).
Ai(2)-mm-sythis-enchantress didn't block Giada, Font of Hope (302).
Phase: Ai(3)-mm-giada-angels' First Strike Damage Step
Damage: Brisela, Voice of Nightmares (215) deals 17 combat damage to Ai(2)-mm-sythis-enchantress.
Life: Life: Ai(3)-mm-giada-angels 97 > 114
Life: Life: Ai(2)-mm-sythis-enchantress 8 > -9
Add To Stack: Ai(3)-mm-giada-angels triggered Archangel of Thune
Resolve Stack: Whenever you gain life, put a +1/+1 counter on each creature you control. [Player: Ai(3)-mm-giada-angels, Gained Amount: 17]
Phase: Ai(3)-mm-giada-angels' Combat Damage Step
Phase: Ai(3)-mm-giada-angels' End of Combat Step
Phase: Ai(3)-mm-giada-angels' Main phase, postcombat
Land: Ai(3)-mm-giada-angels played Plains (271)
Phase: Ai(3)-mm-giada-angels' End step
Phase: Ai(3)-mm-giada-angels' Cleanup step
Turn: Turn 55 (Ai(4)-mm-baylen-tokens)
Phase: Ai(4)-mm-baylen-tokens' Untap step
Phase: Ai(4)-mm-baylen-tokens' Upkeep step
Phase: Ai(4)-mm-baylen-tokens' Draw step
Phase: Ai(4)-mm-baylen-tokens' Main phase, precombat
Phase: Ai(4)-mm-baylen-tokens' Beginning of Combat Step
Phase: Ai(4)-mm-baylen-tokens' Declare Attackers Step
Phase: Ai(4)-mm-baylen-tokens' Declare Blockers Step
Phase: Ai(4)-mm-baylen-tokens' First Strike Damage Step
Phase: Ai(4)-mm-baylen-tokens' Combat Damage Step
Phase: Ai(4)-mm-baylen-tokens' End of Combat Step
Phase: Ai(4)-mm-baylen-tokens' Main phase, postcombat
Phase: Ai(4)-mm-baylen-tokens' End step
Phase: Ai(4)-mm-baylen-tokens' Cleanup step
Turn: Turn 56 (Ai(3)-mm-giada-angels)
Phase: Ai(3)-mm-giada-angels' Untap step
Phase: Ai(3)-mm-giada-angels' Upkeep step
Phase: Ai(3)-mm-giada-angels' Draw step
Phase: Ai(3)-mm-giada-angels' Main phase, precombat
Phase: Ai(3)-mm-giada-angels' Beginning of Combat Step
Phase: Ai(3)-mm-giada-angels' Declare Attackers Step
Combat: Ai(3)-mm-giada-angels assigned Brisela, Voice of Nightmares (215), Archangel of Thune (237), Archangel of Tithes (206) and Giada, Font of Hope (302) to attack Ai(4)-mm-baylen-tokens.
Phase: Ai(3)-mm-giada-angels' Declare Blockers Step
Combat: Ai(4)-mm-baylen-tokens didn't block Brisela, Voice of Nightmares (215).
Ai(4)-mm-baylen-tokens didn't block Archangel of Thune (237).
Ai(4)-mm-baylen-tokens didn't block Archangel of Tithes (206).
Ai(4)-mm-baylen-tokens didn't block Giada, Font of Hope (302).
Phase: Ai(3)-mm-giada-angels' First Strike Damage Step
Damage: Brisela, Voice of Nightmares (215) deals 18 combat damage to Ai(4)-mm-baylen-tokens.
Life: Life: Ai(3)-mm-giada-angels 114 > 132
Life: Life: Ai(4)-mm-baylen-tokens 37 > 19
Add To Stack: Ai(3)-mm-giada-angels triggered Archangel of Thune
Resolve Stack: Whenever you gain life, put a +1/+1 counter on each creature you control. [Player: Ai(3)-mm-giada-angels, Gained Amount: 18]
Phase: Ai(3)-mm-giada-angels' Combat Damage Step
Damage: Archangel of Thune (237) deals 13 combat damage to Ai(4)-mm-baylen-tokens.
Life: Life: Ai(3)-mm-giada-angels 132 > 145
Damage: Archangel of Tithes (206) deals 12 combat damage to Ai(4)-mm-baylen-tokens.
Damage: Giada, Font of Hope (302) deals 11 combat damage to Ai(4)-mm-baylen-tokens.
Life: Life: Ai(4)-mm-baylen-tokens 19 > -17
Player Control: Ai(1)-mm-muldrotha-value has restored control over themself
Player Control: Ai(2)-mm-sythis-enchantress has restored control over themself
Player Control: Ai(3)-mm-giada-angels has restored control over themself
Player Control: Ai(4)-mm-baylen-tokens has restored control over themself
Game Outcome: Turn 28
Game Outcome: Ai(1)-mm-muldrotha-value has lost because life total reached 0
Game Outcome: Ai(2)-mm-sythis-enchantress has lost because life total reached 0
Game Outcome: Ai(3)-mm-giada-angels has won because all opponents have lost
Game Outcome: Ai(4)-mm-baylen-tokens has lost because life total reached 0
Match Result: Ai(1)-mm-muldrotha-value: 0 Ai(2)-mm-sythis-enchantress: 1 Ai(3)-mm-giada-angels: 1 Ai(4)-mm-baylen-tokens: 0 

Game Result: Game 2 ended in 119224 ms. Ai(3)-mm-giada-angels has won!

