Error handling registered!
15:45:54 [INFO ] GuiBase: ##########################################
15:45:54 [INFO ] GuiBase: APP: Forge v.2.0.14-SNAPSHOT-08.08
15:45:54 [INFO ] GuiBase: Java: 21.0.9 (Oracle Corporation)
15:45:54 [INFO ] GuiBase: OS: Mac OS X 26.3 aarch64
15:45:54 [INFO ] GuiBase: RAM: 4096 MB max, 8 CPUs
15:45:54 [INFO ] GuiBase: ##########################################
Language 'en-US' loaded successfully.
(ThreadUtil first call): Running with priority 5
Read cards: 33617 archived files in 1 ms (25 parts) using thread pool
Upcoming set Star Trek (TRK) dated in the future. All `upcoming` cards will be added to this set with unknown rarity.
The card A-Alrund's Epiphany was not assigned to any set. Adding it to UNKNOWN set... to fix see res/editions/ folder. 
The card A-Baba Lysaga, Night Witch was not assigned to any set. Adding it to UNKNOWN set... to fix see res/editions/ folder. 
The card A-Divide by Zero was not assigned to any set. Adding it to UNKNOWN set... to fix see res/editions/ folder. 
The card A-Esika's Chariot was not assigned to any set. Adding it to UNKNOWN set... to fix see res/editions/ folder. 
The card A-Faceless Haven was not assigned to any set. Adding it to UNKNOWN set... to fix see res/editions/ folder. 
The card A-Fires of Invention was not assigned to any set. Adding it to UNKNOWN set... to fix see res/editions/ folder. 
The card A-Goldspan Dragon was not assigned to any set. Adding it to UNKNOWN set... to fix see res/editions/ folder. 
The card A-Hullbreaker Horror was not assigned to any set. Adding it to UNKNOWN set... to fix see res/editions/ folder. 
The card A-Kumano Faces Kakkazan was not assigned to any set. Adding it to UNKNOWN set... to fix see res/editions/ folder. 
The card A-Luminarch Aspirant was not assigned to any set. Adding it to UNKNOWN set... to fix see res/editions/ folder. 
The card A-Monster Manual was not assigned to any set. Adding it to UNKNOWN set... to fix see res/editions/ folder. 
The card A-Omnath, Locus of Creation was not assigned to any set. Adding it to UNKNOWN set... to fix see res/editions/ folder. 
The card A-The Meathook Massacre was not assigned to any set. Adding it to UNKNOWN set... to fix see res/editions/ folder. 
The card A-Unholy Heat was not assigned to any set. Adding it to UNKNOWN set... to fix see res/editions/ folder. 
The card Blinding Radiance was not assigned to any set. Adding it to UNKNOWN set... to fix see res/editions/ folder. 
The card Goblin Bruiser was not assigned to any set. Adding it to UNKNOWN set... to fix see res/editions/ folder. 
The card Ogre Painbringer was not assigned to any set. Adding it to UNKNOWN set... to fix see res/editions/ folder. 
The card Titanic Pelagosaur was not assigned to any set. Adding it to UNKNOWN set... to fix see res/editions/ folder. 
The card Treetop Recluse was not assigned to any set. Adding it to UNKNOWN set... to fix see res/editions/ folder. 
Upcoming set Star Trek (TRK) dated in the future. All `upcoming` cards will be added to this set with unknown rarity.
Read cards: 836 files in 0 ms (8 parts) using thread pool
Simulation mode
Ai(1)-mm-giada-angels [Experimental] vs Ai(2)-mm-baylen-tokens [Experimental] vs Ai(3)-mm-muldrotha-value [Experimental] vs Ai(4)-mm-sythis-enchantress [Experimental] - two games of Commander seed 654202844
Warning: default (ie. inherited from base class) implementation of confirmAction is used by Sythis, Harvest's Hand for forge.ai.ability.PermanentCreatureAi. Consider declaring an overloaded method
Warning: default (ie. inherited from base class) implementation of confirmAction is used by Giada, Font of Hope for forge.ai.ability.PermanentCreatureAi. Consider declaring an overloaded method
Warning: default (ie. inherited from base class) implementation of confirmAction is used by Sythis, Harvest's Hand for forge.ai.ability.PermanentCreatureAi. Consider declaring an overloaded method
Warning: default (ie. inherited from base class) implementation of confirmAction is used by Sythis, Harvest's Hand for forge.ai.ability.PermanentCreatureAi. Consider declaring an overloaded method
Mulligan: Ai(2)-mm-baylen-tokens has kept a hand of 7 cards
Mulligan: Ai(3)-mm-muldrotha-value has kept a hand of 7 cards
Mulligan: Ai(4)-mm-sythis-enchantress has kept a hand of 7 cards
Mulligan: Ai(1)-mm-giada-angels has kept a hand of 7 cards
Turn: Turn 1 (Ai(2)-mm-baylen-tokens)
Phase: Ai(2)-mm-baylen-tokens' Untap step
Phase: Ai(2)-mm-baylen-tokens' Upkeep step
Phase: Ai(2)-mm-baylen-tokens' Draw step
Phase: Ai(2)-mm-baylen-tokens' Main phase, precombat
Replacement Effect: Jetmir's Garden enters tapped.
Land: Ai(2)-mm-baylen-tokens played Jetmir's Garden (121)
Phase: Ai(2)-mm-baylen-tokens' Beginning of Combat Step
Phase: Ai(2)-mm-baylen-tokens' Declare Attackers Step
Phase: Ai(2)-mm-baylen-tokens' Declare Blockers Step
Phase: Ai(2)-mm-baylen-tokens' First Strike Damage Step
Phase: Ai(2)-mm-baylen-tokens' Combat Damage Step
Phase: Ai(2)-mm-baylen-tokens' End of Combat Step
Phase: Ai(2)-mm-baylen-tokens' Main phase, postcombat
Phase: Ai(2)-mm-baylen-tokens' End step
Phase: Ai(2)-mm-baylen-tokens' Cleanup step
Turn: Turn 2 (Ai(3)-mm-muldrotha-value)
Phase: Ai(3)-mm-muldrotha-value's Untap step
Phase: Ai(3)-mm-muldrotha-value's Upkeep step
Phase: Ai(3)-mm-muldrotha-value's Draw step
Phase: Ai(3)-mm-muldrotha-value's Main phase, precombat
Land: Ai(3)-mm-muldrotha-value played Swamp (264)
Phase: Ai(3)-mm-muldrotha-value's Beginning of Combat Step
Phase: Ai(3)-mm-muldrotha-value's Declare Attackers Step
Phase: Ai(3)-mm-muldrotha-value's Declare Blockers Step
Phase: Ai(3)-mm-muldrotha-value's First Strike Damage Step
Phase: Ai(3)-mm-muldrotha-value's Combat Damage Step
Phase: Ai(3)-mm-muldrotha-value's End of Combat Step
Phase: Ai(3)-mm-muldrotha-value's Main phase, postcombat
Mana: Swamp (264) - {T}: Add {B}.
Add To Stack: Ai(3)-mm-muldrotha-value cast Stitcher's Supplier
Resolve Stack: Stitcher's Supplier - Creature 1 / 1
Add To Stack: Ai(3)-mm-muldrotha-value triggered Stitcher's Supplier
Zone Change: Ai(3)-mm-muldrotha-value milled Arcane Signet (298), Opulent Palace (279) and Ripples of Undeath (218).
Resolve Stack: When Stitcher's Supplier enters or dies, mill three cards. [Zone Changer: Stitcher's Supplier (287)]
Phase: Ai(3)-mm-muldrotha-value's End step
Phase: Ai(3)-mm-muldrotha-value's Cleanup step
Turn: Turn 3 (Ai(4)-mm-sythis-enchantress)
Phase: Ai(4)-mm-sythis-enchantress' Untap step
Phase: Ai(4)-mm-sythis-enchantress' Upkeep step
Phase: Ai(4)-mm-sythis-enchantress' Draw step
Phase: Ai(4)-mm-sythis-enchantress' Main phase, precombat
Replacement Effect: Canopy Vista enters tapped unless you control two or more basic lands.
Land: Ai(4)-mm-sythis-enchantress played Canopy Vista (371)
Phase: Ai(4)-mm-sythis-enchantress' Beginning of Combat Step
Phase: Ai(4)-mm-sythis-enchantress' Declare Attackers Step
Phase: Ai(4)-mm-sythis-enchantress' Declare Blockers Step
Phase: Ai(4)-mm-sythis-enchantress' First Strike Damage Step
Phase: Ai(4)-mm-sythis-enchantress' Combat Damage Step
Phase: Ai(4)-mm-sythis-enchantress' End of Combat Step
Phase: Ai(4)-mm-sythis-enchantress' Main phase, postcombat
Phase: Ai(4)-mm-sythis-enchantress' End step
Phase: Ai(4)-mm-sythis-enchantress' Cleanup step
Turn: Turn 4 (Ai(1)-mm-giada-angels)
Phase: Ai(1)-mm-giada-angels' Untap step
Phase: Ai(1)-mm-giada-angels' Upkeep step
Phase: Ai(1)-mm-giada-angels' Draw step
Phase: Ai(1)-mm-giada-angels' Main phase, precombat
Land: Ai(1)-mm-giada-angels played Plains (85)
Phase: Ai(1)-mm-giada-angels' Beginning of Combat Step
Phase: Ai(1)-mm-giada-angels' Declare Attackers Step
Phase: Ai(1)-mm-giada-angels' Declare Blockers Step
Phase: Ai(1)-mm-giada-angels' First Strike Damage Step
Phase: Ai(1)-mm-giada-angels' Combat Damage Step
Phase: Ai(1)-mm-giada-angels' End of Combat Step
Phase: Ai(1)-mm-giada-angels' Main phase, postcombat
Phase: Ai(1)-mm-giada-angels' End step
Phase: Ai(1)-mm-giada-angels' Cleanup step
Turn: Turn 5 (Ai(2)-mm-baylen-tokens)
Phase: Ai(2)-mm-baylen-tokens' Untap step
Phase: Ai(2)-mm-baylen-tokens' Upkeep step
Phase: Ai(2)-mm-baylen-tokens' Draw step
Phase: Ai(2)-mm-baylen-tokens' Main phase, precombat
Replacement Effect: Rootbound Crag enters tapped unless you control a Mountain or a Forest.
Land: Ai(2)-mm-baylen-tokens played Rootbound Crag (195)
Phase: Ai(2)-mm-baylen-tokens' Beginning of Combat Step
Phase: Ai(2)-mm-baylen-tokens' Declare Attackers Step
Phase: Ai(2)-mm-baylen-tokens' Declare Blockers Step
Phase: Ai(2)-mm-baylen-tokens' First Strike Damage Step
Phase: Ai(2)-mm-baylen-tokens' Combat Damage Step
Phase: Ai(2)-mm-baylen-tokens' End of Combat Step
Phase: Ai(2)-mm-baylen-tokens' Main phase, postcombat
Mana: Jetmir's Garden (121) - {T}: Add {W}.
Mana: Rootbound Crag (195) - {T}: Add {R} or {G}.
Add To Stack: Ai(2)-mm-baylen-tokens cast Hare Apparent
Resolve Stack: Hare Apparent - Creature 2 / 2
Add To Stack: Ai(2)-mm-baylen-tokens triggered Hare Apparent
Resolve Stack: When this creature enters, create a number of 1/1 white Rabbit creature tokens equal to the number of other creatures you control named Hare Apparent. [Zone Changer: Hare Apparent (156)]
Phase: Ai(2)-mm-baylen-tokens' End step
Phase: Ai(2)-mm-baylen-tokens' Cleanup step
Turn: Turn 6 (Ai(3)-mm-muldrotha-value)
Phase: Ai(3)-mm-muldrotha-value's Untap step
Phase: Ai(3)-mm-muldrotha-value's Upkeep step
Phase: Ai(3)-mm-muldrotha-value's Draw step
Phase: Ai(3)-mm-muldrotha-value's Main phase, precombat
Land: Ai(3)-mm-muldrotha-value played Evolving Wilds (239)
Zone Change: Evolving Wilds (239) was put into Graveyard from Battlefield.
Add To Stack: Ai(3)-mm-muldrotha-value activated Evolving Wilds
Resolve Stack: Evolving Wilds (239) - Ai(3)-mm-muldrotha-value searches their library for a basic land card, puts it onto the battlefield tapped, then shuffles.
Mana: Swamp (264) - {T}: Add {B}.
Add To Stack: Ai(3)-mm-muldrotha-value cast Kaya's Ghostform targeting [Stitcher's Supplier (287)]
Resolve Stack: Kaya's Ghostform (293) -  Attach to Stitcher's Supplier (287)
Phase: Ai(3)-mm-muldrotha-value's Beginning of Combat Step
Phase: Ai(3)-mm-muldrotha-value's Declare Attackers Step
Phase: Ai(3)-mm-muldrotha-value's Declare Blockers Step
Phase: Ai(3)-mm-muldrotha-value's First Strike Damage Step
Phase: Ai(3)-mm-muldrotha-value's Combat Damage Step
Phase: Ai(3)-mm-muldrotha-value's End of Combat Step
Phase: Ai(3)-mm-muldrotha-value's Main phase, postcombat
Phase: Ai(3)-mm-muldrotha-value's End step
Phase: Ai(3)-mm-muldrotha-value's Cleanup step
Turn: Turn 7 (Ai(4)-mm-sythis-enchantress)
Phase: Ai(4)-mm-sythis-enchantress' Untap step
Phase: Ai(4)-mm-sythis-enchantress' Upkeep step
Phase: Ai(4)-mm-sythis-enchantress' Draw step
Phase: Ai(4)-mm-sythis-enchantress' Main phase, precombat
Land: Ai(4)-mm-sythis-enchantress played Plains (389)
Phase: Ai(4)-mm-sythis-enchantress' Beginning of Combat Step
Phase: Ai(4)-mm-sythis-enchantress' Declare Attackers Step
Phase: Ai(4)-mm-sythis-enchantress' Declare Blockers Step
Phase: Ai(4)-mm-sythis-enchantress' First Strike Damage Step
Phase: Ai(4)-mm-sythis-enchantress' Combat Damage Step
Phase: Ai(4)-mm-sythis-enchantress' End of Combat Step
Phase: Ai(4)-mm-sythis-enchantress' Main phase, postcombat
Mana: Canopy Vista (371) - {T}: Add {G}.
Mana: Plains (389) - {T}: Add {W}.
Add To Stack: Ai(4)-mm-sythis-enchantress cast Weaver of Harmony
Resolve Stack: Weaver of Harmony - Creature 2 / 2
Phase: Ai(4)-mm-sythis-enchantress' End step
Phase: Ai(4)-mm-sythis-enchantress' Cleanup step
Turn: Turn 8 (Ai(1)-mm-giada-angels)
Phase: Ai(1)-mm-giada-angels' Untap step
Phase: Ai(1)-mm-giada-angels' Upkeep step
Phase: Ai(1)-mm-giada-angels' Draw step
Phase: Ai(1)-mm-giada-angels' Main phase, precombat
Land: Ai(1)-mm-giada-angels played Plains (82)
Phase: Ai(1)-mm-giada-angels' Beginning of Combat Step
Phase: Ai(1)-mm-giada-angels' Declare Attackers Step
Phase: Ai(1)-mm-giada-angels' Declare Blockers Step
Phase: Ai(1)-mm-giada-angels' First Strike Damage Step
Phase: Ai(1)-mm-giada-angels' Combat Damage Step
Phase: Ai(1)-mm-giada-angels' End of Combat Step
Phase: Ai(1)-mm-giada-angels' Main phase, postcombat
Mana: Plains (85) - {T}: Add {W}.
Mana: Plains (82) - {T}: Add {W}.
Add To Stack: Ai(1)-mm-giada-angels cast Giada, Font of Hope
Resolve Stack: Giada, Font of Hope - Creature 2 / 2
Phase: Ai(1)-mm-giada-angels' End step
Phase: Ai(1)-mm-giada-angels' Cleanup step
Turn: Turn 9 (Ai(2)-mm-baylen-tokens)
Phase: Ai(2)-mm-baylen-tokens' Untap step
Phase: Ai(2)-mm-baylen-tokens' Upkeep step
Phase: Ai(2)-mm-baylen-tokens' Draw step
Phase: Ai(2)-mm-baylen-tokens' Main phase, precombat
Replacement Effect: Bountiful Promenade enters tapped unless you have two or more opponents.
Land: Ai(2)-mm-baylen-tokens played Bountiful Promenade (108)
Mana: Bountiful Promenade (108) - {T}: Add {G} or {W}.
Mana: Rootbound Crag (195) - {T}: Add {R} or {G}.
Add To Stack: Ai(2)-mm-baylen-tokens cast Hare Apparent
Resolve Stack: Hare Apparent - Creature 2 / 2
Add To Stack: Ai(2)-mm-baylen-tokens triggered Hare Apparent
Resolve Stack: When this creature enters, create a number of 1/1 white Rabbit creature tokens equal to the number of other creatures you control named Hare Apparent. [Zone Changer: Hare Apparent (154)]
Phase: Ai(2)-mm-baylen-tokens' Beginning of Combat Step
Phase: Ai(2)-mm-baylen-tokens' Declare Attackers Step
Phase: Ai(2)-mm-baylen-tokens' Declare Blockers Step
Phase: Ai(2)-mm-baylen-tokens' First Strike Damage Step
Phase: Ai(2)-mm-baylen-tokens' Combat Damage Step
Phase: Ai(2)-mm-baylen-tokens' End of Combat Step
Phase: Ai(2)-mm-baylen-tokens' Main phase, postcombat
Phase: Ai(2)-mm-baylen-tokens' End step
Phase: Ai(2)-mm-baylen-tokens' Cleanup step
Turn: Turn 10 (Ai(3)-mm-muldrotha-value)
Phase: Ai(3)-mm-muldrotha-value's Untap step
Phase: Ai(3)-mm-muldrotha-value's Upkeep step
Phase: Ai(3)-mm-muldrotha-value's Draw step
Phase: Ai(3)-mm-muldrotha-value's Main phase, precombat
Phase: Ai(3)-mm-muldrotha-value's Beginning of Combat Step
Phase: Ai(3)-mm-muldrotha-value's Declare Attackers Step
Phase: Ai(3)-mm-muldrotha-value's Declare Blockers Step
Phase: Ai(3)-mm-muldrotha-value's First Strike Damage Step
Phase: Ai(3)-mm-muldrotha-value's Combat Damage Step
Phase: Ai(3)-mm-muldrotha-value's End of Combat Step
Phase: Ai(3)-mm-muldrotha-value's Main phase, postcombat
Mana: Swamp (264) - {T}: Add {B}.
Add To Stack: Ai(3)-mm-muldrotha-value cast Entomb
Resolve Stack: Entomb (256) - Ai(3)-mm-muldrotha-value searches their library for a card, puts it into its owner's graveyard, then shuffles.
Mana: Island (238) - {T}: Add {U}.
Add To Stack: Ai(3)-mm-muldrotha-value cast Mystic Remora
Resolve Stack: Mystic Remora
Phase: Ai(3)-mm-muldrotha-value's End step
Phase: Ai(3)-mm-muldrotha-value's Cleanup step
Turn: Turn 11 (Ai(4)-mm-sythis-enchantress)
Phase: Ai(4)-mm-sythis-enchantress' Untap step
Phase: Ai(4)-mm-sythis-enchantress' Upkeep step
Phase: Ai(4)-mm-sythis-enchantress' Draw step
Phase: Ai(4)-mm-sythis-enchantress' Main phase, precombat
Land: Ai(4)-mm-sythis-enchantress played Plains (390)
Phase: Ai(4)-mm-sythis-enchantress' Beginning of Combat Step
Phase: Ai(4)-mm-sythis-enchantress' Declare Attackers Step
Phase: Ai(4)-mm-sythis-enchantress' Declare Blockers Step
Phase: Ai(4)-mm-sythis-enchantress' First Strike Damage Step
Phase: Ai(4)-mm-sythis-enchantress' Combat Damage Step
Phase: Ai(4)-mm-sythis-enchantress' End of Combat Step
Phase: Ai(4)-mm-sythis-enchantress' Main phase, postcombat
Mana: Canopy Vista (371) - {T}: Add {G}.
Mana: Plains (389) - {T}: Add {W}.
Mana: Plains (390) - {T}: Add {W}.
Add To Stack: Ai(4)-mm-sythis-enchantress cast Calix, Guided by Fate
Resolve Stack: Calix, Guided by Fate - Creature 2 / 2
Add To Stack: Ai(4)-mm-sythis-enchantress triggered Calix, Guided by Fate targeting [Calix, Guided by Fate (333)]
Resolve Stack: Constellation — Whenever Calix, Guided by Fate or another enchantment you control enters, put a +1/+1 counter on target creature. (Targeting: [[Calix, Guided by Fate (333)]]) [Zone Changer: Calix, Guided by Fate (333)]
Phase: Ai(4)-mm-sythis-enchantress' End step
Phase: Ai(4)-mm-sythis-enchantress' Cleanup step
Turn: Turn 12 (Ai(1)-mm-giada-angels)
Phase: Ai(1)-mm-giada-angels' Untap step
Phase: Ai(1)-mm-giada-angels' Upkeep step
Phase: Ai(1)-mm-giada-angels' Draw step
Phase: Ai(1)-mm-giada-angels' Main phase, precombat
Phase: Ai(1)-mm-giada-angels' Beginning of Combat Step
Phase: Ai(1)-mm-giada-angels' Declare Attackers Step
Combat: Ai(1)-mm-giada-angels assigned Giada, Font of Hope (100) to attack Ai(2)-mm-baylen-tokens.
Phase: Ai(1)-mm-giada-angels' Declare Blockers Step
Combat: Ai(2)-mm-baylen-tokens didn't block Giada, Font of Hope (100).
Phase: Ai(1)-mm-giada-angels' First Strike Damage Step
Phase: Ai(1)-mm-giada-angels' Combat Damage Step
Damage: Giada, Font of Hope (100) deals 2 combat damage to Ai(2)-mm-baylen-tokens.
Life: Life: Ai(2)-mm-baylen-tokens 40 > 38
Phase: Ai(1)-mm-giada-angels' End of Combat Step
Phase: Ai(1)-mm-giada-angels' Main phase, postcombat
Mana: Plains (85) - {T}: Add {W}.
Mana: Plains (82) - {T}: Add {W}.
Add To Stack: Ai(1)-mm-giada-angels cast Bishop of Wings
Resolve Stack: Bishop of Wings - Creature 1 / 4
Phase: Ai(1)-mm-giada-angels' End step
Phase: Ai(1)-mm-giada-angels' Cleanup step
Turn: Turn 13 (Ai(2)-mm-baylen-tokens)
Phase: Ai(2)-mm-baylen-tokens' Untap step
Phase: Ai(2)-mm-baylen-tokens' Upkeep step
Phase: Ai(2)-mm-baylen-tokens' Draw step
Phase: Ai(2)-mm-baylen-tokens' Main phase, precombat
Mana: Rootbound Crag (195) - {T}: Add {R} or {G}.
Mana: Bountiful Promenade (108) - {T}: Add {G} or {W}.
Add To Stack: Ai(2)-mm-baylen-tokens cast Lightning Greaves
Add To Stack: Ai(3)-mm-muldrotha-value triggered Mystic Remora
Resolve Stack: Whenever an opponent casts a noncreature spell, you may draw a card unless that player pays {4}. [Card: Lightning Greaves (192), Activator: Ai(2)-mm-baylen-tokens, SpellAbility: Lightning Greaves]
Resolve Stack: Lightning Greaves
Replacement Effect: Spire Garden enters tapped unless you have two or more opponents.
Land: Ai(2)-mm-baylen-tokens played Spire Garden (191)
Add To Stack: Ai(2)-mm-baylen-tokens activated Lightning Greaves targeting [Hare Apparent (156)]
Resolve Stack: Lightning Greaves (192) -  Attach to Hare Apparent (156)
Phase: Ai(2)-mm-baylen-tokens' Beginning of Combat Step
Phase: Ai(2)-mm-baylen-tokens' Declare Attackers Step
Phase: Ai(2)-mm-baylen-tokens' Declare Blockers Step
Phase: Ai(2)-mm-baylen-tokens' First Strike Damage Step
Phase: Ai(2)-mm-baylen-tokens' Combat Damage Step
Phase: Ai(2)-mm-baylen-tokens' End of Combat Step
Phase: Ai(2)-mm-baylen-tokens' Main phase, postcombat
Mana: Jetmir's Garden (121) - {T}: Add {W}.
Mana: Spire Garden (191) - {T}: Add {R} or {G}.
Add To Stack: Ai(2)-mm-baylen-tokens cast Finneas, Ace Archer
Resolve Stack: Finneas, Ace Archer - Creature 2 / 2
Phase: Ai(2)-mm-baylen-tokens' End step
Phase: Ai(2)-mm-baylen-tokens' Cleanup step
Turn: Turn 14 (Ai(3)-mm-muldrotha-value)
Phase: Ai(3)-mm-muldrotha-value's Untap step
Phase: Ai(3)-mm-muldrotha-value's Upkeep step
Add To Stack: Ai(3)-mm-muldrotha-value triggered Mystic Remora
Mana: Swamp (264) - {T}: Add {B}.
Resolve Stack: Cumulative upkeep {1} (At the beginning of your upkeep, put an age counter on this permanent, then sacrifice it unless you pay its upkeep cost for each age counter on it.) [Phase: Ai(3)-mm-muldrotha-value]
Phase: Ai(3)-mm-muldrotha-value's Draw step
Phase: Ai(3)-mm-muldrotha-value's Main phase, precombat
Land: Ai(3)-mm-muldrotha-value played Misty Rainforest (213)
Life: Life: Ai(3)-mm-muldrotha-value 40 > 39
Zone Change: Misty Rainforest (213) was put into Graveyard from Battlefield.
Add To Stack: Ai(3)-mm-muldrotha-value activated Misty Rainforest
Replacement Effect: Zagoth Triome enters tapped.
Resolve Stack: Misty Rainforest (213) - Ai(3)-mm-muldrotha-value searches their library for a Forest or Island card, puts it onto the battlefield, then shuffles.
Phase: Ai(3)-mm-muldrotha-value's Beginning of Combat Step
Phase: Ai(3)-mm-muldrotha-value's Declare Attackers Step
Phase: Ai(3)-mm-muldrotha-value's Declare Blockers Step
Phase: Ai(3)-mm-muldrotha-value's First Strike Damage Step
Phase: Ai(3)-mm-muldrotha-value's Combat Damage Step
Phase: Ai(3)-mm-muldrotha-value's End of Combat Step
Phase: Ai(3)-mm-muldrotha-value's Main phase, postcombat
Mana: Island (238) - {T}: Add {U}.
Add To Stack: Ai(3)-mm-muldrotha-value cast Sol Ring
Resolve Stack: Sol Ring
Phase: Ai(3)-mm-muldrotha-value's End step
Phase: Ai(3)-mm-muldrotha-value's Cleanup step
Turn: Turn 15 (Ai(4)-mm-sythis-enchantress)
Phase: Ai(4)-mm-sythis-enchantress' Untap step
Phase: Ai(4)-mm-sythis-enchantress' Upkeep step
Phase: Ai(4)-mm-sythis-enchantress' Draw step
Phase: Ai(4)-mm-sythis-enchantress' Main phase, precombat
Land: Ai(4)-mm-sythis-enchantress played Plains (388)
Phase: Ai(4)-mm-sythis-enchantress' Beginning of Combat Step
Phase: Ai(4)-mm-sythis-enchantress' Declare Attackers Step
Combat: Ai(4)-mm-sythis-enchantress assigned Calix, Guided by Fate (333) to attack Ai(2)-mm-baylen-tokens.
Phase: Ai(4)-mm-sythis-enchantress' Declare Blockers Step
Combat: Ai(2)-mm-baylen-tokens didn't block Calix, Guided by Fate (333).
Phase: Ai(4)-mm-sythis-enchantress' First Strike Damage Step
Phase: Ai(4)-mm-sythis-enchantress' Combat Damage Step
Damage: Calix, Guided by Fate (333) deals 4 combat damage to Ai(2)-mm-baylen-tokens.
Life: Life: Ai(2)-mm-baylen-tokens 38 > 34
Add To Stack: Ai(4)-mm-sythis-enchantress triggered Calix, Guided by Fate
Resolve Stack: Whenever Calix or an enchanted creature you control deals combat damage to a player, you may create a token that's a copy of a nonlegendary enchantment you control. Do this only once each turn. [Damage Source: Calix, Guided by Fate (333), Damaged: Ai(2)-mm-baylen-tokens, Amount: 4]
Add To Stack: Ai(4)-mm-sythis-enchantress triggered Calix, Guided by Fate targeting [Calix, Guided by Fate (333)]
Resolve Stack: Constellation — Whenever Calix, Guided by Fate or another enchantment you control enters, put a +1/+1 counter on target creature. (Targeting: [[Calix, Guided by Fate (333)]]) [Zone Changer: Weaver of Harmony (414)]
Phase: Ai(4)-mm-sythis-enchantress' End of Combat Step
Phase: Ai(4)-mm-sythis-enchantress' Main phase, postcombat
Mana: Plains (389) - {T}: Add {W}.
Mana: Plains (390) - {T}: Add {W}.
Mana: Plains (388) - {T}: Add {W}.
Add To Stack: Ai(4)-mm-sythis-enchantress cast Aura of Silence
Add To Stack: Ai(3)-mm-muldrotha-value triggered Mystic Remora
Resolve Stack: Whenever an opponent casts a noncreature spell, you may draw a card unless that player pays {4}. [Card: Aura of Silence (327), Activator: Ai(4)-mm-sythis-enchantress, SpellAbility: Aura of Silence]
Resolve Stack: Aura of Silence
Add To Stack: Ai(4)-mm-sythis-enchantress triggered Calix, Guided by Fate targeting [Calix, Guided by Fate (333)]
Resolve Stack: Constellation — Whenever Calix, Guided by Fate or another enchantment you control enters, put a +1/+1 counter on target creature. (Targeting: [[Calix, Guided by Fate (333)]]) [Zone Changer: Aura of Silence (327)]
Zone Change: Aura of Silence (327) was put into Graveyard from Battlefield.
Add To Stack: Ai(4)-mm-sythis-enchantress activated Aura of Silence targeting [Lightning Greaves (192)]
Zone Change: Lightning Greaves (192) was put into Graveyard from Battlefield.
Resolve Stack: Aura of Silence (327) - Destroy Lightning Greaves (192).
Phase: Ai(4)-mm-sythis-enchantress' End step
Phase: Ai(4)-mm-sythis-enchantress' Cleanup step
Turn: Turn 16 (Ai(1)-mm-giada-angels)
Phase: Ai(1)-mm-giada-angels' Untap step
Phase: Ai(1)-mm-giada-angels' Upkeep step
Phase: Ai(1)-mm-giada-angels' Draw step
Phase: Ai(1)-mm-giada-angels' Main phase, precombat
Phase: Ai(1)-mm-giada-angels' Beginning of Combat Step
Phase: Ai(1)-mm-giada-angels' Declare Attackers Step
Combat: Ai(1)-mm-giada-angels assigned Giada, Font of Hope (100) to attack Ai(4)-mm-sythis-enchantress.
Phase: Ai(1)-mm-giada-angels' Declare Blockers Step
Combat: Ai(4)-mm-sythis-enchantress didn't block Giada, Font of Hope (100).
Phase: Ai(1)-mm-giada-angels' First Strike Damage Step
Phase: Ai(1)-mm-giada-angels' Combat Damage Step
Damage: Giada, Font of Hope (100) deals 2 combat damage to Ai(4)-mm-sythis-enchantress.
Life: Life: Ai(4)-mm-sythis-enchantress 40 > 38
Phase: Ai(1)-mm-giada-angels' End of Combat Step
Phase: Ai(1)-mm-giada-angels' Main phase, postcombat
Mana: Plains (85) - {T}: Add {W}.
Mana: Plains (82) - {T}: Add {W}.
Add To Stack: Ai(1)-mm-giada-angels cast Youthful Valkyrie
Replacement Effect: Each other Angel you control enters with an additional +1/+1 counter on it for each Angel you already control.
Resolve Stack: Youthful Valkyrie - Creature 1 / 3
Add To Stack: Ai(1)-mm-giada-angels triggered Bishop of Wings
Life: Life: Ai(1)-mm-giada-angels 40 > 44
Resolve Stack: Whenever an Angel you control enters, you gain 4 life. [Zone Changer: Youthful Valkyrie (43)]
Phase: Ai(1)-mm-giada-angels' End step
Phase: Ai(1)-mm-giada-angels' Cleanup step
Turn: Turn 17 (Ai(2)-mm-baylen-tokens)
Phase: Ai(2)-mm-baylen-tokens' Untap step
Phase: Ai(2)-mm-baylen-tokens' Upkeep step
Phase: Ai(2)-mm-baylen-tokens' Draw step
Phase: Ai(2)-mm-baylen-tokens' Main phase, precombat
Mana: Bountiful Promenade (108) - {T}: Add {G} or {W}.
Mana: Rootbound Crag (195) - {T}: Add {R} or {G}.
Add To Stack: Ai(2)-mm-baylen-tokens cast Hare Apparent
Resolve Stack: Hare Apparent - Creature 2 / 2
Add To Stack: Ai(2)-mm-baylen-tokens triggered Hare Apparent
Resolve Stack: When this creature enters, create a number of 1/1 white Rabbit creature tokens equal to the number of other creatures you control named Hare Apparent. [Zone Changer: Hare Apparent (143)]
Phase: Ai(2)-mm-baylen-tokens' Beginning of Combat Step
Phase: Ai(2)-mm-baylen-tokens' Declare Attackers Step
Phase: Ai(2)-mm-baylen-tokens' Declare Blockers Step
Phase: Ai(2)-mm-baylen-tokens' First Strike Damage Step
Phase: Ai(2)-mm-baylen-tokens' Combat Damage Step
Phase: Ai(2)-mm-baylen-tokens' End of Combat Step
Phase: Ai(2)-mm-baylen-tokens' Main phase, postcombat
Land: Ai(2)-mm-baylen-tokens played Plains (189)
Mana: Plains (189) - {T}: Add {W}.
Mana: Spire Garden (191) - {T}: Add {R} or {G}.
Mana: Jetmir's Garden (121) - {T}: Add {G}.
Add To Stack: Ai(2)-mm-baylen-tokens cast Baylen, the Haymaker
Resolve Stack: Baylen, the Haymaker - Creature 4 / 3
Add To Stack: Ai(2)-mm-baylen-tokens activated Baylen, the Haymaker
Resolve Stack: Baylen, the Haymaker (201) - Ai(2)-mm-baylen-tokens draws a card.
Phase: Ai(2)-mm-baylen-tokens' End step
Phase: Ai(2)-mm-baylen-tokens' Cleanup step
Turn: Turn 18 (Ai(3)-mm-muldrotha-value)
Phase: Ai(3)-mm-muldrotha-value's Untap step
Phase: Ai(3)-mm-muldrotha-value's Upkeep step
Add To Stack: Ai(3)-mm-muldrotha-value triggered Mystic Remora
Mana: Sol Ring (219) - {T}: Add {C}{C}.
Resolve Stack: Cumulative upkeep {1} (At the beginning of your upkeep, put an age counter on this permanent, then sacrifice it unless you pay its upkeep cost for each age counter on it.) [Phase: Ai(3)-mm-muldrotha-value]
Phase: Ai(3)-mm-muldrotha-value's Draw step
Phase: Ai(3)-mm-muldrotha-value's Main phase, precombat
Land: Ai(3)-mm-muldrotha-value played Swamp (266)
Mana: Zagoth Triome (217) - {T}: Add {G}.
Mana: Swamp (264) - {T}: Add {B}.
Add To Stack: Ai(3)-mm-muldrotha-value cast Farseek
Replacement Effect: As Overgrown Tomb enters, you may pay 2 life. If you don't, it enters tapped.
Resolve Stack: Farseek (282) - Ai(3)-mm-muldrotha-value searches their library for a Plains, Island, Swamp or Mountain card, puts it onto the battlefield tapped, then shuffles.
Phase: Ai(3)-mm-muldrotha-value's Beginning of Combat Step
Phase: Ai(3)-mm-muldrotha-value's Declare Attackers Step
Phase: Ai(3)-mm-muldrotha-value's Declare Blockers Step
Phase: Ai(3)-mm-muldrotha-value's First Strike Damage Step
Phase: Ai(3)-mm-muldrotha-value's Combat Damage Step
Phase: Ai(3)-mm-muldrotha-value's End of Combat Step
Phase: Ai(3)-mm-muldrotha-value's Main phase, postcombat
Phase: Ai(3)-mm-muldrotha-value's End step
Phase: Ai(3)-mm-muldrotha-value's Cleanup step
Turn: Turn 19 (Ai(4)-mm-sythis-enchantress)
Phase: Ai(4)-mm-sythis-enchantress' Untap step
Phase: Ai(4)-mm-sythis-enchantress' Upkeep step
Mana: Canopy Vista (371) - {T}: Add {G}.
Mana: Plains (389) - {T}: Add {W}.
Add To Stack: Ai(4)-mm-sythis-enchantress cast Heroic Intervention
Add To Stack: Ai(3)-mm-muldrotha-value triggered Mystic Remora
Resolve Stack: Whenever an opponent casts a noncreature spell, you may draw a card unless that player pays {4}. [Card: Heroic Intervention (384), Activator: Ai(4)-mm-sythis-enchantress, SpellAbility: Permanents you control gain hexproof and indestructible until end of turn.]
Resolve Stack: Heroic Intervention (384) - Permanents you control gain hexproof and indestructible until end of turn.
Phase: Ai(4)-mm-sythis-enchantress' Draw step
Phase: Ai(4)-mm-sythis-enchantress' Main phase, precombat
Mana: Plains (390) - {T}: Add {W}.
Mana: Plains (388) - {T}: Add {W}.
Add To Stack: Ai(4)-mm-sythis-enchantress cast Blind Obedience
Add To Stack: Ai(3)-mm-muldrotha-value triggered Mystic Remora
Resolve Stack: Whenever an opponent casts a noncreature spell, you may draw a card unless that player pays {4}. [Card: Blind Obedience (332), Activator: Ai(4)-mm-sythis-enchantress, SpellAbility: Blind Obedience]
Resolve Stack: Blind Obedience
Add To Stack: Ai(4)-mm-sythis-enchantress triggered Calix, Guided by Fate targeting [Calix, Guided by Fate (333)]
Resolve Stack: Constellation — Whenever Calix, Guided by Fate or another enchantment you control enters, put a +1/+1 counter on target creature. (Targeting: [[Calix, Guided by Fate (333)]]) [Zone Changer: Blind Obedience (332)]
Phase: Ai(4)-mm-sythis-enchantress' Beginning of Combat Step
Phase: Ai(4)-mm-sythis-enchantress' Declare Attackers Step
Combat: Ai(4)-mm-sythis-enchantress assigned Calix, Guided by Fate (333), Weaver of Harmony (358) and Weaver of Harmony (414) to attack Ai(2)-mm-baylen-tokens.
Phase: Ai(4)-mm-sythis-enchantress' Declare Blockers Step
Combat: Ai(2)-mm-baylen-tokens didn't block Calix, Guided by Fate (333).
Ai(2)-mm-baylen-tokens didn't block Weaver of Harmony (358).
Ai(2)-mm-baylen-tokens didn't block Weaver of Harmony (414).
Phase: Ai(4)-mm-sythis-enchantress' First Strike Damage Step
Phase: Ai(4)-mm-sythis-enchantress' Combat Damage Step
Damage: Calix, Guided by Fate (333) deals 8 combat damage to Ai(2)-mm-baylen-tokens.
Damage: Weaver of Harmony (358) deals 3 combat damage to Ai(2)-mm-baylen-tokens.
Damage: Weaver of Harmony (414) deals 3 combat damage to Ai(2)-mm-baylen-tokens.
Life: Life: Ai(2)-mm-baylen-tokens 34 > 20
Add To Stack: Ai(4)-mm-sythis-enchantress triggered Calix, Guided by Fate
Resolve Stack: Whenever Calix or an enchanted creature you control deals combat damage to a player, you may create a token that's a copy of a nonlegendary enchantment you control. Do this only once each turn. [Damage Source: Calix, Guided by Fate (333), Damaged: Ai(2)-mm-baylen-tokens, Amount: 8]
Add To Stack: Ai(4)-mm-sythis-enchantress triggered Calix, Guided by Fate targeting [Calix, Guided by Fate (333)]
Resolve Stack: Constellation — Whenever Calix, Guided by Fate or another enchantment you control enters, put a +1/+1 counter on target creature. (Targeting: [[Calix, Guided by Fate (333)]]) [Zone Changer: Blind Obedience (421)]
Phase: Ai(4)-mm-sythis-enchantress' End of Combat Step
Phase: Ai(4)-mm-sythis-enchantress' Main phase, postcombat
Phase: Ai(4)-mm-sythis-enchantress' End step
Phase: Ai(4)-mm-sythis-enchantress' Cleanup step
Turn: Turn 20 (Ai(1)-mm-giada-angels)
Phase: Ai(1)-mm-giada-angels' Untap step
Phase: Ai(1)-mm-giada-angels' Upkeep step
Phase: Ai(1)-mm-giada-angels' Draw step
Phase: Ai(1)-mm-giada-angels' Main phase, precombat
Land: Ai(1)-mm-giada-angels played Seraph Sanctuary (67)
Add To Stack: Ai(1)-mm-giada-angels triggered Seraph Sanctuary
Life: Life: Ai(1)-mm-giada-angels 44 > 45
Resolve Stack: When Seraph Sanctuary enters, you gain 1 life. [Zone Changer: Seraph Sanctuary (67)]
Mana: Plains (85) - {T}: Add {W}.
Mana: Plains (82) - {T}: Add {W}.
Mana: Seraph Sanctuary (67) - {T}: Add {C}.
Mana: Giada, Font of Hope (100) - {T}: Add {W}. Spend this mana only to cast an Angel spell.
Add To Stack: Ai(1)-mm-giada-angels cast Linvala, Keeper of Silence
Replacement Effect: Each other Angel you control enters with an additional +1/+1 counter on it for each Angel you already control.
Replacement Effect: Artifacts and creatures your opponents control enter tapped.
Replacement Effect: Artifacts and creatures your opponents control enter tapped.
Resolve Stack: Linvala, Keeper of Silence - Creature 3 / 4
Add To Stack: Ai(1)-mm-giada-angels triggered Bishop of Wings
Add To Stack: Ai(1)-mm-giada-angels triggered Seraph Sanctuary
Add To Stack: Ai(1)-mm-giada-angels triggered Youthful Valkyrie
Resolve Stack: Whenever another Angel you control enters, put a +1/+1 counter on Youthful Valkyrie. [Zone Changer: Linvala, Keeper of Silence (21)]
Life: Life: Ai(1)-mm-giada-angels 45 > 46
Resolve Stack: Whenever an Angel you control enters, you gain 1 life. [Zone Changer: Linvala, Keeper of Silence (21)]
Life: Life: Ai(1)-mm-giada-angels 46 > 50
Resolve Stack: Whenever an Angel you control enters, you gain 4 life. [Zone Changer: Linvala, Keeper of Silence (21)]
Phase: Ai(1)-mm-giada-angels' Beginning of Combat Step
Phase: Ai(1)-mm-giada-angels' Declare Attackers Step
Combat: Ai(1)-mm-giada-angels assigned Youthful Valkyrie (43) to attack Ai(2)-mm-baylen-tokens.
Phase: Ai(1)-mm-giada-angels' Declare Blockers Step
Combat: Ai(2)-mm-baylen-tokens didn't block Youthful Valkyrie (43).
Phase: Ai(1)-mm-giada-angels' First Strike Damage Step
Phase: Ai(1)-mm-giada-angels' Combat Damage Step
Damage: Youthful Valkyrie (43) deals 3 combat damage to Ai(2)-mm-baylen-tokens.
Life: Life: Ai(2)-mm-baylen-tokens 20 > 17
Phase: Ai(1)-mm-giada-angels' End of Combat Step
Phase: Ai(1)-mm-giada-angels' Main phase, postcombat
Phase: Ai(1)-mm-giada-angels' End step
Phase: Ai(1)-mm-giada-angels' Cleanup step
Turn: Turn 21 (Ai(2)-mm-baylen-tokens)
Phase: Ai(2)-mm-baylen-tokens' Untap step
Phase: Ai(2)-mm-baylen-tokens' Upkeep step
Phase: Ai(2)-mm-baylen-tokens' Draw step
Phase: Ai(2)-mm-baylen-tokens' Main phase, precombat
Phase: Ai(2)-mm-baylen-tokens' Beginning of Combat Step
Phase: Ai(2)-mm-baylen-tokens' Declare Attackers Step
Combat: Ai(2)-mm-baylen-tokens assigned Finneas, Ace Archer (115), Baylen, the Haymaker (201), Hare Apparent (156), Hare Apparent (154), Hare Apparent (143), Rabbit Token (412), Rabbit Token (418) and Rabbit Token (419) to attack Ai(4)-mm-sythis-enchantress.
Add To Stack: Ai(2)-mm-baylen-tokens triggered Finneas, Ace Archer
Resolve Stack: Whenever Finneas, Ace Archer attacks, put a +1/+1 counter on each other creature you control that's a token or a Rabbit. Then if creatures you control have total power 10 or greater, draw a card. [Attacker: Finneas, Ace Archer (115)]
Phase: Ai(2)-mm-baylen-tokens' Declare Blockers Step
Combat: Ai(4)-mm-sythis-enchantress didn't block Finneas, Ace Archer (115).
Ai(4)-mm-sythis-enchantress didn't block Baylen, the Haymaker (201).
Ai(4)-mm-sythis-enchantress didn't block Hare Apparent (156).
Ai(4)-mm-sythis-enchantress didn't block Hare Apparent (154).
Ai(4)-mm-sythis-enchantress didn't block Hare Apparent (143).
Ai(4)-mm-sythis-enchantress didn't block Rabbit Token (412).
Ai(4)-mm-sythis-enchantress didn't block Rabbit Token (418).
Ai(4)-mm-sythis-enchantress didn't block Rabbit Token (419).
Phase: Ai(2)-mm-baylen-tokens' First Strike Damage Step
Phase: Ai(2)-mm-baylen-tokens' Combat Damage Step
Damage: Finneas, Ace Archer (115) deals 2 combat damage to Ai(4)-mm-sythis-enchantress.
Damage: Baylen, the Haymaker (201) deals 5 combat damage to Ai(4)-mm-sythis-enchantress.
Damage: Hare Apparent (156) deals 3 combat damage to Ai(4)-mm-sythis-enchantress.
Damage: Hare Apparent (154) deals 3 combat damage to Ai(4)-mm-sythis-enchantress.
Damage: Hare Apparent (143) deals 3 combat damage to Ai(4)-mm-sythis-enchantress.
Damage: Rabbit Token (412) deals 2 combat damage to Ai(4)-mm-sythis-enchantress.
Damage: Rabbit Token (418) deals 2 combat damage to Ai(4)-mm-sythis-enchantress.
Damage: Rabbit Token (419) deals 2 combat damage to Ai(4)-mm-sythis-enchantress.
Life: Life: Ai(4)-mm-sythis-enchantress 38 > 16
Phase: Ai(2)-mm-baylen-tokens' End of Combat Step
Phase: Ai(2)-mm-baylen-tokens' Main phase, postcombat
Land: Ai(2)-mm-baylen-tokens played Mountain (182)
Mana: Plains (189) - {T}: Add {W}.
Mana: Mountain (182) - {T}: Add {R}.
Mana: Bountiful Promenade (108) - {T}: Add {G} or {W}.
Mana: Rootbound Crag (195) - {T}: Add {R} or {G}.
Add To Stack: Ai(2)-mm-baylen-tokens cast Dazzling Theater
Add To Stack: Ai(3)-mm-muldrotha-value triggered Mystic Remora
Resolve Stack: Whenever an opponent casts a noncreature spell, you may draw a card unless that player pays {4}. [Card: Dazzling Theater (110), Activator: Ai(2)-mm-baylen-tokens, SpellAbility: Dazzling Theater]
Resolve Stack: Ai(2)-mm-baylen-tokens unlocks Dazzling Theater's Door
Resolve Stack: Dazzling Theater
Phase: Ai(2)-mm-baylen-tokens' End step
Phase: Ai(2)-mm-baylen-tokens' Cleanup step
Turn: Turn 22 (Ai(3)-mm-muldrotha-value)
Phase: Ai(3)-mm-muldrotha-value's Untap step
Phase: Ai(3)-mm-muldrotha-value's Upkeep step
Add To Stack: Ai(3)-mm-muldrotha-value triggered Mystic Remora
Mana: Sol Ring (219) - {T}: Add {C}{C}.
Mana: Swamp (264) - {T}: Add {B}.
Resolve Stack: Cumulative upkeep {1} (At the beginning of your upkeep, put an age counter on this permanent, then sacrifice it unless you pay its upkeep cost for each age counter on it.) [Phase: Ai(3)-mm-muldrotha-value]
Phase: Ai(3)-mm-muldrotha-value's Draw step
Phase: Ai(3)-mm-muldrotha-value's Main phase, precombat
Add To Stack: Ai(3)-mm-muldrotha-value cast Lotus Petal
Replacement Effect: Artifacts and creatures your opponents control enter tapped.
Replacement Effect: Artifacts and creatures your opponents control enter tapped.
Resolve Stack: Lotus Petal
Replacement Effect: Woodland Cemetery enters tapped unless you control a Swamp or a Forest.
Land: Ai(3)-mm-muldrotha-value played Woodland Cemetery (292)
Phase: Ai(3)-mm-muldrotha-value's Beginning of Combat Step
Phase: Ai(3)-mm-muldrotha-value's Declare Attackers Step
Phase: Ai(3)-mm-muldrotha-value's Declare Blockers Step
Phase: Ai(3)-mm-muldrotha-value's First Strike Damage Step
Phase: Ai(3)-mm-muldrotha-value's Combat Damage Step
Phase: Ai(3)-mm-muldrotha-value's End of Combat Step
Phase: Ai(3)-mm-muldrotha-value's Main phase, postcombat
Mana: Island (238) - {T}: Add {U}.
Mana: Swamp (266) - {T}: Add {B}.
Mana: Woodland Cemetery (292) - {T}: Add {B} or {G}.
Add To Stack: Ai(3)-mm-muldrotha-value cast Secrets of the Dead
Resolve Stack: Secrets of the Dead
Mana: Overgrown Tomb (276) - {T}: Add {G}.
Add To Stack: Ai(3)-mm-muldrotha-value cast Birds of Paradise
Replacement Effect: Artifacts and creatures your opponents control enter tapped.
Replacement Effect: Artifacts and creatures your opponents control enter tapped.
Resolve Stack: Birds of Paradise - Creature 0 / 1
Phase: Ai(3)-mm-muldrotha-value's End step
Phase: Ai(3)-mm-muldrotha-value's Cleanup step
Turn: Turn 23 (Ai(4)-mm-sythis-enchantress)
Phase: Ai(4)-mm-sythis-enchantress' Untap step
Phase: Ai(4)-mm-sythis-enchantress' Upkeep step
Phase: Ai(4)-mm-sythis-enchantress' Draw step
Mana: Plains (389) - {T}: Add {W}.
Add To Stack: Ai(4)-mm-sythis-enchantress cast Path to Exile targeting [Baylen, the Haymaker (201)]
Add To Stack: Ai(4)-mm-sythis-enchantress triggered Blind Obedience
Add To Stack: Ai(4)-mm-sythis-enchantress triggered Blind Obedience
Add To Stack: Ai(3)-mm-muldrotha-value triggered Mystic Remora
Resolve Stack: Whenever an opponent casts a noncreature spell, you may draw a card unless that player pays {4}. [Card: Path to Exile (311), Activator: Ai(4)-mm-sythis-enchantress, SpellAbility: Exile target creature. Its controller may search their library for a basic land card, put that card onto the battlefield tapped, then shuffle. ]
Mana: Plains (390) - {T}: Add {W}.
Life: Life: Ai(1)-mm-giada-angels 50 > 49
Life: Life: Ai(2)-mm-baylen-tokens 17 > 16
Life: Life: Ai(3)-mm-muldrotha-value 39 > 38
Life: Life: Ai(4)-mm-sythis-enchantress 16 > 19
Resolve Stack: Extort (Whenever you cast a spell, you may pay {W/B}. If you do, each opponent loses 1 life and you gain that much life.) [Card: Path to Exile (311), Activator: Ai(4)-mm-sythis-enchantress, SpellAbility: Exile target creature. Its controller may search their library for a basic land card, put that card onto the battlefield tapped, then shuffle. ]
Mana: Plains (388) - {T}: Add {W}.
Life: Life: Ai(1)-mm-giada-angels 49 > 48
Life: Life: Ai(2)-mm-baylen-tokens 16 > 15
Life: Life: Ai(3)-mm-muldrotha-value 38 > 37
Life: Life: Ai(4)-mm-sythis-enchantress 19 > 22
Resolve Stack: Extort (Whenever you cast a spell, you may pay {W/B}. If you do, each opponent loses 1 life and you gain that much life.) [Card: Path to Exile (311), Activator: Ai(4)-mm-sythis-enchantress, SpellAbility: Exile target creature. Its controller may search their library for a basic land card, put that card onto the battlefield tapped, then shuffle. ]
Mana: Spire Garden (191) - {T}: Add {R} or {G}.
Mana: Jetmir's Garden (121) - {T}: Add {G}.
Add To Stack: Ai(2)-mm-baylen-tokens cast Heroic Intervention
Add To Stack: Ai(3)-mm-muldrotha-value triggered Mystic Remora
Resolve Stack: Whenever an opponent casts a noncreature spell, you may draw a card unless that player pays {4}. [Card: Heroic Intervention (181), Activator: Ai(2)-mm-baylen-tokens, SpellAbility: Permanents you control gain hexproof and indestructible until end of turn.]
Resolve Stack: Heroic Intervention (181) - Permanents you control gain hexproof and indestructible until end of turn.
Resolve Stack: Path to Exile ability fizzles.
Phase: Ai(4)-mm-sythis-enchantress' Main phase, precombat
Phase: Ai(4)-mm-sythis-enchantress' Beginning of Combat Step
Phase: Ai(4)-mm-sythis-enchantress' Declare Attackers Step
Phase: Ai(4)-mm-sythis-enchantress' Declare Blockers Step
Phase: Ai(4)-mm-sythis-enchantress' First Strike Damage Step
Phase: Ai(4)-mm-sythis-enchantress' Combat Damage Step
Phase: Ai(4)-mm-sythis-enchantress' End of Combat Step
Phase: Ai(4)-mm-sythis-enchantress' Main phase, postcombat
Phase: Ai(4)-mm-sythis-enchantress' End step
Phase: Ai(4)-mm-sythis-enchantress' Cleanup step
Turn: Turn 24 (Ai(1)-mm-giada-angels)
Phase: Ai(1)-mm-giada-angels' Untap step
Phase: Ai(1)-mm-giada-angels' Upkeep step
Phase: Ai(1)-mm-giada-angels' Draw step
Phase: Ai(1)-mm-giada-angels' Main phase, precombat
Mana: Plains (85) - {T}: Add {W}.
Mana: Plains (82) - {T}: Add {W}.
Mana: Giada, Font of Hope (100) - {T}: Add {W}. Spend this mana only to cast an Angel spell.
Mana: Seraph Sanctuary (67) - {T}: Add {C}.
Add To Stack: Ai(1)-mm-giada-angels cast Angel of Jubilation
Replacement Effect: Each other Angel you control enters with an additional +1/+1 counter on it for each Angel you already control.
Replacement Effect: Artifacts and creatures your opponents control enter tapped.
Replacement Effect: Artifacts and creatures your opponents control enter tapped.
Resolve Stack: Angel of Jubilation - Creature 3 / 3
Add To Stack: Ai(1)-mm-giada-angels triggered Bishop of Wings
Add To Stack: Ai(1)-mm-giada-angels triggered Seraph Sanctuary
Add To Stack: Ai(1)-mm-giada-angels triggered Youthful Valkyrie
Resolve Stack: Whenever another Angel you control enters, put a +1/+1 counter on Youthful Valkyrie. [Zone Changer: Angel of Jubilation (36)]
Life: Life: Ai(1)-mm-giada-angels 48 > 49
Resolve Stack: Whenever an Angel you control enters, you gain 1 life. [Zone Changer: Angel of Jubilation (36)]
Life: Life: Ai(1)-mm-giada-angels 49 > 53
Resolve Stack: Whenever an Angel you control enters, you gain 4 life. [Zone Changer: Angel of Jubilation (36)]
Phase: Ai(1)-mm-giada-angels' Beginning of Combat Step
Phase: Ai(1)-mm-giada-angels' Declare Attackers Step
Combat: Ai(1)-mm-giada-angels assigned Linvala, Keeper of Silence (21), Youthful Valkyrie (43) and Bishop of Wings (5) to attack Ai(2)-mm-baylen-tokens.
Phase: Ai(1)-mm-giada-angels' Declare Blockers Step
Combat: Ai(2)-mm-baylen-tokens assigned Finneas, Ace Archer (115) to block Linvala, Keeper of Silence (21).
Ai(2)-mm-baylen-tokens didn't block Youthful Valkyrie (43).
Ai(2)-mm-baylen-tokens didn't block Bishop of Wings (5).
Phase: Ai(1)-mm-giada-angels' First Strike Damage Step
Phase: Ai(1)-mm-giada-angels' Combat Damage Step
Damage: Linvala, Keeper of Silence (21) deals 6 damage to Finneas, Ace Archer (115).
Damage: Youthful Valkyrie (43) deals 5 combat damage to Ai(2)-mm-baylen-tokens.
Damage: Bishop of Wings (5) deals 2 combat damage to Ai(2)-mm-baylen-tokens.
Damage: Finneas, Ace Archer (115) deals 2 damage to Linvala, Keeper of Silence (21).
Life: Life: Ai(2)-mm-baylen-tokens 15 > 8
Zone Change: Finneas, Ace Archer (115) was put into Graveyard from Battlefield.
Phase: Ai(1)-mm-giada-angels' End of Combat Step
Phase: Ai(1)-mm-giada-angels' Main phase, postcombat
Phase: Ai(1)-mm-giada-angels' End step
Phase: Ai(1)-mm-giada-angels' Cleanup step
Turn: Turn 25 (Ai(2)-mm-baylen-tokens)
Phase: Ai(2)-mm-baylen-tokens' Untap step
Phase: Ai(2)-mm-baylen-tokens' Upkeep step
Phase: Ai(2)-mm-baylen-tokens' Draw step
Phase: Ai(2)-mm-baylen-tokens' Main phase, precombat
Mana: Plains (189) - {T}: Add {W}.
Mana: Mountain (182) - {T}: Add {R}.
Add To Stack: Ai(2)-mm-baylen-tokens cast Hare Apparent
Replacement Effect: Artifacts and creatures your opponents control enter tapped.
Replacement Effect: Artifacts and creatures your opponents control enter tapped.
Resolve Stack: Hare Apparent - Creature 2 / 2
Add To Stack: Ai(2)-mm-baylen-tokens triggered Hare Apparent
Replacement Effect: Artifacts and creatures your opponents control enter tapped.
Replacement Effect: Artifacts and creatures your opponents control enter tapped.
Replacement Effect: Artifacts and creatures your opponents control enter tapped.
Replacement Effect: Artifacts and creatures your opponents control enter tapped.
Replacement Effect: Artifacts and creatures your opponents control enter tapped.
Replacement Effect: Artifacts and creatures your opponents control enter tapped.
Resolve Stack: When this creature enters, create a number of 1/1 white Rabbit creature tokens equal to the number of other creatures you control named Hare Apparent. [Zone Changer: Hare Apparent (148)]
Mana: Bountiful Promenade (108) - {T}: Add {G} or {W}.
Mana: Rootbound Crag (195) - {T}: Add {R} or {G}.
Mana: Spire Garden (191) - {T}: Add {R} or {G}.
Resolve Stack: Ai(2)-mm-baylen-tokens unlocks Dazzling Theater // Prop Room's Door
Phase: Ai(2)-mm-baylen-tokens' Beginning of Combat Step
Phase: Ai(2)-mm-baylen-tokens' Declare Attackers Step
Phase: Ai(2)-mm-baylen-tokens' Declare Blockers Step
Phase: Ai(2)-mm-baylen-tokens' First Strike Damage Step
Phase: Ai(2)-mm-baylen-tokens' Combat Damage Step
Phase: Ai(2)-mm-baylen-tokens' End of Combat Step
Phase: Ai(2)-mm-baylen-tokens' Main phase, postcombat
Replacement Effect: As Stomping Ground enters, you may pay 2 life. If you don't, it enters tapped.
Land: Ai(2)-mm-baylen-tokens played Stomping Ground (123)
Phase: Ai(2)-mm-baylen-tokens' End step
Phase: Ai(2)-mm-baylen-tokens' Cleanup step
Turn: Turn 26 (Ai(3)-mm-muldrotha-value)
Phase: Ai(3)-mm-muldrotha-value's Untap step
Phase: Ai(3)-mm-muldrotha-value's Upkeep step
Add To Stack: Ai(3)-mm-muldrotha-value triggered Mystic Remora
Mana: Sol Ring (219) - {T}: Add {C}{C}.
Mana: Island (238) - {T}: Add {U}.
Mana: Swamp (264) - {T}: Add {B}.
Resolve Stack: Cumulative upkeep {1} (At the beginning of your upkeep, put an age counter on this permanent, then sacrifice it unless you pay its upkeep cost for each age counter on it.) [Phase: Ai(3)-mm-muldrotha-value]
Phase: Ai(3)-mm-muldrotha-value's Draw step
Phase: Ai(3)-mm-muldrotha-value's Main phase, precombat
Replacement Effect: Rejuvenating Springs enters tapped unless you have two or more opponents.
Land: Ai(3)-mm-muldrotha-value played Rejuvenating Springs (211)
Mana: Rejuvenating Springs (211) - {T}: Add {G} or {U}.
Add To Stack: Ai(3)-mm-muldrotha-value cast Seal of Removal
Resolve Stack: Seal of Removal
Zone Change: Seal of Removal (272) was put into Graveyard from Battlefield.
Add To Stack: Ai(3)-mm-muldrotha-value activated Seal of Removal targeting [Baylen, the Haymaker (201)]
Resolve Stack: Seal of Removal (272) - Return Baylen, the Haymaker (201) to its owner's hand.
Phase: Ai(3)-mm-muldrotha-value's Beginning of Combat Step
Phase: Ai(3)-mm-muldrotha-value's Declare Attackers Step
Phase: Ai(3)-mm-muldrotha-value's Declare Blockers Step
Phase: Ai(3)-mm-muldrotha-value's First Strike Damage Step
Phase: Ai(3)-mm-muldrotha-value's Combat Damage Step
Phase: Ai(3)-mm-muldrotha-value's End of Combat Step
Phase: Ai(3)-mm-muldrotha-value's Main phase, postcombat
Mana: Swamp (266) - {T}: Add {B}.
Mana: Woodland Cemetery (292) - {T}: Add {B} or {G}.
Mana: Overgrown Tomb (276) - {T}: Add {G}.
Add To Stack: Ai(3)-mm-muldrotha-value cast Buried Alive
Resolve Stack: Buried Alive (223) - Ai(3)-mm-muldrotha-value searches their library for  up to three creature cards, puts them into their owner's graveyard, then shuffles.
Mana: Zagoth Triome (217) - {T}: Add {G}.
Zone Change: Lotus Petal (220) was put into Graveyard from Battlefield.
Mana: Lotus Petal (220) - {T}, Sacrifice Lotus Petal: Add one mana of any color.
Add To Stack: Ai(3)-mm-muldrotha-value cast Life from the Loam targeting [Evolving Wilds (239), Misty Rainforest (213), Opulent Palace (279)]
Resolve Stack: Life from the Loam (253) - Return Evolving Wilds (239), Misty Rainforest (213) and Opulent Palace (279) from the graveyard to their owner's hand.
Phase: Ai(3)-mm-muldrotha-value's End step
Phase: Ai(3)-mm-muldrotha-value's Cleanup step
Turn: Turn 27 (Ai(4)-mm-sythis-enchantress)
Phase: Ai(4)-mm-sythis-enchantress' Untap step
Phase: Ai(4)-mm-sythis-enchantress' Upkeep step
Phase: Ai(4)-mm-sythis-enchantress' Draw step
Phase: Ai(4)-mm-sythis-enchantress' Main phase, precombat
Phase: Ai(4)-mm-sythis-enchantress' Beginning of Combat Step
Phase: Ai(4)-mm-sythis-enchantress' Declare Attackers Step
Combat: Ai(4)-mm-sythis-enchantress assigned Calix, Guided by Fate (333) and Weaver of Harmony (358) to attack Ai(1)-mm-giada-angels.
Phase: Ai(4)-mm-sythis-enchantress' Declare Blockers Step
Combat: Ai(1)-mm-giada-angels didn't block Calix, Guided by Fate (333).
Ai(1)-mm-giada-angels didn't block Weaver of Harmony (358).
Phase: Ai(4)-mm-sythis-enchantress' First Strike Damage Step
Phase: Ai(4)-mm-sythis-enchantress' Combat Damage Step
Damage: Calix, Guided by Fate (333) deals 9 combat damage to Ai(1)-mm-giada-angels.
Damage: Weaver of Harmony (358) deals 3 combat damage to Ai(1)-mm-giada-angels.
Life: Life: Ai(1)-mm-giada-angels 53 > 41
Add To Stack: Ai(4)-mm-sythis-enchantress triggered Calix, Guided by Fate
Resolve Stack: Whenever Calix or an enchanted creature you control deals combat damage to a player, you may create a token that's a copy of a nonlegendary enchantment you control. Do this only once each turn. [Damage Source: Calix, Guided by Fate (333), Damaged: Ai(1)-mm-giada-angels, Amount: 9]
Add To Stack: Ai(4)-mm-sythis-enchantress triggered Calix, Guided by Fate targeting [Calix, Guided by Fate (333)]
Resolve Stack: Constellation — Whenever Calix, Guided by Fate or another enchantment you control enters, put a +1/+1 counter on target creature. (Targeting: [[Calix, Guided by Fate (333)]]) [Zone Changer: Blind Obedience (429)]
Phase: Ai(4)-mm-sythis-enchantress' End of Combat Step
Phase: Ai(4)-mm-sythis-enchantress' Main phase, postcombat
Mana: Canopy Vista (371) - {T}: Add {G}.
Mana: Plains (389) - {T}: Add {W}.
Add To Stack: Ai(4)-mm-sythis-enchantress cast Sythis, Harvest's Hand
Add To Stack: Ai(4)-mm-sythis-enchantress triggered Blind Obedience
Add To Stack: Ai(4)-mm-sythis-enchantress triggered Blind Obedience
Add To Stack: Ai(4)-mm-sythis-enchantress triggered Blind Obedience
Mana: Plains (390) - {T}: Add {W}.
Life: Life: Ai(1)-mm-giada-angels 41 > 40
Life: Life: Ai(2)-mm-baylen-tokens 8 > 7
Life: Life: Ai(3)-mm-muldrotha-value 37 > 36
Life: Life: Ai(4)-mm-sythis-enchantress 22 > 25
Resolve Stack: Extort (Whenever you cast a spell, you may pay {W/B}. If you do, each opponent loses 1 life and you gain that much life.) [Card: Sythis, Harvest's Hand (403), Activator: Ai(4)-mm-sythis-enchantress, SpellAbility: Sythis, Harvest's Hand - Creature 1 / 2]
Mana: Plains (388) - {T}: Add {W}.
Life: Life: Ai(1)-mm-giada-angels 40 > 39
Life: Life: Ai(2)-mm-baylen-tokens 7 > 6
Life: Life: Ai(3)-mm-muldrotha-value 36 > 35
Life: Life: Ai(4)-mm-sythis-enchantress 25 > 28
Resolve Stack: Extort (Whenever you cast a spell, you may pay {W/B}. If you do, each opponent loses 1 life and you gain that much life.) [Card: Sythis, Harvest's Hand (403), Activator: Ai(4)-mm-sythis-enchantress, SpellAbility: Sythis, Harvest's Hand - Creature 1 / 2]
Resolve Stack: Extort (Whenever you cast a spell, you may pay {W/B}. If you do, each opponent loses 1 life and you gain that much life.) [Card: Sythis, Harvest's Hand (403), Activator: Ai(4)-mm-sythis-enchantress, SpellAbility: Sythis, Harvest's Hand - Creature 1 / 2]
Resolve Stack: Sythis, Harvest's Hand - Creature 1 / 2
Add To Stack: Ai(4)-mm-sythis-enchantress triggered Calix, Guided by Fate targeting [Calix, Guided by Fate (333)]
Resolve Stack: Constellation — Whenever Calix, Guided by Fate or another enchantment you control enters, put a +1/+1 counter on target creature. (Targeting: [[Calix, Guided by Fate (333)]]) [Zone Changer: Sythis, Harvest's Hand (403)]
Phase: Ai(4)-mm-sythis-enchantress' End step
Phase: Ai(4)-mm-sythis-enchantress' Cleanup step
Turn: Turn 28 (Ai(1)-mm-giada-angels)
Phase: Ai(1)-mm-giada-angels' Untap step
Phase: Ai(1)-mm-giada-angels' Upkeep step
Phase: Ai(1)-mm-giada-angels' Draw step
Phase: Ai(1)-mm-giada-angels' Main phase, precombat
Land: Ai(1)-mm-giada-angels played Plains (80)
Mana: Plains (85) - {T}: Add {W}.
Add To Stack: Ai(1)-mm-giada-angels cast Sephara, Sky's Blade
Replacement Effect: Each other Angel you control enters with an additional +1/+1 counter on it for each Angel you already control.
Replacement Effect: Artifacts and creatures your opponents control enter tapped.
Replacement Effect: Artifacts and creatures your opponents control enter tapped.
Replacement Effect: Artifacts and creatures your opponents control enter tapped.
Resolve Stack: Sephara, Sky's Blade - Creature 7 / 7
Add To Stack: Ai(1)-mm-giada-angels triggered Bishop of Wings
Add To Stack: Ai(1)-mm-giada-angels triggered Seraph Sanctuary
Add To Stack: Ai(1)-mm-giada-angels triggered Youthful Valkyrie
Resolve Stack: Whenever another Angel you control enters, put a +1/+1 counter on Youthful Valkyrie. [Zone Changer: Sephara, Sky's Blade (23)]
Life: Life: Ai(1)-mm-giada-angels 39 > 40
Resolve Stack: Whenever an Angel you control enters, you gain 1 life. [Zone Changer: Sephara, Sky's Blade (23)]
Life: Life: Ai(1)-mm-giada-angels 40 > 44
Resolve Stack: Whenever an Angel you control enters, you gain 4 life. [Zone Changer: Sephara, Sky's Blade (23)]
Phase: Ai(1)-mm-giada-angels' Beginning of Combat Step
Phase: Ai(1)-mm-giada-angels' Declare Attackers Step
Phase: Ai(1)-mm-giada-angels' Declare Blockers Step
Phase: Ai(1)-mm-giada-angels' First Strike Damage Step
Phase: Ai(1)-mm-giada-angels' Combat Damage Step
Phase: Ai(1)-mm-giada-angels' End of Combat Step
Phase: Ai(1)-mm-giada-angels' Main phase, postcombat
Phase: Ai(1)-mm-giada-angels' End step
Phase: Ai(1)-mm-giada-angels' Cleanup step
Turn: Turn 29 (Ai(2)-mm-baylen-tokens)
Phase: Ai(2)-mm-baylen-tokens' Untap step
Phase: Ai(2)-mm-baylen-tokens' Upkeep step
Phase: Ai(2)-mm-baylen-tokens' Draw step
Phase: Ai(2)-mm-baylen-tokens' Main phase, precombat
Phase: Ai(2)-mm-baylen-tokens' Beginning of Combat Step
Phase: Ai(2)-mm-baylen-tokens' Declare Attackers Step
Phase: Ai(2)-mm-baylen-tokens' Declare Blockers Step
Phase: Ai(2)-mm-baylen-tokens' First Strike Damage Step
Phase: Ai(2)-mm-baylen-tokens' Combat Damage Step
Phase: Ai(2)-mm-baylen-tokens' End of Combat Step
Phase: Ai(2)-mm-baylen-tokens' Main phase, postcombat
Replacement Effect: Canopy Vista enters tapped unless you control two or more basic lands.
Land: Ai(2)-mm-baylen-tokens played Canopy Vista (169)
Mana: Mountain (182) - {T}: Add {R}.
Mana: Rootbound Crag (195) - {T}: Add {R} or {G}.
Add To Stack: Ai(2)-mm-baylen-tokens cast Baylen, the Haymaker
Replacement Effect: Artifacts and creatures your opponents control enter tapped.
Replacement Effect: Artifacts and creatures your opponents control enter tapped.
Replacement Effect: Artifacts and creatures your opponents control enter tapped.
Resolve Stack: Baylen, the Haymaker - Creature 4 / 3
Phase: Ai(2)-mm-baylen-tokens' End step
Phase: Ai(2)-mm-baylen-tokens' Cleanup step
Turn: Turn 30 (Ai(3)-mm-muldrotha-value)
Phase: Ai(3)-mm-muldrotha-value's Untap step
Phase: Ai(3)-mm-muldrotha-value's Upkeep step
Add To Stack: Ai(3)-mm-muldrotha-value triggered Mystic Remora
Mana: Sol Ring (219) - {T}: Add {C}{C}.
Mana: Island (238) - {T}: Add {U}.
Mana: Swamp (264) - {T}: Add {B}.
Mana: Swamp (266) - {T}: Add {B}.
Resolve Stack: Cumulative upkeep {1} (At the beginning of your upkeep, put an age counter on this permanent, then sacrifice it unless you pay its upkeep cost for each age counter on it.) [Phase: Ai(3)-mm-muldrotha-value]
Phase: Ai(3)-mm-muldrotha-value's Draw step
Zone Change: Ai(3)-mm-muldrotha-value milled Breeding Pool (270), Lightning Greaves (296) and Sunken Hollow (230).
Replacement Effect: Life from the Loam - Dredge 3
Phase: Ai(3)-mm-muldrotha-value's Main phase, precombat
Phase: Ai(3)-mm-muldrotha-value's Beginning of Combat Step
Phase: Ai(3)-mm-muldrotha-value's Declare Attackers Step
Phase: Ai(3)-mm-muldrotha-value's Declare Blockers Step
Phase: Ai(3)-mm-muldrotha-value's First Strike Damage Step
Phase: Ai(3)-mm-muldrotha-value's Combat Damage Step
Phase: Ai(3)-mm-muldrotha-value's End of Combat Step
Phase: Ai(3)-mm-muldrotha-value's Main phase, postcombat
Replacement Effect: Drowned Catacomb enters tapped unless you control an Island or a Swamp.
Land: Ai(3)-mm-muldrotha-value played Drowned Catacomb (288)
Mana: Woodland Cemetery (292) - {T}: Add {B} or {G}.
Mana: Rejuvenating Springs (211) - {T}: Add {G} or {U}.
Mana: Drowned Catacomb (288) - {T}: Add {U} or {B}.
Add To Stack: Ai(3)-mm-muldrotha-value cast Pernicious Deed
Resolve Stack: Pernicious Deed
Mana: Overgrown Tomb (276) - {T}: Add {G}.
Mana: Zagoth Triome (217) - {T}: Add {G}.
Zone Change: Pernicious Deed (284) was put into Graveyard from Battlefield.
Add To Stack: Ai(3)-mm-muldrotha-value activated Pernicious Deed
Zone Change: Stitcher's Supplier (287) was put into Graveyard from Battlefield.
Zone Change: Kaya's Ghostform (293) was put into Graveyard from Battlefield.
Zone Change: Mystic Remora (214) was put into Graveyard from Battlefield.
Zone Change: Sol Ring (219) was put into Graveyard from Battlefield.
Zone Change: Birds of Paradise (281) was put into Graveyard from Battlefield.
Zone Change: Weaver of Harmony (358) was put into Graveyard from Battlefield.
Zone Change: Weaver of Harmony (414) was put into Graveyard from Battlefield.
Zone Change: Blind Obedience (332) was put into Graveyard from Battlefield.
Zone Change: Blind Obedience (421) was put into Graveyard from Battlefield.
Zone Change: Blind Obedience (429) was put into Graveyard from Battlefield.
Zone Change: Sythis, Harvest's Hand (403) was put into Graveyard from Battlefield.
Zone Change: Bishop of Wings (5) was put into Graveyard from Battlefield.
Zone Change: Hare Apparent (156) was put into Graveyard from Battlefield.
Zone Change: Hare Apparent (154) was put into Graveyard from Battlefield.
Zone Change: Rabbit Token (412) was put into Graveyard from Battlefield.
Zone Change: Hare Apparent (143) was put into Graveyard from Battlefield.
Zone Change: Rabbit Token (418) was put into Graveyard from Battlefield.
Zone Change: Rabbit Token (419) was put into Graveyard from Battlefield.
Zone Change: Hare Apparent (148) was put into Graveyard from Battlefield.
Zone Change: Rabbit Token (425) was put into Graveyard from Battlefield.
Zone Change: Rabbit Token (426) was put into Graveyard from Battlefield.
Zone Change: Rabbit Token (427) was put into Graveyard from Battlefield.
Resolve Stack: Pernicious Deed (284) - Destroy each artifact, creature, and enchantment with mana value X or less. (X=2)
Add To Stack: Ai(3)-mm-muldrotha-value triggered Stitcher's Supplier
Add To Stack: Ai(3)-mm-muldrotha-value triggered Kaya's Ghostform
Resolve Stack: When enchanted permanent dies or is put into exile, return that card to the battlefield under your control. [Zone Changer: Stitcher's Supplier (287)]
Add To Stack: Ai(3)-mm-muldrotha-value triggered Stitcher's Supplier
Zone Change: Ai(3)-mm-muldrotha-value milled Undergrowth Stadium (294), Animate Dead (206) and Demonic Tutor (300).
Resolve Stack: When Stitcher's Supplier enters or dies, mill three cards. [Zone Changer: Stitcher's Supplier (287)]
Zone Change: Ai(3)-mm-muldrotha-value milled Swamp (267), Aftermath Analyst (231) and Hedge Shredder (248).
Resolve Stack: When Stitcher's Supplier enters or dies, mill three cards. [Zone Changer: Stitcher's Supplier (287)]
Phase: Ai(3)-mm-muldrotha-value's End step
Phase: Ai(3)-mm-muldrotha-value's Cleanup step
Turn: Turn 31 (Ai(4)-mm-sythis-enchantress)
Phase: Ai(4)-mm-sythis-enchantress' Untap step
Phase: Ai(4)-mm-sythis-enchantress' Upkeep step
Phase: Ai(4)-mm-sythis-enchantress' Draw step
Phase: Ai(4)-mm-sythis-enchantress' Main phase, precombat
Replacement Effect: As Temple Garden enters, you may pay 2 life. If you don't, it enters tapped.
Land: Ai(4)-mm-sythis-enchantress played Temple Garden (376)
Phase: Ai(4)-mm-sythis-enchantress' Beginning of Combat Step
Phase: Ai(4)-mm-sythis-enchantress' Declare Attackers Step
Phase: Ai(4)-mm-sythis-enchantress' Declare Blockers Step
Phase: Ai(4)-mm-sythis-enchantress' First Strike Damage Step
Phase: Ai(4)-mm-sythis-enchantress' Combat Damage Step
Phase: Ai(4)-mm-sythis-enchantress' End of Combat Step
Phase: Ai(4)-mm-sythis-enchantress' Main phase, postcombat
Mana: Canopy Vista (371) - {T}: Add {G}.
Mana: Plains (389) - {T}: Add {W}.
Mana: Plains (390) - {T}: Add {W}.
Mana: Plains (388) - {T}: Add {W}.
Add To Stack: Ai(4)-mm-sythis-enchantress cast Sythis, Harvest's Hand
Resolve Stack: Sythis, Harvest's Hand - Creature 1 / 2
Add To Stack: Ai(4)-mm-sythis-enchantress triggered Calix, Guided by Fate targeting [Calix, Guided by Fate (333)]
Resolve Stack: Constellation — Whenever Calix, Guided by Fate or another enchantment you control enters, put a +1/+1 counter on target creature. (Targeting: [[Calix, Guided by Fate (333)]]) [Zone Changer: Sythis, Harvest's Hand (403)]
Phase: Ai(4)-mm-sythis-enchantress' End step
Phase: Ai(4)-mm-sythis-enchantress' Cleanup step
Turn: Turn 32 (Ai(1)-mm-giada-angels)
Phase: Ai(1)-mm-giada-angels' Untap step
Phase: Ai(1)-mm-giada-angels' Upkeep step
Phase: Ai(1)-mm-giada-angels' Draw step
Phase: Ai(1)-mm-giada-angels' Main phase, precombat
Phase: Ai(1)-mm-giada-angels' Beginning of Combat Step
Phase: Ai(1)-mm-giada-angels' Declare Attackers Step
Combat: Ai(1)-mm-giada-angels assigned Sephara, Sky's Blade (23), Youthful Valkyrie (43), Linvala, Keeper of Silence (21), Angel of Jubilation (36) and Giada, Font of Hope (100) to attack Ai(2)-mm-baylen-tokens.
Phase: Ai(1)-mm-giada-angels' Declare Blockers Step
Combat: Ai(2)-mm-baylen-tokens didn't block Sephara, Sky's Blade (23).
Ai(2)-mm-baylen-tokens didn't block Youthful Valkyrie (43).
Ai(2)-mm-baylen-tokens didn't block Linvala, Keeper of Silence (21).
Ai(2)-mm-baylen-tokens didn't block Angel of Jubilation (36).
Ai(2)-mm-baylen-tokens didn't block Giada, Font of Hope (100).
Phase: Ai(1)-mm-giada-angels' First Strike Damage Step
Phase: Ai(1)-mm-giada-angels' Combat Damage Step
Damage: Sephara, Sky's Blade (23) deals 12 combat damage to Ai(2)-mm-baylen-tokens.
Life: Life: Ai(1)-mm-giada-angels 44 > 56
Damage: Youthful Valkyrie (43) deals 6 combat damage to Ai(2)-mm-baylen-tokens.
Damage: Linvala, Keeper of Silence (21) deals 6 combat damage to Ai(2)-mm-baylen-tokens.
Damage: Angel of Jubilation (36) deals 6 combat damage to Ai(2)-mm-baylen-tokens.
Damage: Giada, Font of Hope (100) deals 3 combat damage to Ai(2)-mm-baylen-tokens.
Life: Life: Ai(2)-mm-baylen-tokens 6 > -27
Phase: Ai(1)-mm-giada-angels' End of Combat Step
Phase: Ai(1)-mm-giada-angels' Main phase, postcombat
Mana: Plains (85) - {T}: Add {W}.
Mana: Plains (82) - {T}: Add {W}.
Mana: Seraph Sanctuary (67) - {T}: Add {C}.
Mana: Plains (80) - {T}: Add {W}.
Mana: Giada, Font of Hope (100) - {T}: Add {W}. Spend this mana only to cast an Angel spell.
Add To Stack: Ai(1)-mm-giada-angels cast Baneslayer Angel
Replacement Effect: Each other Angel you control enters with an additional +1/+1 counter on it for each Angel you already control.
Resolve Stack: Baneslayer Angel - Creature 5 / 5
Add To Stack: Ai(1)-mm-giada-angels triggered Seraph Sanctuary
Add To Stack: Ai(1)-mm-giada-angels triggered Youthful Valkyrie
Resolve Stack: Whenever another Angel you control enters, put a +1/+1 counter on Youthful Valkyrie. [Zone Changer: Baneslayer Angel (39)]
Life: Life: Ai(1)-mm-giada-angels 56 > 57
Resolve Stack: Whenever an Angel you control enters, you gain 1 life. [Zone Changer: Baneslayer Angel (39)]
Phase: Ai(1)-mm-giada-angels' End step
Phase: Ai(1)-mm-giada-angels' Cleanup step
Turn: Turn 33 (Ai(3)-mm-muldrotha-value)
Phase: Ai(3)-mm-muldrotha-value's Untap step
Phase: Ai(3)-mm-muldrotha-value's Upkeep step
Phase: Ai(3)-mm-muldrotha-value's Draw step
Phase: Ai(3)-mm-muldrotha-value's Main phase, precombat
Phase: Ai(3)-mm-muldrotha-value's Beginning of Combat Step
Phase: Ai(3)-mm-muldrotha-value's Declare Attackers Step
Phase: Ai(3)-mm-muldrotha-value's Declare Blockers Step
Phase: Ai(3)-mm-muldrotha-value's First Strike Damage Step
Phase: Ai(3)-mm-muldrotha-value's Combat Damage Step
Phase: Ai(3)-mm-muldrotha-value's End of Combat Step
Phase: Ai(3)-mm-muldrotha-value's Main phase, postcombat
Land: Ai(3)-mm-muldrotha-value played Island (236)
Mana: Rejuvenating Springs (211) - {T}: Add {G} or {U}.
Mana: Island (238) - {T}: Add {U}.
Mana: Swamp (264) - {T}: Add {B}.
Mana: Island (236) - {T}: Add {U}.
Mana: Swamp (266) - {T}: Add {B}.
Mana: Drowned Catacomb (288) - {T}: Add {U} or {B}.
Add To Stack: Ai(3)-mm-muldrotha-value cast Muldrotha, the Gravetide
Resolve Stack: Muldrotha, the Gravetide - Creature 6 / 6
Add To Stack: Ai(3)-mm-muldrotha-value cast Lotus Petal
Add To Stack: Ai(3)-mm-muldrotha-value triggered Secrets of the Dead
Resolve Stack: Whenever you cast a spell from your graveyard, draw a card. [Card: Lotus Petal (220), Activator: Ai(3)-mm-muldrotha-value, SpellAbility: Lotus Petal by Muldrotha, the Gravetide (302) (Artifact)]
Resolve Stack: Lotus Petal
Mana: Zagoth Triome (217) - {T}: Add {U}.
Mana: Woodland Cemetery (292) - {T}: Add {B} or {G}.
Mana: Overgrown Tomb (276) - {T}: Add {G}.
Zone Change: Lotus Petal (220) was put into Graveyard from Battlefield.
Mana: Lotus Petal (220) - {T}, Sacrifice Lotus Petal: Add one mana of any color.
Add To Stack: Ai(3)-mm-muldrotha-value cast Teval, the Balanced Scale
Add To Stack: Ai(3)-mm-muldrotha-value triggered Secrets of the Dead
Resolve Stack: Whenever you cast a spell from your graveyard, draw a card. [Card: Teval, the Balanced Scale (297), Activator: Ai(3)-mm-muldrotha-value, SpellAbility: Teval, the Balanced Scale - Creature 4 / 4 by Muldrotha, the Gravetide (302) (Creature)]
Resolve Stack: Teval, the Balanced Scale - Creature 4 / 4
Phase: Ai(3)-mm-muldrotha-value's End step
Phase: Ai(3)-mm-muldrotha-value's Cleanup step
Turn: Turn 34 (Ai(4)-mm-sythis-enchantress)
Phase: Ai(4)-mm-sythis-enchantress' Untap step
Phase: Ai(4)-mm-sythis-enchantress' Upkeep step
Phase: Ai(4)-mm-sythis-enchantress' Draw step
Phase: Ai(4)-mm-sythis-enchantress' Main phase, precombat
Phase: Ai(4)-mm-sythis-enchantress' Beginning of Combat Step
Phase: Ai(4)-mm-sythis-enchantress' Declare Attackers Step
Phase: Ai(4)-mm-sythis-enchantress' Declare Blockers Step
Phase: Ai(4)-mm-sythis-enchantress' First Strike Damage Step
Phase: Ai(4)-mm-sythis-enchantress' Combat Damage Step
Phase: Ai(4)-mm-sythis-enchantress' End of Combat Step
Phase: Ai(4)-mm-sythis-enchantress' Main phase, postcombat
Mana: Canopy Vista (371) - {T}: Add {G}.
Mana: Plains (389) - {T}: Add {W}.
Add To Stack: Ai(4)-mm-sythis-enchantress cast Seal of Primordium
Add To Stack: Ai(4)-mm-sythis-enchantress triggered Sythis, Harvest's Hand
Life: Life: Ai(4)-mm-sythis-enchantress 28 > 29
Resolve Stack: Whenever you cast an enchantment spell, you gain 1 life and draw a card. [Card: Seal of Primordium (357), Activator: Ai(4)-mm-sythis-enchantress, SpellAbility: Seal of Primordium]
Resolve Stack: Seal of Primordium
Add To Stack: Ai(4)-mm-sythis-enchantress triggered Calix, Guided by Fate targeting [Calix, Guided by Fate (333)]
Resolve Stack: Constellation — Whenever Calix, Guided by Fate or another enchantment you control enters, put a +1/+1 counter on target creature. (Targeting: [[Calix, Guided by Fate (333)]]) [Zone Changer: Seal of Primordium (357)]
Land: Ai(4)-mm-sythis-enchantress played Forest (340)
Zone Change: Seal of Primordium (357) was put into Graveyard from Battlefield.
Add To Stack: Ai(4)-mm-sythis-enchantress activated Seal of Primordium targeting [Secrets of the Dead (299)]
Zone Change: Secrets of the Dead (299) was put into Graveyard from Battlefield.
Resolve Stack: Seal of Primordium (357) - Destroy Secrets of the Dead (299).
Mana: Plains (390) - {T}: Add {W}.
Mana: Forest (340) - {T}: Add {G}.
Add To Stack: Ai(4)-mm-sythis-enchantress cast Seal of Cleansing
Add To Stack: Ai(4)-mm-sythis-enchantress triggered Sythis, Harvest's Hand
Life: Life: Ai(4)-mm-sythis-enchantress 29 > 30
Resolve Stack: Whenever you cast an enchantment spell, you gain 1 life and draw a card. [Card: Seal of Cleansing (306), Activator: Ai(4)-mm-sythis-enchantress, SpellAbility: Seal of Cleansing]
Resolve Stack: Seal of Cleansing
Add To Stack: Ai(4)-mm-sythis-enchantress triggered Calix, Guided by Fate targeting [Calix, Guided by Fate (333)]
Resolve Stack: Constellation — Whenever Calix, Guided by Fate or another enchantment you control enters, put a +1/+1 counter on target creature. (Targeting: [[Calix, Guided by Fate (333)]]) [Zone Changer: Seal of Cleansing (306)]
Mana: Temple Garden (376) - {T}: Add {G}.
Mana: Plains (388) - {T}: Add {W}.
Add To Stack: Ai(4)-mm-sythis-enchantress cast Eladamri's Call
Resolve Stack: Eladamri's Call (359) - Ai(4)-mm-sythis-enchantress searches their library for a creature card, reveals it, puts it into their hand, then shuffles.
Phase: Ai(4)-mm-sythis-enchantress' End step
Phase: Ai(4)-mm-sythis-enchantress' Cleanup step
Turn: Turn 35 (Ai(1)-mm-giada-angels)
Phase: Ai(1)-mm-giada-angels' Untap step
Phase: Ai(1)-mm-giada-angels' Upkeep step
Phase: Ai(1)-mm-giada-angels' Draw step
Phase: Ai(1)-mm-giada-angels' Main phase, precombat
Phase: Ai(1)-mm-giada-angels' Beginning of Combat Step
Phase: Ai(1)-mm-giada-angels' Declare Attackers Step
Combat: Ai(1)-mm-giada-angels assigned Sephara, Sky's Blade (23), Baneslayer Angel (39), Youthful Valkyrie (43), Linvala, Keeper of Silence (21) and Angel of Jubilation (36) to attack Ai(3)-mm-muldrotha-value.
Phase: Ai(1)-mm-giada-angels' Declare Blockers Step
Combat: Ai(3)-mm-muldrotha-value assigned Teval, the Balanced Scale (297) to block Sephara, Sky's Blade (23).
Ai(3)-mm-muldrotha-value didn't block Baneslayer Angel (39).
Ai(3)-mm-muldrotha-value didn't block Youthful Valkyrie (43).
Ai(3)-mm-muldrotha-value didn't block Linvala, Keeper of Silence (21).
Ai(3)-mm-muldrotha-value didn't block Angel of Jubilation (36).
Phase: Ai(1)-mm-giada-angels' First Strike Damage Step
Damage: Baneslayer Angel (39) deals 11 combat damage to Ai(3)-mm-muldrotha-value.
Life: Life: Ai(1)-mm-giada-angels 57 > 68
Life: Life: Ai(3)-mm-muldrotha-value 35 > 24
Phase: Ai(1)-mm-giada-angels' Combat Damage Step
Damage: Sephara, Sky's Blade (23) deals 12 damage to Teval, the Balanced Scale (297).
Life: Life: Ai(1)-mm-giada-angels 68 > 80
Damage: Youthful Valkyrie (43) deals 7 combat damage to Ai(3)-mm-muldrotha-value.
Damage: Linvala, Keeper of Silence (21) deals 6 combat damage to Ai(3)-mm-muldrotha-value.
Damage: Angel of Jubilation (36) deals 6 combat damage to Ai(3)-mm-muldrotha-value.
Damage: Teval, the Balanced Scale (297) deals 4 damage to Sephara, Sky's Blade (23).
Life: Life: Ai(3)-mm-muldrotha-value 24 > 5
Zone Change: Teval, the Balanced Scale (297) was put into Graveyard from Battlefield.
Phase: Ai(1)-mm-giada-angels' End of Combat Step
Phase: Ai(1)-mm-giada-angels' Main phase, postcombat
Mana: Plains (85) - {T}: Add {W}.
Mana: Plains (82) - {T}: Add {W}.
Mana: Seraph Sanctuary (67) - {T}: Add {C}.
Mana: Plains (80) - {T}: Add {W}.
Add To Stack: Ai(1)-mm-giada-angels cast Battle Angels of Tyr
Replacement Effect: Each other Angel you control enters with an additional +1/+1 counter on it for each Angel you already control.
Resolve Stack: Battle Angels of Tyr - Creature 4 / 4
Add To Stack: Ai(1)-mm-giada-angels triggered Seraph Sanctuary
Add To Stack: Ai(1)-mm-giada-angels triggered Youthful Valkyrie
Resolve Stack: Whenever another Angel you control enters, put a +1/+1 counter on Youthful Valkyrie. [Zone Changer: Battle Angels of Tyr (34)]
Life: Life: Ai(1)-mm-giada-angels 80 > 81
Resolve Stack: Whenever an Angel you control enters, you gain 1 life. [Zone Changer: Battle Angels of Tyr (34)]
Phase: Ai(1)-mm-giada-angels' End step
Phase: Ai(1)-mm-giada-angels' Cleanup step
Turn: Turn 36 (Ai(3)-mm-muldrotha-value)
Phase: Ai(3)-mm-muldrotha-value's Untap step
Phase: Ai(3)-mm-muldrotha-value's Upkeep step
Phase: Ai(3)-mm-muldrotha-value's Draw step
Phase: Ai(3)-mm-muldrotha-value's Main phase, precombat
Add To Stack: Ai(3)-mm-muldrotha-value cast Lotus Petal
Resolve Stack: Lotus Petal
Mana: Swamp (264) - {T}: Add {B}.
Mana: Island (238) - {T}: Add {U}.
Add To Stack: Ai(3)-mm-muldrotha-value cast Animate Dead targeting [The Gitrog Monster (277)]
Resolve Stack: Animate Dead (206) -  Attach to The Gitrog Monster (277)
Add To Stack: Ai(3)-mm-muldrotha-value triggered Animate Dead
Zone Change: Seal of Cleansing (306) was put into Graveyard from Battlefield.
Add To Stack: Ai(4)-mm-sythis-enchantress activated Seal of Cleansing targeting [Animate Dead (206)]
Zone Change: Animate Dead (206) was put into Graveyard from Battlefield.
Resolve Stack: Seal of Cleansing (306) - Destroy Animate Dead (206).
Resolve Stack: When Animate Dead enters, if it's on the battlefield, it loses "enchant creature card in a graveyard" and gains "enchant creature put onto the battlefield with Animate Dead." Return enchanted creature card to the battlefield under your control and attach Animate Dead to it. When Animate Dead leaves the battlefield, that creature's controller sacrifices it. [Zone Changer: Animate Dead (206)]
Phase: Ai(3)-mm-muldrotha-value's Beginning of Combat Step
Phase: Ai(3)-mm-muldrotha-value's Declare Attackers Step
Phase: Ai(3)-mm-muldrotha-value's Declare Blockers Step
Phase: Ai(3)-mm-muldrotha-value's First Strike Damage Step
Phase: Ai(3)-mm-muldrotha-value's Combat Damage Step
Phase: Ai(3)-mm-muldrotha-value's End of Combat Step
Phase: Ai(3)-mm-muldrotha-value's Main phase, postcombat
Replacement Effect: Undergrowth Stadium enters tapped unless you have two or more opponents.
Land: Ai(3)-mm-muldrotha-value played Undergrowth Stadium (294)
Mana: Swamp (266) - {T}: Add {B}.
Mana: Island (236) - {T}: Add {U}.
Mana: Rejuvenating Springs (211) - {T}: Add {G} or {U}.
Mana: Drowned Catacomb (288) - {T}: Add {U} or {B}.
Mana: Woodland Cemetery (292) - {T}: Add {B} or {G}.
Add To Stack: Ai(3)-mm-muldrotha-value cast Gravebreaker Lamia
Resolve Stack: Gravebreaker Lamia - Creature 4 / 4
Add To Stack: Ai(3)-mm-muldrotha-value triggered Gravebreaker Lamia
Resolve Stack: When Gravebreaker Lamia enters, search your library for a card, put it into your graveyard, then shuffle. [Zone Changer: Gravebreaker Lamia (290)]
Mana: Undergrowth Stadium (294) - {T}: Add {B} or {G}.
Mana: Overgrown Tomb (276) - {T}: Add {G}.
Add To Stack: Ai(3)-mm-muldrotha-value cast Accursed Marauder
Resolve Stack: Accursed Marauder - Creature 2 / 1
Add To Stack: Ai(3)-mm-muldrotha-value triggered Accursed Marauder
Zone Change: Stitcher's Supplier (287) was put into Graveyard from Battlefield.
Zone Change: Sythis, Harvest's Hand (403) was put into Graveyard from Battlefield.
Zone Change: Giada, Font of Hope (100) was put into Graveyard from Battlefield.
Resolve Stack: When Accursed Marauder enters, each player sacrifices a nontoken creature. [Zone Changer: Accursed Marauder (273)]
Add To Stack: Ai(3)-mm-muldrotha-value triggered Stitcher's Supplier
Zone Change: Ai(3)-mm-muldrotha-value milled Swamp (268), Solemn Simulacrum (247) and Island (237).
Resolve Stack: When Stitcher's Supplier enters or dies, mill three cards. [Zone Changer: Stitcher's Supplier (287)]
Phase: Ai(3)-mm-muldrotha-value's End step
Phase: Ai(3)-mm-muldrotha-value's Cleanup step
Turn: Turn 37 (Ai(4)-mm-sythis-enchantress)
Phase: Ai(4)-mm-sythis-enchantress' Untap step
Phase: Ai(4)-mm-sythis-enchantress' Upkeep step
Phase: Ai(4)-mm-sythis-enchantress' Draw step
Phase: Ai(4)-mm-sythis-enchantress' Main phase, precombat
Land: Ai(4)-mm-sythis-enchantress played Forest (341)
Mana: Plains (389) - {T}: Add {W}.
Mana: Plains (390) - {T}: Add {W}.
Mana: Forest (340) - {T}: Add {G}.
Mana: Forest (341) - {T}: Add {G}.
Add To Stack: Ai(4)-mm-sythis-enchantress cast Archon of Sun's Grace
Resolve Stack: Archon of Sun's Grace - Creature 3 / 4
Phase: Ai(4)-mm-sythis-enchantress' Beginning of Combat Step
Phase: Ai(4)-mm-sythis-enchantress' Declare Attackers Step
Phase: Ai(4)-mm-sythis-enchantress' Declare Blockers Step
Phase: Ai(4)-mm-sythis-enchantress' First Strike Damage Step
Phase: Ai(4)-mm-sythis-enchantress' Combat Damage Step
Phase: Ai(4)-mm-sythis-enchantress' End of Combat Step
Phase: Ai(4)-mm-sythis-enchantress' Main phase, postcombat
Mana: Plains (388) - {T}: Add {W}.
Mana: Canopy Vista (371) - {T}: Add {G}.
Mana: Temple Garden (376) - {T}: Add {G}.
Add To Stack: Ai(4)-mm-sythis-enchantress cast Heliod, Sun-Crowned
Resolve Stack: Heliod, Sun-Crowned - Creature 5 / 5
Add To Stack: Ai(4)-mm-sythis-enchantress triggered Calix, Guided by Fate targeting [Calix, Guided by Fate (333)]
Add To Stack: Ai(4)-mm-sythis-enchantress triggered Archon of Sun's Grace
Resolve Stack: Constellation — Whenever an enchantment you control enters, create a 2/2 white Pegasus creature token with flying. [Zone Changer: Heliod, Sun-Crowned (398)]
Resolve Stack: Constellation — Whenever Calix, Guided by Fate or another enchantment you control enters, put a +1/+1 counter on target creature. (Targeting: [[Calix, Guided by Fate (333)]]) [Zone Changer: Heliod, Sun-Crowned (398)]
Phase: Ai(4)-mm-sythis-enchantress' End step
Phase: Ai(4)-mm-sythis-enchantress' Cleanup step
Turn: Turn 38 (Ai(1)-mm-giada-angels)
Phase: Ai(1)-mm-giada-angels' Untap step
Phase: Ai(1)-mm-giada-angels' Upkeep step
Phase: Ai(1)-mm-giada-angels' Draw step
Phase: Ai(1)-mm-giada-angels' Main phase, precombat
Phase: Ai(1)-mm-giada-angels' Beginning of Combat Step
Phase: Ai(1)-mm-giada-angels' Declare Attackers Step
Combat: Ai(1)-mm-giada-angels assigned Sephara, Sky's Blade (23), Baneslayer Angel (39), Battle Angels of Tyr (34), Youthful Valkyrie (43), Linvala, Keeper of Silence (21) and Angel of Jubilation (36) to attack Ai(3)-mm-muldrotha-value.
Add To Stack: Ai(1)-mm-giada-angels triggered Battle Angels of Tyr
Resolve Stack: Myriad (Whenever this creature attacks, for each opponent other than defending player, you may create a token that's a copy of this creature that's tapped and attacking that player or a planeswalker they control. Exile the tokens at end of combat.) [Attacker: Battle Angels of Tyr (34)]
Add To Stack: Ai(1)-mm-giada-angels triggered Seraph Sanctuary
Add To Stack: Ai(1)-mm-giada-angels triggered Youthful Valkyrie
Resolve Stack: Whenever another Angel you control enters, put a +1/+1 counter on Youthful Valkyrie. [Zone Changer: Battle Angels of Tyr (434)]
Life: Life: Ai(1)-mm-giada-angels 81 > 82
Resolve Stack: Whenever an Angel you control enters, you gain 1 life. [Zone Changer: Battle Angels of Tyr (434)]
Phase: Ai(1)-mm-giada-angels' Declare Blockers Step
Combat: Ai(3)-mm-muldrotha-value didn't block Sephara, Sky's Blade (23).
Ai(3)-mm-muldrotha-value didn't block Baneslayer Angel (39).
Ai(3)-mm-muldrotha-value didn't block Battle Angels of Tyr (34).
Ai(3)-mm-muldrotha-value didn't block Youthful Valkyrie (43).
Ai(3)-mm-muldrotha-value didn't block Linvala, Keeper of Silence (21).
Ai(3)-mm-muldrotha-value didn't block Angel of Jubilation (36).
Combat: Ai(4)-mm-sythis-enchantress didn't block Battle Angels of Tyr (434).
Phase: Ai(1)-mm-giada-angels' First Strike Damage Step
Damage: Baneslayer Angel (39) deals 11 combat damage to Ai(3)-mm-muldrotha-value.
Life: Life: Ai(1)-mm-giada-angels 82 > 93
Life: Life: Ai(3)-mm-muldrotha-value 5 > -6
Phase: Ai(1)-mm-giada-angels' Combat Damage Step
Damage: Battle Angels of Tyr (434) deals 5 combat damage to Ai(4)-mm-sythis-enchantress.
Life: Life: Ai(4)-mm-sythis-enchantress 30 > 25
Add To Stack: Ai(1)-mm-giada-angels triggered Battle Angels of Tyr
Resolve Stack: Whenever Battle Angels of Tyr deals combat damage to a player, draw a card if that player has more cards in hand than each other player. Then you create a Treasure token if that player controls more lands than each other player. Then you gain 3 life if that player has more life than each other player. [Damage Source: Battle Angels of Tyr (434), Damaged: Ai(4)-mm-sythis-enchantress, Amount: 5]
Phase: Ai(1)-mm-giada-angels' End of Combat Step
Add To Stack: Ai(1)-mm-giada-angels triggered Battle Angels of Tyr
Zone Change: Battle Angels of Tyr (434) was put into Exile from Battlefield.
Resolve Stack: Exile Battle Angels of Tyr (434) at the end of combat. ([Battle Angels of Tyr (434)]) [Phase: Ai(1)-mm-giada-angels]
Phase: Ai(1)-mm-giada-angels' Main phase, postcombat
Mana: Seraph Sanctuary (67) - {T}: Add {C}.
Mana: Plains (85) - {T}: Add {W}.
Mana: Plains (82) - {T}: Add {W}.
Mana: Plains (80) - {T}: Add {W}.
Zone Change: Treasure Token (436) was put into Graveyard from Battlefield.
Mana: Treasure Token (436) - {T}, Sacrifice this token: Add one mana of any color.
Add To Stack: Ai(1)-mm-giada-angels cast Vanquisher's Banner
Replacement Effect: As Vanquisher's Banner enters, choose a creature type.
Resolve Stack: Vanquisher's Banner
Phase: Ai(1)-mm-giada-angels' End step
Phase: Ai(1)-mm-giada-angels' Cleanup step
Turn: Turn 39 (Ai(4)-mm-sythis-enchantress)
Phase: Ai(4)-mm-sythis-enchantress' Untap step
Phase: Ai(4)-mm-sythis-enchantress' Upkeep step
Phase: Ai(4)-mm-sythis-enchantress' Draw step
Phase: Ai(4)-mm-sythis-enchantress' Main phase, precombat
Land: Ai(4)-mm-sythis-enchantress played Plains (395)
Mana: Forest (340) - {T}: Add {G}.
Mana: Plains (389) - {T}: Add {W}.
Mana: Forest (341) - {T}: Add {G}.
Mana: Plains (390) - {T}: Add {W}.
Mana: Plains (388) - {T}: Add {W}.
Mana: Plains (395) - {T}: Add {W}.
Add To Stack: Ai(4)-mm-sythis-enchantress cast Sythis, Harvest's Hand
Resolve Stack: Sythis, Harvest's Hand - Creature 1 / 2
Add To Stack: Ai(4)-mm-sythis-enchantress triggered Calix, Guided by Fate targeting [Calix, Guided by Fate (333)]
Add To Stack: Ai(4)-mm-sythis-enchantress triggered Archon of Sun's Grace
Resolve Stack: Constellation — Whenever an enchantment you control enters, create a 2/2 white Pegasus creature token with flying. [Zone Changer: Sythis, Harvest's Hand (403)]
Resolve Stack: Constellation — Whenever Calix, Guided by Fate or another enchantment you control enters, put a +1/+1 counter on target creature. (Targeting: [[Calix, Guided by Fate (333)]]) [Zone Changer: Sythis, Harvest's Hand (403)]
Phase: Ai(4)-mm-sythis-enchantress' Beginning of Combat Step
Phase: Ai(4)-mm-sythis-enchantress' Declare Attackers Step
Combat: Ai(4)-mm-sythis-enchantress assigned Calix, Guided by Fate (333) and Heliod, Sun-Crowned (398) to attack Ai(1)-mm-giada-angels.
Phase: Ai(4)-mm-sythis-enchantress' Declare Blockers Step
Combat: Ai(1)-mm-giada-angels didn't block Calix, Guided by Fate (333).
Ai(1)-mm-giada-angels didn't block Heliod, Sun-Crowned (398).
Phase: Ai(4)-mm-sythis-enchantress' First Strike Damage Step
Phase: Ai(4)-mm-sythis-enchantress' Combat Damage Step
Damage: Calix, Guided by Fate (333) deals 14 combat damage to Ai(1)-mm-giada-angels.
Damage: Heliod, Sun-Crowned (398) deals 5 combat damage to Ai(1)-mm-giada-angels.
Life: Life: Ai(1)-mm-giada-angels 93 > 74
Add To Stack: Ai(4)-mm-sythis-enchantress triggered Calix, Guided by Fate
Resolve Stack: Whenever Calix or an enchanted creature you control deals combat damage to a player, you may create a token that's a copy of a nonlegendary enchantment you control. Do this only once each turn. [Damage Source: Calix, Guided by Fate (333), Damaged: Ai(1)-mm-giada-angels, Amount: 14]
Phase: Ai(4)-mm-sythis-enchantress' End of Combat Step
Phase: Ai(4)-mm-sythis-enchantress' Main phase, postcombat
Mana: Canopy Vista (371) - {T}: Add {W}.
Add To Stack: Ai(4)-mm-sythis-enchantress cast Enlightened Tutor
Resolve Stack: Enlightened Tutor (367) - Ai(4)-mm-sythis-enchantress searches their library for an artifact or enchantment card, reveals it, puts it , then shuffles.
Phase: Ai(4)-mm-sythis-enchantress' End step
Phase: Ai(4)-mm-sythis-enchantress' Cleanup step
Turn: Turn 40 (Ai(1)-mm-giada-angels)
Phase: Ai(1)-mm-giada-angels' Untap step
Phase: Ai(1)-mm-giada-angels' Upkeep step
Phase: Ai(1)-mm-giada-angels' Draw step
Phase: Ai(1)-mm-giada-angels' Main phase, precombat
Land: Ai(1)-mm-giada-angels played Nykthos, Shrine to Nyx (31)
Phase: Ai(1)-mm-giada-angels' Beginning of Combat Step
Phase: Ai(1)-mm-giada-angels' Declare Attackers Step
Combat: Ai(1)-mm-giada-angels assigned Battle Angels of Tyr (34), Sephara, Sky's Blade (23), Baneslayer Angel (39), Youthful Valkyrie (43), Linvala, Keeper of Silence (21) and Angel of Jubilation (36) to attack Ai(4)-mm-sythis-enchantress.
Add To Stack: Ai(1)-mm-giada-angels triggered Battle Angels of Tyr
Resolve Stack: Myriad (Whenever this creature attacks, for each opponent other than defending player, you may create a token that's a copy of this creature that's tapped and attacking that player or a planeswalker they control. Exile the tokens at end of combat.) [Attacker: Battle Angels of Tyr (34)]
Phase: Ai(1)-mm-giada-angels' Declare Blockers Step
Combat: Ai(4)-mm-sythis-enchantress assigned Archon of Sun's Grace (318) to block Battle Angels of Tyr (34).
Ai(4)-mm-sythis-enchantress assigned Pegasus Token (432) to block Sephara, Sky's Blade (23).
Ai(4)-mm-sythis-enchantress assigned Pegasus Token (439) to block Baneslayer Angel (39).
Ai(4)-mm-sythis-enchantress didn't block Youthful Valkyrie (43).
Ai(4)-mm-sythis-enchantress didn't block Linvala, Keeper of Silence (21).
Ai(4)-mm-sythis-enchantress didn't block Angel of Jubilation (36).
Phase: Ai(1)-mm-giada-angels' First Strike Damage Step
Damage: Baneslayer Angel (39) deals 12 damage to Pegasus Token (439).
Life: Life: Ai(1)-mm-giada-angels 74 > 86
Zone Change: Pegasus Token (439) was put into Graveyard from Battlefield.
Phase: Ai(1)-mm-giada-angels' Combat Damage Step
Damage: Battle Angels of Tyr (34) deals 12 damage to Archon of Sun's Grace (318).
Damage: Sephara, Sky's Blade (23) deals 13 damage to Pegasus Token (432).
Life: Life: Ai(1)-mm-giada-angels 86 > 99
Damage: Youthful Valkyrie (43) deals 10 combat damage to Ai(4)-mm-sythis-enchantress.
Damage: Linvala, Keeper of Silence (21) deals 7 combat damage to Ai(4)-mm-sythis-enchantress.
Damage: Angel of Jubilation (36) deals 7 combat damage to Ai(4)-mm-sythis-enchantress.
Damage: Pegasus Token (432) deals 2 damage to Sephara, Sky's Blade (23).
Life: Life: Ai(4)-mm-sythis-enchantress 25 > 27
Damage: Archon of Sun's Grace (318) deals 3 damage to Battle Angels of Tyr (34).
Life: Life: Ai(4)-mm-sythis-enchantress 27 > 30
Life: Life: Ai(4)-mm-sythis-enchantress 30 > 6
Zone Change: Archon of Sun's Grace (318) was put into Graveyard from Battlefield.
Zone Change: Pegasus Token (432) was put into Graveyard from Battlefield.
Add To Stack: Ai(4)-mm-sythis-enchantress triggered Heliod, Sun-Crowned targeting [Calix, Guided by Fate (333)]
Add To Stack: Ai(4)-mm-sythis-enchantress triggered Heliod, Sun-Crowned targeting [Calix, Guided by Fate (333)]
Resolve Stack: Whenever you gain life, put a +1/+1 counter on target creature or enchantment you control. (Targeting: [[Calix, Guided by Fate (333)]]) [Player: Ai(4)-mm-sythis-enchantress, Gained Amount: 3]
Resolve Stack: Whenever you gain life, put a +1/+1 counter on target creature or enchantment you control. (Targeting: [[Calix, Guided by Fate (333)]]) [Player: Ai(4)-mm-sythis-enchantress, Gained Amount: 2]
Phase: Ai(1)-mm-giada-angels' End of Combat Step
Add To Stack: Ai(1)-mm-giada-angels triggered Battle Angels of Tyr
Resolve Stack: Exile  at the end of combat. [Phase: Ai(1)-mm-giada-angels]
Phase: Ai(1)-mm-giada-angels' Main phase, postcombat
Mana: Plains (85) - {T}: Add {W}.
Mana: Seraph Sanctuary (67) - {T}: Add {C}.
Mana: Plains (82) - {T}: Add {W}.
Mana: Plains (80) - {T}: Add {W}.
Add To Stack: Ai(1)-mm-giada-angels cast Smothering Tithe
Resolve Stack: Smothering Tithe
Phase: Ai(1)-mm-giada-angels' End step
Phase: Ai(1)-mm-giada-angels' Cleanup step
Turn: Turn 41 (Ai(4)-mm-sythis-enchantress)
Phase: Ai(4)-mm-sythis-enchantress' Untap step
Phase: Ai(4)-mm-sythis-enchantress' Upkeep step
Phase: Ai(4)-mm-sythis-enchantress' Draw step
Add To Stack: Ai(1)-mm-giada-angels triggered Smothering Tithe
Resolve Stack: Whenever an opponent draws a card, that player may pay {2}. If the player doesn't, you create a Treasure token. (It's an artifact with "{T}, Sacrifice this token: Add one mana of any color.") [Player: Ai(4)-mm-sythis-enchantress]
Phase: Ai(4)-mm-sythis-enchantress' Main phase, precombat
Phase: Ai(4)-mm-sythis-enchantress' Beginning of Combat Step
Phase: Ai(4)-mm-sythis-enchantress' Declare Attackers Step
Combat: Ai(4)-mm-sythis-enchantress assigned Calix, Guided by Fate (333) and Sythis, Harvest's Hand (403) to attack Ai(1)-mm-giada-angels.
Phase: Ai(4)-mm-sythis-enchantress' Declare Blockers Step
Combat: Ai(1)-mm-giada-angels didn't block Calix, Guided by Fate (333).
Ai(1)-mm-giada-angels didn't block Sythis, Harvest's Hand (403).
Mana: Plains (389) - {T}: Add {W}.
Mana: Plains (390) - {T}: Add {W}.
Add To Stack: Ai(4)-mm-sythis-enchantress activated Heliod, Sun-Crowned targeting [Calix, Guided by Fate (333)]
Resolve Stack: Heliod, Sun-Crowned (398) - Calix, Guided by Fate (333) gains lifelink until end of turn.
Phase: Ai(4)-mm-sythis-enchantress' First Strike Damage Step
Phase: Ai(4)-mm-sythis-enchantress' Combat Damage Step
Damage: Calix, Guided by Fate (333) deals 16 combat damage to Ai(1)-mm-giada-angels.
Life: Life: Ai(4)-mm-sythis-enchantress 6 > 22
Damage: Sythis, Harvest's Hand (403) deals 1 combat damage to Ai(1)-mm-giada-angels.
Life: Life: Ai(1)-mm-giada-angels 99 > 82
Add To Stack: Ai(4)-mm-sythis-enchantress triggered Calix, Guided by Fate
Add To Stack: Ai(4)-mm-sythis-enchantress triggered Heliod, Sun-Crowned targeting [Calix, Guided by Fate (333)]
Resolve Stack: Whenever you gain life, put a +1/+1 counter on target creature or enchantment you control. (Targeting: [[Calix, Guided by Fate (333)]]) [Player: Ai(4)-mm-sythis-enchantress, Gained Amount: 16]
Resolve Stack: Whenever Calix or an enchanted creature you control deals combat damage to a player, you may create a token that's a copy of a nonlegendary enchantment you control. Do this only once each turn. [Damage Source: Calix, Guided by Fate (333), Damaged: Ai(1)-mm-giada-angels, Amount: 16]
Phase: Ai(4)-mm-sythis-enchantress' End of Combat Step
Phase: Ai(4)-mm-sythis-enchantress' Main phase, postcombat
Mana: Forest (340) - {T}: Add {G}.
Mana: Forest (341) - {T}: Add {G}.
Mana: Plains (388) - {T}: Add {W}.
Add To Stack: Ai(4)-mm-sythis-enchantress cast Courser of Kruphix
Add To Stack: Ai(4)-mm-sythis-enchantress triggered Sythis, Harvest's Hand
Life: Life: Ai(4)-mm-sythis-enchantress 22 > 23
Resolve Stack: Whenever you cast an enchantment spell, you gain 1 life and draw a card. [Card: Courser of Kruphix (402), Activator: Ai(4)-mm-sythis-enchantress, SpellAbility: Courser of Kruphix - Creature 2 / 4]
Add To Stack: Ai(4)-mm-sythis-enchantress triggered Heliod, Sun-Crowned targeting [Calix, Guided by Fate (333)]
Add To Stack: Ai(1)-mm-giada-angels triggered Smothering Tithe
Resolve Stack: Whenever an opponent draws a card, that player may pay {2}. If the player doesn't, you create a Treasure token. (It's an artifact with "{T}, Sacrifice this token: Add one mana of any color.") [Player: Ai(4)-mm-sythis-enchantress]
Resolve Stack: Whenever you gain life, put a +1/+1 counter on target creature or enchantment you control. (Targeting: [[Calix, Guided by Fate (333)]]) [Player: Ai(4)-mm-sythis-enchantress, Gained Amount: 1]
Resolve Stack: Courser of Kruphix - Creature 2 / 4
Add To Stack: Ai(4)-mm-sythis-enchantress triggered Calix, Guided by Fate targeting [Calix, Guided by Fate (333)]
Resolve Stack: Constellation — Whenever Calix, Guided by Fate or another enchantment you control enters, put a +1/+1 counter on target creature. (Targeting: [[Calix, Guided by Fate (333)]]) [Zone Changer: Courser of Kruphix (402)]
Land: Ai(4)-mm-sythis-enchantress played Hall of Heliod's Generosity (313)
Add To Stack: Ai(4)-mm-sythis-enchantress triggered Courser of Kruphix
Life: Life: Ai(4)-mm-sythis-enchantress 23 > 24
Resolve Stack: Landfall — Whenever a land you control enters, you gain 1 life. [Zone Changer: Hall of Heliod's Generosity (313)]
Add To Stack: Ai(4)-mm-sythis-enchantress triggered Heliod, Sun-Crowned targeting [Calix, Guided by Fate (333)]
Resolve Stack: Whenever you gain life, put a +1/+1 counter on target creature or enchantment you control. (Targeting: [[Calix, Guided by Fate (333)]]) [Player: Ai(4)-mm-sythis-enchantress, Gained Amount: 1]
Phase: Ai(4)-mm-sythis-enchantress' End step
Phase: Ai(4)-mm-sythis-enchantress' Cleanup step
Turn: Turn 42 (Ai(1)-mm-giada-angels)
Phase: Ai(1)-mm-giada-angels' Untap step
Phase: Ai(1)-mm-giada-angels' Upkeep step
Phase: Ai(1)-mm-giada-angels' Draw step
Phase: Ai(1)-mm-giada-angels' Main phase, precombat
Replacement Effect: Minas Tirith enters tapped unless you control a legendary creature.
Land: Ai(1)-mm-giada-angels played Minas Tirith (24)
Mana: Plains (85) - {T}: Add {W}.
Mana: Plains (82) - {T}: Add {W}.
Mana: Seraph Sanctuary (67) - {T}: Add {C}.
Mana: Plains (80) - {T}: Add {W}.
Mana: Minas Tirith (24) - {T}: Add {W}.
Mana: Nykthos, Shrine to Nyx (31) - {T}: Add {C}.
Add To Stack: Ai(1)-mm-giada-angels cast Farewell
Zone Change: Vanquisher's Banner (64) was put into Exile from Battlefield.
Zone Change: Treasure Token (443) was put into Exile from Battlefield.
Zone Change: Treasure Token (447) was put into Exile from Battlefield.
Zone Change: Youthful Valkyrie (43) was put into Exile from Battlefield.
Zone Change: Linvala, Keeper of Silence (21) was put into Exile from Battlefield.
Zone Change: Angel of Jubilation (36) was put into Exile from Battlefield.
Zone Change: Sephara, Sky's Blade (23) was put into Exile from Battlefield.
Zone Change: Baneslayer Angel (39) was put into Exile from Battlefield.
Zone Change: Battle Angels of Tyr (34) was put into Exile from Battlefield.
Zone Change: Calix, Guided by Fate (333) was put into Exile from Battlefield.
Zone Change: Sythis, Harvest's Hand (403) was put into Exile from Battlefield.
Zone Change: Courser of Kruphix (402) was put into Exile from Battlefield.
Zone Change: Smothering Tithe (14) was put into Exile from Battlefield.
Zone Change: Heliod, Sun-Crowned (398) was put into Exile from Battlefield.
Resolve Stack: Farewell (20) -  Exile all artifacts. Exile all creatures. Exile all enchantments. Exile all graveyards.
Phase: Ai(1)-mm-giada-angels' Beginning of Combat Step
Phase: Ai(1)-mm-giada-angels' Declare Attackers Step
Phase: Ai(1)-mm-giada-angels' Declare Blockers Step
Phase: Ai(1)-mm-giada-angels' First Strike Damage Step
Phase: Ai(1)-mm-giada-angels' Combat Damage Step
Phase: Ai(1)-mm-giada-angels' End of Combat Step
Phase: Ai(1)-mm-giada-angels' Main phase, postcombat
Phase: Ai(1)-mm-giada-angels' End step
Phase: Ai(1)-mm-giada-angels' Cleanup step
Turn: Turn 43 (Ai(4)-mm-sythis-enchantress)
Phase: Ai(4)-mm-sythis-enchantress' Untap step
Phase: Ai(4)-mm-sythis-enchantress' Upkeep step
Phase: Ai(4)-mm-sythis-enchantress' Draw step
Phase: Ai(4)-mm-sythis-enchantress' Main phase, precombat
Phase: Ai(4)-mm-sythis-enchantress' Beginning of Combat Step
Phase: Ai(4)-mm-sythis-enchantress' Declare Attackers Step
Phase: Ai(4)-mm-sythis-enchantress' Declare Blockers Step
Phase: Ai(4)-mm-sythis-enchantress' First Strike Damage Step
Phase: Ai(4)-mm-sythis-enchantress' Combat Damage Step
Phase: Ai(4)-mm-sythis-enchantress' End of Combat Step
Phase: Ai(4)-mm-sythis-enchantress' Main phase, postcombat
Mana: Forest (340) - {T}: Add {G}.
Mana: Forest (341) - {T}: Add {G}.
Add To Stack: Ai(4)-mm-sythis-enchantress cast Destiny Spinner
Resolve Stack: Destiny Spinner - Creature 2 / 3
Phase: Ai(4)-mm-sythis-enchantress' End step
Phase: Ai(4)-mm-sythis-enchantress' Cleanup step
Turn: Turn 44 (Ai(1)-mm-giada-angels)
Phase: Ai(1)-mm-giada-angels' Untap step
Phase: Ai(1)-mm-giada-angels' Upkeep step
Phase: Ai(1)-mm-giada-angels' Draw step
Phase: Ai(1)-mm-giada-angels' Main phase, precombat
Land: Ai(1)-mm-giada-angels played Plains (68)
Phase: Ai(1)-mm-giada-angels' Beginning of Combat Step
Phase: Ai(1)-mm-giada-angels' Declare Attackers Step
Phase: Ai(1)-mm-giada-angels' Declare Blockers Step
Phase: Ai(1)-mm-giada-angels' First Strike Damage Step
Phase: Ai(1)-mm-giada-angels' Combat Damage Step
Phase: Ai(1)-mm-giada-angels' End of Combat Step
Phase: Ai(1)-mm-giada-angels' Main phase, postcombat
Mana: Plains (85) - {T}: Add {W}.
Mana: Plains (82) - {T}: Add {W}.
Mana: Plains (80) - {T}: Add {W}.
Add To Stack: Ai(1)-mm-giada-angels cast The Book of Exalted Deeds
Resolve Stack: The Book of Exalted Deeds
Mana: Plains (68) - {T}: Add {W}.
Mana: Seraph Sanctuary (67) - {T}: Add {C}.
Mana: Minas Tirith (24) - {T}: Add {W}.
Mana: Nykthos, Shrine to Nyx (31) - {T}: Add {C}.
Add To Stack: Ai(1)-mm-giada-angels cast Giada, Font of Hope
Resolve Stack: Giada, Font of Hope - Creature 2 / 2
Add To Stack: Ai(1)-mm-giada-angels triggered Seraph Sanctuary
Life: Life: Ai(1)-mm-giada-angels 82 > 83
Resolve Stack: Whenever an Angel you control enters, you gain 1 life. [Zone Changer: Giada, Font of Hope (100)]
Phase: Ai(1)-mm-giada-angels' End step
Phase: Ai(1)-mm-giada-angels' Cleanup step
Turn: Turn 45 (Ai(4)-mm-sythis-enchantress)
Phase: Ai(4)-mm-sythis-enchantress' Untap step
Phase: Ai(4)-mm-sythis-enchantress' Upkeep step
Phase: Ai(4)-mm-sythis-enchantress' Draw step
Phase: Ai(4)-mm-sythis-enchantress' Main phase, precombat
Phase: Ai(4)-mm-sythis-enchantress' Beginning of Combat Step
Phase: Ai(4)-mm-sythis-enchantress' Declare Attackers Step
Combat: Ai(4)-mm-sythis-enchantress assigned Destiny Spinner (330) to attack Ai(1)-mm-giada-angels.
Phase: Ai(4)-mm-sythis-enchantress' Declare Blockers Step
Combat: Ai(1)-mm-giada-angels didn't block Destiny Spinner (330).
Phase: Ai(4)-mm-sythis-enchantress' First Strike Damage Step
Phase: Ai(4)-mm-sythis-enchantress' Combat Damage Step
Damage: Destiny Spinner (330) deals 2 combat damage to Ai(1)-mm-giada-angels.
Life: Life: Ai(1)-mm-giada-angels 83 > 81
Phase: Ai(4)-mm-sythis-enchantress' End of Combat Step
Phase: Ai(4)-mm-sythis-enchantress' Main phase, postcombat
Mana: Forest (340) - {T}: Add {G}.
Mana: Plains (389) - {T}: Add {W}.
Mana: Forest (341) - {T}: Add {G}.
Mana: Plains (390) - {T}: Add {W}.
Mana: Plains (388) - {T}: Add {W}.
Mana: Plains (395) - {T}: Add {W}.
Mana: Canopy Vista (371) - {T}: Add {G}.
Mana: Temple Garden (376) - {T}: Add {G}.
Add To Stack: Ai(4)-mm-sythis-enchantress cast Sythis, Harvest's Hand
Resolve Stack: Sythis, Harvest's Hand - Creature 1 / 2
Phase: Ai(4)-mm-sythis-enchantress' End step
Phase: Ai(4)-mm-sythis-enchantress' Cleanup step
Turn: Turn 46 (Ai(1)-mm-giada-angels)
Phase: Ai(1)-mm-giada-angels' Untap step
Phase: Ai(1)-mm-giada-angels' Upkeep step
Phase: Ai(1)-mm-giada-angels' Draw step
Phase: Ai(1)-mm-giada-angels' Main phase, precombat
Mana: Seraph Sanctuary (67) - {T}: Add {C}.
Mana: Plains (85) - {T}: Add {W}.
Add To Stack: Ai(1)-mm-giada-angels cast Lightning Greaves
Resolve Stack: Lightning Greaves
Add To Stack: Ai(1)-mm-giada-angels activated Lightning Greaves targeting [Giada, Font of Hope (100)]
Resolve Stack: Lightning Greaves (95) -  Attach to Giada, Font of Hope (100)
Phase: Ai(1)-mm-giada-angels' Beginning of Combat Step
Phase: Ai(1)-mm-giada-angels' Declare Attackers Step
Combat: Ai(1)-mm-giada-angels assigned Giada, Font of Hope (100) to attack Ai(4)-mm-sythis-enchantress.
Phase: Ai(1)-mm-giada-angels' Declare Blockers Step
Combat: Ai(4)-mm-sythis-enchantress didn't block Giada, Font of Hope (100).
Phase: Ai(1)-mm-giada-angels' First Strike Damage Step
Phase: Ai(1)-mm-giada-angels' Combat Damage Step
Damage: Giada, Font of Hope (100) deals 2 combat damage to Ai(4)-mm-sythis-enchantress.
Life: Life: Ai(4)-mm-sythis-enchantress 24 > 22
Phase: Ai(1)-mm-giada-angels' End of Combat Step
Phase: Ai(1)-mm-giada-angels' Main phase, postcombat
Mana: Plains (82) - {T}: Add {W}.
Mana: Plains (80) - {T}: Add {W}.
Add To Stack: Ai(1)-mm-giada-angels cast Folk Hero
Resolve Stack: Folk Hero
Phase: Ai(1)-mm-giada-angels' End step
Phase: Ai(1)-mm-giada-angels' Cleanup step
Turn: Turn 47 (Ai(4)-mm-sythis-enchantress)
Phase: Ai(4)-mm-sythis-enchantress' Untap step
Phase: Ai(4)-mm-sythis-enchantress' Upkeep step
Phase: Ai(4)-mm-sythis-enchantress' Draw step
Phase: Ai(4)-mm-sythis-enchantress' Main phase, precombat
Phase: Ai(4)-mm-sythis-enchantress' Beginning of Combat Step
Phase: Ai(4)-mm-sythis-enchantress' Declare Attackers Step
Combat: Ai(4)-mm-sythis-enchantress assigned Destiny Spinner (330) to attack Ai(1)-mm-giada-angels.
Phase: Ai(4)-mm-sythis-enchantress' Declare Blockers Step
Combat: Ai(1)-mm-giada-angels didn't block Destiny Spinner (330).
Phase: Ai(4)-mm-sythis-enchantress' First Strike Damage Step
Phase: Ai(4)-mm-sythis-enchantress' Combat Damage Step
Damage: Destiny Spinner (330) deals 2 combat damage to Ai(1)-mm-giada-angels.
Life: Life: Ai(1)-mm-giada-angels 81 > 79
Phase: Ai(4)-mm-sythis-enchantress' End of Combat Step
Phase: Ai(4)-mm-sythis-enchantress' Main phase, postcombat
Mana: Plains (389) - {T}: Add {W}.
Mana: Forest (340) - {T}: Add {G}.
Mana: Forest (341) - {T}: Add {G}.
Add To Stack: Ai(4)-mm-sythis-enchantress cast Idyllic Tutor
Resolve Stack: Idyllic Tutor (307) - Ai(4)-mm-sythis-enchantress searches their library for an enchantment card, reveals it, puts it into their hand, then shuffles.
Mana: Canopy Vista (371) - {T}: Add {G}.
Mana: Plains (390) - {T}: Add {W}.
Mana: Plains (388) - {T}: Add {W}.
Add To Stack: Ai(4)-mm-sythis-enchantress cast Dryad of the Ilysian Grove
Add To Stack: Ai(4)-mm-sythis-enchantress triggered Sythis, Harvest's Hand
Life: Life: Ai(4)-mm-sythis-enchantress 22 > 23
Resolve Stack: Whenever you cast an enchantment spell, you gain 1 life and draw a card. [Card: Dryad of the Ilysian Grove (317), Activator: Ai(4)-mm-sythis-enchantress, SpellAbility: Dryad of the Ilysian Grove - Creature 2 / 4]
Resolve Stack: Dryad of the Ilysian Grove - Creature 2 / 4
Mana: Temple Garden (376) - {T}: Add {G}.
Mana: Plains (395) - {T}: Add {G}.
Mana: Hall of Heliod's Generosity (313) - {T}: Add {C}.
Add To Stack: Ai(4)-mm-sythis-enchantress cast Ancestral Mask targeting [Dryad of the Ilysian Grove (317)]
Add To Stack: Ai(4)-mm-sythis-enchantress triggered Sythis, Harvest's Hand
Life: Life: Ai(4)-mm-sythis-enchantress 23 > 24
Resolve Stack: Whenever you cast an enchantment spell, you gain 1 life and draw a card. [Card: Ancestral Mask (356), Activator: Ai(4)-mm-sythis-enchantress, SpellAbility: Ancestral Mask]
Resolve Stack: Ancestral Mask (356) -  Attach to Dryad of the Ilysian Grove (317)
Phase: Ai(4)-mm-sythis-enchantress' End step
Phase: Ai(4)-mm-sythis-enchantress' Cleanup step
Turn: Turn 48 (Ai(1)-mm-giada-angels)
Phase: Ai(1)-mm-giada-angels' Untap step
Phase: Ai(1)-mm-giada-angels' Upkeep step
Phase: Ai(1)-mm-giada-angels' Draw step
Phase: Ai(1)-mm-giada-angels' Main phase, precombat
Land: Ai(1)-mm-giada-angels played Plains (86)
Phase: Ai(1)-mm-giada-angels' Beginning of Combat Step
Phase: Ai(1)-mm-giada-angels' Declare Attackers Step
Combat: Ai(1)-mm-giada-angels assigned Giada, Font of Hope (100) to attack Ai(4)-mm-sythis-enchantress.
Phase: Ai(1)-mm-giada-angels' Declare Blockers Step
Combat: Ai(4)-mm-sythis-enchantress didn't block Giada, Font of Hope (100).
Phase: Ai(1)-mm-giada-angels' First Strike Damage Step
Phase: Ai(1)-mm-giada-angels' Combat Damage Step
Damage: Giada, Font of Hope (100) deals 2 combat damage to Ai(4)-mm-sythis-enchantress.
Life: Life: Ai(4)-mm-sythis-enchantress 24 > 22
Phase: Ai(1)-mm-giada-angels' End of Combat Step
Phase: Ai(1)-mm-giada-angels' Main phase, postcombat
Mana: Plains (85) - {T}: Add {W}.
Mana: Plains (82) - {T}: Add {W}.
Mana: Plains (80) - {T}: Add {W}.
Mana: Seraph Sanctuary (67) - {T}: Add {C}.
Mana: Plains (68) - {T}: Add {W}.
Mana: Plains (86) - {T}: Add {W}.
Mana: Minas Tirith (24) - {T}: Add {W}.
Mana: Giada, Font of Hope (100) - {T}: Add {W}. Spend this mana only to cast an Angel spell.
Add To Stack: Ai(1)-mm-giada-angels cast Avacyn, Angel of Hope
Add To Stack: Ai(1)-mm-giada-angels triggered Giada, Font of Hope
Resolve Stack: Whenever you cast a spell that shares a creature type with this creature, draw a card. This ability triggers only once each turn. [Card: Avacyn, Angel of Hope (51), Activator: Ai(1)-mm-giada-angels, SpellAbility: Avacyn, Angel of Hope - Creature 8 / 8]
Replacement Effect: Each other Angel you control enters with an additional +1/+1 counter on it for each Angel you already control.
Resolve Stack: Avacyn, Angel of Hope - Creature 8 / 8
Add To Stack: Ai(1)-mm-giada-angels triggered Seraph Sanctuary
Life: Life: Ai(1)-mm-giada-angels 79 > 80
Resolve Stack: Whenever an Angel you control enters, you gain 1 life. [Zone Changer: Avacyn, Angel of Hope (51)]
Add To Stack: Ai(1)-mm-giada-angels activated Lightning Greaves targeting [Avacyn, Angel of Hope (51)]
Resolve Stack: Lightning Greaves (95) -  Attach to Avacyn, Angel of Hope (51)
Phase: Ai(1)-mm-giada-angels' End step
Phase: Ai(1)-mm-giada-angels' Cleanup step
Turn: Turn 49 (Ai(4)-mm-sythis-enchantress)
Phase: Ai(4)-mm-sythis-enchantress' Untap step
Phase: Ai(4)-mm-sythis-enchantress' Upkeep step
Phase: Ai(4)-mm-sythis-enchantress' Draw step
Phase: Ai(4)-mm-sythis-enchantress' Main phase, precombat
Land: Ai(4)-mm-sythis-enchantress played Plains (387)
Mana: Canopy Vista (371) - {T}: Add {W}.
Add To Stack: Ai(4)-mm-sythis-enchantress cast Ethereal Armor targeting [Destiny Spinner (330)]
Add To Stack: Ai(4)-mm-sythis-enchantress triggered Sythis, Harvest's Hand
Life: Life: Ai(4)-mm-sythis-enchantress 22 > 23
Resolve Stack: Whenever you cast an enchantment spell, you gain 1 life and draw a card. [Card: Ethereal Armor (373), Activator: Ai(4)-mm-sythis-enchantress, SpellAbility: Ethereal Armor]
Resolve Stack: Ethereal Armor (373) -  Attach to Destiny Spinner (330)
Land: Ai(4)-mm-sythis-enchantress played Sungrass Prairie (309)
Phase: Ai(4)-mm-sythis-enchantress' Beginning of Combat Step
Phase: Ai(4)-mm-sythis-enchantress' Declare Attackers Step
Phase: Ai(4)-mm-sythis-enchantress' Declare Blockers Step
Phase: Ai(4)-mm-sythis-enchantress' First Strike Damage Step
Phase: Ai(4)-mm-sythis-enchantress' Combat Damage Step
Phase: Ai(4)-mm-sythis-enchantress' End of Combat Step
Phase: Ai(4)-mm-sythis-enchantress' Main phase, postcombat
Phase: Ai(4)-mm-sythis-enchantress' End step
Phase: Ai(4)-mm-sythis-enchantress' Cleanup step
Turn: Turn 50 (Ai(1)-mm-giada-angels)
Phase: Ai(1)-mm-giada-angels' Untap step
Phase: Ai(1)-mm-giada-angels' Upkeep step
Phase: Ai(1)-mm-giada-angels' Draw step
Phase: Ai(1)-mm-giada-angels' Main phase, precombat
Phase: Ai(1)-mm-giada-angels' Beginning of Combat Step
Phase: Ai(1)-mm-giada-angels' Declare Attackers Step
Combat: Ai(1)-mm-giada-angels assigned Avacyn, Angel of Hope (51) and Giada, Font of Hope (100) to attack Ai(4)-mm-sythis-enchantress.
Phase: Ai(1)-mm-giada-angels' Declare Blockers Step
Combat: Ai(4)-mm-sythis-enchantress didn't block Avacyn, Angel of Hope (51).
Ai(4)-mm-sythis-enchantress didn't block Giada, Font of Hope (100).
Phase: Ai(1)-mm-giada-angels' First Strike Damage Step
Phase: Ai(1)-mm-giada-angels' Combat Damage Step
Damage: Avacyn, Angel of Hope (51) deals 9 combat damage to Ai(4)-mm-sythis-enchantress.
Damage: Giada, Font of Hope (100) deals 2 combat damage to Ai(4)-mm-sythis-enchantress.
Life: Life: Ai(4)-mm-sythis-enchantress 23 > 12
Phase: Ai(1)-mm-giada-angels' End of Combat Step
Phase: Ai(1)-mm-giada-angels' Main phase, postcombat
Mana: Plains (85) - {T}: Add {W}.
Mana: Plains (82) - {T}: Add {W}.
Mana: Seraph Sanctuary (67) - {T}: Add {C}.
Mana: Plains (80) - {T}: Add {W}.
Add To Stack: Ai(1)-mm-giada-angels cast Serra the Benevolent
Replacement Effect: Serra the Benevolent enters with four loyalty counters on it.
Resolve Stack: Serra the Benevolent
Add To Stack: Ai(1)-mm-giada-angels activated Serra the Benevolent
Replacement Effect: Each other Angel you control enters with an additional +1/+1 counter on it for each Angel you already control.
Resolve Stack: Serra the Benevolent (29) - Ai(1)-mm-giada-angels creates a 4/4 white Angel creature token with flying and vigilance.
Add To Stack: Ai(1)-mm-giada-angels triggered Seraph Sanctuary
Life: Life: Ai(1)-mm-giada-angels 80 > 81
Resolve Stack: Whenever an Angel you control enters, you gain 1 life. [Zone Changer: Angel Token (451)]
Mana: Plains (68) - {T}: Add {W}.
Mana: Plains (86) - {T}: Add {W}.
Mana: Minas Tirith (24) - {T}: Add {W}.
Add To Stack: Ai(1)-mm-giada-angels cast Urza's Incubator
Replacement Effect: As Urza's Incubator enters, choose a creature type.
Resolve Stack: Urza's Incubator
Phase: Ai(1)-mm-giada-angels' End step
Phase: Ai(1)-mm-giada-angels' Cleanup step
Turn: Turn 51 (Ai(4)-mm-sythis-enchantress)
Phase: Ai(4)-mm-sythis-enchantress' Untap step
Phase: Ai(4)-mm-sythis-enchantress' Upkeep step
Phase: Ai(4)-mm-sythis-enchantress' Draw step
Phase: Ai(4)-mm-sythis-enchantress' Main phase, precombat
Land: Ai(4)-mm-sythis-enchantress played Windswept Heath (401)
Life: Life: Ai(4)-mm-sythis-enchantress 12 > 11
Zone Change: Windswept Heath (401) was put into Graveyard from Battlefield.
Add To Stack: Ai(4)-mm-sythis-enchantress activated Windswept Heath
Resolve Stack: Windswept Heath (401) - Ai(4)-mm-sythis-enchantress searches their library for a Forest or Plains card, puts it onto the battlefield, then shuffles.
Phase: Ai(4)-mm-sythis-enchantress' Beginning of Combat Step
Phase: Ai(4)-mm-sythis-enchantress' Declare Attackers Step
Phase: Ai(4)-mm-sythis-enchantress' Declare Blockers Step
Phase: Ai(4)-mm-sythis-enchantress' First Strike Damage Step
Phase: Ai(4)-mm-sythis-enchantress' Combat Damage Step
Phase: Ai(4)-mm-sythis-enchantress' End of Combat Step
Phase: Ai(4)-mm-sythis-enchantress' Main phase, postcombat
Phase: Ai(4)-mm-sythis-enchantress' End step
Phase: Ai(4)-mm-sythis-enchantress' Cleanup step
Turn: Turn 52 (Ai(1)-mm-giada-angels)
Phase: Ai(1)-mm-giada-angels' Untap step
Phase: Ai(1)-mm-giada-angels' Upkeep step
Phase: Ai(1)-mm-giada-angels' Draw step
Phase: Ai(1)-mm-giada-angels' Main phase, precombat
Add To Stack: Ai(1)-mm-giada-angels activated Serra the Benevolent
Resolve Stack: Serra the Benevolent (29) - Creatures you control with flying get +1/+1 until end of turn.
Phase: Ai(1)-mm-giada-angels' Beginning of Combat Step
Phase: Ai(1)-mm-giada-angels' Declare Attackers Step
Combat: Ai(1)-mm-giada-angels assigned Avacyn, Angel of Hope (51), Angel Token (451) and Giada, Font of Hope (100) to attack Ai(4)-mm-sythis-enchantress.
Phase: Ai(1)-mm-giada-angels' Declare Blockers Step
Combat: Ai(4)-mm-sythis-enchantress didn't block Avacyn, Angel of Hope (51).
Ai(4)-mm-sythis-enchantress didn't block Angel Token (451).
Ai(4)-mm-sythis-enchantress didn't block Giada, Font of Hope (100).
Phase: Ai(1)-mm-giada-angels' First Strike Damage Step
Phase: Ai(1)-mm-giada-angels' Combat Damage Step
Damage: Avacyn, Angel of Hope (51) deals 10 combat damage to Ai(4)-mm-sythis-enchantress.
Damage: Angel Token (451) deals 7 combat damage to Ai(4)-mm-sythis-enchantress.
Damage: Giada, Font of Hope (100) deals 3 combat damage to Ai(4)-mm-sythis-enchantress.
Life: Life: Ai(4)-mm-sythis-enchantress 11 > -9
Player Control: Ai(1)-mm-giada-angels has restored control over themself
Player Control: Ai(2)-mm-baylen-tokens has restored control over themself
Player Control: Ai(3)-mm-muldrotha-value has restored control over themself
Player Control: Ai(4)-mm-sythis-enchantress has restored control over themself
Game Outcome: Turn 26
Game Outcome: Ai(1)-mm-giada-angels has won because all opponents have lost
Game Outcome: Ai(2)-mm-baylen-tokens has lost because life total reached 0
Game Outcome: Ai(3)-mm-muldrotha-value has lost because life total reached 0
Game Outcome: Ai(4)-mm-sythis-enchantress has lost because life total reached 0
Match Result: Ai(1)-mm-giada-angels: 1 Ai(2)-mm-baylen-tokens: 0 Ai(3)-mm-muldrotha-value: 0 Ai(4)-mm-sythis-enchantress: 0 

Game Result: Game 1 ended in 161590 ms. Ai(1)-mm-giada-angels has won!

Warning: default (ie. inherited from base class) implementation of confirmAction is used by Giada, Font of Hope for forge.ai.ability.PermanentCreatureAi. Consider declaring an overloaded method
Warning: default (ie. inherited from base class) implementation of confirmAction is used by Giada, Font of Hope for forge.ai.ability.PermanentCreatureAi. Consider declaring an overloaded method
Warning: default (ie. inherited from base class) implementation of confirmAction is used by Baylen, the Haymaker for forge.ai.ability.PermanentCreatureAi. Consider declaring an overloaded method
Warning: default (ie. inherited from base class) implementation of confirmAction is used by Baylen, the Haymaker for forge.ai.ability.PermanentCreatureAi. Consider declaring an overloaded method
Warning: default (ie. inherited from base class) implementation of confirmAction is used by Muldrotha, the Gravetide for forge.ai.ability.PermanentCreatureAi. Consider declaring an overloaded method
Warning: default (ie. inherited from base class) implementation of confirmAction is used by Sythis, Harvest's Hand for forge.ai.ability.PermanentCreatureAi. Consider declaring an overloaded method
Mulligan: Ai(2)-mm-baylen-tokens has mulliganed down to 7 cards.
Mulligan: Ai(2)-mm-baylen-tokens has mulliganed down to 6 cards.
Mulligan: Ai(2)-mm-baylen-tokens has mulliganed down to 5 cards.
Mulligan: Ai(2)-mm-baylen-tokens has kept a hand of 5 cards
Mulligan: Ai(3)-mm-muldrotha-value has kept a hand of 7 cards
Mulligan: Ai(4)-mm-sythis-enchantress has kept a hand of 7 cards
Mulligan: Ai(1)-mm-giada-angels has kept a hand of 7 cards
Turn: Turn 1 (Ai(2)-mm-baylen-tokens)
Phase: Ai(2)-mm-baylen-tokens' Untap step
Phase: Ai(2)-mm-baylen-tokens' Upkeep step
Phase: Ai(2)-mm-baylen-tokens' Draw step
Phase: Ai(2)-mm-baylen-tokens' Main phase, precombat
Replacement Effect: Clifftop Retreat enters tapped unless you control a Mountain or a Plains.
Land: Ai(2)-mm-baylen-tokens played Clifftop Retreat (129)
Phase: Ai(2)-mm-baylen-tokens' Beginning of Combat Step
Phase: Ai(2)-mm-baylen-tokens' Declare Attackers Step
Phase: Ai(2)-mm-baylen-tokens' Declare Blockers Step
Phase: Ai(2)-mm-baylen-tokens' First Strike Damage Step
Phase: Ai(2)-mm-baylen-tokens' Combat Damage Step
Phase: Ai(2)-mm-baylen-tokens' End of Combat Step
Phase: Ai(2)-mm-baylen-tokens' Main phase, postcombat
Phase: Ai(2)-mm-baylen-tokens' End step
Phase: Ai(2)-mm-baylen-tokens' Cleanup step
Turn: Turn 2 (Ai(3)-mm-muldrotha-value)
Phase: Ai(3)-mm-muldrotha-value's Untap step
Phase: Ai(3)-mm-muldrotha-value's Upkeep step
Phase: Ai(3)-mm-muldrotha-value's Draw step
Phase: Ai(3)-mm-muldrotha-value's Main phase, precombat
Land: Ai(3)-mm-muldrotha-value played Forest (241)
Phase: Ai(3)-mm-muldrotha-value's Beginning of Combat Step
Phase: Ai(3)-mm-muldrotha-value's Declare Attackers Step
Phase: Ai(3)-mm-muldrotha-value's Declare Blockers Step
Phase: Ai(3)-mm-muldrotha-value's First Strike Damage Step
Phase: Ai(3)-mm-muldrotha-value's Combat Damage Step
Phase: Ai(3)-mm-muldrotha-value's End of Combat Step
Phase: Ai(3)-mm-muldrotha-value's Main phase, postcombat
Phase: Ai(3)-mm-muldrotha-value's End step
Phase: Ai(3)-mm-muldrotha-value's Cleanup step
Turn: Turn 3 (Ai(4)-mm-sythis-enchantress)
Phase: Ai(4)-mm-sythis-enchantress' Untap step
Phase: Ai(4)-mm-sythis-enchantress' Upkeep step
Phase: Ai(4)-mm-sythis-enchantress' Draw step
Phase: Ai(4)-mm-sythis-enchantress' Main phase, precombat
Land: Ai(4)-mm-sythis-enchantress played Sungrass Prairie (309)
Phase: Ai(4)-mm-sythis-enchantress' Beginning of Combat Step
Phase: Ai(4)-mm-sythis-enchantress' Declare Attackers Step
Phase: Ai(4)-mm-sythis-enchantress' Declare Blockers Step
Phase: Ai(4)-mm-sythis-enchantress' First Strike Damage Step
Phase: Ai(4)-mm-sythis-enchantress' Combat Damage Step
Phase: Ai(4)-mm-sythis-enchantress' End of Combat Step
Phase: Ai(4)-mm-sythis-enchantress' Main phase, postcombat
Phase: Ai(4)-mm-sythis-enchantress' End step
Phase: Ai(4)-mm-sythis-enchantress' Cleanup step
Turn: Turn 4 (Ai(1)-mm-giada-angels)
Phase: Ai(1)-mm-giada-angels' Untap step
Phase: Ai(1)-mm-giada-angels' Upkeep step
Phase: Ai(1)-mm-giada-angels' Draw step
Phase: Ai(1)-mm-giada-angels' Main phase, precombat
Land: Ai(1)-mm-giada-angels played War Room (38)
Phase: Ai(1)-mm-giada-angels' Beginning of Combat Step
Phase: Ai(1)-mm-giada-angels' Declare Attackers Step
Phase: Ai(1)-mm-giada-angels' Declare Blockers Step
Phase: Ai(1)-mm-giada-angels' First Strike Damage Step
Phase: Ai(1)-mm-giada-angels' Combat Damage Step
Phase: Ai(1)-mm-giada-angels' End of Combat Step
Phase: Ai(1)-mm-giada-angels' Main phase, postcombat
Phase: Ai(1)-mm-giada-angels' End step
Phase: Ai(1)-mm-giada-angels' Cleanup step
Turn: Turn 5 (Ai(2)-mm-baylen-tokens)
Phase: Ai(2)-mm-baylen-tokens' Untap step
Phase: Ai(2)-mm-baylen-tokens' Upkeep step
Phase: Ai(2)-mm-baylen-tokens' Draw step
Phase: Ai(2)-mm-baylen-tokens' Main phase, precombat
Replacement Effect: Bountiful Promenade enters tapped unless you have two or more opponents.
Land: Ai(2)-mm-baylen-tokens played Bountiful Promenade (108)
Phase: Ai(2)-mm-baylen-tokens' Beginning of Combat Step
Phase: Ai(2)-mm-baylen-tokens' Declare Attackers Step
Phase: Ai(2)-mm-baylen-tokens' Declare Blockers Step
Phase: Ai(2)-mm-baylen-tokens' First Strike Damage Step
Phase: Ai(2)-mm-baylen-tokens' Combat Damage Step
Phase: Ai(2)-mm-baylen-tokens' End of Combat Step
Phase: Ai(2)-mm-baylen-tokens' Main phase, postcombat
Mana: Clifftop Retreat (129) - {T}: Add {R} or {W}.
Mana: Bountiful Promenade (108) - {T}: Add {G} or {W}.
Add To Stack: Ai(2)-mm-baylen-tokens cast Hare Apparent
Resolve Stack: Hare Apparent - Creature 2 / 2
Add To Stack: Ai(2)-mm-baylen-tokens triggered Hare Apparent
Resolve Stack: When this creature enters, create a number of 1/1 white Rabbit creature tokens equal to the number of other creatures you control named Hare Apparent. [Zone Changer: Hare Apparent (157)]
Phase: Ai(2)-mm-baylen-tokens' End step
Phase: Ai(2)-mm-baylen-tokens' Cleanup step
Turn: Turn 6 (Ai(3)-mm-muldrotha-value)
Phase: Ai(3)-mm-muldrotha-value's Untap step
Phase: Ai(3)-mm-muldrotha-value's Upkeep step
Phase: Ai(3)-mm-muldrotha-value's Draw step
Phase: Ai(3)-mm-muldrotha-value's Main phase, precombat
Replacement Effect: Drowned Catacomb enters tapped unless you control an Island or a Swamp.
Land: Ai(3)-mm-muldrotha-value played Drowned Catacomb (288)
Phase: Ai(3)-mm-muldrotha-value's Beginning of Combat Step
Phase: Ai(3)-mm-muldrotha-value's Declare Attackers Step
Phase: Ai(3)-mm-muldrotha-value's Declare Blockers Step
Phase: Ai(3)-mm-muldrotha-value's First Strike Damage Step
Phase: Ai(3)-mm-muldrotha-value's Combat Damage Step
Phase: Ai(3)-mm-muldrotha-value's End of Combat Step
Phase: Ai(3)-mm-muldrotha-value's Main phase, postcombat
Phase: Ai(3)-mm-muldrotha-value's End step
Phase: Ai(3)-mm-muldrotha-value's Cleanup step
Turn: Turn 7 (Ai(4)-mm-sythis-enchantress)
Phase: Ai(4)-mm-sythis-enchantress' Untap step
Phase: Ai(4)-mm-sythis-enchantress' Upkeep step
Phase: Ai(4)-mm-sythis-enchantress' Draw step
Phase: Ai(4)-mm-sythis-enchantress' Main phase, precombat
Replacement Effect: As Temple Garden enters, you may pay 2 life. If you don't, it enters tapped.
Land: Ai(4)-mm-sythis-enchantress played Temple Garden (376)
Phase: Ai(4)-mm-sythis-enchantress' Beginning of Combat Step
Phase: Ai(4)-mm-sythis-enchantress' Declare Attackers Step
Phase: Ai(4)-mm-sythis-enchantress' Declare Blockers Step
Phase: Ai(4)-mm-sythis-enchantress' First Strike Damage Step
Phase: Ai(4)-mm-sythis-enchantress' Combat Damage Step
Phase: Ai(4)-mm-sythis-enchantress' End of Combat Step
Phase: Ai(4)-mm-sythis-enchantress' Main phase, postcombat
Phase: Ai(4)-mm-sythis-enchantress' End step
Phase: Ai(4)-mm-sythis-enchantress' Cleanup step
Turn: Turn 8 (Ai(1)-mm-giada-angels)
Phase: Ai(1)-mm-giada-angels' Untap step
Phase: Ai(1)-mm-giada-angels' Upkeep step
Phase: Ai(1)-mm-giada-angels' Draw step
Phase: Ai(1)-mm-giada-angels' Main phase, precombat
Land: Ai(1)-mm-giada-angels played Plains (68)
Phase: Ai(1)-mm-giada-angels' Beginning of Combat Step
Phase: Ai(1)-mm-giada-angels' Declare Attackers Step
Phase: Ai(1)-mm-giada-angels' Declare Blockers Step
Phase: Ai(1)-mm-giada-angels' First Strike Damage Step
Phase: Ai(1)-mm-giada-angels' Combat Damage Step
Phase: Ai(1)-mm-giada-angels' End of Combat Step
Phase: Ai(1)-mm-giada-angels' Main phase, postcombat
Mana: Plains (68) - {T}: Add {W}.
Mana: War Room (38) - {T}: Add {C}.
Add To Stack: Ai(1)-mm-giada-angels cast Giada, Font of Hope
Resolve Stack: Giada, Font of Hope - Creature 2 / 2
Phase: Ai(1)-mm-giada-angels' End step
Phase: Ai(1)-mm-giada-angels' Cleanup step
Turn: Turn 9 (Ai(2)-mm-baylen-tokens)
Phase: Ai(2)-mm-baylen-tokens' Untap step
Phase: Ai(2)-mm-baylen-tokens' Upkeep step
Phase: Ai(2)-mm-baylen-tokens' Draw step
Phase: Ai(2)-mm-baylen-tokens' Main phase, precombat
Land: Ai(2)-mm-baylen-tokens played Forest (127)
Mana: Clifftop Retreat (129) - {T}: Add {R} or {W}.
Mana: Forest (127) - {T}: Add {G}.
Add To Stack: Ai(2)-mm-baylen-tokens cast Hare Apparent
Resolve Stack: Hare Apparent - Creature 2 / 2
Add To Stack: Ai(2)-mm-baylen-tokens triggered Hare Apparent
Resolve Stack: When this creature enters, create a number of 1/1 white Rabbit creature tokens equal to the number of other creatures you control named Hare Apparent. [Zone Changer: Hare Apparent (158)]
Phase: Ai(2)-mm-baylen-tokens' Beginning of Combat Step
Phase: Ai(2)-mm-baylen-tokens' Declare Attackers Step
Phase: Ai(2)-mm-baylen-tokens' Declare Blockers Step
Phase: Ai(2)-mm-baylen-tokens' First Strike Damage Step
Phase: Ai(2)-mm-baylen-tokens' Combat Damage Step
Phase: Ai(2)-mm-baylen-tokens' End of Combat Step
Phase: Ai(2)-mm-baylen-tokens' Main phase, postcombat
Phase: Ai(2)-mm-baylen-tokens' End step
Phase: Ai(2)-mm-baylen-tokens' Cleanup step
Turn: Turn 10 (Ai(3)-mm-muldrotha-value)
Phase: Ai(3)-mm-muldrotha-value's Untap step
Phase: Ai(3)-mm-muldrotha-value's Upkeep step
Phase: Ai(3)-mm-muldrotha-value's Draw step
Phase: Ai(3)-mm-muldrotha-value's Main phase, precombat
Land: Ai(3)-mm-muldrotha-value played Verdant Catacombs (216)
Life: Life: Ai(3)-mm-muldrotha-value 40 > 39
Zone Change: Verdant Catacombs (216) was put into Graveyard from Battlefield.
Add To Stack: Ai(3)-mm-muldrotha-value activated Verdant Catacombs
Replacement Effect: Sunken Hollow enters tapped unless you control two or more basic lands.
Resolve Stack: Verdant Catacombs (216) - Ai(3)-mm-muldrotha-value searches their library for a Swamp or Forest card, puts it onto the battlefield, then shuffles.
Phase: Ai(3)-mm-muldrotha-value's Beginning of Combat Step
Phase: Ai(3)-mm-muldrotha-value's Declare Attackers Step
Phase: Ai(3)-mm-muldrotha-value's Declare Blockers Step
Phase: Ai(3)-mm-muldrotha-value's First Strike Damage Step
Phase: Ai(3)-mm-muldrotha-value's Combat Damage Step
Phase: Ai(3)-mm-muldrotha-value's End of Combat Step
Phase: Ai(3)-mm-muldrotha-value's Main phase, postcombat
Mana: Drowned Catacomb (288) - {T}: Add {U} or {B}.
Mana: Forest (241) - {T}: Add {G}.
Add To Stack: Ai(3)-mm-muldrotha-value cast Cyclonic Rift targeting [Giada, Font of Hope (100)]
Resolve Stack: Cyclonic Rift (209) - Return Giada, Font of Hope (100) to its owner's hand.
Phase: Ai(3)-mm-muldrotha-value's End step
Phase: Ai(3)-mm-muldrotha-value's Cleanup step
Turn: Turn 11 (Ai(4)-mm-sythis-enchantress)
Phase: Ai(4)-mm-sythis-enchantress' Untap step
Phase: Ai(4)-mm-sythis-enchantress' Upkeep step
Phase: Ai(4)-mm-sythis-enchantress' Draw step
Phase: Ai(4)-mm-sythis-enchantress' Main phase, precombat
Replacement Effect: Temple of Plenty enters tapped.
Land: Ai(4)-mm-sythis-enchantress played Temple of Plenty (361)
Add To Stack: Ai(4)-mm-sythis-enchantress triggered Temple of Plenty
Resolve Stack: Ai(4)-mm-sythis-enchantress scried 1 card(s) to the top of the library
Resolve Stack: When Temple of Plenty enters, scry 1. (Look at the top card of your library. You may put that card on the bottom.) [Zone Changer: Temple of Plenty (361)]
Phase: Ai(4)-mm-sythis-enchantress' Beginning of Combat Step
Phase: Ai(4)-mm-sythis-enchantress' Declare Attackers Step
Phase: Ai(4)-mm-sythis-enchantress' Declare Blockers Step
Phase: Ai(4)-mm-sythis-enchantress' First Strike Damage Step
Phase: Ai(4)-mm-sythis-enchantress' Combat Damage Step
Phase: Ai(4)-mm-sythis-enchantress' End of Combat Step
Phase: Ai(4)-mm-sythis-enchantress' Main phase, postcombat
Phase: Ai(4)-mm-sythis-enchantress' End step
Phase: Ai(4)-mm-sythis-enchantress' Cleanup step
Turn: Turn 12 (Ai(1)-mm-giada-angels)
Phase: Ai(1)-mm-giada-angels' Untap step
Phase: Ai(1)-mm-giada-angels' Upkeep step
Phase: Ai(1)-mm-giada-angels' Draw step
Phase: Ai(1)-mm-giada-angels' Main phase, precombat
Replacement Effect: As Cavern of Souls enters, choose a creature type.
Land: Ai(1)-mm-giada-angels played Cavern of Souls (56)
Phase: Ai(1)-mm-giada-angels' Beginning of Combat Step
Phase: Ai(1)-mm-giada-angels' Declare Attackers Step
Phase: Ai(1)-mm-giada-angels' Declare Blockers Step
Phase: Ai(1)-mm-giada-angels' First Strike Damage Step
Phase: Ai(1)-mm-giada-angels' Combat Damage Step
Phase: Ai(1)-mm-giada-angels' End of Combat Step
Phase: Ai(1)-mm-giada-angels' Main phase, postcombat
Mana: Plains (68) - {T}: Add {W}.
Mana: Cavern of Souls (56) - {T}: Add one mana of any color. Spend this mana only to cast a creature spell of the chosen type, and that spell can't be countered.
Add To Stack: Ai(1)-mm-giada-angels cast Giada, Font of Hope
Resolve Stack: Giada, Font of Hope - Creature 2 / 2
Phase: Ai(1)-mm-giada-angels' End step
Phase: Ai(1)-mm-giada-angels' Cleanup step
Turn: Turn 13 (Ai(2)-mm-baylen-tokens)
Phase: Ai(2)-mm-baylen-tokens' Untap step
Phase: Ai(2)-mm-baylen-tokens' Upkeep step
Phase: Ai(2)-mm-baylen-tokens' Draw step
Phase: Ai(2)-mm-baylen-tokens' Main phase, precombat
Land: Ai(2)-mm-baylen-tokens played Exotic Orchard (132)
Mana: Exotic Orchard (132) - {T}: Add one mana of any color that a land an opponent controls could produce.
Mana: Forest (127) - {T}: Add {G}.
Add To Stack: Ai(2)-mm-baylen-tokens cast Hare Apparent
Resolve Stack: Hare Apparent - Creature 2 / 2
Add To Stack: Ai(2)-mm-baylen-tokens triggered Hare Apparent
Resolve Stack: When this creature enters, create a number of 1/1 white Rabbit creature tokens equal to the number of other creatures you control named Hare Apparent. [Zone Changer: Hare Apparent (148)]
Mana: Clifftop Retreat (129) - {T}: Add {R} or {W}.
Mana: Bountiful Promenade (108) - {T}: Add {G} or {W}.
Add To Stack: Ai(2)-mm-baylen-tokens cast Hare Apparent
Resolve Stack: Hare Apparent - Creature 2 / 2
Add To Stack: Ai(2)-mm-baylen-tokens triggered Hare Apparent
Resolve Stack: When this creature enters, create a number of 1/1 white Rabbit creature tokens equal to the number of other creatures you control named Hare Apparent. [Zone Changer: Hare Apparent (144)]
Phase: Ai(2)-mm-baylen-tokens' Beginning of Combat Step
Phase: Ai(2)-mm-baylen-tokens' Declare Attackers Step
Combat: Ai(2)-mm-baylen-tokens assigned Hare Apparent (157) and Hare Apparent (158) to attack Ai(1)-mm-giada-angels.
Phase: Ai(2)-mm-baylen-tokens' Declare Blockers Step
Combat: Ai(1)-mm-giada-angels didn't block Hare Apparent (157).
Ai(1)-mm-giada-angels didn't block Hare Apparent (158).
Phase: Ai(2)-mm-baylen-tokens' First Strike Damage Step
Phase: Ai(2)-mm-baylen-tokens' Combat Damage Step
Damage: Hare Apparent (157) deals 2 combat damage to Ai(1)-mm-giada-angels.
Damage: Hare Apparent (158) deals 2 combat damage to Ai(1)-mm-giada-angels.
Life: Life: Ai(1)-mm-giada-angels 40 > 36
Phase: Ai(2)-mm-baylen-tokens' End of Combat Step
Phase: Ai(2)-mm-baylen-tokens' Main phase, postcombat
Phase: Ai(2)-mm-baylen-tokens' End step
Phase: Ai(2)-mm-baylen-tokens' Cleanup step
Turn: Turn 14 (Ai(3)-mm-muldrotha-value)
Phase: Ai(3)-mm-muldrotha-value's Untap step
Phase: Ai(3)-mm-muldrotha-value's Upkeep step
Phase: Ai(3)-mm-muldrotha-value's Draw step
Phase: Ai(3)-mm-muldrotha-value's Main phase, precombat
Land: Ai(3)-mm-muldrotha-value played Swamp (264)
Phase: Ai(3)-mm-muldrotha-value's Beginning of Combat Step
Phase: Ai(3)-mm-muldrotha-value's Declare Attackers Step
Phase: Ai(3)-mm-muldrotha-value's Declare Blockers Step
Phase: Ai(3)-mm-muldrotha-value's First Strike Damage Step
Phase: Ai(3)-mm-muldrotha-value's Combat Damage Step
Phase: Ai(3)-mm-muldrotha-value's End of Combat Step
Phase: Ai(3)-mm-muldrotha-value's Main phase, postcombat
Mana: Drowned Catacomb (288) - {T}: Add {U} or {B}.
Mana: Forest (241) - {T}: Add {G}.
Mana: Swamp (264) - {T}: Add {B}.
Add To Stack: Ai(3)-mm-muldrotha-value cast Secrets of the Dead
Resolve Stack: Secrets of the Dead
Mana: Sunken Hollow (230) - {T}: Add {B}.
Add To Stack: Ai(3)-mm-muldrotha-value cast Stitcher's Supplier
Resolve Stack: Stitcher's Supplier - Creature 1 / 1
Add To Stack: Ai(3)-mm-muldrotha-value triggered Stitcher's Supplier
Zone Change: Ai(3)-mm-muldrotha-value milled The Gitrog Monster (277), Farseek (282) and Forest (246).
Resolve Stack: When Stitcher's Supplier enters or dies, mill three cards. [Zone Changer: Stitcher's Supplier (287)]
Phase: Ai(3)-mm-muldrotha-value's End step
Phase: Ai(3)-mm-muldrotha-value's Cleanup step
Turn: Turn 15 (Ai(4)-mm-sythis-enchantress)
Phase: Ai(4)-mm-sythis-enchantress' Untap step
Phase: Ai(4)-mm-sythis-enchantress' Upkeep step
Phase: Ai(4)-mm-sythis-enchantress' Draw step
Phase: Ai(4)-mm-sythis-enchantress' Main phase, precombat
Land: Ai(4)-mm-sythis-enchantress played Plains (392)
Phase: Ai(4)-mm-sythis-enchantress' Beginning of Combat Step
Phase: Ai(4)-mm-sythis-enchantress' Declare Attackers Step
Phase: Ai(4)-mm-sythis-enchantress' Declare Blockers Step
Phase: Ai(4)-mm-sythis-enchantress' First Strike Damage Step
Phase: Ai(4)-mm-sythis-enchantress' Combat Damage Step
Phase: Ai(4)-mm-sythis-enchantress' End of Combat Step
Phase: Ai(4)-mm-sythis-enchantress' Main phase, postcombat
Mana: Temple of Plenty (361) - {T}: Add {G} or {W}.
Mana: Plains (392) - {T}: Add {W}.
Add To Stack: Ai(4)-mm-sythis-enchantress cast Weaver of Harmony
Resolve Stack: Weaver of Harmony - Creature 2 / 2
Phase: Ai(4)-mm-sythis-enchantress' End step
Phase: Ai(4)-mm-sythis-enchantress' Cleanup step
Turn: Turn 16 (Ai(1)-mm-giada-angels)
Phase: Ai(1)-mm-giada-angels' Untap step
Phase: Ai(1)-mm-giada-angels' Upkeep step
Phase: Ai(1)-mm-giada-angels' Draw step
Phase: Ai(1)-mm-giada-angels' Main phase, precombat
Land: Ai(1)-mm-giada-angels played Seraph Sanctuary (67)
Add To Stack: Ai(1)-mm-giada-angels triggered Seraph Sanctuary
Life: Life: Ai(1)-mm-giada-angels 36 > 37
Resolve Stack: When Seraph Sanctuary enters, you gain 1 life. [Zone Changer: Seraph Sanctuary (67)]
Mana: Plains (68) - {T}: Add {W}.
Mana: Cavern of Souls (56) - {T}: Add one mana of any color. Spend this mana only to cast a creature spell of the chosen type, and that spell can't be countered.
Mana: Seraph Sanctuary (67) - {T}: Add {C}.
Mana: War Room (38) - {T}: Add {C}.
Add To Stack: Ai(1)-mm-giada-angels cast Thraben Watcher
Replacement Effect: Each other Angel you control enters with an additional +1/+1 counter on it for each Angel you already control.
Resolve Stack: Thraben Watcher - Creature 2 / 2
Add To Stack: Ai(1)-mm-giada-angels triggered Seraph Sanctuary
Life: Life: Ai(1)-mm-giada-angels 37 > 38
Resolve Stack: Whenever an Angel you control enters, you gain 1 life. [Zone Changer: Thraben Watcher (32)]
Phase: Ai(1)-mm-giada-angels' Beginning of Combat Step
Phase: Ai(1)-mm-giada-angels' Declare Attackers Step
Combat: Ai(1)-mm-giada-angels assigned Giada, Font of Hope (100) to attack Ai(2)-mm-baylen-tokens.
Phase: Ai(1)-mm-giada-angels' Declare Blockers Step
Combat: Ai(2)-mm-baylen-tokens didn't block Giada, Font of Hope (100).
Phase: Ai(1)-mm-giada-angels' First Strike Damage Step
Phase: Ai(1)-mm-giada-angels' Combat Damage Step
Damage: Giada, Font of Hope (100) deals 3 combat damage to Ai(2)-mm-baylen-tokens.
Life: Life: Ai(2)-mm-baylen-tokens 40 > 37
Phase: Ai(1)-mm-giada-angels' End of Combat Step
Phase: Ai(1)-mm-giada-angels' Main phase, postcombat
Phase: Ai(1)-mm-giada-angels' End step
Phase: Ai(1)-mm-giada-angels' Cleanup step
Turn: Turn 17 (Ai(2)-mm-baylen-tokens)
Phase: Ai(2)-mm-baylen-tokens' Untap step
Phase: Ai(2)-mm-baylen-tokens' Upkeep step
Phase: Ai(2)-mm-baylen-tokens' Draw step
Phase: Ai(2)-mm-baylen-tokens' Main phase, precombat
Phase: Ai(2)-mm-baylen-tokens' Beginning of Combat Step
Phase: Ai(2)-mm-baylen-tokens' Declare Attackers Step
Phase: Ai(2)-mm-baylen-tokens' Declare Blockers Step
Phase: Ai(2)-mm-baylen-tokens' First Strike Damage Step
Phase: Ai(2)-mm-baylen-tokens' Combat Damage Step
Phase: Ai(2)-mm-baylen-tokens' End of Combat Step
Phase: Ai(2)-mm-baylen-tokens' Main phase, postcombat
Land: Ai(2)-mm-baylen-tokens played Mountain (183)
Mana: Exotic Orchard (132) - {T}: Add one mana of any color that a land an opponent controls could produce.
Mana: Clifftop Retreat (129) - {T}: Add {R} or {W}.
Mana: Forest (127) - {T}: Add {G}.
Mana: Mountain (183) - {T}: Add {R}.
Mana: Bountiful Promenade (108) - {T}: Add {G} or {W}.
Add To Stack: Ai(2)-mm-baylen-tokens cast Elspeth, Storm Slayer
Replacement Effect: Elspeth, Storm Slayer enters with five loyalty counters on it.
Resolve Stack: Elspeth, Storm Slayer
Add To Stack: Ai(2)-mm-baylen-tokens activated Elspeth, Storm Slayer targeting [Thraben Watcher (32)]
Zone Change: Thraben Watcher (32) was put into Graveyard from Battlefield.
Resolve Stack: Elspeth, Storm Slayer (198) - Destroy Thraben Watcher (32).
Phase: Ai(2)-mm-baylen-tokens' End step
Phase: Ai(2)-mm-baylen-tokens' Cleanup step
Turn: Turn 18 (Ai(3)-mm-muldrotha-value)
Phase: Ai(3)-mm-muldrotha-value's Untap step
Phase: Ai(3)-mm-muldrotha-value's Upkeep step
Phase: Ai(3)-mm-muldrotha-value's Draw step
Phase: Ai(3)-mm-muldrotha-value's Main phase, precombat
Phase: Ai(3)-mm-muldrotha-value's Beginning of Combat Step
Phase: Ai(3)-mm-muldrotha-value's Declare Attackers Step
Phase: Ai(3)-mm-muldrotha-value's Declare Blockers Step
Phase: Ai(3)-mm-muldrotha-value's First Strike Damage Step
Phase: Ai(3)-mm-muldrotha-value's Combat Damage Step
Phase: Ai(3)-mm-muldrotha-value's End of Combat Step
Phase: Ai(3)-mm-muldrotha-value's Main phase, postcombat
Mana: Swamp (264) - {T}: Add {B}.
Mana: Forest (241) - {T}: Add {G}.
Mana: Drowned Catacomb (288) - {T}: Add {U} or {B}.
Add To Stack: Ai(3)-mm-muldrotha-value cast Plaguecrafter
Resolve Stack: Plaguecrafter - Creature 3 / 2
Add To Stack: Ai(3)-mm-muldrotha-value triggered Plaguecrafter
Zone Change: Stitcher's Supplier (287) was put into Graveyard from Battlefield.
Zone Change: Weaver of Harmony (358) was put into Graveyard from Battlefield.
Zone Change: Giada, Font of Hope (100) was put into Graveyard from Battlefield.
Zone Change: Rabbit Token (416) was put into Graveyard from Battlefield.
Resolve Stack: When Plaguecrafter enters, each player sacrifices a creature or planeswalker. Each player who can't discards a card. [Zone Changer: Plaguecrafter (203)]
Add To Stack: Ai(3)-mm-muldrotha-value triggered Stitcher's Supplier
Zone Change: Ai(3)-mm-muldrotha-value milled Sol Ring (219), Seal of Removal (272) and Perpetual Timepiece (269).
Resolve Stack: When Stitcher's Supplier enters or dies, mill three cards. [Zone Changer: Stitcher's Supplier (287)]
Phase: Ai(3)-mm-muldrotha-value's End step
Phase: Ai(3)-mm-muldrotha-value's Cleanup step
Turn: Turn 19 (Ai(4)-mm-sythis-enchantress)
Phase: Ai(4)-mm-sythis-enchantress' Untap step
Phase: Ai(4)-mm-sythis-enchantress' Upkeep step
Phase: Ai(4)-mm-sythis-enchantress' Draw step
Phase: Ai(4)-mm-sythis-enchantress' Main phase, precombat
Land: Ai(4)-mm-sythis-enchantress played Forest (338)
Phase: Ai(4)-mm-sythis-enchantress' Beginning of Combat Step
Phase: Ai(4)-mm-sythis-enchantress' Declare Attackers Step
Phase: Ai(4)-mm-sythis-enchantress' Declare Blockers Step
Phase: Ai(4)-mm-sythis-enchantress' First Strike Damage Step
Phase: Ai(4)-mm-sythis-enchantress' Combat Damage Step
Phase: Ai(4)-mm-sythis-enchantress' End of Combat Step
Phase: Ai(4)-mm-sythis-enchantress' Main phase, postcombat
Mana: Plains (392) - {T}: Add {W}.
Mana: Forest (338) - {T}: Add {G}.
Mana: Temple of Plenty (361) - {T}: Add {G} or {W}.
Mana: Temple Garden (376) - {T}: Add {G}.
Add To Stack: Ai(4)-mm-sythis-enchantress cast Yenna, Redtooth Regent
Resolve Stack: Yenna, Redtooth Regent - Creature 4 / 4
Phase: Ai(4)-mm-sythis-enchantress' End step
Phase: Ai(4)-mm-sythis-enchantress' Cleanup step
Turn: Turn 20 (Ai(1)-mm-giada-angels)
Phase: Ai(1)-mm-giada-angels' Untap step
Phase: Ai(1)-mm-giada-angels' Upkeep step
Phase: Ai(1)-mm-giada-angels' Draw step
Phase: Ai(1)-mm-giada-angels' Main phase, precombat
Land: Ai(1)-mm-giada-angels played Plains (69)
Phase: Ai(1)-mm-giada-angels' Beginning of Combat Step
Phase: Ai(1)-mm-giada-angels' Declare Attackers Step
Phase: Ai(1)-mm-giada-angels' Declare Blockers Step
Phase: Ai(1)-mm-giada-angels' First Strike Damage Step
Phase: Ai(1)-mm-giada-angels' Combat Damage Step
Phase: Ai(1)-mm-giada-angels' End of Combat Step
Phase: Ai(1)-mm-giada-angels' Main phase, postcombat
Mana: Plains (68) - {T}: Add {W}.
Mana: Seraph Sanctuary (67) - {T}: Add {C}.
Mana: Plains (69) - {T}: Add {W}.
Mana: Cavern of Souls (56) - {T}: Add one mana of any color. Spend this mana only to cast a creature spell of the chosen type, and that spell can't be countered.
Add To Stack: Ai(1)-mm-giada-angels cast Giada, Font of Hope
Resolve Stack: Giada, Font of Hope - Creature 2 / 2
Add To Stack: Ai(1)-mm-giada-angels triggered Seraph Sanctuary
Life: Life: Ai(1)-mm-giada-angels 38 > 39
Resolve Stack: Whenever an Angel you control enters, you gain 1 life. [Zone Changer: Giada, Font of Hope (100)]
Phase: Ai(1)-mm-giada-angels' End step
Phase: Ai(1)-mm-giada-angels' Cleanup step
Turn: Turn 21 (Ai(2)-mm-baylen-tokens)
Phase: Ai(2)-mm-baylen-tokens' Untap step
Phase: Ai(2)-mm-baylen-tokens' Upkeep step
Phase: Ai(2)-mm-baylen-tokens' Draw step
Phase: Ai(2)-mm-baylen-tokens' Main phase, precombat
Add To Stack: Ai(2)-mm-baylen-tokens activated Elspeth, Storm Slayer
Resolve Stack: Elspeth, Storm Slayer (198) - Put a +1/+1 counter on each valid permanent. 
Phase: Ai(2)-mm-baylen-tokens' Beginning of Combat Step
Phase: Ai(2)-mm-baylen-tokens' Declare Attackers Step
Combat: Ai(2)-mm-baylen-tokens assigned Hare Apparent (157), Hare Apparent (158), Hare Apparent (148), Hare Apparent (144), Rabbit Token (425), Rabbit Token (426), Rabbit Token (430), Rabbit Token (431) and Rabbit Token (432) to attack Ai(1)-mm-giada-angels.
Phase: Ai(2)-mm-baylen-tokens' Declare Blockers Step
Combat: Ai(1)-mm-giada-angels didn't block Hare Apparent (157).
Ai(1)-mm-giada-angels didn't block Hare Apparent (158).
Ai(1)-mm-giada-angels didn't block Hare Apparent (148).
Ai(1)-mm-giada-angels didn't block Hare Apparent (144).
Ai(1)-mm-giada-angels didn't block Rabbit Token (425).
Ai(1)-mm-giada-angels didn't block Rabbit Token (426).
Ai(1)-mm-giada-angels didn't block Rabbit Token (430).
Ai(1)-mm-giada-angels didn't block Rabbit Token (431).
Ai(1)-mm-giada-angels didn't block Rabbit Token (432).
Phase: Ai(2)-mm-baylen-tokens' First Strike Damage Step
Phase: Ai(2)-mm-baylen-tokens' Combat Damage Step
Damage: Hare Apparent (157) deals 3 combat damage to Ai(1)-mm-giada-angels.
Damage: Hare Apparent (158) deals 3 combat damage to Ai(1)-mm-giada-angels.
Damage: Hare Apparent (148) deals 3 combat damage to Ai(1)-mm-giada-angels.
Damage: Hare Apparent (144) deals 3 combat damage to Ai(1)-mm-giada-angels.
Damage: Rabbit Token (425) deals 2 combat damage to Ai(1)-mm-giada-angels.
Damage: Rabbit Token (426) deals 2 combat damage to Ai(1)-mm-giada-angels.
Damage: Rabbit Token (430) deals 2 combat damage to Ai(1)-mm-giada-angels.
Damage: Rabbit Token (431) deals 2 combat damage to Ai(1)-mm-giada-angels.
Damage: Rabbit Token (432) deals 2 combat damage to Ai(1)-mm-giada-angels.
Life: Life: Ai(1)-mm-giada-angels 39 > 17
Phase: Ai(2)-mm-baylen-tokens' End of Combat Step
Phase: Ai(2)-mm-baylen-tokens' Main phase, postcombat
Mana: Exotic Orchard (132) - {T}: Add one mana of any color that a land an opponent controls could produce.
Mana: Mountain (183) - {T}: Add {R}.
Mana: Forest (127) - {T}: Add {G}.
Add To Stack: Ai(2)-mm-baylen-tokens cast Baylen, the Haymaker
Resolve Stack: Baylen, the Haymaker - Creature 4 / 3
Phase: Ai(2)-mm-baylen-tokens' End step
Phase: Ai(2)-mm-baylen-tokens' Cleanup step
Turn: Turn 22 (Ai(3)-mm-muldrotha-value)
Phase: Ai(3)-mm-muldrotha-value's Untap step
Phase: Ai(3)-mm-muldrotha-value's Upkeep step
Phase: Ai(3)-mm-muldrotha-value's Draw step
Phase: Ai(3)-mm-muldrotha-value's Main phase, precombat
Phase: Ai(3)-mm-muldrotha-value's Beginning of Combat Step
Phase: Ai(3)-mm-muldrotha-value's Declare Attackers Step
Mana: Clifftop Retreat (129) - {T}: Add {R} or {W}.
Mana: Bountiful Promenade (108) - {T}: Add {G} or {W}.
Add To Stack: Ai(2)-mm-baylen-tokens cast Secure the Wastes
Mana: Drowned Catacomb (288) - {T}: Add {U} or {B}.
Mana: Sunken Hollow (230) - {T}: Add {U}.
Add To Stack: Ai(3)-mm-muldrotha-value cast Counterspell targeting [Create X 1/1 white Warrior creature tokens.]
Zone Change: Send countered spell to Graveyard
Resolve Stack: Counterspell (226) - Counter Secure the Wastes (166).
Phase: Ai(3)-mm-muldrotha-value's Declare Blockers Step
Phase: Ai(3)-mm-muldrotha-value's First Strike Damage Step
Phase: Ai(3)-mm-muldrotha-value's Combat Damage Step
Phase: Ai(3)-mm-muldrotha-value's End of Combat Step
Phase: Ai(3)-mm-muldrotha-value's Main phase, postcombat
Mana: Swamp (264) - {T}: Add {B}.
Mana: Forest (241) - {T}: Add {G}.
Add To Stack: Ai(3)-mm-muldrotha-value cast Accursed Marauder
Resolve Stack: Accursed Marauder - Creature 2 / 1
Add To Stack: Ai(3)-mm-muldrotha-value triggered Accursed Marauder
Zone Change: Accursed Marauder (273) was put into Graveyard from Battlefield.
Zone Change: Yenna, Redtooth Regent (382) was put into Graveyard from Battlefield.
Zone Change: Giada, Font of Hope (100) was put into Graveyard from Battlefield.
Zone Change: Hare Apparent (157) was put into Graveyard from Battlefield.
Resolve Stack: When Accursed Marauder enters, each player sacrifices a nontoken creature. [Zone Changer: Accursed Marauder (273)]
Phase: Ai(3)-mm-muldrotha-value's End step
Phase: Ai(3)-mm-muldrotha-value's Cleanup step
Turn: Turn 23 (Ai(4)-mm-sythis-enchantress)
Phase: Ai(4)-mm-sythis-enchantress' Untap step
Phase: Ai(4)-mm-sythis-enchantress' Upkeep step
Phase: Ai(4)-mm-sythis-enchantress' Draw step
Phase: Ai(4)-mm-sythis-enchantress' Main phase, precombat
Phase: Ai(4)-mm-sythis-enchantress' Beginning of Combat Step
Phase: Ai(4)-mm-sythis-enchantress' Declare Attackers Step
Phase: Ai(4)-mm-sythis-enchantress' Declare Blockers Step
Phase: Ai(4)-mm-sythis-enchantress' First Strike Damage Step
Phase: Ai(4)-mm-sythis-enchantress' Combat Damage Step
Phase: Ai(4)-mm-sythis-enchantress' End of Combat Step
Phase: Ai(4)-mm-sythis-enchantress' Main phase, postcombat
Mana: Plains (392) - {T}: Add {W}.
Mana: Temple of Plenty (361) - {T}: Add {G} or {W}.
Mana: Forest (338) - {T}: Add {G}.
Mana: Temple Garden (376) - {T}: Add {G}.
Add To Stack: Ai(4)-mm-sythis-enchantress cast Ajani's Chosen
Resolve Stack: Ajani's Chosen - Creature 3 / 3
Phase: Ai(4)-mm-sythis-enchantress' End step
Phase: Ai(4)-mm-sythis-enchantress' Cleanup step
Turn: Turn 24 (Ai(1)-mm-giada-angels)
Phase: Ai(1)-mm-giada-angels' Untap step
Phase: Ai(1)-mm-giada-angels' Upkeep step
Phase: Ai(1)-mm-giada-angels' Draw step
Phase: Ai(1)-mm-giada-angels' Main phase, precombat
Land: Ai(1)-mm-giada-angels played Plains (91)
Mana: Plains (68) - {T}: Add {W}.
Mana: Plains (69) - {T}: Add {W}.
Mana: Seraph Sanctuary (67) - {T}: Add {C}.
Mana: Plains (91) - {T}: Add {W}.
Mana: Cavern of Souls (56) - {T}: Add {C}.
Mana: War Room (38) - {T}: Add {C}.
Add To Stack: Ai(1)-mm-giada-angels cast Farewell
Zone Change: Hare Apparent (158) was put into Exile from Battlefield.
Zone Change: Hare Apparent (148) was put into Exile from Battlefield.
Zone Change: Rabbit Token (425) was put into Exile from Battlefield.
Zone Change: Rabbit Token (426) was put into Exile from Battlefield.
Zone Change: Hare Apparent (144) was put into Exile from Battlefield.
Zone Change: Rabbit Token (430) was put into Exile from Battlefield.
Zone Change: Rabbit Token (431) was put into Exile from Battlefield.
Zone Change: Rabbit Token (432) was put into Exile from Battlefield.
Zone Change: Baylen, the Haymaker (201) was put into Exile from Battlefield.
Zone Change: Plaguecrafter (203) was put into Exile from Battlefield.
Zone Change: Ajani's Chosen (364) was put into Exile from Battlefield.
Zone Change: Secrets of the Dead (299) was put into Exile from Battlefield.
Resolve Stack: Farewell (20) -  Exile all artifacts. Exile all creatures. Exile all enchantments. Exile all graveyards.
Phase: Ai(1)-mm-giada-angels' Beginning of Combat Step
Phase: Ai(1)-mm-giada-angels' Declare Attackers Step
Phase: Ai(1)-mm-giada-angels' Declare Blockers Step
Phase: Ai(1)-mm-giada-angels' First Strike Damage Step
Phase: Ai(1)-mm-giada-angels' Combat Damage Step
Phase: Ai(1)-mm-giada-angels' End of Combat Step
Phase: Ai(1)-mm-giada-angels' Main phase, postcombat
Phase: Ai(1)-mm-giada-angels' End step
Phase: Ai(1)-mm-giada-angels' Cleanup step
Turn: Turn 25 (Ai(2)-mm-baylen-tokens)
Phase: Ai(2)-mm-baylen-tokens' Untap step
Phase: Ai(2)-mm-baylen-tokens' Upkeep step
Phase: Ai(2)-mm-baylen-tokens' Draw step
Phase: Ai(2)-mm-baylen-tokens' Main phase, precombat
Phase: Ai(2)-mm-baylen-tokens' Beginning of Combat Step
Phase: Ai(2)-mm-baylen-tokens' Declare Attackers Step
Phase: Ai(2)-mm-baylen-tokens' Declare Blockers Step
Phase: Ai(2)-mm-baylen-tokens' First Strike Damage Step
Phase: Ai(2)-mm-baylen-tokens' Combat Damage Step
Phase: Ai(2)-mm-baylen-tokens' End of Combat Step
Phase: Ai(2)-mm-baylen-tokens' Main phase, postcombat
Add To Stack: Ai(2)-mm-baylen-tokens activated Elspeth, Storm Slayer
Replacement Effect: If one or more tokens would be created under your control, twice that many of those tokens are created instead.
Resolve Stack: Elspeth, Storm Slayer (198) - Ai(2)-mm-baylen-tokens creates a 1/1 white Soldier creature token.
Mana: Forest (127) - {T}: Add {G}.
Mana: Exotic Orchard (132) - {T}: Add one mana of any color that a land an opponent controls could produce.
Mana: Mountain (183) - {T}: Add {R}.
Mana: Bountiful Promenade (108) - {T}: Add {G} or {W}.
Add To Stack: Ai(2)-mm-baylen-tokens cast Second Harvest
Replacement Effect: If one or more tokens would be created under your control, twice that many of those tokens are created instead.
Resolve Stack: Second Harvest (170) - Ai(2)-mm-baylen-tokens creates a token that's a copy of Soldier Token (460), Soldier Token (461), Soldier Token (464), Soldier Token (465), Soldier Token (466) and Soldier Token (467).
Phase: Ai(2)-mm-baylen-tokens' End step
Phase: Ai(2)-mm-baylen-tokens' Cleanup step
Turn: Turn 26 (Ai(3)-mm-muldrotha-value)
Phase: Ai(3)-mm-muldrotha-value's Untap step
Phase: Ai(3)-mm-muldrotha-value's Upkeep step
Phase: Ai(3)-mm-muldrotha-value's Draw step
Phase: Ai(3)-mm-muldrotha-value's Main phase, precombat
Phase: Ai(3)-mm-muldrotha-value's Beginning of Combat Step
Phase: Ai(3)-mm-muldrotha-value's Declare Attackers Step
Phase: Ai(3)-mm-muldrotha-value's Declare Blockers Step
Phase: Ai(3)-mm-muldrotha-value's First Strike Damage Step
Phase: Ai(3)-mm-muldrotha-value's Combat Damage Step
Phase: Ai(3)-mm-muldrotha-value's End of Combat Step
Phase: Ai(3)-mm-muldrotha-value's Main phase, postcombat
Mana: Forest (241) - {T}: Add {G}.
Mana: Swamp (264) - {T}: Add {B}.
Add To Stack: Ai(3)-mm-muldrotha-value cast Sakura-Tribe Elder
Resolve Stack: Sakura-Tribe Elder - Creature 1 / 1
Zone Change: Sakura-Tribe Elder (286) was put into Graveyard from Battlefield.
Add To Stack: Ai(3)-mm-muldrotha-value activated Sakura-Tribe Elder
Resolve Stack: Sakura-Tribe Elder (286) - Ai(3)-mm-muldrotha-value searches their library for a basic land card, puts it onto the battlefield tapped, then shuffles.
Mana: Drowned Catacomb (288) - {T}: Add {U} or {B}.
Mana: Sunken Hollow (230) - {T}: Add {B}.
Add To Stack: Ai(3)-mm-muldrotha-value cast Arcane Signet
Resolve Stack: Arcane Signet
Phase: Ai(3)-mm-muldrotha-value's End step
Phase: Ai(3)-mm-muldrotha-value's Cleanup step
Turn: Turn 27 (Ai(4)-mm-sythis-enchantress)
Phase: Ai(4)-mm-sythis-enchantress' Untap step
Phase: Ai(4)-mm-sythis-enchantress' Upkeep step
Phase: Ai(4)-mm-sythis-enchantress' Draw step
Phase: Ai(4)-mm-sythis-enchantress' Main phase, precombat
Land: Ai(4)-mm-sythis-enchantress played Command Tower (323)
Phase: Ai(4)-mm-sythis-enchantress' Beginning of Combat Step
Phase: Ai(4)-mm-sythis-enchantress' Declare Attackers Step
Phase: Ai(4)-mm-sythis-enchantress' Declare Blockers Step
Phase: Ai(4)-mm-sythis-enchantress' First Strike Damage Step
Phase: Ai(4)-mm-sythis-enchantress' Combat Damage Step
Phase: Ai(4)-mm-sythis-enchantress' End of Combat Step
Phase: Ai(4)-mm-sythis-enchantress' Main phase, postcombat
Mana: Plains (392) - {T}: Add {W}.
Mana: Forest (338) - {T}: Add {G}.
Mana: Temple of Plenty (361) - {T}: Add {G} or {W}.
Mana: Command Tower (323) - {T}: Add one mana of any color in your commander's color identity.
Mana: Temple Garden (376) - {T}: Add {G}.
Add To Stack: Ai(4)-mm-sythis-enchantress cast Mirari's Wake
Resolve Stack: Mirari's Wake
Phase: Ai(4)-mm-sythis-enchantress' End step
Phase: Ai(4)-mm-sythis-enchantress' Cleanup step
Turn: Turn 28 (Ai(1)-mm-giada-angels)
Phase: Ai(1)-mm-giada-angels' Untap step
Phase: Ai(1)-mm-giada-angels' Upkeep step
Phase: Ai(1)-mm-giada-angels' Draw step
Phase: Ai(1)-mm-giada-angels' Main phase, precombat
Phase: Ai(1)-mm-giada-angels' Beginning of Combat Step
Phase: Ai(1)-mm-giada-angels' Declare Attackers Step
Phase: Ai(1)-mm-giada-angels' Declare Blockers Step
Phase: Ai(1)-mm-giada-angels' First Strike Damage Step
Phase: Ai(1)-mm-giada-angels' Combat Damage Step
Phase: Ai(1)-mm-giada-angels' End of Combat Step
Phase: Ai(1)-mm-giada-angels' Main phase, postcombat
Mana: Plains (68) - {T}: Add {W}.
Mana: Seraph Sanctuary (67) - {T}: Add {C}.
Mana: Plains (69) - {T}: Add {W}.
Mana: Plains (91) - {T}: Add {W}.
Mana: Cavern of Souls (56) - {T}: Add one mana of any color. Spend this mana only to cast a creature spell of the chosen type, and that spell can't be countered.
Mana: War Room (38) - {T}: Add {C}.
Add To Stack: Ai(1)-mm-giada-angels cast Giada, Font of Hope
Resolve Stack: Giada, Font of Hope - Creature 2 / 2
Add To Stack: Ai(1)-mm-giada-angels triggered Seraph Sanctuary
Life: Life: Ai(1)-mm-giada-angels 17 > 18
Resolve Stack: Whenever an Angel you control enters, you gain 1 life. [Zone Changer: Giada, Font of Hope (100)]
Phase: Ai(1)-mm-giada-angels' End step
Phase: Ai(1)-mm-giada-angels' Cleanup step
Turn: Turn 29 (Ai(2)-mm-baylen-tokens)
Phase: Ai(2)-mm-baylen-tokens' Untap step
Phase: Ai(2)-mm-baylen-tokens' Upkeep step
Phase: Ai(2)-mm-baylen-tokens' Draw step
Phase: Ai(2)-mm-baylen-tokens' Main phase, precombat
Add To Stack: Ai(2)-mm-baylen-tokens activated Elspeth, Storm Slayer
Resolve Stack: Elspeth, Storm Slayer (198) - Put a +1/+1 counter on each valid permanent. 
Phase: Ai(2)-mm-baylen-tokens' Beginning of Combat Step
Phase: Ai(2)-mm-baylen-tokens' Declare Attackers Step
Combat: Ai(2)-mm-baylen-tokens assigned Soldier Token (460), Soldier Token (461), Soldier Token (464), Soldier Token (465), Soldier Token (466) and Soldier Token (467) to attack Ai(1)-mm-giada-angels.
Phase: Ai(2)-mm-baylen-tokens' Declare Blockers Step
Combat: Ai(1)-mm-giada-angels didn't block Soldier Token (460).
Ai(1)-mm-giada-angels didn't block Soldier Token (461).
Ai(1)-mm-giada-angels didn't block Soldier Token (464).
Ai(1)-mm-giada-angels didn't block Soldier Token (465).
Ai(1)-mm-giada-angels didn't block Soldier Token (466).
Ai(1)-mm-giada-angels didn't block Soldier Token (467).
Phase: Ai(2)-mm-baylen-tokens' First Strike Damage Step
Phase: Ai(2)-mm-baylen-tokens' Combat Damage Step
Damage: Soldier Token (460) deals 2 combat damage to Ai(1)-mm-giada-angels.
Damage: Soldier Token (461) deals 2 combat damage to Ai(1)-mm-giada-angels.
Damage: Soldier Token (464) deals 2 combat damage to Ai(1)-mm-giada-angels.
Damage: Soldier Token (465) deals 2 combat damage to Ai(1)-mm-giada-angels.
Damage: Soldier Token (466) deals 2 combat damage to Ai(1)-mm-giada-angels.
Damage: Soldier Token (467) deals 2 combat damage to Ai(1)-mm-giada-angels.
Life: Life: Ai(1)-mm-giada-angels 18 > 6
Phase: Ai(2)-mm-baylen-tokens' End of Combat Step
Phase: Ai(2)-mm-baylen-tokens' Main phase, postcombat
Mana: Exotic Orchard (132) - {T}: Add one mana of any color that a land an opponent controls could produce.
Mana: Mountain (183) - {T}: Add {R}.
Mana: Forest (127) - {T}: Add {G}.
Mana: Clifftop Retreat (129) - {T}: Add {R} or {W}.
Mana: Bountiful Promenade (108) - {T}: Add {G} or {W}.
Add To Stack: Ai(2)-mm-baylen-tokens cast Baylen, the Haymaker
Resolve Stack: Baylen, the Haymaker - Creature 4 / 3
Phase: Ai(2)-mm-baylen-tokens' End step
Phase: Ai(2)-mm-baylen-tokens' Cleanup step
Turn: Turn 30 (Ai(3)-mm-muldrotha-value)
Phase: Ai(3)-mm-muldrotha-value's Untap step
Phase: Ai(3)-mm-muldrotha-value's Upkeep step
Phase: Ai(3)-mm-muldrotha-value's Draw step
Phase: Ai(3)-mm-muldrotha-value's Main phase, precombat
Phase: Ai(3)-mm-muldrotha-value's Beginning of Combat Step
Phase: Ai(3)-mm-muldrotha-value's Declare Attackers Step
Phase: Ai(3)-mm-muldrotha-value's Declare Blockers Step
Phase: Ai(3)-mm-muldrotha-value's First Strike Damage Step
Phase: Ai(3)-mm-muldrotha-value's Combat Damage Step
Phase: Ai(3)-mm-muldrotha-value's End of Combat Step
Phase: Ai(3)-mm-muldrotha-value's Main phase, postcombat
Mana: Forest (241) - {T}: Add {G}.
Mana: Island (237) - {T}: Add {U}.
Mana: Swamp (264) - {T}: Add {B}.
Mana: Drowned Catacomb (288) - {T}: Add {U} or {B}.
Mana: Sunken Hollow (230) - {T}: Add {B}.
Mana: Arcane Signet (298) - {T}: Add one mana of any color in your commander's color identity.
Add To Stack: Ai(3)-mm-muldrotha-value cast Muldrotha, the Gravetide
Resolve Stack: Muldrotha, the Gravetide - Creature 6 / 6
Phase: Ai(3)-mm-muldrotha-value's End step
Phase: Ai(3)-mm-muldrotha-value's Cleanup step
Turn: Turn 31 (Ai(4)-mm-sythis-enchantress)
Phase: Ai(4)-mm-sythis-enchantress' Untap step
Phase: Ai(4)-mm-sythis-enchantress' Upkeep step
Phase: Ai(4)-mm-sythis-enchantress' Draw step
Phase: Ai(4)-mm-sythis-enchantress' Main phase, precombat
Land: Ai(4)-mm-sythis-enchantress played Forest (345)
Phase: Ai(4)-mm-sythis-enchantress' Beginning of Combat Step
Phase: Ai(4)-mm-sythis-enchantress' Declare Attackers Step
Phase: Ai(4)-mm-sythis-enchantress' Declare Blockers Step
Phase: Ai(4)-mm-sythis-enchantress' First Strike Damage Step
Phase: Ai(4)-mm-sythis-enchantress' Combat Damage Step
Phase: Ai(4)-mm-sythis-enchantress' End of Combat Step
Phase: Ai(4)-mm-sythis-enchantress' Main phase, postcombat
Mana: Plains (392) - {T}: Add {W}.
Mana: Forest (338) - {T}: Add {G}.
Add To Stack: Ai(4)-mm-sythis-enchantress cast Sythis, Harvest's Hand
Resolve Stack: Sythis, Harvest's Hand - Creature 1 / 2
Add To Stack: Ai(4)-mm-sythis-enchantress cast Seal of Primordium
Add To Stack: Ai(4)-mm-sythis-enchantress triggered Sythis, Harvest's Hand
Life: Life: Ai(4)-mm-sythis-enchantress 40 > 41
Resolve Stack: Whenever you cast an enchantment spell, you gain 1 life and draw a card. [Card: Seal of Primordium (357), Activator: Ai(4)-mm-sythis-enchantress, SpellAbility: Seal of Primordium]
Resolve Stack: Seal of Primordium
Zone Change: Seal of Primordium (357) was put into Graveyard from Battlefield.
Add To Stack: Ai(4)-mm-sythis-enchantress activated Seal of Primordium targeting [Arcane Signet (298)]
Zone Change: Arcane Signet (298) was put into Graveyard from Battlefield.
Resolve Stack: Seal of Primordium (357) - Destroy Arcane Signet (298).
Mana: Temple of Plenty (361) - {T}: Add {G} or {W}.
Add To Stack: Ai(4)-mm-sythis-enchantress cast All That Glitters targeting [Sythis, Harvest's Hand (403)]
Add To Stack: Ai(4)-mm-sythis-enchantress triggered Sythis, Harvest's Hand
Life: Life: Ai(4)-mm-sythis-enchantress 41 > 42
Resolve Stack: Whenever you cast an enchantment spell, you gain 1 life and draw a card. [Card: All That Glitters (337), Activator: Ai(4)-mm-sythis-enchantress, SpellAbility: All That Glitters]
Resolve Stack: All That Glitters (337) -  Attach to Sythis, Harvest's Hand (403)
Mana: Forest (345) - {T}: Add {G}.
Mana: Command Tower (323) - {T}: Add one mana of any color in your commander's color identity.
Add To Stack: Ai(4)-mm-sythis-enchantress cast Courser of Kruphix
Add To Stack: Ai(4)-mm-sythis-enchantress triggered Sythis, Harvest's Hand
Life: Life: Ai(4)-mm-sythis-enchantress 42 > 43
Resolve Stack: Whenever you cast an enchantment spell, you gain 1 life and draw a card. [Card: Courser of Kruphix (402), Activator: Ai(4)-mm-sythis-enchantress, SpellAbility: Courser of Kruphix - Creature 2 / 4]
Resolve Stack: Courser of Kruphix - Creature 2 / 4
Add To Stack: Ai(4)-mm-sythis-enchantress cast Authority of the Consuls
Add To Stack: Ai(4)-mm-sythis-enchantress triggered Sythis, Harvest's Hand
Life: Life: Ai(4)-mm-sythis-enchantress 43 > 44
Resolve Stack: Whenever you cast an enchantment spell, you gain 1 life and draw a card. [Card: Authority of the Consuls (397), Activator: Ai(4)-mm-sythis-enchantress, SpellAbility: Authority of the Consuls]
Resolve Stack: Authority of the Consuls
Phase: Ai(4)-mm-sythis-enchantress' End step
Phase: Ai(4)-mm-sythis-enchantress' Cleanup step
Turn: Turn 32 (Ai(1)-mm-giada-angels)
Phase: Ai(1)-mm-giada-angels' Untap step
Phase: Ai(1)-mm-giada-angels' Upkeep step
Phase: Ai(1)-mm-giada-angels' Draw step
Phase: Ai(1)-mm-giada-angels' Main phase, precombat
Phase: Ai(1)-mm-giada-angels' Beginning of Combat Step
Phase: Ai(1)-mm-giada-angels' Declare Attackers Step
Combat: Ai(1)-mm-giada-angels assigned Giada, Font of Hope (100) to attack Elspeth, Storm Slayer (198).
Phase: Ai(1)-mm-giada-angels' Declare Blockers Step
Combat: Ai(2)-mm-baylen-tokens didn't block Giada, Font of Hope (100).
Phase: Ai(1)-mm-giada-angels' First Strike Damage Step
Phase: Ai(1)-mm-giada-angels' Combat Damage Step
Phase: Ai(1)-mm-giada-angels' End of Combat Step
Phase: Ai(1)-mm-giada-angels' Main phase, postcombat
Mana: Plains (68) - {T}: Add {W}.
Mana: Plains (69) - {T}: Add {W}.
Mana: Seraph Sanctuary (67) - {T}: Add {C}.
Mana: Plains (91) - {T}: Add {W}.
Mana: Cavern of Souls (56) - {T}: Add one mana of any color. Spend this mana only to cast a creature spell of the chosen type, and that spell can't be countered.
Mana: War Room (38) - {T}: Add {C}.
Mana: Giada, Font of Hope (100) - {T}: Add {W}. Spend this mana only to cast an Angel spell.
Add To Stack: Ai(1)-mm-giada-angels cast Bruna, the Fading Light
Replacement Effect: Each other Angel you control enters with an additional +1/+1 counter on it for each Angel you already control.
Replacement Effect: Creatures your opponents control enter tapped.
Resolve Stack: Bruna, the Fading Light - Creature 5 / 7
Add To Stack: Ai(1)-mm-giada-angels triggered Seraph Sanctuary
Add To Stack: Ai(4)-mm-sythis-enchantress triggered Authority of the Consuls
Life: Life: Ai(4)-mm-sythis-enchantress 44 > 45
Resolve Stack: Whenever a creature an opponent controls enters, you gain 1 life. [Zone Changer: Bruna, the Fading Light (48)]
Life: Life: Ai(1)-mm-giada-angels 6 > 7
Resolve Stack: Whenever an Angel you control enters, you gain 1 life. [Zone Changer: Bruna, the Fading Light (48)]
Phase: Ai(1)-mm-giada-angels' End step
Phase: Ai(1)-mm-giada-angels' Cleanup step
Turn: Turn 33 (Ai(2)-mm-baylen-tokens)
Phase: Ai(2)-mm-baylen-tokens' Untap step
Phase: Ai(2)-mm-baylen-tokens' Upkeep step
Phase: Ai(2)-mm-baylen-tokens' Draw step
Phase: Ai(2)-mm-baylen-tokens' Main phase, precombat
Add To Stack: Ai(2)-mm-baylen-tokens activated Elspeth, Storm Slayer
Resolve Stack: Elspeth, Storm Slayer (198) - Put a +1/+1 counter on each valid permanent. 
Phase: Ai(2)-mm-baylen-tokens' Beginning of Combat Step
Phase: Ai(2)-mm-baylen-tokens' Declare Attackers Step
Combat: Ai(2)-mm-baylen-tokens assigned Baylen, the Haymaker (201), Soldier Token (460), Soldier Token (461), Soldier Token (464), Soldier Token (465), Soldier Token (466) and Soldier Token (467) to attack Ai(1)-mm-giada-angels.
Phase: Ai(2)-mm-baylen-tokens' Declare Blockers Step
Combat: Ai(1)-mm-giada-angels didn't block Baylen, the Haymaker (201).
Ai(1)-mm-giada-angels didn't block Soldier Token (460).
Ai(1)-mm-giada-angels didn't block Soldier Token (461).
Ai(1)-mm-giada-angels didn't block Soldier Token (464).
Ai(1)-mm-giada-angels didn't block Soldier Token (465).
Ai(1)-mm-giada-angels didn't block Soldier Token (466).
Ai(1)-mm-giada-angels didn't block Soldier Token (467).
Phase: Ai(2)-mm-baylen-tokens' First Strike Damage Step
Phase: Ai(2)-mm-baylen-tokens' Combat Damage Step
Damage: Baylen, the Haymaker (201) deals 5 combat damage to Ai(1)-mm-giada-angels.
Damage: Soldier Token (460) deals 3 combat damage to Ai(1)-mm-giada-angels.
Damage: Soldier Token (461) deals 3 combat damage to Ai(1)-mm-giada-angels.
Damage: Soldier Token (464) deals 3 combat damage to Ai(1)-mm-giada-angels.
Damage: Soldier Token (465) deals 3 combat damage to Ai(1)-mm-giada-angels.
Damage: Soldier Token (466) deals 3 combat damage to Ai(1)-mm-giada-angels.
Damage: Soldier Token (467) deals 3 combat damage to Ai(1)-mm-giada-angels.
Life: Life: Ai(1)-mm-giada-angels 7 > -16
Phase: Ai(2)-mm-baylen-tokens' End of Combat Step
Phase: Ai(2)-mm-baylen-tokens' Main phase, postcombat
Mana: Forest (127) - {T}: Add {G}.
Mana: Mountain (183) - {T}: Add {R}.
Mana: Exotic Orchard (132) - {T}: Add one mana of any color that a land an opponent controls could produce.
Mana: Bountiful Promenade (108) - {T}: Add {G} or {W}.
Add To Stack: Ai(2)-mm-baylen-tokens cast Parallel Lives
Resolve Stack: Parallel Lives
Phase: Ai(2)-mm-baylen-tokens' End step
Phase: Ai(2)-mm-baylen-tokens' Cleanup step
Turn: Turn 34 (Ai(3)-mm-muldrotha-value)
Phase: Ai(3)-mm-muldrotha-value's Untap step
Phase: Ai(3)-mm-muldrotha-value's Upkeep step
Phase: Ai(3)-mm-muldrotha-value's Draw step
Phase: Ai(3)-mm-muldrotha-value's Main phase, precombat
Mana: Forest (241) - {T}: Add {G}.
Mana: Island (237) - {T}: Add {U}.
Add To Stack: Ai(3)-mm-muldrotha-value cast Lightning Greaves
Resolve Stack: Lightning Greaves
Add To Stack: Ai(3)-mm-muldrotha-value activated Lightning Greaves targeting [Muldrotha, the Gravetide (302)]
Resolve Stack: Lightning Greaves (296) -  Attach to Muldrotha, the Gravetide (302)
Mana: Swamp (264) - {T}: Add {B}.
Mana: Drowned Catacomb (288) - {T}: Add {U} or {B}.
Add To Stack: Ai(3)-mm-muldrotha-value cast Swiftfoot Boots
Resolve Stack: Swiftfoot Boots
Phase: Ai(3)-mm-muldrotha-value's Beginning of Combat Step
Phase: Ai(3)-mm-muldrotha-value's Declare Attackers Step
Combat: Ai(3)-mm-muldrotha-value assigned Muldrotha, the Gravetide (302) to attack Elspeth, Storm Slayer (198).
Phase: Ai(3)-mm-muldrotha-value's Declare Blockers Step
Combat: Ai(2)-mm-baylen-tokens didn't block Muldrotha, the Gravetide (302).
Phase: Ai(3)-mm-muldrotha-value's First Strike Damage Step
Phase: Ai(3)-mm-muldrotha-value's Combat Damage Step
Zone Change: Elspeth, Storm Slayer (198) was put into Graveyard from Battlefield.
Phase: Ai(3)-mm-muldrotha-value's End of Combat Step
Phase: Ai(3)-mm-muldrotha-value's Main phase, postcombat
Phase: Ai(3)-mm-muldrotha-value's End step
Phase: Ai(3)-mm-muldrotha-value's Cleanup step
Turn: Turn 35 (Ai(4)-mm-sythis-enchantress)
Phase: Ai(4)-mm-sythis-enchantress' Untap step
Phase: Ai(4)-mm-sythis-enchantress' Upkeep step
Phase: Ai(4)-mm-sythis-enchantress' Draw step
Phase: Ai(4)-mm-sythis-enchantress' Main phase, precombat
Land: Ai(4)-mm-sythis-enchantress played Forest (342)
Add To Stack: Ai(4)-mm-sythis-enchantress triggered Courser of Kruphix
Life: Life: Ai(4)-mm-sythis-enchantress 45 > 46
Resolve Stack: Landfall — Whenever a land you control enters, you gain 1 life. [Zone Changer: Forest (342)]
Phase: Ai(4)-mm-sythis-enchantress' Beginning of Combat Step
Phase: Ai(4)-mm-sythis-enchantress' Declare Attackers Step
Combat: Ai(4)-mm-sythis-enchantress assigned Sythis, Harvest's Hand (403) and Courser of Kruphix (402) to attack Ai(2)-mm-baylen-tokens.
Phase: Ai(4)-mm-sythis-enchantress' Declare Blockers Step
Combat: Ai(2)-mm-baylen-tokens didn't block Sythis, Harvest's Hand (403).
Ai(2)-mm-baylen-tokens didn't block Courser of Kruphix (402).
Phase: Ai(4)-mm-sythis-enchantress' First Strike Damage Step
Phase: Ai(4)-mm-sythis-enchantress' Combat Damage Step
Damage: Sythis, Harvest's Hand (403) deals 7 combat damage to Ai(2)-mm-baylen-tokens.
Damage: Courser of Kruphix (402) deals 3 combat damage to Ai(2)-mm-baylen-tokens.
Life: Life: Ai(2)-mm-baylen-tokens 37 > 27
Phase: Ai(4)-mm-sythis-enchantress' End of Combat Step
Phase: Ai(4)-mm-sythis-enchantress' Main phase, postcombat
Mana: Plains (392) - {T}: Add {W}.
Resolve Stack: Ai(4)-mm-sythis-enchantress has suspended Resurgent Belief with 2 time counters on it.
Phase: Ai(4)-mm-sythis-enchantress' End step
Phase: Ai(4)-mm-sythis-enchantress' Cleanup step
Turn: Turn 36 (Ai(2)-mm-baylen-tokens)
Phase: Ai(2)-mm-baylen-tokens' Untap step
Phase: Ai(2)-mm-baylen-tokens' Upkeep step
Phase: Ai(2)-mm-baylen-tokens' Draw step
Phase: Ai(2)-mm-baylen-tokens' Main phase, precombat
Phase: Ai(2)-mm-baylen-tokens' Beginning of Combat Step
Phase: Ai(2)-mm-baylen-tokens' Declare Attackers Step
Combat: Ai(2)-mm-baylen-tokens assigned Baylen, the Haymaker (201), Soldier Token (460), Soldier Token (461), Soldier Token (464), Soldier Token (465), Soldier Token (466) and Soldier Token (467) to attack Ai(4)-mm-sythis-enchantress.
Phase: Ai(2)-mm-baylen-tokens' Declare Blockers Step
Combat: Ai(4)-mm-sythis-enchantress didn't block Baylen, the Haymaker (201).
Ai(4)-mm-sythis-enchantress didn't block Soldier Token (460).
Ai(4)-mm-sythis-enchantress didn't block Soldier Token (461).
Ai(4)-mm-sythis-enchantress didn't block Soldier Token (464).
Ai(4)-mm-sythis-enchantress didn't block Soldier Token (465).
Ai(4)-mm-sythis-enchantress didn't block Soldier Token (466).
Ai(4)-mm-sythis-enchantress didn't block Soldier Token (467).
Phase: Ai(2)-mm-baylen-tokens' First Strike Damage Step
Phase: Ai(2)-mm-baylen-tokens' Combat Damage Step
Damage: Baylen, the Haymaker (201) deals 5 combat damage to Ai(4)-mm-sythis-enchantress.
Damage: Soldier Token (460) deals 3 combat damage to Ai(4)-mm-sythis-enchantress.
Damage: Soldier Token (461) deals 3 combat damage to Ai(4)-mm-sythis-enchantress.
Damage: Soldier Token (464) deals 3 combat damage to Ai(4)-mm-sythis-enchantress.
Damage: Soldier Token (465) deals 3 combat damage to Ai(4)-mm-sythis-enchantress.
Damage: Soldier Token (466) deals 3 combat damage to Ai(4)-mm-sythis-enchantress.
Damage: Soldier Token (467) deals 3 combat damage to Ai(4)-mm-sythis-enchantress.
Life: Life: Ai(4)-mm-sythis-enchantress 46 > 23
Phase: Ai(2)-mm-baylen-tokens' End of Combat Step
Phase: Ai(2)-mm-baylen-tokens' Main phase, postcombat
Phase: Ai(2)-mm-baylen-tokens' End step
Phase: Ai(2)-mm-baylen-tokens' Cleanup step
Turn: Turn 37 (Ai(3)-mm-muldrotha-value)
Phase: Ai(3)-mm-muldrotha-value's Untap step
Phase: Ai(3)-mm-muldrotha-value's Upkeep step
Phase: Ai(3)-mm-muldrotha-value's Draw step
Phase: Ai(3)-mm-muldrotha-value's Main phase, precombat
Replacement Effect: As Overgrown Tomb enters, you may pay 2 life. If you don't, it enters tapped.
Land: Ai(3)-mm-muldrotha-value played Overgrown Tomb (276)
Mana: Forest (241) - {T}: Add {G}.
Mana: Island (237) - {T}: Add {U}.
Add To Stack: Ai(3)-mm-muldrotha-value cast Sakura-Tribe Elder
Replacement Effect: Creatures your opponents control enter tapped.
Resolve Stack: Sakura-Tribe Elder - Creature 1 / 1
Add To Stack: Ai(4)-mm-sythis-enchantress triggered Authority of the Consuls
Zone Change: Sakura-Tribe Elder (286) was put into Graveyard from Battlefield.
Add To Stack: Ai(3)-mm-muldrotha-value activated Sakura-Tribe Elder
Resolve Stack: Sakura-Tribe Elder (286) - Ai(3)-mm-muldrotha-value searches their library for a basic land card, puts it onto the battlefield tapped, then shuffles.
Life: Life: Ai(4)-mm-sythis-enchantress 23 > 24
Resolve Stack: Whenever a creature an opponent controls enters, you gain 1 life. [Zone Changer: Sakura-Tribe Elder (286)]
Phase: Ai(3)-mm-muldrotha-value's Beginning of Combat Step
Phase: Ai(3)-mm-muldrotha-value's Declare Attackers Step
Combat: Ai(3)-mm-muldrotha-value assigned Muldrotha, the Gravetide (302) to attack Ai(2)-mm-baylen-tokens.
Phase: Ai(3)-mm-muldrotha-value's Declare Blockers Step
Combat: Ai(2)-mm-baylen-tokens didn't block Muldrotha, the Gravetide (302).
Phase: Ai(3)-mm-muldrotha-value's First Strike Damage Step
Phase: Ai(3)-mm-muldrotha-value's Combat Damage Step
Damage: Muldrotha, the Gravetide (302) deals 6 combat damage to Ai(2)-mm-baylen-tokens.
Life: Life: Ai(2)-mm-baylen-tokens 27 > 21
Phase: Ai(3)-mm-muldrotha-value's End of Combat Step
Phase: Ai(3)-mm-muldrotha-value's Main phase, postcombat
Mana: Swamp (264) - {T}: Add {B}.
Mana: Drowned Catacomb (288) - {T}: Add {U} or {B}.
Add To Stack: Ai(3)-mm-muldrotha-value cast Arcane Signet
Resolve Stack: Arcane Signet
Mana: Sunken Hollow (230) - {T}: Add {B}.
Mana: Arcane Signet (298) - {T}: Add one mana of any color in your commander's color identity.
Add To Stack: Ai(3)-mm-muldrotha-value cast Demonic Tutor
Resolve Stack: Demonic Tutor (300) - Search your library for a card, put that card into your hand, then shuffle.
Phase: Ai(3)-mm-muldrotha-value's End step
Phase: Ai(3)-mm-muldrotha-value's Cleanup step
Turn: Turn 38 (Ai(4)-mm-sythis-enchantress)
Phase: Ai(4)-mm-sythis-enchantress' Untap step
Phase: Ai(4)-mm-sythis-enchantress' Upkeep step
Add To Stack: Ai(4)-mm-sythis-enchantress triggered Resurgent Belief
Resolve Stack: At the beginning of your upkeep, if this card is suspended, remove a time counter from it [Phase: Ai(4)-mm-sythis-enchantress]
Phase: Ai(4)-mm-sythis-enchantress' Draw step
Phase: Ai(4)-mm-sythis-enchantress' Main phase, precombat
Land: Ai(4)-mm-sythis-enchantress played Forest (339)
Add To Stack: Ai(4)-mm-sythis-enchantress triggered Courser of Kruphix
Life: Life: Ai(4)-mm-sythis-enchantress 24 > 25
Resolve Stack: Landfall — Whenever a land you control enters, you gain 1 life. [Zone Changer: Forest (339)]
Mana: Plains (392) - {T}: Add {W}.
Add To Stack: Ai(4)-mm-sythis-enchantress cast Seal of Cleansing
Add To Stack: Ai(4)-mm-sythis-enchantress triggered Sythis, Harvest's Hand
Life: Life: Ai(4)-mm-sythis-enchantress 25 > 26
Resolve Stack: Whenever you cast an enchantment spell, you gain 1 life and draw a card. [Card: Seal of Cleansing (306), Activator: Ai(4)-mm-sythis-enchantress, SpellAbility: Seal of Cleansing]
Resolve Stack: Seal of Cleansing
Zone Change: Seal of Cleansing (306) was put into Graveyard from Battlefield.
Add To Stack: Ai(4)-mm-sythis-enchantress activated Seal of Cleansing targeting [Parallel Lives (180)]
Zone Change: Parallel Lives (180) was put into Graveyard from Battlefield.
Resolve Stack: Seal of Cleansing (306) - Destroy Parallel Lives (180).
Phase: Ai(4)-mm-sythis-enchantress' Beginning of Combat Step
Phase: Ai(4)-mm-sythis-enchantress' Declare Attackers Step
Combat: Ai(4)-mm-sythis-enchantress assigned Sythis, Harvest's Hand (403) and Courser of Kruphix (402) to attack Ai(2)-mm-baylen-tokens.
Phase: Ai(4)-mm-sythis-enchantress' Declare Blockers Step
Combat: Ai(2)-mm-baylen-tokens didn't block Sythis, Harvest's Hand (403).
Ai(2)-mm-baylen-tokens didn't block Courser of Kruphix (402).
Phase: Ai(4)-mm-sythis-enchantress' First Strike Damage Step
Phase: Ai(4)-mm-sythis-enchantress' Combat Damage Step
Damage: Sythis, Harvest's Hand (403) deals 7 combat damage to Ai(2)-mm-baylen-tokens.
Damage: Courser of Kruphix (402) deals 3 combat damage to Ai(2)-mm-baylen-tokens.
Life: Life: Ai(2)-mm-baylen-tokens 21 > 11
Phase: Ai(4)-mm-sythis-enchantress' End of Combat Step
Phase: Ai(4)-mm-sythis-enchantress' Main phase, postcombat
Mana: Temple of Plenty (361) - {T}: Add {G} or {W}.
Mana: Forest (338) - {T}: Add {G}.
Add To Stack: Ai(4)-mm-sythis-enchantress cast Mesa Enchantress
Resolve Stack: Mesa Enchantress - Creature 0 / 2
Phase: Ai(4)-mm-sythis-enchantress' End step
Phase: Ai(4)-mm-sythis-enchantress' Cleanup step
Turn: Turn 39 (Ai(2)-mm-baylen-tokens)
Phase: Ai(2)-mm-baylen-tokens' Untap step
Phase: Ai(2)-mm-baylen-tokens' Upkeep step
Phase: Ai(2)-mm-baylen-tokens' Draw step
Phase: Ai(2)-mm-baylen-tokens' Main phase, precombat
Mana: Forest (127) - {T}: Add {G}.
Add To Stack: Ai(2)-mm-baylen-tokens cast Skullclamp
Resolve Stack: Skullclamp
Mana: Mountain (183) - {T}: Add {R}.
Add To Stack: Ai(2)-mm-baylen-tokens activated Skullclamp targeting [Baylen, the Haymaker (201)]
Resolve Stack: Skullclamp (103) -  Attach to Baylen, the Haymaker (201)
Phase: Ai(2)-mm-baylen-tokens' Beginning of Combat Step
Phase: Ai(2)-mm-baylen-tokens' Declare Attackers Step
Phase: Ai(2)-mm-baylen-tokens' Declare Blockers Step
Phase: Ai(2)-mm-baylen-tokens' First Strike Damage Step
Phase: Ai(2)-mm-baylen-tokens' Combat Damage Step
Phase: Ai(2)-mm-baylen-tokens' End of Combat Step
Phase: Ai(2)-mm-baylen-tokens' Main phase, postcombat
Add To Stack: Ai(2)-mm-baylen-tokens activated Baylen, the Haymaker
Resolve Stack: Baylen, the Haymaker (201) - Ai(2)-mm-baylen-tokens draws a card.
Replacement Effect: Canopy Vista enters tapped unless you control two or more basic lands.
Land: Ai(2)-mm-baylen-tokens played Canopy Vista (169)
Add To Stack: Ai(2)-mm-baylen-tokens activated Baylen, the Haymaker
Resolve Stack: Baylen, the Haymaker (201) - Ai(2)-mm-baylen-tokens draws a card.
Mana: Exotic Orchard (132) - {T}: Add one mana of any color that a land an opponent controls could produce.
Mana: Clifftop Retreat (129) - {T}: Add {R} or {W}.
Mana: Bountiful Promenade (108) - {T}: Add {G} or {W}.
Discard: Ai(2)-mm-baylen-tokens discards Jetmir's Garden (121).
Add To Stack: Ai(2)-mm-baylen-tokens activated Jetmir's Garden
Resolve Stack: Jetmir's Garden (121) - Ai(2)-mm-baylen-tokens draws a card.
Phase: Ai(2)-mm-baylen-tokens' End step
Phase: Ai(2)-mm-baylen-tokens' Cleanup step
Turn: Turn 40 (Ai(3)-mm-muldrotha-value)
Phase: Ai(3)-mm-muldrotha-value's Untap step
Phase: Ai(3)-mm-muldrotha-value's Upkeep step
Phase: Ai(3)-mm-muldrotha-value's Draw step
Phase: Ai(3)-mm-muldrotha-value's Main phase, precombat
Mana: Forest (241) - {T}: Add {G}.
Mana: Swamp (264) - {T}: Add {B}.
Add To Stack: Ai(3)-mm-muldrotha-value cast Sakura-Tribe Elder
Replacement Effect: Creatures your opponents control enter tapped.
Resolve Stack: Sakura-Tribe Elder - Creature 1 / 1
Add To Stack: Ai(4)-mm-sythis-enchantress triggered Authority of the Consuls
Zone Change: Sakura-Tribe Elder (286) was put into Graveyard from Battlefield.
Add To Stack: Ai(3)-mm-muldrotha-value activated Sakura-Tribe Elder
Resolve Stack: Sakura-Tribe Elder (286) - Ai(3)-mm-muldrotha-value searches their library for a basic land card, puts it onto the battlefield tapped, then shuffles.
Life: Life: Ai(4)-mm-sythis-enchantress 26 > 27
Resolve Stack: Whenever a creature an opponent controls enters, you gain 1 life. [Zone Changer: Sakura-Tribe Elder (286)]
Mana: Drowned Catacomb (288) - {T}: Add {U} or {B}.
Mana: Island (237) - {T}: Add {U}.
Mana: Island (235) - {T}: Add {U}.
Mana: Overgrown Tomb (276) - {T}: Add {G}.
Mana: Sunken Hollow (230) - {T}: Add {B}.
Add To Stack: Ai(3)-mm-muldrotha-value cast Gravebreaker Lamia
Replacement Effect: Creatures your opponents control enter tapped.
Resolve Stack: Gravebreaker Lamia - Creature 4 / 4
Add To Stack: Ai(3)-mm-muldrotha-value triggered Gravebreaker Lamia
Add To Stack: Ai(4)-mm-sythis-enchantress triggered Authority of the Consuls
Life: Life: Ai(4)-mm-sythis-enchantress 27 > 28
Resolve Stack: Whenever a creature an opponent controls enters, you gain 1 life. [Zone Changer: Gravebreaker Lamia (290)]
Resolve Stack: When Gravebreaker Lamia enters, search your library for a card, put it into your graveyard, then shuffle. [Zone Changer: Gravebreaker Lamia (290)]
Mana: Arcane Signet (298) - {T}: Add one mana of any color in your commander's color identity.
Add To Stack: Ai(3)-mm-muldrotha-value activated Swiftfoot Boots targeting [Gravebreaker Lamia (290)]
Resolve Stack: Swiftfoot Boots (259) -  Attach to Gravebreaker Lamia (290)
Phase: Ai(3)-mm-muldrotha-value's Beginning of Combat Step
Phase: Ai(3)-mm-muldrotha-value's Declare Attackers Step
Phase: Ai(3)-mm-muldrotha-value's Declare Blockers Step
Phase: Ai(3)-mm-muldrotha-value's First Strike Damage Step
Phase: Ai(3)-mm-muldrotha-value's Combat Damage Step
Phase: Ai(3)-mm-muldrotha-value's End of Combat Step
Phase: Ai(3)-mm-muldrotha-value's Main phase, postcombat
Phase: Ai(3)-mm-muldrotha-value's End step
Phase: Ai(3)-mm-muldrotha-value's Cleanup step
Turn: Turn 41 (Ai(4)-mm-sythis-enchantress)
Phase: Ai(4)-mm-sythis-enchantress' Untap step
Phase: Ai(4)-mm-sythis-enchantress' Upkeep step
Add To Stack: Ai(4)-mm-sythis-enchantress triggered Resurgent Belief
Resolve Stack: At the beginning of your upkeep, if this card is suspended, remove a time counter from it [Phase: Ai(4)-mm-sythis-enchantress]
Add To Stack: Ai(4)-mm-sythis-enchantress triggered Resurgent Belief
Add To Stack: Ai(4)-mm-sythis-enchantress cast Resurgent Belief
Resolve Stack: When the last time counter is removed from this card, if it's exiled, you may play it without paying its mana cost if able.  If you can't, it remains exiled. If you cast a creature spell this way, it gains haste until you lose control of the spell or the permanent it becomes. [Removed from: Resurgent Belief (378)]
Resolve Stack: Resurgent Belief (378) - Return all enchantment cards from your graveyard to the battlefield. (Auras with nothing to enchant remain in your graveyard.) (without paying its mana cost)
Zone Change: Seal of Primordium (357) was put into Graveyard from Battlefield.
Add To Stack: Ai(4)-mm-sythis-enchantress activated Seal of Primordium targeting [Skullclamp (103)]
Zone Change: Skullclamp (103) was put into Graveyard from Battlefield.
Resolve Stack: Seal of Primordium (357) - Destroy Skullclamp (103).
Zone Change: Seal of Cleansing (306) was put into Graveyard from Battlefield.
Add To Stack: Ai(4)-mm-sythis-enchantress activated Seal of Cleansing targeting [Lightning Greaves (296)]
Zone Change: Lightning Greaves (296) was put into Graveyard from Battlefield.
Resolve Stack: Seal of Cleansing (306) - Destroy Lightning Greaves (296).
Phase: Ai(4)-mm-sythis-enchantress' Draw step
Phase: Ai(4)-mm-sythis-enchantress' Main phase, precombat
Phase: Ai(4)-mm-sythis-enchantress' Beginning of Combat Step
Phase: Ai(4)-mm-sythis-enchantress' Declare Attackers Step
Combat: Ai(4)-mm-sythis-enchantress assigned Sythis, Harvest's Hand (403) to attack Ai(2)-mm-baylen-tokens.
Phase: Ai(4)-mm-sythis-enchantress' Declare Blockers Step
Combat: Ai(2)-mm-baylen-tokens assigned Baylen, the Haymaker (201) to block Sythis, Harvest's Hand (403).
Phase: Ai(4)-mm-sythis-enchantress' First Strike Damage Step
Phase: Ai(4)-mm-sythis-enchantress' Combat Damage Step
Damage: Sythis, Harvest's Hand (403) deals 7 damage to Baylen, the Haymaker (201).
Damage: Baylen, the Haymaker (201) deals 5 damage to Sythis, Harvest's Hand (403).
Zone Change: Baylen, the Haymaker (201) was put into Graveyard from Battlefield.
Phase: Ai(4)-mm-sythis-enchantress' End of Combat Step
Phase: Ai(4)-mm-sythis-enchantress' Main phase, postcombat
Mana: Plains (392) - {T}: Add {W}.
Mana: Forest (338) - {T}: Add {G}.
Add To Stack: Ai(4)-mm-sythis-enchantress cast Eladamri's Call
Resolve Stack: Eladamri's Call (359) - Ai(4)-mm-sythis-enchantress searches their library for a creature card, reveals it, puts it into their hand, then shuffles.
Mana: Forest (345) - {T}: Add {G}.
Add To Stack: Ai(4)-mm-sythis-enchantress cast Heliod, Sun-Crowned
Add To Stack: Ai(4)-mm-sythis-enchantress triggered Sythis, Harvest's Hand
Add To Stack: Ai(4)-mm-sythis-enchantress triggered Mesa Enchantress
Resolve Stack: Whenever you cast an enchantment spell, you may draw a card. [Card: Heliod, Sun-Crowned (398), Activator: Ai(4)-mm-sythis-enchantress, SpellAbility: Heliod, Sun-Crowned - Creature 5 / 5]
Life: Life: Ai(4)-mm-sythis-enchantress 28 > 29
Resolve Stack: Whenever you cast an enchantment spell, you gain 1 life and draw a card. [Card: Heliod, Sun-Crowned (398), Activator: Ai(4)-mm-sythis-enchantress, SpellAbility: Heliod, Sun-Crowned - Creature 5 / 5]
Resolve Stack: Heliod, Sun-Crowned - Creature 5 / 5
Land: Ai(4)-mm-sythis-enchantress played Plains (396)
Add To Stack: Ai(4)-mm-sythis-enchantress triggered Courser of Kruphix
Life: Life: Ai(4)-mm-sythis-enchantress 29 > 30
Resolve Stack: Landfall — Whenever a land you control enters, you gain 1 life. [Zone Changer: Plains (396)]
Add To Stack: Ai(4)-mm-sythis-enchantress triggered Heliod, Sun-Crowned targeting [Heliod, Sun-Crowned (398)]
Resolve Stack: Whenever you gain life, put a +1/+1 counter on target creature or enchantment you control. (Targeting: [[Heliod, Sun-Crowned (398)]]) [Player: Ai(4)-mm-sythis-enchantress, Gained Amount: 1]
Mana: Plains (396) - {T}: Add {W}.
Add To Stack: Ai(4)-mm-sythis-enchantress cast Grasp of Fate
Add To Stack: Ai(4)-mm-sythis-enchantress triggered Sythis, Harvest's Hand
Add To Stack: Ai(4)-mm-sythis-enchantress triggered Mesa Enchantress
Resolve Stack: Whenever you cast an enchantment spell, you may draw a card. [Card: Grasp of Fate (320), Activator: Ai(4)-mm-sythis-enchantress, SpellAbility: Grasp of Fate]
Life: Life: Ai(4)-mm-sythis-enchantress 30 > 31
Resolve Stack: Whenever you cast an enchantment spell, you gain 1 life and draw a card. [Card: Grasp of Fate (320), Activator: Ai(4)-mm-sythis-enchantress, SpellAbility: Grasp of Fate]
Add To Stack: Ai(4)-mm-sythis-enchantress triggered Heliod, Sun-Crowned targeting [Heliod, Sun-Crowned (398)]
Resolve Stack: Whenever you gain life, put a +1/+1 counter on target creature or enchantment you control. (Targeting: [[Heliod, Sun-Crowned (398)]]) [Player: Ai(4)-mm-sythis-enchantress, Gained Amount: 1]
Resolve Stack: Grasp of Fate
Add To Stack: Ai(4)-mm-sythis-enchantress triggered Grasp of Fate targeting [Muldrotha, the Gravetide (302), Soldier Token (460)]
Zone Change: Muldrotha, the Gravetide (302) was put into Exile from Battlefield.
Zone Change: Soldier Token (460) was put into Exile from Battlefield.
Resolve Stack: When Grasp of Fate enters, for each opponent, exile up to one target nonland permanent that player controls until Grasp of Fate leaves the battlefield. (Those permanents return under their owners' control.) (Targeting: [[Muldrotha, the Gravetide (302), Soldier Token (460)]]) [Zone Changer: Grasp of Fate (320)]
Mana: Temple of Plenty (361) - {T}: Add {G} or {W}.
Mana: Forest (342) - {T}: Add {G}.
Mana: Forest (339) - {T}: Add {G}.
Add To Stack: Ai(4)-mm-sythis-enchantress cast Sphere of Safety
Add To Stack: Ai(4)-mm-sythis-enchantress triggered Sythis, Harvest's Hand
Add To Stack: Ai(4)-mm-sythis-enchantress triggered Mesa Enchantress
Resolve Stack: Whenever you cast an enchantment spell, you may draw a card. [Card: Sphere of Safety (329), Activator: Ai(4)-mm-sythis-enchantress, SpellAbility: Sphere of Safety]
Life: Life: Ai(4)-mm-sythis-enchantress 31 > 32
Resolve Stack: Whenever you cast an enchantment spell, you gain 1 life and draw a card. [Card: Sphere of Safety (329), Activator: Ai(4)-mm-sythis-enchantress, SpellAbility: Sphere of Safety]
Add To Stack: Ai(4)-mm-sythis-enchantress triggered Heliod, Sun-Crowned targeting [Heliod, Sun-Crowned (398)]
Resolve Stack: Whenever you gain life, put a +1/+1 counter on target creature or enchantment you control. (Targeting: [[Heliod, Sun-Crowned (398)]]) [Player: Ai(4)-mm-sythis-enchantress, Gained Amount: 1]
Resolve Stack: Sphere of Safety
Mana: Command Tower (323) - {T}: Add one mana of any color in your commander's color identity.
Mana: Temple Garden (376) - {T}: Add {G}.
Add To Stack: Ai(4)-mm-sythis-enchantress cast Eidolon of Blossoms
Add To Stack: Ai(4)-mm-sythis-enchantress triggered Sythis, Harvest's Hand
Add To Stack: Ai(4)-mm-sythis-enchantress triggered Mesa Enchantress
Resolve Stack: Whenever you cast an enchantment spell, you may draw a card. [Card: Eidolon of Blossoms (310), Activator: Ai(4)-mm-sythis-enchantress, SpellAbility: Eidolon of Blossoms - Creature 2 / 2]
Life: Life: Ai(4)-mm-sythis-enchantress 32 > 33
Resolve Stack: Whenever you cast an enchantment spell, you gain 1 life and draw a card. [Card: Eidolon of Blossoms (310), Activator: Ai(4)-mm-sythis-enchantress, SpellAbility: Eidolon of Blossoms - Creature 2 / 2]
Add To Stack: Ai(4)-mm-sythis-enchantress triggered Heliod, Sun-Crowned targeting [Heliod, Sun-Crowned (398)]
Resolve Stack: Whenever you gain life, put a +1/+1 counter on target creature or enchantment you control. (Targeting: [[Heliod, Sun-Crowned (398)]]) [Player: Ai(4)-mm-sythis-enchantress, Gained Amount: 1]
Resolve Stack: Eidolon of Blossoms - Creature 2 / 2
Add To Stack: Ai(4)-mm-sythis-enchantress triggered Eidolon of Blossoms
Resolve Stack: Constellation — Whenever Eidolon of Blossoms or another enchantment you control enters, draw a card. [Zone Changer: Eidolon of Blossoms (310)]
Phase: Ai(4)-mm-sythis-enchantress' End step
Phase: Ai(4)-mm-sythis-enchantress' Cleanup step
Turn: Turn 42 (Ai(2)-mm-baylen-tokens)
Phase: Ai(2)-mm-baylen-tokens' Untap step
Phase: Ai(2)-mm-baylen-tokens' Upkeep step
Phase: Ai(2)-mm-baylen-tokens' Draw step
Phase: Ai(2)-mm-baylen-tokens' Main phase, precombat
Mana: Exotic Orchard (132) - {T}: Add one mana of any color that a land an opponent controls could produce.
Mana: Clifftop Retreat (129) - {T}: Add {R} or {W}.
Mana: Forest (127) - {T}: Add {G}.
Mana: Mountain (183) - {T}: Add {R}.
Mana: Bountiful Promenade (108) - {T}: Add {G} or {W}.
Add To Stack: Ai(2)-mm-baylen-tokens cast Season of the Burrow
Replacement Effect: Creatures your opponents control enter tapped.
Zone Change: Heliod, Sun-Crowned (398) was put into Exile from Battlefield.
Resolve Stack: Season of the Burrow (102) -  Create a 1/1 white Rabbit creature token. Exile target nonland permanent. Its controller draws a card. (Targeting: Heliod, Sun-Crowned (398))   Return target permanent card with mana value 3 or less from your graveyard to the battlefield with an indestructible counter on it. (Targeting: Skullclamp (103))
Add To Stack: Ai(4)-mm-sythis-enchantress triggered Authority of the Consuls
Life: Life: Ai(4)-mm-sythis-enchantress 33 > 34
Resolve Stack: Whenever a creature an opponent controls enters, you gain 1 life. [Zone Changer: Rabbit Token (478)]
Mana: Canopy Vista (169) - {T}: Add {G}.
Add To Stack: Ai(2)-mm-baylen-tokens activated Skullclamp targeting [Soldier Token (461)]
Resolve Stack: Skullclamp (103) -  Attach to Soldier Token (461)
Phase: Ai(2)-mm-baylen-tokens' Beginning of Combat Step
Phase: Ai(2)-mm-baylen-tokens' Declare Attackers Step
Phase: Ai(2)-mm-baylen-tokens' Declare Blockers Step
Phase: Ai(2)-mm-baylen-tokens' First Strike Damage Step
Phase: Ai(2)-mm-baylen-tokens' Combat Damage Step
Phase: Ai(2)-mm-baylen-tokens' End of Combat Step
Phase: Ai(2)-mm-baylen-tokens' Main phase, postcombat
Phase: Ai(2)-mm-baylen-tokens' End step
Phase: Ai(2)-mm-baylen-tokens' Cleanup step
Turn: Turn 43 (Ai(3)-mm-muldrotha-value)
Phase: Ai(3)-mm-muldrotha-value's Untap step
Phase: Ai(3)-mm-muldrotha-value's Upkeep step
Phase: Ai(3)-mm-muldrotha-value's Draw step
Phase: Ai(3)-mm-muldrotha-value's Main phase, precombat
Land: Ai(3)-mm-muldrotha-value played Evolving Wilds (239)
Zone Change: Evolving Wilds (239) was put into Graveyard from Battlefield.
Add To Stack: Ai(3)-mm-muldrotha-value activated Evolving Wilds
Resolve Stack: Evolving Wilds (239) - Ai(3)-mm-muldrotha-value searches their library for a basic land card, puts it onto the battlefield tapped, then shuffles.
Phase: Ai(3)-mm-muldrotha-value's Beginning of Combat Step
Phase: Ai(3)-mm-muldrotha-value's Declare Attackers Step
Phase: Ai(3)-mm-muldrotha-value's Declare Blockers Step
Phase: Ai(3)-mm-muldrotha-value's First Strike Damage Step
Phase: Ai(3)-mm-muldrotha-value's Combat Damage Step
Phase: Ai(3)-mm-muldrotha-value's End of Combat Step
Phase: Ai(3)-mm-muldrotha-value's Main phase, postcombat
Mana: Forest (241) - {T}: Add {G}.
Mana: Island (237) - {T}: Add {U}.
Mana: Swamp (264) - {T}: Add {B}.
Mana: Forest (242) - {T}: Add {G}.
Mana: Island (235) - {T}: Add {U}.
Mana: Drowned Catacomb (288) - {T}: Add {U} or {B}.
Mana: Overgrown Tomb (276) - {T}: Add {G}.
Mana: Sunken Hollow (230) - {T}: Add {B}.
Add To Stack: Ai(3)-mm-muldrotha-value cast Muldrotha, the Gravetide
Replacement Effect: Creatures your opponents control enter tapped.
Resolve Stack: Muldrotha, the Gravetide - Creature 6 / 6
Add To Stack: Ai(4)-mm-sythis-enchantress triggered Authority of the Consuls
Life: Life: Ai(4)-mm-sythis-enchantress 34 > 35
Resolve Stack: Whenever a creature an opponent controls enters, you gain 1 life. [Zone Changer: Muldrotha, the Gravetide (302)]
Mana: Arcane Signet (298) - {T}: Add one mana of any color in your commander's color identity.
Add To Stack: Ai(3)-mm-muldrotha-value cast Sakura-Tribe Elder
Replacement Effect: Creatures your opponents control enter tapped.
Resolve Stack: Sakura-Tribe Elder - Creature 1 / 1
Add To Stack: Ai(4)-mm-sythis-enchantress triggered Authority of the Consuls
Zone Change: Sakura-Tribe Elder (286) was put into Graveyard from Battlefield.
Add To Stack: Ai(3)-mm-muldrotha-value activated Sakura-Tribe Elder
Resolve Stack: Sakura-Tribe Elder (286) - Ai(3)-mm-muldrotha-value searches their library for a basic land card, puts it onto the battlefield tapped, then shuffles.
Life: Life: Ai(4)-mm-sythis-enchantress 35 > 36
Resolve Stack: Whenever a creature an opponent controls enters, you gain 1 life. [Zone Changer: Sakura-Tribe Elder (286)]
Phase: Ai(3)-mm-muldrotha-value's End step
Phase: Ai(3)-mm-muldrotha-value's Cleanup step
Turn: Turn 44 (Ai(4)-mm-sythis-enchantress)
Phase: Ai(4)-mm-sythis-enchantress' Untap step
Phase: Ai(4)-mm-sythis-enchantress' Upkeep step
Phase: Ai(4)-mm-sythis-enchantress' Draw step
Phase: Ai(4)-mm-sythis-enchantress' Main phase, precombat
Land: Ai(4)-mm-sythis-enchantress played Hall of Heliod's Generosity (313)
Add To Stack: Ai(4)-mm-sythis-enchantress triggered Courser of Kruphix
Life: Life: Ai(4)-mm-sythis-enchantress 36 > 37
Resolve Stack: Landfall — Whenever a land you control enters, you gain 1 life. [Zone Changer: Hall of Heliod's Generosity (313)]
Mana: Forest (338) - {T}: Add {G}.
Mana: Forest (345) - {T}: Add {G}.
Add To Stack: Ai(4)-mm-sythis-enchantress cast Overgrowth targeting [Temple Garden (376)]
Add To Stack: Ai(4)-mm-sythis-enchantress triggered Sythis, Harvest's Hand
Add To Stack: Ai(4)-mm-sythis-enchantress triggered Mesa Enchantress
Resolve Stack: Whenever you cast an enchantment spell, you may draw a card. [Card: Overgrowth (363), Activator: Ai(4)-mm-sythis-enchantress, SpellAbility: Overgrowth]
Life: Life: Ai(4)-mm-sythis-enchantress 37 > 38
Resolve Stack: Whenever you cast an enchantment spell, you gain 1 life and draw a card. [Card: Overgrowth (363), Activator: Ai(4)-mm-sythis-enchantress, SpellAbility: Overgrowth]
Resolve Stack: Overgrowth (363) -  Attach to Temple Garden (376)
Add To Stack: Ai(4)-mm-sythis-enchantress triggered Eidolon of Blossoms
Resolve Stack: Constellation — Whenever Eidolon of Blossoms or another enchantment you control enters, draw a card. [Zone Changer: Overgrowth (363)]
Mana: Plains (392) - {T}: Add {W}.
Mana: Forest (342) - {T}: Add {G}.
Add To Stack: Ai(4)-mm-sythis-enchantress cast Archon of Sun's Grace
Resolve Stack: Archon of Sun's Grace - Creature 3 / 4
Mana: Forest (339) - {T}: Add {G}.
Add To Stack: Ai(4)-mm-sythis-enchantress cast Ancestral Mask targeting [Archon of Sun's Grace (318)]
Add To Stack: Ai(4)-mm-sythis-enchantress triggered Sythis, Harvest's Hand
Add To Stack: Ai(4)-mm-sythis-enchantress triggered Mesa Enchantress
Resolve Stack: Whenever you cast an enchantment spell, you may draw a card. [Card: Ancestral Mask (356), Activator: Ai(4)-mm-sythis-enchantress, SpellAbility: Ancestral Mask]
Life: Life: Ai(4)-mm-sythis-enchantress 38 > 39
Resolve Stack: Whenever you cast an enchantment spell, you gain 1 life and draw a card. [Card: Ancestral Mask (356), Activator: Ai(4)-mm-sythis-enchantress, SpellAbility: Ancestral Mask]
Resolve Stack: Ancestral Mask (356) -  Attach to Archon of Sun's Grace (318)
Add To Stack: Ai(4)-mm-sythis-enchantress triggered Eidolon of Blossoms
Add To Stack: Ai(4)-mm-sythis-enchantress triggered Archon of Sun's Grace
Resolve Stack: Constellation — Whenever an enchantment you control enters, create a 2/2 white Pegasus creature token with flying. [Zone Changer: Ancestral Mask (356)]
Resolve Stack: Constellation — Whenever Eidolon of Blossoms or another enchantment you control enters, draw a card. [Zone Changer: Ancestral Mask (356)]
Mana: Plains (396) - {T}: Add {W}.
Mana: Temple of Plenty (361) - {T}: Add {G} or {W}.
Add To Stack: Ai(4)-mm-sythis-enchantress cast Ghostly Prison
Add To Stack: Ai(4)-mm-sythis-enchantress triggered Sythis, Harvest's Hand
Add To Stack: Ai(4)-mm-sythis-enchantress triggered Mesa Enchantress
Resolve Stack: Whenever you cast an enchantment spell, you may draw a card. [Card: Ghostly Prison (324), Activator: Ai(4)-mm-sythis-enchantress, SpellAbility: Ghostly Prison]
Life: Life: Ai(4)-mm-sythis-enchantress 39 > 40
Resolve Stack: Whenever you cast an enchantment spell, you gain 1 life and draw a card. [Card: Ghostly Prison (324), Activator: Ai(4)-mm-sythis-enchantress, SpellAbility: Ghostly Prison]
Resolve Stack: Ghostly Prison
Add To Stack: Ai(4)-mm-sythis-enchantress triggered Eidolon of Blossoms
Add To Stack: Ai(4)-mm-sythis-enchantress triggered Archon of Sun's Grace
Resolve Stack: Constellation — Whenever an enchantment you control enters, create a 2/2 white Pegasus creature token with flying. [Zone Changer: Ghostly Prison (324)]
Resolve Stack: Constellation — Whenever Eidolon of Blossoms or another enchantment you control enters, draw a card. [Zone Changer: Ghostly Prison (324)]
Mana: Command Tower (323) - {T}: Add one mana of any color in your commander's color identity.
Add To Stack: Ai(4)-mm-sythis-enchantress cast Thought Vessel
Resolve Stack: Thought Vessel
Mana: Temple Garden (376) - {T}: Add {W}.
Add To Stack: Ai(4)-mm-sythis-enchantress cast Alseid of Life's Bounty
Add To Stack: Ai(4)-mm-sythis-enchantress triggered Sythis, Harvest's Hand
Add To Stack: Ai(4)-mm-sythis-enchantress triggered Mesa Enchantress
Resolve Stack: Whenever you cast an enchantment spell, you may draw a card. [Card: Alseid of Life's Bounty (350), Activator: Ai(4)-mm-sythis-enchantress, SpellAbility: Alseid of Life's Bounty - Creature 1 / 1]
Life: Life: Ai(4)-mm-sythis-enchantress 40 > 41
Resolve Stack: Whenever you cast an enchantment spell, you gain 1 life and draw a card. [Card: Alseid of Life's Bounty (350), Activator: Ai(4)-mm-sythis-enchantress, SpellAbility: Alseid of Life's Bounty - Creature 1 / 1]
Resolve Stack: Alseid of Life's Bounty - Creature 1 / 1
Add To Stack: Ai(4)-mm-sythis-enchantress triggered Eidolon of Blossoms
Add To Stack: Ai(4)-mm-sythis-enchantress triggered Archon of Sun's Grace
Resolve Stack: Constellation — Whenever an enchantment you control enters, create a 2/2 white Pegasus creature token with flying. [Zone Changer: Alseid of Life's Bounty (350)]
Resolve Stack: Constellation — Whenever Eidolon of Blossoms or another enchantment you control enters, draw a card. [Zone Changer: Alseid of Life's Bounty (350)]
Add To Stack: Ai(4)-mm-sythis-enchantress cast Whip Silk targeting [Courser of Kruphix (402)]
Add To Stack: Ai(4)-mm-sythis-enchantress triggered Sythis, Harvest's Hand
Add To Stack: Ai(4)-mm-sythis-enchantress triggered Mesa Enchantress
Resolve Stack: Whenever you cast an enchantment spell, you may draw a card. [Card: Whip Silk (374), Activator: Ai(4)-mm-sythis-enchantress, SpellAbility: Whip Silk]
Life: Life: Ai(4)-mm-sythis-enchantress 41 > 42
Resolve Stack: Whenever you cast an enchantment spell, you gain 1 life and draw a card. [Card: Whip Silk (374), Activator: Ai(4)-mm-sythis-enchantress, SpellAbility: Whip Silk]
Resolve Stack: Whip Silk (374) -  Attach to Courser of Kruphix (402)
Add To Stack: Ai(4)-mm-sythis-enchantress triggered Eidolon of Blossoms
Add To Stack: Ai(4)-mm-sythis-enchantress triggered Archon of Sun's Grace
Resolve Stack: Constellation — Whenever an enchantment you control enters, create a 2/2 white Pegasus creature token with flying. [Zone Changer: Whip Silk (374)]
Resolve Stack: Constellation — Whenever Eidolon of Blossoms or another enchantment you control enters, draw a card. [Zone Changer: Whip Silk (374)]
Add To Stack: Ai(4)-mm-sythis-enchantress cast Calix, Guided by Fate
Add To Stack: Ai(4)-mm-sythis-enchantress triggered Sythis, Harvest's Hand
Add To Stack: Ai(4)-mm-sythis-enchantress triggered Mesa Enchantress
Resolve Stack: Whenever you cast an enchantment spell, you may draw a card. [Card: Calix, Guided by Fate (333), Activator: Ai(4)-mm-sythis-enchantress, SpellAbility: Calix, Guided by Fate - Creature 2 / 2]
Life: Life: Ai(4)-mm-sythis-enchantress 42 > 43
Resolve Stack: Whenever you cast an enchantment spell, you gain 1 life and draw a card. [Card: Calix, Guided by Fate (333), Activator: Ai(4)-mm-sythis-enchantress, SpellAbility: Calix, Guided by Fate - Creature 2 / 2]
Resolve Stack: Calix, Guided by Fate - Creature 2 / 2
Add To Stack: Ai(4)-mm-sythis-enchantress triggered Eidolon of Blossoms
Add To Stack: Ai(4)-mm-sythis-enchantress triggered Calix, Guided by Fate targeting [Archon of Sun's Grace (318)]
Add To Stack: Ai(4)-mm-sythis-enchantress triggered Archon of Sun's Grace
Resolve Stack: Constellation — Whenever an enchantment you control enters, create a 2/2 white Pegasus creature token with flying. [Zone Changer: Calix, Guided by Fate (333)]
Resolve Stack: Constellation — Whenever Calix, Guided by Fate or another enchantment you control enters, put a +1/+1 counter on target creature. (Targeting: [[Archon of Sun's Grace (318)]]) [Zone Changer: Calix, Guided by Fate (333)]
Resolve Stack: Constellation — Whenever Eidolon of Blossoms or another enchantment you control enters, draw a card. [Zone Changer: Calix, Guided by Fate (333)]
Mana: Thought Vessel (347) - {T}: Add {C}.
Add To Stack: Ai(4)-mm-sythis-enchantress cast Sol Ring
Resolve Stack: Sol Ring
Phase: Ai(4)-mm-sythis-enchantress' Beginning of Combat Step
Phase: Ai(4)-mm-sythis-enchantress' Declare Attackers Step
Combat: Ai(4)-mm-sythis-enchantress assigned Sythis, Harvest's Hand (403), Courser of Kruphix (402) and Eidolon of Blossoms (310) to attack Ai(2)-mm-baylen-tokens.
Phase: Ai(4)-mm-sythis-enchantress' Declare Blockers Step
Combat: Ai(2)-mm-baylen-tokens assigned Soldier Token (464) to block Sythis, Harvest's Hand (403).
Ai(2)-mm-baylen-tokens assigned Soldier Token (465) and Soldier Token (461) to block Courser of Kruphix (402).
Ai(2)-mm-baylen-tokens assigned Soldier Token (466) to block Eidolon of Blossoms (310).
Phase: Ai(4)-mm-sythis-enchantress' First Strike Damage Step
Phase: Ai(4)-mm-sythis-enchantress' Combat Damage Step
Damage: Sythis, Harvest's Hand (403) deals 18 damage to Soldier Token (464).
Damage: Courser of Kruphix (402) deals 1 damage to Soldier Token (465).
Damage: Courser of Kruphix (402) deals 2 damage to Soldier Token (461).
Damage: Eidolon of Blossoms (310) deals 3 damage to Soldier Token (466).
Damage: Soldier Token (464) deals 3 damage to Sythis, Harvest's Hand (403).
Damage: Soldier Token (465) deals 3 damage to Courser of Kruphix (402).
Damage: Soldier Token (461) deals 4 damage to Courser of Kruphix (402).
Damage: Soldier Token (466) deals 3 damage to Eidolon of Blossoms (310).
Zone Change: Courser of Kruphix (402) was put into Graveyard from Battlefield.
Zone Change: Eidolon of Blossoms (310) was put into Graveyard from Battlefield.
Zone Change: Soldier Token (461) was put into Graveyard from Battlefield.
Zone Change: Soldier Token (464) was put into Graveyard from Battlefield.
Zone Change: Soldier Token (466) was put into Graveyard from Battlefield.
Zone Change: Whip Silk (374) was put into Graveyard from Battlefield.
Add To Stack: Ai(2)-mm-baylen-tokens triggered Skullclamp
Resolve Stack: Whenever equipped creature dies, draw two cards. [Zone Changer: Soldier Token (461)]
Phase: Ai(4)-mm-sythis-enchantress' End of Combat Step
Phase: Ai(4)-mm-sythis-enchantress' Main phase, postcombat
Phase: Ai(4)-mm-sythis-enchantress' End step
Phase: Ai(4)-mm-sythis-enchantress' Cleanup step
Turn: Turn 45 (Ai(2)-mm-baylen-tokens)
Phase: Ai(2)-mm-baylen-tokens' Untap step
Phase: Ai(2)-mm-baylen-tokens' Upkeep step
Mana: Exotic Orchard (132) - {T}: Add one mana of any color that a land an opponent controls could produce.
Mana: Forest (127) - {T}: Add {G}.
Add To Stack: Ai(2)-mm-baylen-tokens cast Aura Mutation targeting [Sythis, Harvest's Hand (403)]
Zone Change: Sythis, Harvest's Hand (403) was put into Graveyard from Battlefield.
Replacement Effect: Creatures your opponents control enter tapped.
Replacement Effect: Creatures your opponents control enter tapped.
Resolve Stack: Aura Mutation (167) - Destroy Sythis, Harvest's Hand (403). 
Zone Change: All That Glitters (337) was put into Graveyard from Battlefield.
Add To Stack: Ai(4)-mm-sythis-enchantress triggered Authority of the Consuls
Add To Stack: Ai(4)-mm-sythis-enchantress triggered Authority of the Consuls
Life: Life: Ai(4)-mm-sythis-enchantress 43 > 44
Resolve Stack: Whenever a creature an opponent controls enters, you gain 1 life. [Zone Changer: Saproling Token (499)]
Life: Life: Ai(4)-mm-sythis-enchantress 44 > 45
Resolve Stack: Whenever a creature an opponent controls enters, you gain 1 life. [Zone Changer: Saproling Token (498)]
Phase: Ai(2)-mm-baylen-tokens' Draw step
Phase: Ai(2)-mm-baylen-tokens' Main phase, precombat
Land: Ai(2)-mm-baylen-tokens played Mountain (182)
Mana: Clifftop Retreat (129) - {T}: Add {R} or {W}.
Mana: Mountain (183) - {T}: Add {R}.
Add To Stack: Ai(2)-mm-baylen-tokens cast Hare Apparent
Replacement Effect: Creatures your opponents control enter tapped.
Resolve Stack: Hare Apparent - Creature 2 / 2
Add To Stack: Ai(2)-mm-baylen-tokens triggered Hare Apparent
Add To Stack: Ai(4)-mm-sythis-enchantress triggered Authority of the Consuls
Life: Life: Ai(4)-mm-sythis-enchantress 45 > 46
Resolve Stack: Whenever a creature an opponent controls enters, you gain 1 life. [Zone Changer: Hare Apparent (152)]
Resolve Stack: When this creature enters, create a number of 1/1 white Rabbit creature tokens equal to the number of other creatures you control named Hare Apparent. [Zone Changer: Hare Apparent (152)]
Mana: Mountain (182) - {T}: Add {R}.
Add To Stack: Ai(2)-mm-baylen-tokens activated Skullclamp targeting [Hare Apparent (152)]
Resolve Stack: Skullclamp (103) -  Attach to Hare Apparent (152)
Phase: Ai(2)-mm-baylen-tokens' Beginning of Combat Step
Phase: Ai(2)-mm-baylen-tokens' Declare Attackers Step
Phase: Ai(2)-mm-baylen-tokens' Declare Blockers Step
Phase: Ai(2)-mm-baylen-tokens' First Strike Damage Step
Phase: Ai(2)-mm-baylen-tokens' Combat Damage Step
Phase: Ai(2)-mm-baylen-tokens' End of Combat Step
Phase: Ai(2)-mm-baylen-tokens' Main phase, postcombat
Mana: Bountiful Promenade (108) - {T}: Add {G} or {W}.
Add To Stack: Ai(2)-mm-baylen-tokens cast Sol Ring
Resolve Stack: Sol Ring
Phase: Ai(2)-mm-baylen-tokens' End step
Phase: Ai(2)-mm-baylen-tokens' Cleanup step
Turn: Turn 46 (Ai(3)-mm-muldrotha-value)
Phase: Ai(3)-mm-muldrotha-value's Untap step
Phase: Ai(3)-mm-muldrotha-value's Upkeep step
Phase: Ai(3)-mm-muldrotha-value's Draw step
Phase: Ai(3)-mm-muldrotha-value's Main phase, precombat
Land: Ai(3)-mm-muldrotha-value played Evolving Wilds (239)
Zone Change: Evolving Wilds (239) was put into Graveyard from Battlefield.
Add To Stack: Ai(3)-mm-muldrotha-value activated Evolving Wilds
Resolve Stack: Evolving Wilds (239) - Ai(3)-mm-muldrotha-value searches their library for a basic land card, puts it onto the battlefield tapped, then shuffles.
Mana: Forest (241) - {T}: Add {G}.
Add To Stack: Ai(3)-mm-muldrotha-value cast Lightning Greaves
Resolve Stack: Lightning Greaves
Add To Stack: Ai(3)-mm-muldrotha-value activated Lightning Greaves targeting [Muldrotha, the Gravetide (302)]
Resolve Stack: Lightning Greaves (296) -  Attach to Muldrotha, the Gravetide (302)
Phase: Ai(3)-mm-muldrotha-value's Beginning of Combat Step
Phase: Ai(3)-mm-muldrotha-value's Declare Attackers Step
Phase: Ai(3)-mm-muldrotha-value's Declare Blockers Step
Phase: Ai(3)-mm-muldrotha-value's First Strike Damage Step
Phase: Ai(3)-mm-muldrotha-value's Combat Damage Step
Phase: Ai(3)-mm-muldrotha-value's End of Combat Step
Phase: Ai(3)-mm-muldrotha-value's Main phase, postcombat
Mana: Forest (242) - {T}: Add {G}.
Mana: Swamp (264) - {T}: Add {B}.
Mana: Swamp (265) - {T}: Add {B}.
Mana: Island (237) - {T}: Add {U}.
Add To Stack: Ai(3)-mm-muldrotha-value cast Underrealm Lich
Replacement Effect: Creatures your opponents control enter tapped.
Resolve Stack: Underrealm Lich - Creature 4 / 3
Add To Stack: Ai(4)-mm-sythis-enchantress triggered Authority of the Consuls
Mana: Drowned Catacomb (288) - {T}: Add {U} or {B}.
Add To Stack: Ai(3)-mm-muldrotha-value cast Entomb
Resolve Stack: Entomb (256) - Ai(3)-mm-muldrotha-value searches their library for a card, puts it into its owner's graveyard, then shuffles.
Life: Life: Ai(4)-mm-sythis-enchantress 46 > 47
Resolve Stack: Whenever a creature an opponent controls enters, you gain 1 life. [Zone Changer: Underrealm Lich (278)]
Mana: Overgrown Tomb (276) - {T}: Add {G}.
Mana: Island (235) - {T}: Add {U}.
Mana: Island (236) - {T}: Add {U}.
Mana: Sunken Hollow (230) - {T}: Add {B}.
Mana: Arcane Signet (298) - {T}: Add one mana of any color in your commander's color identity.
Add To Stack: Ai(3)-mm-muldrotha-value cast Tatyova, Benthic Druid
Replacement Effect: Creatures your opponents control enter tapped.
Resolve Stack: Tatyova, Benthic Druid - Creature 3 / 3
Add To Stack: Ai(4)-mm-sythis-enchantress triggered Authority of the Consuls
Life: Life: Ai(4)-mm-sythis-enchantress 47 > 48
Resolve Stack: Whenever a creature an opponent controls enters, you gain 1 life. [Zone Changer: Tatyova, Benthic Druid (291)]
Phase: Ai(3)-mm-muldrotha-value's End step
Phase: Ai(3)-mm-muldrotha-value's Cleanup step
Turn: Turn 47 (Ai(4)-mm-sythis-enchantress)
Phase: Ai(4)-mm-sythis-enchantress' Untap step
Phase: Ai(4)-mm-sythis-enchantress' Upkeep step
Mana: Plains (392) - {T}: Add {W}.
Add To Stack: Ai(4)-mm-sythis-enchantress cast Swords to Plowshares targeting [Underrealm Lich (278)]
Zone Change: Underrealm Lich (278) was put into Exile from Battlefield.
Life: Life: Ai(3)-mm-muldrotha-value 39 > 43
Resolve Stack: Swords to Plowshares (362) - Exile Underrealm Lich (278). Ai(3)-mm-muldrotha-value gains life equal to its power.
Phase: Ai(4)-mm-sythis-enchantress' Draw step
Phase: Ai(4)-mm-sythis-enchantress' Main phase, precombat
Replacement Effect: Sunpetal Grove enters tapped unless you control a Forest or a Plains.
Land: Ai(4)-mm-sythis-enchantress played Sunpetal Grove (366)
Mana: Plains (396) - {T}: Add {W}.
Mana: Thought Vessel (347) - {T}: Add {C}.
Mana: Sol Ring (328) - {T}: Add {C}{C}.
Add To Stack: Ai(4)-mm-sythis-enchantress cast Hallowed Haunting
Add To Stack: Ai(4)-mm-sythis-enchantress triggered Mesa Enchantress
Resolve Stack: Whenever you cast an enchantment spell, you may draw a card. [Card: Hallowed Haunting (314), Activator: Ai(4)-mm-sythis-enchantress, SpellAbility: Hallowed Haunting]
Resolve Stack: Hallowed Haunting
Add To Stack: Ai(4)-mm-sythis-enchantress triggered Calix, Guided by Fate targeting [Archon of Sun's Grace (318)]
Add To Stack: Ai(4)-mm-sythis-enchantress triggered Archon of Sun's Grace
Resolve Stack: Constellation — Whenever an enchantment you control enters, create a 2/2 white Pegasus creature token with flying. [Zone Changer: Hallowed Haunting (314)]
Resolve Stack: Constellation — Whenever Calix, Guided by Fate or another enchantment you control enters, put a +1/+1 counter on target creature. (Targeting: [[Archon of Sun's Grace (318)]]) [Zone Changer: Hallowed Haunting (314)]
Mana: Temple of Plenty (361) - {T}: Add {G} or {W}.
Mana: Forest (338) - {T}: Add {G}.
Add To Stack: Ai(4)-mm-sythis-enchantress cast Sythis, Harvest's Hand
Add To Stack: Ai(4)-mm-sythis-enchantress triggered Mesa Enchantress
Add To Stack: Ai(4)-mm-sythis-enchantress triggered Hallowed Haunting
Resolve Stack: Whenever you cast an enchantment spell, create a white Spirit Cleric creature token with "This token's power and toughness are each equal to the number of Spirits you control." [Card: Sythis, Harvest's Hand (403), Activator: Ai(4)-mm-sythis-enchantress, SpellAbility: Sythis, Harvest's Hand - Creature 1 / 2]
Resolve Stack: Whenever you cast an enchantment spell, you may draw a card. [Card: Sythis, Harvest's Hand (403), Activator: Ai(4)-mm-sythis-enchantress, SpellAbility: Sythis, Harvest's Hand - Creature 1 / 2]
Resolve Stack: Sythis, Harvest's Hand - Creature 1 / 2
Add To Stack: Ai(4)-mm-sythis-enchantress triggered Calix, Guided by Fate targeting [Archon of Sun's Grace (318)]
Add To Stack: Ai(4)-mm-sythis-enchantress triggered Archon of Sun's Grace
Resolve Stack: Constellation — Whenever an enchantment you control enters, create a 2/2 white Pegasus creature token with flying. [Zone Changer: Sythis, Harvest's Hand (403)]
Resolve Stack: Constellation — Whenever Calix, Guided by Fate or another enchantment you control enters, put a +1/+1 counter on target creature. (Targeting: [[Archon of Sun's Grace (318)]]) [Zone Changer: Sythis, Harvest's Hand (403)]
Mana: Forest (345) - {T}: Add {G}.
Add To Stack: Ai(4)-mm-sythis-enchantress cast Composer of Spring
Resolve Stack: Composer of Spring - Creature 1 / 3
Phase: Ai(4)-mm-sythis-enchantress' Beginning of Combat Step
Phase: Ai(4)-mm-sythis-enchantress' Declare Attackers Step
Combat: Ai(4)-mm-sythis-enchantress assigned Archon of Sun's Grace (318), Pegasus Token (484), Pegasus Token (487), Pegasus Token (490), Pegasus Token (493), Calix, Guided by Fate (333), Pegasus Token (496), Alseid of Life's Bounty (350) and Mesa Enchantress (308) to attack Ai(2)-mm-baylen-tokens.
Phase: Ai(4)-mm-sythis-enchantress' Declare Blockers Step
Combat: Ai(2)-mm-baylen-tokens didn't block Archon of Sun's Grace (318).
Ai(2)-mm-baylen-tokens didn't block Pegasus Token (484).
Ai(2)-mm-baylen-tokens didn't block Pegasus Token (487).
Ai(2)-mm-baylen-tokens didn't block Pegasus Token (490).
Ai(2)-mm-baylen-tokens didn't block Pegasus Token (493).
Ai(2)-mm-baylen-tokens didn't block Calix, Guided by Fate (333).
Ai(2)-mm-baylen-tokens didn't block Pegasus Token (496).
Ai(2)-mm-baylen-tokens didn't block Alseid of Life's Bounty (350).
Ai(2)-mm-baylen-tokens didn't block Mesa Enchantress (308).
Phase: Ai(4)-mm-sythis-enchantress' First Strike Damage Step
Phase: Ai(4)-mm-sythis-enchantress' Combat Damage Step
Damage: Archon of Sun's Grace (318) deals 29 combat damage to Ai(2)-mm-baylen-tokens.
Life: Life: Ai(4)-mm-sythis-enchantress 48 > 77
Damage: Pegasus Token (484) deals 3 combat damage to Ai(2)-mm-baylen-tokens.
Life: Life: Ai(4)-mm-sythis-enchantress 77 > 80
Damage: Pegasus Token (487) deals 3 combat damage to Ai(2)-mm-baylen-tokens.
Life: Life: Ai(4)-mm-sythis-enchantress 80 > 83
Damage: Pegasus Token (490) deals 3 combat damage to Ai(2)-mm-baylen-tokens.
Life: Life: Ai(4)-mm-sythis-enchantress 83 > 86
Damage: Pegasus Token (493) deals 3 combat damage to Ai(2)-mm-baylen-tokens.
Life: Life: Ai(4)-mm-sythis-enchantress 86 > 89
Damage: Calix, Guided by Fate (333) deals 3 combat damage to Ai(2)-mm-baylen-tokens.
Damage: Pegasus Token (496) deals 3 combat damage to Ai(2)-mm-baylen-tokens.
Life: Life: Ai(4)-mm-sythis-enchantress 89 > 92
Damage: Alseid of Life's Bounty (350) deals 2 combat damage to Ai(2)-mm-baylen-tokens.
Life: Life: Ai(4)-mm-sythis-enchantress 92 > 94
Damage: Mesa Enchantress (308) deals 1 combat damage to Ai(2)-mm-baylen-tokens.
Life: Life: Ai(2)-mm-baylen-tokens 11 > -39
Add To Stack: Ai(4)-mm-sythis-enchantress triggered Calix, Guided by Fate
Add To Stack: Ai(4)-mm-sythis-enchantress triggered Calix, Guided by Fate
Resolve Stack: Whenever Calix or an enchanted creature you control deals combat damage to a player, you may create a token that's a copy of a nonlegendary enchantment you control. Do this only once each turn. [Damage Source: Calix, Guided by Fate (333), Damaged: Ai(2)-mm-baylen-tokens, Amount: 3]
Add To Stack: Ai(4)-mm-sythis-enchantress triggered Composer of Spring
Add To Stack: Ai(4)-mm-sythis-enchantress triggered Calix, Guided by Fate targeting [Archon of Sun's Grace (318)]
Add To Stack: Ai(4)-mm-sythis-enchantress triggered Archon of Sun's Grace
Resolve Stack: Constellation — Whenever an enchantment you control enters, create a 2/2 white Pegasus creature token with flying. [Zone Changer: Sphere of Safety (512)]
Resolve Stack: Constellation — Whenever Calix, Guided by Fate or another enchantment you control enters, put a +1/+1 counter on target creature. (Targeting: [[Archon of Sun's Grace (318)]]) [Zone Changer: Sphere of Safety (512)]
Resolve Stack: Constellation — Whenever an enchantment you control enters, you may put a land card from your hand onto the battlefield tapped. If you control six or more enchantments, instead you may put a creature or land card from your hand onto the battlefield tapped. [Zone Changer: Sphere of Safety (512)]
Resolve Stack: Whenever Calix or an enchanted creature you control deals combat damage to a player, you may create a token that's a copy of a nonlegendary enchantment you control. Do this only once each turn. [Damage Source: Archon of Sun's Grace (318), Damaged: Ai(2)-mm-baylen-tokens, Amount: 29]
Phase: Ai(4)-mm-sythis-enchantress' End of Combat Step
Phase: Ai(4)-mm-sythis-enchantress' Main phase, postcombat
Phase: Ai(4)-mm-sythis-enchantress' End step
Phase: Ai(4)-mm-sythis-enchantress' Cleanup step
Turn: Turn 48 (Ai(3)-mm-muldrotha-value)
Phase: Ai(3)-mm-muldrotha-value's Untap step
Phase: Ai(3)-mm-muldrotha-value's Upkeep step
Phase: Ai(3)-mm-muldrotha-value's Draw step
Phase: Ai(3)-mm-muldrotha-value's Main phase, precombat
Land: Ai(3)-mm-muldrotha-value played Evolving Wilds (239)
Add To Stack: Ai(3)-mm-muldrotha-value triggered Tatyova, Benthic Druid
Life: Life: Ai(3)-mm-muldrotha-value 43 > 44
Resolve Stack: Landfall — Whenever a land you control enters, you gain 1 life and draw a card. [Zone Changer: Evolving Wilds (239)]
Zone Change: Evolving Wilds (239) was put into Graveyard from Battlefield.
Add To Stack: Ai(3)-mm-muldrotha-value activated Evolving Wilds
Resolve Stack: Evolving Wilds (239) - Ai(3)-mm-muldrotha-value searches their library for a basic land card, puts it onto the battlefield tapped, then shuffles.
Add To Stack: Ai(3)-mm-muldrotha-value triggered Tatyova, Benthic Druid
Life: Life: Ai(3)-mm-muldrotha-value 44 > 45
Resolve Stack: Landfall — Whenever a land you control enters, you gain 1 life and draw a card. [Zone Changer: Island (238)]
Phase: Ai(3)-mm-muldrotha-value's Beginning of Combat Step
Phase: Ai(3)-mm-muldrotha-value's Declare Attackers Step
Phase: Ai(3)-mm-muldrotha-value's Declare Blockers Step
Phase: Ai(3)-mm-muldrotha-value's First Strike Damage Step
Phase: Ai(3)-mm-muldrotha-value's Combat Damage Step
Phase: Ai(3)-mm-muldrotha-value's End of Combat Step
Phase: Ai(3)-mm-muldrotha-value's Main phase, postcombat
Mana: Island (237) - {T}: Add {U}.
Mana: Swamp (264) - {T}: Add {B}.
Mana: Swamp (265) - {T}: Add {B}.
Mana: Island (235) - {T}: Add {U}.
Add To Stack: Ai(3)-mm-muldrotha-value cast Mulldrifter
Replacement Effect: Creatures your opponents control enter tapped.
Resolve Stack: Mulldrifter - Creature 2 / 2
Add To Stack: Ai(3)-mm-muldrotha-value triggered Mulldrifter
Add To Stack: Ai(4)-mm-sythis-enchantress triggered Authority of the Consuls
Life: Life: Ai(4)-mm-sythis-enchantress 94 > 95
Resolve Stack: Whenever a creature an opponent controls enters, you gain 1 life. [Zone Changer: Mulldrifter (262)]
Resolve Stack: When Mulldrifter enters, draw two cards. [Zone Changer: Mulldrifter (262)]
Mana: Island (236) - {T}: Add {U}.
Mana: Drowned Catacomb (288) - {T}: Add {U} or {B}.
Mana: Forest (241) - {T}: Add {G}.
Mana: Forest (242) - {T}: Add {G}.
Add To Stack: Ai(3)-mm-muldrotha-value cast Teval, the Balanced Scale
Replacement Effect: Creatures your opponents control enter tapped.
Resolve Stack: Teval, the Balanced Scale - Creature 4 / 4
Add To Stack: Ai(4)-mm-sythis-enchantress triggered Authority of the Consuls
Life: Life: Ai(4)-mm-sythis-enchantress 95 > 96
Resolve Stack: Whenever a creature an opponent controls enters, you gain 1 life. [Zone Changer: Teval, the Balanced Scale (297)]
Mana: Forest (243) - {T}: Add {G}.
Mana: Overgrown Tomb (276) - {T}: Add {G}.
Mana: Sunken Hollow (230) - {T}: Add {B}.
Mana: Arcane Signet (298) - {T}: Add one mana of any color in your commander's color identity.
Add To Stack: Ai(3)-mm-muldrotha-value cast Icetill Explorer
Replacement Effect: Creatures your opponents control enter tapped.
Resolve Stack: Icetill Explorer - Creature 2 / 4
Add To Stack: Ai(4)-mm-sythis-enchantress triggered Authority of the Consuls
Life: Life: Ai(4)-mm-sythis-enchantress 96 > 97
Resolve Stack: Whenever a creature an opponent controls enters, you gain 1 life. [Zone Changer: Icetill Explorer (234)]
Land: Ai(3)-mm-muldrotha-value played Command Beacon (207)
Add To Stack: Ai(3)-mm-muldrotha-value triggered Tatyova, Benthic Druid
Add To Stack: Ai(3)-mm-muldrotha-value triggered Icetill Explorer
Zone Change: Ai(3)-mm-muldrotha-value milled Misty Rainforest (213).
Resolve Stack: Landfall — Whenever a land you control enters, mill a card. [Zone Changer: Command Beacon (207)]
Life: Life: Ai(3)-mm-muldrotha-value 45 > 46
Resolve Stack: Landfall — Whenever a land you control enters, you gain 1 life and draw a card. [Zone Changer: Command Beacon (207)]
Phase: Ai(3)-mm-muldrotha-value's End step
Mana: Command Tower (323) - {T}: Add one mana of any color in your commander's color identity.
Add To Stack: Ai(4)-mm-sythis-enchantress activated Hall of Heliod's Generosity targeting [Courser of Kruphix (402)]
Resolve Stack: Hall of Heliod's Generosity (313) - Put Courser of Kruphix (402) from the graveyard on top of its owner's library.
Phase: Ai(3)-mm-muldrotha-value's Cleanup step
Turn: Turn 49 (Ai(4)-mm-sythis-enchantress)
Phase: Ai(4)-mm-sythis-enchantress' Untap step
Phase: Ai(4)-mm-sythis-enchantress' Upkeep step
Phase: Ai(4)-mm-sythis-enchantress' Draw step
Phase: Ai(4)-mm-sythis-enchantress' Main phase, precombat
Land: Ai(4)-mm-sythis-enchantress played Plains (393)
Mana: Forest (338) - {T}: Add {G}.
Mana: Thought Vessel (347) - {T}: Add {C}.
Add To Stack: Ai(4)-mm-sythis-enchantress cast Courser of Kruphix
Add To Stack: Ai(4)-mm-sythis-enchantress triggered Sythis, Harvest's Hand
Add To Stack: Ai(4)-mm-sythis-enchantress triggered Mesa Enchantress
Add To Stack: Ai(4)-mm-sythis-enchantress triggered Satyr Enchanter
Add To Stack: Ai(4)-mm-sythis-enchantress triggered Hallowed Haunting
Resolve Stack: Whenever you cast an enchantment spell, create a white Spirit Cleric creature token with "This token's power and toughness are each equal to the number of Spirits you control." [Card: Courser of Kruphix (402), Activator: Ai(4)-mm-sythis-enchantress, SpellAbility: Courser of Kruphix - Creature 2 / 4]
Resolve Stack: Whenever you cast an enchantment spell, draw a card. [Card: Courser of Kruphix (402), Activator: Ai(4)-mm-sythis-enchantress, SpellAbility: Courser of Kruphix - Creature 2 / 4]
Resolve Stack: Whenever you cast an enchantment spell, you may draw a card. [Card: Courser of Kruphix (402), Activator: Ai(4)-mm-sythis-enchantress, SpellAbility: Courser of Kruphix - Creature 2 / 4]
Life: Life: Ai(4)-mm-sythis-enchantress 97 > 98
Resolve Stack: Whenever you cast an enchantment spell, you gain 1 life and draw a card. [Card: Courser of Kruphix (402), Activator: Ai(4)-mm-sythis-enchantress, SpellAbility: Courser of Kruphix - Creature 2 / 4]
Resolve Stack: Courser of Kruphix - Creature 2 / 4
Add To Stack: Ai(4)-mm-sythis-enchantress triggered Composer of Spring
Add To Stack: Ai(4)-mm-sythis-enchantress triggered Calix, Guided by Fate targeting [Archon of Sun's Grace (318)]
Add To Stack: Ai(4)-mm-sythis-enchantress triggered Archon of Sun's Grace
Resolve Stack: Constellation — Whenever an enchantment you control enters, create a 2/2 white Pegasus creature token with flying. [Zone Changer: Courser of Kruphix (402)]
Resolve Stack: Constellation — Whenever Calix, Guided by Fate or another enchantment you control enters, put a +1/+1 counter on target creature. (Targeting: [[Archon of Sun's Grace (318)]]) [Zone Changer: Courser of Kruphix (402)]
Resolve Stack: Constellation — Whenever an enchantment you control enters, you may put a land card from your hand onto the battlefield tapped. If you control six or more enchantments, instead you may put a creature or land card from your hand onto the battlefield tapped. [Zone Changer: Courser of Kruphix (402)]
Add To Stack: Ai(4)-mm-sythis-enchantress triggered Courser of Kruphix
Life: Life: Ai(4)-mm-sythis-enchantress 98 > 99
Resolve Stack: Landfall — Whenever a land you control enters, you gain 1 life. [Zone Changer: Branchloft Pathway (379)]
Mana: Plains (392) - {T}: Add {W}.
Add To Stack: Ai(4)-mm-sythis-enchantress cast Path to Exile targeting [Teval, the Balanced Scale (297)]
Zone Change: Teval, the Balanced Scale (297) was put into Exile from Battlefield.
Resolve Stack: Path to Exile (311) - Exile Teval, the Balanced Scale (297). Ai(3)-mm-muldrotha-value may search their library for a basic land card, put that card onto the battlefield tapped, then shuffle their library. 
Add To Stack: Ai(3)-mm-muldrotha-value triggered Tatyova, Benthic Druid
Add To Stack: Ai(3)-mm-muldrotha-value triggered Icetill Explorer
Zone Change: Ai(3)-mm-muldrotha-value milled Haywire Mite (233).
Resolve Stack: Landfall — Whenever a land you control enters, mill a card. [Zone Changer: Swamp (268)]
Life: Life: Ai(3)-mm-muldrotha-value 46 > 47
Resolve Stack: Landfall — Whenever a land you control enters, you gain 1 life and draw a card. [Zone Changer: Swamp (268)]
Phase: Ai(4)-mm-sythis-enchantress' Beginning of Combat Step
Phase: Ai(4)-mm-sythis-enchantress' Declare Attackers Step
Combat: Ai(4)-mm-sythis-enchantress assigned Archon of Sun's Grace (318), Pegasus Token (484), Pegasus Token (487), Pegasus Token (490), Pegasus Token (493), Calix, Guided by Fate (333), Pegasus Token (496), Pegasus Token (504), Spirit Cleric Token (507), Pegasus Token (510), Pegasus Token (515), Satyr Enchanter (349), Alseid of Life's Bounty (350), Sythis, Harvest's Hand (403), Composer of Spring (348) and Mesa Enchantress (308) to attack Ai(3)-mm-muldrotha-value.
Phase: Ai(4)-mm-sythis-enchantress' Declare Blockers Step
Combat: Ai(3)-mm-muldrotha-value didn't block Archon of Sun's Grace (318).
Ai(3)-mm-muldrotha-value didn't block Pegasus Token (484).
Ai(3)-mm-muldrotha-value didn't block Pegasus Token (487).
Ai(3)-mm-muldrotha-value didn't block Pegasus Token (490).
Ai(3)-mm-muldrotha-value didn't block Pegasus Token (493).
Ai(3)-mm-muldrotha-value didn't block Calix, Guided by Fate (333).
Ai(3)-mm-muldrotha-value didn't block Pegasus Token (496).
Ai(3)-mm-muldrotha-value didn't block Pegasus Token (504).
Ai(3)-mm-muldrotha-value didn't block Spirit Cleric Token (507).
Ai(3)-mm-muldrotha-value didn't block Pegasus Token (510).
Ai(3)-mm-muldrotha-value didn't block Pegasus Token (515).
Ai(3)-mm-muldrotha-value didn't block Satyr Enchanter (349).
Ai(3)-mm-muldrotha-value didn't block Alseid of Life's Bounty (350).
Ai(3)-mm-muldrotha-value didn't block Sythis, Harvest's Hand (403).
Ai(3)-mm-muldrotha-value didn't block Composer of Spring (348).
Ai(3)-mm-muldrotha-value didn't block Mesa Enchantress (308).
Phase: Ai(4)-mm-sythis-enchantress' First Strike Damage Step
Phase: Ai(4)-mm-sythis-enchantress' Combat Damage Step
Damage: Archon of Sun's Grace (318) deals 35 combat damage to Ai(3)-mm-muldrotha-value.
Life: Life: Ai(4)-mm-sythis-enchantress 99 > 134
Damage: Pegasus Token (484) deals 3 combat damage to Ai(3)-mm-muldrotha-value.
Life: Life: Ai(4)-mm-sythis-enchantress 134 > 137
Damage: Pegasus Token (487) deals 3 combat damage to Ai(3)-mm-muldrotha-value.
Life: Life: Ai(4)-mm-sythis-enchantress 137 > 140
Damage: Pegasus Token (490) deals 3 combat damage to Ai(3)-mm-muldrotha-value.
Life: Life: Ai(4)-mm-sythis-enchantress 140 > 143
Damage: Pegasus Token (493) deals 3 combat damage to Ai(3)-mm-muldrotha-value.
Life: Life: Ai(4)-mm-sythis-enchantress 143 > 146
Damage: Calix, Guided by Fate (333) deals 3 combat damage to Ai(3)-mm-muldrotha-value.
Damage: Pegasus Token (496) deals 3 combat damage to Ai(3)-mm-muldrotha-value.
Life: Life: Ai(4)-mm-sythis-enchantress 146 > 149
Damage: Pegasus Token (504) deals 3 combat damage to Ai(3)-mm-muldrotha-value.
Life: Life: Ai(4)-mm-sythis-enchantress 149 > 152
Damage: Spirit Cleric Token (507) deals 3 combat damage to Ai(3)-mm-muldrotha-value.
Damage: Pegasus Token (510) deals 3 combat damage to Ai(3)-mm-muldrotha-value.
Life: Life: Ai(4)-mm-sythis-enchantress 152 > 155
Damage: Pegasus Token (515) deals 3 combat damage to Ai(3)-mm-muldrotha-value.
Life: Life: Ai(4)-mm-sythis-enchantress 155 > 158
Damage: Satyr Enchanter (349) deals 3 combat damage to Ai(3)-mm-muldrotha-value.
Damage: Alseid of Life's Bounty (350) deals 2 combat damage to Ai(3)-mm-muldrotha-value.
Life: Life: Ai(4)-mm-sythis-enchantress 158 > 160
Damage: Sythis, Harvest's Hand (403) deals 2 combat damage to Ai(3)-mm-muldrotha-value.
Damage: Composer of Spring (348) deals 2 combat damage to Ai(3)-mm-muldrotha-value.
Damage: Mesa Enchantress (308) deals 1 combat damage to Ai(3)-mm-muldrotha-value.
Life: Life: Ai(3)-mm-muldrotha-value 47 > -28
Player Control: Ai(1)-mm-giada-angels has restored control over themself
Player Control: Ai(2)-mm-baylen-tokens has restored control over themself
Player Control: Ai(3)-mm-muldrotha-value has restored control over themself
Player Control: Ai(4)-mm-sythis-enchantress has restored control over themself
Game Outcome: Turn 25
Game Outcome: Ai(1)-mm-giada-angels has lost because life total reached 0
Game Outcome: Ai(2)-mm-baylen-tokens has lost because life total reached 0
Game Outcome: Ai(3)-mm-muldrotha-value has lost because life total reached 0
Game Outcome: Ai(4)-mm-sythis-enchantress has won because all opponents have lost
Match Result: Ai(1)-mm-giada-angels: 1 Ai(2)-mm-baylen-tokens: 0 Ai(3)-mm-muldrotha-value: 0 Ai(4)-mm-sythis-enchantress: 1 

Game Result: Game 2 ended in 103789 ms. Ai(4)-mm-sythis-enchantress has won!

