Error handling registered!
15:45:54 [INFO ] GuiBase: ##########################################
15:45:54 [INFO ] GuiBase: APP: Forge v.2.0.14-SNAPSHOT-08.08
15:45:54 [INFO ] GuiBase: Java: 21.0.9 (Oracle Corporation)
15:45:54 [INFO ] GuiBase: OS: Mac OS X 26.3 aarch64
15:45:54 [INFO ] GuiBase: RAM: 4096 MB max, 8 CPUs
15:45:54 [INFO ] GuiBase: ##########################################
Language 'en-US' loaded successfully.
(ThreadUtil first call): Running with priority 5
Read cards: 33617 archived files in 1 ms (25 parts) using thread pool
Upcoming set Star Trek (TRK) dated in the future. All `upcoming` cards will be added to this set with unknown rarity.
The card A-Alrund's Epiphany was not assigned to any set. Adding it to UNKNOWN set... to fix see res/editions/ folder. 
The card A-Baba Lysaga, Night Witch was not assigned to any set. Adding it to UNKNOWN set... to fix see res/editions/ folder. 
The card A-Divide by Zero was not assigned to any set. Adding it to UNKNOWN set... to fix see res/editions/ folder. 
The card A-Esika's Chariot was not assigned to any set. Adding it to UNKNOWN set... to fix see res/editions/ folder. 
The card A-Faceless Haven was not assigned to any set. Adding it to UNKNOWN set... to fix see res/editions/ folder. 
The card A-Fires of Invention was not assigned to any set. Adding it to UNKNOWN set... to fix see res/editions/ folder. 
The card A-Goldspan Dragon was not assigned to any set. Adding it to UNKNOWN set... to fix see res/editions/ folder. 
The card A-Hullbreaker Horror was not assigned to any set. Adding it to UNKNOWN set... to fix see res/editions/ folder. 
The card A-Kumano Faces Kakkazan was not assigned to any set. Adding it to UNKNOWN set... to fix see res/editions/ folder. 
The card A-Luminarch Aspirant was not assigned to any set. Adding it to UNKNOWN set... to fix see res/editions/ folder. 
The card A-Monster Manual was not assigned to any set. Adding it to UNKNOWN set... to fix see res/editions/ folder. 
The card A-Omnath, Locus of Creation was not assigned to any set. Adding it to UNKNOWN set... to fix see res/editions/ folder. 
The card A-The Meathook Massacre was not assigned to any set. Adding it to UNKNOWN set... to fix see res/editions/ folder. 
The card A-Unholy Heat was not assigned to any set. Adding it to UNKNOWN set... to fix see res/editions/ folder. 
The card Blinding Radiance was not assigned to any set. Adding it to UNKNOWN set... to fix see res/editions/ folder. 
The card Goblin Bruiser was not assigned to any set. Adding it to UNKNOWN set... to fix see res/editions/ folder. 
The card Ogre Painbringer was not assigned to any set. Adding it to UNKNOWN set... to fix see res/editions/ folder. 
The card Titanic Pelagosaur was not assigned to any set. Adding it to UNKNOWN set... to fix see res/editions/ folder. 
The card Treetop Recluse was not assigned to any set. Adding it to UNKNOWN set... to fix see res/editions/ folder. 
Upcoming set Star Trek (TRK) dated in the future. All `upcoming` cards will be added to this set with unknown rarity.
Read cards: 836 files in 0 ms (8 parts) using thread pool
Simulation mode
Ai(1)-mm-sythis-enchantress [Experimental] vs Ai(2)-mm-giada-angels [Experimental] vs Ai(3)-mm-baylen-tokens [Experimental] vs Ai(4)-mm-muldrotha-value [Experimental] - two games of Commander seed 654202847
Mulligan: Ai(1)-mm-sythis-enchantress has kept a hand of 7 cards
Mulligan: Ai(2)-mm-giada-angels has kept a hand of 7 cards
Mulligan: Ai(3)-mm-baylen-tokens has kept a hand of 7 cards
Mulligan: Ai(4)-mm-muldrotha-value has kept a hand of 7 cards
Turn: Turn 1 (Ai(1)-mm-sythis-enchantress)
Phase: Ai(1)-mm-sythis-enchantress' Untap step
Phase: Ai(1)-mm-sythis-enchantress' Upkeep step
Phase: Ai(1)-mm-sythis-enchantress' Draw step
Phase: Ai(1)-mm-sythis-enchantress' Main phase, precombat
Land: Ai(1)-mm-sythis-enchantress played Command Tower (20)
Phase: Ai(1)-mm-sythis-enchantress' Beginning of Combat Step
Phase: Ai(1)-mm-sythis-enchantress' Declare Attackers Step
Phase: Ai(1)-mm-sythis-enchantress' Declare Blockers Step
Phase: Ai(1)-mm-sythis-enchantress' First Strike Damage Step
Phase: Ai(1)-mm-sythis-enchantress' Combat Damage Step
Phase: Ai(1)-mm-sythis-enchantress' End of Combat Step
Phase: Ai(1)-mm-sythis-enchantress' Main phase, postcombat
Phase: Ai(1)-mm-sythis-enchantress' End step
Phase: Ai(1)-mm-sythis-enchantress' Cleanup step
Turn: Turn 2 (Ai(2)-mm-giada-angels)
Phase: Ai(2)-mm-giada-angels' Untap step
Phase: Ai(2)-mm-giada-angels' Upkeep step
Phase: Ai(2)-mm-giada-angels' Draw step
Phase: Ai(2)-mm-giada-angels' Main phase, precombat
Land: Ai(2)-mm-giada-angels played Plains (169)
Phase: Ai(2)-mm-giada-angels' Beginning of Combat Step
Phase: Ai(2)-mm-giada-angels' Declare Attackers Step
Phase: Ai(2)-mm-giada-angels' Declare Blockers Step
Phase: Ai(2)-mm-giada-angels' First Strike Damage Step
Phase: Ai(2)-mm-giada-angels' Combat Damage Step
Phase: Ai(2)-mm-giada-angels' End of Combat Step
Phase: Ai(2)-mm-giada-angels' Main phase, postcombat
Phase: Ai(2)-mm-giada-angels' End step
Phase: Ai(2)-mm-giada-angels' Cleanup step
Turn: Turn 3 (Ai(3)-mm-baylen-tokens)
Phase: Ai(3)-mm-baylen-tokens' Untap step
Phase: Ai(3)-mm-baylen-tokens' Upkeep step
Phase: Ai(3)-mm-baylen-tokens' Draw step
Phase: Ai(3)-mm-baylen-tokens' Main phase, precombat
Replacement Effect: Spectator Seating enters tapped unless you have two or more opponents.
Land: Ai(3)-mm-baylen-tokens played Spectator Seating (280)
Phase: Ai(3)-mm-baylen-tokens' Beginning of Combat Step
Phase: Ai(3)-mm-baylen-tokens' Declare Attackers Step
Phase: Ai(3)-mm-baylen-tokens' Declare Blockers Step
Phase: Ai(3)-mm-baylen-tokens' First Strike Damage Step
Phase: Ai(3)-mm-baylen-tokens' Combat Damage Step
Phase: Ai(3)-mm-baylen-tokens' End of Combat Step
Phase: Ai(3)-mm-baylen-tokens' Main phase, postcombat
Phase: Ai(3)-mm-baylen-tokens' End step
Phase: Ai(3)-mm-baylen-tokens' Cleanup step
Turn: Turn 4 (Ai(4)-mm-muldrotha-value)
Phase: Ai(4)-mm-muldrotha-value's Untap step
Phase: Ai(4)-mm-muldrotha-value's Upkeep step
Phase: Ai(4)-mm-muldrotha-value's Draw step
Phase: Ai(4)-mm-muldrotha-value's Main phase, precombat
Replacement Effect: Hinterland Harbor enters tapped unless you control a Forest or an Island.
Land: Ai(4)-mm-muldrotha-value played Hinterland Harbor (330)
Phase: Ai(4)-mm-muldrotha-value's Beginning of Combat Step
Phase: Ai(4)-mm-muldrotha-value's Declare Attackers Step
Phase: Ai(4)-mm-muldrotha-value's Declare Blockers Step
Phase: Ai(4)-mm-muldrotha-value's First Strike Damage Step
Phase: Ai(4)-mm-muldrotha-value's Combat Damage Step
Phase: Ai(4)-mm-muldrotha-value's End of Combat Step
Phase: Ai(4)-mm-muldrotha-value's Main phase, postcombat
Phase: Ai(4)-mm-muldrotha-value's End step
Phase: Ai(4)-mm-muldrotha-value's Cleanup step
Turn: Turn 5 (Ai(1)-mm-sythis-enchantress)
Phase: Ai(1)-mm-sythis-enchantress' Untap step
Phase: Ai(1)-mm-sythis-enchantress' Upkeep step
Phase: Ai(1)-mm-sythis-enchantress' Draw step
Phase: Ai(1)-mm-sythis-enchantress' Main phase, precombat
Land: Ai(1)-mm-sythis-enchantress played Plains (88)
Phase: Ai(1)-mm-sythis-enchantress' Beginning of Combat Step
Phase: Ai(1)-mm-sythis-enchantress' Declare Attackers Step
Phase: Ai(1)-mm-sythis-enchantress' Declare Blockers Step
Phase: Ai(1)-mm-sythis-enchantress' First Strike Damage Step
Phase: Ai(1)-mm-sythis-enchantress' Combat Damage Step
Phase: Ai(1)-mm-sythis-enchantress' End of Combat Step
Phase: Ai(1)-mm-sythis-enchantress' Main phase, postcombat
Mana: Command Tower (20) - {T}: Add one mana of any color in your commander's color identity.
Mana: Plains (88) - {T}: Add {W}.
Add To Stack: Ai(1)-mm-sythis-enchantress cast Jukai Naturalist
Resolve Stack: Jukai Naturalist - Creature 2 / 2
Phase: Ai(1)-mm-sythis-enchantress' End step
Phase: Ai(1)-mm-sythis-enchantress' Cleanup step
Turn: Turn 6 (Ai(2)-mm-giada-angels)
Phase: Ai(2)-mm-giada-angels' Untap step
Phase: Ai(2)-mm-giada-angels' Upkeep step
Phase: Ai(2)-mm-giada-angels' Draw step
Phase: Ai(2)-mm-giada-angels' Main phase, precombat
Land: Ai(2)-mm-giada-angels played War Room (139)
Phase: Ai(2)-mm-giada-angels' Beginning of Combat Step
Phase: Ai(2)-mm-giada-angels' Declare Attackers Step
Phase: Ai(2)-mm-giada-angels' Declare Blockers Step
Phase: Ai(2)-mm-giada-angels' First Strike Damage Step
Phase: Ai(2)-mm-giada-angels' Combat Damage Step
Phase: Ai(2)-mm-giada-angels' End of Combat Step
Phase: Ai(2)-mm-giada-angels' Main phase, postcombat
Mana: Plains (169) - {T}: Add {W}.
Mana: War Room (139) - {T}: Add {C}.
Add To Stack: Ai(2)-mm-giada-angels cast Giada, Font of Hope
Resolve Stack: Giada, Font of Hope - Creature 2 / 2
Phase: Ai(2)-mm-giada-angels' End step
Phase: Ai(2)-mm-giada-angels' Cleanup step
Turn: Turn 7 (Ai(3)-mm-baylen-tokens)
Phase: Ai(3)-mm-baylen-tokens' Untap step
Phase: Ai(3)-mm-baylen-tokens' Upkeep step
Phase: Ai(3)-mm-baylen-tokens' Draw step
Phase: Ai(3)-mm-baylen-tokens' Main phase, precombat
Replacement Effect: Clifftop Retreat enters tapped unless you control a Mountain or a Plains.
Land: Ai(3)-mm-baylen-tokens played Clifftop Retreat (230)
Phase: Ai(3)-mm-baylen-tokens' Beginning of Combat Step
Phase: Ai(3)-mm-baylen-tokens' Declare Attackers Step
Phase: Ai(3)-mm-baylen-tokens' Declare Blockers Step
Phase: Ai(3)-mm-baylen-tokens' First Strike Damage Step
Phase: Ai(3)-mm-baylen-tokens' Combat Damage Step
Phase: Ai(3)-mm-baylen-tokens' End of Combat Step
Phase: Ai(3)-mm-baylen-tokens' Main phase, postcombat
Phase: Ai(3)-mm-baylen-tokens' End step
Phase: Ai(3)-mm-baylen-tokens' Cleanup step
Turn: Turn 8 (Ai(4)-mm-muldrotha-value)
Phase: Ai(4)-mm-muldrotha-value's Untap step
Phase: Ai(4)-mm-muldrotha-value's Upkeep step
Phase: Ai(4)-mm-muldrotha-value's Draw step
Phase: Ai(4)-mm-muldrotha-value's Main phase, precombat
Land: Ai(4)-mm-muldrotha-value played Fabled Passage (311)
Zone Change: Fabled Passage (311) was put into Graveyard from Battlefield.
Add To Stack: Ai(4)-mm-muldrotha-value activated Fabled Passage
Resolve Stack: Fabled Passage (311) - Search your library for a basic land card, put it onto the battlefield tapped, then shuffle. Then if you control four or more lands, untap that land.  
Phase: Ai(4)-mm-muldrotha-value's Beginning of Combat Step
Phase: Ai(4)-mm-muldrotha-value's Declare Attackers Step
Phase: Ai(4)-mm-muldrotha-value's Declare Blockers Step
Phase: Ai(4)-mm-muldrotha-value's First Strike Damage Step
Phase: Ai(4)-mm-muldrotha-value's Combat Damage Step
Phase: Ai(4)-mm-muldrotha-value's End of Combat Step
Phase: Ai(4)-mm-muldrotha-value's Main phase, postcombat
Phase: Ai(4)-mm-muldrotha-value's End step
Phase: Ai(4)-mm-muldrotha-value's Cleanup step
Turn: Turn 9 (Ai(1)-mm-sythis-enchantress)
Phase: Ai(1)-mm-sythis-enchantress' Untap step
Phase: Ai(1)-mm-sythis-enchantress' Upkeep step
Phase: Ai(1)-mm-sythis-enchantress' Draw step
Phase: Ai(1)-mm-sythis-enchantress' Main phase, precombat
Land: Ai(1)-mm-sythis-enchantress played Forest (38)
Phase: Ai(1)-mm-sythis-enchantress' Beginning of Combat Step
Phase: Ai(1)-mm-sythis-enchantress' Declare Attackers Step
Phase: Ai(1)-mm-sythis-enchantress' Declare Blockers Step
Phase: Ai(1)-mm-sythis-enchantress' First Strike Damage Step
Phase: Ai(1)-mm-sythis-enchantress' Combat Damage Step
Phase: Ai(1)-mm-sythis-enchantress' End of Combat Step
Phase: Ai(1)-mm-sythis-enchantress' Main phase, postcombat
Mana: Forest (38) - {T}: Add {G}.
Mana: Command Tower (20) - {T}: Add one mana of any color in your commander's color identity.
Add To Stack: Ai(1)-mm-sythis-enchantress cast Courser of Kruphix
Resolve Stack: Courser of Kruphix - Creature 2 / 4
Phase: Ai(1)-mm-sythis-enchantress' End step
Phase: Ai(1)-mm-sythis-enchantress' Cleanup step
Turn: Turn 10 (Ai(2)-mm-giada-angels)
Phase: Ai(2)-mm-giada-angels' Untap step
Phase: Ai(2)-mm-giada-angels' Upkeep step
Phase: Ai(2)-mm-giada-angels' Draw step
Phase: Ai(2)-mm-giada-angels' Main phase, precombat
Land: Ai(2)-mm-giada-angels played Plains (174)
Phase: Ai(2)-mm-giada-angels' Beginning of Combat Step
Phase: Ai(2)-mm-giada-angels' Declare Attackers Step
Combat: Ai(2)-mm-giada-angels assigned Giada, Font of Hope (201) to attack Ai(1)-mm-sythis-enchantress.
Phase: Ai(2)-mm-giada-angels' Declare Blockers Step
Combat: Ai(1)-mm-sythis-enchantress didn't block Giada, Font of Hope (201).
Phase: Ai(2)-mm-giada-angels' First Strike Damage Step
Phase: Ai(2)-mm-giada-angels' Combat Damage Step
Damage: Giada, Font of Hope (201) deals 2 combat damage to Ai(1)-mm-sythis-enchantress.
Life: Life: Ai(1)-mm-sythis-enchantress 40 > 38
Phase: Ai(2)-mm-giada-angels' End of Combat Step
Phase: Ai(2)-mm-giada-angels' Main phase, postcombat
Mana: Plains (169) - {T}: Add {W}.
Mana: Plains (174) - {T}: Add {W}.
Mana: War Room (139) - {T}: Add {C}.
Mana: Giada, Font of Hope (201) - {T}: Add {W}. Spend this mana only to cast an Angel spell.
Add To Stack: Ai(2)-mm-giada-angels cast Exemplar of Light
Replacement Effect: Each other Angel you control enters with an additional +1/+1 counter on it for each Angel you already control.
Resolve Stack: Exemplar of Light - Creature 3 / 3
Add To Stack: Ai(2)-mm-giada-angels triggered Exemplar of Light
Resolve Stack: Whenever you put one or more +1/+1 counters on this creature, draw a card. This ability triggers only once each turn. [Added once: Exemplar of Light (160) Amount: 1]
Phase: Ai(2)-mm-giada-angels' End step
Phase: Ai(2)-mm-giada-angels' Cleanup step
Turn: Turn 11 (Ai(3)-mm-baylen-tokens)
Phase: Ai(3)-mm-baylen-tokens' Untap step
Phase: Ai(3)-mm-baylen-tokens' Upkeep step
Phase: Ai(3)-mm-baylen-tokens' Draw step
Phase: Ai(3)-mm-baylen-tokens' Main phase, precombat
Phase: Ai(3)-mm-baylen-tokens' Beginning of Combat Step
Phase: Ai(3)-mm-baylen-tokens' Declare Attackers Step
Phase: Ai(3)-mm-baylen-tokens' Declare Blockers Step
Phase: Ai(3)-mm-baylen-tokens' First Strike Damage Step
Phase: Ai(3)-mm-baylen-tokens' Combat Damage Step
Phase: Ai(3)-mm-baylen-tokens' End of Combat Step
Phase: Ai(3)-mm-baylen-tokens' Main phase, postcombat
Mana: Spectator Seating (280) - {T}: Add {R} or {W}.
Mana: Clifftop Retreat (230) - {T}: Add {R} or {W}.
Add To Stack: Ai(3)-mm-baylen-tokens cast Hare Apparent
Resolve Stack: Hare Apparent - Creature 2 / 2
Add To Stack: Ai(3)-mm-baylen-tokens triggered Hare Apparent
Resolve Stack: When this creature enters, create a number of 1/1 white Rabbit creature tokens equal to the number of other creatures you control named Hare Apparent. [Zone Changer: Hare Apparent (253)]
Phase: Ai(3)-mm-baylen-tokens' End step
Phase: Ai(3)-mm-baylen-tokens' Cleanup step
Turn: Turn 12 (Ai(4)-mm-muldrotha-value)
Phase: Ai(4)-mm-muldrotha-value's Untap step
Phase: Ai(4)-mm-muldrotha-value's Upkeep step
Phase: Ai(4)-mm-muldrotha-value's Draw step
Phase: Ai(4)-mm-muldrotha-value's Main phase, precombat
Land: Ai(4)-mm-muldrotha-value played Polluted Delta (313)
Life: Life: Ai(4)-mm-muldrotha-value 40 > 39
Zone Change: Polluted Delta (313) was put into Graveyard from Battlefield.
Add To Stack: Ai(4)-mm-muldrotha-value activated Polluted Delta
Replacement Effect: As Watery Grave enters, you may pay 2 life. If you don't, it enters tapped.
Resolve Stack: Polluted Delta (313) - Ai(4)-mm-muldrotha-value searches their library for an Island or Swamp card, puts it onto the battlefield, then shuffles.
Phase: Ai(4)-mm-muldrotha-value's Beginning of Combat Step
Phase: Ai(4)-mm-muldrotha-value's Declare Attackers Step
Phase: Ai(4)-mm-muldrotha-value's Declare Blockers Step
Phase: Ai(4)-mm-muldrotha-value's First Strike Damage Step
Phase: Ai(4)-mm-muldrotha-value's Combat Damage Step
Phase: Ai(4)-mm-muldrotha-value's End of Combat Step
Phase: Ai(4)-mm-muldrotha-value's Main phase, postcombat
Mana: Hinterland Harbor (330) - {T}: Add {G} or {U}.
Mana: Island (337) - {T}: Add {U}.
Add To Stack: Ai(4)-mm-muldrotha-value cast Sakura-Tribe Elder
Resolve Stack: Sakura-Tribe Elder - Creature 1 / 1
Zone Change: Sakura-Tribe Elder (387) was put into Graveyard from Battlefield.
Add To Stack: Ai(4)-mm-muldrotha-value activated Sakura-Tribe Elder
Resolve Stack: Sakura-Tribe Elder (387) - Ai(4)-mm-muldrotha-value searches their library for a basic land card, puts it onto the battlefield tapped, then shuffles.
Phase: Ai(4)-mm-muldrotha-value's End step
Phase: Ai(4)-mm-muldrotha-value's Cleanup step
Turn: Turn 13 (Ai(1)-mm-sythis-enchantress)
Phase: Ai(1)-mm-sythis-enchantress' Untap step
Phase: Ai(1)-mm-sythis-enchantress' Upkeep step
Mana: Forest (38) - {T}: Add {G}.
Mana: Plains (88) - {T}: Add {W}.
Add To Stack: Ai(1)-mm-sythis-enchantress cast Heroic Intervention
Resolve Stack: Heroic Intervention (81) - Permanents you control gain hexproof and indestructible until end of turn.
Phase: Ai(1)-mm-sythis-enchantress' Draw step
Phase: Ai(1)-mm-sythis-enchantress' Main phase, precombat
Land: Ai(1)-mm-sythis-enchantress played Plains (87)
Add To Stack: Ai(1)-mm-sythis-enchantress triggered Courser of Kruphix
Life: Life: Ai(1)-mm-sythis-enchantress 38 > 39
Resolve Stack: Landfall — Whenever a land you control enters, you gain 1 life. [Zone Changer: Plains (87)]
Phase: Ai(1)-mm-sythis-enchantress' Beginning of Combat Step
Phase: Ai(1)-mm-sythis-enchantress' Declare Attackers Step
Combat: Ai(1)-mm-sythis-enchantress assigned Jukai Naturalist (22) to attack Ai(2)-mm-giada-angels.
Phase: Ai(1)-mm-sythis-enchantress' Declare Blockers Step
Combat: Ai(2)-mm-giada-angels assigned Exemplar of Light (160) to block Jukai Naturalist (22).
Phase: Ai(1)-mm-sythis-enchantress' First Strike Damage Step
Phase: Ai(1)-mm-sythis-enchantress' Combat Damage Step
Damage: Jukai Naturalist (22) deals 2 damage to Exemplar of Light (160).
Life: Life: Ai(1)-mm-sythis-enchantress 39 > 41
Damage: Exemplar of Light (160) deals 4 damage to Jukai Naturalist (22).
Phase: Ai(1)-mm-sythis-enchantress' End of Combat Step
Phase: Ai(1)-mm-sythis-enchantress' Main phase, postcombat
Mana: Plains (87) - {T}: Add {W}.
Mana: Command Tower (20) - {T}: Add one mana of any color in your commander's color identity.
Add To Stack: Ai(1)-mm-sythis-enchantress cast Starfield Mystic
Resolve Stack: Starfield Mystic - Creature 2 / 2
Phase: Ai(1)-mm-sythis-enchantress' End step
Phase: Ai(1)-mm-sythis-enchantress' Cleanup step
Turn: Turn 14 (Ai(2)-mm-giada-angels)
Phase: Ai(2)-mm-giada-angels' Untap step
Phase: Ai(2)-mm-giada-angels' Upkeep step
Phase: Ai(2)-mm-giada-angels' Draw step
Phase: Ai(2)-mm-giada-angels' Main phase, precombat
Land: Ai(2)-mm-giada-angels played Plains (176)
Phase: Ai(2)-mm-giada-angels' Beginning of Combat Step
Phase: Ai(2)-mm-giada-angels' Declare Attackers Step
Combat: Ai(2)-mm-giada-angels assigned Exemplar of Light (160) and Giada, Font of Hope (201) to attack Ai(1)-mm-sythis-enchantress.
Phase: Ai(2)-mm-giada-angels' Declare Blockers Step
Combat: Ai(1)-mm-sythis-enchantress didn't block Exemplar of Light (160).
Ai(1)-mm-sythis-enchantress didn't block Giada, Font of Hope (201).
Phase: Ai(2)-mm-giada-angels' First Strike Damage Step
Phase: Ai(2)-mm-giada-angels' Combat Damage Step
Damage: Exemplar of Light (160) deals 4 combat damage to Ai(1)-mm-sythis-enchantress.
Damage: Giada, Font of Hope (201) deals 2 combat damage to Ai(1)-mm-sythis-enchantress.
Life: Life: Ai(1)-mm-sythis-enchantress 41 > 35
Phase: Ai(2)-mm-giada-angels' End of Combat Step
Phase: Ai(2)-mm-giada-angels' Main phase, postcombat
Mana: Plains (169) - {T}: Add {W}.
Mana: Plains (174) - {T}: Add {W}.
Mana: Plains (176) - {T}: Add {W}.
Mana: War Room (139) - {T}: Add {C}.
Add To Stack: Ai(2)-mm-giada-angels cast Smothering Tithe
Resolve Stack: Smothering Tithe
Phase: Ai(2)-mm-giada-angels' End step
Phase: Ai(2)-mm-giada-angels' Cleanup step
Turn: Turn 15 (Ai(3)-mm-baylen-tokens)
Phase: Ai(3)-mm-baylen-tokens' Untap step
Phase: Ai(3)-mm-baylen-tokens' Upkeep step
Phase: Ai(3)-mm-baylen-tokens' Draw step
Add To Stack: Ai(2)-mm-giada-angels triggered Smothering Tithe
Resolve Stack: Whenever an opponent draws a card, that player may pay {2}. If the player doesn't, you create a Treasure token. (It's an artifact with "{T}, Sacrifice this token: Add one mana of any color.") [Player: Ai(3)-mm-baylen-tokens]
Phase: Ai(3)-mm-baylen-tokens' Main phase, precombat
Land: Ai(3)-mm-baylen-tokens played Mountain (285)
Mana: Spectator Seating (280) - {T}: Add {R} or {W}.
Mana: Mountain (285) - {T}: Add {R}.
Add To Stack: Ai(3)-mm-baylen-tokens cast Hare Apparent
Resolve Stack: Hare Apparent - Creature 2 / 2
Add To Stack: Ai(3)-mm-baylen-tokens triggered Hare Apparent
Resolve Stack: When this creature enters, create a number of 1/1 white Rabbit creature tokens equal to the number of other creatures you control named Hare Apparent. [Zone Changer: Hare Apparent (251)]
Phase: Ai(3)-mm-baylen-tokens' Beginning of Combat Step
Phase: Ai(3)-mm-baylen-tokens' Declare Attackers Step
Phase: Ai(3)-mm-baylen-tokens' Declare Blockers Step
Phase: Ai(3)-mm-baylen-tokens' First Strike Damage Step
Phase: Ai(3)-mm-baylen-tokens' Combat Damage Step
Phase: Ai(3)-mm-baylen-tokens' End of Combat Step
Phase: Ai(3)-mm-baylen-tokens' Main phase, postcombat
Phase: Ai(3)-mm-baylen-tokens' End step
Phase: Ai(3)-mm-baylen-tokens' Cleanup step
Turn: Turn 16 (Ai(4)-mm-muldrotha-value)
Phase: Ai(4)-mm-muldrotha-value's Untap step
Phase: Ai(4)-mm-muldrotha-value's Upkeep step
Phase: Ai(4)-mm-muldrotha-value's Draw step
Add To Stack: Ai(2)-mm-giada-angels triggered Smothering Tithe
Resolve Stack: Whenever an opponent draws a card, that player may pay {2}. If the player doesn't, you create a Treasure token. (It's an artifact with "{T}, Sacrifice this token: Add one mana of any color.") [Player: Ai(4)-mm-muldrotha-value]
Phase: Ai(4)-mm-muldrotha-value's Main phase, precombat
Phase: Ai(4)-mm-muldrotha-value's Beginning of Combat Step
Phase: Ai(4)-mm-muldrotha-value's Declare Attackers Step
Phase: Ai(4)-mm-muldrotha-value's Declare Blockers Step
Phase: Ai(4)-mm-muldrotha-value's First Strike Damage Step
Phase: Ai(4)-mm-muldrotha-value's Combat Damage Step
Phase: Ai(4)-mm-muldrotha-value's End of Combat Step
Phase: Ai(4)-mm-muldrotha-value's Main phase, postcombat
Mana: Forest (344) - {T}: Add {G}.
Mana: Hinterland Harbor (330) - {T}: Add {G} or {U}.
Mana: Island (337) - {T}: Add {U}.
Mana: Watery Grave (333) - {T}: Add {B}.
Add To Stack: Ai(4)-mm-muldrotha-value cast Hedge Shredder
Resolve Stack: Hedge Shredder
Phase: Ai(4)-mm-muldrotha-value's End step
Phase: Ai(4)-mm-muldrotha-value's Cleanup step
Turn: Turn 17 (Ai(1)-mm-sythis-enchantress)
Phase: Ai(1)-mm-sythis-enchantress' Untap step
Phase: Ai(1)-mm-sythis-enchantress' Upkeep step
Phase: Ai(1)-mm-sythis-enchantress' Draw step
Add To Stack: Ai(2)-mm-giada-angels triggered Smothering Tithe
Resolve Stack: Whenever an opponent draws a card, that player may pay {2}. If the player doesn't, you create a Treasure token. (It's an artifact with "{T}, Sacrifice this token: Add one mana of any color.") [Player: Ai(1)-mm-sythis-enchantress]
Phase: Ai(1)-mm-sythis-enchantress' Main phase, precombat
Land: Ai(1)-mm-sythis-enchantress played Plains (85)
Add To Stack: Ai(1)-mm-sythis-enchantress triggered Courser of Kruphix
Life: Life: Ai(1)-mm-sythis-enchantress 35 > 36
Resolve Stack: Landfall — Whenever a land you control enters, you gain 1 life. [Zone Changer: Plains (85)]
Phase: Ai(1)-mm-sythis-enchantress' Beginning of Combat Step
Phase: Ai(1)-mm-sythis-enchantress' Declare Attackers Step
Combat: Ai(1)-mm-sythis-enchantress assigned Courser of Kruphix (99) to attack Ai(2)-mm-giada-angels.
Phase: Ai(1)-mm-sythis-enchantress' Declare Blockers Step
Combat: Ai(2)-mm-giada-angels didn't block Courser of Kruphix (99).
Phase: Ai(1)-mm-sythis-enchantress' First Strike Damage Step
Phase: Ai(1)-mm-sythis-enchantress' Combat Damage Step
Damage: Courser of Kruphix (99) deals 2 combat damage to Ai(2)-mm-giada-angels.
Life: Life: Ai(2)-mm-giada-angels 40 > 38
Phase: Ai(1)-mm-sythis-enchantress' End of Combat Step
Phase: Ai(1)-mm-sythis-enchantress' Main phase, postcombat
Mana: Plains (88) - {T}: Add {W}.
Mana: Plains (87) - {T}: Add {W}.
Mana: Forest (38) - {T}: Add {G}.
Mana: Plains (85) - {T}: Add {W}.
Add To Stack: Ai(1)-mm-sythis-enchantress cast Ajani's Chosen
Resolve Stack: Ajani's Chosen - Creature 3 / 3
Phase: Ai(1)-mm-sythis-enchantress' End step
Phase: Ai(1)-mm-sythis-enchantress' Cleanup step
Turn: Turn 18 (Ai(2)-mm-giada-angels)
Phase: Ai(2)-mm-giada-angels' Untap step
Phase: Ai(2)-mm-giada-angels' Upkeep step
Phase: Ai(2)-mm-giada-angels' Draw step
Phase: Ai(2)-mm-giada-angels' Main phase, precombat
Land: Ai(2)-mm-giada-angels played Plains (193)
Mana: Plains (169) - {T}: Add {W}.
Mana: Plains (174) - {T}: Add {W}.
Mana: Plains (176) - {T}: Add {W}.
Mana: Plains (193) - {T}: Add {W}.
Mana: War Room (139) - {T}: Add {C}.
Mana: Giada, Font of Hope (201) - {T}: Add {W}. Spend this mana only to cast an Angel spell.
Zone Change: Treasure Token (425) was put into Graveyard from Battlefield.
Mana: Treasure Token (425) - {T}, Sacrifice this token: Add one mana of any color.
Add To Stack: Ai(2)-mm-giada-angels cast Serra's Emissary
Replacement Effect: Each other Angel you control enters with an additional +1/+1 counter on it for each Angel you already control.
Replacement Effect: As Serra's Emissary enters, choose a card type.
Resolve Stack: Serra's Emissary - Creature 7 / 7
Phase: Ai(2)-mm-giada-angels' Beginning of Combat Step
Phase: Ai(2)-mm-giada-angels' Declare Attackers Step
Combat: Ai(2)-mm-giada-angels assigned Exemplar of Light (160) to attack Ai(1)-mm-sythis-enchantress.
Phase: Ai(2)-mm-giada-angels' Declare Blockers Step
Combat: Ai(1)-mm-sythis-enchantress didn't block Exemplar of Light (160).
Phase: Ai(2)-mm-giada-angels' First Strike Damage Step
Phase: Ai(2)-mm-giada-angels' Combat Damage Step
Damage: Exemplar of Light (160) deals 4 combat damage to Ai(1)-mm-sythis-enchantress.
Life: Life: Ai(1)-mm-sythis-enchantress 36 > 32
Phase: Ai(2)-mm-giada-angels' End of Combat Step
Phase: Ai(2)-mm-giada-angels' Main phase, postcombat
Zone Change: Treasure Token (421) was put into Graveyard from Battlefield.
Mana: Treasure Token (421) - {T}, Sacrifice this token: Add one mana of any color.
Zone Change: Treasure Token (413) was put into Graveyard from Battlefield.
Mana: Treasure Token (413) - {T}, Sacrifice this token: Add one mana of any color.
Add To Stack: Ai(2)-mm-giada-angels cast Bishop of Wings
Resolve Stack: Bishop of Wings - Creature 1 / 4
Phase: Ai(2)-mm-giada-angels' End step
Phase: Ai(2)-mm-giada-angels' Cleanup step
Turn: Turn 19 (Ai(3)-mm-baylen-tokens)
Phase: Ai(3)-mm-baylen-tokens' Untap step
Phase: Ai(3)-mm-baylen-tokens' Upkeep step
Phase: Ai(3)-mm-baylen-tokens' Draw step
Add To Stack: Ai(2)-mm-giada-angels triggered Smothering Tithe
Resolve Stack: Whenever an opponent draws a card, that player may pay {2}. If the player doesn't, you create a Treasure token. (It's an artifact with "{T}, Sacrifice this token: Add one mana of any color.") [Player: Ai(3)-mm-baylen-tokens]
Phase: Ai(3)-mm-baylen-tokens' Main phase, precombat
Land: Ai(3)-mm-baylen-tokens played Wooded Foothills (242)
Life: Life: Ai(3)-mm-baylen-tokens 40 > 39
Zone Change: Wooded Foothills (242) was put into Graveyard from Battlefield.
Add To Stack: Ai(3)-mm-baylen-tokens activated Wooded Foothills
Replacement Effect: Canopy Vista enters tapped unless you control two or more basic lands.
Resolve Stack: Wooded Foothills (242) - Ai(3)-mm-baylen-tokens searches their library for a Mountain or Forest card, puts it onto the battlefield, then shuffles.
Phase: Ai(3)-mm-baylen-tokens' Beginning of Combat Step
Phase: Ai(3)-mm-baylen-tokens' Declare Attackers Step
Phase: Ai(3)-mm-baylen-tokens' Declare Blockers Step
Phase: Ai(3)-mm-baylen-tokens' First Strike Damage Step
Phase: Ai(3)-mm-baylen-tokens' Combat Damage Step
Phase: Ai(3)-mm-baylen-tokens' End of Combat Step
Phase: Ai(3)-mm-baylen-tokens' Main phase, postcombat
Mana: Spectator Seating (280) - {T}: Add {R} or {W}.
Mana: Mountain (285) - {T}: Add {R}.
Mana: Clifftop Retreat (230) - {T}: Add {R} or {W}.
Add To Stack: Ai(3)-mm-baylen-tokens cast Prop Room
Resolve Stack: Ai(3)-mm-baylen-tokens unlocks Prop Room's Door
Resolve Stack: Prop Room
Phase: Ai(3)-mm-baylen-tokens' End step
Phase: Ai(3)-mm-baylen-tokens' Cleanup step
Turn: Turn 20 (Ai(4)-mm-muldrotha-value)
Phase: Ai(4)-mm-muldrotha-value's Untap step
Phase: Ai(4)-mm-muldrotha-value's Upkeep step
Phase: Ai(4)-mm-muldrotha-value's Draw step
Add To Stack: Ai(2)-mm-giada-angels triggered Smothering Tithe
Resolve Stack: Whenever an opponent draws a card, that player may pay {2}. If the player doesn't, you create a Treasure token. (It's an artifact with "{T}, Sacrifice this token: Add one mana of any color.") [Player: Ai(4)-mm-muldrotha-value]
Phase: Ai(4)-mm-muldrotha-value's Main phase, precombat
Phase: Ai(4)-mm-muldrotha-value's Beginning of Combat Step
Phase: Ai(4)-mm-muldrotha-value's Declare Attackers Step
Phase: Ai(4)-mm-muldrotha-value's Declare Blockers Step
Phase: Ai(4)-mm-muldrotha-value's First Strike Damage Step
Phase: Ai(4)-mm-muldrotha-value's Combat Damage Step
Phase: Ai(4)-mm-muldrotha-value's End of Combat Step
Phase: Ai(4)-mm-muldrotha-value's Main phase, postcombat
Mana: Watery Grave (333) - {T}: Add {B}.
Mana: Forest (344) - {T}: Add {G}.
Add To Stack: Ai(4)-mm-muldrotha-value cast Skull Prophet
Resolve Stack: Skull Prophet - Creature 3 / 1
Mana: Hinterland Harbor (330) - {T}: Add {G} or {U}.
Mana: Island (337) - {T}: Add {U}.
Add To Stack: Ai(4)-mm-muldrotha-value cast Satyr Wayfinder
Resolve Stack: Satyr Wayfinder - Creature 1 / 1
Add To Stack: Ai(4)-mm-muldrotha-value triggered Satyr Wayfinder
Resolve Stack: When Satyr Wayfinder enters, reveal the top four cards of your library. You may put a land card from among them into your hand. Put the rest into your graveyard. [Zone Changer: Satyr Wayfinder (329)]
Add To Stack: Ai(4)-mm-muldrotha-value triggered Hedge Shredder
Resolve Stack: Whenever one or more land cards are put into your graveyard from your library, put them onto the battlefield tapped. [Amount: 1]
Phase: Ai(4)-mm-muldrotha-value's End step
Phase: Ai(4)-mm-muldrotha-value's Cleanup step
Turn: Turn 21 (Ai(1)-mm-sythis-enchantress)
Phase: Ai(1)-mm-sythis-enchantress' Untap step
Phase: Ai(1)-mm-sythis-enchantress' Upkeep step
Phase: Ai(1)-mm-sythis-enchantress' Draw step
Add To Stack: Ai(2)-mm-giada-angels triggered Smothering Tithe
Resolve Stack: Whenever an opponent draws a card, that player may pay {2}. If the player doesn't, you create a Treasure token. (It's an artifact with "{T}, Sacrifice this token: Add one mana of any color.") [Player: Ai(1)-mm-sythis-enchantress]
Phase: Ai(1)-mm-sythis-enchantress' Main phase, precombat
Land: Ai(1)-mm-sythis-enchantress played Reliquary Tower (72)
Add To Stack: Ai(1)-mm-sythis-enchantress triggered Courser of Kruphix
Life: Life: Ai(1)-mm-sythis-enchantress 32 > 33
Resolve Stack: Landfall — Whenever a land you control enters, you gain 1 life. [Zone Changer: Reliquary Tower (72)]
Mana: Forest (38) - {T}: Add {G}.
Add To Stack: Ai(1)-mm-sythis-enchantress cast Whip Silk targeting [Courser of Kruphix (99)]
Resolve Stack: Whip Silk (71) -  Attach to Courser of Kruphix (99)
Add To Stack: Ai(1)-mm-sythis-enchantress triggered Ajani's Chosen
Resolve Stack: Whenever an enchantment you control enters, create a 2/2 white Cat creature token. If that enchantment is an Aura, you may attach it to the token. [Zone Changer: Whip Silk (71)]
Phase: Ai(1)-mm-sythis-enchantress' Beginning of Combat Step
Phase: Ai(1)-mm-sythis-enchantress' Declare Attackers Step
Phase: Ai(1)-mm-sythis-enchantress' Declare Blockers Step
Phase: Ai(1)-mm-sythis-enchantress' First Strike Damage Step
Phase: Ai(1)-mm-sythis-enchantress' Combat Damage Step
Phase: Ai(1)-mm-sythis-enchantress' End of Combat Step
Phase: Ai(1)-mm-sythis-enchantress' Main phase, postcombat
Mana: Plains (88) - {T}: Add {W}.
Mana: Plains (87) - {T}: Add {W}.
Add To Stack: Ai(1)-mm-sythis-enchantress cast Aura of Silence
Resolve Stack: Aura of Silence
Add To Stack: Ai(1)-mm-sythis-enchantress triggered Ajani's Chosen
Resolve Stack: Whenever an enchantment you control enters, create a 2/2 white Cat creature token. If that enchantment is an Aura, you may attach it to the token. [Zone Changer: Aura of Silence (24)]
Zone Change: Aura of Silence (24) was put into Graveyard from Battlefield.
Add To Stack: Ai(1)-mm-sythis-enchantress activated Aura of Silence targeting [Smothering Tithe (115)]
Add To Stack: Ai(1)-mm-sythis-enchantress triggered Starfield Mystic
Resolve Stack: Whenever an enchantment you control is put into a graveyard from the battlefield, put a +1/+1 counter on Starfield Mystic. [Zone Changer: Aura of Silence (24)]
Zone Change: Smothering Tithe (115) was put into Graveyard from Battlefield.
Resolve Stack: Aura of Silence (24) - Destroy Smothering Tithe (115).
Mana: Command Tower (20) - {T}: Add one mana of any color in your commander's color identity.
Mana: Plains (85) - {T}: Add {W}.
Add To Stack: Ai(1)-mm-sythis-enchantress cast Sythis, Harvest's Hand
Resolve Stack: Sythis, Harvest's Hand - Creature 1 / 2
Add To Stack: Ai(1)-mm-sythis-enchantress triggered Ajani's Chosen
Resolve Stack: Whenever an enchantment you control enters, create a 2/2 white Cat creature token. If that enchantment is an Aura, you may attach it to the token. [Zone Changer: Sythis, Harvest's Hand (100)]
Phase: Ai(1)-mm-sythis-enchantress' End step
Phase: Ai(1)-mm-sythis-enchantress' Cleanup step
Turn: Turn 22 (Ai(2)-mm-giada-angels)
Phase: Ai(2)-mm-giada-angels' Untap step
Phase: Ai(2)-mm-giada-angels' Upkeep step
Phase: Ai(2)-mm-giada-angels' Draw step
Phase: Ai(2)-mm-giada-angels' Main phase, precombat
Land: Ai(2)-mm-giada-angels played Plains (170)
Phase: Ai(2)-mm-giada-angels' Beginning of Combat Step
Phase: Ai(2)-mm-giada-angels' Declare Attackers Step
Combat: Ai(2)-mm-giada-angels assigned Serra's Emissary (162), Exemplar of Light (160), Bishop of Wings (106) and Giada, Font of Hope (201) to attack Ai(1)-mm-sythis-enchantress.
Phase: Ai(2)-mm-giada-angels' Declare Blockers Step
Combat: Ai(1)-mm-sythis-enchantress didn't block Serra's Emissary (162).
Ai(1)-mm-sythis-enchantress didn't block Exemplar of Light (160).
Ai(1)-mm-sythis-enchantress didn't block Bishop of Wings (106).
Ai(1)-mm-sythis-enchantress didn't block Giada, Font of Hope (201).
Phase: Ai(2)-mm-giada-angels' First Strike Damage Step
Phase: Ai(2)-mm-giada-angels' Combat Damage Step
Damage: Serra's Emissary (162) deals 9 combat damage to Ai(1)-mm-sythis-enchantress.
Damage: Exemplar of Light (160) deals 4 combat damage to Ai(1)-mm-sythis-enchantress.
Damage: Bishop of Wings (106) deals 1 combat damage to Ai(1)-mm-sythis-enchantress.
Damage: Giada, Font of Hope (201) deals 2 combat damage to Ai(1)-mm-sythis-enchantress.
Life: Life: Ai(1)-mm-sythis-enchantress 33 > 17
Phase: Ai(2)-mm-giada-angels' End of Combat Step
Phase: Ai(2)-mm-giada-angels' Main phase, postcombat
Mana: Plains (169) - {T}: Add {W}.
Mana: Plains (174) - {T}: Add {W}.
Mana: Plains (176) - {T}: Add {W}.
Mana: Plains (193) - {T}: Add {W}.
Mana: Plains (170) - {T}: Add {W}.
Mana: War Room (139) - {T}: Add {C}.
Mana: Giada, Font of Hope (201) - {T}: Add {W}. Spend this mana only to cast an Angel spell.
Add To Stack: Ai(2)-mm-giada-angels cast Bruna, the Fading Light
Replacement Effect: Each other Angel you control enters with an additional +1/+1 counter on it for each Angel you already control.
Resolve Stack: Bruna, the Fading Light - Creature 5 / 7
Add To Stack: Ai(2)-mm-giada-angels triggered Bishop of Wings
Life: Life: Ai(2)-mm-giada-angels 38 > 42
Resolve Stack: Whenever an Angel you control enters, you gain 4 life. [Zone Changer: Bruna, the Fading Light (149)]
Add To Stack: Ai(2)-mm-giada-angels triggered Exemplar of Light
Resolve Stack: Whenever you gain life, put a +1/+1 counter on this creature. [Player: Ai(2)-mm-giada-angels, Gained Amount: 4]
Add To Stack: Ai(2)-mm-giada-angels triggered Exemplar of Light
Resolve Stack: Whenever you put one or more +1/+1 counters on this creature, draw a card. This ability triggers only once each turn. [Added once: Exemplar of Light (160) Amount: 1]
Zone Change: Treasure Token (438) was put into Graveyard from Battlefield.
Mana: Treasure Token (438) - {T}, Sacrifice this token: Add one mana of any color.
Zone Change: Treasure Token (434) was put into Graveyard from Battlefield.
Mana: Treasure Token (434) - {T}, Sacrifice this token: Add one mana of any color.
Zone Change: Treasure Token (430) was put into Graveyard from Battlefield.
Mana: Treasure Token (430) - {T}, Sacrifice this token: Add one mana of any color.
Add To Stack: Ai(2)-mm-giada-angels cast Righteous Valkyrie
Replacement Effect: Each other Angel you control enters with an additional +1/+1 counter on it for each Angel you already control.
Resolve Stack: Righteous Valkyrie - Creature 2 / 4
Add To Stack: Ai(2)-mm-giada-angels triggered Bishop of Wings
Life: Life: Ai(2)-mm-giada-angels 42 > 46
Resolve Stack: Whenever an Angel you control enters, you gain 4 life. [Zone Changer: Righteous Valkyrie (103)]
Add To Stack: Ai(2)-mm-giada-angels triggered Exemplar of Light
Resolve Stack: Whenever you gain life, put a +1/+1 counter on this creature. [Player: Ai(2)-mm-giada-angels, Gained Amount: 4]
Phase: Ai(2)-mm-giada-angels' End step
Phase: Ai(2)-mm-giada-angels' Cleanup step
Turn: Turn 23 (Ai(3)-mm-baylen-tokens)
Phase: Ai(3)-mm-baylen-tokens' Untap step
Phase: Ai(3)-mm-baylen-tokens' Upkeep step
Phase: Ai(3)-mm-baylen-tokens' Draw step
Phase: Ai(3)-mm-baylen-tokens' Main phase, precombat
Mana: Spectator Seating (280) - {T}: Add {R} or {W}.
Mana: Mountain (285) - {T}: Add {R}.
Mana: Clifftop Retreat (230) - {T}: Add {R} or {W}.
Mana: Canopy Vista (270) - {T}: Add {G}.
Resolve Stack: Ai(3)-mm-baylen-tokens unlocks Dazzling Theater // Prop Room's Door
Phase: Ai(3)-mm-baylen-tokens' Beginning of Combat Step
Phase: Ai(3)-mm-baylen-tokens' Declare Attackers Step
Phase: Ai(3)-mm-baylen-tokens' Declare Blockers Step
Phase: Ai(3)-mm-baylen-tokens' First Strike Damage Step
Phase: Ai(3)-mm-baylen-tokens' Combat Damage Step
Phase: Ai(3)-mm-baylen-tokens' End of Combat Step
Phase: Ai(3)-mm-baylen-tokens' Main phase, postcombat
Phase: Ai(3)-mm-baylen-tokens' End step
Phase: Ai(3)-mm-baylen-tokens' Cleanup step
Turn: Turn 24 (Ai(4)-mm-muldrotha-value)
Phase: Ai(4)-mm-muldrotha-value's Untap step
Phase: Ai(4)-mm-muldrotha-value's Upkeep step
Life: Life: Ai(4)-mm-muldrotha-value 39 > 38
Zone Change: Misty Rainforest (314) was put into Graveyard from Battlefield.
Add To Stack: Ai(4)-mm-muldrotha-value activated Misty Rainforest
Replacement Effect: As Overgrown Tomb enters, you may pay 2 life. If you don't, it enters tapped.
Resolve Stack: Misty Rainforest (314) - Ai(4)-mm-muldrotha-value searches their library for a Forest or Island card, puts it onto the battlefield, then shuffles.
Phase: Ai(4)-mm-muldrotha-value's Draw step
Phase: Ai(4)-mm-muldrotha-value's Main phase, precombat
Phase: Ai(4)-mm-muldrotha-value's Beginning of Combat Step
Phase: Ai(4)-mm-muldrotha-value's Declare Attackers Step
Phase: Ai(4)-mm-muldrotha-value's Declare Blockers Step
Phase: Ai(4)-mm-muldrotha-value's First Strike Damage Step
Phase: Ai(4)-mm-muldrotha-value's Combat Damage Step
Phase: Ai(4)-mm-muldrotha-value's End of Combat Step
Phase: Ai(4)-mm-muldrotha-value's Main phase, postcombat
Mana: Island (337) - {T}: Add {U}.
Mana: Forest (344) - {T}: Add {G}.
Mana: Hinterland Harbor (330) - {T}: Add {G} or {U}.
Mana: Watery Grave (333) - {T}: Add {B}.
Mana: Skull Prophet (384) - {T}: Add {B} or {G}.
Add To Stack: Ai(4)-mm-muldrotha-value cast Tatyova, Benthic Druid
Resolve Stack: Tatyova, Benthic Druid - Creature 3 / 3
Phase: Ai(4)-mm-muldrotha-value's End step
Phase: Ai(4)-mm-muldrotha-value's Cleanup step
Turn: Turn 25 (Ai(1)-mm-sythis-enchantress)
Phase: Ai(1)-mm-sythis-enchantress' Untap step
Phase: Ai(1)-mm-sythis-enchantress' Upkeep step
Phase: Ai(1)-mm-sythis-enchantress' Draw step
Phase: Ai(1)-mm-sythis-enchantress' Main phase, precombat
Replacement Effect: Overgrown Farmland enters tapped unless you control two or more other lands.
Land: Ai(1)-mm-sythis-enchantress played Overgrown Farmland (33)
Add To Stack: Ai(1)-mm-sythis-enchantress triggered Courser of Kruphix
Life: Life: Ai(1)-mm-sythis-enchantress 17 > 18
Resolve Stack: Landfall — Whenever a land you control enters, you gain 1 life. [Zone Changer: Overgrown Farmland (33)]
Phase: Ai(1)-mm-sythis-enchantress' Beginning of Combat Step
Phase: Ai(1)-mm-sythis-enchantress' Declare Attackers Step
Phase: Ai(1)-mm-sythis-enchantress' Declare Blockers Step
Phase: Ai(1)-mm-sythis-enchantress' First Strike Damage Step
Phase: Ai(1)-mm-sythis-enchantress' Combat Damage Step
Phase: Ai(1)-mm-sythis-enchantress' End of Combat Step
Phase: Ai(1)-mm-sythis-enchantress' Main phase, postcombat
Mana: Plains (88) - {T}: Add {W}.
Mana: Reliquary Tower (72) - {T}: Add {C}.
Mana: Plains (87) - {T}: Add {W}.
Add To Stack: Ai(1)-mm-sythis-enchantress cast Moon-Blessed Cleric
Resolve Stack: Moon-Blessed Cleric - Creature 3 / 2
Add To Stack: Ai(1)-mm-sythis-enchantress triggered Moon-Blessed Cleric
Resolve Stack: Divine Intervention — When Moon-Blessed Cleric enters, you may search your library for an enchantment card, reveal it, then shuffle and put that card on top. [Zone Changer: Moon-Blessed Cleric (50)]
Phase: Ai(1)-mm-sythis-enchantress' End step
Phase: Ai(1)-mm-sythis-enchantress' Cleanup step
Turn: Turn 26 (Ai(2)-mm-giada-angels)
Phase: Ai(2)-mm-giada-angels' Untap step
Phase: Ai(2)-mm-giada-angels' Upkeep step
Phase: Ai(2)-mm-giada-angels' Draw step
Phase: Ai(2)-mm-giada-angels' Main phase, precombat
Land: Ai(2)-mm-giada-angels played Plains (186)
Phase: Ai(2)-mm-giada-angels' Beginning of Combat Step
Phase: Ai(2)-mm-giada-angels' Declare Attackers Step
Combat: Ai(2)-mm-giada-angels assigned Serra's Emissary (162), Bruna, the Fading Light (149), Exemplar of Light (160), Righteous Valkyrie (103), Giada, Font of Hope (201) and Bishop of Wings (106) to attack Ai(1)-mm-sythis-enchantress.
Phase: Ai(2)-mm-giada-angels' Declare Blockers Step
Combat: Ai(1)-mm-sythis-enchantress didn't block Serra's Emissary (162).
Ai(1)-mm-sythis-enchantress didn't block Bruna, the Fading Light (149).
Ai(1)-mm-sythis-enchantress didn't block Exemplar of Light (160).
Ai(1)-mm-sythis-enchantress didn't block Righteous Valkyrie (103).
Ai(1)-mm-sythis-enchantress didn't block Giada, Font of Hope (201).
Ai(1)-mm-sythis-enchantress didn't block Bishop of Wings (106).
Phase: Ai(2)-mm-giada-angels' First Strike Damage Step
Phase: Ai(2)-mm-giada-angels' Combat Damage Step
Damage: Serra's Emissary (162) deals 9 combat damage to Ai(1)-mm-sythis-enchantress.
Damage: Bruna, the Fading Light (149) deals 8 combat damage to Ai(1)-mm-sythis-enchantress.
Damage: Exemplar of Light (160) deals 6 combat damage to Ai(1)-mm-sythis-enchantress.
Damage: Righteous Valkyrie (103) deals 6 combat damage to Ai(1)-mm-sythis-enchantress.
Damage: Giada, Font of Hope (201) deals 2 combat damage to Ai(1)-mm-sythis-enchantress.
Damage: Bishop of Wings (106) deals 1 combat damage to Ai(1)-mm-sythis-enchantress.
Life: Life: Ai(1)-mm-sythis-enchantress 18 > -14
Phase: Ai(2)-mm-giada-angels' End of Combat Step
Phase: Ai(2)-mm-giada-angels' Main phase, postcombat
Mana: Plains (169) - {T}: Add {W}.
Mana: Plains (174) - {T}: Add {W}.
Mana: Plains (176) - {T}: Add {W}.
Mana: Plains (193) - {T}: Add {W}.
Add To Stack: Ai(2)-mm-giada-angels cast Battle Angels of Tyr
Replacement Effect: Each other Angel you control enters with an additional +1/+1 counter on it for each Angel you already control.
Resolve Stack: Battle Angels of Tyr - Creature 4 / 4
Add To Stack: Ai(2)-mm-giada-angels triggered Bishop of Wings
Add To Stack: Ai(2)-mm-giada-angels triggered Righteous Valkyrie
Life: Life: Ai(2)-mm-giada-angels 46 > 55
Resolve Stack: Whenever another Angel or Cleric you control enters, you gain life equal to that creature's toughness. [Zone Changer: Battle Angels of Tyr (135)]
Add To Stack: Ai(2)-mm-giada-angels triggered Exemplar of Light
Resolve Stack: Whenever you gain life, put a +1/+1 counter on this creature. [Player: Ai(2)-mm-giada-angels, Gained Amount: 9]
Add To Stack: Ai(2)-mm-giada-angels triggered Exemplar of Light
Resolve Stack: Whenever you put one or more +1/+1 counters on this creature, draw a card. This ability triggers only once each turn. [Added once: Exemplar of Light (160) Amount: 1]
Life: Life: Ai(2)-mm-giada-angels 55 > 59
Resolve Stack: Whenever an Angel you control enters, you gain 4 life. [Zone Changer: Battle Angels of Tyr (135)]
Add To Stack: Ai(2)-mm-giada-angels triggered Exemplar of Light
Resolve Stack: Whenever you gain life, put a +1/+1 counter on this creature. [Player: Ai(2)-mm-giada-angels, Gained Amount: 4]
Mana: Plains (170) - {T}: Add {W}.
Mana: Plains (186) - {T}: Add {W}.
Mana: War Room (139) - {T}: Add {C}.
Add To Stack: Ai(2)-mm-giada-angels cast Inspiring Overseer
Replacement Effect: Each other Angel you control enters with an additional +1/+1 counter on it for each Angel you already control.
Resolve Stack: Inspiring Overseer - Creature 2 / 1
Add To Stack: Ai(2)-mm-giada-angels triggered Bishop of Wings
Add To Stack: Ai(2)-mm-giada-angels triggered Righteous Valkyrie
Add To Stack: Ai(2)-mm-giada-angels triggered Inspiring Overseer
Life: Life: Ai(2)-mm-giada-angels 59 > 60
Resolve Stack: When Inspiring Overseer enters, you gain 1 life and draw a card. [Zone Changer: Inspiring Overseer (112)]
Add To Stack: Ai(2)-mm-giada-angels triggered Exemplar of Light
Resolve Stack: Whenever you gain life, put a +1/+1 counter on this creature. [Player: Ai(2)-mm-giada-angels, Gained Amount: 1]
Life: Life: Ai(2)-mm-giada-angels 60 > 69
Resolve Stack: Whenever another Angel or Cleric you control enters, you gain life equal to that creature's toughness. [Zone Changer: Inspiring Overseer (112)]
Add To Stack: Ai(2)-mm-giada-angels triggered Exemplar of Light
Resolve Stack: Whenever you gain life, put a +1/+1 counter on this creature. [Player: Ai(2)-mm-giada-angels, Gained Amount: 9]
Life: Life: Ai(2)-mm-giada-angels 69 > 73
Resolve Stack: Whenever an Angel you control enters, you gain 4 life. [Zone Changer: Inspiring Overseer (112)]
Add To Stack: Ai(2)-mm-giada-angels triggered Exemplar of Light
Resolve Stack: Whenever you gain life, put a +1/+1 counter on this creature. [Player: Ai(2)-mm-giada-angels, Gained Amount: 4]
Phase: Ai(2)-mm-giada-angels' End step
Phase: Ai(2)-mm-giada-angels' Cleanup step
Turn: Turn 27 (Ai(3)-mm-baylen-tokens)
Phase: Ai(3)-mm-baylen-tokens' Untap step
Phase: Ai(3)-mm-baylen-tokens' Upkeep step
Phase: Ai(3)-mm-baylen-tokens' Draw step
Phase: Ai(3)-mm-baylen-tokens' Main phase, precombat
Mana: Canopy Vista (270) - {T}: Add {G}.
Mana: Mountain (285) - {T}: Add {R}.
Add To Stack: Ai(3)-mm-baylen-tokens cast Three Visits
Replacement Effect: As Temple Garden enters, you may pay 2 life. If you don't, it enters tapped.
Resolve Stack: Three Visits (232) - Ai(3)-mm-baylen-tokens searches their library for a Forest card, puts it onto the battlefield, then shuffles.
Phase: Ai(3)-mm-baylen-tokens' Beginning of Combat Step
Phase: Ai(3)-mm-baylen-tokens' Declare Attackers Step
Phase: Ai(3)-mm-baylen-tokens' Declare Blockers Step
Phase: Ai(3)-mm-baylen-tokens' First Strike Damage Step
Phase: Ai(3)-mm-baylen-tokens' Combat Damage Step
Phase: Ai(3)-mm-baylen-tokens' End of Combat Step
Phase: Ai(3)-mm-baylen-tokens' Main phase, postcombat
Phase: Ai(3)-mm-baylen-tokens' End step
Phase: Ai(3)-mm-baylen-tokens' Cleanup step
Turn: Turn 28 (Ai(4)-mm-muldrotha-value)
Phase: Ai(4)-mm-muldrotha-value's Untap step
Phase: Ai(4)-mm-muldrotha-value's Upkeep step
Phase: Ai(4)-mm-muldrotha-value's Draw step
Phase: Ai(4)-mm-muldrotha-value's Main phase, precombat
Phase: Ai(4)-mm-muldrotha-value's Beginning of Combat Step
Phase: Ai(4)-mm-muldrotha-value's Declare Attackers Step
Phase: Ai(4)-mm-muldrotha-value's Declare Blockers Step
Phase: Ai(4)-mm-muldrotha-value's First Strike Damage Step
Phase: Ai(4)-mm-muldrotha-value's Combat Damage Step
Phase: Ai(4)-mm-muldrotha-value's End of Combat Step
Phase: Ai(4)-mm-muldrotha-value's Main phase, postcombat
Mana: Island (337) - {T}: Add {U}.
Mana: Watery Grave (333) - {T}: Add {B}.
Mana: Forest (344) - {T}: Add {G}.
Mana: Hinterland Harbor (330) - {T}: Add {G} or {U}.
Mana: Overgrown Tomb (377) - {T}: Add {G}.
Mana: Skull Prophet (384) - {T}: Add {B} or {G}.
Add To Stack: Ai(4)-mm-muldrotha-value cast Muldrotha, the Gravetide
Resolve Stack: Muldrotha, the Gravetide - Creature 6 / 6
Land: Ai(4)-mm-muldrotha-value played Fabled Passage (311)
Add To Stack: Ai(4)-mm-muldrotha-value triggered Tatyova, Benthic Druid
Life: Life: Ai(4)-mm-muldrotha-value 38 > 39
Resolve Stack: Landfall — Whenever a land you control enters, you gain 1 life and draw a card. [Zone Changer: Fabled Passage (311)]
Zone Change: Fabled Passage (311) was put into Graveyard from Battlefield.
Add To Stack: Ai(4)-mm-muldrotha-value activated Fabled Passage
Resolve Stack: Fabled Passage (311) - Search your library for a basic land card, put it onto the battlefield tapped, then shuffle. Then if you control four or more lands, untap that land.  
Add To Stack: Ai(4)-mm-muldrotha-value triggered Tatyova, Benthic Druid
Life: Life: Ai(4)-mm-muldrotha-value 39 > 40
Resolve Stack: Landfall — Whenever a land you control enters, you gain 1 life and draw a card. [Zone Changer: Island (336)]
Phase: Ai(4)-mm-muldrotha-value's End step
Phase: Ai(4)-mm-muldrotha-value's Cleanup step
Discard: Ai(4)-mm-muldrotha-value discards Zagoth Triome (318).
Discard: Ai(4)-mm-muldrotha-value discards Rhystic Study (328).
Turn: Turn 29 (Ai(2)-mm-giada-angels)
Phase: Ai(2)-mm-giada-angels' Untap step
Phase: Ai(2)-mm-giada-angels' Upkeep step
Phase: Ai(2)-mm-giada-angels' Draw step
Phase: Ai(2)-mm-giada-angels' Main phase, precombat
Land: Ai(2)-mm-giada-angels played Plains (182)
Phase: Ai(2)-mm-giada-angels' Beginning of Combat Step
Phase: Ai(2)-mm-giada-angels' Declare Attackers Step
Combat: Ai(2)-mm-giada-angels assigned Exemplar of Light (160), Serra's Emissary (162), Battle Angels of Tyr (135), Bruna, the Fading Light (149), Inspiring Overseer (112), Righteous Valkyrie (103), Giada, Font of Hope (201) and Bishop of Wings (106) to attack Ai(4)-mm-muldrotha-value.
Add To Stack: Ai(2)-mm-giada-angels triggered Battle Angels of Tyr
Replacement Effect: Each other Angel you control enters with an additional +1/+1 counter on it for each Angel you already control.
Resolve Stack: Myriad (Whenever this creature attacks, for each opponent other than defending player, you may create a token that's a copy of this creature that's tapped and attacking that player or a planeswalker they control. Exile the tokens at end of combat.) [Attacker: Battle Angels of Tyr (135)]
Add To Stack: Ai(2)-mm-giada-angels triggered Bishop of Wings
Add To Stack: Ai(2)-mm-giada-angels triggered Righteous Valkyrie
Life: Life: Ai(2)-mm-giada-angels 73 > 86
Resolve Stack: Whenever another Angel or Cleric you control enters, you gain life equal to that creature's toughness. [Zone Changer: Battle Angels of Tyr (451)]
Add To Stack: Ai(2)-mm-giada-angels triggered Exemplar of Light
Resolve Stack: Whenever you gain life, put a +1/+1 counter on this creature. [Player: Ai(2)-mm-giada-angels, Gained Amount: 13]
Add To Stack: Ai(2)-mm-giada-angels triggered Exemplar of Light
Resolve Stack: Whenever you put one or more +1/+1 counters on this creature, draw a card. This ability triggers only once each turn. [Added once: Exemplar of Light (160) Amount: 1]
Life: Life: Ai(2)-mm-giada-angels 86 > 90
Resolve Stack: Whenever an Angel you control enters, you gain 4 life. [Zone Changer: Battle Angels of Tyr (451)]
Add To Stack: Ai(2)-mm-giada-angels triggered Exemplar of Light
Resolve Stack: Whenever you gain life, put a +1/+1 counter on this creature. [Player: Ai(2)-mm-giada-angels, Gained Amount: 4]
Phase: Ai(2)-mm-giada-angels' Declare Blockers Step
Combat: Ai(3)-mm-baylen-tokens didn't block Battle Angels of Tyr (451).
Combat: Ai(4)-mm-muldrotha-value didn't block Exemplar of Light (160).
Ai(4)-mm-muldrotha-value didn't block Serra's Emissary (162).
Ai(4)-mm-muldrotha-value didn't block Battle Angels of Tyr (135).
Ai(4)-mm-muldrotha-value didn't block Bruna, the Fading Light (149).
Ai(4)-mm-muldrotha-value didn't block Inspiring Overseer (112).
Ai(4)-mm-muldrotha-value didn't block Righteous Valkyrie (103).
Ai(4)-mm-muldrotha-value didn't block Giada, Font of Hope (201).
Ai(4)-mm-muldrotha-value didn't block Bishop of Wings (106).
Phase: Ai(2)-mm-giada-angels' First Strike Damage Step
Phase: Ai(2)-mm-giada-angels' Combat Damage Step
Damage: Exemplar of Light (160) deals 15 combat damage to Ai(4)-mm-muldrotha-value.
Damage: Serra's Emissary (162) deals 11 combat damage to Ai(4)-mm-muldrotha-value.
Damage: Battle Angels of Tyr (135) deals 11 combat damage to Ai(4)-mm-muldrotha-value.
Damage: Bruna, the Fading Light (149) deals 10 combat damage to Ai(4)-mm-muldrotha-value.
Damage: Inspiring Overseer (112) deals 10 combat damage to Ai(4)-mm-muldrotha-value.
Damage: Righteous Valkyrie (103) deals 8 combat damage to Ai(4)-mm-muldrotha-value.
Damage: Giada, Font of Hope (201) deals 4 combat damage to Ai(4)-mm-muldrotha-value.
Damage: Bishop of Wings (106) deals 3 combat damage to Ai(4)-mm-muldrotha-value.
Damage: Battle Angels of Tyr (451) deals 13 combat damage to Ai(3)-mm-baylen-tokens.
Life: Life: Ai(3)-mm-baylen-tokens 39 > 26
Life: Life: Ai(4)-mm-muldrotha-value 40 > -32
Add To Stack: Ai(2)-mm-giada-angels triggered Battle Angels of Tyr
Add To Stack: Ai(2)-mm-giada-angels triggered Battle Angels of Tyr
Resolve Stack: Whenever Battle Angels of Tyr deals combat damage to a player, draw a card if that player has more cards in hand than each other player. Then you create a Treasure token if that player controls more lands than each other player. Then you gain 3 life if that player has more life than each other player. [Damage Source: Battle Angels of Tyr (451), Damaged: Ai(3)-mm-baylen-tokens, Amount: 13]
Resolve Stack: Whenever Battle Angels of Tyr deals combat damage to a player, draw a card if that player has more cards in hand than each other player. Then you create a Treasure token if that player controls more lands than each other player. Then you gain 3 life if that player has more life than each other player. [Damage Source: Battle Angels of Tyr (135), Damaged: Ai(4)-mm-muldrotha-value, Amount: 11]
Phase: Ai(2)-mm-giada-angels' End of Combat Step
Add To Stack: Ai(2)-mm-giada-angels triggered Battle Angels of Tyr
Zone Change: Battle Angels of Tyr (451) was put into Exile from Battlefield.
Resolve Stack: Exile Battle Angels of Tyr (451) at the end of combat. ([Battle Angels of Tyr (451)]) [Phase: Ai(2)-mm-giada-angels]
Phase: Ai(2)-mm-giada-angels' Main phase, postcombat
Mana: Plains (169) - {T}: Add {W}.
Mana: Plains (174) - {T}: Add {W}.
Mana: Plains (176) - {T}: Add {W}.
Mana: Plains (193) - {T}: Add {W}.
Mana: Plains (170) - {T}: Add {W}.
Mana: Plains (186) - {T}: Add {W}.
Add To Stack: Ai(2)-mm-giada-angels cast Valkyrie Harbinger
Replacement Effect: Each other Angel you control enters with an additional +1/+1 counter on it for each Angel you already control.
Resolve Stack: Valkyrie Harbinger - Creature 4 / 5
Add To Stack: Ai(2)-mm-giada-angels triggered Bishop of Wings
Add To Stack: Ai(2)-mm-giada-angels triggered Righteous Valkyrie
Life: Life: Ai(2)-mm-giada-angels 90 > 104
Resolve Stack: Whenever another Angel or Cleric you control enters, you gain life equal to that creature's toughness. [Zone Changer: Valkyrie Harbinger (148)]
Add To Stack: Ai(2)-mm-giada-angels triggered Exemplar of Light
Resolve Stack: Whenever you gain life, put a +1/+1 counter on this creature. [Player: Ai(2)-mm-giada-angels, Gained Amount: 14]
Life: Life: Ai(2)-mm-giada-angels 104 > 108
Resolve Stack: Whenever an Angel you control enters, you gain 4 life. [Zone Changer: Valkyrie Harbinger (148)]
Add To Stack: Ai(2)-mm-giada-angels triggered Exemplar of Light
Resolve Stack: Whenever you gain life, put a +1/+1 counter on this creature. [Player: Ai(2)-mm-giada-angels, Gained Amount: 4]
Phase: Ai(2)-mm-giada-angels' End step
Add To Stack: Ai(2)-mm-giada-angels triggered Valkyrie Harbinger
Replacement Effect: Each other Angel you control enters with an additional +1/+1 counter on it for each Angel you already control.
Resolve Stack: At the beginning of each end step, if you gained 4 or more life this turn, create a 4/4 white Angel creature token with flying and vigilance. [Phase: Ai(2)-mm-giada-angels]
Add To Stack: Ai(2)-mm-giada-angels triggered Bishop of Wings
Add To Stack: Ai(2)-mm-giada-angels triggered Righteous Valkyrie
Life: Life: Ai(2)-mm-giada-angels 108 > 122
Resolve Stack: Whenever another Angel or Cleric you control enters, you gain life equal to that creature's toughness. [Zone Changer: Angel Token (454)]
Add To Stack: Ai(2)-mm-giada-angels triggered Exemplar of Light
Resolve Stack: Whenever you gain life, put a +1/+1 counter on this creature. [Player: Ai(2)-mm-giada-angels, Gained Amount: 14]
Life: Life: Ai(2)-mm-giada-angels 122 > 126
Resolve Stack: Whenever an Angel you control enters, you gain 4 life. [Zone Changer: Angel Token (454)]
Add To Stack: Ai(2)-mm-giada-angels triggered Exemplar of Light
Resolve Stack: Whenever you gain life, put a +1/+1 counter on this creature. [Player: Ai(2)-mm-giada-angels, Gained Amount: 4]
Phase: Ai(2)-mm-giada-angels' Cleanup step
Turn: Turn 30 (Ai(3)-mm-baylen-tokens)
Phase: Ai(3)-mm-baylen-tokens' Untap step
Phase: Ai(3)-mm-baylen-tokens' Upkeep step
Phase: Ai(3)-mm-baylen-tokens' Draw step
Phase: Ai(3)-mm-baylen-tokens' Main phase, precombat
Land: Ai(3)-mm-baylen-tokens played Reliquary Tower (276)
Mana: Canopy Vista (270) - {T}: Add {G}.
Mana: Reliquary Tower (276) - {T}: Add {C}.
Add To Stack: Ai(3)-mm-baylen-tokens cast Nature's Lore
Replacement Effect: As Stomping Ground enters, you may pay 2 life. If you don't, it enters tapped.
Resolve Stack: Nature's Lore (275) - Ai(3)-mm-baylen-tokens searches their library for a Forest card, puts it onto the battlefield, then shuffles.
Mana: Temple Garden (277) - {T}: Add {G}.
Mana: Mountain (285) - {T}: Add {R}.
Add To Stack: Ai(3)-mm-baylen-tokens cast Rampant Growth
Resolve Stack: Rampant Growth (278) - Search your library for a basic land card, put that card onto the battlefield tapped, then shuffle.
Phase: Ai(3)-mm-baylen-tokens' Beginning of Combat Step
Phase: Ai(3)-mm-baylen-tokens' Declare Attackers Step
Phase: Ai(3)-mm-baylen-tokens' Declare Blockers Step
Phase: Ai(3)-mm-baylen-tokens' First Strike Damage Step
Phase: Ai(3)-mm-baylen-tokens' Combat Damage Step
Phase: Ai(3)-mm-baylen-tokens' End of Combat Step
Phase: Ai(3)-mm-baylen-tokens' Main phase, postcombat
Phase: Ai(3)-mm-baylen-tokens' End step
Phase: Ai(3)-mm-baylen-tokens' Cleanup step
Turn: Turn 31 (Ai(2)-mm-giada-angels)
Phase: Ai(2)-mm-giada-angels' Untap step
Phase: Ai(2)-mm-giada-angels' Upkeep step
Phase: Ai(2)-mm-giada-angels' Draw step
Phase: Ai(2)-mm-giada-angels' Main phase, precombat
Replacement Effect: Minas Tirith enters tapped unless you control a legendary creature.
Land: Ai(2)-mm-giada-angels played Minas Tirith (125)
Mana: Plains (169) - {T}: Add {W}.
Mana: Plains (174) - {T}: Add {W}.
Mana: Plains (176) - {T}: Add {W}.
Mana: Plains (193) - {T}: Add {W}.
Add To Stack: Ai(2)-mm-giada-angels cast Thraben Watcher
Replacement Effect: Each other Angel you control enters with an additional +1/+1 counter on it for each Angel you already control.
Resolve Stack: Thraben Watcher - Creature 2 / 2
Add To Stack: Ai(2)-mm-giada-angels triggered Bishop of Wings
Add To Stack: Ai(2)-mm-giada-angels triggered Righteous Valkyrie
Life: Life: Ai(2)-mm-giada-angels 126 > 139
Resolve Stack: Whenever another Angel or Cleric you control enters, you gain life equal to that creature's toughness. [Zone Changer: Thraben Watcher (133)]
Add To Stack: Ai(2)-mm-giada-angels triggered Exemplar of Light
Resolve Stack: Whenever you gain life, put a +1/+1 counter on this creature. [Player: Ai(2)-mm-giada-angels, Gained Amount: 13]
Add To Stack: Ai(2)-mm-giada-angels triggered Exemplar of Light
Resolve Stack: Whenever you put one or more +1/+1 counters on this creature, draw a card. This ability triggers only once each turn. [Added once: Exemplar of Light (160) Amount: 1]
Life: Life: Ai(2)-mm-giada-angels 139 > 143
Resolve Stack: Whenever an Angel you control enters, you gain 4 life. [Zone Changer: Thraben Watcher (133)]
Add To Stack: Ai(2)-mm-giada-angels triggered Exemplar of Light
Resolve Stack: Whenever you gain life, put a +1/+1 counter on this creature. [Player: Ai(2)-mm-giada-angels, Gained Amount: 4]
Phase: Ai(2)-mm-giada-angels' Beginning of Combat Step
Phase: Ai(2)-mm-giada-angels' Declare Attackers Step
Combat: Ai(2)-mm-giada-angels assigned Exemplar of Light (160), Valkyrie Harbinger (148), Angel Token (454), Serra's Emissary (162), Battle Angels of Tyr (135), Bruna, the Fading Light (149), Inspiring Overseer (112), Righteous Valkyrie (103), Giada, Font of Hope (201) and Bishop of Wings (106) to attack Ai(3)-mm-baylen-tokens.
Add To Stack: Ai(2)-mm-giada-angels triggered Battle Angels of Tyr
Resolve Stack: Myriad (Whenever this creature attacks, for each opponent other than defending player, you may create a token that's a copy of this creature that's tapped and attacking that player or a planeswalker they control. Exile the tokens at end of combat.) [Attacker: Battle Angels of Tyr (135)]
Phase: Ai(2)-mm-giada-angels' Declare Blockers Step
Combat: Ai(3)-mm-baylen-tokens didn't block Exemplar of Light (160).
Ai(3)-mm-baylen-tokens didn't block Valkyrie Harbinger (148).
Ai(3)-mm-baylen-tokens didn't block Angel Token (454).
Ai(3)-mm-baylen-tokens didn't block Serra's Emissary (162).
Ai(3)-mm-baylen-tokens didn't block Battle Angels of Tyr (135).
Ai(3)-mm-baylen-tokens didn't block Bruna, the Fading Light (149).
Ai(3)-mm-baylen-tokens didn't block Inspiring Overseer (112).
Ai(3)-mm-baylen-tokens didn't block Righteous Valkyrie (103).
Ai(3)-mm-baylen-tokens didn't block Giada, Font of Hope (201).
Ai(3)-mm-baylen-tokens didn't block Bishop of Wings (106).
Phase: Ai(2)-mm-giada-angels' First Strike Damage Step
Phase: Ai(2)-mm-giada-angels' Combat Damage Step
Damage: Exemplar of Light (160) deals 22 combat damage to Ai(3)-mm-baylen-tokens.
Damage: Valkyrie Harbinger (148) deals 14 combat damage to Ai(3)-mm-baylen-tokens.
Life: Life: Ai(2)-mm-giada-angels 143 > 157
Damage: Angel Token (454) deals 14 combat damage to Ai(3)-mm-baylen-tokens.
Damage: Serra's Emissary (162) deals 12 combat damage to Ai(3)-mm-baylen-tokens.
Damage: Battle Angels of Tyr (135) deals 12 combat damage to Ai(3)-mm-baylen-tokens.
Damage: Bruna, the Fading Light (149) deals 11 combat damage to Ai(3)-mm-baylen-tokens.
Damage: Inspiring Overseer (112) deals 11 combat damage to Ai(3)-mm-baylen-tokens.
Damage: Righteous Valkyrie (103) deals 9 combat damage to Ai(3)-mm-baylen-tokens.
Damage: Giada, Font of Hope (201) deals 5 combat damage to Ai(3)-mm-baylen-tokens.
Damage: Bishop of Wings (106) deals 4 combat damage to Ai(3)-mm-baylen-tokens.
Life: Life: Ai(3)-mm-baylen-tokens 26 > -88
Player Control: Ai(1)-mm-sythis-enchantress has restored control over themself
Player Control: Ai(2)-mm-giada-angels has restored control over themself
Player Control: Ai(3)-mm-baylen-tokens has restored control over themself
Player Control: Ai(4)-mm-muldrotha-value has restored control over themself
Game Outcome: Turn 16
Game Outcome: Ai(1)-mm-sythis-enchantress has lost because life total reached 0
Game Outcome: Ai(2)-mm-giada-angels has won because all opponents have lost
Game Outcome: Ai(3)-mm-baylen-tokens has lost because life total reached 0
Game Outcome: Ai(4)-mm-muldrotha-value has lost because life total reached 0
Match Result: Ai(1)-mm-sythis-enchantress: 0 Ai(2)-mm-giada-angels: 1 Ai(3)-mm-baylen-tokens: 0 Ai(4)-mm-muldrotha-value: 0 

Game Result: Game 1 ended in 113478 ms. Ai(2)-mm-giada-angels has won!

java.util.concurrent.TimeoutException
	at java.base/java.util.concurrent.FutureTask.get(FutureTask.java:204)
	at forge.ai.AiController.chooseSpellAbilityToPlayFromList(AiController.java:1696)
	at forge.ai.AiController.getSpellAbilityToPlay(AiController.java:1583)
	at forge.ai.AiController.chooseSpellAbilityToPlay(AiController.java:1403)
	at forge.ai.PlayerControllerAi.chooseSpellAbilityToPlay(PlayerControllerAi.java:832)
	at forge.game.phase.PhaseHandler.mainLoopStep(PhaseHandler.java:1056)
	at forge.game.phase.PhaseHandler.mainGameLoop(PhaseHandler.java:1035)
	at forge.game.phase.PhaseHandler.startFirstTurn(PhaseHandler.java:1029)
	at forge.game.GameAction.startGame(GameAction.java:2373)
	at forge.game.Match.startGame(Match.java:92)
	at forge.game.Match.startGame(Match.java:77)
	at forge.view.SimulateMatch.lambda$simulateSingleMatch$0(SimulateMatch.java:213)
	at forge.view.TimeLimitedCodeBlock.lambda$runWithTimeout$0(TimeLimitedCodeBlock.java:18)
	at java.base/java.util.concurrent.FutureTask.run(FutureTask.java:317)
	at java.base/java.util.concurrent.ThreadPoolExecutor.runWorker(ThreadPoolExecutor.java:1144)
	at java.base/java.util.concurrent.ThreadPoolExecutor$Worker.run(ThreadPoolExecutor.java:642)
	at java.base/java.lang.Thread.run(Thread.java:1583)
AI eval thread at timeout:
	at forge.game.card.Card.updateReplacementEffects(Card.java:7066)
	at forge.game.card.CardState.getReplacementEffects(CardState.java:754)
	at forge.game.card.CardState.getReplacementEffects(CardState.java:723)
	at forge.game.card.Card.getReplacementEffects(Card.java:7055)
	at forge.game.replacement.ReplacementHandler.lambda$getReplacementList$0(ReplacementHandler.java:134)
	at forge.util.Visitor.visitAll(Visitor.java:16)
	at forge.game.Game.forEachCardInGame(Game.java:757)
	at forge.game.replacement.ReplacementHandler.getReplacementList(ReplacementHandler.java:102)
	at forge.game.replacement.ReplacementHandler.cantHappenCheck(ReplacementHandler.java:174)
	at forge.game.card.Card.canTap(Card.java:4696)
	at forge.game.card.Card.canTap(Card.java:4688)
	at forge.game.cost.CostTap.canPay(CostTap.java:69)
	at forge.game.cost.Cost.canPay(Cost.java:1085)
	at forge.game.cost.CostPayment.canPayAdditionalCosts(CostPayment.java:104)
	at forge.game.cost.CostPayment.canPayAdditionalCosts(CostPayment.java:96)
	at forge.game.spellability.AbilityActivated.canPlay(AbilityActivated.java:103)
	at forge.ai.ComputerUtilMana.lambda$getAvailableManaSources$16(ComputerUtilMana.java:1341)
	at java.base/java.util.stream.ReferencePipeline$2$1.accept(ReferencePipeline.java:178)
	at java.base/java.util.Spliterators$IteratorSpliterator.tryAdvance(Spliterators.java:1950)
	at java.base/java.util.stream.StreamSpliterators$WrappingSpliterator.lambda$initPartialTraversalState$0(StreamSpliterators.java:292)
	at java.base/java.util.stream.StreamSpliterators$AbstractWrappingSpliterator.fillBuffer(StreamSpliterators.java:206)
	at java.base/java.util.stream.StreamSpliterators$AbstractWrappingSpliterator.doAdvance(StreamSpliterators.java:169)
	at java.base/java.util.stream.StreamSpliterators$WrappingSpliterator.tryAdvance(StreamSpliterators.java:298)
	at java.base/java.util.Spliterators$1Adapter.hasNext(Spliterators.java:681)
	at forge.util.collect.FCollection.addAll(FCollection.java:345)
	at forge.util.collect.FCollection.<init>(FCollection.java:103)
	at forge.game.card.CardCollection.<init>(CardCollection.java:118)
	at forge.game.card.CardLists.filter(CardLists.java:331)
	at forge.ai.ComputerUtilMana.getAvailableManaSources(ComputerUtilMana.java:1338)
	at forge.ai.ComputerUtilMana.groupSourcesByManaColor(ComputerUtilMana.java:1496)
java.util.concurrent.TimeoutException
	at java.base/java.util.concurrent.FutureTask.get(FutureTask.java:204)
	at forge.ai.AiController.chooseSpellAbilityToPlayFromList(AiController.java:1696)
	at forge.ai.AiController.getSpellAbilityToPlay(AiController.java:1583)
	at forge.ai.AiController.chooseSpellAbilityToPlay(AiController.java:1403)
	at forge.ai.PlayerControllerAi.chooseSpellAbilityToPlay(PlayerControllerAi.java:832)
	at forge.game.phase.PhaseHandler.mainLoopStep(PhaseHandler.java:1056)
	at forge.game.phase.PhaseHandler.mainGameLoop(PhaseHandler.java:1035)
	at forge.game.phase.PhaseHandler.startFirstTurn(PhaseHandler.java:1029)
	at forge.game.GameAction.startGame(GameAction.java:2373)
	at forge.game.Match.startGame(Match.java:92)
	at forge.game.Match.startGame(Match.java:77)
	at forge.view.SimulateMatch.lambda$simulateSingleMatch$0(SimulateMatch.java:213)
	at forge.view.TimeLimitedCodeBlock.lambda$runWithTimeout$0(TimeLimitedCodeBlock.java:18)
	at java.base/java.util.concurrent.FutureTask.run(FutureTask.java:317)
	at java.base/java.util.concurrent.ThreadPoolExecutor.runWorker(ThreadPoolExecutor.java:1144)
	at java.base/java.util.concurrent.ThreadPoolExecutor$Worker.run(ThreadPoolExecutor.java:642)
	at java.base/java.lang.Thread.run(Thread.java:1583)
AI eval thread at timeout:
	at forge.game.card.Card.updateReplacementEffects(Card.java:7066)
	at forge.game.card.CardState.getReplacementEffects(CardState.java:754)
	at forge.game.card.CardState.getReplacementEffects(CardState.java:723)
	at forge.game.card.Card.getReplacementEffects(Card.java:7055)
	at forge.game.replacement.ReplacementHandler.lambda$getReplacementList$0(ReplacementHandler.java:134)
	at forge.util.Visitor.visitAll(Visitor.java:16)
	at forge.game.Game.forEachCardInGame(Game.java:757)
	at forge.game.replacement.ReplacementHandler.getReplacementList(ReplacementHandler.java:102)
	at forge.game.replacement.ReplacementHandler.cantHappenCheck(ReplacementHandler.java:174)
	at forge.game.card.Card.canTap(Card.java:4696)
	at forge.game.card.Card.canTap(Card.java:4688)
	at forge.game.cost.CostTap.canPay(CostTap.java:69)
	at forge.game.cost.Cost.canPay(Cost.java:1085)
	at forge.game.cost.CostPayment.canPayAdditionalCosts(CostPayment.java:104)
	at forge.game.cost.CostPayment.canPayAdditionalCosts(CostPayment.java:96)
	at forge.game.spellability.AbilityActivated.canPlay(AbilityActivated.java:103)
	at forge.ai.ComputerUtilMana.groupSourcesByManaColor(ComputerUtilMana.java:1505)
	at forge.ai.ComputerUtilMana.getSourcesForShards(ComputerUtilMana.java:831)
	at forge.ai.ComputerUtilMana.payManaCost(ComputerUtilMana.java:638)
	at forge.ai.ComputerUtilMana.payManaCost(ComputerUtilMana.java:74)
	at forge.ai.ComputerUtilMana.canPayManaCost(ComputerUtilMana.java:63)
	at forge.ai.ComputerUtilCost.canPayCost(ComputerUtilCost.java:634)
	at forge.ai.ComputerUtilCost.canPayCost(ComputerUtilCost.java:530)
	at forge.ai.ComputerUtilCombat.canGainKeyword(ComputerUtilCombat.java:2290)
	at forge.ai.ComputerUtilCombat.dealsFirstStrikeDamage(ComputerUtilCombat.java:2251)
	at forge.ai.ComputerUtilCombat.predictPowerBonusOfAttacker(ComputerUtilCombat.java:1162)
	at forge.ai.ComputerUtilCombat.canDestroyAttacker(ComputerUtilCombat.java:1709)
	at forge.ai.AiBlockController.getKillingBlockers(AiBlockController.java:120)
	at forge.ai.AiBlockController.makeGoodBlocks(AiBlockController.java:203)
	at forge.ai.AiBlockController.assignBlockers(AiBlockController.java:1083)
java.util.concurrent.TimeoutException
	at java.base/java.util.concurrent.FutureTask.get(FutureTask.java:204)
	at forge.ai.AiController.chooseSpellAbilityToPlayFromList(AiController.java:1696)
	at forge.ai.AiController.getSpellAbilityToPlay(AiController.java:1583)
	at forge.ai.AiController.chooseSpellAbilityToPlay(AiController.java:1403)
	at forge.ai.PlayerControllerAi.chooseSpellAbilityToPlay(PlayerControllerAi.java:832)
	at forge.game.phase.PhaseHandler.mainLoopStep(PhaseHandler.java:1056)
	at forge.game.phase.PhaseHandler.mainGameLoop(PhaseHandler.java:1035)
	at forge.game.phase.PhaseHandler.startFirstTurn(PhaseHandler.java:1029)
	at forge.game.GameAction.startGame(GameAction.java:2373)
	at forge.game.Match.startGame(Match.java:92)
	at forge.game.Match.startGame(Match.java:77)
	at forge.view.SimulateMatch.lambda$simulateSingleMatch$0(SimulateMatch.java:213)
	at forge.view.TimeLimitedCodeBlock.lambda$runWithTimeout$0(TimeLimitedCodeBlock.java:18)
	at java.base/java.util.concurrent.FutureTask.run(FutureTask.java:317)
	at java.base/java.util.concurrent.ThreadPoolExecutor.runWorker(ThreadPoolExecutor.java:1144)
	at java.base/java.util.concurrent.ThreadPoolExecutor$Worker.run(ThreadPoolExecutor.java:642)
	at java.base/java.lang.Thread.run(Thread.java:1583)
AI eval thread at timeout:
	at forge.game.card.Card.updateReplacementEffects(Card.java:7066)
	at forge.game.card.CardState.getReplacementEffects(CardState.java:754)
	at forge.game.card.CardState.getReplacementEffects(CardState.java:723)
	at forge.game.card.Card.getReplacementEffects(Card.java:7055)
	at forge.game.replacement.ReplacementHandler.lambda$getReplacementList$0(ReplacementHandler.java:134)
	at forge.util.Visitor.visitAll(Visitor.java:16)
	at forge.game.Game.forEachCardInGame(Game.java:757)
	at forge.game.replacement.ReplacementHandler.getReplacementList(ReplacementHandler.java:102)
	at forge.game.replacement.ReplacementHandler.cantHappenCheck(ReplacementHandler.java:174)
	at forge.game.card.Card.canTap(Card.java:4696)
	at forge.game.card.Card.canTap(Card.java:4688)
	at forge.game.cost.CostTap.canPay(CostTap.java:69)
	at forge.game.cost.Cost.canPay(Cost.java:1085)
	at forge.game.cost.CostPayment.canPayAdditionalCosts(CostPayment.java:104)
	at forge.game.cost.CostPayment.canPayAdditionalCosts(CostPayment.java:96)
	at forge.game.spellability.AbilityActivated.canPlay(AbilityActivated.java:103)
	at forge.ai.ComputerUtilMana.lambda$getAvailableManaSources$16(ComputerUtilMana.java:1341)
	at java.base/java.util.stream.ReferencePipeline$2$1.accept(ReferencePipeline.java:178)
	at java.base/java.util.Spliterators$IteratorSpliterator.tryAdvance(Spliterators.java:1950)
	at java.base/java.util.stream.StreamSpliterators$WrappingSpliterator.lambda$initPartialTraversalState$0(StreamSpliterators.java:292)
	at java.base/java.util.stream.StreamSpliterators$AbstractWrappingSpliterator.fillBuffer(StreamSpliterators.java:206)
	at java.base/java.util.stream.StreamSpliterators$AbstractWrappingSpliterator.doAdvance(StreamSpliterators.java:169)
	at java.base/java.util.stream.StreamSpliterators$WrappingSpliterator.tryAdvance(StreamSpliterators.java:298)
	at java.base/java.util.Spliterators$1Adapter.hasNext(Spliterators.java:681)
	at forge.util.collect.FCollection.addAll(FCollection.java:345)
	at forge.util.collect.FCollection.<init>(FCollection.java:103)
	at forge.game.card.CardCollection.<init>(CardCollection.java:118)
	at forge.game.card.CardLists.filter(CardLists.java:331)
	at forge.ai.ComputerUtilMana.getAvailableManaSources(ComputerUtilMana.java:1338)
	at forge.ai.ComputerUtilMana.groupSourcesByManaColor(ComputerUtilMana.java:1496)
java.util.concurrent.TimeoutException
	at java.base/java.util.concurrent.FutureTask.get(FutureTask.java:204)
	at forge.ai.AiController.chooseSpellAbilityToPlayFromList(AiController.java:1696)
	at forge.ai.AiController.getSpellAbilityToPlay(AiController.java:1583)
	at forge.ai.AiController.chooseSpellAbilityToPlay(AiController.java:1403)
	at forge.ai.PlayerControllerAi.chooseSpellAbilityToPlay(PlayerControllerAi.java:832)
	at forge.game.phase.PhaseHandler.mainLoopStep(PhaseHandler.java:1056)
	at forge.game.phase.PhaseHandler.mainGameLoop(PhaseHandler.java:1035)
	at forge.game.phase.PhaseHandler.startFirstTurn(PhaseHandler.java:1029)
	at forge.game.GameAction.startGame(GameAction.java:2373)
	at forge.game.Match.startGame(Match.java:92)
	at forge.game.Match.startGame(Match.java:77)
	at forge.view.SimulateMatch.lambda$simulateSingleMatch$0(SimulateMatch.java:213)
	at forge.view.TimeLimitedCodeBlock.lambda$runWithTimeout$0(TimeLimitedCodeBlock.java:18)
	at java.base/java.util.concurrent.FutureTask.run(FutureTask.java:317)
	at java.base/java.util.concurrent.ThreadPoolExecutor.runWorker(ThreadPoolExecutor.java:1144)
	at java.base/java.util.concurrent.ThreadPoolExecutor$Worker.run(ThreadPoolExecutor.java:642)
	at java.base/java.lang.Thread.run(Thread.java:1583)
AI eval thread at timeout:
	at forge.game.card.CardState.updateSpellAbilities(CardState.java:525)
	at forge.game.card.CardState.getManaAbilities(CardState.java:465)
	at forge.game.card.Card.getManaAbilities(Card.java:3406)
	at forge.ai.ComputerUtilMana.getAIPlayableMana(ComputerUtilMana.java:1670)
	at forge.ai.ComputerUtilMana.lambda$getAvailableManaSources$16(ComputerUtilMana.java:1339)
	at java.base/java.util.stream.ReferencePipeline$2$1.accept(ReferencePipeline.java:178)
	at java.base/java.util.Spliterators$IteratorSpliterator.tryAdvance(Spliterators.java:1950)
	at java.base/java.util.stream.StreamSpliterators$WrappingSpliterator.lambda$initPartialTraversalState$0(StreamSpliterators.java:292)
	at java.base/java.util.stream.StreamSpliterators$AbstractWrappingSpliterator.fillBuffer(StreamSpliterators.java:206)
	at java.base/java.util.stream.StreamSpliterators$AbstractWrappingSpliterator.doAdvance(StreamSpliterators.java:169)
	at java.base/java.util.stream.StreamSpliterators$WrappingSpliterator.tryAdvance(StreamSpliterators.java:298)
	at java.base/java.util.Spliterators$1Adapter.hasNext(Spliterators.java:681)
	at forge.util.collect.FCollection.addAll(FCollection.java:345)
	at forge.util.collect.FCollection.<init>(FCollection.java:103)
	at forge.game.card.CardCollection.<init>(CardCollection.java:118)
	at forge.game.card.CardLists.filter(CardLists.java:331)
	at forge.ai.ComputerUtilMana.getAvailableManaSources(ComputerUtilMana.java:1338)
	at forge.ai.ComputerUtilMana.groupSourcesByManaColor(ComputerUtilMana.java:1496)
	at forge.ai.ComputerUtilMana.getSourcesForShards(ComputerUtilMana.java:831)
	at forge.ai.ComputerUtilMana.payManaCost(ComputerUtilMana.java:638)
	at forge.ai.ComputerUtilMana.payManaCost(ComputerUtilMana.java:74)
	at forge.ai.ComputerUtilMana.canPayManaCost(ComputerUtilMana.java:63)
	at forge.ai.ComputerUtilCost.canPayCost(ComputerUtilCost.java:634)
	at forge.ai.ComputerUtilCost.canPayCost(ComputerUtilCost.java:530)
	at forge.ai.ComputerUtilCombat.canGainKeyword(ComputerUtilCombat.java:2290)
	at forge.ai.ComputerUtilCombat.dealsFirstStrikeDamage(ComputerUtilCombat.java:2251)
	at forge.ai.ComputerUtilCombat.canDestroyAttacker(ComputerUtilCombat.java:1743)
	at forge.ai.AiBlockController.getKillingBlockers(AiBlockController.java:120)
	at forge.ai.AiBlockController.makeTradeBlocks(AiBlockController.java:618)
	at forge.ai.AiBlockController.assignBlockers(AiBlockController.java:1115)
java.util.concurrent.TimeoutException
	at java.base/java.util.concurrent.FutureTask.get(FutureTask.java:204)
	at forge.ai.AiController.chooseSpellAbilityToPlayFromList(AiController.java:1696)
	at forge.ai.AiController.getSpellAbilityToPlay(AiController.java:1583)
	at forge.ai.AiController.chooseSpellAbilityToPlay(AiController.java:1403)
	at forge.ai.PlayerControllerAi.chooseSpellAbilityToPlay(PlayerControllerAi.java:832)
	at forge.game.phase.PhaseHandler.mainLoopStep(PhaseHandler.java:1056)
	at forge.game.phase.PhaseHandler.mainGameLoop(PhaseHandler.java:1035)
	at forge.game.phase.PhaseHandler.startFirstTurn(PhaseHandler.java:1029)
	at forge.game.GameAction.startGame(GameAction.java:2373)
	at forge.game.Match.startGame(Match.java:92)
	at forge.game.Match.startGame(Match.java:77)
	at forge.view.SimulateMatch.lambda$simulateSingleMatch$0(SimulateMatch.java:213)
	at forge.view.TimeLimitedCodeBlock.lambda$runWithTimeout$0(TimeLimitedCodeBlock.java:18)
	at java.base/java.util.concurrent.FutureTask.run(FutureTask.java:317)
	at java.base/java.util.concurrent.ThreadPoolExecutor.runWorker(ThreadPoolExecutor.java:1144)
	at java.base/java.util.concurrent.ThreadPoolExecutor$Worker.run(ThreadPoolExecutor.java:642)
	at java.base/java.lang.Thread.run(Thread.java:1583)
AI eval thread at timeout:
	at java.base/java.lang.String.split(String.java:3376)
	at java.base/java.lang.String.split(String.java:3354)
	at java.base/java.lang.String.split(String.java:3447)
	at forge.game.CardTraitBase.matchesValidParam(CardTraitBase.java:261)
	at forge.game.CardTraitBase.matchesValidParam(CardTraitBase.java:268)
	at forge.ai.ComputerUtilCombat.combatTriggerWillTrigger(ComputerUtilCombat.java:839)
	at forge.ai.ComputerUtilCombat.combatTriggerWillTrigger(ComputerUtilCombat.java:734)
	at forge.ai.ComputerUtilCombat.predictPowerBonusOfAttacker(ComputerUtilCombat.java:1198)
	at forge.ai.ComputerUtilCombat.canDestroyAttacker(ComputerUtilCombat.java:1709)
	at forge.ai.AiBlockController.getKillingBlockers(AiBlockController.java:120)
	at forge.ai.AiBlockController.makeTradeBlocks(AiBlockController.java:618)
	at forge.ai.AiBlockController.assignBlockers(AiBlockController.java:1089)
	at forge.ai.AiBlockController.assignBlockersForCombat(AiBlockController.java:1014)
	at forge.ai.ComputerUtil.predictNextCombatsRemainingLife(ComputerUtil.java:3214)
	at forge.ai.ComputerUtil.predictNextCombatsRemainingLife(ComputerUtil.java:3179)
	at forge.ai.AiAttackController.notNeededAsBlockers(AiAttackController.java:426)
	at forge.ai.AiAttackController.declareAttackers(AiAttackController.java:1279)
	at forge.ai.AiController.getPredictedCombat(AiController.java:145)
	at forge.ai.ComputerUtilCard.doesCreatureAttackAI(ComputerUtilCard.java:806)
	at forge.ai.ComputerUtilCard.shouldPumpCard(ComputerUtilCard.java:1557)
	at forge.ai.ComputerUtilCard.shouldPumpCard(ComputerUtilCard.java:1446)
	at forge.ai.ability.CountersPutAi.checkApiLogic(CountersPutAi.java:627)
	at forge.ai.SpellAbilityAi.canPlayWithoutRestrict(SpellAbilityAi.java:98)
	at forge.ai.SpellAbilityAi.canPlay(SpellAbilityAi.java:76)
	at forge.ai.SpellAbilityAi.canPlayWithSubs(SpellAbilityAi.java:55)
	at forge.ai.AiController.canPlaySa(AiController.java:909)
	at forge.ai.AiController.canPlayAndPayForFace(AiController.java:855)
	at forge.ai.AiController.canPlayAndPayFor(AiController.java:833)
	at forge.ai.AiController.lambda$chooseSpellAbilityToPlayFromList$9(AiController.java:1675)
	at java.base/java.util.concurrent.FutureTask.run(FutureTask.java:317)
java.util.concurrent.TimeoutException
	at java.base/java.util.concurrent.FutureTask.get(FutureTask.java:204)
	at forge.ai.AiController.chooseSpellAbilityToPlayFromList(AiController.java:1696)
	at forge.ai.AiController.getSpellAbilityToPlay(AiController.java:1583)
	at forge.ai.AiController.chooseSpellAbilityToPlay(AiController.java:1403)
	at forge.ai.PlayerControllerAi.chooseSpellAbilityToPlay(PlayerControllerAi.java:832)
	at forge.game.phase.PhaseHandler.mainLoopStep(PhaseHandler.java:1056)
	at forge.game.phase.PhaseHandler.mainGameLoop(PhaseHandler.java:1035)
	at forge.game.phase.PhaseHandler.startFirstTurn(PhaseHandler.java:1029)
	at forge.game.GameAction.startGame(GameAction.java:2373)
	at forge.game.Match.startGame(Match.java:92)
	at forge.game.Match.startGame(Match.java:77)
	at forge.view.SimulateMatch.lambda$simulateSingleMatch$0(SimulateMatch.java:213)
	at forge.view.TimeLimitedCodeBlock.lambda$runWithTimeout$0(TimeLimitedCodeBlock.java:18)
	at java.base/java.util.concurrent.FutureTask.run(FutureTask.java:317)
	at java.base/java.util.concurrent.ThreadPoolExecutor.runWorker(ThreadPoolExecutor.java:1144)
	at java.base/java.util.concurrent.ThreadPoolExecutor$Worker.run(ThreadPoolExecutor.java:642)
	at java.base/java.lang.Thread.run(Thread.java:1583)
AI eval thread at timeout:
	at forge.game.card.Card.updateReplacementEffects(Card.java:7066)
	at forge.game.card.CardState.getReplacementEffects(CardState.java:754)
	at forge.game.card.CardState.getReplacementEffects(CardState.java:723)
	at forge.game.card.Card.getReplacementEffects(Card.java:7055)
	at forge.game.replacement.ReplacementHandler.lambda$getReplacementList$0(ReplacementHandler.java:134)
	at forge.util.Visitor.visitAll(Visitor.java:16)
	at forge.game.Game.forEachCardInGame(Game.java:757)
	at forge.game.replacement.ReplacementHandler.getReplacementList(ReplacementHandler.java:102)
	at forge.game.replacement.ReplacementHandler.cantHappenCheck(ReplacementHandler.java:174)
	at forge.game.card.Card.canTap(Card.java:4696)
	at forge.game.card.Card.canTap(Card.java:4688)
	at forge.game.cost.CostTap.canPay(CostTap.java:69)
	at forge.game.cost.Cost.canPay(Cost.java:1085)
	at forge.game.cost.CostPayment.canPayAdditionalCosts(CostPayment.java:104)
	at forge.game.cost.CostPayment.canPayAdditionalCosts(CostPayment.java:96)
	at forge.game.spellability.AbilityActivated.canPlay(AbilityActivated.java:103)
	at forge.ai.ComputerUtilMana.lambda$getAvailableManaSources$16(ComputerUtilMana.java:1341)
	at java.base/java.util.stream.ReferencePipeline$2$1.accept(ReferencePipeline.java:178)
	at java.base/java.util.Spliterators$IteratorSpliterator.tryAdvance(Spliterators.java:1950)
	at java.base/java.util.stream.StreamSpliterators$WrappingSpliterator.lambda$initPartialTraversalState$0(StreamSpliterators.java:292)
	at java.base/java.util.stream.StreamSpliterators$AbstractWrappingSpliterator.fillBuffer(StreamSpliterators.java:206)
	at java.base/java.util.stream.StreamSpliterators$AbstractWrappingSpliterator.doAdvance(StreamSpliterators.java:161)
	at java.base/java.util.stream.StreamSpliterators$WrappingSpliterator.tryAdvance(StreamSpliterators.java:298)
	at java.base/java.util.Spliterators$1Adapter.hasNext(Spliterators.java:681)
	at forge.util.collect.FCollection.addAll(FCollection.java:345)
	at forge.util.collect.FCollection.<init>(FCollection.java:103)
	at forge.game.card.CardCollection.<init>(CardCollection.java:118)
	at forge.game.card.CardLists.filter(CardLists.java:331)
	at forge.ai.ComputerUtilMana.getAvailableManaSources(ComputerUtilMana.java:1338)
	at forge.ai.ComputerUtilMana.groupSourcesByManaColor(ComputerUtilMana.java:1496)
java.util.concurrent.TimeoutException
	at java.base/java.util.concurrent.FutureTask.get(FutureTask.java:204)
	at forge.ai.AiController.chooseSpellAbilityToPlayFromList(AiController.java:1696)
	at forge.ai.AiController.getSpellAbilityToPlay(AiController.java:1583)
	at forge.ai.AiController.chooseSpellAbilityToPlay(AiController.java:1403)
	at forge.ai.PlayerControllerAi.chooseSpellAbilityToPlay(PlayerControllerAi.java:832)
	at forge.game.phase.PhaseHandler.mainLoopStep(PhaseHandler.java:1056)
	at forge.game.phase.PhaseHandler.mainGameLoop(PhaseHandler.java:1035)
	at forge.game.phase.PhaseHandler.startFirstTurn(PhaseHandler.java:1029)
	at forge.game.GameAction.startGame(GameAction.java:2373)
	at forge.game.Match.startGame(Match.java:92)
	at forge.game.Match.startGame(Match.java:77)
	at forge.view.SimulateMatch.lambda$simulateSingleMatch$0(SimulateMatch.java:213)
	at forge.view.TimeLimitedCodeBlock.lambda$runWithTimeout$0(TimeLimitedCodeBlock.java:18)
	at java.base/java.util.concurrent.FutureTask.run(FutureTask.java:317)
	at java.base/java.util.concurrent.ThreadPoolExecutor.runWorker(ThreadPoolExecutor.java:1144)
	at java.base/java.util.concurrent.ThreadPoolExecutor$Worker.run(ThreadPoolExecutor.java:642)
	at java.base/java.lang.Thread.run(Thread.java:1583)
AI eval thread at timeout:
	at forge.util.collect.FCollection.addAll(FCollection.java:343)
	at forge.util.collect.FCollection.addAll(FCollection.java:325)
	at forge.game.keyword.KeywordInstance.applyReplacementEffect(KeywordInstance.java:251)
	at forge.game.keyword.KeywordCollection.applyReplacementEffect(KeywordCollection.java:201)
	at forge.game.card.Card.updateReplacementEffects(Card.java:7069)
	at forge.game.card.CardState.getReplacementEffects(CardState.java:754)
	at forge.game.card.CardState.getReplacementEffects(CardState.java:723)
	at forge.game.card.Card.getReplacementEffects(Card.java:7055)
	at forge.game.replacement.ReplacementHandler.lambda$getReplacementList$0(ReplacementHandler.java:134)
	at forge.util.Visitor.visitAll(Visitor.java:16)
	at forge.game.Game.forEachCardInGame(Game.java:760)
	at forge.game.replacement.ReplacementHandler.getReplacementList(ReplacementHandler.java:102)
	at forge.game.replacement.ReplacementHandler.cantHappenCheck(ReplacementHandler.java:174)
	at forge.game.card.Card.canTap(Card.java:4696)
	at forge.game.card.Card.canTap(Card.java:4688)
	at forge.game.cost.CostTap.canPay(CostTap.java:69)
	at forge.game.cost.Cost.canPay(Cost.java:1085)
	at forge.game.cost.CostPayment.canPayAdditionalCosts(CostPayment.java:104)
	at forge.game.cost.CostPayment.canPayAdditionalCosts(CostPayment.java:96)
	at forge.game.spellability.AbilityActivated.canPlay(AbilityActivated.java:103)
	at forge.ai.ComputerUtilMana.groupSourcesByManaColor(ComputerUtilMana.java:1505)
	at forge.ai.ComputerUtilMana.getSourcesForShards(ComputerUtilMana.java:831)
	at forge.ai.ComputerUtilMana.payManaCost(ComputerUtilMana.java:638)
	at forge.ai.ComputerUtilMana.payManaCost(ComputerUtilMana.java:74)
	at forge.ai.ComputerUtilMana.canPayManaCost(ComputerUtilMana.java:63)
	at forge.ai.ComputerUtilCost.canPayCost(ComputerUtilCost.java:634)
	at forge.ai.ComputerUtilCost.canPayCost(ComputerUtilCost.java:530)
	at forge.ai.ComputerUtilCombat.canGainKeyword(ComputerUtilCombat.java:2290)
	at forge.ai.ComputerUtilCombat.dealsFirstStrikeDamage(ComputerUtilCombat.java:2251)
	at forge.ai.ComputerUtilCombat.predictPowerBonusOfAttacker(ComputerUtilCombat.java:1162)
java.util.concurrent.TimeoutException
	at java.base/java.util.concurrent.FutureTask.get(FutureTask.java:204)
	at forge.ai.AiController.chooseSpellAbilityToPlayFromList(AiController.java:1696)
	at forge.ai.AiController.getSpellAbilityToPlay(AiController.java:1583)
	at forge.ai.AiController.chooseSpellAbilityToPlay(AiController.java:1403)
	at forge.ai.PlayerControllerAi.chooseSpellAbilityToPlay(PlayerControllerAi.java:832)
	at forge.game.phase.PhaseHandler.mainLoopStep(PhaseHandler.java:1056)
	at forge.game.phase.PhaseHandler.mainGameLoop(PhaseHandler.java:1035)
	at forge.game.phase.PhaseHandler.startFirstTurn(PhaseHandler.java:1029)
	at forge.game.GameAction.startGame(GameAction.java:2373)
	at forge.game.Match.startGame(Match.java:92)
	at forge.game.Match.startGame(Match.java:77)
	at forge.view.SimulateMatch.lambda$simulateSingleMatch$0(SimulateMatch.java:213)
	at forge.view.TimeLimitedCodeBlock.lambda$runWithTimeout$0(TimeLimitedCodeBlock.java:18)
	at java.base/java.util.concurrent.FutureTask.run(FutureTask.java:317)
	at java.base/java.util.concurrent.ThreadPoolExecutor.runWorker(ThreadPoolExecutor.java:1144)
	at java.base/java.util.concurrent.ThreadPoolExecutor$Worker.run(ThreadPoolExecutor.java:642)
	at java.base/java.lang.Thread.run(Thread.java:1583)
AI eval thread at timeout:
	at forge.game.card.Card.updateReplacementEffects(Card.java:7066)
	at forge.game.card.CardState.getReplacementEffects(CardState.java:754)
	at forge.game.card.CardState.getReplacementEffects(CardState.java:723)
	at forge.game.card.Card.getReplacementEffects(Card.java:7055)
	at forge.game.replacement.ReplacementHandler.lambda$getReplacementList$0(ReplacementHandler.java:134)
	at forge.util.Visitor.visitAll(Visitor.java:16)
	at forge.game.Game.forEachCardInGame(Game.java:754)
	at forge.game.replacement.ReplacementHandler.getReplacementList(ReplacementHandler.java:102)
	at forge.game.replacement.ReplacementHandler.cantHappenCheck(ReplacementHandler.java:174)
	at forge.game.card.Card.canUntap(Card.java:4745)
	at forge.game.spellability.SpellAbility.calculateScoreForManaAbility(SpellAbility.java:2413)
	at forge.ai.ComputerUtilMana.scoreManaProducingCard(ComputerUtilMana.java:110)
	at forge.ai.ComputerUtilMana.sortManaAbilities(ComputerUtilMana.java:140)
	at forge.ai.ComputerUtilMana.getSourcesForShards(ComputerUtilMana.java:858)
	at forge.ai.ComputerUtilMana.payManaCost(ComputerUtilMana.java:638)
	at forge.ai.ComputerUtilMana.payManaCost(ComputerUtilMana.java:74)
	at forge.ai.ComputerUtilMana.canPayManaCost(ComputerUtilMana.java:63)
	at forge.ai.ComputerUtilCost.canPayCost(ComputerUtilCost.java:634)
	at forge.ai.ComputerUtilCost.canPayCost(ComputerUtilCost.java:530)
	at forge.ai.ComputerUtilCombat.canGainKeyword(ComputerUtilCombat.java:2290)
	at forge.ai.ComputerUtilCombat.dealsFirstStrikeDamage(ComputerUtilCombat.java:2251)
	at forge.ai.ComputerUtilCombat.predictPowerBonusOfAttacker(ComputerUtilCombat.java:1162)
	at forge.ai.ComputerUtilCombat.canDestroyBlocker(ComputerUtilCombat.java:1912)
	at forge.ai.AiBlockController.getSafeBlockers(AiBlockController.java:106)
	at forge.ai.AiBlockController.makeGoodBlocks(AiBlockController.java:198)
	at forge.ai.AiBlockController.assignBlockers(AiBlockController.java:1083)
	at forge.ai.AiBlockController.assignBlockersForCombat(AiBlockController.java:1014)
	at forge.ai.ComputerUtil.predictNextCombatsRemainingLife(ComputerUtil.java:3214)
	at forge.ai.ComputerUtil.evaluateBoardPositionChanged(ComputerUtil.java:2959)
	at forge.ai.ComputerUtil.lambda$evaluateBoardPosition$21(ComputerUtil.java:2930)
java.util.concurrent.TimeoutException
	at java.base/java.util.concurrent.FutureTask.get(FutureTask.java:204)
	at forge.ai.AiController.chooseSpellAbilityToPlayFromList(AiController.java:1696)
	at forge.ai.AiController.getSpellAbilityToPlay(AiController.java:1583)
	at forge.ai.AiController.chooseSpellAbilityToPlay(AiController.java:1403)
	at forge.ai.PlayerControllerAi.chooseSpellAbilityToPlay(PlayerControllerAi.java:832)
	at forge.game.phase.PhaseHandler.mainLoopStep(PhaseHandler.java:1056)
	at forge.game.phase.PhaseHandler.mainGameLoop(PhaseHandler.java:1035)
	at forge.game.phase.PhaseHandler.startFirstTurn(PhaseHandler.java:1029)
	at forge.game.GameAction.startGame(GameAction.java:2373)
	at forge.game.Match.startGame(Match.java:92)
	at forge.game.Match.startGame(Match.java:77)
	at forge.view.SimulateMatch.lambda$simulateSingleMatch$0(SimulateMatch.java:213)
	at forge.view.TimeLimitedCodeBlock.lambda$runWithTimeout$0(TimeLimitedCodeBlock.java:18)
	at java.base/java.util.concurrent.FutureTask.run(FutureTask.java:317)
	at java.base/java.util.concurrent.ThreadPoolExecutor.runWorker(ThreadPoolExecutor.java:1144)
	at java.base/java.util.concurrent.ThreadPoolExecutor$Worker.run(ThreadPoolExecutor.java:642)
	at java.base/java.lang.Thread.run(Thread.java:1583)
AI eval thread at timeout:
	at forge.game.card.Card.updateReplacementEffects(Card.java:7066)
	at forge.game.card.CardState.getReplacementEffects(CardState.java:754)
	at forge.game.card.CardState.getReplacementEffects(CardState.java:723)
	at forge.game.card.Card.getReplacementEffects(Card.java:7055)
	at forge.game.replacement.ReplacementHandler.lambda$getReplacementList$0(ReplacementHandler.java:134)
	at forge.util.Visitor.visitAll(Visitor.java:16)
	at forge.game.Game.forEachCardInGame(Game.java:757)
	at forge.game.replacement.ReplacementHandler.getReplacementList(ReplacementHandler.java:102)
	at forge.game.replacement.ReplacementHandler.cantHappenCheck(ReplacementHandler.java:174)
	at forge.game.card.Card.canUntap(Card.java:4745)
	at forge.game.spellability.SpellAbility.calculateScoreForManaAbility(SpellAbility.java:2413)
	at forge.ai.ComputerUtilMana.scoreManaProducingCard(ComputerUtilMana.java:110)
	at forge.ai.ComputerUtilMana.sortManaAbilities(ComputerUtilMana.java:140)
	at forge.ai.ComputerUtilMana.getSourcesForShards(ComputerUtilMana.java:858)
	at forge.ai.ComputerUtilMana.payManaCost(ComputerUtilMana.java:638)
	at forge.ai.ComputerUtilMana.payManaCost(ComputerUtilMana.java:74)
	at forge.ai.ComputerUtilMana.canPayManaCost(ComputerUtilMana.java:63)
	at forge.ai.ComputerUtilCost.canPayCost(ComputerUtilCost.java:634)
	at forge.ai.ComputerUtilCost.canPayCost(ComputerUtilCost.java:530)
	at forge.ai.ComputerUtilCombat.canGainKeyword(ComputerUtilCombat.java:2290)
	at forge.ai.ComputerUtilCombat.dealsFirstStrikeDamage(ComputerUtilCombat.java:2251)
	at forge.ai.ComputerUtilCombat.predictPowerBonusOfAttacker(ComputerUtilCombat.java:1162)
	at forge.ai.ComputerUtilCombat.canDestroyBlocker(ComputerUtilCombat.java:1912)
	at forge.ai.AiBlockController.getSafeBlockers(AiBlockController.java:106)
	at forge.ai.AiBlockController.makeGoodBlocks(AiBlockController.java:198)
	at forge.ai.AiBlockController.assignBlockers(AiBlockController.java:1083)
	at forge.ai.AiBlockController.assignBlockersForCombat(AiBlockController.java:1014)
	at forge.ai.ComputerUtil.predictNextCombatsRemainingLife(ComputerUtil.java:3214)
	at forge.ai.ComputerUtil.evaluateBoardPositionChanged(ComputerUtil.java:2959)
	at forge.ai.ComputerUtil.lambda$evaluateBoardPosition$21(ComputerUtil.java:2930)
java.util.concurrent.TimeoutException
	at java.base/java.util.concurrent.FutureTask.get(FutureTask.java:204)
	at forge.ai.AiController.chooseSpellAbilityToPlayFromList(AiController.java:1696)
	at forge.ai.AiController.getSpellAbilityToPlay(AiController.java:1583)
	at forge.ai.AiController.chooseSpellAbilityToPlay(AiController.java:1403)
	at forge.ai.PlayerControllerAi.chooseSpellAbilityToPlay(PlayerControllerAi.java:832)
	at forge.game.phase.PhaseHandler.mainLoopStep(PhaseHandler.java:1056)
	at forge.game.phase.PhaseHandler.mainGameLoop(PhaseHandler.java:1035)
	at forge.game.phase.PhaseHandler.startFirstTurn(PhaseHandler.java:1029)
	at forge.game.GameAction.startGame(GameAction.java:2373)
	at forge.game.Match.startGame(Match.java:92)
	at forge.game.Match.startGame(Match.java:77)
	at forge.view.SimulateMatch.lambda$simulateSingleMatch$0(SimulateMatch.java:213)
	at forge.view.TimeLimitedCodeBlock.lambda$runWithTimeout$0(TimeLimitedCodeBlock.java:18)
	at java.base/java.util.concurrent.FutureTask.run(FutureTask.java:317)
	at java.base/java.util.concurrent.ThreadPoolExecutor.runWorker(ThreadPoolExecutor.java:1144)
	at java.base/java.util.concurrent.ThreadPoolExecutor$Worker.run(ThreadPoolExecutor.java:642)
	at java.base/java.lang.Thread.run(Thread.java:1583)
AI eval thread at timeout:
	at forge.game.card.Card.updateStaticAbilities(Card.java:7011)
	at forge.game.card.CardState.getStaticAbilities(CardState.java:712)
	at forge.game.card.Card.getStaticAbilities(Card.java:6993)
	at forge.game.staticability.StaticAbilityCantAttackBlock.canBlockIfReach(StaticAbilityCantAttackBlock.java:278)
	at forge.game.staticability.StaticAbilityCantAttackBlock.applyCantBlockByAbility(StaticAbilityCantAttackBlock.java:246)
	at forge.game.staticability.StaticAbilityCantAttackBlock.cantBlockBy(StaticAbilityCantAttackBlock.java:219)
	at forge.game.combat.CombatUtil.canBlock(CombatUtil.java:1013)
	at forge.ai.AiAttackController.getCardCanBlockAnAttacker(AiAttackController.java:339)
	at forge.ai.AiAttackController.declareAttackers(AiAttackController.java:1111)
	at forge.ai.ComputerUtilCard.doesSpecifiedCreatureAttackAI(ComputerUtilCard.java:820)
	at forge.ai.ComputerUtilCard.shouldPumpCard(ComputerUtilCard.java:1557)
	at forge.ai.ability.PumpAiBase.lambda$getPumpCreatures$2(PumpAiBase.java:376)
	at java.base/java.util.stream.ReferencePipeline$2$1.accept(ReferencePipeline.java:178)
	at java.base/java.util.Spliterators$IteratorSpliterator.tryAdvance(Spliterators.java:1950)
	at java.base/java.util.stream.StreamSpliterators$WrappingSpliterator.lambda$initPartialTraversalState$0(StreamSpliterators.java:292)
	at java.base/java.util.stream.StreamSpliterators$AbstractWrappingSpliterator.fillBuffer(StreamSpliterators.java:206)
	at java.base/java.util.stream.StreamSpliterators$AbstractWrappingSpliterator.doAdvance(StreamSpliterators.java:161)
	at java.base/java.util.stream.StreamSpliterators$WrappingSpliterator.tryAdvance(StreamSpliterators.java:298)
	at java.base/java.util.Spliterators$1Adapter.hasNext(Spliterators.java:681)
	at forge.util.collect.FCollection.addAll(FCollection.java:345)
	at forge.util.collect.FCollection.<init>(FCollection.java:103)
	at forge.game.card.CardCollection.<init>(CardCollection.java:118)
	at forge.game.card.CardLists.filter(CardLists.java:331)
	at forge.ai.ability.PumpAiBase.getPumpCreatures(PumpAiBase.java:376)
	at forge.ai.ability.PumpAi.pumpTgtAI(PumpAi.java:472)
	at forge.ai.ability.PumpAi.checkApiLogic(PumpAi.java:341)
	at forge.ai.SpellAbilityAi.canPlayWithoutRestrict(SpellAbilityAi.java:98)
	at forge.ai.SpellAbilityAi.canPlay(SpellAbilityAi.java:76)
	at forge.ai.SpellAbilityAi.canPlayWithSubs(SpellAbilityAi.java:55)
	at forge.ai.AiController.canPlaySa(AiController.java:909)
java.util.concurrent.TimeoutException
	at java.base/java.util.concurrent.FutureTask.get(FutureTask.java:204)
	at forge.ai.AiController.chooseSpellAbilityToPlayFromList(AiController.java:1696)
	at forge.ai.AiController.getSpellAbilityToPlay(AiController.java:1583)
	at forge.ai.AiController.chooseSpellAbilityToPlay(AiController.java:1403)
	at forge.ai.PlayerControllerAi.chooseSpellAbilityToPlay(PlayerControllerAi.java:832)
	at forge.game.phase.PhaseHandler.mainLoopStep(PhaseHandler.java:1056)
	at forge.game.phase.PhaseHandler.mainGameLoop(PhaseHandler.java:1035)
	at forge.game.phase.PhaseHandler.startFirstTurn(PhaseHandler.java:1029)
	at forge.game.GameAction.startGame(GameAction.java:2373)
	at forge.game.Match.startGame(Match.java:92)
	at forge.game.Match.startGame(Match.java:77)
	at forge.view.SimulateMatch.lambda$simulateSingleMatch$0(SimulateMatch.java:213)
	at forge.view.TimeLimitedCodeBlock.lambda$runWithTimeout$0(TimeLimitedCodeBlock.java:18)
	at java.base/java.util.concurrent.FutureTask.run(FutureTask.java:317)
	at java.base/java.util.concurrent.ThreadPoolExecutor.runWorker(ThreadPoolExecutor.java:1144)
	at java.base/java.util.concurrent.ThreadPoolExecutor$Worker.run(ThreadPoolExecutor.java:642)
	at java.base/java.lang.Thread.run(Thread.java:1583)
AI eval thread at timeout:
	at com.google.common.collect.AbstractMapBasedMultimap$Itr.hasNext(AbstractMapBasedMultimap.java:1174)
	at forge.game.keyword.KeywordCollection.applyStaticAbility(KeywordCollection.java:207)
	at forge.game.card.Card.updateStaticAbilities(Card.java:7014)
	at forge.game.card.CardState.getStaticAbilities(CardState.java:712)
	at forge.game.card.Card.getStaticAbilities(Card.java:6993)
	at forge.game.staticability.StaticAbilityCastWithFlash.anyWithFlashNeedsInfo(StaticAbilityCastWithFlash.java:17)
	at forge.game.spellability.SpellAbilityRestriction.canPlay(SpellAbilityRestriction.java:559)
	at forge.game.spellability.AbilityActivated.canPlay(AbilityActivated.java:98)
	at forge.ai.ComputerUtilMana.lambda$getAvailableManaSources$16(ComputerUtilMana.java:1341)
	at java.base/java.util.stream.ReferencePipeline$2$1.accept(ReferencePipeline.java:178)
	at java.base/java.util.Spliterators$IteratorSpliterator.tryAdvance(Spliterators.java:1950)
	at java.base/java.util.stream.StreamSpliterators$WrappingSpliterator.lambda$initPartialTraversalState$0(StreamSpliterators.java:292)
	at java.base/java.util.stream.StreamSpliterators$AbstractWrappingSpliterator.fillBuffer(StreamSpliterators.java:206)
	at java.base/java.util.stream.StreamSpliterators$AbstractWrappingSpliterator.doAdvance(StreamSpliterators.java:161)
	at java.base/java.util.stream.StreamSpliterators$WrappingSpliterator.tryAdvance(StreamSpliterators.java:298)
	at java.base/java.util.Spliterators$1Adapter.hasNext(Spliterators.java:681)
	at forge.util.collect.FCollection.addAll(FCollection.java:345)
	at forge.util.collect.FCollection.<init>(FCollection.java:103)
	at forge.game.card.CardCollection.<init>(CardCollection.java:118)
	at forge.game.card.CardLists.filter(CardLists.java:331)
	at forge.ai.ComputerUtilMana.getAvailableManaSources(ComputerUtilMana.java:1338)
	at forge.ai.ComputerUtilMana.groupSourcesByManaColor(ComputerUtilMana.java:1496)
	at forge.ai.ComputerUtilMana.getSourcesForShards(ComputerUtilMana.java:831)
	at forge.ai.ComputerUtilMana.payManaCost(ComputerUtilMana.java:638)
	at forge.ai.ComputerUtilMana.payManaCost(ComputerUtilMana.java:74)
	at forge.ai.ComputerUtilMana.canPayManaCost(ComputerUtilMana.java:63)
	at forge.ai.ComputerUtilCost.canPayCost(ComputerUtilCost.java:634)
	at forge.ai.ComputerUtilCost.canPayCost(ComputerUtilCost.java:530)
	at forge.ai.ComputerUtilCombat.canGainKeyword(ComputerUtilCombat.java:2290)
	at forge.ai.ComputerUtilCombat.dealsFirstStrikeDamage(ComputerUtilCombat.java:2251)
Mulligan: Ai(1)-mm-sythis-enchantress has kept a hand of 7 cards
Mulligan: Ai(2)-mm-giada-angels has kept a hand of 7 cards
Mulligan: Ai(3)-mm-baylen-tokens has kept a hand of 7 cards
Mulligan: Ai(4)-mm-muldrotha-value has kept a hand of 7 cards
Turn: Turn 1 (Ai(1)-mm-sythis-enchantress)
Phase: Ai(1)-mm-sythis-enchantress' Untap step
Phase: Ai(1)-mm-sythis-enchantress' Upkeep step
Phase: Ai(1)-mm-sythis-enchantress' Draw step
Phase: Ai(1)-mm-sythis-enchantress' Main phase, precombat
Replacement Effect: Bountiful Promenade enters tapped unless you have two or more opponents.
Land: Ai(1)-mm-sythis-enchantress played Bountiful Promenade (13)
Phase: Ai(1)-mm-sythis-enchantress' Beginning of Combat Step
Phase: Ai(1)-mm-sythis-enchantress' Declare Attackers Step
Phase: Ai(1)-mm-sythis-enchantress' Declare Blockers Step
Phase: Ai(1)-mm-sythis-enchantress' First Strike Damage Step
Phase: Ai(1)-mm-sythis-enchantress' Combat Damage Step
Phase: Ai(1)-mm-sythis-enchantress' End of Combat Step
Phase: Ai(1)-mm-sythis-enchantress' Main phase, postcombat
Mana: Bountiful Promenade (13) - {T}: Add {G} or {W}.
Add To Stack: Ai(1)-mm-sythis-enchantress cast Authority of the Consuls
Resolve Stack: Authority of the Consuls
Phase: Ai(1)-mm-sythis-enchantress' End step
Phase: Ai(1)-mm-sythis-enchantress' Cleanup step
Turn: Turn 2 (Ai(2)-mm-giada-angels)
Phase: Ai(2)-mm-giada-angels' Untap step
Phase: Ai(2)-mm-giada-angels' Upkeep step
Phase: Ai(2)-mm-giada-angels' Draw step
Phase: Ai(2)-mm-giada-angels' Main phase, precombat
Land: Ai(2)-mm-giada-angels played Plains (171)
Phase: Ai(2)-mm-giada-angels' Beginning of Combat Step
Phase: Ai(2)-mm-giada-angels' Declare Attackers Step
Phase: Ai(2)-mm-giada-angels' Declare Blockers Step
Phase: Ai(2)-mm-giada-angels' First Strike Damage Step
Phase: Ai(2)-mm-giada-angels' Combat Damage Step
Phase: Ai(2)-mm-giada-angels' End of Combat Step
Phase: Ai(2)-mm-giada-angels' Main phase, postcombat
Phase: Ai(2)-mm-giada-angels' End step
Phase: Ai(2)-mm-giada-angels' Cleanup step
Turn: Turn 3 (Ai(3)-mm-baylen-tokens)
Phase: Ai(3)-mm-baylen-tokens' Untap step
Phase: Ai(3)-mm-baylen-tokens' Upkeep step
Phase: Ai(3)-mm-baylen-tokens' Draw step
Phase: Ai(3)-mm-baylen-tokens' Main phase, precombat
Land: Ai(3)-mm-baylen-tokens played Plains (288)
Phase: Ai(3)-mm-baylen-tokens' Beginning of Combat Step
Phase: Ai(3)-mm-baylen-tokens' Declare Attackers Step
Phase: Ai(3)-mm-baylen-tokens' Declare Blockers Step
Phase: Ai(3)-mm-baylen-tokens' First Strike Damage Step
Phase: Ai(3)-mm-baylen-tokens' Combat Damage Step
Phase: Ai(3)-mm-baylen-tokens' End of Combat Step
Phase: Ai(3)-mm-baylen-tokens' Main phase, postcombat
Mana: Plains (288) - {T}: Add {W}.
Add To Stack: Ai(3)-mm-baylen-tokens cast Sol Ring
Resolve Stack: Sol Ring
Phase: Ai(3)-mm-baylen-tokens' End step
Phase: Ai(3)-mm-baylen-tokens' Cleanup step
Turn: Turn 4 (Ai(4)-mm-muldrotha-value)
Phase: Ai(4)-mm-muldrotha-value's Untap step
Phase: Ai(4)-mm-muldrotha-value's Upkeep step
Phase: Ai(4)-mm-muldrotha-value's Draw step
Phase: Ai(4)-mm-muldrotha-value's Main phase, precombat
Replacement Effect: Zagoth Triome enters tapped.
Land: Ai(4)-mm-muldrotha-value played Zagoth Triome (318)
Phase: Ai(4)-mm-muldrotha-value's Beginning of Combat Step
Phase: Ai(4)-mm-muldrotha-value's Declare Attackers Step
Phase: Ai(4)-mm-muldrotha-value's Declare Blockers Step
Phase: Ai(4)-mm-muldrotha-value's First Strike Damage Step
Phase: Ai(4)-mm-muldrotha-value's Combat Damage Step
Phase: Ai(4)-mm-muldrotha-value's End of Combat Step
Phase: Ai(4)-mm-muldrotha-value's Main phase, postcombat
Phase: Ai(4)-mm-muldrotha-value's End step
Phase: Ai(4)-mm-muldrotha-value's Cleanup step
Turn: Turn 5 (Ai(1)-mm-sythis-enchantress)
Phase: Ai(1)-mm-sythis-enchantress' Untap step
Phase: Ai(1)-mm-sythis-enchantress' Upkeep step
Phase: Ai(1)-mm-sythis-enchantress' Draw step
Phase: Ai(1)-mm-sythis-enchantress' Main phase, precombat
Replacement Effect: Sunpetal Grove enters tapped unless you control a Forest or a Plains.
Land: Ai(1)-mm-sythis-enchantress played Sunpetal Grove (63)
Phase: Ai(1)-mm-sythis-enchantress' Beginning of Combat Step
Phase: Ai(1)-mm-sythis-enchantress' Declare Attackers Step
Phase: Ai(1)-mm-sythis-enchantress' Declare Blockers Step
Phase: Ai(1)-mm-sythis-enchantress' First Strike Damage Step
Phase: Ai(1)-mm-sythis-enchantress' Combat Damage Step
Phase: Ai(1)-mm-sythis-enchantress' End of Combat Step
Phase: Ai(1)-mm-sythis-enchantress' Main phase, postcombat
Phase: Ai(1)-mm-sythis-enchantress' End step
Phase: Ai(1)-mm-sythis-enchantress' Cleanup step
Turn: Turn 6 (Ai(2)-mm-giada-angels)
Phase: Ai(2)-mm-giada-angels' Untap step
Phase: Ai(2)-mm-giada-angels' Upkeep step
Phase: Ai(2)-mm-giada-angels' Draw step
Phase: Ai(2)-mm-giada-angels' Main phase, precombat
Land: Ai(2)-mm-giada-angels played Plains (179)
Phase: Ai(2)-mm-giada-angels' Beginning of Combat Step
Phase: Ai(2)-mm-giada-angels' Declare Attackers Step
Phase: Ai(2)-mm-giada-angels' Declare Blockers Step
Phase: Ai(2)-mm-giada-angels' First Strike Damage Step
Phase: Ai(2)-mm-giada-angels' Combat Damage Step
Phase: Ai(2)-mm-giada-angels' End of Combat Step
Phase: Ai(2)-mm-giada-angels' Main phase, postcombat
Mana: Plains (171) - {T}: Add {W}.
Mana: Plains (179) - {T}: Add {W}.
Add To Stack: Ai(2)-mm-giada-angels cast Pearl Medallion
Resolve Stack: Pearl Medallion
Phase: Ai(2)-mm-giada-angels' End step
Phase: Ai(2)-mm-giada-angels' Cleanup step
Turn: Turn 7 (Ai(3)-mm-baylen-tokens)
Phase: Ai(3)-mm-baylen-tokens' Untap step
Phase: Ai(3)-mm-baylen-tokens' Upkeep step
Phase: Ai(3)-mm-baylen-tokens' Draw step
Phase: Ai(3)-mm-baylen-tokens' Main phase, precombat
Phase: Ai(3)-mm-baylen-tokens' Beginning of Combat Step
Phase: Ai(3)-mm-baylen-tokens' Declare Attackers Step
Phase: Ai(3)-mm-baylen-tokens' Declare Blockers Step
Phase: Ai(3)-mm-baylen-tokens' First Strike Damage Step
Phase: Ai(3)-mm-baylen-tokens' Combat Damage Step
Phase: Ai(3)-mm-baylen-tokens' End of Combat Step
Phase: Ai(3)-mm-baylen-tokens' Main phase, postcombat
Replacement Effect: Jetmir's Garden enters tapped.
Land: Ai(3)-mm-baylen-tokens played Jetmir's Garden (222)
Mana: Plains (288) - {T}: Add {W}.
Mana: Sol Ring (217) - {T}: Add {C}{C}.
Add To Stack: Ai(3)-mm-baylen-tokens cast Hare Apparent
Replacement Effect: Creatures your opponents control enter tapped.
Resolve Stack: Hare Apparent - Creature 2 / 2
Add To Stack: Ai(3)-mm-baylen-tokens triggered Hare Apparent
Add To Stack: Ai(1)-mm-sythis-enchantress triggered Authority of the Consuls
Life: Life: Ai(1)-mm-sythis-enchantress 40 > 41
Resolve Stack: Whenever a creature an opponent controls enters, you gain 1 life. [Zone Changer: Hare Apparent (257)]
Resolve Stack: When this creature enters, create a number of 1/1 white Rabbit creature tokens equal to the number of other creatures you control named Hare Apparent. [Zone Changer: Hare Apparent (257)]
Phase: Ai(3)-mm-baylen-tokens' End step
Phase: Ai(3)-mm-baylen-tokens' Cleanup step
Turn: Turn 8 (Ai(4)-mm-muldrotha-value)
Phase: Ai(4)-mm-muldrotha-value's Untap step
Phase: Ai(4)-mm-muldrotha-value's Upkeep step
Phase: Ai(4)-mm-muldrotha-value's Draw step
Phase: Ai(4)-mm-muldrotha-value's Main phase, precombat
Land: Ai(4)-mm-muldrotha-value played Forest (347)
Phase: Ai(4)-mm-muldrotha-value's Beginning of Combat Step
Phase: Ai(4)-mm-muldrotha-value's Declare Attackers Step
Phase: Ai(4)-mm-muldrotha-value's Declare Blockers Step
Phase: Ai(4)-mm-muldrotha-value's First Strike Damage Step
Phase: Ai(4)-mm-muldrotha-value's Combat Damage Step
Phase: Ai(4)-mm-muldrotha-value's End of Combat Step
Phase: Ai(4)-mm-muldrotha-value's Main phase, postcombat
Mana: Zagoth Triome (318) - {T}: Add {B}.
Mana: Forest (347) - {T}: Add {G}.
Add To Stack: Ai(4)-mm-muldrotha-value cast Ripples of Undeath
Mana: Bountiful Promenade (13) - {T}: Add {G} or {W}.
Add To Stack: Ai(1)-mm-sythis-enchantress cast Swords to Plowshares targeting [Hare Apparent (257)]
Zone Change: Hare Apparent (257) was put into Exile from Battlefield.
Life: Life: Ai(3)-mm-baylen-tokens 40 > 42
Resolve Stack: Swords to Plowshares (59) - Exile Hare Apparent (257). Ai(3)-mm-baylen-tokens gains life equal to its power.
Resolve Stack: Ripples of Undeath
Phase: Ai(4)-mm-muldrotha-value's End step
Phase: Ai(4)-mm-muldrotha-value's Cleanup step
Turn: Turn 9 (Ai(1)-mm-sythis-enchantress)
Phase: Ai(1)-mm-sythis-enchantress' Untap step
Phase: Ai(1)-mm-sythis-enchantress' Upkeep step
Phase: Ai(1)-mm-sythis-enchantress' Draw step
Phase: Ai(1)-mm-sythis-enchantress' Main phase, precombat
Phase: Ai(1)-mm-sythis-enchantress' Beginning of Combat Step
Phase: Ai(1)-mm-sythis-enchantress' Declare Attackers Step
Phase: Ai(1)-mm-sythis-enchantress' Declare Blockers Step
Phase: Ai(1)-mm-sythis-enchantress' First Strike Damage Step
Phase: Ai(1)-mm-sythis-enchantress' Combat Damage Step
Phase: Ai(1)-mm-sythis-enchantress' End of Combat Step
Phase: Ai(1)-mm-sythis-enchantress' Main phase, postcombat
Land: Ai(1)-mm-sythis-enchantress played Forest (36)
Mana: Bountiful Promenade (13) - {T}: Add {G} or {W}.
Mana: Forest (36) - {T}: Add {G}.
Add To Stack: Ai(1)-mm-sythis-enchantress cast Sythis, Harvest's Hand
Resolve Stack: Sythis, Harvest's Hand - Creature 1 / 2
Phase: Ai(1)-mm-sythis-enchantress' End step
Phase: Ai(1)-mm-sythis-enchantress' Cleanup step
Turn: Turn 10 (Ai(2)-mm-giada-angels)
Phase: Ai(2)-mm-giada-angels' Untap step
Phase: Ai(2)-mm-giada-angels' Upkeep step
Phase: Ai(2)-mm-giada-angels' Draw step
Phase: Ai(2)-mm-giada-angels' Main phase, precombat
Phase: Ai(2)-mm-giada-angels' Beginning of Combat Step
Phase: Ai(2)-mm-giada-angels' Declare Attackers Step
Phase: Ai(2)-mm-giada-angels' Declare Blockers Step
Phase: Ai(2)-mm-giada-angels' First Strike Damage Step
Phase: Ai(2)-mm-giada-angels' Combat Damage Step
Phase: Ai(2)-mm-giada-angels' End of Combat Step
Phase: Ai(2)-mm-giada-angels' Main phase, postcombat
Land: Ai(2)-mm-giada-angels played Plains (181)
Mana: Plains (171) - {T}: Add {W}.
Mana: Plains (179) - {T}: Add {W}.
Mana: Plains (181) - {T}: Add {W}.
Add To Stack: Ai(2)-mm-giada-angels cast Firemane Commando
Replacement Effect: Creatures your opponents control enter tapped.
Resolve Stack: Firemane Commando - Creature 4 / 3
Add To Stack: Ai(1)-mm-sythis-enchantress triggered Authority of the Consuls
Life: Life: Ai(1)-mm-sythis-enchantress 41 > 42
Resolve Stack: Whenever a creature an opponent controls enters, you gain 1 life. [Zone Changer: Firemane Commando (117)]
Phase: Ai(2)-mm-giada-angels' End step
Phase: Ai(2)-mm-giada-angels' Cleanup step
Turn: Turn 11 (Ai(3)-mm-baylen-tokens)
Phase: Ai(3)-mm-baylen-tokens' Untap step
Phase: Ai(3)-mm-baylen-tokens' Upkeep step
Phase: Ai(3)-mm-baylen-tokens' Draw step
Phase: Ai(3)-mm-baylen-tokens' Main phase, precombat
Land: Ai(3)-mm-baylen-tokens played Plains (290)
Phase: Ai(3)-mm-baylen-tokens' Beginning of Combat Step
Phase: Ai(3)-mm-baylen-tokens' Declare Attackers Step
Phase: Ai(3)-mm-baylen-tokens' Declare Blockers Step
Phase: Ai(3)-mm-baylen-tokens' First Strike Damage Step
Phase: Ai(3)-mm-baylen-tokens' Combat Damage Step
Phase: Ai(3)-mm-baylen-tokens' End of Combat Step
Phase: Ai(3)-mm-baylen-tokens' Main phase, postcombat
Mana: Jetmir's Garden (222) - {T}: Add {G}.
Mana: Sol Ring (217) - {T}: Add {C}{C}.
Mana: Plains (288) - {T}: Add {W}.
Mana: Plains (290) - {T}: Add {W}.
Add To Stack: Ai(3)-mm-baylen-tokens cast Doubling Season
Resolve Stack: Doubling Season
Phase: Ai(3)-mm-baylen-tokens' End step
Phase: Ai(3)-mm-baylen-tokens' Cleanup step
Turn: Turn 12 (Ai(4)-mm-muldrotha-value)
Phase: Ai(4)-mm-muldrotha-value's Untap step
Phase: Ai(4)-mm-muldrotha-value's Upkeep step
Phase: Ai(4)-mm-muldrotha-value's Draw step
Phase: Ai(4)-mm-muldrotha-value's Main phase, precombat
Add To Stack: Ai(4)-mm-muldrotha-value triggered Ripples of Undeath
Zone Change: Ai(4)-mm-muldrotha-value milled Rhystic Study (328), Kaya's Ghostform (394) and Underrealm Lich (379).
Resolve Stack: At the beginning of your first main phase, mill three cards. Then you may pay {1} and 3 life. If you do, put a card from among those cards into your hand. [Phase: Ai(4)-mm-muldrotha-value]
Land: Ai(4)-mm-muldrotha-value played Island (336)
Mana: Forest (347) - {T}: Add {G}.
Mana: Island (336) - {T}: Add {U}.
Mana: Zagoth Triome (318) - {T}: Add {G}.
Zone Change: Forest (347) was put into Graveyard from Battlefield.
Add To Stack: Ai(4)-mm-muldrotha-value cast Harrow
Resolve Stack: Harrow (386) - Ai(4)-mm-muldrotha-value searches their library for  up to two basic land cards, puts them onto the battlefield, then shuffles.
Phase: Ai(4)-mm-muldrotha-value's Beginning of Combat Step
Phase: Ai(4)-mm-muldrotha-value's Declare Attackers Step
Phase: Ai(4)-mm-muldrotha-value's Declare Blockers Step
Phase: Ai(4)-mm-muldrotha-value's First Strike Damage Step
Phase: Ai(4)-mm-muldrotha-value's Combat Damage Step
Phase: Ai(4)-mm-muldrotha-value's End of Combat Step
Phase: Ai(4)-mm-muldrotha-value's Main phase, postcombat
Phase: Ai(4)-mm-muldrotha-value's End step
Phase: Ai(4)-mm-muldrotha-value's Cleanup step
Turn: Turn 13 (Ai(1)-mm-sythis-enchantress)
Phase: Ai(1)-mm-sythis-enchantress' Untap step
Phase: Ai(1)-mm-sythis-enchantress' Upkeep step
Phase: Ai(1)-mm-sythis-enchantress' Draw step
Phase: Ai(1)-mm-sythis-enchantress' Main phase, precombat
Phase: Ai(1)-mm-sythis-enchantress' Beginning of Combat Step
Phase: Ai(1)-mm-sythis-enchantress' Declare Attackers Step
Combat: Ai(1)-mm-sythis-enchantress assigned Sythis, Harvest's Hand (100) to attack Ai(2)-mm-giada-angels.
Phase: Ai(1)-mm-sythis-enchantress' Declare Blockers Step
Combat: Ai(2)-mm-giada-angels didn't block Sythis, Harvest's Hand (100).
Phase: Ai(1)-mm-sythis-enchantress' First Strike Damage Step
Phase: Ai(1)-mm-sythis-enchantress' Combat Damage Step
Damage: Sythis, Harvest's Hand (100) deals 1 combat damage to Ai(2)-mm-giada-angels.
Life: Life: Ai(2)-mm-giada-angels 40 > 39
Phase: Ai(1)-mm-sythis-enchantress' End of Combat Step
Phase: Ai(1)-mm-sythis-enchantress' Main phase, postcombat
Land: Ai(1)-mm-sythis-enchantress played Plains (83)
Mana: Plains (83) - {T}: Add {W}.
Mana: Forest (36) - {T}: Add {G}.
Add To Stack: Ai(1)-mm-sythis-enchantress cast Seal of Cleansing
Add To Stack: Ai(1)-mm-sythis-enchantress triggered Sythis, Harvest's Hand
Life: Life: Ai(1)-mm-sythis-enchantress 42 > 43
Resolve Stack: Whenever you cast an enchantment spell, you gain 1 life and draw a card. [Card: Seal of Cleansing (3), Activator: Ai(1)-mm-sythis-enchantress, SpellAbility: Seal of Cleansing]
Resolve Stack: Seal of Cleansing
Zone Change: Seal of Cleansing (3) was put into Graveyard from Battlefield.
Add To Stack: Ai(1)-mm-sythis-enchantress activated Seal of Cleansing targeting [Doubling Season (235)]
Zone Change: Doubling Season (235) was put into Graveyard from Battlefield.
Resolve Stack: Seal of Cleansing (3) - Destroy Doubling Season (235).
Mana: Bountiful Promenade (13) - {T}: Add {G} or {W}.
Mana: Sunpetal Grove (63) - {T}: Add {G} or {W}.
Add To Stack: Ai(1)-mm-sythis-enchantress cast Eladamri's Call
Resolve Stack: Eladamri's Call (56) - Ai(1)-mm-sythis-enchantress searches their library for a creature card, reveals it, puts it into their hand, then shuffles.
Phase: Ai(1)-mm-sythis-enchantress' End step
Phase: Ai(1)-mm-sythis-enchantress' Cleanup step
Turn: Turn 14 (Ai(2)-mm-giada-angels)
Phase: Ai(2)-mm-giada-angels' Untap step
Phase: Ai(2)-mm-giada-angels' Upkeep step
Phase: Ai(2)-mm-giada-angels' Draw step
Phase: Ai(2)-mm-giada-angels' Main phase, precombat
Land: Ai(2)-mm-giada-angels played Plains (194)
Mana: Plains (171) - {T}: Add {W}.
Mana: Plains (179) - {T}: Add {W}.
Mana: Plains (181) - {T}: Add {W}.
Add To Stack: Ai(2)-mm-giada-angels cast Linvala, Keeper of Silence
Replacement Effect: Creatures your opponents control enter tapped.
Resolve Stack: Linvala, Keeper of Silence - Creature 3 / 4
Add To Stack: Ai(1)-mm-sythis-enchantress triggered Authority of the Consuls
Life: Life: Ai(1)-mm-sythis-enchantress 43 > 44
Resolve Stack: Whenever a creature an opponent controls enters, you gain 1 life. [Zone Changer: Linvala, Keeper of Silence (122)]
Phase: Ai(2)-mm-giada-angels' Beginning of Combat Step
Phase: Ai(2)-mm-giada-angels' Declare Attackers Step
Combat: Ai(2)-mm-giada-angels assigned Firemane Commando (117) to attack Ai(1)-mm-sythis-enchantress.
Phase: Ai(2)-mm-giada-angels' Declare Blockers Step
Combat: Ai(1)-mm-sythis-enchantress didn't block Firemane Commando (117).
Phase: Ai(2)-mm-giada-angels' First Strike Damage Step
Phase: Ai(2)-mm-giada-angels' Combat Damage Step
Damage: Firemane Commando (117) deals 4 combat damage to Ai(1)-mm-sythis-enchantress.
Life: Life: Ai(1)-mm-sythis-enchantress 44 > 40
Phase: Ai(2)-mm-giada-angels' End of Combat Step
Phase: Ai(2)-mm-giada-angels' Main phase, postcombat
Mana: Plains (194) - {T}: Add {W}.
Add To Stack: Ai(2)-mm-giada-angels cast Giada, Font of Hope
Replacement Effect: Creatures your opponents control enter tapped.
Resolve Stack: Giada, Font of Hope - Creature 2 / 2
Add To Stack: Ai(1)-mm-sythis-enchantress triggered Authority of the Consuls
Life: Life: Ai(1)-mm-sythis-enchantress 40 > 41
Resolve Stack: Whenever a creature an opponent controls enters, you gain 1 life. [Zone Changer: Giada, Font of Hope (201)]
Phase: Ai(2)-mm-giada-angels' End step
Phase: Ai(2)-mm-giada-angels' Cleanup step
Turn: Turn 15 (Ai(3)-mm-baylen-tokens)
Phase: Ai(3)-mm-baylen-tokens' Untap step
Phase: Ai(3)-mm-baylen-tokens' Upkeep step
Phase: Ai(3)-mm-baylen-tokens' Draw step
Phase: Ai(3)-mm-baylen-tokens' Main phase, precombat
Replacement Effect: Cinder Glade enters tapped unless you control two or more basic lands.
Land: Ai(3)-mm-baylen-tokens played Cinder Glade (213)
Phase: Ai(3)-mm-baylen-tokens' Beginning of Combat Step
Phase: Ai(3)-mm-baylen-tokens' Declare Attackers Step
Phase: Ai(3)-mm-baylen-tokens' Declare Blockers Step
Phase: Ai(3)-mm-baylen-tokens' First Strike Damage Step
Phase: Ai(3)-mm-baylen-tokens' Combat Damage Step
Phase: Ai(3)-mm-baylen-tokens' End of Combat Step
Phase: Ai(3)-mm-baylen-tokens' Main phase, postcombat
Mana: Plains (288) - {T}: Add {W}.
Mana: Plains (290) - {T}: Add {W}.
Mana: Sol Ring (217) - {T}: Add {C}{C}.
Mana: Cinder Glade (213) - {T}: Add {G}.
Add To Stack: Ai(3)-mm-baylen-tokens cast Season of the Burrow
Replacement Effect: Creatures your opponents control enter tapped.
Zone Change: Firemane Commando (117) was put into Exile from Battlefield.
Resolve Stack: Season of the Burrow (203) -  Create a 1/1 white Rabbit creature token. Exile target nonland permanent. Its controller draws a card. (Targeting: Firemane Commando (117))  
Add To Stack: Ai(1)-mm-sythis-enchantress triggered Authority of the Consuls
Life: Life: Ai(1)-mm-sythis-enchantress 41 > 42
Resolve Stack: Whenever a creature an opponent controls enters, you gain 1 life. [Zone Changer: Rabbit Token (428)]
Phase: Ai(3)-mm-baylen-tokens' End step
Phase: Ai(3)-mm-baylen-tokens' Cleanup step
Turn: Turn 16 (Ai(4)-mm-muldrotha-value)
Phase: Ai(4)-mm-muldrotha-value's Untap step
Phase: Ai(4)-mm-muldrotha-value's Upkeep step
Phase: Ai(4)-mm-muldrotha-value's Draw step
Phase: Ai(4)-mm-muldrotha-value's Main phase, precombat
Add To Stack: Ai(4)-mm-muldrotha-value triggered Ripples of Undeath
Zone Change: Ai(4)-mm-muldrotha-value milled Buried Alive (324), Spore Frog (353) and Six (325).
Resolve Stack: At the beginning of your first main phase, mill three cards. Then you may pay {1} and 3 life. If you do, put a card from among those cards into your hand. [Phase: Ai(4)-mm-muldrotha-value]
Land: Ai(4)-mm-muldrotha-value played Swamp (365)
Phase: Ai(4)-mm-muldrotha-value's Beginning of Combat Step
Phase: Ai(4)-mm-muldrotha-value's Declare Attackers Step
Phase: Ai(4)-mm-muldrotha-value's Declare Blockers Step
Phase: Ai(4)-mm-muldrotha-value's First Strike Damage Step
Phase: Ai(4)-mm-muldrotha-value's Combat Damage Step
Phase: Ai(4)-mm-muldrotha-value's End of Combat Step
Phase: Ai(4)-mm-muldrotha-value's Main phase, postcombat
Mana: Zagoth Triome (318) - {T}: Add {G}.
Mana: Swamp (366) - {T}: Add {B}.
Mana: Swamp (368) - {T}: Add {B}.
Mana: Swamp (365) - {T}: Add {B}.
Mana: Island (336) - {T}: Add {U}.
Add To Stack: Ai(4)-mm-muldrotha-value cast The Gitrog Monster
Replacement Effect: Creatures your opponents control enter tapped.
Resolve Stack: The Gitrog Monster - Creature 6 / 6
Add To Stack: Ai(1)-mm-sythis-enchantress triggered Authority of the Consuls
Life: Life: Ai(1)-mm-sythis-enchantress 42 > 43
Resolve Stack: Whenever a creature an opponent controls enters, you gain 1 life. [Zone Changer: The Gitrog Monster (378)]
Land: Ai(4)-mm-muldrotha-value played Evolving Wilds (340)
Zone Change: Evolving Wilds (340) was put into Graveyard from Battlefield.
Add To Stack: Ai(4)-mm-muldrotha-value activated Evolving Wilds
Add To Stack: Ai(4)-mm-muldrotha-value triggered The Gitrog Monster
Resolve Stack: Whenever one or more land cards are put into your graveyard from anywhere, draw a card. [Amount: 1]
Resolve Stack: Evolving Wilds (340) - Ai(4)-mm-muldrotha-value searches their library for a basic land card, puts it onto the battlefield tapped, then shuffles.
Phase: Ai(4)-mm-muldrotha-value's End step
Phase: Ai(4)-mm-muldrotha-value's Cleanup step
Turn: Turn 17 (Ai(1)-mm-sythis-enchantress)
Phase: Ai(1)-mm-sythis-enchantress' Untap step
Phase: Ai(1)-mm-sythis-enchantress' Upkeep step
Phase: Ai(1)-mm-sythis-enchantress' Draw step
Phase: Ai(1)-mm-sythis-enchantress' Main phase, precombat
Phase: Ai(1)-mm-sythis-enchantress' Beginning of Combat Step
Phase: Ai(1)-mm-sythis-enchantress' Declare Attackers Step
Combat: Ai(1)-mm-sythis-enchantress assigned Sythis, Harvest's Hand (100) to attack Ai(2)-mm-giada-angels.
Phase: Ai(1)-mm-sythis-enchantress' Declare Blockers Step
Combat: Ai(2)-mm-giada-angels didn't block Sythis, Harvest's Hand (100).
Phase: Ai(1)-mm-sythis-enchantress' First Strike Damage Step
Phase: Ai(1)-mm-sythis-enchantress' Combat Damage Step
Damage: Sythis, Harvest's Hand (100) deals 1 combat damage to Ai(2)-mm-giada-angels.
Life: Life: Ai(2)-mm-giada-angels 39 > 38
Phase: Ai(1)-mm-sythis-enchantress' End of Combat Step
Phase: Ai(1)-mm-sythis-enchantress' Main phase, postcombat
Land: Ai(1)-mm-sythis-enchantress played Forest (39)
Mana: Plains (83) - {T}: Add {W}.
Mana: Forest (36) - {T}: Add {G}.
Mana: Forest (39) - {T}: Add {G}.
Add To Stack: Ai(1)-mm-sythis-enchantress cast Heliod, Sun-Crowned
Add To Stack: Ai(1)-mm-sythis-enchantress triggered Sythis, Harvest's Hand
Life: Life: Ai(1)-mm-sythis-enchantress 43 > 44
Resolve Stack: Whenever you cast an enchantment spell, you gain 1 life and draw a card. [Card: Heliod, Sun-Crowned (95), Activator: Ai(1)-mm-sythis-enchantress, SpellAbility: Heliod, Sun-Crowned - Creature 5 / 5]
Resolve Stack: Heliod, Sun-Crowned - Creature 5 / 5
Mana: Bountiful Promenade (13) - {T}: Add {G} or {W}.
Mana: Sunpetal Grove (63) - {T}: Add {G} or {W}.
Add To Stack: Ai(1)-mm-sythis-enchantress cast Jukai Naturalist
Add To Stack: Ai(1)-mm-sythis-enchantress triggered Sythis, Harvest's Hand
Life: Life: Ai(1)-mm-sythis-enchantress 44 > 45
Resolve Stack: Whenever you cast an enchantment spell, you gain 1 life and draw a card. [Card: Jukai Naturalist (22), Activator: Ai(1)-mm-sythis-enchantress, SpellAbility: Jukai Naturalist - Creature 2 / 2]
Add To Stack: Ai(1)-mm-sythis-enchantress triggered Heliod, Sun-Crowned targeting [Sythis, Harvest's Hand (100)]
Resolve Stack: Whenever you gain life, put a +1/+1 counter on target creature or enchantment you control. (Targeting: [[Sythis, Harvest's Hand (100)]]) [Player: Ai(1)-mm-sythis-enchantress, Gained Amount: 1]
Resolve Stack: Jukai Naturalist - Creature 2 / 2
Phase: Ai(1)-mm-sythis-enchantress' End step
Phase: Ai(1)-mm-sythis-enchantress' Cleanup step
Turn: Turn 18 (Ai(2)-mm-giada-angels)
Phase: Ai(2)-mm-giada-angels' Untap step
Phase: Ai(2)-mm-giada-angels' Upkeep step
Phase: Ai(2)-mm-giada-angels' Draw step
Phase: Ai(2)-mm-giada-angels' Main phase, precombat
Land: Ai(2)-mm-giada-angels played Plains (193)
Mana: Plains (171) - {T}: Add {W}.
Mana: Plains (179) - {T}: Add {W}.
Mana: Plains (181) - {T}: Add {W}.
Mana: Plains (194) - {T}: Add {W}.
Mana: Plains (193) - {T}: Add {W}.
Mana: Giada, Font of Hope (201) - {T}: Add {W}. Spend this mana only to cast an Angel spell.
Add To Stack: Ai(2)-mm-giada-angels cast Serra's Emissary
Replacement Effect: Creatures your opponents control enter tapped.
Replacement Effect: Each other Angel you control enters with an additional +1/+1 counter on it for each Angel you already control.
Replacement Effect: As Serra's Emissary enters, choose a card type.
Resolve Stack: Serra's Emissary - Creature 7 / 7
Add To Stack: Ai(1)-mm-sythis-enchantress triggered Authority of the Consuls
Life: Life: Ai(1)-mm-sythis-enchantress 45 > 46
Resolve Stack: Whenever a creature an opponent controls enters, you gain 1 life. [Zone Changer: Serra's Emissary (162)]
Add To Stack: Ai(1)-mm-sythis-enchantress triggered Heliod, Sun-Crowned targeting [Jukai Naturalist (22)]
Resolve Stack: Whenever you gain life, put a +1/+1 counter on target creature or enchantment you control. (Targeting: [[Jukai Naturalist (22)]]) [Player: Ai(1)-mm-sythis-enchantress, Gained Amount: 1]
Phase: Ai(2)-mm-giada-angels' Beginning of Combat Step
Phase: Ai(2)-mm-giada-angels' Declare Attackers Step
Combat: Ai(2)-mm-giada-angels assigned Linvala, Keeper of Silence (122) to attack Ai(1)-mm-sythis-enchantress.
Phase: Ai(2)-mm-giada-angels' Declare Blockers Step
Combat: Ai(1)-mm-sythis-enchantress didn't block Linvala, Keeper of Silence (122).
Phase: Ai(2)-mm-giada-angels' First Strike Damage Step
Phase: Ai(2)-mm-giada-angels' Combat Damage Step
Damage: Linvala, Keeper of Silence (122) deals 3 combat damage to Ai(1)-mm-sythis-enchantress.
Life: Life: Ai(1)-mm-sythis-enchantress 46 > 43
Phase: Ai(2)-mm-giada-angels' End of Combat Step
Phase: Ai(2)-mm-giada-angels' Main phase, postcombat
Phase: Ai(2)-mm-giada-angels' End step
Phase: Ai(2)-mm-giada-angels' Cleanup step
Turn: Turn 19 (Ai(3)-mm-baylen-tokens)
Phase: Ai(3)-mm-baylen-tokens' Untap step
Phase: Ai(3)-mm-baylen-tokens' Upkeep step
Phase: Ai(3)-mm-baylen-tokens' Draw step
Phase: Ai(3)-mm-baylen-tokens' Main phase, precombat
Mana: Plains (288) - {T}: Add {W}.
Mana: Sol Ring (217) - {T}: Add {C}{C}.
Add To Stack: Ai(3)-mm-baylen-tokens cast Hare Apparent
Replacement Effect: Creatures your opponents control enter tapped.
Resolve Stack: Hare Apparent - Creature 2 / 2
Add To Stack: Ai(3)-mm-baylen-tokens triggered Hare Apparent
Add To Stack: Ai(1)-mm-sythis-enchantress triggered Authority of the Consuls
Life: Life: Ai(1)-mm-sythis-enchantress 43 > 44
Resolve Stack: Whenever a creature an opponent controls enters, you gain 1 life. [Zone Changer: Hare Apparent (245)]
Add To Stack: Ai(1)-mm-sythis-enchantress triggered Heliod, Sun-Crowned targeting [Jukai Naturalist (22)]
Resolve Stack: Whenever you gain life, put a +1/+1 counter on target creature or enchantment you control. (Targeting: [[Jukai Naturalist (22)]]) [Player: Ai(1)-mm-sythis-enchantress, Gained Amount: 1]
Resolve Stack: When this creature enters, create a number of 1/1 white Rabbit creature tokens equal to the number of other creatures you control named Hare Apparent. [Zone Changer: Hare Apparent (245)]
Mana: Plains (290) - {T}: Add {W}.
Add To Stack: Ai(3)-mm-baylen-tokens cast Hare Apparent
Replacement Effect: Creatures your opponents control enter tapped.
Resolve Stack: Hare Apparent - Creature 2 / 2
Add To Stack: Ai(3)-mm-baylen-tokens triggered Hare Apparent
Add To Stack: Ai(1)-mm-sythis-enchantress triggered Authority of the Consuls
Life: Life: Ai(1)-mm-sythis-enchantress 44 > 45
Resolve Stack: Whenever a creature an opponent controls enters, you gain 1 life. [Zone Changer: Hare Apparent (260)]
Add To Stack: Ai(1)-mm-sythis-enchantress triggered Heliod, Sun-Crowned targeting [Jukai Naturalist (22)]
Resolve Stack: Whenever you gain life, put a +1/+1 counter on target creature or enchantment you control. (Targeting: [[Jukai Naturalist (22)]]) [Player: Ai(1)-mm-sythis-enchantress, Gained Amount: 1]
Replacement Effect: Creatures your opponents control enter tapped.
Resolve Stack: When this creature enters, create a number of 1/1 white Rabbit creature tokens equal to the number of other creatures you control named Hare Apparent. [Zone Changer: Hare Apparent (260)]
Add To Stack: Ai(1)-mm-sythis-enchantress triggered Authority of the Consuls
Life: Life: Ai(1)-mm-sythis-enchantress 45 > 46
Resolve Stack: Whenever a creature an opponent controls enters, you gain 1 life. [Zone Changer: Rabbit Token (436)]
Add To Stack: Ai(1)-mm-sythis-enchantress triggered Heliod, Sun-Crowned targeting [Jukai Naturalist (22)]
Resolve Stack: Whenever you gain life, put a +1/+1 counter on target creature or enchantment you control. (Targeting: [[Jukai Naturalist (22)]]) [Player: Ai(1)-mm-sythis-enchantress, Gained Amount: 1]
Phase: Ai(3)-mm-baylen-tokens' Beginning of Combat Step
Phase: Ai(3)-mm-baylen-tokens' Declare Attackers Step
Phase: Ai(3)-mm-baylen-tokens' Declare Blockers Step
Phase: Ai(3)-mm-baylen-tokens' First Strike Damage Step
Phase: Ai(3)-mm-baylen-tokens' Combat Damage Step
Phase: Ai(3)-mm-baylen-tokens' End of Combat Step
Phase: Ai(3)-mm-baylen-tokens' Main phase, postcombat
Land: Ai(3)-mm-baylen-tokens played Mountain (283)
Mana: Jetmir's Garden (222) - {T}: Add {W}.
Mana: Cinder Glade (213) - {T}: Add {G}.
Mana: Mountain (283) - {T}: Add {R}.
Add To Stack: Ai(3)-mm-baylen-tokens cast Baylen, the Haymaker
Replacement Effect: Creatures your opponents control enter tapped.
Resolve Stack: Baylen, the Haymaker - Creature 4 / 3
Add To Stack: Ai(1)-mm-sythis-enchantress triggered Authority of the Consuls
Life: Life: Ai(1)-mm-sythis-enchantress 46 > 47
Resolve Stack: Whenever a creature an opponent controls enters, you gain 1 life. [Zone Changer: Baylen, the Haymaker (302)]
Add To Stack: Ai(1)-mm-sythis-enchantress triggered Heliod, Sun-Crowned targeting [Jukai Naturalist (22)]
Resolve Stack: Whenever you gain life, put a +1/+1 counter on target creature or enchantment you control. (Targeting: [[Jukai Naturalist (22)]]) [Player: Ai(1)-mm-sythis-enchantress, Gained Amount: 1]
Phase: Ai(3)-mm-baylen-tokens' End step
Phase: Ai(3)-mm-baylen-tokens' Cleanup step
Turn: Turn 20 (Ai(4)-mm-muldrotha-value)
Phase: Ai(4)-mm-muldrotha-value's Untap step
Phase: Ai(4)-mm-muldrotha-value's Upkeep step
Add To Stack: Ai(4)-mm-muldrotha-value triggered The Gitrog Monster
Zone Change: Forest (346) was put into Graveyard from Battlefield.
Resolve Stack: At the beginning of your upkeep, sacrifice The Gitrog Monster unless you sacrifice a land. [Phase: Ai(4)-mm-muldrotha-value]
Add To Stack: Ai(4)-mm-muldrotha-value triggered The Gitrog Monster
Resolve Stack: Whenever one or more land cards are put into your graveyard from anywhere, draw a card. [Amount: 1]
Phase: Ai(4)-mm-muldrotha-value's Draw step
Phase: Ai(4)-mm-muldrotha-value's Main phase, precombat
Add To Stack: Ai(4)-mm-muldrotha-value triggered Ripples of Undeath
Zone Change: Ai(4)-mm-muldrotha-value milled Sol Ring (320), Misty Rainforest (314) and Fabled Passage (311).
Resolve Stack: At the beginning of your first main phase, mill three cards. Then you may pay {1} and 3 life. If you do, put a card from among those cards into your hand. [Phase: Ai(4)-mm-muldrotha-value]
Add To Stack: Ai(4)-mm-muldrotha-value triggered The Gitrog Monster
Resolve Stack: Whenever one or more land cards are put into your graveyard from anywhere, draw a card. [Amount: 2]
Replacement Effect: As Breeding Pool enters, you may pay 2 life. If you don't, it enters tapped.
Land: Ai(4)-mm-muldrotha-value played Breeding Pool (371)
Land: Ai(4)-mm-muldrotha-value played Verdant Catacombs (317)
Life: Life: Ai(4)-mm-muldrotha-value 40 > 39
Zone Change: Verdant Catacombs (317) was put into Graveyard from Battlefield.
Add To Stack: Ai(4)-mm-muldrotha-value activated Verdant Catacombs
Add To Stack: Ai(4)-mm-muldrotha-value triggered The Gitrog Monster
Resolve Stack: Whenever one or more land cards are put into your graveyard from anywhere, draw a card. [Amount: 1]
Replacement Effect: As Overgrown Tomb enters, you may pay 2 life. If you don't, it enters tapped.
Resolve Stack: Verdant Catacombs (317) - Ai(4)-mm-muldrotha-value searches their library for a Swamp or Forest card, puts it onto the battlefield, then shuffles.
Phase: Ai(4)-mm-muldrotha-value's Beginning of Combat Step
Phase: Ai(4)-mm-muldrotha-value's Declare Attackers Step
Phase: Ai(4)-mm-muldrotha-value's Declare Blockers Step
Phase: Ai(4)-mm-muldrotha-value's First Strike Damage Step
Phase: Ai(4)-mm-muldrotha-value's Combat Damage Step
Phase: Ai(4)-mm-muldrotha-value's End of Combat Step
Phase: Ai(4)-mm-muldrotha-value's Main phase, postcombat
Mana: Island (336) - {T}: Add {U}.
Mana: Zagoth Triome (318) - {T}: Add {U}.
Mana: Swamp (366) - {T}: Add {B}.
Mana: Swamp (368) - {T}: Add {B}.
Mana: Swamp (365) - {T}: Add {B}.
Add To Stack: Ai(4)-mm-muldrotha-value cast River Kelpie
Replacement Effect: Creatures your opponents control enter tapped.
Resolve Stack: River Kelpie - Creature 3 / 3
Add To Stack: Ai(1)-mm-sythis-enchantress triggered Authority of the Consuls
Life: Life: Ai(1)-mm-sythis-enchantress 47 > 48
Resolve Stack: Whenever a creature an opponent controls enters, you gain 1 life. [Zone Changer: River Kelpie (355)]
Add To Stack: Ai(1)-mm-sythis-enchantress triggered Heliod, Sun-Crowned targeting [Jukai Naturalist (22)]
Resolve Stack: Whenever you gain life, put a +1/+1 counter on target creature or enchantment you control. (Targeting: [[Jukai Naturalist (22)]]) [Player: Ai(1)-mm-sythis-enchantress, Gained Amount: 1]
Phase: Ai(4)-mm-muldrotha-value's End step
Phase: Ai(4)-mm-muldrotha-value's Cleanup step
Turn: Turn 21 (Ai(1)-mm-sythis-enchantress)
Phase: Ai(1)-mm-sythis-enchantress' Untap step
Phase: Ai(1)-mm-sythis-enchantress' Upkeep step
Phase: Ai(1)-mm-sythis-enchantress' Draw step
Mana: Plains (83) - {T}: Add {W}.
Add To Stack: Ai(1)-mm-sythis-enchantress cast Path to Exile targeting [Serra's Emissary (162)]
Zone Change: Serra's Emissary (162) was put into Exile from Battlefield.
Resolve Stack: Path to Exile (8) - Exile Serra's Emissary (162). Ai(2)-mm-giada-angels may search their library for a basic land card, put that card onto the battlefield tapped, then shuffle their library. 
Phase: Ai(1)-mm-sythis-enchantress' Main phase, precombat
Land: Ai(1)-mm-sythis-enchantress played Forest (43)
Mana: Bountiful Promenade (13) - {T}: Add {G} or {W}.
Mana: Sunpetal Grove (63) - {T}: Add {G} or {W}.
Mana: Forest (36) - {T}: Add {G}.
Add To Stack: Ai(1)-mm-sythis-enchantress cast Mesa Enchantress
Resolve Stack: Mesa Enchantress - Creature 0 / 2
Phase: Ai(1)-mm-sythis-enchantress' Beginning of Combat Step
Phase: Ai(1)-mm-sythis-enchantress' Declare Attackers Step
Combat: Ai(1)-mm-sythis-enchantress assigned Jukai Naturalist (22), Heliod, Sun-Crowned (95) and Sythis, Harvest's Hand (100) to attack Ai(3)-mm-baylen-tokens.
Phase: Ai(1)-mm-sythis-enchantress' Declare Blockers Step
Combat: Ai(3)-mm-baylen-tokens didn't block Jukai Naturalist (22).
Ai(3)-mm-baylen-tokens didn't block Heliod, Sun-Crowned (95).
Ai(3)-mm-baylen-tokens didn't block Sythis, Harvest's Hand (100).
Phase: Ai(1)-mm-sythis-enchantress' First Strike Damage Step
Phase: Ai(1)-mm-sythis-enchantress' Combat Damage Step
Damage: Jukai Naturalist (22) deals 8 combat damage to Ai(3)-mm-baylen-tokens.
Life: Life: Ai(1)-mm-sythis-enchantress 48 > 56
Damage: Heliod, Sun-Crowned (95) deals 5 combat damage to Ai(3)-mm-baylen-tokens.
Damage: Sythis, Harvest's Hand (100) deals 2 combat damage to Ai(3)-mm-baylen-tokens.
Life: Life: Ai(3)-mm-baylen-tokens 42 > 27
Add To Stack: Ai(1)-mm-sythis-enchantress triggered Heliod, Sun-Crowned targeting [Jukai Naturalist (22)]
Resolve Stack: Whenever you gain life, put a +1/+1 counter on target creature or enchantment you control. (Targeting: [[Jukai Naturalist (22)]]) [Player: Ai(1)-mm-sythis-enchantress, Gained Amount: 8]
Phase: Ai(1)-mm-sythis-enchantress' End of Combat Step
Phase: Ai(1)-mm-sythis-enchantress' Main phase, postcombat
Mana: Forest (39) - {T}: Add {G}.
Mana: Forest (43) - {T}: Add {G}.
Add To Stack: Ai(1)-mm-sythis-enchantress cast Arcane Signet
Resolve Stack: Arcane Signet
Mana: Arcane Signet (97) - {T}: Add one mana of any color in your commander's color identity.
Add To Stack: Ai(1)-mm-sythis-enchantress cast Sol Ring
Resolve Stack: Sol Ring
Phase: Ai(1)-mm-sythis-enchantress' End step
Phase: Ai(1)-mm-sythis-enchantress' Cleanup step
Turn: Turn 22 (Ai(2)-mm-giada-angels)
Phase: Ai(2)-mm-giada-angels' Untap step
Phase: Ai(2)-mm-giada-angels' Upkeep step
Phase: Ai(2)-mm-giada-angels' Draw step
Phase: Ai(2)-mm-giada-angels' Main phase, precombat
Land: Ai(2)-mm-giada-angels played Plains (183)
Phase: Ai(2)-mm-giada-angels' Beginning of Combat Step
Phase: Ai(2)-mm-giada-angels' Declare Attackers Step
Combat: Ai(2)-mm-giada-angels assigned Linvala, Keeper of Silence (122) and Giada, Font of Hope (201) to attack Ai(1)-mm-sythis-enchantress.
Phase: Ai(2)-mm-giada-angels' Declare Blockers Step
Combat: Ai(1)-mm-sythis-enchantress didn't block Linvala, Keeper of Silence (122).
Ai(1)-mm-sythis-enchantress didn't block Giada, Font of Hope (201).
Phase: Ai(2)-mm-giada-angels' First Strike Damage Step
Phase: Ai(2)-mm-giada-angels' Combat Damage Step
Damage: Linvala, Keeper of Silence (122) deals 3 combat damage to Ai(1)-mm-sythis-enchantress.
Damage: Giada, Font of Hope (201) deals 2 combat damage to Ai(1)-mm-sythis-enchantress.
Life: Life: Ai(1)-mm-sythis-enchantress 56 > 51
Phase: Ai(2)-mm-giada-angels' End of Combat Step
Phase: Ai(2)-mm-giada-angels' Main phase, postcombat
Mana: Plains (171) - {T}: Add {W}.
Mana: Plains (179) - {T}: Add {W}.
Mana: Plains (181) - {T}: Add {W}.
Mana: Plains (194) - {T}: Add {W}.
Add To Stack: Ai(2)-mm-giada-angels cast Angel of Destiny
Replacement Effect: Creatures your opponents control enter tapped.
Replacement Effect: Each other Angel you control enters with an additional +1/+1 counter on it for each Angel you already control.
Resolve Stack: Angel of Destiny - Creature 2 / 6
Add To Stack: Ai(1)-mm-sythis-enchantress triggered Authority of the Consuls
Life: Life: Ai(1)-mm-sythis-enchantress 51 > 52
Resolve Stack: Whenever a creature an opponent controls enters, you gain 1 life. [Zone Changer: Angel of Destiny (145)]
Add To Stack: Ai(1)-mm-sythis-enchantress triggered Heliod, Sun-Crowned targeting [Jukai Naturalist (22)]
Resolve Stack: Whenever you gain life, put a +1/+1 counter on target creature or enchantment you control. (Targeting: [[Jukai Naturalist (22)]]) [Player: Ai(1)-mm-sythis-enchantress, Gained Amount: 1]
Mana: Plains (193) - {T}: Add {W}.
Mana: Plains (190) - {T}: Add {W}.
Mana: Plains (183) - {T}: Add {W}.
Add To Stack: Ai(2)-mm-giada-angels cast Angelic Accord
Resolve Stack: Angelic Accord
Phase: Ai(2)-mm-giada-angels' End step
Phase: Ai(2)-mm-giada-angels' Cleanup step
Turn: Turn 23 (Ai(3)-mm-baylen-tokens)
Phase: Ai(3)-mm-baylen-tokens' Untap step
Phase: Ai(3)-mm-baylen-tokens' Upkeep step
Phase: Ai(3)-mm-baylen-tokens' Draw step
Phase: Ai(3)-mm-baylen-tokens' Main phase, precombat
Mana: Plains (288) - {T}: Add {W}.
Mana: Sol Ring (217) - {T}: Add {C}{C}.
Add To Stack: Ai(3)-mm-baylen-tokens cast Hare Apparent
Replacement Effect: Creatures your opponents control enter tapped.
Resolve Stack: Hare Apparent - Creature 2 / 2
Add To Stack: Ai(3)-mm-baylen-tokens triggered Hare Apparent
Add To Stack: Ai(1)-mm-sythis-enchantress triggered Authority of the Consuls
Life: Life: Ai(1)-mm-sythis-enchantress 52 > 53
Resolve Stack: Whenever a creature an opponent controls enters, you gain 1 life. [Zone Changer: Hare Apparent (258)]
Add To Stack: Ai(1)-mm-sythis-enchantress triggered Heliod, Sun-Crowned targeting [Jukai Naturalist (22)]
Resolve Stack: Whenever you gain life, put a +1/+1 counter on target creature or enchantment you control. (Targeting: [[Jukai Naturalist (22)]]) [Player: Ai(1)-mm-sythis-enchantress, Gained Amount: 1]
Replacement Effect: Creatures your opponents control enter tapped.
Replacement Effect: Creatures your opponents control enter tapped.
Resolve Stack: When this creature enters, create a number of 1/1 white Rabbit creature tokens equal to the number of other creatures you control named Hare Apparent. [Zone Changer: Hare Apparent (258)]
Add To Stack: Ai(1)-mm-sythis-enchantress triggered Authority of the Consuls
Add To Stack: Ai(1)-mm-sythis-enchantress triggered Authority of the Consuls
Life: Life: Ai(1)-mm-sythis-enchantress 53 > 54
Resolve Stack: Whenever a creature an opponent controls enters, you gain 1 life. [Zone Changer: Rabbit Token (441)]
Add To Stack: Ai(1)-mm-sythis-enchantress triggered Heliod, Sun-Crowned targeting [Jukai Naturalist (22)]
Resolve Stack: Whenever you gain life, put a +1/+1 counter on target creature or enchantment you control. (Targeting: [[Jukai Naturalist (22)]]) [Player: Ai(1)-mm-sythis-enchantress, Gained Amount: 1]
Life: Life: Ai(1)-mm-sythis-enchantress 54 > 55
Resolve Stack: Whenever a creature an opponent controls enters, you gain 1 life. [Zone Changer: Rabbit Token (440)]
Add To Stack: Ai(1)-mm-sythis-enchantress triggered Heliod, Sun-Crowned targeting [Jukai Naturalist (22)]
Resolve Stack: Whenever you gain life, put a +1/+1 counter on target creature or enchantment you control. (Targeting: [[Jukai Naturalist (22)]]) [Player: Ai(1)-mm-sythis-enchantress, Gained Amount: 1]
Phase: Ai(3)-mm-baylen-tokens' Beginning of Combat Step
Phase: Ai(3)-mm-baylen-tokens' Declare Attackers Step
Combat: Ai(3)-mm-baylen-tokens assigned Baylen, the Haymaker (302), Hare Apparent (245) and Hare Apparent (260) to attack Ai(1)-mm-sythis-enchantress.
Phase: Ai(3)-mm-baylen-tokens' Declare Blockers Step
Combat: Ai(1)-mm-sythis-enchantress didn't block Baylen, the Haymaker (302).
Ai(1)-mm-sythis-enchantress didn't block Hare Apparent (245).
Ai(1)-mm-sythis-enchantress didn't block Hare Apparent (260).
Phase: Ai(3)-mm-baylen-tokens' First Strike Damage Step
Phase: Ai(3)-mm-baylen-tokens' Combat Damage Step
Damage: Baylen, the Haymaker (302) deals 4 combat damage to Ai(1)-mm-sythis-enchantress.
Damage: Hare Apparent (245) deals 2 combat damage to Ai(1)-mm-sythis-enchantress.
Damage: Hare Apparent (260) deals 2 combat damage to Ai(1)-mm-sythis-enchantress.
Life: Life: Ai(1)-mm-sythis-enchantress 55 > 47
Phase: Ai(3)-mm-baylen-tokens' End of Combat Step
Phase: Ai(3)-mm-baylen-tokens' Main phase, postcombat
Land: Ai(3)-mm-baylen-tokens played Plains (291)
Phase: Ai(3)-mm-baylen-tokens' End step
Phase: Ai(3)-mm-baylen-tokens' Cleanup step
Turn: Turn 24 (Ai(4)-mm-muldrotha-value)
Phase: Ai(4)-mm-muldrotha-value's Untap step
Phase: Ai(4)-mm-muldrotha-value's Upkeep step
Add To Stack: Ai(4)-mm-muldrotha-value triggered The Gitrog Monster
Zone Change: Overgrown Tomb (377) was put into Graveyard from Battlefield.
Resolve Stack: At the beginning of your upkeep, sacrifice The Gitrog Monster unless you sacrifice a land. [Phase: Ai(4)-mm-muldrotha-value]
Add To Stack: Ai(4)-mm-muldrotha-value triggered The Gitrog Monster
Resolve Stack: Whenever one or more land cards are put into your graveyard from anywhere, draw a card. [Amount: 1]
Phase: Ai(4)-mm-muldrotha-value's Draw step
Mana: Breeding Pool (371) - {T}: Add {G}.
Zone Change: Breeding Pool (371) was put into Graveyard from Battlefield.
Add To Stack: Ai(4)-mm-muldrotha-value cast Crop Rotation
Add To Stack: Ai(4)-mm-muldrotha-value triggered The Gitrog Monster
Resolve Stack: Whenever one or more land cards are put into your graveyard from anywhere, draw a card. [Amount: 1]
Replacement Effect: Bojuka Bog enters tapped.
Resolve Stack: Crop Rotation (364) - Ai(4)-mm-muldrotha-value searches their library for a land card, puts it onto the battlefield, then shuffles.
Add To Stack: Ai(4)-mm-muldrotha-value triggered Bojuka Bog targeting [Ai(3)-mm-baylen-tokens]
Resolve Stack: When Bojuka Bog enters, exile all cards from target player's graveyard. (Targeting: [[Ai(3)-mm-baylen-tokens]]) [Zone Changer: Bojuka Bog (358)]
Phase: Ai(4)-mm-muldrotha-value's Main phase, precombat
Add To Stack: Ai(4)-mm-muldrotha-value triggered Ripples of Undeath
Zone Change: Ai(4)-mm-muldrotha-value milled Forest (342), Command Beacon (308) and Rejuvenating Springs (312).
Resolve Stack: At the beginning of your first main phase, mill three cards. Then you may pay {1} and 3 life. If you do, put a card from among those cards into your hand. [Phase: Ai(4)-mm-muldrotha-value]
Add To Stack: Ai(4)-mm-muldrotha-value triggered The Gitrog Monster
Resolve Stack: Whenever one or more land cards are put into your graveyard from anywhere, draw a card. [Amount: 3]
Mana: Swamp (366) - {T}: Add {B}.
Mana: Swamp (368) - {T}: Add {B}.
Add To Stack: Ai(4)-mm-muldrotha-value cast Lightning Greaves
Resolve Stack: Lightning Greaves
Add To Stack: Ai(4)-mm-muldrotha-value activated Lightning Greaves targeting [The Gitrog Monster (378)]
Resolve Stack: Lightning Greaves (397) -  Attach to The Gitrog Monster (378)
Phase: Ai(4)-mm-muldrotha-value's Beginning of Combat Step
Phase: Ai(4)-mm-muldrotha-value's Declare Attackers Step
Combat: Ai(4)-mm-muldrotha-value assigned The Gitrog Monster (378) and River Kelpie (355) to attack Ai(2)-mm-giada-angels.
Phase: Ai(4)-mm-muldrotha-value's Declare Blockers Step
Combat: Ai(2)-mm-giada-angels didn't block The Gitrog Monster (378).
Ai(2)-mm-giada-angels didn't block River Kelpie (355).
Phase: Ai(4)-mm-muldrotha-value's First Strike Damage Step
Phase: Ai(4)-mm-muldrotha-value's Combat Damage Step
Damage: The Gitrog Monster (378) deals 6 combat damage to Ai(2)-mm-giada-angels.
Damage: River Kelpie (355) deals 3 combat damage to Ai(2)-mm-giada-angels.
Life: Life: Ai(2)-mm-giada-angels 38 > 29
Phase: Ai(4)-mm-muldrotha-value's End of Combat Step
Phase: Ai(4)-mm-muldrotha-value's Main phase, postcombat
Mana: Island (336) - {T}: Add {U}.
Mana: Swamp (365) - {T}: Add {B}.
Mana: Zagoth Triome (318) - {T}: Add {G}.
Add To Stack: Ai(4)-mm-muldrotha-value cast Mulldrifter
Replacement Effect: Creatures your opponents control enter tapped.
Resolve Stack: Mulldrifter (Evoked)
Add To Stack: Ai(4)-mm-muldrotha-value triggered Mulldrifter
Add To Stack: Ai(4)-mm-muldrotha-value triggered Mulldrifter
Add To Stack: Ai(1)-mm-sythis-enchantress triggered Authority of the Consuls
Life: Life: Ai(1)-mm-sythis-enchantress 47 > 48
Resolve Stack: Whenever a creature an opponent controls enters, you gain 1 life. [Zone Changer: Mulldrifter (363)]
Add To Stack: Ai(1)-mm-sythis-enchantress triggered Heliod, Sun-Crowned targeting [Jukai Naturalist (22)]
Resolve Stack: Whenever you gain life, put a +1/+1 counter on target creature or enchantment you control. (Targeting: [[Jukai Naturalist (22)]]) [Player: Ai(1)-mm-sythis-enchantress, Gained Amount: 1]
Resolve Stack: When Mulldrifter enters, draw two cards. [Zone Changer: Mulldrifter (363)]
Zone Change: Mulldrifter (363) was put into Graveyard from Battlefield.
Resolve Stack: Evoke (You may cast this spell for its evoke cost. If you do, it's sacrificed when it enters.) [Zone Changer: Mulldrifter (363)]
Land: Ai(4)-mm-muldrotha-value played Island (338)
Mana: Island (338) - {T}: Add {U}.
Add To Stack: Ai(4)-mm-muldrotha-value cast Seal of Removal
Resolve Stack: Seal of Removal
Zone Change: Seal of Removal (373) was put into Graveyard from Battlefield.
Add To Stack: Ai(4)-mm-muldrotha-value activated Seal of Removal targeting [Angel of Destiny (145)]
Resolve Stack: Seal of Removal (373) - Return Angel of Destiny (145) to its owner's hand.
Phase: Ai(4)-mm-muldrotha-value's End step
Phase: Ai(4)-mm-muldrotha-value's Cleanup step
Turn: Turn 25 (Ai(1)-mm-sythis-enchantress)
Phase: Ai(1)-mm-sythis-enchantress' Untap step
Phase: Ai(1)-mm-sythis-enchantress' Upkeep step
Phase: Ai(1)-mm-sythis-enchantress' Draw step
Phase: Ai(1)-mm-sythis-enchantress' Main phase, precombat
Land: Ai(1)-mm-sythis-enchantress played Forest (37)
Mana: Plains (83) - {T}: Add {W}.
Mana: Forest (36) - {T}: Add {G}.
Add To Stack: Ai(1)-mm-sythis-enchantress cast Calix, Guided by Fate
Add To Stack: Ai(1)-mm-sythis-enchantress triggered Sythis, Harvest's Hand
Add To Stack: Ai(1)-mm-sythis-enchantress triggered Mesa Enchantress
Resolve Stack: Whenever you cast an enchantment spell, you may draw a card. [Card: Calix, Guided by Fate (30), Activator: Ai(1)-mm-sythis-enchantress, SpellAbility: Calix, Guided by Fate - Creature 2 / 2]
Life: Life: Ai(1)-mm-sythis-enchantress 48 > 49
Resolve Stack: Whenever you cast an enchantment spell, you gain 1 life and draw a card. [Card: Calix, Guided by Fate (30), Activator: Ai(1)-mm-sythis-enchantress, SpellAbility: Calix, Guided by Fate - Creature 2 / 2]
Add To Stack: Ai(1)-mm-sythis-enchantress triggered Heliod, Sun-Crowned targeting [Jukai Naturalist (22)]
Resolve Stack: Whenever you gain life, put a +1/+1 counter on target creature or enchantment you control. (Targeting: [[Jukai Naturalist (22)]]) [Player: Ai(1)-mm-sythis-enchantress, Gained Amount: 1]
Resolve Stack: Calix, Guided by Fate - Creature 2 / 2
Add To Stack: Ai(1)-mm-sythis-enchantress triggered Calix, Guided by Fate targeting [Jukai Naturalist (22)]
Resolve Stack: Constellation — Whenever Calix, Guided by Fate or another enchantment you control enters, put a +1/+1 counter on target creature. (Targeting: [[Jukai Naturalist (22)]]) [Zone Changer: Calix, Guided by Fate (30)]
Mana: Bountiful Promenade (13) - {T}: Add {G} or {W}.
Mana: Forest (39) - {T}: Add {G}.
Mana: Sol Ring (25) - {T}: Add {C}{C}.
Add To Stack: Ai(1)-mm-sythis-enchantress cast Yenna, Redtooth Regent
Resolve Stack: Yenna, Redtooth Regent - Creature 4 / 4
Phase: Ai(1)-mm-sythis-enchantress' Beginning of Combat Step
Phase: Ai(1)-mm-sythis-enchantress' Declare Attackers Step
Combat: Ai(1)-mm-sythis-enchantress assigned Jukai Naturalist (22), Heliod, Sun-Crowned (95) and Sythis, Harvest's Hand (100) to attack Ai(3)-mm-baylen-tokens.
Phase: Ai(1)-mm-sythis-enchantress' Declare Blockers Step
Combat: Ai(3)-mm-baylen-tokens assigned Rabbit Token (428) to block Jukai Naturalist (22).
Ai(3)-mm-baylen-tokens didn't block Heliod, Sun-Crowned (95).
Ai(3)-mm-baylen-tokens didn't block Sythis, Harvest's Hand (100).
Phase: Ai(1)-mm-sythis-enchantress' First Strike Damage Step
Phase: Ai(1)-mm-sythis-enchantress' Combat Damage Step
Damage: Jukai Naturalist (22) deals 16 damage to Rabbit Token (428).
Life: Life: Ai(1)-mm-sythis-enchantress 49 > 65
Damage: Heliod, Sun-Crowned (95) deals 5 combat damage to Ai(3)-mm-baylen-tokens.
Damage: Sythis, Harvest's Hand (100) deals 2 combat damage to Ai(3)-mm-baylen-tokens.
Damage: Rabbit Token (428) deals 1 damage to Jukai Naturalist (22).
Life: Life: Ai(3)-mm-baylen-tokens 27 > 20
Zone Change: Rabbit Token (428) was put into Graveyard from Battlefield.
Add To Stack: Ai(1)-mm-sythis-enchantress triggered Heliod, Sun-Crowned targeting [Jukai Naturalist (22)]
Resolve Stack: Whenever you gain life, put a +1/+1 counter on target creature or enchantment you control. (Targeting: [[Jukai Naturalist (22)]]) [Player: Ai(1)-mm-sythis-enchantress, Gained Amount: 16]
Phase: Ai(1)-mm-sythis-enchantress' End of Combat Step
Phase: Ai(1)-mm-sythis-enchantress' Main phase, postcombat
Mana: Forest (43) - {T}: Add {G}.
Add To Stack: Ai(1)-mm-sythis-enchantress cast Sanctum Weaver
Add To Stack: Ai(1)-mm-sythis-enchantress triggered Sythis, Harvest's Hand
Add To Stack: Ai(1)-mm-sythis-enchantress triggered Mesa Enchantress
Resolve Stack: Whenever you cast an enchantment spell, you may draw a card. [Card: Sanctum Weaver (67), Activator: Ai(1)-mm-sythis-enchantress, SpellAbility: Sanctum Weaver - Creature 0 / 2]
Life: Life: Ai(1)-mm-sythis-enchantress 65 > 66
Resolve Stack: Whenever you cast an enchantment spell, you gain 1 life and draw a card. [Card: Sanctum Weaver (67), Activator: Ai(1)-mm-sythis-enchantress, SpellAbility: Sanctum Weaver - Creature 0 / 2]
Add To Stack: Ai(1)-mm-sythis-enchantress triggered Heliod, Sun-Crowned targeting [Jukai Naturalist (22)]
Resolve Stack: Whenever you gain life, put a +1/+1 counter on target creature or enchantment you control. (Targeting: [[Jukai Naturalist (22)]]) [Player: Ai(1)-mm-sythis-enchantress, Gained Amount: 1]
Resolve Stack: Sanctum Weaver - Creature 0 / 2
Add To Stack: Ai(1)-mm-sythis-enchantress triggered Calix, Guided by Fate targeting [Jukai Naturalist (22)]
Resolve Stack: Constellation — Whenever Calix, Guided by Fate or another enchantment you control enters, put a +1/+1 counter on target creature. (Targeting: [[Jukai Naturalist (22)]]) [Zone Changer: Sanctum Weaver (67)]
Mana: Forest (37) - {T}: Add {G}.
Add To Stack: Ai(1)-mm-sythis-enchantress cast Destiny Spinner
Add To Stack: Ai(1)-mm-sythis-enchantress triggered Sythis, Harvest's Hand
Add To Stack: Ai(1)-mm-sythis-enchantress triggered Mesa Enchantress
Resolve Stack: Whenever you cast an enchantment spell, you may draw a card. [Card: Destiny Spinner (27), Activator: Ai(1)-mm-sythis-enchantress, SpellAbility: Destiny Spinner - Creature 2 / 3]
Life: Life: Ai(1)-mm-sythis-enchantress 66 > 67
Resolve Stack: Whenever you cast an enchantment spell, you gain 1 life and draw a card. [Card: Destiny Spinner (27), Activator: Ai(1)-mm-sythis-enchantress, SpellAbility: Destiny Spinner - Creature 2 / 3]
Add To Stack: Ai(1)-mm-sythis-enchantress triggered Heliod, Sun-Crowned targeting [Jukai Naturalist (22)]
Resolve Stack: Whenever you gain life, put a +1/+1 counter on target creature or enchantment you control. (Targeting: [[Jukai Naturalist (22)]]) [Player: Ai(1)-mm-sythis-enchantress, Gained Amount: 1]
Resolve Stack: Destiny Spinner - Creature 2 / 3
Add To Stack: Ai(1)-mm-sythis-enchantress triggered Calix, Guided by Fate targeting [Jukai Naturalist (22)]
Resolve Stack: Constellation — Whenever Calix, Guided by Fate or another enchantment you control enters, put a +1/+1 counter on target creature. (Targeting: [[Jukai Naturalist (22)]]) [Zone Changer: Destiny Spinner (27)]
Phase: Ai(1)-mm-sythis-enchantress' End step
Phase: Ai(1)-mm-sythis-enchantress' Cleanup step
Turn: Turn 26 (Ai(2)-mm-giada-angels)
Phase: Ai(2)-mm-giada-angels' Untap step
Phase: Ai(2)-mm-giada-angels' Upkeep step
Phase: Ai(2)-mm-giada-angels' Draw step
Phase: Ai(2)-mm-giada-angels' Main phase, precombat
Land: Ai(2)-mm-giada-angels played Plains (189)
Mana: Plains (171) - {T}: Add {W}.
Mana: Plains (179) - {T}: Add {W}.
Add To Stack: Ai(2)-mm-giada-angels cast Lightning Greaves
Resolve Stack: Lightning Greaves
Add To Stack: Ai(2)-mm-giada-angels activated Lightning Greaves targeting [Linvala, Keeper of Silence (122)]
Resolve Stack: Lightning Greaves (196) -  Attach to Linvala, Keeper of Silence (122)
Phase: Ai(2)-mm-giada-angels' Beginning of Combat Step
Phase: Ai(2)-mm-giada-angels' Declare Attackers Step
Combat: Ai(2)-mm-giada-angels assigned Linvala, Keeper of Silence (122) and Giada, Font of Hope (201) to attack Ai(1)-mm-sythis-enchantress.
Phase: Ai(2)-mm-giada-angels' Declare Blockers Step
Combat: Ai(1)-mm-sythis-enchantress didn't block Linvala, Keeper of Silence (122).
Ai(1)-mm-sythis-enchantress didn't block Giada, Font of Hope (201).
Phase: Ai(2)-mm-giada-angels' First Strike Damage Step
Phase: Ai(2)-mm-giada-angels' Combat Damage Step
Damage: Linvala, Keeper of Silence (122) deals 3 combat damage to Ai(1)-mm-sythis-enchantress.
Damage: Giada, Font of Hope (201) deals 2 combat damage to Ai(1)-mm-sythis-enchantress.
Life: Life: Ai(1)-mm-sythis-enchantress 67 > 62
Phase: Ai(2)-mm-giada-angels' End of Combat Step
Phase: Ai(2)-mm-giada-angels' Main phase, postcombat
Mana: Plains (181) - {T}: Add {W}.
Mana: Plains (194) - {T}: Add {W}.
Mana: Plains (193) - {T}: Add {W}.
Mana: Plains (190) - {T}: Add {W}.
Add To Stack: Ai(2)-mm-giada-angels cast Angel of Destiny
Replacement Effect: Creatures your opponents control enter tapped.
Replacement Effect: Each other Angel you control enters with an additional +1/+1 counter on it for each Angel you already control.
Resolve Stack: Angel of Destiny - Creature 2 / 6
Add To Stack: Ai(1)-mm-sythis-enchantress triggered Authority of the Consuls
Life: Life: Ai(1)-mm-sythis-enchantress 62 > 63
Resolve Stack: Whenever a creature an opponent controls enters, you gain 1 life. [Zone Changer: Angel of Destiny (145)]
Add To Stack: Ai(1)-mm-sythis-enchantress triggered Heliod, Sun-Crowned targeting [Jukai Naturalist (22)]
Resolve Stack: Whenever you gain life, put a +1/+1 counter on target creature or enchantment you control. (Targeting: [[Jukai Naturalist (22)]]) [Player: Ai(1)-mm-sythis-enchantress, Gained Amount: 1]
Phase: Ai(2)-mm-giada-angels' End step
Phase: Ai(2)-mm-giada-angels' Cleanup step
Turn: Turn 27 (Ai(3)-mm-baylen-tokens)
Phase: Ai(3)-mm-baylen-tokens' Untap step
Phase: Ai(3)-mm-baylen-tokens' Upkeep step
Phase: Ai(3)-mm-baylen-tokens' Draw step
Phase: Ai(3)-mm-baylen-tokens' Main phase, precombat
Mana: Plains (288) - {T}: Add {W}.
Mana: Sol Ring (217) - {T}: Add {C}{C}.
Add To Stack: Ai(3)-mm-baylen-tokens cast Hare Apparent
Replacement Effect: Creatures your opponents control enter tapped.
Resolve Stack: Hare Apparent - Creature 2 / 2
Add To Stack: Ai(3)-mm-baylen-tokens triggered Hare Apparent
Add To Stack: Ai(1)-mm-sythis-enchantress triggered Authority of the Consuls
Life: Life: Ai(1)-mm-sythis-enchantress 63 > 64
Resolve Stack: Whenever a creature an opponent controls enters, you gain 1 life. [Zone Changer: Hare Apparent (252)]
Add To Stack: Ai(1)-mm-sythis-enchantress triggered Heliod, Sun-Crowned targeting [Jukai Naturalist (22)]
Resolve Stack: Whenever you gain life, put a +1/+1 counter on target creature or enchantment you control. (Targeting: [[Jukai Naturalist (22)]]) [Player: Ai(1)-mm-sythis-enchantress, Gained Amount: 1]
Replacement Effect: Creatures your opponents control enter tapped.
Replacement Effect: Creatures your opponents control enter tapped.
Replacement Effect: Creatures your opponents control enter tapped.
Resolve Stack: When this creature enters, create a number of 1/1 white Rabbit creature tokens equal to the number of other creatures you control named Hare Apparent. [Zone Changer: Hare Apparent (252)]
Add To Stack: Ai(1)-mm-sythis-enchantress triggered Authority of the Consuls
Add To Stack: Ai(1)-mm-sythis-enchantress triggered Authority of the Consuls
Add To Stack: Ai(1)-mm-sythis-enchantress triggered Authority of the Consuls
Life: Life: Ai(1)-mm-sythis-enchantress 64 > 65
Resolve Stack: Whenever a creature an opponent controls enters, you gain 1 life. [Zone Changer: Rabbit Token (447)]
Add To Stack: Ai(1)-mm-sythis-enchantress triggered Heliod, Sun-Crowned targeting [Jukai Naturalist (22)]
Resolve Stack: Whenever you gain life, put a +1/+1 counter on target creature or enchantment you control. (Targeting: [[Jukai Naturalist (22)]]) [Player: Ai(1)-mm-sythis-enchantress, Gained Amount: 1]
Life: Life: Ai(1)-mm-sythis-enchantress 65 > 66
Resolve Stack: Whenever a creature an opponent controls enters, you gain 1 life. [Zone Changer: Rabbit Token (446)]
Add To Stack: Ai(1)-mm-sythis-enchantress triggered Heliod, Sun-Crowned targeting [Jukai Naturalist (22)]
Resolve Stack: Whenever you gain life, put a +1/+1 counter on target creature or enchantment you control. (Targeting: [[Jukai Naturalist (22)]]) [Player: Ai(1)-mm-sythis-enchantress, Gained Amount: 1]
Life: Life: Ai(1)-mm-sythis-enchantress 66 > 67
Resolve Stack: Whenever a creature an opponent controls enters, you gain 1 life. [Zone Changer: Rabbit Token (445)]
Add To Stack: Ai(1)-mm-sythis-enchantress triggered Heliod, Sun-Crowned targeting [Jukai Naturalist (22)]
Resolve Stack: Whenever you gain life, put a +1/+1 counter on target creature or enchantment you control. (Targeting: [[Jukai Naturalist (22)]]) [Player: Ai(1)-mm-sythis-enchantress, Gained Amount: 1]
Phase: Ai(3)-mm-baylen-tokens' Beginning of Combat Step
Phase: Ai(3)-mm-baylen-tokens' Declare Attackers Step
Phase: Ai(3)-mm-baylen-tokens' Declare Blockers Step
Phase: Ai(3)-mm-baylen-tokens' First Strike Damage Step
Phase: Ai(3)-mm-baylen-tokens' Combat Damage Step
Phase: Ai(3)-mm-baylen-tokens' End of Combat Step
Phase: Ai(3)-mm-baylen-tokens' Main phase, postcombat
Phase: Ai(3)-mm-baylen-tokens' End step
Phase: Ai(3)-mm-baylen-tokens' Cleanup step
Turn: Turn 28 (Ai(4)-mm-muldrotha-value)
Phase: Ai(4)-mm-muldrotha-value's Untap step
Phase: Ai(4)-mm-muldrotha-value's Upkeep step
Add To Stack: Ai(4)-mm-muldrotha-value triggered The Gitrog Monster
Zone Change: Island (338) was put into Graveyard from Battlefield.
Resolve Stack: At the beginning of your upkeep, sacrifice The Gitrog Monster unless you sacrifice a land. [Phase: Ai(4)-mm-muldrotha-value]
Add To Stack: Ai(4)-mm-muldrotha-value triggered The Gitrog Monster
Resolve Stack: Whenever one or more land cards are put into your graveyard from anywhere, draw a card. [Amount: 1]
Mana: Zagoth Triome (318) - {T}: Add {G}.
Mana: Swamp (366) - {T}: Add {B}.
Add To Stack: Ai(4)-mm-muldrotha-value cast Assassin's Trophy targeting [Jukai Naturalist (22)]
Zone Change: Jukai Naturalist (22) was put into Graveyard from Battlefield.
Resolve Stack: Assassin's Trophy (356) - Destroy Jukai Naturalist (22). (OPTIONAL) Ai(4)-mm-muldrotha-value searches Ai(1)-mm-sythis-enchantress library for a basic land card, puts it onto the battlefield, then shuffles.
Mana: Island (336) - {T}: Add {U}.
Mana: Swamp (368) - {T}: Add {B}.
Add To Stack: Ai(4)-mm-muldrotha-value cast Cyclonic Rift targeting [Angel of Destiny (145)]
Resolve Stack: Cyclonic Rift (310) - Return Angel of Destiny (145) to its owner's hand.
Phase: Ai(4)-mm-muldrotha-value's Draw step
Phase: Ai(4)-mm-muldrotha-value's Main phase, precombat
Add To Stack: Ai(4)-mm-muldrotha-value triggered Ripples of Undeath
Zone Change: Ai(4)-mm-muldrotha-value milled Icetill Explorer (335), Ashiok, Dream Render (372) and Sunken Hollow (331).
Resolve Stack: At the beginning of your first main phase, mill three cards. Then you may pay {1} and 3 life. If you do, put a card from among those cards into your hand. [Phase: Ai(4)-mm-muldrotha-value]
Add To Stack: Ai(4)-mm-muldrotha-value triggered The Gitrog Monster
Resolve Stack: Whenever one or more land cards are put into your graveyard from anywhere, draw a card. [Amount: 1]
Land: Ai(4)-mm-muldrotha-value played Island (339)
Phase: Ai(4)-mm-muldrotha-value's Beginning of Combat Step
Phase: Ai(4)-mm-muldrotha-value's Declare Attackers Step
Combat: Ai(4)-mm-muldrotha-value assigned The Gitrog Monster (378) to attack Ai(1)-mm-sythis-enchantress.
Phase: Ai(4)-mm-muldrotha-value's Declare Blockers Step
Combat: Ai(1)-mm-sythis-enchantress didn't block The Gitrog Monster (378).
Phase: Ai(4)-mm-muldrotha-value's First Strike Damage Step
Phase: Ai(4)-mm-muldrotha-value's Combat Damage Step
Damage: The Gitrog Monster (378) deals 6 combat damage to Ai(1)-mm-sythis-enchantress.
Life: Life: Ai(1)-mm-sythis-enchantress 67 > 61
Phase: Ai(4)-mm-muldrotha-value's End of Combat Step
Phase: Ai(4)-mm-muldrotha-value's Main phase, postcombat
Phase: Ai(4)-mm-muldrotha-value's End step
Phase: Ai(4)-mm-muldrotha-value's Cleanup step
Turn: Turn 29 (Ai(1)-mm-sythis-enchantress)
Phase: Ai(1)-mm-sythis-enchantress' Untap step
Phase: Ai(1)-mm-sythis-enchantress' Upkeep step
Phase: Ai(1)-mm-sythis-enchantress' Draw step
Phase: Ai(1)-mm-sythis-enchantress' Main phase, precombat
Land: Ai(1)-mm-sythis-enchantress played Plains (85)
Mana: Plains (83) - {T}: Add {W}.
Mana: Sol Ring (25) - {T}: Add {C}{C}.
Add To Stack: Ai(1)-mm-sythis-enchantress cast Moon-Blessed Cleric
Resolve Stack: Moon-Blessed Cleric - Creature 3 / 2
Add To Stack: Ai(1)-mm-sythis-enchantress triggered Moon-Blessed Cleric
Resolve Stack: Divine Intervention — When Moon-Blessed Cleric enters, you may search your library for an enchantment card, reveal it, then shuffle and put that card on top. [Zone Changer: Moon-Blessed Cleric (50)]
Mana: Forest (36) - {T}: Add {G}.
Add To Stack: Ai(1)-mm-sythis-enchantress cast Rancor targeting [Heliod, Sun-Crowned (95)]
Add To Stack: Ai(1)-mm-sythis-enchantress triggered Sythis, Harvest's Hand
Add To Stack: Ai(1)-mm-sythis-enchantress triggered Mesa Enchantress
Resolve Stack: Whenever you cast an enchantment spell, you may draw a card. [Card: Rancor (9), Activator: Ai(1)-mm-sythis-enchantress, SpellAbility: Rancor]
Life: Life: Ai(1)-mm-sythis-enchantress 61 > 62
Resolve Stack: Whenever you cast an enchantment spell, you gain 1 life and draw a card. [Card: Rancor (9), Activator: Ai(1)-mm-sythis-enchantress, SpellAbility: Rancor]
Add To Stack: Ai(1)-mm-sythis-enchantress triggered Heliod, Sun-Crowned targeting [Heliod, Sun-Crowned (95)]
Resolve Stack: Whenever you gain life, put a +1/+1 counter on target creature or enchantment you control. (Targeting: [[Heliod, Sun-Crowned (95)]]) [Player: Ai(1)-mm-sythis-enchantress, Gained Amount: 1]
Resolve Stack: Rancor (9) -  Attach to Heliod, Sun-Crowned (95)
Add To Stack: Ai(1)-mm-sythis-enchantress triggered Calix, Guided by Fate targeting [Heliod, Sun-Crowned (95)]
Resolve Stack: Constellation — Whenever Calix, Guided by Fate or another enchantment you control enters, put a +1/+1 counter on target creature. (Targeting: [[Heliod, Sun-Crowned (95)]]) [Zone Changer: Rancor (9)]
Phase: Ai(1)-mm-sythis-enchantress' Beginning of Combat Step
Phase: Ai(1)-mm-sythis-enchantress' Declare Attackers Step
Combat: Ai(1)-mm-sythis-enchantress assigned Heliod, Sun-Crowned (95) and Yenna, Redtooth Regent (79) to attack Ai(3)-mm-baylen-tokens.
Phase: Ai(1)-mm-sythis-enchantress' Declare Blockers Step
Combat: Ai(3)-mm-baylen-tokens didn't block Heliod, Sun-Crowned (95).
Ai(3)-mm-baylen-tokens didn't block Yenna, Redtooth Regent (79).
Phase: Ai(1)-mm-sythis-enchantress' First Strike Damage Step
Phase: Ai(1)-mm-sythis-enchantress' Combat Damage Step
Damage: Heliod, Sun-Crowned (95) deals 9 combat damage to Ai(3)-mm-baylen-tokens.
Damage: Yenna, Redtooth Regent (79) deals 4 combat damage to Ai(3)-mm-baylen-tokens.
Life: Life: Ai(3)-mm-baylen-tokens 20 > 7
Add To Stack: Ai(1)-mm-sythis-enchantress triggered Calix, Guided by Fate
Resolve Stack: Whenever Calix or an enchanted creature you control deals combat damage to a player, you may create a token that's a copy of a nonlegendary enchantment you control. Do this only once each turn. [Damage Source: Heliod, Sun-Crowned (95), Damaged: Ai(3)-mm-baylen-tokens, Amount: 9]
Add To Stack: Ai(1)-mm-sythis-enchantress triggered Calix, Guided by Fate targeting [Heliod, Sun-Crowned (95)]
Resolve Stack: Constellation — Whenever Calix, Guided by Fate or another enchantment you control enters, put a +1/+1 counter on target creature. (Targeting: [[Heliod, Sun-Crowned (95)]]) [Zone Changer: Destiny Spinner (449)]
Phase: Ai(1)-mm-sythis-enchantress' End of Combat Step
Phase: Ai(1)-mm-sythis-enchantress' Main phase, postcombat
Mana: Forest (39) - {T}: Add {G}.
Mana: Forest (43) - {T}: Add {G}.
Mana: Forest (37) - {T}: Add {G}.
Add To Stack: Ai(1)-mm-sythis-enchantress cast Courser of Kruphix
Add To Stack: Ai(1)-mm-sythis-enchantress triggered Sythis, Harvest's Hand
Add To Stack: Ai(1)-mm-sythis-enchantress triggered Mesa Enchantress
Resolve Stack: Whenever you cast an enchantment spell, you may draw a card. [Card: Courser of Kruphix (99), Activator: Ai(1)-mm-sythis-enchantress, SpellAbility: Courser of Kruphix - Creature 2 / 4]
Life: Life: Ai(1)-mm-sythis-enchantress 62 > 63
Resolve Stack: Whenever you cast an enchantment spell, you gain 1 life and draw a card. [Card: Courser of Kruphix (99), Activator: Ai(1)-mm-sythis-enchantress, SpellAbility: Courser of Kruphix - Creature 2 / 4]
Add To Stack: Ai(1)-mm-sythis-enchantress triggered Heliod, Sun-Crowned targeting [Heliod, Sun-Crowned (95)]
Resolve Stack: Whenever you gain life, put a +1/+1 counter on target creature or enchantment you control. (Targeting: [[Heliod, Sun-Crowned (95)]]) [Player: Ai(1)-mm-sythis-enchantress, Gained Amount: 1]
Resolve Stack: Courser of Kruphix - Creature 2 / 4
Add To Stack: Ai(1)-mm-sythis-enchantress triggered Calix, Guided by Fate targeting [Heliod, Sun-Crowned (95)]
Resolve Stack: Constellation — Whenever Calix, Guided by Fate or another enchantment you control enters, put a +1/+1 counter on target creature. (Targeting: [[Heliod, Sun-Crowned (95)]]) [Zone Changer: Courser of Kruphix (99)]
Mana: Plains (90) - {T}: Add {W}.
Mana: Plains (85) - {T}: Add {W}.
Mana: Bountiful Promenade (13) - {T}: Add {G} or {W}.
Add To Stack: Ai(1)-mm-sythis-enchantress cast Ghostly Prison
Add To Stack: Ai(1)-mm-sythis-enchantress triggered Sythis, Harvest's Hand
Add To Stack: Ai(1)-mm-sythis-enchantress triggered Mesa Enchantress
Resolve Stack: Whenever you cast an enchantment spell, you may draw a card. [Card: Ghostly Prison (21), Activator: Ai(1)-mm-sythis-enchantress, SpellAbility: Ghostly Prison]
Life: Life: Ai(1)-mm-sythis-enchantress 63 > 64
Resolve Stack: Whenever you cast an enchantment spell, you gain 1 life and draw a card. [Card: Ghostly Prison (21), Activator: Ai(1)-mm-sythis-enchantress, SpellAbility: Ghostly Prison]
Add To Stack: Ai(1)-mm-sythis-enchantress triggered Heliod, Sun-Crowned targeting [Heliod, Sun-Crowned (95)]
Resolve Stack: Whenever you gain life, put a +1/+1 counter on target creature or enchantment you control. (Targeting: [[Heliod, Sun-Crowned (95)]]) [Player: Ai(1)-mm-sythis-enchantress, Gained Amount: 1]
Resolve Stack: Ghostly Prison
Add To Stack: Ai(1)-mm-sythis-enchantress triggered Calix, Guided by Fate targeting [Heliod, Sun-Crowned (95)]
Resolve Stack: Constellation — Whenever Calix, Guided by Fate or another enchantment you control enters, put a +1/+1 counter on target creature. (Targeting: [[Heliod, Sun-Crowned (95)]]) [Zone Changer: Ghostly Prison (21)]
Mana: Sunpetal Grove (63) - {T}: Add {G} or {W}.
Add To Stack: Ai(1)-mm-sythis-enchantress cast Whip Silk targeting [Yenna, Redtooth Regent (79)]
Add To Stack: Ai(1)-mm-sythis-enchantress triggered Sythis, Harvest's Hand
Add To Stack: Ai(1)-mm-sythis-enchantress triggered Mesa Enchantress
Resolve Stack: Whenever you cast an enchantment spell, you may draw a card. [Card: Whip Silk (71), Activator: Ai(1)-mm-sythis-enchantress, SpellAbility: Whip Silk]
Life: Life: Ai(1)-mm-sythis-enchantress 64 > 65
Resolve Stack: Whenever you cast an enchantment spell, you gain 1 life and draw a card. [Card: Whip Silk (71), Activator: Ai(1)-mm-sythis-enchantress, SpellAbility: Whip Silk]
Add To Stack: Ai(1)-mm-sythis-enchantress triggered Heliod, Sun-Crowned targeting [Heliod, Sun-Crowned (95)]
Resolve Stack: Whenever you gain life, put a +1/+1 counter on target creature or enchantment you control. (Targeting: [[Heliod, Sun-Crowned (95)]]) [Player: Ai(1)-mm-sythis-enchantress, Gained Amount: 1]
Resolve Stack: Whip Silk (71) -  Attach to Yenna, Redtooth Regent (79)
Add To Stack: Ai(1)-mm-sythis-enchantress triggered Calix, Guided by Fate targeting [Heliod, Sun-Crowned (95)]
Resolve Stack: Constellation — Whenever Calix, Guided by Fate or another enchantment you control enters, put a +1/+1 counter on target creature. (Targeting: [[Heliod, Sun-Crowned (95)]]) [Zone Changer: Whip Silk (71)]
Phase: Ai(1)-mm-sythis-enchantress' End step
Phase: Ai(1)-mm-sythis-enchantress' Cleanup step
Turn: Turn 30 (Ai(2)-mm-giada-angels)
Phase: Ai(2)-mm-giada-angels' Untap step
Phase: Ai(2)-mm-giada-angels' Upkeep step
Phase: Ai(2)-mm-giada-angels' Draw step
Phase: Ai(2)-mm-giada-angels' Main phase, precombat
Mana: Plains (193) - {T}: Add {W}.
Mana: Plains (190) - {T}: Add {W}.
Add To Stack: Ai(2)-mm-giada-angels cast Swiftfoot Boots
Resolve Stack: Swiftfoot Boots
Mana: Plains (183) - {T}: Add {W}.
Add To Stack: Ai(2)-mm-giada-angels activated Swiftfoot Boots targeting [Giada, Font of Hope (201)]
Resolve Stack: Swiftfoot Boots (142) -  Attach to Giada, Font of Hope (201)
Phase: Ai(2)-mm-giada-angels' Beginning of Combat Step
Phase: Ai(2)-mm-giada-angels' Declare Attackers Step
Phase: Ai(2)-mm-giada-angels' Declare Blockers Step
Phase: Ai(2)-mm-giada-angels' First Strike Damage Step
Phase: Ai(2)-mm-giada-angels' Combat Damage Step
Phase: Ai(2)-mm-giada-angels' End of Combat Step
Phase: Ai(2)-mm-giada-angels' Main phase, postcombat
Mana: Plains (171) - {T}: Add {W}.
Mana: Plains (179) - {T}: Add {W}.
Mana: Plains (181) - {T}: Add {W}.
Mana: Plains (194) - {T}: Add {W}.
Add To Stack: Ai(2)-mm-giada-angels cast Angel of Destiny
Replacement Effect: Creatures your opponents control enter tapped.
Replacement Effect: Each other Angel you control enters with an additional +1/+1 counter on it for each Angel you already control.
Resolve Stack: Angel of Destiny - Creature 2 / 6
Add To Stack: Ai(1)-mm-sythis-enchantress triggered Authority of the Consuls
Life: Life: Ai(1)-mm-sythis-enchantress 65 > 66
Resolve Stack: Whenever a creature an opponent controls enters, you gain 1 life. [Zone Changer: Angel of Destiny (145)]
Add To Stack: Ai(1)-mm-sythis-enchantress triggered Heliod, Sun-Crowned targeting [Heliod, Sun-Crowned (95)]
Resolve Stack: Whenever you gain life, put a +1/+1 counter on target creature or enchantment you control. (Targeting: [[Heliod, Sun-Crowned (95)]]) [Player: Ai(1)-mm-sythis-enchantress, Gained Amount: 1]
Phase: Ai(2)-mm-giada-angels' End step
Phase: Ai(2)-mm-giada-angels' Cleanup step
Turn: Turn 31 (Ai(3)-mm-baylen-tokens)
Phase: Ai(3)-mm-baylen-tokens' Untap step
Phase: Ai(3)-mm-baylen-tokens' Upkeep step
Phase: Ai(3)-mm-baylen-tokens' Draw step
Phase: Ai(3)-mm-baylen-tokens' Main phase, precombat
Phase: Ai(3)-mm-baylen-tokens' Beginning of Combat Step
Phase: Ai(3)-mm-baylen-tokens' Declare Attackers Step
Phase: Ai(3)-mm-baylen-tokens' Declare Blockers Step
Phase: Ai(3)-mm-baylen-tokens' First Strike Damage Step
Phase: Ai(3)-mm-baylen-tokens' Combat Damage Step
Phase: Ai(3)-mm-baylen-tokens' End of Combat Step
Phase: Ai(3)-mm-baylen-tokens' Main phase, postcombat
Phase: Ai(3)-mm-baylen-tokens' End step
Phase: Ai(3)-mm-baylen-tokens' Cleanup step
Turn: Turn 32 (Ai(4)-mm-muldrotha-value)
Phase: Ai(4)-mm-muldrotha-value's Untap step
Phase: Ai(4)-mm-muldrotha-value's Upkeep step
Add To Stack: Ai(4)-mm-muldrotha-value triggered The Gitrog Monster
Zone Change: Island (339) was put into Graveyard from Battlefield.
Resolve Stack: At the beginning of your upkeep, sacrifice The Gitrog Monster unless you sacrifice a land. [Phase: Ai(4)-mm-muldrotha-value]
Add To Stack: Ai(4)-mm-muldrotha-value triggered The Gitrog Monster
Resolve Stack: Whenever one or more land cards are put into your graveyard from anywhere, draw a card. [Amount: 1]
Phase: Ai(4)-mm-muldrotha-value's Draw step
Phase: Ai(4)-mm-muldrotha-value's Main phase, precombat
Add To Stack: Ai(4)-mm-muldrotha-value triggered Ripples of Undeath
Zone Change: Ai(4)-mm-muldrotha-value milled Forest (344), Gravebreaker Lamia (391) and Syr Konrad, the Grim (396).
Resolve Stack: At the beginning of your first main phase, mill three cards. Then you may pay {1} and 3 life. If you do, put a card from among those cards into your hand. [Phase: Ai(4)-mm-muldrotha-value]
Add To Stack: Ai(4)-mm-muldrotha-value triggered The Gitrog Monster
Resolve Stack: Whenever one or more land cards are put into your graveyard from anywhere, draw a card. [Amount: 1]
Land: Ai(4)-mm-muldrotha-value played Command Tower (316)
Phase: Ai(4)-mm-muldrotha-value's Beginning of Combat Step
Phase: Ai(4)-mm-muldrotha-value's Declare Attackers Step
Mana: Bojuka Bog (358) - {T}: Add {B}.
Mana: Zagoth Triome (318) - {T}: Add {G}.
Combat: Ai(4)-mm-muldrotha-value assigned The Gitrog Monster (378) to attack Ai(1)-mm-sythis-enchantress.
Phase: Ai(4)-mm-muldrotha-value's Declare Blockers Step
Combat: Ai(1)-mm-sythis-enchantress didn't block The Gitrog Monster (378).
Phase: Ai(4)-mm-muldrotha-value's First Strike Damage Step
Phase: Ai(4)-mm-muldrotha-value's Combat Damage Step
Damage: The Gitrog Monster (378) deals 6 combat damage to Ai(1)-mm-sythis-enchantress.
Life: Life: Ai(1)-mm-sythis-enchantress 66 > 60
Phase: Ai(4)-mm-muldrotha-value's End of Combat Step
Phase: Ai(4)-mm-muldrotha-value's Main phase, postcombat
Mana: Command Tower (316) - {T}: Add one mana of any color in your commander's color identity.
Mana: Island (336) - {T}: Add {U}.
Mana: Swamp (366) - {T}: Add {B}.
Mana: Swamp (368) - {T}: Add {B}.
Mana: Swamp (365) - {T}: Add {B}.
Add To Stack: Ai(4)-mm-muldrotha-value cast Tatyova, Benthic Druid
Replacement Effect: Creatures your opponents control enter tapped.
Resolve Stack: Tatyova, Benthic Druid - Creature 3 / 3
Add To Stack: Ai(1)-mm-sythis-enchantress triggered Authority of the Consuls
Life: Life: Ai(1)-mm-sythis-enchantress 60 > 61
Resolve Stack: Whenever a creature an opponent controls enters, you gain 1 life. [Zone Changer: Tatyova, Benthic Druid (392)]
Add To Stack: Ai(1)-mm-sythis-enchantress triggered Heliod, Sun-Crowned targeting [Heliod, Sun-Crowned (95)]
Resolve Stack: Whenever you gain life, put a +1/+1 counter on target creature or enchantment you control. (Targeting: [[Heliod, Sun-Crowned (95)]]) [Player: Ai(1)-mm-sythis-enchantress, Gained Amount: 1]
Phase: Ai(4)-mm-muldrotha-value's End step
Phase: Ai(4)-mm-muldrotha-value's Cleanup step
Turn: Turn 33 (Ai(1)-mm-sythis-enchantress)
Phase: Ai(1)-mm-sythis-enchantress' Untap step
Phase: Ai(1)-mm-sythis-enchantress' Upkeep step
Phase: Ai(1)-mm-sythis-enchantress' Draw step
Phase: Ai(1)-mm-sythis-enchantress' Main phase, precombat
Land: Ai(1)-mm-sythis-enchantress played Brushland (96)
Add To Stack: Ai(1)-mm-sythis-enchantress triggered Courser of Kruphix
Life: Life: Ai(1)-mm-sythis-enchantress 61 > 62
Resolve Stack: Landfall — Whenever a land you control enters, you gain 1 life. [Zone Changer: Brushland (96)]
Add To Stack: Ai(1)-mm-sythis-enchantress triggered Heliod, Sun-Crowned targeting [Heliod, Sun-Crowned (95)]
Resolve Stack: Whenever you gain life, put a +1/+1 counter on target creature or enchantment you control. (Targeting: [[Heliod, Sun-Crowned (95)]]) [Player: Ai(1)-mm-sythis-enchantress, Gained Amount: 1]
Mana: Plains (83) - {T}: Add {W}.
Mana: Plains (90) - {T}: Add {W}.
Mana: Sol Ring (25) - {T}: Add {C}{C}.
Mana: Forest (36) - {T}: Add {G}.
Mana: Forest (39) - {T}: Add {G}.
Add To Stack: Ai(1)-mm-sythis-enchantress cast Austere Command
Zone Change: Arcane Signet (97) was put into Graveyard from Battlefield.
Zone Change: Sol Ring (25) was put into Graveyard from Battlefield.
Zone Change: Pearl Medallion (126) was put into Graveyard from Battlefield.
Zone Change: Lightning Greaves (196) was put into Graveyard from Battlefield.
Zone Change: Swiftfoot Boots (142) was put into Graveyard from Battlefield.
Zone Change: Sol Ring (217) was put into Graveyard from Battlefield.
Zone Change: Lightning Greaves (397) was put into Graveyard from Battlefield.
Zone Change: Yenna, Redtooth Regent (79) was put into Graveyard from Battlefield.
Zone Change: Linvala, Keeper of Silence (122) was put into Graveyard from Battlefield.
Zone Change: Angel of Destiny (145) was put into Graveyard from Battlefield.
Zone Change: The Gitrog Monster (378) was put into Graveyard from Battlefield.
Zone Change: River Kelpie (355) was put into Graveyard from Battlefield.
Zone Change: Tatyova, Benthic Druid (392) was put into Graveyard from Battlefield.
Resolve Stack: Austere Command (52) -  Destroy all artifacts. Destroy all creatures with mana value 4 or greater.
Zone Change: Whip Silk (71) was put into Graveyard from Battlefield.
Add To Stack: Ai(4)-mm-muldrotha-value triggered River Kelpie
Replacement Effect: Creatures your opponents control enter tapped.
Resolve Stack: Persist (When this creature dies, if it had no -1/-1 counters on it, return it to the battlefield under its owner's control with a -1/-1 counter on it.) [Zone Changer: River Kelpie (355)]
Add To Stack: Ai(1)-mm-sythis-enchantress triggered Authority of the Consuls
Add To Stack: Ai(4)-mm-muldrotha-value triggered River Kelpie
Resolve Stack: Whenever River Kelpie or another permanent enters from a graveyard, draw a card. [Zone Changer: River Kelpie (355)]
Life: Life: Ai(1)-mm-sythis-enchantress 62 > 63
Resolve Stack: Whenever a creature an opponent controls enters, you gain 1 life. [Zone Changer: River Kelpie (355)]
Add To Stack: Ai(1)-mm-sythis-enchantress triggered Heliod, Sun-Crowned targeting [Heliod, Sun-Crowned (95)]
Resolve Stack: Whenever you gain life, put a +1/+1 counter on target creature or enchantment you control. (Targeting: [[Heliod, Sun-Crowned (95)]]) [Player: Ai(1)-mm-sythis-enchantress, Gained Amount: 1]
Mana: Plains (85) - {T}: Add {W}.
Mana: Bountiful Promenade (13) - {T}: Add {G} or {W}.
Mana: Forest (43) - {T}: Add {G}.
Mana: Forest (37) - {T}: Add {G}.
Add To Stack: Ai(1)-mm-sythis-enchantress cast Hallowed Haunting
Add To Stack: Ai(1)-mm-sythis-enchantress triggered Sythis, Harvest's Hand
Add To Stack: Ai(1)-mm-sythis-enchantress triggered Mesa Enchantress
Resolve Stack: Whenever you cast an enchantment spell, you may draw a card. [Card: Hallowed Haunting (11), Activator: Ai(1)-mm-sythis-enchantress, SpellAbility: Hallowed Haunting]
Life: Life: Ai(1)-mm-sythis-enchantress 63 > 64
Resolve Stack: Whenever you cast an enchantment spell, you gain 1 life and draw a card. [Card: Hallowed Haunting (11), Activator: Ai(1)-mm-sythis-enchantress, SpellAbility: Hallowed Haunting]
Add To Stack: Ai(1)-mm-sythis-enchantress triggered Heliod, Sun-Crowned targeting [Heliod, Sun-Crowned (95)]
Resolve Stack: Whenever you gain life, put a +1/+1 counter on target creature or enchantment you control. (Targeting: [[Heliod, Sun-Crowned (95)]]) [Player: Ai(1)-mm-sythis-enchantress, Gained Amount: 1]
Resolve Stack: Hallowed Haunting
Add To Stack: Ai(1)-mm-sythis-enchantress triggered Calix, Guided by Fate targeting [Heliod, Sun-Crowned (95)]
Resolve Stack: Constellation — Whenever Calix, Guided by Fate or another enchantment you control enters, put a +1/+1 counter on target creature. (Targeting: [[Heliod, Sun-Crowned (95)]]) [Zone Changer: Hallowed Haunting (11)]
Mana: Sunpetal Grove (63) - {T}: Add {G} or {W}.
Damage: Brushland (96) deals 1 non-combat damage to Ai(1)-mm-sythis-enchantress.
Life: Life: Ai(1)-mm-sythis-enchantress 64 > 63
Mana: Brushland (96) - {T}: Add {G} or {W}. Brushland deals 1 damage to you. 
Mana: Sanctum Weaver (67) - {T}: Add X mana of any one color, where X is the number of enchantments you control.
Add To Stack: Ai(1)-mm-sythis-enchantress cast Ajani's Chosen
Resolve Stack: Ajani's Chosen - Creature 3 / 3
Phase: Ai(1)-mm-sythis-enchantress' Beginning of Combat Step
Phase: Ai(1)-mm-sythis-enchantress' Declare Attackers Step
Combat: Ai(1)-mm-sythis-enchantress assigned Heliod, Sun-Crowned (95), Moon-Blessed Cleric (50), Sythis, Harvest's Hand (100), Calix, Guided by Fate (30), Destiny Spinner (27), Destiny Spinner (449) and Courser of Kruphix (99) to attack Ai(3)-mm-baylen-tokens.
Phase: Ai(1)-mm-sythis-enchantress' Declare Blockers Step
Combat: Ai(3)-mm-baylen-tokens didn't block Heliod, Sun-Crowned (95).
Ai(3)-mm-baylen-tokens didn't block Moon-Blessed Cleric (50).
Ai(3)-mm-baylen-tokens didn't block Sythis, Harvest's Hand (100).
Ai(3)-mm-baylen-tokens didn't block Calix, Guided by Fate (30).
Ai(3)-mm-baylen-tokens didn't block Destiny Spinner (27).
Ai(3)-mm-baylen-tokens didn't block Destiny Spinner (449).
Ai(3)-mm-baylen-tokens didn't block Courser of Kruphix (99).
Phase: Ai(1)-mm-sythis-enchantress' First Strike Damage Step
Phase: Ai(1)-mm-sythis-enchantress' Combat Damage Step
Damage: Heliod, Sun-Crowned (95) deals 22 combat damage to Ai(3)-mm-baylen-tokens.
Damage: Moon-Blessed Cleric (50) deals 3 combat damage to Ai(3)-mm-baylen-tokens.
Damage: Sythis, Harvest's Hand (100) deals 2 combat damage to Ai(3)-mm-baylen-tokens.
Damage: Calix, Guided by Fate (30) deals 2 combat damage to Ai(3)-mm-baylen-tokens.
Damage: Destiny Spinner (27) deals 2 combat damage to Ai(3)-mm-baylen-tokens.
Damage: Destiny Spinner (449) deals 2 combat damage to Ai(3)-mm-baylen-tokens.
Damage: Courser of Kruphix (99) deals 2 combat damage to Ai(3)-mm-baylen-tokens.
Life: Life: Ai(3)-mm-baylen-tokens 7 > -28
Add To Stack: Ai(1)-mm-sythis-enchantress triggered Calix, Guided by Fate
Add To Stack: Ai(1)-mm-sythis-enchantress triggered Calix, Guided by Fate
Resolve Stack: Whenever Calix or an enchanted creature you control deals combat damage to a player, you may create a token that's a copy of a nonlegendary enchantment you control. Do this only once each turn. [Damage Source: Calix, Guided by Fate (30), Damaged: Ai(3)-mm-baylen-tokens, Amount: 2]
Add To Stack: Ai(1)-mm-sythis-enchantress triggered Calix, Guided by Fate targeting [Heliod, Sun-Crowned (95)]
Add To Stack: Ai(1)-mm-sythis-enchantress triggered Ajani's Chosen
Resolve Stack: Whenever an enchantment you control enters, create a 2/2 white Cat creature token. If that enchantment is an Aura, you may attach it to the token. [Zone Changer: Hallowed Haunting (451)]
Resolve Stack: Constellation — Whenever Calix, Guided by Fate or another enchantment you control enters, put a +1/+1 counter on target creature. (Targeting: [[Heliod, Sun-Crowned (95)]]) [Zone Changer: Hallowed Haunting (451)]
Resolve Stack: Whenever Calix or an enchanted creature you control deals combat damage to a player, you may create a token that's a copy of a nonlegendary enchantment you control. Do this only once each turn. [Damage Source: Heliod, Sun-Crowned (95), Damaged: Ai(3)-mm-baylen-tokens, Amount: 22]
Phase: Ai(1)-mm-sythis-enchantress' End of Combat Step
Phase: Ai(1)-mm-sythis-enchantress' Main phase, postcombat
Phase: Ai(1)-mm-sythis-enchantress' End step
Phase: Ai(1)-mm-sythis-enchantress' Cleanup step
Turn: Turn 34 (Ai(2)-mm-giada-angels)
Phase: Ai(2)-mm-giada-angels' Untap step
Phase: Ai(2)-mm-giada-angels' Upkeep step
Phase: Ai(2)-mm-giada-angels' Draw step
Phase: Ai(2)-mm-giada-angels' Main phase, precombat
Phase: Ai(2)-mm-giada-angels' Beginning of Combat Step
Phase: Ai(2)-mm-giada-angels' Declare Attackers Step
Phase: Ai(2)-mm-giada-angels' Declare Blockers Step
Phase: Ai(2)-mm-giada-angels' First Strike Damage Step
Phase: Ai(2)-mm-giada-angels' Combat Damage Step
Phase: Ai(2)-mm-giada-angels' End of Combat Step
Phase: Ai(2)-mm-giada-angels' Main phase, postcombat
Mana: Plains (171) - {T}: Add {W}.
Mana: Plains (179) - {T}: Add {W}.
Mana: Plains (181) - {T}: Add {W}.
Add To Stack: Ai(2)-mm-giada-angels cast Starnheim Aspirant
Replacement Effect: Creatures your opponents control enter tapped.
Resolve Stack: Starnheim Aspirant - Creature 2 / 2
Add To Stack: Ai(1)-mm-sythis-enchantress triggered Authority of the Consuls
Life: Life: Ai(1)-mm-sythis-enchantress 63 > 64
Resolve Stack: Whenever a creature an opponent controls enters, you gain 1 life. [Zone Changer: Starnheim Aspirant (147)]
Add To Stack: Ai(1)-mm-sythis-enchantress triggered Heliod, Sun-Crowned targeting [Heliod, Sun-Crowned (95)]
Resolve Stack: Whenever you gain life, put a +1/+1 counter on target creature or enchantment you control. (Targeting: [[Heliod, Sun-Crowned (95)]]) [Player: Ai(1)-mm-sythis-enchantress, Gained Amount: 1]
Mana: Plains (194) - {T}: Add {W}.
Mana: Plains (193) - {T}: Add {W}.
Mana: Plains (190) - {T}: Add {W}.
Mana: Plains (183) - {T}: Add {W}.
Add To Stack: Ai(2)-mm-giada-angels cast Serra the Benevolent
Replacement Effect: Serra the Benevolent enters with four loyalty counters on it.
Resolve Stack: Serra the Benevolent
Add To Stack: Ai(2)-mm-giada-angels activated Serra the Benevolent
Replacement Effect: Creatures your opponents control enter tapped.
Replacement Effect: Each other Angel you control enters with an additional +1/+1 counter on it for each Angel you already control.
Resolve Stack: Serra the Benevolent (130) - Ai(2)-mm-giada-angels creates a 4/4 white Angel creature token with flying and vigilance.
Add To Stack: Ai(1)-mm-sythis-enchantress triggered Authority of the Consuls
Life: Life: Ai(1)-mm-sythis-enchantress 64 > 65
Resolve Stack: Whenever a creature an opponent controls enters, you gain 1 life. [Zone Changer: Angel Token (458)]
Add To Stack: Ai(1)-mm-sythis-enchantress triggered Heliod, Sun-Crowned targeting [Heliod, Sun-Crowned (95)]
Resolve Stack: Whenever you gain life, put a +1/+1 counter on target creature or enchantment you control. (Targeting: [[Heliod, Sun-Crowned (95)]]) [Player: Ai(1)-mm-sythis-enchantress, Gained Amount: 1]
Phase: Ai(2)-mm-giada-angels' End step
Phase: Ai(2)-mm-giada-angels' Cleanup step
Turn: Turn 35 (Ai(4)-mm-muldrotha-value)
Phase: Ai(4)-mm-muldrotha-value's Untap step
Phase: Ai(4)-mm-muldrotha-value's Upkeep step
Phase: Ai(4)-mm-muldrotha-value's Draw step
Phase: Ai(4)-mm-muldrotha-value's Main phase, precombat
Add To Stack: Ai(4)-mm-muldrotha-value triggered Ripples of Undeath
Zone Change: Ai(4)-mm-muldrotha-value milled Stitcher's Supplier (388), Seal of Primordium (359) and Swamp (369).
Resolve Stack: At the beginning of your first main phase, mill three cards. Then you may pay {1} and 3 life. If you do, put a card from among those cards into your hand. [Phase: Ai(4)-mm-muldrotha-value]
Land: Ai(4)-mm-muldrotha-value played Swamp (367)
Phase: Ai(4)-mm-muldrotha-value's Beginning of Combat Step
Phase: Ai(4)-mm-muldrotha-value's Declare Attackers Step
Phase: Ai(4)-mm-muldrotha-value's Declare Blockers Step
Phase: Ai(4)-mm-muldrotha-value's First Strike Damage Step
Phase: Ai(4)-mm-muldrotha-value's Combat Damage Step
Phase: Ai(4)-mm-muldrotha-value's End of Combat Step
Phase: Ai(4)-mm-muldrotha-value's Main phase, postcombat
Mana: Command Tower (316) - {T}: Add one mana of any color in your commander's color identity.
Mana: Island (336) - {T}: Add {U}.
Mana: Swamp (366) - {T}: Add {B}.
Mana: Swamp (368) - {T}: Add {B}.
Mana: Swamp (365) - {T}: Add {B}.
Mana: Bojuka Bog (358) - {T}: Add {B}.
Add To Stack: Ai(4)-mm-muldrotha-value cast Muldrotha, the Gravetide
Replacement Effect: Creatures your opponents control enter tapped.
Resolve Stack: Muldrotha, the Gravetide - Creature 6 / 6
Add To Stack: Ai(1)-mm-sythis-enchantress triggered Authority of the Consuls
Life: Life: Ai(1)-mm-sythis-enchantress 65 > 66
Resolve Stack: Whenever a creature an opponent controls enters, you gain 1 life. [Zone Changer: Muldrotha, the Gravetide (403)]
Add To Stack: Ai(1)-mm-sythis-enchantress triggered Heliod, Sun-Crowned targeting [Heliod, Sun-Crowned (95)]
Resolve Stack: Whenever you gain life, put a +1/+1 counter on target creature or enchantment you control. (Targeting: [[Heliod, Sun-Crowned (95)]]) [Player: Ai(1)-mm-sythis-enchantress, Gained Amount: 1]
Mana: Zagoth Triome (318) - {T}: Add {G}.
Add To Stack: Ai(4)-mm-muldrotha-value cast Spore Frog
Add To Stack: Ai(4)-mm-muldrotha-value triggered River Kelpie
Resolve Stack: Whenever a player casts a spell from a graveyard, draw a card. [Card: Spore Frog (353), Activator: Ai(4)-mm-muldrotha-value, SpellAbility: Spore Frog - Creature 1 / 1 by Muldrotha, the Gravetide (403) (Creature)]
Replacement Effect: Creatures your opponents control enter tapped.
Resolve Stack: Spore Frog - Creature 1 / 1
Add To Stack: Ai(1)-mm-sythis-enchantress triggered Authority of the Consuls
Life: Life: Ai(1)-mm-sythis-enchantress 66 > 67
Resolve Stack: Whenever a creature an opponent controls enters, you gain 1 life. [Zone Changer: Spore Frog (353)]
Add To Stack: Ai(1)-mm-sythis-enchantress triggered Heliod, Sun-Crowned targeting [Heliod, Sun-Crowned (95)]
Resolve Stack: Whenever you gain life, put a +1/+1 counter on target creature or enchantment you control. (Targeting: [[Heliod, Sun-Crowned (95)]]) [Player: Ai(1)-mm-sythis-enchantress, Gained Amount: 1]
Mana: Swamp (367) - {T}: Add {B}.
Add To Stack: Ai(4)-mm-muldrotha-value cast Sol Ring
Add To Stack: Ai(4)-mm-muldrotha-value triggered River Kelpie
Resolve Stack: Whenever a player casts a spell from a graveyard, draw a card. [Card: Sol Ring (320), Activator: Ai(4)-mm-muldrotha-value, SpellAbility: Sol Ring by Muldrotha, the Gravetide (403) (Artifact)]
Resolve Stack: Sol Ring
Mana: Sol Ring (320) - {T}: Add {C}{C}.
Add To Stack: Ai(4)-mm-muldrotha-value cast Mesmeric Orb
Resolve Stack: Mesmeric Orb
Phase: Ai(4)-mm-muldrotha-value's End step
Phase: Ai(4)-mm-muldrotha-value's Cleanup step
Discard: Ai(4)-mm-muldrotha-value discards Forest (345).
Discard: Ai(4)-mm-muldrotha-value discards Pernicious Deed (385).
Turn: Turn 36 (Ai(1)-mm-sythis-enchantress)
Phase: Ai(1)-mm-sythis-enchantress' Untap step
Phase: Ai(1)-mm-sythis-enchantress' Upkeep step
Add To Stack: Ai(4)-mm-muldrotha-value triggered Mesmeric Orb
Add To Stack: Ai(4)-mm-muldrotha-value triggered Mesmeric Orb
Add To Stack: Ai(4)-mm-muldrotha-value triggered Mesmeric Orb
Add To Stack: Ai(4)-mm-muldrotha-value triggered Mesmeric Orb
Add To Stack: Ai(4)-mm-muldrotha-value triggered Mesmeric Orb
Add To Stack: Ai(4)-mm-muldrotha-value triggered Mesmeric Orb
Add To Stack: Ai(4)-mm-muldrotha-value triggered Mesmeric Orb
Add To Stack: Ai(4)-mm-muldrotha-value triggered Mesmeric Orb
Add To Stack: Ai(4)-mm-muldrotha-value triggered Mesmeric Orb
Add To Stack: Ai(4)-mm-muldrotha-value triggered Mesmeric Orb
Add To Stack: Ai(4)-mm-muldrotha-value triggered Mesmeric Orb
Zone Change: Ai(1)-mm-sythis-enchantress milled Idyllic Tutor (4).
Resolve Stack: Whenever a permanent becomes untapped, that permanent's controller mills a card. [Untapped: Brushland (96)]
Zone Change: Ai(1)-mm-sythis-enchantress milled Command Tower (20).
Resolve Stack: Whenever a permanent becomes untapped, that permanent's controller mills a card. [Untapped: Plains (85)]
Zone Change: Ai(1)-mm-sythis-enchantress milled Forest (41).
Resolve Stack: Whenever a permanent becomes untapped, that permanent's controller mills a card. [Untapped: Plains (90)]
Zone Change: Ai(1)-mm-sythis-enchantress milled Sigil of the Empty Throne (32).
Resolve Stack: Whenever a permanent becomes untapped, that permanent's controller mills a card. [Untapped: Sanctum Weaver (67)]
Zone Change: Ai(1)-mm-sythis-enchantress milled Plains (84).
Resolve Stack: Whenever a permanent becomes untapped, that permanent's controller mills a card. [Untapped: Forest (37)]
Zone Change: Ai(1)-mm-sythis-enchantress milled Grasp of Fate (17).
Resolve Stack: Whenever a permanent becomes untapped, that permanent's controller mills a card. [Untapped: Forest (43)]
Zone Change: Ai(1)-mm-sythis-enchantress milled Fortified Village (49).
Resolve Stack: Whenever a permanent becomes untapped, that permanent's controller mills a card. [Untapped: Forest (39)]
Zone Change: Ai(1)-mm-sythis-enchantress milled Herald of the Pantheon (77).
Resolve Stack: Whenever a permanent becomes untapped, that permanent's controller mills a card. [Untapped: Plains (83)]
Zone Change: Ai(1)-mm-sythis-enchantress milled Mirari's Wake (31).
Resolve Stack: Whenever a permanent becomes untapped, that permanent's controller mills a card. [Untapped: Forest (36)]
Zone Change: Ai(1)-mm-sythis-enchantress milled Seal of Primordium (54).
Resolve Stack: Whenever a permanent becomes untapped, that permanent's controller mills a card. [Untapped: Sunpetal Grove (63)]
Zone Change: Ai(1)-mm-sythis-enchantress milled Fertile Ground (69).
Resolve Stack: Whenever a permanent becomes untapped, that permanent's controller mills a card. [Untapped: Bountiful Promenade (13)]
Phase: Ai(1)-mm-sythis-enchantress' Draw step
Phase: Ai(1)-mm-sythis-enchantress' Main phase, precombat
Land: Ai(1)-mm-sythis-enchantress played Plains (87)
Add To Stack: Ai(1)-mm-sythis-enchantress triggered Courser of Kruphix
Life: Life: Ai(1)-mm-sythis-enchantress 67 > 68
Resolve Stack: Landfall — Whenever a land you control enters, you gain 1 life. [Zone Changer: Plains (87)]
Add To Stack: Ai(1)-mm-sythis-enchantress triggered Heliod, Sun-Crowned targeting [Heliod, Sun-Crowned (95)]
Resolve Stack: Whenever you gain life, put a +1/+1 counter on target creature or enchantment you control. (Targeting: [[Heliod, Sun-Crowned (95)]]) [Player: Ai(1)-mm-sythis-enchantress, Gained Amount: 1]
Mana: Forest (36) - {T}: Add {G}.
Mana: Plains (83) - {T}: Add {W}.
Mana: Plains (90) - {T}: Add {W}.
Add To Stack: Ai(1)-mm-sythis-enchantress cast Overgrowth targeting [Sunpetal Grove (63)]
Add To Stack: Ai(1)-mm-sythis-enchantress triggered Sythis, Harvest's Hand
Add To Stack: Ai(1)-mm-sythis-enchantress triggered Mesa Enchantress
Add To Stack: Ai(1)-mm-sythis-enchantress triggered Hallowed Haunting
Add To Stack: Ai(1)-mm-sythis-enchantress triggered Hallowed Haunting
Resolve Stack: Whenever you cast an enchantment spell, create a white Spirit Cleric creature token with "This token's power and toughness are each equal to the number of Spirits you control." [Card: Overgrowth (60), Activator: Ai(1)-mm-sythis-enchantress, SpellAbility: Overgrowth]
Resolve Stack: Whenever you cast an enchantment spell, create a white Spirit Cleric creature token with "This token's power and toughness are each equal to the number of Spirits you control." [Card: Overgrowth (60), Activator: Ai(1)-mm-sythis-enchantress, SpellAbility: Overgrowth]
Resolve Stack: Whenever you cast an enchantment spell, you may draw a card. [Card: Overgrowth (60), Activator: Ai(1)-mm-sythis-enchantress, SpellAbility: Overgrowth]
Life: Life: Ai(1)-mm-sythis-enchantress 68 > 69
Resolve Stack: Whenever you cast an enchantment spell, you gain 1 life and draw a card. [Card: Overgrowth (60), Activator: Ai(1)-mm-sythis-enchantress, SpellAbility: Overgrowth]
Add To Stack: Ai(1)-mm-sythis-enchantress triggered Heliod, Sun-Crowned targeting [Heliod, Sun-Crowned (95)]
Resolve Stack: Whenever you gain life, put a +1/+1 counter on target creature or enchantment you control. (Targeting: [[Heliod, Sun-Crowned (95)]]) [Player: Ai(1)-mm-sythis-enchantress, Gained Amount: 1]
Resolve Stack: Overgrowth (60) -  Attach to Sunpetal Grove (63)
Add To Stack: Ai(1)-mm-sythis-enchantress triggered Calix, Guided by Fate targeting [Heliod, Sun-Crowned (95)]
Add To Stack: Ai(1)-mm-sythis-enchantress triggered Ajani's Chosen
Resolve Stack: Whenever an enchantment you control enters, create a 2/2 white Cat creature token. If that enchantment is an Aura, you may attach it to the token. [Zone Changer: Overgrowth (60)]
Resolve Stack: Constellation — Whenever Calix, Guided by Fate or another enchantment you control enters, put a +1/+1 counter on target creature. (Targeting: [[Heliod, Sun-Crowned (95)]]) [Zone Changer: Overgrowth (60)]
Mana: Plains (85) - {T}: Add {W}.
Add To Stack: Ai(1)-mm-sythis-enchantress cast Ethereal Armor targeting [Ajani's Chosen (61)]
Add To Stack: Ai(1)-mm-sythis-enchantress triggered Sythis, Harvest's Hand
Add To Stack: Ai(1)-mm-sythis-enchantress triggered Mesa Enchantress
Add To Stack: Ai(1)-mm-sythis-enchantress triggered Hallowed Haunting
Add To Stack: Ai(1)-mm-sythis-enchantress triggered Hallowed Haunting
Resolve Stack: Whenever you cast an enchantment spell, create a white Spirit Cleric creature token with "This token's power and toughness are each equal to the number of Spirits you control." [Card: Ethereal Armor (70), Activator: Ai(1)-mm-sythis-enchantress, SpellAbility: Ethereal Armor]
Resolve Stack: Whenever you cast an enchantment spell, create a white Spirit Cleric creature token with "This token's power and toughness are each equal to the number of Spirits you control." [Card: Ethereal Armor (70), Activator: Ai(1)-mm-sythis-enchantress, SpellAbility: Ethereal Armor]
Resolve Stack: Whenever you cast an enchantment spell, you may draw a card. [Card: Ethereal Armor (70), Activator: Ai(1)-mm-sythis-enchantress, SpellAbility: Ethereal Armor]
Life: Life: Ai(1)-mm-sythis-enchantress 69 > 70
Resolve Stack: Whenever you cast an enchantment spell, you gain 1 life and draw a card. [Card: Ethereal Armor (70), Activator: Ai(1)-mm-sythis-enchantress, SpellAbility: Ethereal Armor]
Add To Stack: Ai(1)-mm-sythis-enchantress triggered Heliod, Sun-Crowned targeting [Heliod, Sun-Crowned (95)]
Resolve Stack: Whenever you gain life, put a +1/+1 counter on target creature or enchantment you control. (Targeting: [[Heliod, Sun-Crowned (95)]]) [Player: Ai(1)-mm-sythis-enchantress, Gained Amount: 1]
Resolve Stack: Ethereal Armor (70) -  Attach to Ajani's Chosen (61)
Add To Stack: Ai(1)-mm-sythis-enchantress triggered Calix, Guided by Fate targeting [Heliod, Sun-Crowned (95)]
Add To Stack: Ai(1)-mm-sythis-enchantress triggered Ajani's Chosen
Resolve Stack: Whenever an enchantment you control enters, create a 2/2 white Cat creature token. If that enchantment is an Aura, you may attach it to the token. [Zone Changer: Ethereal Armor (70)]
Resolve Stack: Constellation — Whenever Calix, Guided by Fate or another enchantment you control enters, put a +1/+1 counter on target creature. (Targeting: [[Heliod, Sun-Crowned (95)]]) [Zone Changer: Ethereal Armor (70)]
Mana: Forest (39) - {T}: Add {G}.
Mana: Plains (87) - {T}: Add {W}.
Mana: Forest (43) - {T}: Add {G}.
Add To Stack: Ai(1)-mm-sythis-enchantress cast Dryad of the Ilysian Grove
Add To Stack: Ai(1)-mm-sythis-enchantress triggered Sythis, Harvest's Hand
Add To Stack: Ai(1)-mm-sythis-enchantress triggered Mesa Enchantress
Add To Stack: Ai(1)-mm-sythis-enchantress triggered Hallowed Haunting
Add To Stack: Ai(1)-mm-sythis-enchantress triggered Hallowed Haunting
Resolve Stack: Whenever you cast an enchantment spell, create a white Spirit Cleric creature token with "This token's power and toughness are each equal to the number of Spirits you control." [Card: Dryad of the Ilysian Grove (14), Activator: Ai(1)-mm-sythis-enchantress, SpellAbility: Dryad of the Ilysian Grove - Creature 2 / 4]
Resolve Stack: Whenever you cast an enchantment spell, create a white Spirit Cleric creature token with "This token's power and toughness are each equal to the number of Spirits you control." [Card: Dryad of the Ilysian Grove (14), Activator: Ai(1)-mm-sythis-enchantress, SpellAbility: Dryad of the Ilysian Grove - Creature 2 / 4]
Resolve Stack: Whenever you cast an enchantment spell, you may draw a card. [Card: Dryad of the Ilysian Grove (14), Activator: Ai(1)-mm-sythis-enchantress, SpellAbility: Dryad of the Ilysian Grove - Creature 2 / 4]
Life: Life: Ai(1)-mm-sythis-enchantress 70 > 71
Resolve Stack: Whenever you cast an enchantment spell, you gain 1 life and draw a card. [Card: Dryad of the Ilysian Grove (14), Activator: Ai(1)-mm-sythis-enchantress, SpellAbility: Dryad of the Ilysian Grove - Creature 2 / 4]
Add To Stack: Ai(1)-mm-sythis-enchantress triggered Heliod, Sun-Crowned targeting [Heliod, Sun-Crowned (95)]
Resolve Stack: Whenever you gain life, put a +1/+1 counter on target creature or enchantment you control. (Targeting: [[Heliod, Sun-Crowned (95)]]) [Player: Ai(1)-mm-sythis-enchantress, Gained Amount: 1]
Resolve Stack: Dryad of the Ilysian Grove - Creature 2 / 4
Add To Stack: Ai(1)-mm-sythis-enchantress triggered Calix, Guided by Fate targeting [Heliod, Sun-Crowned (95)]
Add To Stack: Ai(1)-mm-sythis-enchantress triggered Ajani's Chosen
Resolve Stack: Whenever an enchantment you control enters, create a 2/2 white Cat creature token. If that enchantment is an Aura, you may attach it to the token. [Zone Changer: Dryad of the Ilysian Grove (14)]
Resolve Stack: Constellation — Whenever Calix, Guided by Fate or another enchantment you control enters, put a +1/+1 counter on target creature. (Targeting: [[Heliod, Sun-Crowned (95)]]) [Zone Changer: Dryad of the Ilysian Grove (14)]
Replacement Effect: Canopy Vista enters tapped unless you control two or more basic lands.
Land: Ai(1)-mm-sythis-enchantress played Canopy Vista (68)
Add To Stack: Ai(1)-mm-sythis-enchantress triggered Courser of Kruphix
Life: Life: Ai(1)-mm-sythis-enchantress 71 > 72
Resolve Stack: Landfall — Whenever a land you control enters, you gain 1 life. [Zone Changer: Canopy Vista (68)]
Add To Stack: Ai(1)-mm-sythis-enchantress triggered Heliod, Sun-Crowned targeting [Heliod, Sun-Crowned (95)]
Resolve Stack: Whenever you gain life, put a +1/+1 counter on target creature or enchantment you control. (Targeting: [[Heliod, Sun-Crowned (95)]]) [Player: Ai(1)-mm-sythis-enchantress, Gained Amount: 1]
Mana: Forest (37) - {T}: Add {G}.
Mana: Canopy Vista (68) - {T}: Add {G}.
Mana: Bountiful Promenade (13) - {T}: Add {G}.
Add To Stack: Ai(1)-mm-sythis-enchantress cast Strength of the Harvest targeting [Spirit Cleric Token (462)]
Add To Stack: Ai(1)-mm-sythis-enchantress triggered Sythis, Harvest's Hand
Add To Stack: Ai(1)-mm-sythis-enchantress triggered Mesa Enchantress
Add To Stack: Ai(1)-mm-sythis-enchantress triggered Hallowed Haunting
Add To Stack: Ai(1)-mm-sythis-enchantress triggered Hallowed Haunting
Resolve Stack: Whenever you cast an enchantment spell, create a white Spirit Cleric creature token with "This token's power and toughness are each equal to the number of Spirits you control." [Card: Strength of the Harvest (82), Activator: Ai(1)-mm-sythis-enchantress, SpellAbility: Strength of the Harvest]
Resolve Stack: Whenever you cast an enchantment spell, create a white Spirit Cleric creature token with "This token's power and toughness are each equal to the number of Spirits you control." [Card: Strength of the Harvest (82), Activator: Ai(1)-mm-sythis-enchantress, SpellAbility: Strength of the Harvest]
Resolve Stack: Whenever you cast an enchantment spell, you may draw a card. [Card: Strength of the Harvest (82), Activator: Ai(1)-mm-sythis-enchantress, SpellAbility: Strength of the Harvest]
Life: Life: Ai(1)-mm-sythis-enchantress 72 > 73
Resolve Stack: Whenever you cast an enchantment spell, you gain 1 life and draw a card. [Card: Strength of the Harvest (82), Activator: Ai(1)-mm-sythis-enchantress, SpellAbility: Strength of the Harvest]
Add To Stack: Ai(1)-mm-sythis-enchantress triggered Heliod, Sun-Crowned targeting [Heliod, Sun-Crowned (95)]
Resolve Stack: Whenever you gain life, put a +1/+1 counter on target creature or enchantment you control. (Targeting: [[Heliod, Sun-Crowned (95)]]) [Player: Ai(1)-mm-sythis-enchantress, Gained Amount: 1]
Resolve Stack: Strength of the Harvest (82) -  Attach to Spirit Cleric Token (462)
Add To Stack: Ai(1)-mm-sythis-enchantress triggered Calix, Guided by Fate targeting [Heliod, Sun-Crowned (95)]
Add To Stack: Ai(1)-mm-sythis-enchantress triggered Ajani's Chosen
Resolve Stack: Whenever an enchantment you control enters, create a 2/2 white Cat creature token. If that enchantment is an Aura, you may attach it to the token. [Zone Changer: Strength of the Harvest (82)]
Resolve Stack: Constellation — Whenever Calix, Guided by Fate or another enchantment you control enters, put a +1/+1 counter on target creature. (Targeting: [[Heliod, Sun-Crowned (95)]]) [Zone Changer: Strength of the Harvest (82)]
Phase: Ai(1)-mm-sythis-enchantress' Beginning of Combat Step
Phase: Ai(1)-mm-sythis-enchantress' Declare Attackers Step
Combat: Ai(1)-mm-sythis-enchantress assigned Heliod, Sun-Crowned (95), Moon-Blessed Cleric (50), Ajani's Chosen (61), Sythis, Harvest's Hand (100), Calix, Guided by Fate (30), Destiny Spinner (27), Destiny Spinner (449), Courser of Kruphix (99) and Cat Token (454) to attack Ai(2)-mm-giada-angels.
Phase: Ai(1)-mm-sythis-enchantress' Declare Blockers Step
Combat: Ai(2)-mm-giada-angels didn't block Heliod, Sun-Crowned (95).
Ai(2)-mm-giada-angels assigned Giada, Font of Hope (201) to block Moon-Blessed Cleric (50).
Ai(2)-mm-giada-angels didn't block Ajani's Chosen (61).
Ai(2)-mm-giada-angels didn't block Sythis, Harvest's Hand (100).
Ai(2)-mm-giada-angels didn't block Calix, Guided by Fate (30).
Ai(2)-mm-giada-angels didn't block Destiny Spinner (27).
Ai(2)-mm-giada-angels didn't block Destiny Spinner (449).
Ai(2)-mm-giada-angels didn't block Courser of Kruphix (99).
Ai(2)-mm-giada-angels didn't block Cat Token (454).
Mana: Sunpetal Grove (63) - {T}: Add {G}.
Add To Stack: Ai(1)-mm-sythis-enchantress cast Heroic Intervention
Resolve Stack: Heroic Intervention (81) - Permanents you control gain hexproof and indestructible until end of turn.
Mana: Sanctum Weaver (67) - {T}: Add X mana of any one color, where X is the number of enchantments you control.
Add To Stack: Ai(1)-mm-sythis-enchantress activated Heliod, Sun-Crowned targeting [Destiny Spinner (449)]
Resolve Stack: Heliod, Sun-Crowned (95) - Destiny Spinner (449) gains lifelink until end of turn.
Phase: Ai(1)-mm-sythis-enchantress' First Strike Damage Step
Phase: Ai(1)-mm-sythis-enchantress' Combat Damage Step
Damage: Heliod, Sun-Crowned (95) deals 37 combat damage to Ai(2)-mm-giada-angels.
Damage: Moon-Blessed Cleric (50) deals 3 damage to Giada, Font of Hope (201).
Damage: Ajani's Chosen (61) deals 3 combat damage to Ai(2)-mm-giada-angels.
Damage: Sythis, Harvest's Hand (100) deals 2 combat damage to Ai(2)-mm-giada-angels.
Damage: Calix, Guided by Fate (30) deals 2 combat damage to Ai(2)-mm-giada-angels.
Damage: Destiny Spinner (27) deals 2 combat damage to Ai(2)-mm-giada-angels.
Damage: Destiny Spinner (449) deals 2 combat damage to Ai(2)-mm-giada-angels.
Life: Life: Ai(1)-mm-sythis-enchantress 73 > 75
Damage: Courser of Kruphix (99) deals 2 combat damage to Ai(2)-mm-giada-angels.
Damage: Cat Token (454) deals 2 combat damage to Ai(2)-mm-giada-angels.
Damage: Giada, Font of Hope (201) deals 2 damage to Moon-Blessed Cleric (50).
Life: Life: Ai(2)-mm-giada-angels 29 > -23
Add To Stack: Ai(1)-mm-sythis-enchantress triggered Calix, Guided by Fate
Add To Stack: Ai(1)-mm-sythis-enchantress triggered Calix, Guided by Fate
Add To Stack: Ai(1)-mm-sythis-enchantress triggered Heliod, Sun-Crowned targeting [Heliod, Sun-Crowned (95)]
Resolve Stack: Whenever you gain life, put a +1/+1 counter on target creature or enchantment you control. (Targeting: [[Heliod, Sun-Crowned (95)]]) [Player: Ai(1)-mm-sythis-enchantress, Gained Amount: 2]
Resolve Stack: Whenever Calix or an enchanted creature you control deals combat damage to a player, you may create a token that's a copy of a nonlegendary enchantment you control. Do this only once each turn. [Damage Source: Calix, Guided by Fate (30), Damaged: Ai(2)-mm-giada-angels, Amount: 2]
Add To Stack: Ai(1)-mm-sythis-enchantress triggered Calix, Guided by Fate targeting [Heliod, Sun-Crowned (95)]
Add To Stack: Ai(1)-mm-sythis-enchantress triggered Ajani's Chosen
Resolve Stack: Whenever an enchantment you control enters, create a 2/2 white Cat creature token. If that enchantment is an Aura, you may attach it to the token. [Zone Changer: Hallowed Haunting (496)]
Resolve Stack: Constellation — Whenever Calix, Guided by Fate or another enchantment you control enters, put a +1/+1 counter on target creature. (Targeting: [[Heliod, Sun-Crowned (95)]]) [Zone Changer: Hallowed Haunting (496)]
Resolve Stack: Whenever Calix or an enchanted creature you control deals combat damage to a player, you may create a token that's a copy of a nonlegendary enchantment you control. Do this only once each turn. [Damage Source: Heliod, Sun-Crowned (95), Damaged: Ai(2)-mm-giada-angels, Amount: 37]
Phase: Ai(1)-mm-sythis-enchantress' End of Combat Step
Phase: Ai(1)-mm-sythis-enchantress' Main phase, postcombat
Mana: Brushland (96) - {T}: Add {W}.
Add To Stack: Ai(1)-mm-sythis-enchantress cast Enlightened Tutor
Resolve Stack: Enlightened Tutor (64) - Ai(1)-mm-sythis-enchantress searches their library for an artifact or enchantment card, reveals it, puts it , then shuffles.
Phase: Ai(1)-mm-sythis-enchantress' End step
Phase: Ai(1)-mm-sythis-enchantress' Cleanup step
Turn: Turn 37 (Ai(4)-mm-muldrotha-value)
Phase: Ai(4)-mm-muldrotha-value's Untap step
Phase: Ai(4)-mm-muldrotha-value's Upkeep step
Add To Stack: Ai(4)-mm-muldrotha-value triggered Mesmeric Orb
Add To Stack: Ai(4)-mm-muldrotha-value triggered Mesmeric Orb
Add To Stack: Ai(4)-mm-muldrotha-value triggered Mesmeric Orb
Add To Stack: Ai(4)-mm-muldrotha-value triggered Mesmeric Orb
Add To Stack: Ai(4)-mm-muldrotha-value triggered Mesmeric Orb
Add To Stack: Ai(4)-mm-muldrotha-value triggered Mesmeric Orb
Add To Stack: Ai(4)-mm-muldrotha-value triggered Mesmeric Orb
Add To Stack: Ai(4)-mm-muldrotha-value triggered Mesmeric Orb
Add To Stack: Ai(4)-mm-muldrotha-value triggered Mesmeric Orb
Add To Stack: Ai(4)-mm-muldrotha-value triggered Mesmeric Orb
Add To Stack: Ai(4)-mm-muldrotha-value triggered Mesmeric Orb
Zone Change: Ai(4)-mm-muldrotha-value milled Perpetual Timepiece (370).
Resolve Stack: Whenever a permanent becomes untapped, that permanent's controller mills a card. [Untapped: Sol Ring (320)]
Zone Change: Ai(4)-mm-muldrotha-value milled Accursed Marauder (374).
Resolve Stack: Whenever a permanent becomes untapped, that permanent's controller mills a card. [Untapped: Spore Frog (353)]
Zone Change: Ai(4)-mm-muldrotha-value milled Siren Stormtamer (305).
Resolve Stack: Whenever a permanent becomes untapped, that permanent's controller mills a card. [Untapped: Muldrotha, the Gravetide (403)]
Zone Change: Ai(4)-mm-muldrotha-value milled Mystic Remora (315).
Resolve Stack: Whenever a permanent becomes untapped, that permanent's controller mills a card. [Untapped: Swamp (367)]
Zone Change: Ai(4)-mm-muldrotha-value milled Life from the Loam (354).
Resolve Stack: Whenever a permanent becomes untapped, that permanent's controller mills a card. [Untapped: Command Tower (316)]
Zone Change: Ai(4)-mm-muldrotha-value milled Demonic Tutor (401).
Resolve Stack: Whenever a permanent becomes untapped, that permanent's controller mills a card. [Untapped: Bojuka Bog (358)]
Zone Change: Ai(4)-mm-muldrotha-value milled Island (337).
Resolve Stack: Whenever a permanent becomes untapped, that permanent's controller mills a card. [Untapped: Swamp (365)]
Zone Change: Ai(4)-mm-muldrotha-value milled Jace, Wielder of Mysteries (381).
Resolve Stack: Whenever a permanent becomes untapped, that permanent's controller mills a card. [Untapped: Swamp (368)]
Zone Change: Ai(4)-mm-muldrotha-value milled Baleful Strix (323).
Resolve Stack: Whenever a permanent becomes untapped, that permanent's controller mills a card. [Untapped: Swamp (366)]
Zone Change: Ai(4)-mm-muldrotha-value milled Undergrowth Stadium (395).
Resolve Stack: Whenever a permanent becomes untapped, that permanent's controller mills a card. [Untapped: Island (336)]
Zone Change: Ai(4)-mm-muldrotha-value milled Hedge Shredder (349).
Resolve Stack: Whenever a permanent becomes untapped, that permanent's controller mills a card. [Untapped: Zagoth Triome (318)]
Phase: Ai(4)-mm-muldrotha-value's Draw step
Zone Change: Ai(4)-mm-muldrotha-value milled Drowned Catacomb (389), Plaguecrafter (304) and Hinterland Harbor (330).
Replacement Effect: Life from the Loam - Dredge 3
Phase: Ai(4)-mm-muldrotha-value's Main phase, precombat
Add To Stack: Ai(4)-mm-muldrotha-value triggered Ripples of Undeath
Zone Change: Ai(4)-mm-muldrotha-value milled Lotus Petal (321), Haywire Mite (334) and Woodland Cemetery (393).
Resolve Stack: At the beginning of your first main phase, mill three cards. Then you may pay {1} and 3 life. If you do, put a card from among those cards into your hand. [Phase: Ai(4)-mm-muldrotha-value]
Land: Ai(4)-mm-muldrotha-value played Command Beacon (308)
Add To Stack: Ai(4)-mm-muldrotha-value triggered River Kelpie
Resolve Stack: Whenever River Kelpie or another permanent enters from a graveyard, draw a card. [Zone Changer: Command Beacon (308)]
Add To Stack: Ai(4)-mm-muldrotha-value cast Lotus Petal
Add To Stack: Ai(4)-mm-muldrotha-value triggered River Kelpie
Resolve Stack: Whenever a player casts a spell from a graveyard, draw a card. [Card: Lotus Petal (321), Activator: Ai(4)-mm-muldrotha-value, SpellAbility: Lotus Petal by Muldrotha, the Gravetide (403) (Artifact)]
Resolve Stack: Lotus Petal
Mana: Swamp (366) - {T}: Add {B}.
Add To Stack: Ai(4)-mm-muldrotha-value cast Kaya's Ghostform targeting [Muldrotha, the Gravetide (403)]
Add To Stack: Ai(4)-mm-muldrotha-value triggered River Kelpie
Resolve Stack: Whenever a player casts a spell from a graveyard, draw a card. [Card: Kaya's Ghostform (394), Activator: Ai(4)-mm-muldrotha-value, SpellAbility: Kaya's Ghostform by Muldrotha, the Gravetide (403) (Enchantment)]
Resolve Stack: Kaya's Ghostform (394) -  Attach to Muldrotha, the Gravetide (403)
Phase: Ai(4)-mm-muldrotha-value's Beginning of Combat Step
Phase: Ai(4)-mm-muldrotha-value's Declare Attackers Step
Phase: Ai(4)-mm-muldrotha-value's Declare Blockers Step
Phase: Ai(4)-mm-muldrotha-value's First Strike Damage Step
Phase: Ai(4)-mm-muldrotha-value's Combat Damage Step
Phase: Ai(4)-mm-muldrotha-value's End of Combat Step
Phase: Ai(4)-mm-muldrotha-value's Main phase, postcombat
Mana: Swamp (368) - {T}: Add {B}.
Mana: Sol Ring (320) - {T}: Add {C}{C}.
Mana: Swamp (365) - {T}: Add {B}.
Mana: Bojuka Bog (358) - {T}: Add {B}.
Add To Stack: Ai(4)-mm-muldrotha-value cast Gravebreaker Lamia
Add To Stack: Ai(4)-mm-muldrotha-value triggered River Kelpie
Resolve Stack: Whenever a player casts a spell from a graveyard, draw a card. [Card: Gravebreaker Lamia (391), Activator: Ai(4)-mm-muldrotha-value, SpellAbility: Gravebreaker Lamia - Creature 4 / 4 by Muldrotha, the Gravetide (403) (Creature)]
Replacement Effect: Creatures your opponents control enter tapped.
Resolve Stack: Gravebreaker Lamia - Creature 4 / 4
Add To Stack: Ai(4)-mm-muldrotha-value triggered Gravebreaker Lamia
Add To Stack: Ai(1)-mm-sythis-enchantress triggered Authority of the Consuls
Life: Life: Ai(1)-mm-sythis-enchantress 75 > 76
Resolve Stack: Whenever a creature an opponent controls enters, you gain 1 life. [Zone Changer: Gravebreaker Lamia (391)]
Add To Stack: Ai(1)-mm-sythis-enchantress triggered Heliod, Sun-Crowned targeting [Heliod, Sun-Crowned (95)]
Resolve Stack: Whenever you gain life, put a +1/+1 counter on target creature or enchantment you control. (Targeting: [[Heliod, Sun-Crowned (95)]]) [Player: Ai(1)-mm-sythis-enchantress, Gained Amount: 1]
Resolve Stack: When Gravebreaker Lamia enters, search your library for a card, put it into your graveyard, then shuffle. [Zone Changer: Gravebreaker Lamia (391)]
Mana: Island (336) - {T}: Add {U}.
Mana: Command Tower (316) - {T}: Add one mana of any color in your commander's color identity.
Mana: Zagoth Triome (318) - {T}: Add {U}.
Add To Stack: Ai(4)-mm-muldrotha-value cast Jace, Wielder of Mysteries
Add To Stack: Ai(4)-mm-muldrotha-value triggered River Kelpie
Resolve Stack: Whenever a player casts a spell from a graveyard, draw a card. [Card: Jace, Wielder of Mysteries (381), Activator: Ai(4)-mm-muldrotha-value, SpellAbility: Jace, Wielder of Mysteries by Muldrotha, the Gravetide (403) (Planeswalker)]
Replacement Effect: Jace, Wielder of Mysteries enters with four loyalty counters on it.
Resolve Stack: Jace, Wielder of Mysteries
Zone Change: Lotus Petal (321) was put into Graveyard from Battlefield.
Mana: Lotus Petal (321) - {T}, Sacrifice Lotus Petal: Add one mana of any color.
Mana: Swamp (367) - {T}: Add {B}.
Add To Stack: Ai(4)-mm-muldrotha-value cast Skull Prophet
Replacement Effect: Creatures your opponents control enter tapped.
Resolve Stack: Skull Prophet - Creature 3 / 1
Add To Stack: Ai(1)-mm-sythis-enchantress triggered Authority of the Consuls
Life: Life: Ai(1)-mm-sythis-enchantress 76 > 77
Resolve Stack: Whenever a creature an opponent controls enters, you gain 1 life. [Zone Changer: Skull Prophet (384)]
Add To Stack: Ai(1)-mm-sythis-enchantress triggered Heliod, Sun-Crowned targeting [Heliod, Sun-Crowned (95)]
Resolve Stack: Whenever you gain life, put a +1/+1 counter on target creature or enchantment you control. (Targeting: [[Heliod, Sun-Crowned (95)]]) [Player: Ai(1)-mm-sythis-enchantress, Gained Amount: 1]
Phase: Ai(4)-mm-muldrotha-value's End step
Phase: Ai(4)-mm-muldrotha-value's Cleanup step
Discard: Ai(4)-mm-muldrotha-value discards Polluted Delta (313).
Discard: Ai(4)-mm-muldrotha-value discards Altar of Dementia (376).
Discard: Ai(4)-mm-muldrotha-value discards Solemn Simulacrum (348).
Discard: Ai(4)-mm-muldrotha-value discards Sakura-Tribe Elder (387).
Discard: Ai(4)-mm-muldrotha-value discards Birds of Paradise (382).
Turn: Turn 38 (Ai(1)-mm-sythis-enchantress)
Phase: Ai(1)-mm-sythis-enchantress' Untap step
Phase: Ai(1)-mm-sythis-enchantress' Upkeep step
Add To Stack: Ai(4)-mm-muldrotha-value triggered Mesmeric Orb
Add To Stack: Ai(4)-mm-muldrotha-value triggered Mesmeric Orb
Add To Stack: Ai(4)-mm-muldrotha-value triggered Mesmeric Orb
Add To Stack: Ai(4)-mm-muldrotha-value triggered Mesmeric Orb
Add To Stack: Ai(4)-mm-muldrotha-value triggered Mesmeric Orb
Add To Stack: Ai(4)-mm-muldrotha-value triggered Mesmeric Orb
Add To Stack: Ai(4)-mm-muldrotha-value triggered Mesmeric Orb
Add To Stack: Ai(4)-mm-muldrotha-value triggered Mesmeric Orb
Add To Stack: Ai(4)-mm-muldrotha-value triggered Mesmeric Orb
Add To Stack: Ai(4)-mm-muldrotha-value triggered Mesmeric Orb
Add To Stack: Ai(4)-mm-muldrotha-value triggered Mesmeric Orb
Add To Stack: Ai(4)-mm-muldrotha-value triggered Mesmeric Orb
Add To Stack: Ai(4)-mm-muldrotha-value triggered Mesmeric Orb
Zone Change: Ai(1)-mm-sythis-enchantress milled Weaver of Harmony (55).
Resolve Stack: Whenever a permanent becomes untapped, that permanent's controller mills a card. [Untapped: Canopy Vista (68)]
Zone Change: Ai(1)-mm-sythis-enchantress milled Archon of Sun's Grace (15).
Resolve Stack: Whenever a permanent becomes untapped, that permanent's controller mills a card. [Untapped: Plains (87)]
Zone Change: Ai(1)-mm-sythis-enchantress milled Wild Growth (12).
Resolve Stack: Whenever a permanent becomes untapped, that permanent's controller mills a card. [Untapped: Brushland (96)]
Zone Change: Ai(1)-mm-sythis-enchantress milled Temple Garden (73).
Resolve Stack: Whenever a permanent becomes untapped, that permanent's controller mills a card. [Untapped: Plains (85)]
Zone Change: Ai(1)-mm-sythis-enchantress milled Satyr Enchanter (46).
Resolve Stack: Whenever a permanent becomes untapped, that permanent's controller mills a card. [Untapped: Plains (90)]
Zone Change: Ai(1)-mm-sythis-enchantress milled Reliquary Tower (72).
Resolve Stack: Whenever a permanent becomes untapped, that permanent's controller mills a card. [Untapped: Sanctum Weaver (67)]
Zone Change: Ai(1)-mm-sythis-enchantress milled Plains (93).
Resolve Stack: Whenever a permanent becomes untapped, that permanent's controller mills a card. [Untapped: Forest (37)]
Zone Change: Ai(1)-mm-sythis-enchantress milled Aura of Silence (24).
Resolve Stack: Whenever a permanent becomes untapped, that permanent's controller mills a card. [Untapped: Forest (43)]
Zone Change: Ai(1)-mm-sythis-enchantress milled Branchloft Pathway (76).
Resolve Stack: Whenever a permanent becomes untapped, that permanent's controller mills a card. [Untapped: Forest (39)]
Zone Change: Ai(1)-mm-sythis-enchantress milled Blind Obedience (29).
Resolve Stack: Whenever a permanent becomes untapped, that permanent's controller mills a card. [Untapped: Plains (83)]
Zone Change: Ai(1)-mm-sythis-enchantress milled Sterling Grove (19).
Resolve Stack: Whenever a permanent becomes untapped, that permanent's controller mills a card. [Untapped: Forest (36)]
Zone Change: Ai(1)-mm-sythis-enchantress milled Resurgent Belief (75).
Resolve Stack: Whenever a permanent becomes untapped, that permanent's controller mills a card. [Untapped: Sunpetal Grove (63)]
Zone Change: Ai(1)-mm-sythis-enchantress milled Utopia Sprawl (2).
Resolve Stack: Whenever a permanent becomes untapped, that permanent's controller mills a card. [Untapped: Bountiful Promenade (13)]
Phase: Ai(1)-mm-sythis-enchantress' Draw step
Phase: Ai(1)-mm-sythis-enchantress' Main phase, precombat
Land: Ai(1)-mm-sythis-enchantress played Plains (88)
Add To Stack: Ai(1)-mm-sythis-enchantress triggered Courser of Kruphix
Life: Life: Ai(1)-mm-sythis-enchantress 77 > 78
Resolve Stack: Landfall — Whenever a land you control enters, you gain 1 life. [Zone Changer: Plains (88)]
Add To Stack: Ai(1)-mm-sythis-enchantress triggered Heliod, Sun-Crowned targeting [Heliod, Sun-Crowned (95)]
Resolve Stack: Whenever you gain life, put a +1/+1 counter on target creature or enchantment you control. (Targeting: [[Heliod, Sun-Crowned (95)]]) [Player: Ai(1)-mm-sythis-enchantress, Gained Amount: 1]
Land: Ai(1)-mm-sythis-enchantress played Windswept Heath (98)
Add To Stack: Ai(1)-mm-sythis-enchantress triggered Courser of Kruphix
Life: Life: Ai(1)-mm-sythis-enchantress 78 > 79
Resolve Stack: Landfall — Whenever a land you control enters, you gain 1 life. [Zone Changer: Windswept Heath (98)]
Add To Stack: Ai(1)-mm-sythis-enchantress triggered Heliod, Sun-Crowned targeting [Heliod, Sun-Crowned (95)]
Resolve Stack: Whenever you gain life, put a +1/+1 counter on target creature or enchantment you control. (Targeting: [[Heliod, Sun-Crowned (95)]]) [Player: Ai(1)-mm-sythis-enchantress, Gained Amount: 1]
Life: Life: Ai(1)-mm-sythis-enchantress 79 > 78
Zone Change: Windswept Heath (98) was put into Graveyard from Battlefield.
Add To Stack: Ai(1)-mm-sythis-enchantress activated Windswept Heath
Resolve Stack: Windswept Heath (98) - Ai(1)-mm-sythis-enchantress searches their library for a Forest or Plains card, puts it onto the battlefield, then shuffles.
Add To Stack: Ai(1)-mm-sythis-enchantress triggered Courser of Kruphix
Life: Life: Ai(1)-mm-sythis-enchantress 78 > 79
Resolve Stack: Landfall — Whenever a land you control enters, you gain 1 life. [Zone Changer: Plains (89)]
Add To Stack: Ai(1)-mm-sythis-enchantress triggered Heliod, Sun-Crowned targeting [Heliod, Sun-Crowned (95)]
Resolve Stack: Whenever you gain life, put a +1/+1 counter on target creature or enchantment you control. (Targeting: [[Heliod, Sun-Crowned (95)]]) [Player: Ai(1)-mm-sythis-enchantress, Gained Amount: 1]
Mana: Forest (36) - {T}: Add {G}.
Mana: Plains (83) - {T}: Add {G}.
Mana: Forest (39) - {T}: Add {G}.
Mana: Forest (43) - {T}: Add {G}.
Add To Stack: Ai(1)-mm-sythis-enchantress cast Eidolon of Blossoms
Add To Stack: Ai(1)-mm-sythis-enchantress triggered Sythis, Harvest's Hand
Add To Stack: Ai(1)-mm-sythis-enchantress triggered Mesa Enchantress
Add To Stack: Ai(1)-mm-sythis-enchantress triggered Hallowed Haunting
Add To Stack: Ai(1)-mm-sythis-enchantress triggered Hallowed Haunting
Add To Stack: Ai(1)-mm-sythis-enchantress triggered Hallowed Haunting
Resolve Stack: Whenever you cast an enchantment spell, create a white Spirit Cleric creature token with "This token's power and toughness are each equal to the number of Spirits you control." [Card: Eidolon of Blossoms (7), Activator: Ai(1)-mm-sythis-enchantress, SpellAbility: Eidolon of Blossoms - Creature 2 / 2]
Resolve Stack: Whenever you cast an enchantment spell, create a white Spirit Cleric creature token with "This token's power and toughness are each equal to the number of Spirits you control." [Card: Eidolon of Blossoms (7), Activator: Ai(1)-mm-sythis-enchantress, SpellAbility: Eidolon of Blossoms - Creature 2 / 2]
Resolve Stack: Whenever you cast an enchantment spell, create a white Spirit Cleric creature token with "This token's power and toughness are each equal to the number of Spirits you control." [Card: Eidolon of Blossoms (7), Activator: Ai(1)-mm-sythis-enchantress, SpellAbility: Eidolon of Blossoms - Creature 2 / 2]
Resolve Stack: Whenever you cast an enchantment spell, you may draw a card. [Card: Eidolon of Blossoms (7), Activator: Ai(1)-mm-sythis-enchantress, SpellAbility: Eidolon of Blossoms - Creature 2 / 2]
Life: Life: Ai(1)-mm-sythis-enchantress 79 > 80
Resolve Stack: Whenever you cast an enchantment spell, you gain 1 life and draw a card. [Card: Eidolon of Blossoms (7), Activator: Ai(1)-mm-sythis-enchantress, SpellAbility: Eidolon of Blossoms - Creature 2 / 2]
Add To Stack: Ai(1)-mm-sythis-enchantress triggered Heliod, Sun-Crowned targeting [Heliod, Sun-Crowned (95)]
Resolve Stack: Whenever you gain life, put a +1/+1 counter on target creature or enchantment you control. (Targeting: [[Heliod, Sun-Crowned (95)]]) [Player: Ai(1)-mm-sythis-enchantress, Gained Amount: 1]
Resolve Stack: Eidolon of Blossoms - Creature 2 / 2
Add To Stack: Ai(1)-mm-sythis-enchantress triggered Eidolon of Blossoms
Add To Stack: Ai(1)-mm-sythis-enchantress triggered Calix, Guided by Fate targeting [Heliod, Sun-Crowned (95)]
Add To Stack: Ai(1)-mm-sythis-enchantress triggered Ajani's Chosen
Resolve Stack: Whenever an enchantment you control enters, create a 2/2 white Cat creature token. If that enchantment is an Aura, you may attach it to the token. [Zone Changer: Eidolon of Blossoms (7)]
Resolve Stack: Constellation — Whenever Calix, Guided by Fate or another enchantment you control enters, put a +1/+1 counter on target creature. (Targeting: [[Heliod, Sun-Crowned (95)]]) [Zone Changer: Eidolon of Blossoms (7)]
Resolve Stack: Constellation — Whenever Eidolon of Blossoms or another enchantment you control enters, draw a card. [Zone Changer: Eidolon of Blossoms (7)]
Mana: Forest (37) - {T}: Add {W}.
Mana: Plains (90) - {T}: Add {G}.
Mana: Plains (85) - {T}: Add {G}.
Mana: Plains (87) - {T}: Add {G}.
Add To Stack: Ai(1)-mm-sythis-enchantress cast Smothering Tithe
Add To Stack: Ai(1)-mm-sythis-enchantress triggered Sythis, Harvest's Hand
Add To Stack: Ai(1)-mm-sythis-enchantress triggered Mesa Enchantress
Add To Stack: Ai(1)-mm-sythis-enchantress triggered Hallowed Haunting
Add To Stack: Ai(1)-mm-sythis-enchantress triggered Hallowed Haunting
Add To Stack: Ai(1)-mm-sythis-enchantress triggered Hallowed Haunting
Resolve Stack: Whenever you cast an enchantment spell, create a white Spirit Cleric creature token with "This token's power and toughness are each equal to the number of Spirits you control." [Card: Smothering Tithe (16), Activator: Ai(1)-mm-sythis-enchantress, SpellAbility: Smothering Tithe]
Resolve Stack: Whenever you cast an enchantment spell, create a white Spirit Cleric creature token with "This token's power and toughness are each equal to the number of Spirits you control." [Card: Smothering Tithe (16), Activator: Ai(1)-mm-sythis-enchantress, SpellAbility: Smothering Tithe]
Resolve Stack: Whenever you cast an enchantment spell, create a white Spirit Cleric creature token with "This token's power and toughness are each equal to the number of Spirits you control." [Card: Smothering Tithe (16), Activator: Ai(1)-mm-sythis-enchantress, SpellAbility: Smothering Tithe]
Resolve Stack: Whenever you cast an enchantment spell, you may draw a card. [Card: Smothering Tithe (16), Activator: Ai(1)-mm-sythis-enchantress, SpellAbility: Smothering Tithe]
Life: Life: Ai(1)-mm-sythis-enchantress 80 > 81
Resolve Stack: Whenever you cast an enchantment spell, you gain 1 life and draw a card. [Card: Smothering Tithe (16), Activator: Ai(1)-mm-sythis-enchantress, SpellAbility: Smothering Tithe]
Add To Stack: Ai(1)-mm-sythis-enchantress triggered Heliod, Sun-Crowned targeting [Heliod, Sun-Crowned (95)]
Resolve Stack: Whenever you gain life, put a +1/+1 counter on target creature or enchantment you control. (Targeting: [[Heliod, Sun-Crowned (95)]]) [Player: Ai(1)-mm-sythis-enchantress, Gained Amount: 1]
Resolve Stack: Smothering Tithe
Add To Stack: Ai(1)-mm-sythis-enchantress triggered Eidolon of Blossoms
Add To Stack: Ai(1)-mm-sythis-enchantress triggered Calix, Guided by Fate targeting [Heliod, Sun-Crowned (95)]
Add To Stack: Ai(1)-mm-sythis-enchantress triggered Ajani's Chosen
Resolve Stack: Whenever an enchantment you control enters, create a 2/2 white Cat creature token. If that enchantment is an Aura, you may attach it to the token. [Zone Changer: Smothering Tithe (16)]
Resolve Stack: Constellation — Whenever Calix, Guided by Fate or another enchantment you control enters, put a +1/+1 counter on target creature. (Targeting: [[Heliod, Sun-Crowned (95)]]) [Zone Changer: Smothering Tithe (16)]
Resolve Stack: Constellation — Whenever Eidolon of Blossoms or another enchantment you control enters, draw a card. [Zone Changer: Smothering Tithe (16)]
Mana: Canopy Vista (68) - {T}: Add {G}.
Mana: Plains (88) - {T}: Add {G}.
Mana: Plains (89) - {T}: Add {G}.
Add To Stack: Ai(1)-mm-sythis-enchantress cast Ancestral Mask targeting [Spirit Cleric Token (462)]
Add To Stack: Ai(1)-mm-sythis-enchantress triggered Sythis, Harvest's Hand
Add To Stack: Ai(1)-mm-sythis-enchantress triggered Mesa Enchantress
Add To Stack: Ai(1)-mm-sythis-enchantress triggered Hallowed Haunting
Add To Stack: Ai(1)-mm-sythis-enchantress triggered Hallowed Haunting
Add To Stack: Ai(1)-mm-sythis-enchantress triggered Hallowed Haunting
Resolve Stack: Whenever you cast an enchantment spell, create a white Spirit Cleric creature token with "This token's power and toughness are each equal to the number of Spirits you control." [Card: Ancestral Mask (53), Activator: Ai(1)-mm-sythis-enchantress, SpellAbility: Ancestral Mask]
Resolve Stack: Whenever you cast an enchantment spell, create a white Spirit Cleric creature token with "This token's power and toughness are each equal to the number of Spirits you control." [Card: Ancestral Mask (53), Activator: Ai(1)-mm-sythis-enchantress, SpellAbility: Ancestral Mask]
Resolve Stack: Whenever you cast an enchantment spell, create a white Spirit Cleric creature token with "This token's power and toughness are each equal to the number of Spirits you control." [Card: Ancestral Mask (53), Activator: Ai(1)-mm-sythis-enchantress, SpellAbility: Ancestral Mask]
Resolve Stack: Whenever you cast an enchantment spell, you may draw a card. [Card: Ancestral Mask (53), Activator: Ai(1)-mm-sythis-enchantress, SpellAbility: Ancestral Mask]
Life: Life: Ai(1)-mm-sythis-enchantress 81 > 82
Resolve Stack: Whenever you cast an enchantment spell, you gain 1 life and draw a card. [Card: Ancestral Mask (53), Activator: Ai(1)-mm-sythis-enchantress, SpellAbility: Ancestral Mask]
Add To Stack: Ai(1)-mm-sythis-enchantress triggered Heliod, Sun-Crowned targeting [Heliod, Sun-Crowned (95)]
Resolve Stack: Whenever you gain life, put a +1/+1 counter on target creature or enchantment you control. (Targeting: [[Heliod, Sun-Crowned (95)]]) [Player: Ai(1)-mm-sythis-enchantress, Gained Amount: 1]
Resolve Stack: Ancestral Mask (53) -  Attach to Spirit Cleric Token (462)
Add To Stack: Ai(1)-mm-sythis-enchantress triggered Eidolon of Blossoms
Add To Stack: Ai(1)-mm-sythis-enchantress triggered Calix, Guided by Fate targeting [Spirit Cleric Token (462)]
Add To Stack: Ai(1)-mm-sythis-enchantress triggered Ajani's Chosen
Resolve Stack: Whenever an enchantment you control enters, create a 2/2 white Cat creature token. If that enchantment is an Aura, you may attach it to the token. [Zone Changer: Ancestral Mask (53)]
Resolve Stack: Constellation — Whenever Calix, Guided by Fate or another enchantment you control enters, put a +1/+1 counter on target creature. (Targeting: [[Spirit Cleric Token (462)]]) [Zone Changer: Ancestral Mask (53)]
Resolve Stack: Constellation — Whenever Eidolon of Blossoms or another enchantment you control enters, draw a card. [Zone Changer: Ancestral Mask (53)]
Mana: Bountiful Promenade (13) - {T}: Add {G}.
Mana: Sunpetal Grove (63) - {T}: Add {G}.
Add To Stack: Ai(1)-mm-sythis-enchantress cast Enchantress's Presence
Add To Stack: Ai(1)-mm-sythis-enchantress triggered Sythis, Harvest's Hand
Add To Stack: Ai(1)-mm-sythis-enchantress triggered Mesa Enchantress
Add To Stack: Ai(1)-mm-sythis-enchantress triggered Hallowed Haunting
Add To Stack: Ai(1)-mm-sythis-enchantress triggered Hallowed Haunting
Add To Stack: Ai(1)-mm-sythis-enchantress triggered Hallowed Haunting
Resolve Stack: Whenever you cast an enchantment spell, create a white Spirit Cleric creature token with "This token's power and toughness are each equal to the number of Spirits you control." [Card: Enchantress's Presence (48), Activator: Ai(1)-mm-sythis-enchantress, SpellAbility: Enchantress's Presence]
Resolve Stack: Whenever you cast an enchantment spell, create a white Spirit Cleric creature token with "This token's power and toughness are each equal to the number of Spirits you control." [Card: Enchantress's Presence (48), Activator: Ai(1)-mm-sythis-enchantress, SpellAbility: Enchantress's Presence]
Resolve Stack: Whenever you cast an enchantment spell, create a white Spirit Cleric creature token with "This token's power and toughness are each equal to the number of Spirits you control." [Card: Enchantress's Presence (48), Activator: Ai(1)-mm-sythis-enchantress, SpellAbility: Enchantress's Presence]
Resolve Stack: Whenever you cast an enchantment spell, you may draw a card. [Card: Enchantress's Presence (48), Activator: Ai(1)-mm-sythis-enchantress, SpellAbility: Enchantress's Presence]
Life: Life: Ai(1)-mm-sythis-enchantress 82 > 83
Resolve Stack: Whenever you cast an enchantment spell, you gain 1 life and draw a card. [Card: Enchantress's Presence (48), Activator: Ai(1)-mm-sythis-enchantress, SpellAbility: Enchantress's Presence]
Add To Stack: Ai(1)-mm-sythis-enchantress triggered Heliod, Sun-Crowned targeting [Heliod, Sun-Crowned (95)]
Resolve Stack: Whenever you gain life, put a +1/+1 counter on target creature or enchantment you control. (Targeting: [[Heliod, Sun-Crowned (95)]]) [Player: Ai(1)-mm-sythis-enchantress, Gained Amount: 1]
Resolve Stack: Enchantress's Presence
Add To Stack: Ai(1)-mm-sythis-enchantress triggered Eidolon of Blossoms
Add To Stack: Ai(1)-mm-sythis-enchantress triggered Calix, Guided by Fate targeting [Heliod, Sun-Crowned (95)]
Add To Stack: Ai(1)-mm-sythis-enchantress triggered Ajani's Chosen
Resolve Stack: Whenever an enchantment you control enters, create a 2/2 white Cat creature token. If that enchantment is an Aura, you may attach it to the token. [Zone Changer: Enchantress's Presence (48)]
Resolve Stack: Constellation — Whenever Calix, Guided by Fate or another enchantment you control enters, put a +1/+1 counter on target creature. (Targeting: [[Heliod, Sun-Crowned (95)]]) [Zone Changer: Enchantress's Presence (48)]
Resolve Stack: Constellation — Whenever Eidolon of Blossoms or another enchantment you control enters, draw a card. [Zone Changer: Enchantress's Presence (48)]
Mana: Brushland (96) - {T}: Add {C}.
Mana: Sanctum Weaver (67) - {T}: Add X mana of any one color, where X is the number of enchantments you control.
Add To Stack: Ai(1)-mm-sythis-enchantress cast Setessan Champion
Resolve Stack: Setessan Champion - Creature 1 / 3
Add To Stack: Ai(1)-mm-sythis-enchantress cast All That Glitters targeting [Spirit Cleric Token (462)]
Add To Stack: Ai(1)-mm-sythis-enchantress triggered Sythis, Harvest's Hand
Add To Stack: Ai(1)-mm-sythis-enchantress triggered Mesa Enchantress
Add To Stack: Ai(1)-mm-sythis-enchantress triggered Enchantress's Presence
Add To Stack: Ai(1)-mm-sythis-enchantress triggered Hallowed Haunting
Add To Stack: Ai(1)-mm-sythis-enchantress triggered Hallowed Haunting
Add To Stack: Ai(1)-mm-sythis-enchantress triggered Hallowed Haunting
Resolve Stack: Whenever you cast an enchantment spell, create a white Spirit Cleric creature token with "This token's power and toughness are each equal to the number of Spirits you control." [Card: All That Glitters (34), Activator: Ai(1)-mm-sythis-enchantress, SpellAbility: All That Glitters]
Resolve Stack: Whenever you cast an enchantment spell, create a white Spirit Cleric creature token with "This token's power and toughness are each equal to the number of Spirits you control." [Card: All That Glitters (34), Activator: Ai(1)-mm-sythis-enchantress, SpellAbility: All That Glitters]
Resolve Stack: Whenever you cast an enchantment spell, create a white Spirit Cleric creature token with "This token's power and toughness are each equal to the number of Spirits you control." [Card: All That Glitters (34), Activator: Ai(1)-mm-sythis-enchantress, SpellAbility: All That Glitters]
Resolve Stack: Whenever you cast an enchantment spell, draw a card. [Card: All That Glitters (34), Activator: Ai(1)-mm-sythis-enchantress, SpellAbility: All That Glitters]
Resolve Stack: Whenever you cast an enchantment spell, you may draw a card. [Card: All That Glitters (34), Activator: Ai(1)-mm-sythis-enchantress, SpellAbility: All That Glitters]
Life: Life: Ai(1)-mm-sythis-enchantress 83 > 84
Resolve Stack: Whenever you cast an enchantment spell, you gain 1 life and draw a card. [Card: All That Glitters (34), Activator: Ai(1)-mm-sythis-enchantress, SpellAbility: All That Glitters]
Add To Stack: Ai(1)-mm-sythis-enchantress triggered Heliod, Sun-Crowned targeting [Cat Token (494)]
Resolve Stack: Whenever you gain life, put a +1/+1 counter on target creature or enchantment you control. (Targeting: [[Cat Token (494)]]) [Player: Ai(1)-mm-sythis-enchantress, Gained Amount: 1]
Resolve Stack: All That Glitters (34) -  Attach to Spirit Cleric Token (462)
Add To Stack: Ai(1)-mm-sythis-enchantress triggered Eidolon of Blossoms
Add To Stack: Ai(1)-mm-sythis-enchantress triggered Calix, Guided by Fate targeting [Cat Token (494)]
Add To Stack: Ai(1)-mm-sythis-enchantress triggered Setessan Champion
Add To Stack: Ai(1)-mm-sythis-enchantress triggered Ajani's Chosen
Resolve Stack: Whenever an enchantment you control enters, create a 2/2 white Cat creature token. If that enchantment is an Aura, you may attach it to the token. [Zone Changer: All That Glitters (34)]
Resolve Stack: Constellation — Whenever an enchantment you control enters, put a +1/+1 counter on Setessan Champion and draw a card. [Zone Changer: All That Glitters (34)]
Resolve Stack: Constellation — Whenever Calix, Guided by Fate or another enchantment you control enters, put a +1/+1 counter on target creature. (Targeting: [[Cat Token (494)]]) [Zone Changer: All That Glitters (34)]
Resolve Stack: Constellation — Whenever Eidolon of Blossoms or another enchantment you control enters, draw a card. [Zone Changer: All That Glitters (34)]
Add To Stack: Ai(1)-mm-sythis-enchantress cast Alseid of Life's Bounty
Add To Stack: Ai(1)-mm-sythis-enchantress triggered Sythis, Harvest's Hand
Add To Stack: Ai(1)-mm-sythis-enchantress triggered Mesa Enchantress
Add To Stack: Ai(1)-mm-sythis-enchantress triggered Enchantress's Presence
Add To Stack: Ai(1)-mm-sythis-enchantress triggered Hallowed Haunting
Add To Stack: Ai(1)-mm-sythis-enchantress triggered Hallowed Haunting
Add To Stack: Ai(1)-mm-sythis-enchantress triggered Hallowed Haunting
Resolve Stack: Whenever you cast an enchantment spell, create a white Spirit Cleric creature token with "This token's power and toughness are each equal to the number of Spirits you control." [Card: Alseid of Life's Bounty (47), Activator: Ai(1)-mm-sythis-enchantress, SpellAbility: Alseid of Life's Bounty - Creature 1 / 1]
Resolve Stack: Whenever you cast an enchantment spell, create a white Spirit Cleric creature token with "This token's power and toughness are each equal to the number of Spirits you control." [Card: Alseid of Life's Bounty (47), Activator: Ai(1)-mm-sythis-enchantress, SpellAbility: Alseid of Life's Bounty - Creature 1 / 1]
Resolve Stack: Whenever you cast an enchantment spell, create a white Spirit Cleric creature token with "This token's power and toughness are each equal to the number of Spirits you control." [Card: Alseid of Life's Bounty (47), Activator: Ai(1)-mm-sythis-enchantress, SpellAbility: Alseid of Life's Bounty - Creature 1 / 1]
Resolve Stack: Whenever you cast an enchantment spell, draw a card. [Card: Alseid of Life's Bounty (47), Activator: Ai(1)-mm-sythis-enchantress, SpellAbility: Alseid of Life's Bounty - Creature 1 / 1]
Resolve Stack: Whenever you cast an enchantment spell, you may draw a card. [Card: Alseid of Life's Bounty (47), Activator: Ai(1)-mm-sythis-enchantress, SpellAbility: Alseid of Life's Bounty - Creature 1 / 1]
Life: Life: Ai(1)-mm-sythis-enchantress 84 > 85
Resolve Stack: Whenever you cast an enchantment spell, you gain 1 life and draw a card. [Card: Alseid of Life's Bounty (47), Activator: Ai(1)-mm-sythis-enchantress, SpellAbility: Alseid of Life's Bounty - Creature 1 / 1]
Add To Stack: Ai(1)-mm-sythis-enchantress triggered Heliod, Sun-Crowned targeting [Cat Token (494)]
Resolve Stack: Whenever you gain life, put a +1/+1 counter on target creature or enchantment you control. (Targeting: [[Cat Token (494)]]) [Player: Ai(1)-mm-sythis-enchantress, Gained Amount: 1]
Resolve Stack: Alseid of Life's Bounty - Creature 1 / 1
Add To Stack: Ai(1)-mm-sythis-enchantress triggered Eidolon of Blossoms
Add To Stack: Ai(1)-mm-sythis-enchantress triggered Calix, Guided by Fate targeting [Cat Token (494)]
Add To Stack: Ai(1)-mm-sythis-enchantress triggered Setessan Champion
Add To Stack: Ai(1)-mm-sythis-enchantress triggered Ajani's Chosen
Resolve Stack: Whenever an enchantment you control enters, create a 2/2 white Cat creature token. If that enchantment is an Aura, you may attach it to the token. [Zone Changer: Alseid of Life's Bounty (47)]
Resolve Stack: Constellation — Whenever an enchantment you control enters, put a +1/+1 counter on Setessan Champion and draw a card. [Zone Changer: Alseid of Life's Bounty (47)]
Resolve Stack: Constellation — Whenever Calix, Guided by Fate or another enchantment you control enters, put a +1/+1 counter on target creature. (Targeting: [[Cat Token (494)]]) [Zone Changer: Alseid of Life's Bounty (47)]
Resolve Stack: Constellation — Whenever Eidolon of Blossoms or another enchantment you control enters, draw a card. [Zone Changer: Alseid of Life's Bounty (47)]
Phase: Ai(1)-mm-sythis-enchantress' Beginning of Combat Step
Phase: Ai(1)-mm-sythis-enchantress' Declare Attackers Step
Combat: Ai(1)-mm-sythis-enchantress assigned Calix, Guided by Fate (30), Destiny Spinner (27), Moon-Blessed Cleric (50), Destiny Spinner (449), Courser of Kruphix (99), Ajani's Chosen (61), Cat Token (454), Spirit Cleric Token (462), Spirit Cleric Token (464), Cat Token (467), Spirit Cleric Token (471), Spirit Cleric Token (473), Cat Token (476), Spirit Cleric Token (480), Spirit Cleric Token (482), Dryad of the Ilysian Grove (14), Cat Token (485), Spirit Cleric Token (489), Spirit Cleric Token (491), Cat Token (494) and Cat Token (499) to attack Ai(4)-mm-muldrotha-value.
Ai(1)-mm-sythis-enchantress assigned Sythis, Harvest's Hand (100) and Heliod, Sun-Crowned (95) to attack Jace, Wielder of Mysteries (381).
Phase: Ai(1)-mm-sythis-enchantress' Declare Blockers Step
Combat: Ai(4)-mm-muldrotha-value didn't block Calix, Guided by Fate (30).
Ai(4)-mm-muldrotha-value didn't block Destiny Spinner (27).
Ai(4)-mm-muldrotha-value didn't block Moon-Blessed Cleric (50).
Ai(4)-mm-muldrotha-value didn't block Destiny Spinner (449).
Ai(4)-mm-muldrotha-value didn't block Courser of Kruphix (99).
Ai(4)-mm-muldrotha-value didn't block Ajani's Chosen (61).
Ai(4)-mm-muldrotha-value didn't block Cat Token (454).
Ai(4)-mm-muldrotha-value didn't block Spirit Cleric Token (462).
Ai(4)-mm-muldrotha-value didn't block Spirit Cleric Token (464).
Ai(4)-mm-muldrotha-value didn't block Cat Token (467).
Ai(4)-mm-muldrotha-value didn't block Spirit Cleric Token (471).
Ai(4)-mm-muldrotha-value didn't block Spirit Cleric Token (473).
Ai(4)-mm-muldrotha-value didn't block Cat Token (476).
Ai(4)-mm-muldrotha-value didn't block Spirit Cleric Token (480).
Ai(4)-mm-muldrotha-value didn't block Spirit Cleric Token (482).
Ai(4)-mm-muldrotha-value didn't block Dryad of the Ilysian Grove (14).
Ai(4)-mm-muldrotha-value didn't block Cat Token (485).
Ai(4)-mm-muldrotha-value didn't block Spirit Cleric Token (489).
Ai(4)-mm-muldrotha-value didn't block Spirit Cleric Token (491).
Ai(4)-mm-muldrotha-value didn't block Cat Token (494).
Ai(4)-mm-muldrotha-value didn't block Cat Token (499).
Ai(4)-mm-muldrotha-value didn't block Sythis, Harvest's Hand (100).
Ai(4)-mm-muldrotha-value didn't block Heliod, Sun-Crowned (95).
Zone Change: Spore Frog (353) was put into Graveyard from Battlefield.
Add To Stack: Ai(4)-mm-muldrotha-value activated Spore Frog
Resolve Stack: Spore Frog (353) - Ai(4)-mm-muldrotha-value prevents all combat damage this turn.
Phase: Ai(1)-mm-sythis-enchantress' First Strike Damage Step
Replacement Effect: Prevent all combat damage this turn.
Phase: Ai(1)-mm-sythis-enchantress' Combat Damage Step
Replacement Effect: Prevent all combat damage this turn.
Replacement Effect: Prevent all combat damage this turn.
Replacement Effect: Prevent all combat damage this turn.
Replacement Effect: Prevent all combat damage this turn.
Replacement Effect: Prevent all combat damage this turn.
Replacement Effect: Prevent all combat damage this turn.
Replacement Effect: Prevent all combat damage this turn.
Replacement Effect: Prevent all combat damage this turn.
Replacement Effect: Prevent all combat damage this turn.
Replacement Effect: Prevent all combat damage this turn.
Replacement Effect: Prevent all combat damage this turn.
Replacement Effect: Prevent all combat damage this turn.
Replacement Effect: Prevent all combat damage this turn.
Replacement Effect: Prevent all combat damage this turn.
Replacement Effect: Prevent all combat damage this turn.
Replacement Effect: Prevent all combat damage this turn.
Replacement Effect: Prevent all combat damage this turn.
Replacement Effect: Prevent all combat damage this turn.
Replacement Effect: Prevent all combat damage this turn.
Replacement Effect: Prevent all combat damage this turn.
Replacement Effect: Prevent all combat damage this turn.
Replacement Effect: Prevent all combat damage this turn.
Phase: Ai(1)-mm-sythis-enchantress' End of Combat Step
Phase: Ai(1)-mm-sythis-enchantress' Main phase, postcombat
Phase: Ai(1)-mm-sythis-enchantress' End step
Phase: Ai(1)-mm-sythis-enchantress' Cleanup step
Discard: Ai(1)-mm-sythis-enchantress discards Plains (92).
Discard: Ai(1)-mm-sythis-enchantress discards Plains (91).
Discard: Ai(1)-mm-sythis-enchantress discards Forest (42).
Discard: Ai(1)-mm-sythis-enchantress discards Plains (86).
Discard: Ai(1)-mm-sythis-enchantress discards Forest (38).
Discard: Ai(1)-mm-sythis-enchantress discards Temple of Plenty (58).
Discard: Ai(1)-mm-sythis-enchantress discards Hall of Heliod's Generosity (10).
Discard: Ai(1)-mm-sythis-enchantress discards Sungrass Prairie (6).
Discard: Ai(1)-mm-sythis-enchantress discards Overgrown Farmland (33).
Discard: Ai(1)-mm-sythis-enchantress discards Abundant Growth (18).
Turn: Turn 39 (Ai(4)-mm-muldrotha-value)
Phase: Ai(4)-mm-muldrotha-value's Untap step
Phase: Ai(4)-mm-muldrotha-value's Upkeep step
Add To Stack: Ai(4)-mm-muldrotha-value triggered Mesmeric Orb
Add To Stack: Ai(4)-mm-muldrotha-value triggered Mesmeric Orb
Add To Stack: Ai(4)-mm-muldrotha-value triggered Mesmeric Orb
Add To Stack: Ai(4)-mm-muldrotha-value triggered Mesmeric Orb
Add To Stack: Ai(4)-mm-muldrotha-value triggered Mesmeric Orb
Add To Stack: Ai(4)-mm-muldrotha-value triggered Mesmeric Orb
Add To Stack: Ai(4)-mm-muldrotha-value triggered Mesmeric Orb
Add To Stack: Ai(4)-mm-muldrotha-value triggered Mesmeric Orb
Add To Stack: Ai(4)-mm-muldrotha-value triggered Mesmeric Orb
Add To Stack: Ai(4)-mm-muldrotha-value triggered Mesmeric Orb
Add To Stack: Ai(4)-mm-muldrotha-value triggered Mesmeric Orb
Zone Change: Ai(4)-mm-muldrotha-value milled Kheru Goldkeeper (375).
Resolve Stack: Whenever a permanent becomes untapped, that permanent's controller mills a card. [Untapped: Skull Prophet (384)]
Zone Change: Ai(4)-mm-muldrotha-value milled Doc Aurlock, Grizzled Genius (326).
Resolve Stack: Whenever a permanent becomes untapped, that permanent's controller mills a card. [Untapped: Gravebreaker Lamia (391)]
Zone Change: Ai(4)-mm-muldrotha-value milled Watery Grave (333).
Resolve Stack: Whenever a permanent becomes untapped, that permanent's controller mills a card. [Untapped: Sol Ring (320)]
Zone Change: Ai(4)-mm-muldrotha-value milled Teval, the Balanced Scale (398).
Resolve Stack: Whenever a permanent becomes untapped, that permanent's controller mills a card. [Untapped: Swamp (367)]
Zone Change: Ai(4)-mm-muldrotha-value milled Terramorphic Expanse (402).
Resolve Stack: Whenever a permanent becomes untapped, that permanent's controller mills a card. [Untapped: Command Tower (316)]
Zone Change: Ai(4)-mm-muldrotha-value milled Animate Dead (307).
Resolve Stack: Whenever a permanent becomes untapped, that permanent's controller mills a card. [Untapped: Bojuka Bog (358)]
Zone Change: Ai(4)-mm-muldrotha-value milled Hermit Druid (341).
Resolve Stack: Whenever a permanent becomes untapped, that permanent's controller mills a card. [Untapped: Swamp (365)]
Zone Change: Ai(4)-mm-muldrotha-value milled Reanimate (361).
Resolve Stack: Whenever a permanent becomes untapped, that permanent's controller mills a card. [Untapped: Swamp (368)]
Zone Change: Ai(4)-mm-muldrotha-value milled Arcane Signet (399).
Resolve Stack: Whenever a permanent becomes untapped, that permanent's controller mills a card. [Untapped: Swamp (366)]
Zone Change: Ai(4)-mm-muldrotha-value milled Entomb (357).
Resolve Stack: Whenever a permanent becomes untapped, that permanent's controller mills a card. [Untapped: Island (336)]
Zone Change: Ai(4)-mm-muldrotha-value milled Swiftfoot Boots (360).
Resolve Stack: Whenever a permanent becomes untapped, that permanent's controller mills a card. [Untapped: Zagoth Triome (318)]
Phase: Ai(4)-mm-muldrotha-value's Draw step
Add To Stack: Ai(1)-mm-sythis-enchantress triggered Smothering Tithe
Resolve Stack: Whenever an opponent draws a card, that player may pay {2}. If the player doesn't, you create a Treasure token. (It's an artifact with "{T}, Sacrifice this token: Add one mana of any color.") [Player: Ai(4)-mm-muldrotha-value]
Phase: Ai(4)-mm-muldrotha-value's Main phase, precombat
Add To Stack: Ai(4)-mm-muldrotha-value triggered Ripples of Undeath
Zone Change: Ai(4)-mm-muldrotha-value milled Victimize (350), Opulent Palace (380) and Secrets of the Dead (400).
Resolve Stack: At the beginning of your first main phase, mill three cards. Then you may pay {1} and 3 life. If you do, put a card from among those cards into your hand. [Phase: Ai(4)-mm-muldrotha-value]
Replacement Effect: Hinterland Harbor enters tapped unless you control a Forest or an Island.
Land: Ai(4)-mm-muldrotha-value played Hinterland Harbor (330)
Add To Stack: Ai(4)-mm-muldrotha-value triggered River Kelpie
Resolve Stack: Whenever River Kelpie or another permanent enters from a graveyard, draw a card. [Zone Changer: Hinterland Harbor (330)]
Add To Stack: Ai(1)-mm-sythis-enchantress triggered Smothering Tithe
Resolve Stack: Whenever an opponent draws a card, that player may pay {2}. If the player doesn't, you create a Treasure token. (It's an artifact with "{T}, Sacrifice this token: Add one mana of any color.") [Player: Ai(4)-mm-muldrotha-value]
Add To Stack: Ai(4)-mm-muldrotha-value cast Lotus Petal
Add To Stack: Ai(4)-mm-muldrotha-value triggered River Kelpie
Resolve Stack: Whenever a player casts a spell from a graveyard, draw a card. [Card: Lotus Petal (321), Activator: Ai(4)-mm-muldrotha-value, SpellAbility: Lotus Petal by Muldrotha, the Gravetide (403) (Artifact)]
Add To Stack: Ai(1)-mm-sythis-enchantress triggered Smothering Tithe
Resolve Stack: Whenever an opponent draws a card, that player may pay {2}. If the player doesn't, you create a Treasure token. (It's an artifact with "{T}, Sacrifice this token: Add one mana of any color.") [Player: Ai(4)-mm-muldrotha-value]
Resolve Stack: Lotus Petal
Mana: Swamp (366) - {T}: Add {B}.
Add To Stack: Ai(4)-mm-muldrotha-value cast Animate Dead targeting [The Gitrog Monster (378)]
Add To Stack: Ai(4)-mm-muldrotha-value triggered River Kelpie
Resolve Stack: Whenever a player casts a spell from a graveyard, draw a card. [Card: Animate Dead (307), Activator: Ai(4)-mm-muldrotha-value, SpellAbility: Animate Dead by Muldrotha, the Gravetide (403) (Enchantment)]
Add To Stack: Ai(1)-mm-sythis-enchantress triggered Smothering Tithe
Resolve Stack: Whenever an opponent draws a card, that player may pay {2}. If the player doesn't, you create a Treasure token. (It's an artifact with "{T}, Sacrifice this token: Add one mana of any color.") [Player: Ai(4)-mm-muldrotha-value]
Resolve Stack: Animate Dead (307) -  Attach to The Gitrog Monster (378)
Add To Stack: Ai(4)-mm-muldrotha-value triggered Animate Dead
Replacement Effect: Creatures your opponents control enter tapped.
Resolve Stack: When Animate Dead enters, if it's on the battlefield, it loses "enchant creature card in a graveyard" and gains "enchant creature put onto the battlefield with Animate Dead." Return enchanted creature card to the battlefield under your control and attach Animate Dead to it. When Animate Dead leaves the battlefield, that creature's controller sacrifices it. [Zone Changer: Animate Dead (307)]
Add To Stack: Ai(4)-mm-muldrotha-value triggered River Kelpie
Add To Stack: Ai(1)-mm-sythis-enchantress triggered Authority of the Consuls
Life: Life: Ai(1)-mm-sythis-enchantress 85 > 86
Resolve Stack: Whenever a creature an opponent controls enters, you gain 1 life. [Zone Changer: The Gitrog Monster (378)]
Add To Stack: Ai(1)-mm-sythis-enchantress triggered Heliod, Sun-Crowned targeting [Cat Token (494)]
Resolve Stack: Whenever you gain life, put a +1/+1 counter on target creature or enchantment you control. (Targeting: [[Cat Token (494)]]) [Player: Ai(1)-mm-sythis-enchantress, Gained Amount: 1]
Player Control: Ai(1)-mm-sythis-enchantress has restored control over themself
Player Control: Ai(2)-mm-giada-angels has restored control over themself
Player Control: Ai(3)-mm-baylen-tokens has restored control over themself
Player Control: Ai(4)-mm-muldrotha-value has restored control over themself
Game Outcome: Turn 20
Game Outcome: Ai(1)-mm-sythis-enchantress has lost because an opponent has won by spell 'Jace, Wielder of Mysteries'
Game Outcome: Ai(2)-mm-giada-angels has lost because life total reached 0
Game Outcome: Ai(3)-mm-baylen-tokens has lost because life total reached 0
Game Outcome: Ai(4)-mm-muldrotha-value has won due to effect of 'Jace, Wielder of Mysteries'
Match Result: Ai(1)-mm-sythis-enchantress: 0 Ai(2)-mm-giada-angels: 1 Ai(3)-mm-baylen-tokens: 0 Ai(4)-mm-muldrotha-value: 1 
Replacement Effect: If you would draw a card while your library has no cards in it, you win the game instead.
Resolve Stack: Whenever River Kelpie or another permanent enters from a graveyard, draw a card. [Zone Changer: The Gitrog Monster (378)]

Game Result: Game 2 ended in 392534 ms. Ai(4)-mm-muldrotha-value has won!

