Error handling registered!
14:33:50 [INFO ] GuiBase: ##########################################
14:33:50 [INFO ] GuiBase: APP: Forge v.2.0.14-SNAPSHOT-08.08
14:33:50 [INFO ] GuiBase: Java: 21.0.9 (Oracle Corporation)
14:33:50 [INFO ] GuiBase: OS: Mac OS X 26.3 aarch64
14:33:50 [INFO ] GuiBase: RAM: 4096 MB max, 8 CPUs
14:33:50 [INFO ] GuiBase: ##########################################
Language 'en-US' loaded successfully.
(ThreadUtil first call): Running with priority 5
Read cards: 33617 archived files in 1 ms (25 parts) using thread pool
Upcoming set Star Trek (TRK) dated in the future. All `upcoming` cards will be added to this set with unknown rarity.
The card A-Alrund's Epiphany was not assigned to any set. Adding it to UNKNOWN set... to fix see res/editions/ folder. 
The card A-Baba Lysaga, Night Witch was not assigned to any set. Adding it to UNKNOWN set... to fix see res/editions/ folder. 
The card A-Divide by Zero was not assigned to any set. Adding it to UNKNOWN set... to fix see res/editions/ folder. 
The card A-Esika's Chariot was not assigned to any set. Adding it to UNKNOWN set... to fix see res/editions/ folder. 
The card A-Faceless Haven was not assigned to any set. Adding it to UNKNOWN set... to fix see res/editions/ folder. 
The card A-Fires of Invention was not assigned to any set. Adding it to UNKNOWN set... to fix see res/editions/ folder. 
The card A-Goldspan Dragon was not assigned to any set. Adding it to UNKNOWN set... to fix see res/editions/ folder. 
The card A-Hullbreaker Horror was not assigned to any set. Adding it to UNKNOWN set... to fix see res/editions/ folder. 
The card A-Kumano Faces Kakkazan was not assigned to any set. Adding it to UNKNOWN set... to fix see res/editions/ folder. 
The card A-Luminarch Aspirant was not assigned to any set. Adding it to UNKNOWN set... to fix see res/editions/ folder. 
The card A-Monster Manual was not assigned to any set. Adding it to UNKNOWN set... to fix see res/editions/ folder. 
The card A-Omnath, Locus of Creation was not assigned to any set. Adding it to UNKNOWN set... to fix see res/editions/ folder. 
The card A-The Meathook Massacre was not assigned to any set. Adding it to UNKNOWN set... to fix see res/editions/ folder. 
The card A-Unholy Heat was not assigned to any set. Adding it to UNKNOWN set... to fix see res/editions/ folder. 
The card Blinding Radiance was not assigned to any set. Adding it to UNKNOWN set... to fix see res/editions/ folder. 
The card Goblin Bruiser was not assigned to any set. Adding it to UNKNOWN set... to fix see res/editions/ folder. 
The card Ogre Painbringer was not assigned to any set. Adding it to UNKNOWN set... to fix see res/editions/ folder. 
The card Titanic Pelagosaur was not assigned to any set. Adding it to UNKNOWN set... to fix see res/editions/ folder. 
The card Treetop Recluse was not assigned to any set. Adding it to UNKNOWN set... to fix see res/editions/ folder. 
Upcoming set Star Trek (TRK) dated in the future. All `upcoming` cards will be added to this set with unknown rarity.
Read cards: 836 files in 0 ms (8 parts) using thread pool
Simulation mode
Ai(1)-mm-giada-angels [Experimental] vs Ai(2)-mm-nekusar-discard [Experimental] vs Ai(3)-mm-abaddon [Experimental] vs Ai(4)-mm-talrand-spells [Experimental] - two games of Commander seed 1995879008
Warning: default (ie. inherited from base class) implementation of confirmAction is used by Abaddon the Despoiler for forge.ai.ability.PermanentCreatureAi. Consider declaring an overloaded method
Warning: default (ie. inherited from base class) implementation of confirmAction is used by Talrand, Sky Summoner for forge.ai.ability.PermanentCreatureAi. Consider declaring an overloaded method
Warning: default (ie. inherited from base class) implementation of confirmAction is used by Abaddon the Despoiler for forge.ai.ability.PermanentCreatureAi. Consider declaring an overloaded method
Warning: default (ie. inherited from base class) implementation of confirmAction is used by Giada, Font of Hope for forge.ai.ability.PermanentCreatureAi. Consider declaring an overloaded method
Warning: default (ie. inherited from base class) implementation of confirmAction is used by Nekusar, the Mindrazer for forge.ai.ability.PermanentCreatureAi. Consider declaring an overloaded method
Warning: default (ie. inherited from base class) implementation of confirmAction is used by Abaddon the Despoiler for forge.ai.ability.PermanentCreatureAi. Consider declaring an overloaded method
Warning: default (ie. inherited from base class) implementation of confirmAction is used by Talrand, Sky Summoner for forge.ai.ability.PermanentCreatureAi. Consider declaring an overloaded method
Active player is no longer in the game...
Active player is no longer in the game...
Active player is no longer in the game...
Active player is no longer in the game...
Active player is no longer in the game...
Mulligan: Ai(3)-mm-abaddon has kept a hand of 7 cards
Mulligan: Ai(4)-mm-talrand-spells has kept a hand of 7 cards
Mulligan: Ai(1)-mm-giada-angels has kept a hand of 7 cards
Mulligan: Ai(2)-mm-nekusar-discard has kept a hand of 7 cards
Turn: Turn 1 (Ai(3)-mm-abaddon)
Phase: Ai(3)-mm-abaddon's Untap step
Phase: Ai(3)-mm-abaddon's Upkeep step
Phase: Ai(3)-mm-abaddon's Draw step
Phase: Ai(3)-mm-abaddon's Main phase, precombat
Land: Ai(3)-mm-abaddon played Island (226)
Phase: Ai(3)-mm-abaddon's Beginning of Combat Step
Phase: Ai(3)-mm-abaddon's Declare Attackers Step
Phase: Ai(3)-mm-abaddon's Declare Blockers Step
Phase: Ai(3)-mm-abaddon's First Strike Damage Step
Phase: Ai(3)-mm-abaddon's Combat Damage Step
Phase: Ai(3)-mm-abaddon's End of Combat Step
Phase: Ai(3)-mm-abaddon's Main phase, postcombat
Phase: Ai(3)-mm-abaddon's End step
Phase: Ai(3)-mm-abaddon's Cleanup step
Turn: Turn 2 (Ai(4)-mm-talrand-spells)
Phase: Ai(4)-mm-talrand-spells' Untap step
Phase: Ai(4)-mm-talrand-spells' Upkeep step
Phase: Ai(4)-mm-talrand-spells' Draw step
Phase: Ai(4)-mm-talrand-spells' Main phase, precombat
Land: Ai(4)-mm-talrand-spells played Island (330)
Phase: Ai(4)-mm-talrand-spells' Beginning of Combat Step
Phase: Ai(4)-mm-talrand-spells' Declare Attackers Step
Phase: Ai(4)-mm-talrand-spells' Declare Blockers Step
Phase: Ai(4)-mm-talrand-spells' First Strike Damage Step
Phase: Ai(4)-mm-talrand-spells' Combat Damage Step
Phase: Ai(4)-mm-talrand-spells' End of Combat Step
Phase: Ai(4)-mm-talrand-spells' Main phase, postcombat
Mana: Island (226) - {T}: Add {U}.
Add To Stack: Ai(3)-mm-abaddon cast Brainstorm
Resolve Stack: Brainstorm (281) - Ai(3)-mm-abaddon draws three cards, then puts two cards from their hand on top of their library in any order.
Phase: Ai(4)-mm-talrand-spells' End step
Phase: Ai(4)-mm-talrand-spells' Cleanup step
Turn: Turn 3 (Ai(1)-mm-giada-angels)
Phase: Ai(1)-mm-giada-angels' Untap step
Phase: Ai(1)-mm-giada-angels' Upkeep step
Phase: Ai(1)-mm-giada-angels' Draw step
Phase: Ai(1)-mm-giada-angels' Main phase, precombat
Land: Ai(1)-mm-giada-angels played Plains (93)
Phase: Ai(1)-mm-giada-angels' Beginning of Combat Step
Phase: Ai(1)-mm-giada-angels' Declare Attackers Step
Phase: Ai(1)-mm-giada-angels' Declare Blockers Step
Phase: Ai(1)-mm-giada-angels' First Strike Damage Step
Phase: Ai(1)-mm-giada-angels' Combat Damage Step
Phase: Ai(1)-mm-giada-angels' End of Combat Step
Phase: Ai(1)-mm-giada-angels' Main phase, postcombat
Mana: Island (330) - {T}: Add {U}.
Add To Stack: Ai(4)-mm-talrand-spells cast Brainstorm
Resolve Stack: Brainstorm (392) - Ai(4)-mm-talrand-spells draws three cards, then puts two cards from their hand on top of their library in any order.
Phase: Ai(1)-mm-giada-angels' End step
Phase: Ai(1)-mm-giada-angels' Cleanup step
Turn: Turn 4 (Ai(2)-mm-nekusar-discard)
Phase: Ai(2)-mm-nekusar-discard's Untap step
Phase: Ai(2)-mm-nekusar-discard's Upkeep step
Phase: Ai(2)-mm-nekusar-discard's Draw step
Phase: Ai(2)-mm-nekusar-discard's Main phase, precombat
Land: Ai(2)-mm-nekusar-discard played Island (139)
Phase: Ai(2)-mm-nekusar-discard's Beginning of Combat Step
Phase: Ai(2)-mm-nekusar-discard's Declare Attackers Step
Phase: Ai(2)-mm-nekusar-discard's Declare Blockers Step
Phase: Ai(2)-mm-nekusar-discard's First Strike Damage Step
Phase: Ai(2)-mm-nekusar-discard's Combat Damage Step
Phase: Ai(2)-mm-nekusar-discard's End of Combat Step
Phase: Ai(2)-mm-nekusar-discard's Main phase, postcombat
Phase: Ai(2)-mm-nekusar-discard's End step
Phase: Ai(2)-mm-nekusar-discard's Cleanup step
Turn: Turn 5 (Ai(3)-mm-abaddon)
Phase: Ai(3)-mm-abaddon's Untap step
Phase: Ai(3)-mm-abaddon's Upkeep step
Phase: Ai(3)-mm-abaddon's Draw step
Phase: Ai(3)-mm-abaddon's Main phase, precombat
Replacement Effect: Drowned Catacomb enters tapped unless you control an Island or a Swamp.
Land: Ai(3)-mm-abaddon played Drowned Catacomb (278)
Phase: Ai(3)-mm-abaddon's Beginning of Combat Step
Phase: Ai(3)-mm-abaddon's Declare Attackers Step
Phase: Ai(3)-mm-abaddon's Declare Blockers Step
Phase: Ai(3)-mm-abaddon's First Strike Damage Step
Phase: Ai(3)-mm-abaddon's Combat Damage Step
Phase: Ai(3)-mm-abaddon's End of Combat Step
Phase: Ai(3)-mm-abaddon's Main phase, postcombat
Mana: Island (226) - {T}: Add {U}.
Mana: Drowned Catacomb (278) - {T}: Add {U} or {B}.
Add To Stack: Ai(3)-mm-abaddon cast Fellwar Stone
Resolve Stack: Fellwar Stone
Phase: Ai(3)-mm-abaddon's End step
Phase: Ai(3)-mm-abaddon's Cleanup step
Turn: Turn 6 (Ai(4)-mm-talrand-spells)
Phase: Ai(4)-mm-talrand-spells' Untap step
Phase: Ai(4)-mm-talrand-spells' Upkeep step
Phase: Ai(4)-mm-talrand-spells' Draw step
Phase: Ai(4)-mm-talrand-spells' Main phase, precombat
Land: Ai(4)-mm-talrand-spells played Island (338)
Phase: Ai(4)-mm-talrand-spells' Beginning of Combat Step
Phase: Ai(4)-mm-talrand-spells' Declare Attackers Step
Phase: Ai(4)-mm-talrand-spells' Declare Blockers Step
Phase: Ai(4)-mm-talrand-spells' First Strike Damage Step
Phase: Ai(4)-mm-talrand-spells' Combat Damage Step
Phase: Ai(4)-mm-talrand-spells' End of Combat Step
Phase: Ai(4)-mm-talrand-spells' Main phase, postcombat
Mana: Island (330) - {T}: Add {U}.
Mana: Island (338) - {T}: Add {U}.
Add To Stack: Ai(4)-mm-talrand-spells cast Sky Diamond
Replacement Effect: Sky Diamond enters tapped.
Resolve Stack: Sky Diamond
Phase: Ai(4)-mm-talrand-spells' End step
Phase: Ai(4)-mm-talrand-spells' Cleanup step
Turn: Turn 7 (Ai(1)-mm-giada-angels)
Phase: Ai(1)-mm-giada-angels' Untap step
Phase: Ai(1)-mm-giada-angels' Upkeep step
Phase: Ai(1)-mm-giada-angels' Draw step
Phase: Ai(1)-mm-giada-angels' Main phase, precombat
Replacement Effect: Path of Ancestry enters tapped.
Land: Ai(1)-mm-giada-angels played Path of Ancestry (12)
Phase: Ai(1)-mm-giada-angels' Beginning of Combat Step
Phase: Ai(1)-mm-giada-angels' Declare Attackers Step
Phase: Ai(1)-mm-giada-angels' Declare Blockers Step
Phase: Ai(1)-mm-giada-angels' First Strike Damage Step
Phase: Ai(1)-mm-giada-angels' Combat Damage Step
Phase: Ai(1)-mm-giada-angels' End of Combat Step
Phase: Ai(1)-mm-giada-angels' Main phase, postcombat
Phase: Ai(1)-mm-giada-angels' End step
Phase: Ai(1)-mm-giada-angels' Cleanup step
Turn: Turn 8 (Ai(2)-mm-nekusar-discard)
Phase: Ai(2)-mm-nekusar-discard's Untap step
Phase: Ai(2)-mm-nekusar-discard's Upkeep step
Phase: Ai(2)-mm-nekusar-discard's Draw step
Phase: Ai(2)-mm-nekusar-discard's Main phase, precombat
Land: Ai(2)-mm-nekusar-discard played Swamp (158)
Phase: Ai(2)-mm-nekusar-discard's Beginning of Combat Step
Phase: Ai(2)-mm-nekusar-discard's Declare Attackers Step
Phase: Ai(2)-mm-nekusar-discard's Declare Blockers Step
Phase: Ai(2)-mm-nekusar-discard's First Strike Damage Step
Phase: Ai(2)-mm-nekusar-discard's Combat Damage Step
Phase: Ai(2)-mm-nekusar-discard's End of Combat Step
Phase: Ai(2)-mm-nekusar-discard's Main phase, postcombat
Mana: Swamp (158) - {T}: Add {B}.
Mana: Island (139) - {T}: Add {U}.
Add To Stack: Ai(2)-mm-nekusar-discard cast Waste Not
Resolve Stack: Waste Not
Phase: Ai(2)-mm-nekusar-discard's End step
Phase: Ai(2)-mm-nekusar-discard's Cleanup step
Turn: Turn 9 (Ai(3)-mm-abaddon)
Phase: Ai(3)-mm-abaddon's Untap step
Phase: Ai(3)-mm-abaddon's Upkeep step
Phase: Ai(3)-mm-abaddon's Draw step
Phase: Ai(3)-mm-abaddon's Main phase, precombat
Land: Ai(3)-mm-abaddon played Mountain (291)
Phase: Ai(3)-mm-abaddon's Beginning of Combat Step
Phase: Ai(3)-mm-abaddon's Declare Attackers Step
Phase: Ai(3)-mm-abaddon's Declare Blockers Step
Phase: Ai(3)-mm-abaddon's First Strike Damage Step
Phase: Ai(3)-mm-abaddon's Combat Damage Step
Phase: Ai(3)-mm-abaddon's End of Combat Step
Phase: Ai(3)-mm-abaddon's Main phase, postcombat
Mana: Mountain (291) - {T}: Add {R}.
Mana: Island (226) - {T}: Add {U}.
Mana: Fellwar Stone (273) - {T}: Add one mana of any color that a land an opponent controls could produce.
Mana: Drowned Catacomb (278) - {T}: Add {U} or {B}.
Add To Stack: Ai(3)-mm-abaddon cast Dark Apostle
Resolve Stack: Dark Apostle - Creature 3 / 3
Phase: Ai(3)-mm-abaddon's End step
Phase: Ai(3)-mm-abaddon's Cleanup step
Turn: Turn 10 (Ai(4)-mm-talrand-spells)
Phase: Ai(4)-mm-talrand-spells' Untap step
Phase: Ai(4)-mm-talrand-spells' Upkeep step
Phase: Ai(4)-mm-talrand-spells' Draw step
Mana: Plains (93) - {T}: Add {W}.
Add To Stack: Ai(1)-mm-giada-angels cast Swords to Plowshares targeting [Dark Apostle (245)]
Zone Change: Dark Apostle (245) was put into Exile from Battlefield.
Life: Life: Ai(3)-mm-abaddon 40 > 43
Resolve Stack: Swords to Plowshares (45) - Exile Dark Apostle (245). Ai(3)-mm-abaddon gains life equal to its power.
Phase: Ai(4)-mm-talrand-spells' Main phase, precombat
Phase: Ai(4)-mm-talrand-spells' Beginning of Combat Step
Phase: Ai(4)-mm-talrand-spells' Declare Attackers Step
Phase: Ai(4)-mm-talrand-spells' Declare Blockers Step
Phase: Ai(4)-mm-talrand-spells' First Strike Damage Step
Phase: Ai(4)-mm-talrand-spells' Combat Damage Step
Phase: Ai(4)-mm-talrand-spells' End of Combat Step
Phase: Ai(4)-mm-talrand-spells' Main phase, postcombat
Mana: Island (330) - {T}: Add {U}.
Mana: Island (338) - {T}: Add {U}.
Add To Stack: Ai(4)-mm-talrand-spells cast Sapphire Medallion
Resolve Stack: Sapphire Medallion
Phase: Ai(4)-mm-talrand-spells' End step
Phase: Ai(4)-mm-talrand-spells' Cleanup step
Turn: Turn 11 (Ai(1)-mm-giada-angels)
Phase: Ai(1)-mm-giada-angels' Untap step
Phase: Ai(1)-mm-giada-angels' Upkeep step
Phase: Ai(1)-mm-giada-angels' Draw step
Phase: Ai(1)-mm-giada-angels' Main phase, precombat
Land: Ai(1)-mm-giada-angels played Plains (89)
Phase: Ai(1)-mm-giada-angels' Beginning of Combat Step
Phase: Ai(1)-mm-giada-angels' Declare Attackers Step
Phase: Ai(1)-mm-giada-angels' Declare Blockers Step
Phase: Ai(1)-mm-giada-angels' First Strike Damage Step
Phase: Ai(1)-mm-giada-angels' Combat Damage Step
Phase: Ai(1)-mm-giada-angels' End of Combat Step
Phase: Ai(1)-mm-giada-angels' Main phase, postcombat
Mana: Plains (93) - {T}: Add {W}.
Mana: Path of Ancestry (12) - {T}: Add one mana of any color in your commander's color identity. When that mana is spent to cast a creature spell that shares a creature type with your commander, scry 1. (Look at the top card of your library. You may put that card on the bottom.)
Mana: Plains (89) - {T}: Add {W}.
Add To Stack: Ai(1)-mm-giada-angels cast Herald's Horn
Mana: Sky Diamond (398) - {T}: Add {U}.
Add To Stack: Ai(4)-mm-talrand-spells cast An Offer You Can't Refuse targeting [Herald's Horn]
Zone Change: Send countered spell to Graveyard
Resolve Stack: An Offer You Can't Refuse (395) - Counter Herald's Horn (54). Its controller creates two Treasure tokens.
Zone Change: Treasure Token (407) was put into Graveyard from Battlefield.
Mana: Treasure Token (407) - {T}, Sacrifice this token: Add one mana of any color.
Zone Change: Treasure Token (406) was put into Graveyard from Battlefield.
Mana: Treasure Token (406) - {T}, Sacrifice this token: Add one mana of any color.
Add To Stack: Ai(1)-mm-giada-angels cast Giada, Font of Hope
Resolve Stack: Giada, Font of Hope - Creature 2 / 2
Phase: Ai(1)-mm-giada-angels' End step
Phase: Ai(1)-mm-giada-angels' Cleanup step
Turn: Turn 12 (Ai(2)-mm-nekusar-discard)
Phase: Ai(2)-mm-nekusar-discard's Untap step
Phase: Ai(2)-mm-nekusar-discard's Upkeep step
Phase: Ai(2)-mm-nekusar-discard's Draw step
Phase: Ai(2)-mm-nekusar-discard's Main phase, precombat
Land: Ai(2)-mm-nekusar-discard played Mountain (188)
Phase: Ai(2)-mm-nekusar-discard's Beginning of Combat Step
Phase: Ai(2)-mm-nekusar-discard's Declare Attackers Step
Phase: Ai(2)-mm-nekusar-discard's Declare Blockers Step
Phase: Ai(2)-mm-nekusar-discard's First Strike Damage Step
Phase: Ai(2)-mm-nekusar-discard's Combat Damage Step
Phase: Ai(2)-mm-nekusar-discard's End of Combat Step
Phase: Ai(2)-mm-nekusar-discard's Main phase, postcombat
Mana: Swamp (158) - {T}: Add {B}.
Mana: Mountain (188) - {T}: Add {R}.
Mana: Island (139) - {T}: Add {U}.
Add To Stack: Ai(2)-mm-nekusar-discard cast Megrim
Resolve Stack: Megrim
Phase: Ai(2)-mm-nekusar-discard's End step
Phase: Ai(2)-mm-nekusar-discard's Cleanup step
Turn: Turn 13 (Ai(3)-mm-abaddon)
Phase: Ai(3)-mm-abaddon's Untap step
Phase: Ai(3)-mm-abaddon's Upkeep step
Phase: Ai(3)-mm-abaddon's Draw step
Phase: Ai(3)-mm-abaddon's Main phase, precombat
Land: Ai(3)-mm-abaddon played Swamp (249)
Phase: Ai(3)-mm-abaddon's Beginning of Combat Step
Phase: Ai(3)-mm-abaddon's Declare Attackers Step
Phase: Ai(3)-mm-abaddon's Declare Blockers Step
Phase: Ai(3)-mm-abaddon's First Strike Damage Step
Phase: Ai(3)-mm-abaddon's Combat Damage Step
Phase: Ai(3)-mm-abaddon's End of Combat Step
Phase: Ai(3)-mm-abaddon's Main phase, postcombat
Mana: Fellwar Stone (273) - {T}: Add one mana of any color that a land an opponent controls could produce.
Mana: Island (226) - {T}: Add {U}.
Mana: Swamp (249) - {T}: Add {B}.
Mana: Mountain (291) - {T}: Add {R}.
Mana: Drowned Catacomb (278) - {T}: Add {U} or {B}.
Add To Stack: Ai(3)-mm-abaddon cast Abaddon the Despoiler
Resolve Stack: Abaddon the Despoiler - Creature 5 / 5
Phase: Ai(3)-mm-abaddon's End step
Phase: Ai(3)-mm-abaddon's Cleanup step
Turn: Turn 14 (Ai(4)-mm-talrand-spells)
Phase: Ai(4)-mm-talrand-spells' Untap step
Phase: Ai(4)-mm-talrand-spells' Upkeep step
Phase: Ai(4)-mm-talrand-spells' Draw step
Phase: Ai(4)-mm-talrand-spells' Main phase, precombat
Phase: Ai(4)-mm-talrand-spells' Beginning of Combat Step
Phase: Ai(4)-mm-talrand-spells' Declare Attackers Step
Phase: Ai(4)-mm-talrand-spells' Declare Blockers Step
Phase: Ai(4)-mm-talrand-spells' First Strike Damage Step
Phase: Ai(4)-mm-talrand-spells' Combat Damage Step
Phase: Ai(4)-mm-talrand-spells' End of Combat Step
Phase: Ai(4)-mm-talrand-spells' Main phase, postcombat
Mana: Island (330) - {T}: Add {U}.
Mana: Island (338) - {T}: Add {U}.
Add To Stack: Ai(4)-mm-talrand-spells cast Frantic Search
Discard: Ai(4)-mm-talrand-spells discards Hullbreaker Horror (369).
Discard: Ai(4)-mm-talrand-spells discards Rewind (397).
Resolve Stack: Frantic Search (327) - Ai(4)-mm-talrand-spells draws two cards. Ai(4)-mm-talrand-spells discards two cards. Untap up to 3 Lands.
Add To Stack: Ai(2)-mm-nekusar-discard triggered Megrim
Add To Stack: Ai(2)-mm-nekusar-discard triggered Megrim
Add To Stack: Ai(2)-mm-nekusar-discard triggered Waste Not
Add To Stack: Ai(2)-mm-nekusar-discard triggered Waste Not
Resolve Stack: Whenever an opponent discards a creature card, create a 2/2 black Zombie creature token. [Discarded: Hullbreaker Horror (369), Cause:  ]
Resolve Stack: Whenever an opponent discards a noncreature, nonland card, draw a card. [Discarded: Rewind (397), Cause:  ]
Damage: Megrim (166) deals 2 non-combat damage to Ai(4)-mm-talrand-spells.
Life: Life: Ai(4)-mm-talrand-spells 40 > 38
Resolve Stack: Whenever an opponent discards a card, Megrim deals 2 damage to that player. [Discarded: Rewind (397), Cause:  ]
Damage: Megrim (166) deals 2 non-combat damage to Ai(4)-mm-talrand-spells.
Life: Life: Ai(4)-mm-talrand-spells 38 > 36
Resolve Stack: Whenever an opponent discards a card, Megrim deals 2 damage to that player. [Discarded: Hullbreaker Horror (369), Cause:  ]
Land: Ai(4)-mm-talrand-spells played Island (347)
Mana: Island (330) - {T}: Add {U}.
Mana: Island (338) - {T}: Add {U}.
Mana: Sky Diamond (398) - {T}: Add {U}.
Add To Stack: Ai(4)-mm-talrand-spells cast Curiosity Crafter
Resolve Stack: Curiosity Crafter - Creature 3 / 3
Phase: Ai(4)-mm-talrand-spells' End step
Phase: Ai(4)-mm-talrand-spells' Cleanup step
Turn: Turn 15 (Ai(1)-mm-giada-angels)
Phase: Ai(1)-mm-giada-angels' Untap step
Phase: Ai(1)-mm-giada-angels' Upkeep step
Phase: Ai(1)-mm-giada-angels' Draw step
Phase: Ai(1)-mm-giada-angels' Main phase, precombat
Mana: Plains (93) - {T}: Add {W}.
Mana: Path of Ancestry (12) - {T}: Add one mana of any color in your commander's color identity. When that mana is spent to cast a creature spell that shares a creature type with your commander, scry 1. (Look at the top card of your library. You may put that card on the bottom.)
Mana: Plains (89) - {T}: Add {W}.
Mana: Giada, Font of Hope (100) - {T}: Add {W}. Spend this mana only to cast an Angel spell.
Add To Stack: Ai(1)-mm-giada-angels cast Linvala, Keeper of Silence
Add To Stack: Ai(1)-mm-giada-angels triggered Path of Ancestry
Resolve Stack: Ai(1)-mm-giada-angels scried 1 card(s) to the bottom of the library
Resolve Stack: When mana produced by Path of Ancestry is spent to cast a creature spell that shares a creature type with your commander, scry 1. ([Linvala, Keeper of Silence - Creature 3 / 4]) [Card: Linvala, Keeper of Silence (21), Activator: Ai(1)-mm-giada-angels, SpellAbility: Linvala, Keeper of Silence - Creature 3 / 4]
Mana: Island (347) - {T}: Add {U}.
Add To Stack: Ai(4)-mm-talrand-spells cast Disdainful Stroke targeting [Linvala, Keeper of Silence - Creature 3 / 4]
Zone Change: Send countered spell to Graveyard
Resolve Stack: Disdainful Stroke (377) - Counter Linvala, Keeper of Silence (21).
Phase: Ai(1)-mm-giada-angels' Beginning of Combat Step
Phase: Ai(1)-mm-giada-angels' Declare Attackers Step
Phase: Ai(1)-mm-giada-angels' Declare Blockers Step
Phase: Ai(1)-mm-giada-angels' First Strike Damage Step
Phase: Ai(1)-mm-giada-angels' Combat Damage Step
Phase: Ai(1)-mm-giada-angels' End of Combat Step
Phase: Ai(1)-mm-giada-angels' Main phase, postcombat
Phase: Ai(1)-mm-giada-angels' End step
Phase: Ai(1)-mm-giada-angels' Cleanup step
Turn: Turn 16 (Ai(2)-mm-nekusar-discard)
Phase: Ai(2)-mm-nekusar-discard's Untap step
Phase: Ai(2)-mm-nekusar-discard's Upkeep step
Phase: Ai(2)-mm-nekusar-discard's Draw step
Phase: Ai(2)-mm-nekusar-discard's Main phase, precombat
Replacement Effect: Luxury Suite enters tapped unless you have two or more opponents.
Land: Ai(2)-mm-nekusar-discard played Luxury Suite (143)
Mana: Mountain (188) - {T}: Add {R}.
Mana: Swamp (158) - {T}: Add {B}.
Add To Stack: Ai(2)-mm-nekusar-discard cast Lightning Greaves
Resolve Stack: Lightning Greaves
Add To Stack: Ai(2)-mm-nekusar-discard activated Lightning Greaves targeting [Zombie Token (410)]
Resolve Stack: Lightning Greaves (193) -  Attach to Zombie Token (410)
Phase: Ai(2)-mm-nekusar-discard's Beginning of Combat Step
Phase: Ai(2)-mm-nekusar-discard's Declare Attackers Step
Phase: Ai(2)-mm-nekusar-discard's Declare Blockers Step
Phase: Ai(2)-mm-nekusar-discard's First Strike Damage Step
Phase: Ai(2)-mm-nekusar-discard's Combat Damage Step
Phase: Ai(2)-mm-nekusar-discard's End of Combat Step
Phase: Ai(2)-mm-nekusar-discard's Main phase, postcombat
Mana: Luxury Suite (143) - {T}: Add {B} or {R}.
Add To Stack: Ai(2)-mm-nekusar-discard cast Kederekt Parasite
Resolve Stack: Kederekt Parasite - Creature 1 / 1
Phase: Ai(2)-mm-nekusar-discard's End step
Phase: Ai(2)-mm-nekusar-discard's Cleanup step
Turn: Turn 17 (Ai(3)-mm-abaddon)
Phase: Ai(3)-mm-abaddon's Untap step
Phase: Ai(3)-mm-abaddon's Upkeep step
Phase: Ai(3)-mm-abaddon's Draw step
Phase: Ai(3)-mm-abaddon's Main phase, precombat
Land: Ai(3)-mm-abaddon played Swamp (250)
Mana: Swamp (249) - {T}: Add {B}.
Mana: Swamp (250) - {T}: Add {B}.
Add To Stack: Ai(3)-mm-abaddon cast Lightning Greaves
Resolve Stack: Lightning Greaves
Add To Stack: Ai(3)-mm-abaddon activated Lightning Greaves targeting [Abaddon the Despoiler (302)]
Resolve Stack: Lightning Greaves (295) -  Attach to Abaddon the Despoiler (302)
Phase: Ai(3)-mm-abaddon's Beginning of Combat Step
Phase: Ai(3)-mm-abaddon's Declare Attackers Step
Combat: Ai(3)-mm-abaddon assigned Abaddon the Despoiler (302) to attack Ai(2)-mm-nekusar-discard.
Phase: Ai(3)-mm-abaddon's Declare Blockers Step
Combat: Ai(2)-mm-nekusar-discard didn't block Abaddon the Despoiler (302).
Phase: Ai(3)-mm-abaddon's First Strike Damage Step
Phase: Ai(3)-mm-abaddon's Combat Damage Step
Damage: Abaddon the Despoiler (302) deals 5 combat damage to Ai(2)-mm-nekusar-discard.
Life: Life: Ai(2)-mm-nekusar-discard 40 > 35
Phase: Ai(3)-mm-abaddon's End of Combat Step
Phase: Ai(3)-mm-abaddon's Main phase, postcombat
Mana: Fellwar Stone (273) - {T}: Add one mana of any color that a land an opponent controls could produce.
Mana: Mountain (291) - {T}: Add {R}.
Add To Stack: Ai(3)-mm-abaddon cast Thermo-Alchemist
Add To Stack: Ai(3)-mm-abaddon triggered Thermo-Alchemist
Resolve Stack: Cascade - Thermo-Alchemist [Card: Thermo-Alchemist (284), Activator: Ai(3)-mm-abaddon, SpellAbility: Thermo-Alchemist - Creature 0 / 3]
Resolve Stack: Thermo-Alchemist - Creature 0 / 3
Mana: Island (226) - {T}: Add {U}.
Mana: Drowned Catacomb (278) - {T}: Add {U} or {B}.
Add To Stack: Ai(3)-mm-abaddon cast Talisman of Indulgence
Add To Stack: Ai(3)-mm-abaddon triggered Talisman of Indulgence
Resolve Stack: Cascade - Talisman of Indulgence [Card: Talisman of Indulgence (292), Activator: Ai(3)-mm-abaddon, SpellAbility: Talisman of Indulgence]
Resolve Stack: Talisman of Indulgence
Phase: Ai(3)-mm-abaddon's End step
Phase: Ai(3)-mm-abaddon's Cleanup step
Turn: Turn 18 (Ai(4)-mm-talrand-spells)
Phase: Ai(4)-mm-talrand-spells' Untap step
Phase: Ai(4)-mm-talrand-spells' Upkeep step
Mana: Island (330) - {T}: Add {U}.
Add To Stack: Ai(4)-mm-talrand-spells cast Snap targeting [Giada, Font of Hope (100)]
Resolve Stack: Snap (368) - Return Giada, Font of Hope (100) to its owner's hand. Untap up to 2 Lands.
Phase: Ai(4)-mm-talrand-spells' Draw step
Phase: Ai(4)-mm-talrand-spells' Main phase, precombat
Phase: Ai(4)-mm-talrand-spells' Beginning of Combat Step
Phase: Ai(4)-mm-talrand-spells' Declare Attackers Step
Combat: Ai(4)-mm-talrand-spells assigned Curiosity Crafter (325) to attack Ai(3)-mm-abaddon.
Phase: Ai(4)-mm-talrand-spells' Declare Blockers Step
Combat: Ai(3)-mm-abaddon didn't block Curiosity Crafter (325).
Phase: Ai(4)-mm-talrand-spells' First Strike Damage Step
Phase: Ai(4)-mm-talrand-spells' Combat Damage Step
Damage: Curiosity Crafter (325) deals 3 combat damage to Ai(3)-mm-abaddon.
Life: Life: Ai(3)-mm-abaddon 43 > 40
Phase: Ai(4)-mm-talrand-spells' End of Combat Step
Phase: Ai(4)-mm-talrand-spells' Main phase, postcombat
Land: Ai(4)-mm-talrand-spells played Riptide Laboratory (312)
Mana: Island (330) - {T}: Add {U}.
Mana: Island (338) - {T}: Add {U}.
Mana: Sky Diamond (398) - {T}: Add {U}.
Add To Stack: Ai(4)-mm-talrand-spells cast Talrand, Sky Summoner
Resolve Stack: Talrand, Sky Summoner - Creature 2 / 2
Phase: Ai(4)-mm-talrand-spells' End step
Phase: Ai(4)-mm-talrand-spells' Cleanup step
Turn: Turn 19 (Ai(1)-mm-giada-angels)
Phase: Ai(1)-mm-giada-angels' Untap step
Phase: Ai(1)-mm-giada-angels' Upkeep step
Phase: Ai(1)-mm-giada-angels' Draw step
Phase: Ai(1)-mm-giada-angels' Main phase, precombat
Land: Ai(1)-mm-giada-angels played Plains (71)
Mana: Plains (93) - {T}: Add {W}.
Mana: Path of Ancestry (12) - {T}: Add one mana of any color in your commander's color identity. When that mana is spent to cast a creature spell that shares a creature type with your commander, scry 1. (Look at the top card of your library. You may put that card on the bottom.)
Mana: Plains (89) - {T}: Add {W}.
Mana: Plains (71) - {T}: Add {W}.
Add To Stack: Ai(1)-mm-giada-angels cast Wrath of God
Zone Change: Zombie Token (410) was put into Graveyard from Battlefield.
Zone Change: Kederekt Parasite (154) was put into Graveyard from Battlefield.
Zone Change: Abaddon the Despoiler (302) was put into Graveyard from Battlefield.
Zone Change: Thermo-Alchemist (284) was put into Graveyard from Battlefield.
Zone Change: Curiosity Crafter (325) was put into Graveyard from Battlefield.
Zone Change: Talrand, Sky Summoner (403) was put into Graveyard from Battlefield.
Resolve Stack: Wrath of God (98) - Destroy all creatures. They can't be regenerated.
Phase: Ai(1)-mm-giada-angels' Beginning of Combat Step
Phase: Ai(1)-mm-giada-angels' Declare Attackers Step
Phase: Ai(1)-mm-giada-angels' Declare Blockers Step
Phase: Ai(1)-mm-giada-angels' First Strike Damage Step
Phase: Ai(1)-mm-giada-angels' Combat Damage Step
Phase: Ai(1)-mm-giada-angels' End of Combat Step
Phase: Ai(1)-mm-giada-angels' Main phase, postcombat
Phase: Ai(1)-mm-giada-angels' End step
Phase: Ai(1)-mm-giada-angels' Cleanup step
Turn: Turn 20 (Ai(2)-mm-nekusar-discard)
Phase: Ai(2)-mm-nekusar-discard's Untap step
Phase: Ai(2)-mm-nekusar-discard's Upkeep step
Phase: Ai(2)-mm-nekusar-discard's Draw step
Phase: Ai(2)-mm-nekusar-discard's Main phase, precombat
Land: Ai(2)-mm-nekusar-discard played Island (137)
Mana: Island (139) - {T}: Add {U}.
Mana: Swamp (158) - {T}: Add {B}.
Mana: Mountain (188) - {T}: Add {R}.
Mana: Island (137) - {T}: Add {U}.
Mana: Luxury Suite (143) - {T}: Add {B} or {R}.
Add To Stack: Ai(2)-mm-nekusar-discard cast Nekusar, the Mindrazer
Resolve Stack: Nekusar, the Mindrazer - Creature 2 / 4
Add To Stack: Ai(2)-mm-nekusar-discard activated Lightning Greaves targeting [Nekusar, the Mindrazer (201)]
Resolve Stack: Lightning Greaves (193) -  Attach to Nekusar, the Mindrazer (201)
Phase: Ai(2)-mm-nekusar-discard's Beginning of Combat Step
Phase: Ai(2)-mm-nekusar-discard's Declare Attackers Step
Combat: Ai(2)-mm-nekusar-discard assigned Nekusar, the Mindrazer (201) to attack Ai(3)-mm-abaddon.
Phase: Ai(2)-mm-nekusar-discard's Declare Blockers Step
Combat: Ai(3)-mm-abaddon didn't block Nekusar, the Mindrazer (201).
Phase: Ai(2)-mm-nekusar-discard's First Strike Damage Step
Phase: Ai(2)-mm-nekusar-discard's Combat Damage Step
Damage: Nekusar, the Mindrazer (201) deals 2 combat damage to Ai(3)-mm-abaddon.
Life: Life: Ai(3)-mm-abaddon 40 > 38
Phase: Ai(2)-mm-nekusar-discard's End of Combat Step
Phase: Ai(2)-mm-nekusar-discard's Main phase, postcombat
Phase: Ai(2)-mm-nekusar-discard's End step
Phase: Ai(2)-mm-nekusar-discard's Cleanup step
Turn: Turn 21 (Ai(3)-mm-abaddon)
Phase: Ai(3)-mm-abaddon's Untap step
Phase: Ai(3)-mm-abaddon's Upkeep step
Phase: Ai(3)-mm-abaddon's Draw step
Add To Stack: Ai(2)-mm-nekusar-discard triggered Nekusar, the Mindrazer
Add To Stack: Ai(2)-mm-nekusar-discard triggered Nekusar, the Mindrazer
Resolve Stack: At the beginning of each player's draw step, that player draws an additional card. [Phase: Ai(3)-mm-abaddon]
Add To Stack: Ai(2)-mm-nekusar-discard triggered Nekusar, the Mindrazer
Damage: Nekusar, the Mindrazer (201) deals 1 non-combat damage to Ai(3)-mm-abaddon.
Life: Life: Ai(3)-mm-abaddon 38 > 37
Resolve Stack: Whenever an opponent draws a card, Nekusar, the Mindrazer deals 1 damage to that player. [Player: Ai(3)-mm-abaddon]
Damage: Nekusar, the Mindrazer (201) deals 1 non-combat damage to Ai(3)-mm-abaddon.
Life: Life: Ai(3)-mm-abaddon 37 > 36
Resolve Stack: Whenever an opponent draws a card, Nekusar, the Mindrazer deals 1 damage to that player. [Player: Ai(3)-mm-abaddon]
Phase: Ai(3)-mm-abaddon's Main phase, precombat
Mana: Island (226) - {T}: Add {U}.
Mana: Fellwar Stone (273) - {T}: Add one mana of any color that a land an opponent controls could produce.
Mana: Swamp (249) - {T}: Add {B}.
Mana: Swamp (250) - {T}: Add {B}.
Mana: Mountain (291) - {T}: Add {R}.
Mana: Drowned Catacomb (278) - {T}: Add {U} or {B}.
Mana: Talisman of Indulgence (292) - {T}: Add {C}.
Add To Stack: Ai(3)-mm-abaddon cast Abaddon the Despoiler
Resolve Stack: Abaddon the Despoiler - Creature 5 / 5
Add To Stack: Ai(3)-mm-abaddon activated Lightning Greaves targeting [Abaddon the Despoiler (302)]
Resolve Stack: Lightning Greaves (295) -  Attach to Abaddon the Despoiler (302)
Phase: Ai(3)-mm-abaddon's Beginning of Combat Step
Phase: Ai(3)-mm-abaddon's Declare Attackers Step
Combat: Ai(3)-mm-abaddon assigned Abaddon the Despoiler (302) to attack Ai(2)-mm-nekusar-discard.
Phase: Ai(3)-mm-abaddon's Declare Blockers Step
Combat: Ai(2)-mm-nekusar-discard didn't block Abaddon the Despoiler (302).
Phase: Ai(3)-mm-abaddon's First Strike Damage Step
Phase: Ai(3)-mm-abaddon's Combat Damage Step
Damage: Abaddon the Despoiler (302) deals 5 combat damage to Ai(2)-mm-nekusar-discard.
Life: Life: Ai(2)-mm-nekusar-discard 35 > 30
Phase: Ai(3)-mm-abaddon's End of Combat Step
Phase: Ai(3)-mm-abaddon's Main phase, postcombat
Land: Ai(3)-mm-abaddon played Mountain (289)
Phase: Ai(3)-mm-abaddon's End step
Phase: Ai(3)-mm-abaddon's Cleanup step
Turn: Turn 22 (Ai(4)-mm-talrand-spells)
Phase: Ai(4)-mm-talrand-spells' Untap step
Phase: Ai(4)-mm-talrand-spells' Upkeep step
Phase: Ai(4)-mm-talrand-spells' Draw step
Add To Stack: Ai(2)-mm-nekusar-discard triggered Nekusar, the Mindrazer
Add To Stack: Ai(2)-mm-nekusar-discard triggered Nekusar, the Mindrazer
Resolve Stack: At the beginning of each player's draw step, that player draws an additional card. [Phase: Ai(4)-mm-talrand-spells]
Add To Stack: Ai(2)-mm-nekusar-discard triggered Nekusar, the Mindrazer
Damage: Nekusar, the Mindrazer (201) deals 1 non-combat damage to Ai(4)-mm-talrand-spells.
Life: Life: Ai(4)-mm-talrand-spells 36 > 35
Resolve Stack: Whenever an opponent draws a card, Nekusar, the Mindrazer deals 1 damage to that player. [Player: Ai(4)-mm-talrand-spells]
Damage: Nekusar, the Mindrazer (201) deals 1 non-combat damage to Ai(4)-mm-talrand-spells.
Life: Life: Ai(4)-mm-talrand-spells 35 > 34
Resolve Stack: Whenever an opponent draws a card, Nekusar, the Mindrazer deals 1 damage to that player. [Player: Ai(4)-mm-talrand-spells]
Phase: Ai(4)-mm-talrand-spells' Main phase, precombat
Land: Ai(4)-mm-talrand-spells played Reliquary Tower (384)
Phase: Ai(4)-mm-talrand-spells' Beginning of Combat Step
Phase: Ai(4)-mm-talrand-spells' Declare Attackers Step
Phase: Ai(4)-mm-talrand-spells' Declare Blockers Step
Phase: Ai(4)-mm-talrand-spells' First Strike Damage Step
Phase: Ai(4)-mm-talrand-spells' Combat Damage Step
Phase: Ai(4)-mm-talrand-spells' End of Combat Step
Phase: Ai(4)-mm-talrand-spells' Main phase, postcombat
Mana: Island (330) - {T}: Add {U}.
Mana: Island (338) - {T}: Add {U}.
Mana: Reliquary Tower (384) - {T}: Add {C}.
Mana: Sky Diamond (398) - {T}: Add {U}.
Mana: Island (347) - {T}: Add {U}.
Add To Stack: Ai(4)-mm-talrand-spells cast Talrand, Sky Summoner
Resolve Stack: Talrand, Sky Summoner - Creature 2 / 2
Phase: Ai(4)-mm-talrand-spells' End step
Phase: Ai(4)-mm-talrand-spells' Cleanup step
Turn: Turn 23 (Ai(1)-mm-giada-angels)
Phase: Ai(1)-mm-giada-angels' Untap step
Phase: Ai(1)-mm-giada-angels' Upkeep step
Phase: Ai(1)-mm-giada-angels' Draw step
Add To Stack: Ai(2)-mm-nekusar-discard triggered Nekusar, the Mindrazer
Add To Stack: Ai(2)-mm-nekusar-discard triggered Nekusar, the Mindrazer
Resolve Stack: At the beginning of each player's draw step, that player draws an additional card. [Phase: Ai(1)-mm-giada-angels]
Add To Stack: Ai(2)-mm-nekusar-discard triggered Nekusar, the Mindrazer
Damage: Nekusar, the Mindrazer (201) deals 1 non-combat damage to Ai(1)-mm-giada-angels.
Life: Life: Ai(1)-mm-giada-angels 40 > 39
Resolve Stack: Whenever an opponent draws a card, Nekusar, the Mindrazer deals 1 damage to that player. [Player: Ai(1)-mm-giada-angels]
Damage: Nekusar, the Mindrazer (201) deals 1 non-combat damage to Ai(1)-mm-giada-angels.
Life: Life: Ai(1)-mm-giada-angels 39 > 38
Resolve Stack: Whenever an opponent draws a card, Nekusar, the Mindrazer deals 1 damage to that player. [Player: Ai(1)-mm-giada-angels]
Phase: Ai(1)-mm-giada-angels' Main phase, precombat
Land: Ai(1)-mm-giada-angels played Plains (72)
Phase: Ai(1)-mm-giada-angels' Beginning of Combat Step
Phase: Ai(1)-mm-giada-angels' Declare Attackers Step
Phase: Ai(1)-mm-giada-angels' Declare Blockers Step
Phase: Ai(1)-mm-giada-angels' First Strike Damage Step
Phase: Ai(1)-mm-giada-angels' Combat Damage Step
Phase: Ai(1)-mm-giada-angels' End of Combat Step
Phase: Ai(1)-mm-giada-angels' Main phase, postcombat
Mana: Plains (93) - {T}: Add {W}.
Mana: Path of Ancestry (12) - {T}: Add one mana of any color in your commander's color identity. When that mana is spent to cast a creature spell that shares a creature type with your commander, scry 1. (Look at the top card of your library. You may put that card on the bottom.)
Mana: Plains (89) - {T}: Add {W}.
Mana: Plains (71) - {T}: Add {W}.
Add To Stack: Ai(1)-mm-giada-angels cast Gisela, the Broken Blade
Resolve Stack: Gisela, the Broken Blade - Creature 4 / 3
Phase: Ai(1)-mm-giada-angels' End step
Phase: Ai(1)-mm-giada-angels' Cleanup step
Turn: Turn 24 (Ai(2)-mm-nekusar-discard)
Phase: Ai(2)-mm-nekusar-discard's Untap step
Phase: Ai(2)-mm-nekusar-discard's Upkeep step
Phase: Ai(2)-mm-nekusar-discard's Draw step
Add To Stack: Ai(2)-mm-nekusar-discard triggered Nekusar, the Mindrazer
Resolve Stack: At the beginning of each player's draw step, that player draws an additional card. [Phase: Ai(2)-mm-nekusar-discard]
Phase: Ai(2)-mm-nekusar-discard's Main phase, precombat
Phase: Ai(2)-mm-nekusar-discard's Beginning of Combat Step
Phase: Ai(2)-mm-nekusar-discard's Declare Attackers Step
Combat: Ai(2)-mm-nekusar-discard assigned Nekusar, the Mindrazer (201) to attack Ai(3)-mm-abaddon.
Phase: Ai(2)-mm-nekusar-discard's Declare Blockers Step
Combat: Ai(3)-mm-abaddon didn't block Nekusar, the Mindrazer (201).
Phase: Ai(2)-mm-nekusar-discard's First Strike Damage Step
Phase: Ai(2)-mm-nekusar-discard's Combat Damage Step
Damage: Nekusar, the Mindrazer (201) deals 2 combat damage to Ai(3)-mm-abaddon.
Life: Life: Ai(3)-mm-abaddon 36 > 34
Phase: Ai(2)-mm-nekusar-discard's End of Combat Step
Phase: Ai(2)-mm-nekusar-discard's Main phase, postcombat
Mana: Swamp (158) - {T}: Add {B}.
Mana: Luxury Suite (143) - {T}: Add {B} or {R}.
Mana: Mountain (188) - {T}: Add {R}.
Mana: Island (139) - {T}: Add {U}.
Mana: Island (137) - {T}: Add {U}.
Add To Stack: Ai(2)-mm-nekusar-discard cast Seizan, Perverter of Truth
Resolve Stack: Seizan, Perverter of Truth - Creature 6 / 5
Phase: Ai(2)-mm-nekusar-discard's End step
Phase: Ai(2)-mm-nekusar-discard's Cleanup step
Turn: Turn 25 (Ai(3)-mm-abaddon)
Phase: Ai(3)-mm-abaddon's Untap step
Phase: Ai(3)-mm-abaddon's Upkeep step
Add To Stack: Ai(2)-mm-nekusar-discard triggered Seizan, Perverter of Truth
Life: Life: Ai(3)-mm-abaddon 34 > 32
Resolve Stack: At the beginning of each player's upkeep, that player loses 2 life and draws two cards. [Phase: Ai(3)-mm-abaddon]
Add To Stack: Ai(2)-mm-nekusar-discard triggered Nekusar, the Mindrazer
Add To Stack: Ai(2)-mm-nekusar-discard triggered Nekusar, the Mindrazer
Damage: Nekusar, the Mindrazer (201) deals 1 non-combat damage to Ai(3)-mm-abaddon.
Life: Life: Ai(3)-mm-abaddon 32 > 31
Resolve Stack: Whenever an opponent draws a card, Nekusar, the Mindrazer deals 1 damage to that player. [Player: Ai(3)-mm-abaddon]
Damage: Nekusar, the Mindrazer (201) deals 1 non-combat damage to Ai(3)-mm-abaddon.
Life: Life: Ai(3)-mm-abaddon 31 > 30
Resolve Stack: Whenever an opponent draws a card, Nekusar, the Mindrazer deals 1 damage to that player. [Player: Ai(3)-mm-abaddon]
Phase: Ai(3)-mm-abaddon's Draw step
Add To Stack: Ai(2)-mm-nekusar-discard triggered Nekusar, the Mindrazer
Add To Stack: Ai(2)-mm-nekusar-discard triggered Nekusar, the Mindrazer
Resolve Stack: At the beginning of each player's draw step, that player draws an additional card. [Phase: Ai(3)-mm-abaddon]
Add To Stack: Ai(2)-mm-nekusar-discard triggered Nekusar, the Mindrazer
Damage: Nekusar, the Mindrazer (201) deals 1 non-combat damage to Ai(3)-mm-abaddon.
Life: Life: Ai(3)-mm-abaddon 30 > 29
Resolve Stack: Whenever an opponent draws a card, Nekusar, the Mindrazer deals 1 damage to that player. [Player: Ai(3)-mm-abaddon]
Damage: Nekusar, the Mindrazer (201) deals 1 non-combat damage to Ai(3)-mm-abaddon.
Life: Life: Ai(3)-mm-abaddon 29 > 28
Resolve Stack: Whenever an opponent draws a card, Nekusar, the Mindrazer deals 1 damage to that player. [Player: Ai(3)-mm-abaddon]
Phase: Ai(3)-mm-abaddon's Main phase, precombat
Replacement Effect: Dragonskull Summit enters tapped unless you control a Swamp or a Mountain.
Land: Ai(3)-mm-abaddon played Dragonskull Summit (242)
Phase: Ai(3)-mm-abaddon's Beginning of Combat Step
Phase: Ai(3)-mm-abaddon's Declare Attackers Step
Phase: Ai(3)-mm-abaddon's Declare Blockers Step
Phase: Ai(3)-mm-abaddon's First Strike Damage Step
Phase: Ai(3)-mm-abaddon's Combat Damage Step
Phase: Ai(3)-mm-abaddon's End of Combat Step
Phase: Ai(3)-mm-abaddon's Main phase, postcombat
Mana: Fellwar Stone (273) - {T}: Add one mana of any color that a land an opponent controls could produce.
Mana: Swamp (249) - {T}: Add {B}.
Mana: Swamp (250) - {T}: Add {B}.
Mana: Island (226) - {T}: Add {U}.
Mana: Mountain (291) - {T}: Add {R}.
Mana: Mountain (289) - {T}: Add {R}.
Add To Stack: Ai(3)-mm-abaddon cast Bloodthirster
Resolve Stack: Bloodthirster - Creature 6 / 6
Add To Stack: Ai(3)-mm-abaddon activated Lightning Greaves targeting [Bloodthirster (297)]
Resolve Stack: Lightning Greaves (295) -  Attach to Bloodthirster (297)
Phase: Ai(3)-mm-abaddon's End step
Phase: Ai(3)-mm-abaddon's Cleanup step
Turn: Turn 26 (Ai(4)-mm-talrand-spells)
Phase: Ai(4)-mm-talrand-spells' Untap step
Phase: Ai(4)-mm-talrand-spells' Upkeep step
Add To Stack: Ai(2)-mm-nekusar-discard triggered Seizan, Perverter of Truth
Life: Life: Ai(4)-mm-talrand-spells 34 > 32
Resolve Stack: At the beginning of each player's upkeep, that player loses 2 life and draws two cards. [Phase: Ai(4)-mm-talrand-spells]
Add To Stack: Ai(2)-mm-nekusar-discard triggered Nekusar, the Mindrazer
Add To Stack: Ai(2)-mm-nekusar-discard triggered Nekusar, the Mindrazer
Damage: Nekusar, the Mindrazer (201) deals 1 non-combat damage to Ai(4)-mm-talrand-spells.
Life: Life: Ai(4)-mm-talrand-spells 32 > 31
Resolve Stack: Whenever an opponent draws a card, Nekusar, the Mindrazer deals 1 damage to that player. [Player: Ai(4)-mm-talrand-spells]
Damage: Nekusar, the Mindrazer (201) deals 1 non-combat damage to Ai(4)-mm-talrand-spells.
Life: Life: Ai(4)-mm-talrand-spells 31 > 30
Resolve Stack: Whenever an opponent draws a card, Nekusar, the Mindrazer deals 1 damage to that player. [Player: Ai(4)-mm-talrand-spells]
Phase: Ai(4)-mm-talrand-spells' Draw step
Add To Stack: Ai(2)-mm-nekusar-discard triggered Nekusar, the Mindrazer
Add To Stack: Ai(2)-mm-nekusar-discard triggered Nekusar, the Mindrazer
Resolve Stack: At the beginning of each player's draw step, that player draws an additional card. [Phase: Ai(4)-mm-talrand-spells]
Add To Stack: Ai(2)-mm-nekusar-discard triggered Nekusar, the Mindrazer
Damage: Nekusar, the Mindrazer (201) deals 1 non-combat damage to Ai(4)-mm-talrand-spells.
Life: Life: Ai(4)-mm-talrand-spells 30 > 29
Resolve Stack: Whenever an opponent draws a card, Nekusar, the Mindrazer deals 1 damage to that player. [Player: Ai(4)-mm-talrand-spells]
Damage: Nekusar, the Mindrazer (201) deals 1 non-combat damage to Ai(4)-mm-talrand-spells.
Life: Life: Ai(4)-mm-talrand-spells 29 > 28
Resolve Stack: Whenever an opponent draws a card, Nekusar, the Mindrazer deals 1 damage to that player. [Player: Ai(4)-mm-talrand-spells]
Phase: Ai(4)-mm-talrand-spells' Main phase, precombat
Land: Ai(4)-mm-talrand-spells played Island (329)
Phase: Ai(4)-mm-talrand-spells' Beginning of Combat Step
Phase: Ai(4)-mm-talrand-spells' Declare Attackers Step
Phase: Ai(4)-mm-talrand-spells' Declare Blockers Step
Phase: Ai(4)-mm-talrand-spells' First Strike Damage Step
Phase: Ai(4)-mm-talrand-spells' Combat Damage Step
Phase: Ai(4)-mm-talrand-spells' End of Combat Step
Phase: Ai(4)-mm-talrand-spells' Main phase, postcombat
Mana: Island (330) - {T}: Add {U}.
Mana: Reliquary Tower (384) - {T}: Add {C}.
Add To Stack: Ai(4)-mm-talrand-spells cast Wavebreak Hippocamp
Resolve Stack: Wavebreak Hippocamp - Creature 2 / 2
Mana: Island (338) - {T}: Add {U}.
Add To Stack: Ai(4)-mm-talrand-spells cast Sleight of Hand
Add To Stack: Ai(4)-mm-talrand-spells triggered Talrand, Sky Summoner
Resolve Stack: Whenever you cast an instant or sorcery spell, create a 2/2 blue Drake creature token with flying. [Card: Sleight of Hand (402), Activator: Ai(4)-mm-talrand-spells, SpellAbility: Look at the top two cards of your library. Put one of them into your hand and the other on the bottom of your library.]
Mana: Dragonskull Summit (242) - {T}: Add {B} or {R}.
Damage: Talisman of Indulgence (292) deals 1 non-combat damage to Ai(3)-mm-abaddon.
Life: Life: Ai(3)-mm-abaddon 28 > 27
Mana: Talisman of Indulgence (292) - {T}: Add {B} or {R}. Talisman of Indulgence deals 1 damage to you. 
Add To Stack: Ai(3)-mm-abaddon cast Reverberate targeting [Look at the top two cards of your library. Put one of them into your hand and the other on the bottom of your library.]
Mana: Sky Diamond (398) - {T}: Add {U}.
Add To Stack: Ai(4)-mm-talrand-spells cast Dispel targeting [Copy target instant or sorcery spell. You may choose new targets for the copy.]
Add To Stack: Ai(4)-mm-talrand-spells triggered Talrand, Sky Summoner
Resolve Stack: Whenever you cast an instant or sorcery spell, create a 2/2 blue Drake creature token with flying. [Card: Dispel (316), Activator: Ai(4)-mm-talrand-spells, SpellAbility: Counter target instant spell.]
Zone Change: Send countered spell to Graveyard
Resolve Stack: Dispel (316) - Counter Reverberate (236).
Resolve Stack: Sleight of Hand (402) - Ai(4)-mm-talrand-spells looks at the top two cards of their library. They put one of them into their hand and put the rest on the bottom of their library in any order.
Phase: Ai(4)-mm-talrand-spells' End step
Phase: Ai(4)-mm-talrand-spells' Cleanup step
Turn: Turn 27 (Ai(1)-mm-giada-angels)
Phase: Ai(1)-mm-giada-angels' Untap step
Phase: Ai(1)-mm-giada-angels' Upkeep step
Add To Stack: Ai(2)-mm-nekusar-discard triggered Seizan, Perverter of Truth
Life: Life: Ai(1)-mm-giada-angels 38 > 36
Resolve Stack: At the beginning of each player's upkeep, that player loses 2 life and draws two cards. [Phase: Ai(1)-mm-giada-angels]
Add To Stack: Ai(2)-mm-nekusar-discard triggered Nekusar, the Mindrazer
Add To Stack: Ai(2)-mm-nekusar-discard triggered Nekusar, the Mindrazer
Mana: Plains (93) - {T}: Add {W}.
Add To Stack: Ai(1)-mm-giada-angels cast Path to Exile targeting [Abaddon the Despoiler (302)]
Zone Change: Abaddon the Despoiler (302) was put into Exile from Battlefield.
Resolve Stack: Path to Exile (8) - Exile Abaddon the Despoiler (302). Ai(3)-mm-abaddon may search their library for a basic land card, put that card onto the battlefield tapped, then shuffle their library. 
Damage: Nekusar, the Mindrazer (201) deals 1 non-combat damage to Ai(1)-mm-giada-angels.
Life: Life: Ai(1)-mm-giada-angels 36 > 35
Resolve Stack: Whenever an opponent draws a card, Nekusar, the Mindrazer deals 1 damage to that player. [Player: Ai(1)-mm-giada-angels]
Damage: Nekusar, the Mindrazer (201) deals 1 non-combat damage to Ai(1)-mm-giada-angels.
Life: Life: Ai(1)-mm-giada-angels 35 > 34
Resolve Stack: Whenever an opponent draws a card, Nekusar, the Mindrazer deals 1 damage to that player. [Player: Ai(1)-mm-giada-angels]
Phase: Ai(1)-mm-giada-angels' Draw step
Add To Stack: Ai(2)-mm-nekusar-discard triggered Nekusar, the Mindrazer
Add To Stack: Ai(2)-mm-nekusar-discard triggered Nekusar, the Mindrazer
Resolve Stack: At the beginning of each player's draw step, that player draws an additional card. [Phase: Ai(1)-mm-giada-angels]
Add To Stack: Ai(2)-mm-nekusar-discard triggered Nekusar, the Mindrazer
Damage: Nekusar, the Mindrazer (201) deals 1 non-combat damage to Ai(1)-mm-giada-angels.
Life: Life: Ai(1)-mm-giada-angels 34 > 33
Resolve Stack: Whenever an opponent draws a card, Nekusar, the Mindrazer deals 1 damage to that player. [Player: Ai(1)-mm-giada-angels]
Damage: Nekusar, the Mindrazer (201) deals 1 non-combat damage to Ai(1)-mm-giada-angels.
Life: Life: Ai(1)-mm-giada-angels 33 > 32
Resolve Stack: Whenever an opponent draws a card, Nekusar, the Mindrazer deals 1 damage to that player. [Player: Ai(1)-mm-giada-angels]
Phase: Ai(1)-mm-giada-angels' Main phase, precombat
Land: Ai(1)-mm-giada-angels played Plains (76)
Mana: Path of Ancestry (12) - {T}: Add one mana of any color in your commander's color identity. When that mana is spent to cast a creature spell that shares a creature type with your commander, scry 1. (Look at the top card of your library. You may put that card on the bottom.)
Mana: Plains (89) - {T}: Add {W}.
Add To Stack: Ai(1)-mm-giada-angels cast Swiftfoot Boots
Resolve Stack: Swiftfoot Boots
Mana: Plains (71) - {T}: Add {W}.
Mana: Plains (72) - {T}: Add {W}.
Add To Stack: Ai(1)-mm-giada-angels cast Giada, Font of Hope
Resolve Stack: Giada, Font of Hope - Creature 2 / 2
Mana: Plains (76) - {T}: Add {W}.
Add To Stack: Ai(1)-mm-giada-angels activated Swiftfoot Boots targeting [Gisela, the Broken Blade (13)]
Resolve Stack: Swiftfoot Boots (41) -  Attach to Gisela, the Broken Blade (13)
Phase: Ai(1)-mm-giada-angels' Beginning of Combat Step
Phase: Ai(1)-mm-giada-angels' Declare Attackers Step
Combat: Ai(1)-mm-giada-angels assigned Gisela, the Broken Blade (13) to attack Ai(4)-mm-talrand-spells.
Phase: Ai(1)-mm-giada-angels' Declare Blockers Step
Combat: Ai(4)-mm-talrand-spells didn't block Gisela, the Broken Blade (13).
Phase: Ai(1)-mm-giada-angels' First Strike Damage Step
Damage: Gisela, the Broken Blade (13) deals 4 combat damage to Ai(4)-mm-talrand-spells.
Life: Life: Ai(1)-mm-giada-angels 32 > 36
Life: Life: Ai(4)-mm-talrand-spells 28 > 24
Phase: Ai(1)-mm-giada-angels' Combat Damage Step
Phase: Ai(1)-mm-giada-angels' End of Combat Step
Phase: Ai(1)-mm-giada-angels' Main phase, postcombat
Phase: Ai(1)-mm-giada-angels' End step
Phase: Ai(1)-mm-giada-angels' Cleanup step
Turn: Turn 28 (Ai(2)-mm-nekusar-discard)
Phase: Ai(2)-mm-nekusar-discard's Untap step
Phase: Ai(2)-mm-nekusar-discard's Upkeep step
Add To Stack: Ai(2)-mm-nekusar-discard triggered Seizan, Perverter of Truth
Life: Life: Ai(2)-mm-nekusar-discard 30 > 28
Resolve Stack: At the beginning of each player's upkeep, that player loses 2 life and draws two cards. [Phase: Ai(2)-mm-nekusar-discard]
Phase: Ai(2)-mm-nekusar-discard's Draw step
Add To Stack: Ai(2)-mm-nekusar-discard triggered Nekusar, the Mindrazer
Resolve Stack: At the beginning of each player's draw step, that player draws an additional card. [Phase: Ai(2)-mm-nekusar-discard]
Mana: Swamp (158) - {T}: Add {B}.
Mana: Mountain (188) - {T}: Add {R}.
Add To Stack: Ai(2)-mm-nekusar-discard cast Terminate targeting [Giada, Font of Hope (100)]
Zone Change: Giada, Font of Hope (100) was put into Graveyard from Battlefield.
Resolve Stack: Terminate (168) - Destroy Giada, Font of Hope (100). It can't be regenerated.
Phase: Ai(2)-mm-nekusar-discard's Main phase, precombat
Phase: Ai(2)-mm-nekusar-discard's Beginning of Combat Step
Phase: Ai(2)-mm-nekusar-discard's Declare Attackers Step
Combat: Ai(2)-mm-nekusar-discard assigned Seizan, Perverter of Truth (119) to attack Ai(3)-mm-abaddon.
Phase: Ai(2)-mm-nekusar-discard's Declare Blockers Step
Combat: Ai(3)-mm-abaddon didn't block Seizan, Perverter of Truth (119).
Phase: Ai(2)-mm-nekusar-discard's First Strike Damage Step
Phase: Ai(2)-mm-nekusar-discard's Combat Damage Step
Damage: Seizan, Perverter of Truth (119) deals 6 combat damage to Ai(3)-mm-abaddon.
Life: Life: Ai(3)-mm-abaddon 27 > 21
Phase: Ai(2)-mm-nekusar-discard's End of Combat Step
Phase: Ai(2)-mm-nekusar-discard's Main phase, postcombat
Replacement Effect: Xander's Lounge enters tapped.
Land: Ai(2)-mm-nekusar-discard played Xander's Lounge (169)
Mana: Luxury Suite (143) - {T}: Add {B} or {R}.
Mana: Island (139) - {T}: Add {U}.
Mana: Island (137) - {T}: Add {U}.
Add To Stack: Ai(2)-mm-nekusar-discard cast Ghyrson Starn, Kelermorph
Resolve Stack: Ghyrson Starn, Kelermorph - Creature 3 / 2
Phase: Ai(2)-mm-nekusar-discard's End step
Phase: Ai(2)-mm-nekusar-discard's Cleanup step
Turn: Turn 29 (Ai(3)-mm-abaddon)
Phase: Ai(3)-mm-abaddon's Untap step
Phase: Ai(3)-mm-abaddon's Upkeep step
Add To Stack: Ai(2)-mm-nekusar-discard triggered Seizan, Perverter of Truth
Life: Life: Ai(3)-mm-abaddon 21 > 19
Resolve Stack: At the beginning of each player's upkeep, that player loses 2 life and draws two cards. [Phase: Ai(3)-mm-abaddon]
Add To Stack: Ai(2)-mm-nekusar-discard triggered Nekusar, the Mindrazer
Add To Stack: Ai(2)-mm-nekusar-discard triggered Nekusar, the Mindrazer
Damage: Nekusar, the Mindrazer (201) deals 1 non-combat damage to Ai(3)-mm-abaddon.
Life: Life: Ai(3)-mm-abaddon 19 > 18
Resolve Stack: Whenever an opponent draws a card, Nekusar, the Mindrazer deals 1 damage to that player. [Player: Ai(3)-mm-abaddon]
Add To Stack: Ai(2)-mm-nekusar-discard triggered Ghyrson Starn, Kelermorph
Damage: Ghyrson Starn, Kelermorph (117) deals 2 non-combat damage to Ai(3)-mm-abaddon.
Life: Life: Ai(3)-mm-abaddon 18 > 16
Resolve Stack: Three Autostubs — Whenever another source you control deals exactly 1 damage to a permanent or player, Ghyrson Starn, Kelermorph deals 2 damage to that permanent or player. [Damage Source: Nekusar, the Mindrazer (201), Damaged: Ai(3)-mm-abaddon, Amount: 1]
Damage: Nekusar, the Mindrazer (201) deals 1 non-combat damage to Ai(3)-mm-abaddon.
Life: Life: Ai(3)-mm-abaddon 16 > 15
Resolve Stack: Whenever an opponent draws a card, Nekusar, the Mindrazer deals 1 damage to that player. [Player: Ai(3)-mm-abaddon]
Add To Stack: Ai(2)-mm-nekusar-discard triggered Ghyrson Starn, Kelermorph
Damage: Ghyrson Starn, Kelermorph (117) deals 2 non-combat damage to Ai(3)-mm-abaddon.
Life: Life: Ai(3)-mm-abaddon 15 > 13
Resolve Stack: Three Autostubs — Whenever another source you control deals exactly 1 damage to a permanent or player, Ghyrson Starn, Kelermorph deals 2 damage to that permanent or player. [Damage Source: Nekusar, the Mindrazer (201), Damaged: Ai(3)-mm-abaddon, Amount: 1]
Phase: Ai(3)-mm-abaddon's Draw step
Add To Stack: Ai(2)-mm-nekusar-discard triggered Nekusar, the Mindrazer
Add To Stack: Ai(2)-mm-nekusar-discard triggered Nekusar, the Mindrazer
Resolve Stack: At the beginning of each player's draw step, that player draws an additional card. [Phase: Ai(3)-mm-abaddon]
Add To Stack: Ai(2)-mm-nekusar-discard triggered Nekusar, the Mindrazer
Damage: Nekusar, the Mindrazer (201) deals 1 non-combat damage to Ai(3)-mm-abaddon.
Life: Life: Ai(3)-mm-abaddon 13 > 12
Resolve Stack: Whenever an opponent draws a card, Nekusar, the Mindrazer deals 1 damage to that player. [Player: Ai(3)-mm-abaddon]
Add To Stack: Ai(2)-mm-nekusar-discard triggered Ghyrson Starn, Kelermorph
Damage: Ghyrson Starn, Kelermorph (117) deals 2 non-combat damage to Ai(3)-mm-abaddon.
Life: Life: Ai(3)-mm-abaddon 12 > 10
Resolve Stack: Three Autostubs — Whenever another source you control deals exactly 1 damage to a permanent or player, Ghyrson Starn, Kelermorph deals 2 damage to that permanent or player. [Damage Source: Nekusar, the Mindrazer (201), Damaged: Ai(3)-mm-abaddon, Amount: 1]
Damage: Nekusar, the Mindrazer (201) deals 1 non-combat damage to Ai(3)-mm-abaddon.
Life: Life: Ai(3)-mm-abaddon 10 > 9
Resolve Stack: Whenever an opponent draws a card, Nekusar, the Mindrazer deals 1 damage to that player. [Player: Ai(3)-mm-abaddon]
Add To Stack: Ai(2)-mm-nekusar-discard triggered Ghyrson Starn, Kelermorph
Damage: Ghyrson Starn, Kelermorph (117) deals 2 non-combat damage to Ai(3)-mm-abaddon.
Life: Life: Ai(3)-mm-abaddon 9 > 7
Resolve Stack: Three Autostubs — Whenever another source you control deals exactly 1 damage to a permanent or player, Ghyrson Starn, Kelermorph deals 2 damage to that permanent or player. [Damage Source: Nekusar, the Mindrazer (201), Damaged: Ai(3)-mm-abaddon, Amount: 1]
Phase: Ai(3)-mm-abaddon's Main phase, precombat
Land: Ai(3)-mm-abaddon played Mountain (290)
Phase: Ai(3)-mm-abaddon's Beginning of Combat Step
Phase: Ai(3)-mm-abaddon's Declare Attackers Step
Phase: Ai(3)-mm-abaddon's Declare Blockers Step
Phase: Ai(3)-mm-abaddon's First Strike Damage Step
Phase: Ai(3)-mm-abaddon's Combat Damage Step
Phase: Ai(3)-mm-abaddon's End of Combat Step
Phase: Ai(3)-mm-abaddon's Main phase, postcombat
Mana: Island (226) - {T}: Add {U}.
Mana: Fellwar Stone (273) - {T}: Add one mana of any color that a land an opponent controls could produce.
Mana: Mountain (291) - {T}: Add {R}.
Mana: Mountain (289) - {T}: Add {R}.
Mana: Mountain (290) - {T}: Add {R}.
Mana: Island (228) - {T}: Add {U}.
Mana: Swamp (249) - {T}: Add {B}.
Mana: Swamp (250) - {T}: Add {B}.
Mana: Dragonskull Summit (242) - {T}: Add {B} or {R}.
Add To Stack: Ai(3)-mm-abaddon cast Abaddon the Despoiler
Resolve Stack: Abaddon the Despoiler - Creature 5 / 5
Phase: Ai(3)-mm-abaddon's End step
Phase: Ai(3)-mm-abaddon's Cleanup step
Turn: Turn 30 (Ai(4)-mm-talrand-spells)
Phase: Ai(4)-mm-talrand-spells' Untap step
Phase: Ai(4)-mm-talrand-spells' Upkeep step
Add To Stack: Ai(2)-mm-nekusar-discard triggered Seizan, Perverter of Truth
Life: Life: Ai(4)-mm-talrand-spells 24 > 22
Resolve Stack: At the beginning of each player's upkeep, that player loses 2 life and draws two cards. [Phase: Ai(4)-mm-talrand-spells]
Add To Stack: Ai(2)-mm-nekusar-discard triggered Nekusar, the Mindrazer
Add To Stack: Ai(2)-mm-nekusar-discard triggered Nekusar, the Mindrazer
Damage: Nekusar, the Mindrazer (201) deals 1 non-combat damage to Ai(4)-mm-talrand-spells.
Life: Life: Ai(4)-mm-talrand-spells 22 > 21
Resolve Stack: Whenever an opponent draws a card, Nekusar, the Mindrazer deals 1 damage to that player. [Player: Ai(4)-mm-talrand-spells]
Add To Stack: Ai(2)-mm-nekusar-discard triggered Ghyrson Starn, Kelermorph
Damage: Ghyrson Starn, Kelermorph (117) deals 2 non-combat damage to Ai(4)-mm-talrand-spells.
Life: Life: Ai(4)-mm-talrand-spells 21 > 19
Resolve Stack: Three Autostubs — Whenever another source you control deals exactly 1 damage to a permanent or player, Ghyrson Starn, Kelermorph deals 2 damage to that permanent or player. [Damage Source: Nekusar, the Mindrazer (201), Damaged: Ai(4)-mm-talrand-spells, Amount: 1]
Damage: Nekusar, the Mindrazer (201) deals 1 non-combat damage to Ai(4)-mm-talrand-spells.
Life: Life: Ai(4)-mm-talrand-spells 19 > 18
Resolve Stack: Whenever an opponent draws a card, Nekusar, the Mindrazer deals 1 damage to that player. [Player: Ai(4)-mm-talrand-spells]
Add To Stack: Ai(2)-mm-nekusar-discard triggered Ghyrson Starn, Kelermorph
Damage: Ghyrson Starn, Kelermorph (117) deals 2 non-combat damage to Ai(4)-mm-talrand-spells.
Life: Life: Ai(4)-mm-talrand-spells 18 > 16
Resolve Stack: Three Autostubs — Whenever another source you control deals exactly 1 damage to a permanent or player, Ghyrson Starn, Kelermorph deals 2 damage to that permanent or player. [Damage Source: Nekusar, the Mindrazer (201), Damaged: Ai(4)-mm-talrand-spells, Amount: 1]
Phase: Ai(4)-mm-talrand-spells' Draw step
Add To Stack: Ai(2)-mm-nekusar-discard triggered Nekusar, the Mindrazer
Add To Stack: Ai(2)-mm-nekusar-discard triggered Nekusar, the Mindrazer
Resolve Stack: At the beginning of each player's draw step, that player draws an additional card. [Phase: Ai(4)-mm-talrand-spells]
Add To Stack: Ai(2)-mm-nekusar-discard triggered Nekusar, the Mindrazer
Damage: Nekusar, the Mindrazer (201) deals 1 non-combat damage to Ai(4)-mm-talrand-spells.
Life: Life: Ai(4)-mm-talrand-spells 16 > 15
Resolve Stack: Whenever an opponent draws a card, Nekusar, the Mindrazer deals 1 damage to that player. [Player: Ai(4)-mm-talrand-spells]
Add To Stack: Ai(2)-mm-nekusar-discard triggered Ghyrson Starn, Kelermorph
Damage: Ghyrson Starn, Kelermorph (117) deals 2 non-combat damage to Ai(4)-mm-talrand-spells.
Life: Life: Ai(4)-mm-talrand-spells 15 > 13
Resolve Stack: Three Autostubs — Whenever another source you control deals exactly 1 damage to a permanent or player, Ghyrson Starn, Kelermorph deals 2 damage to that permanent or player. [Damage Source: Nekusar, the Mindrazer (201), Damaged: Ai(4)-mm-talrand-spells, Amount: 1]
Damage: Nekusar, the Mindrazer (201) deals 1 non-combat damage to Ai(4)-mm-talrand-spells.
Life: Life: Ai(4)-mm-talrand-spells 13 > 12
Resolve Stack: Whenever an opponent draws a card, Nekusar, the Mindrazer deals 1 damage to that player. [Player: Ai(4)-mm-talrand-spells]
Add To Stack: Ai(2)-mm-nekusar-discard triggered Ghyrson Starn, Kelermorph
Damage: Ghyrson Starn, Kelermorph (117) deals 2 non-combat damage to Ai(4)-mm-talrand-spells.
Life: Life: Ai(4)-mm-talrand-spells 12 > 10
Resolve Stack: Three Autostubs — Whenever another source you control deals exactly 1 damage to a permanent or player, Ghyrson Starn, Kelermorph deals 2 damage to that permanent or player. [Damage Source: Nekusar, the Mindrazer (201), Damaged: Ai(4)-mm-talrand-spells, Amount: 1]
Phase: Ai(4)-mm-talrand-spells' Main phase, precombat
Land: Ai(4)-mm-talrand-spells played Island (350)
Mana: Island (330) - {T}: Add {U}.
Add To Stack: Ai(4)-mm-talrand-spells cast Preordain
Add To Stack: Ai(4)-mm-talrand-spells triggered Talrand, Sky Summoner
Resolve Stack: Whenever you cast an instant or sorcery spell, create a 2/2 blue Drake creature token with flying. [Card: Preordain (363), Activator: Ai(4)-mm-talrand-spells, SpellAbility: Scry 2, then draw a card. (To scry 2, look at the top two cards of your library, then put any number of them on the bottom and the rest on top in any order.) ]
Resolve Stack: Ai(4)-mm-talrand-spells scried 1 card(s) to the top of the library and 1 card(s) to the bottom of the library
Resolve Stack: Preordain (363) - Ai(4)-mm-talrand-spells scries 2. Ai(4)-mm-talrand-spells draws a card.
Add To Stack: Ai(2)-mm-nekusar-discard triggered Nekusar, the Mindrazer
Damage: Nekusar, the Mindrazer (201) deals 1 non-combat damage to Ai(4)-mm-talrand-spells.
Life: Life: Ai(4)-mm-talrand-spells 10 > 9
Resolve Stack: Whenever an opponent draws a card, Nekusar, the Mindrazer deals 1 damage to that player. [Player: Ai(4)-mm-talrand-spells]
Add To Stack: Ai(2)-mm-nekusar-discard triggered Ghyrson Starn, Kelermorph
Damage: Ghyrson Starn, Kelermorph (117) deals 2 non-combat damage to Ai(4)-mm-talrand-spells.
Life: Life: Ai(4)-mm-talrand-spells 9 > 7
Resolve Stack: Three Autostubs — Whenever another source you control deals exactly 1 damage to a permanent or player, Ghyrson Starn, Kelermorph deals 2 damage to that permanent or player. [Damage Source: Nekusar, the Mindrazer (201), Damaged: Ai(4)-mm-talrand-spells, Amount: 1]
Phase: Ai(4)-mm-talrand-spells' Beginning of Combat Step
Phase: Ai(4)-mm-talrand-spells' Declare Attackers Step
Phase: Ai(4)-mm-talrand-spells' Declare Blockers Step
Phase: Ai(4)-mm-talrand-spells' First Strike Damage Step
Phase: Ai(4)-mm-talrand-spells' Combat Damage Step
Phase: Ai(4)-mm-talrand-spells' End of Combat Step
Phase: Ai(4)-mm-talrand-spells' Main phase, postcombat
Mana: Island (338) - {T}: Add {U}.
Mana: Sky Diamond (398) - {T}: Add {U}.
Mana: Reliquary Tower (384) - {T}: Add {C}.
Add To Stack: Ai(4)-mm-talrand-spells cast Alandra, Sky Dreamer
Resolve Stack: Alandra, Sky Dreamer - Creature 2 / 4
Mana: Island (347) - {T}: Add {U}.
Mana: Island (329) - {T}: Add {U}.
Mana: Island (350) - {T}: Add {U}.
Add To Stack: Ai(4)-mm-talrand-spells cast Archaeomancer
Resolve Stack: Archaeomancer - Creature 1 / 2
Add To Stack: Ai(4)-mm-talrand-spells triggered Archaeomancer targeting [Rewind (397)]
Resolve Stack: When Archaeomancer enters, return target instant or sorcery card from your graveyard to your hand. (Targeting: [[Rewind (397)]]) [Zone Changer: Archaeomancer (311)]
Phase: Ai(4)-mm-talrand-spells' End step
Phase: Ai(4)-mm-talrand-spells' Cleanup step
Turn: Turn 31 (Ai(1)-mm-giada-angels)
Phase: Ai(1)-mm-giada-angels' Untap step
Phase: Ai(1)-mm-giada-angels' Upkeep step
Add To Stack: Ai(2)-mm-nekusar-discard triggered Seizan, Perverter of Truth
Life: Life: Ai(1)-mm-giada-angels 36 > 34
Resolve Stack: At the beginning of each player's upkeep, that player loses 2 life and draws two cards. [Phase: Ai(1)-mm-giada-angels]
Add To Stack: Ai(2)-mm-nekusar-discard triggered Nekusar, the Mindrazer
Add To Stack: Ai(2)-mm-nekusar-discard triggered Nekusar, the Mindrazer
Damage: Nekusar, the Mindrazer (201) deals 1 non-combat damage to Ai(1)-mm-giada-angels.
Life: Life: Ai(1)-mm-giada-angels 34 > 33
Resolve Stack: Whenever an opponent draws a card, Nekusar, the Mindrazer deals 1 damage to that player. [Player: Ai(1)-mm-giada-angels]
Add To Stack: Ai(2)-mm-nekusar-discard triggered Ghyrson Starn, Kelermorph
Damage: Ghyrson Starn, Kelermorph (117) deals 2 non-combat damage to Ai(1)-mm-giada-angels.
Life: Life: Ai(1)-mm-giada-angels 33 > 31
Resolve Stack: Three Autostubs — Whenever another source you control deals exactly 1 damage to a permanent or player, Ghyrson Starn, Kelermorph deals 2 damage to that permanent or player. [Damage Source: Nekusar, the Mindrazer (201), Damaged: Ai(1)-mm-giada-angels, Amount: 1]
Damage: Nekusar, the Mindrazer (201) deals 1 non-combat damage to Ai(1)-mm-giada-angels.
Life: Life: Ai(1)-mm-giada-angels 31 > 30
Resolve Stack: Whenever an opponent draws a card, Nekusar, the Mindrazer deals 1 damage to that player. [Player: Ai(1)-mm-giada-angels]
Add To Stack: Ai(2)-mm-nekusar-discard triggered Ghyrson Starn, Kelermorph
Damage: Ghyrson Starn, Kelermorph (117) deals 2 non-combat damage to Ai(1)-mm-giada-angels.
Life: Life: Ai(1)-mm-giada-angels 30 > 28
Resolve Stack: Three Autostubs — Whenever another source you control deals exactly 1 damage to a permanent or player, Ghyrson Starn, Kelermorph deals 2 damage to that permanent or player. [Damage Source: Nekusar, the Mindrazer (201), Damaged: Ai(1)-mm-giada-angels, Amount: 1]
Phase: Ai(1)-mm-giada-angels' Draw step
Add To Stack: Ai(2)-mm-nekusar-discard triggered Nekusar, the Mindrazer
Add To Stack: Ai(2)-mm-nekusar-discard triggered Nekusar, the Mindrazer
Resolve Stack: At the beginning of each player's draw step, that player draws an additional card. [Phase: Ai(1)-mm-giada-angels]
Add To Stack: Ai(2)-mm-nekusar-discard triggered Nekusar, the Mindrazer
Damage: Nekusar, the Mindrazer (201) deals 1 non-combat damage to Ai(1)-mm-giada-angels.
Life: Life: Ai(1)-mm-giada-angels 28 > 27
Resolve Stack: Whenever an opponent draws a card, Nekusar, the Mindrazer deals 1 damage to that player. [Player: Ai(1)-mm-giada-angels]
Add To Stack: Ai(2)-mm-nekusar-discard triggered Ghyrson Starn, Kelermorph
Damage: Ghyrson Starn, Kelermorph (117) deals 2 non-combat damage to Ai(1)-mm-giada-angels.
Life: Life: Ai(1)-mm-giada-angels 27 > 25
Resolve Stack: Three Autostubs — Whenever another source you control deals exactly 1 damage to a permanent or player, Ghyrson Starn, Kelermorph deals 2 damage to that permanent or player. [Damage Source: Nekusar, the Mindrazer (201), Damaged: Ai(1)-mm-giada-angels, Amount: 1]
Damage: Nekusar, the Mindrazer (201) deals 1 non-combat damage to Ai(1)-mm-giada-angels.
Life: Life: Ai(1)-mm-giada-angels 25 > 24
Resolve Stack: Whenever an opponent draws a card, Nekusar, the Mindrazer deals 1 damage to that player. [Player: Ai(1)-mm-giada-angels]
Add To Stack: Ai(2)-mm-nekusar-discard triggered Ghyrson Starn, Kelermorph
Damage: Ghyrson Starn, Kelermorph (117) deals 2 non-combat damage to Ai(1)-mm-giada-angels.
Life: Life: Ai(1)-mm-giada-angels 24 > 22
Resolve Stack: Three Autostubs — Whenever another source you control deals exactly 1 damage to a permanent or player, Ghyrson Starn, Kelermorph deals 2 damage to that permanent or player. [Damage Source: Nekusar, the Mindrazer (201), Damaged: Ai(1)-mm-giada-angels, Amount: 1]
Phase: Ai(1)-mm-giada-angels' Main phase, precombat
Land: Ai(1)-mm-giada-angels played Plains (78)
Mana: Plains (93) - {T}: Add {W}.
Mana: Path of Ancestry (12) - {T}: Add one mana of any color in your commander's color identity. When that mana is spent to cast a creature spell that shares a creature type with your commander, scry 1. (Look at the top card of your library. You may put that card on the bottom.)
Mana: Plains (89) - {T}: Add {W}.
Mana: Plains (71) - {T}: Add {W}.
Mana: Plains (72) - {T}: Add {W}.
Mana: Plains (76) - {T}: Add {W}.
Mana: Plains (78) - {T}: Add {W}.
Add To Stack: Ai(1)-mm-giada-angels cast Serra's Emissary
Add To Stack: Ai(1)-mm-giada-angels triggered Path of Ancestry
Resolve Stack: Ai(1)-mm-giada-angels scried 1 card(s) to the top of the library
Resolve Stack: When mana produced by Path of Ancestry is spent to cast a creature spell that shares a creature type with your commander, scry 1. ([Serra's Emissary - Creature 7 / 7]) [Card: Serra's Emissary (61), Activator: Ai(1)-mm-giada-angels, SpellAbility: Serra's Emissary - Creature 7 / 7]
Replacement Effect: As Serra's Emissary enters, choose a card type.
Resolve Stack: Serra's Emissary - Creature 7 / 7
Phase: Ai(1)-mm-giada-angels' Beginning of Combat Step
Phase: Ai(1)-mm-giada-angels' Declare Attackers Step
Combat: Ai(1)-mm-giada-angels assigned Gisela, the Broken Blade (13) to attack Ai(4)-mm-talrand-spells.
Phase: Ai(1)-mm-giada-angels' Declare Blockers Step
Combat: Ai(4)-mm-talrand-spells didn't block Gisela, the Broken Blade (13).
Phase: Ai(1)-mm-giada-angels' First Strike Damage Step
Damage: Gisela, the Broken Blade (13) deals 4 combat damage to Ai(4)-mm-talrand-spells.
Life: Life: Ai(1)-mm-giada-angels 22 > 26
Life: Life: Ai(4)-mm-talrand-spells 7 > 3
Phase: Ai(1)-mm-giada-angels' Combat Damage Step
Phase: Ai(1)-mm-giada-angels' End of Combat Step
Phase: Ai(1)-mm-giada-angels' Main phase, postcombat
Phase: Ai(1)-mm-giada-angels' End step
Phase: Ai(1)-mm-giada-angels' Cleanup step
Turn: Turn 32 (Ai(2)-mm-nekusar-discard)
Phase: Ai(2)-mm-nekusar-discard's Untap step
Phase: Ai(2)-mm-nekusar-discard's Upkeep step
Add To Stack: Ai(2)-mm-nekusar-discard triggered Seizan, Perverter of Truth
Life: Life: Ai(2)-mm-nekusar-discard 28 > 26
Resolve Stack: At the beginning of each player's upkeep, that player loses 2 life and draws two cards. [Phase: Ai(2)-mm-nekusar-discard]
Phase: Ai(2)-mm-nekusar-discard's Draw step
Add To Stack: Ai(2)-mm-nekusar-discard triggered Nekusar, the Mindrazer
Resolve Stack: At the beginning of each player's draw step, that player draws an additional card. [Phase: Ai(2)-mm-nekusar-discard]
Phase: Ai(2)-mm-nekusar-discard's Main phase, precombat
Replacement Effect: Morphic Pool enters tapped unless you have two or more opponents.
Land: Ai(2)-mm-nekusar-discard played Morphic Pool (150)
Mana: Xander's Lounge (169) - {T}: Add {R}.
Add To Stack: Ai(2)-mm-nekusar-discard cast Blasphemous Act
Damage: Blasphemous Act (121) deals 13 damage to Gisela, the Broken Blade (13).
Damage: Blasphemous Act (121) deals 13 damage to Serra's Emissary (61).
Damage: Blasphemous Act (121) deals 13 damage to Nekusar, the Mindrazer (201).
Damage: Blasphemous Act (121) deals 13 damage to Seizan, Perverter of Truth (119).
Damage: Blasphemous Act (121) deals 13 damage to Ghyrson Starn, Kelermorph (117).
Damage: Blasphemous Act (121) deals 13 damage to Bloodthirster (297).
Damage: Blasphemous Act (121) deals 13 damage to Abaddon the Despoiler (302).
Damage: Blasphemous Act (121) deals 13 damage to Talrand, Sky Summoner (403).
Damage: Blasphemous Act (121) deals 13 damage to Wavebreak Hippocamp (372).
Damage: Blasphemous Act (121) deals 13 damage to Drake Token (413).
Damage: Blasphemous Act (121) deals 13 damage to Drake Token (416).
Damage: Blasphemous Act (121) deals 13 damage to Drake Token (419).
Damage: Blasphemous Act (121) deals 13 damage to Alandra, Sky Dreamer (305).
Damage: Blasphemous Act (121) deals 13 damage to Archaeomancer (311).
Resolve Stack: Blasphemous Act (121) - Deals 13 damage to each creature.
Zone Change: Nekusar, the Mindrazer (201) was put into Graveyard from Battlefield.
Zone Change: Seizan, Perverter of Truth (119) was put into Graveyard from Battlefield.
Zone Change: Ghyrson Starn, Kelermorph (117) was put into Graveyard from Battlefield.
Zone Change: Bloodthirster (297) was put into Graveyard from Battlefield.
Zone Change: Abaddon the Despoiler (302) was put into Graveyard from Battlefield.
Zone Change: Talrand, Sky Summoner (403) was put into Graveyard from Battlefield.
Zone Change: Wavebreak Hippocamp (372) was put into Graveyard from Battlefield.
Zone Change: Drake Token (413) was put into Graveyard from Battlefield.
Zone Change: Drake Token (416) was put into Graveyard from Battlefield.
Zone Change: Drake Token (419) was put into Graveyard from Battlefield.
Zone Change: Alandra, Sky Dreamer (305) was put into Graveyard from Battlefield.
Zone Change: Archaeomancer (311) was put into Graveyard from Battlefield.
Zone Change: Gisela, the Broken Blade (13) was put into Graveyard from Battlefield.
Zone Change: Serra's Emissary (61) was put into Graveyard from Battlefield.
Phase: Ai(2)-mm-nekusar-discard's Beginning of Combat Step
Phase: Ai(2)-mm-nekusar-discard's Declare Attackers Step
Phase: Ai(2)-mm-nekusar-discard's Declare Blockers Step
Phase: Ai(2)-mm-nekusar-discard's First Strike Damage Step
Phase: Ai(2)-mm-nekusar-discard's Combat Damage Step
Phase: Ai(2)-mm-nekusar-discard's End of Combat Step
Phase: Ai(2)-mm-nekusar-discard's Main phase, postcombat
Mana: Island (139) - {T}: Add {U}.
Mana: Island (137) - {T}: Add {U}.
Mana: Swamp (158) - {T}: Add {B}.
Mana: Mountain (188) - {T}: Add {R}.
Mana: Luxury Suite (143) - {T}: Add {B} or {R}.
Mana: Morphic Pool (150) - {T}: Add {U} or {B}.
Add To Stack: Ai(2)-mm-nekusar-discard cast Forced Fruition
Resolve Stack: Forced Fruition
Phase: Ai(2)-mm-nekusar-discard's End step
Phase: Ai(2)-mm-nekusar-discard's Cleanup step
Turn: Turn 33 (Ai(3)-mm-abaddon)
Phase: Ai(3)-mm-abaddon's Untap step
Phase: Ai(3)-mm-abaddon's Upkeep step
Phase: Ai(3)-mm-abaddon's Draw step
Phase: Ai(3)-mm-abaddon's Main phase, precombat
Land: Ai(3)-mm-abaddon played Mountain (288)
Mana: Island (226) - {T}: Add {U}.
Mana: Fellwar Stone (273) - {T}: Add one mana of any color that a land an opponent controls could produce.
Mana: Mountain (291) - {T}: Add {R}.
Mana: Island (228) - {T}: Add {U}.
Mana: Mountain (289) - {T}: Add {R}.
Mana: Mountain (290) - {T}: Add {R}.
Mana: Mountain (288) - {T}: Add {R}.
Mana: Swamp (249) - {T}: Add {B}.
Mana: Swamp (250) - {T}: Add {B}.
Mana: Drowned Catacomb (278) - {T}: Add {U} or {B}.
Mana: Dragonskull Summit (242) - {T}: Add {B} or {R}.
Add To Stack: Ai(3)-mm-abaddon cast Abaddon the Despoiler
Add To Stack: Ai(2)-mm-nekusar-discard triggered Forced Fruition
Resolve Stack: Whenever an opponent casts a spell, that player draws seven cards. [Card: Abaddon the Despoiler (302), Activator: Ai(3)-mm-abaddon, SpellAbility: Abaddon the Despoiler - Creature 5 / 5]
Resolve Stack: Abaddon the Despoiler - Creature 5 / 5
Add To Stack: Ai(3)-mm-abaddon activated Lightning Greaves targeting [Abaddon the Despoiler (302)]
Resolve Stack: Lightning Greaves (295) -  Attach to Abaddon the Despoiler (302)
Phase: Ai(3)-mm-abaddon's Beginning of Combat Step
Phase: Ai(3)-mm-abaddon's Declare Attackers Step
Combat: Ai(3)-mm-abaddon assigned Abaddon the Despoiler (302) to attack Ai(4)-mm-talrand-spells.
Phase: Ai(3)-mm-abaddon's Declare Blockers Step
Combat: Ai(4)-mm-talrand-spells didn't block Abaddon the Despoiler (302).
Phase: Ai(3)-mm-abaddon's First Strike Damage Step
Phase: Ai(3)-mm-abaddon's Combat Damage Step
Damage: Abaddon the Despoiler (302) deals 5 combat damage to Ai(4)-mm-talrand-spells.
Life: Life: Ai(4)-mm-talrand-spells 3 > -2
Phase: Ai(3)-mm-abaddon's End of Combat Step
Phase: Ai(3)-mm-abaddon's Main phase, postcombat
Phase: Ai(3)-mm-abaddon's End step
Phase: Ai(3)-mm-abaddon's Cleanup step
Discard: Ai(3)-mm-abaddon discards Sunken Hollow (223).
Discard: Ai(3)-mm-abaddon discards Blood for the Blood God! (210).
Discard: Ai(3)-mm-abaddon discards Rakdos Signet (257).
Discard: Ai(3)-mm-abaddon discards Descent into Avernus (276).
Discard: Ai(3)-mm-abaddon discards Chaos Defiler (269).
Discard: Ai(3)-mm-abaddon discards Nightscape Familiar (221).
Discard: Ai(3)-mm-abaddon discards Loyal Subordinate (256).
Add To Stack: Ai(2)-mm-nekusar-discard triggered Waste Not
Add To Stack: Ai(2)-mm-nekusar-discard triggered Megrim
Add To Stack: Ai(2)-mm-nekusar-discard triggered Megrim
Add To Stack: Ai(2)-mm-nekusar-discard triggered Megrim
Add To Stack: Ai(2)-mm-nekusar-discard triggered Megrim
Add To Stack: Ai(2)-mm-nekusar-discard triggered Megrim
Add To Stack: Ai(2)-mm-nekusar-discard triggered Megrim
Add To Stack: Ai(2)-mm-nekusar-discard triggered Megrim
Add To Stack: Ai(2)-mm-nekusar-discard triggered Waste Not
Add To Stack: Ai(2)-mm-nekusar-discard triggered Waste Not
Add To Stack: Ai(2)-mm-nekusar-discard triggered Waste Not
Add To Stack: Ai(2)-mm-nekusar-discard triggered Waste Not
Add To Stack: Ai(2)-mm-nekusar-discard triggered Waste Not
Add To Stack: Ai(2)-mm-nekusar-discard triggered Waste Not
Resolve Stack: Whenever an opponent discards a creature card, create a 2/2 black Zombie creature token. [Discarded: Loyal Subordinate (256), Cause: null]
Resolve Stack: Whenever an opponent discards a creature card, create a 2/2 black Zombie creature token. [Discarded: Nightscape Familiar (221), Cause: null]
Resolve Stack: Whenever an opponent discards a creature card, create a 2/2 black Zombie creature token. [Discarded: Chaos Defiler (269), Cause: null]
Resolve Stack: Whenever an opponent discards a noncreature, nonland card, draw a card. [Discarded: Descent into Avernus (276), Cause: null]
Resolve Stack: Whenever an opponent discards a noncreature, nonland card, draw a card. [Discarded: Rakdos Signet (257), Cause: null]
Resolve Stack: Whenever an opponent discards a noncreature, nonland card, draw a card. [Discarded: Blood for the Blood God! (210), Cause: null]
Damage: Megrim (166) deals 2 non-combat damage to Ai(3)-mm-abaddon.
Life: Life: Ai(3)-mm-abaddon 7 > 5
Resolve Stack: Whenever an opponent discards a card, Megrim deals 2 damage to that player. [Discarded: Loyal Subordinate (256), Cause: null]
Damage: Megrim (166) deals 2 non-combat damage to Ai(3)-mm-abaddon.
Life: Life: Ai(3)-mm-abaddon 5 > 3
Resolve Stack: Whenever an opponent discards a card, Megrim deals 2 damage to that player. [Discarded: Nightscape Familiar (221), Cause: null]
Damage: Megrim (166) deals 2 non-combat damage to Ai(3)-mm-abaddon.
Life: Life: Ai(3)-mm-abaddon 3 > 1
Resolve Stack: Whenever an opponent discards a card, Megrim deals 2 damage to that player. [Discarded: Chaos Defiler (269), Cause: null]
Damage: Megrim (166) deals 2 non-combat damage to Ai(3)-mm-abaddon.
Life: Life: Ai(3)-mm-abaddon 1 > -1
Resolve Stack: Whenever an opponent discards a card, Megrim deals 2 damage to that player. [Discarded: Descent into Avernus (276), Cause: null]
Resolve Stack: Whenever an opponent discards a card, Megrim deals 2 damage to that player. [Discarded: Rakdos Signet (257), Cause: null]
Resolve Stack: Whenever an opponent discards a card, Megrim deals 2 damage to that player. [Discarded: Blood for the Blood God! (210), Cause: null]
Resolve Stack: Whenever an opponent discards a card, Megrim deals 2 damage to that player. [Discarded: Sunken Hollow (223), Cause: null]
Resolve Stack: Whenever an opponent discards a land card, add {B}{B}. [Discarded: Sunken Hollow (223), Cause: null]
Phase: RepeatAi(3)-mm-abaddon's Cleanup step
Turn: Turn 34 (Ai(1)-mm-giada-angels)
Phase: Ai(1)-mm-giada-angels' Untap step
Phase: Ai(1)-mm-giada-angels' Upkeep step
Phase: Ai(1)-mm-giada-angels' Draw step
Mana: Plains (93) - {T}: Add {W}.
Mana: Path of Ancestry (12) - {T}: Add one mana of any color in your commander's color identity. When that mana is spent to cast a creature spell that shares a creature type with your commander, scry 1. (Look at the top card of your library. You may put that card on the bottom.)
Mana: Plains (89) - {T}: Add {W}.
Add To Stack: Ai(1)-mm-giada-angels cast Stroke of Midnight targeting [Forced Fruition (155)]
Add To Stack: Ai(2)-mm-nekusar-discard triggered Forced Fruition
Resolve Stack: Whenever an opponent casts a spell, that player draws seven cards. [Card: Stroke of Midnight (65), Activator: Ai(1)-mm-giada-angels, SpellAbility: Destroy target nonland permanent. Its controller creates a 1/1 white Human creature token. ]
Zone Change: Forced Fruition (155) was put into Graveyard from Battlefield.
Resolve Stack: Stroke of Midnight (65) - Destroy Forced Fruition (155). 
Phase: Ai(1)-mm-giada-angels' Main phase, precombat
Land: Ai(1)-mm-giada-angels played Plains (69)
Mana: Plains (71) - {T}: Add {W}.
Mana: Plains (72) - {T}: Add {W}.
Mana: Plains (76) - {T}: Add {W}.
Mana: Plains (78) - {T}: Add {W}.
Mana: Plains (69) - {T}: Add {W}.
Add To Stack: Ai(1)-mm-giada-angels cast Archangel of Thune
Resolve Stack: Archangel of Thune - Creature 3 / 4
Phase: Ai(1)-mm-giada-angels' Beginning of Combat Step
Phase: Ai(1)-mm-giada-angels' Declare Attackers Step
Phase: Ai(1)-mm-giada-angels' Declare Blockers Step
Phase: Ai(1)-mm-giada-angels' First Strike Damage Step
Phase: Ai(1)-mm-giada-angels' Combat Damage Step
Phase: Ai(1)-mm-giada-angels' End of Combat Step
Phase: Ai(1)-mm-giada-angels' Main phase, postcombat
Phase: Ai(1)-mm-giada-angels' End step
Phase: Ai(1)-mm-giada-angels' Cleanup step
Discard: Ai(1)-mm-giada-angels discards Plains (74).
Discard: Ai(1)-mm-giada-angels discards Emeria, the Sky Ruin (97).
Discard: Ai(1)-mm-giada-angels discards Urza's Incubator (63).
Discard: Ai(1)-mm-giada-angels discards Starnheim Aspirant (46).
Discard: Ai(1)-mm-giada-angels discards Dazzling Angel (28).
Add To Stack: Ai(2)-mm-nekusar-discard triggered Waste Not
Add To Stack: Ai(2)-mm-nekusar-discard triggered Megrim
Add To Stack: Ai(2)-mm-nekusar-discard triggered Waste Not
Add To Stack: Ai(2)-mm-nekusar-discard triggered Megrim
Add To Stack: Ai(2)-mm-nekusar-discard triggered Megrim
Add To Stack: Ai(2)-mm-nekusar-discard triggered Megrim
Add To Stack: Ai(2)-mm-nekusar-discard triggered Megrim
Add To Stack: Ai(2)-mm-nekusar-discard triggered Waste Not
Add To Stack: Ai(2)-mm-nekusar-discard triggered Waste Not
Add To Stack: Ai(2)-mm-nekusar-discard triggered Waste Not
Resolve Stack: Whenever an opponent discards a creature card, create a 2/2 black Zombie creature token. [Discarded: Dazzling Angel (28), Cause: null]
Resolve Stack: Whenever an opponent discards a creature card, create a 2/2 black Zombie creature token. [Discarded: Starnheim Aspirant (46), Cause: null]
Resolve Stack: Whenever an opponent discards a noncreature, nonland card, draw a card. [Discarded: Urza's Incubator (63), Cause: null]
Damage: Megrim (166) deals 2 non-combat damage to Ai(1)-mm-giada-angels.
Life: Life: Ai(1)-mm-giada-angels 26 > 24
Resolve Stack: Whenever an opponent discards a card, Megrim deals 2 damage to that player. [Discarded: Dazzling Angel (28), Cause: null]
Damage: Megrim (166) deals 2 non-combat damage to Ai(1)-mm-giada-angels.
Life: Life: Ai(1)-mm-giada-angels 24 > 22
Resolve Stack: Whenever an opponent discards a card, Megrim deals 2 damage to that player. [Discarded: Starnheim Aspirant (46), Cause: null]
Damage: Megrim (166) deals 2 non-combat damage to Ai(1)-mm-giada-angels.
Life: Life: Ai(1)-mm-giada-angels 22 > 20
Resolve Stack: Whenever an opponent discards a card, Megrim deals 2 damage to that player. [Discarded: Urza's Incubator (63), Cause: null]
Damage: Megrim (166) deals 2 non-combat damage to Ai(1)-mm-giada-angels.
Life: Life: Ai(1)-mm-giada-angels 20 > 18
Resolve Stack: Whenever an opponent discards a card, Megrim deals 2 damage to that player. [Discarded: Emeria, the Sky Ruin (97), Cause: null]
Resolve Stack: Whenever an opponent discards a land card, add {B}{B}. [Discarded: Emeria, the Sky Ruin (97), Cause: null]
Damage: Megrim (166) deals 2 non-combat damage to Ai(1)-mm-giada-angels.
Life: Life: Ai(1)-mm-giada-angels 18 > 16
Resolve Stack: Whenever an opponent discards a card, Megrim deals 2 damage to that player. [Discarded: Plains (74), Cause: null]
Resolve Stack: Whenever an opponent discards a land card, add {B}{B}. [Discarded: Plains (74), Cause: null]
Phase: RepeatAi(1)-mm-giada-angels' Cleanup step
Turn: Turn 35 (Ai(2)-mm-nekusar-discard)
Phase: Ai(2)-mm-nekusar-discard's Untap step
Phase: Ai(2)-mm-nekusar-discard's Upkeep step
Phase: Ai(2)-mm-nekusar-discard's Draw step
Phase: Ai(2)-mm-nekusar-discard's Main phase, precombat
Land: Ai(2)-mm-nekusar-discard played Geier Reach Sanitarium (111)
Add To Stack: Ai(2)-mm-nekusar-discard activated Lightning Greaves targeting [Zombie Token (425)]
Resolve Stack: Lightning Greaves (193) -  Attach to Zombie Token (425)
Phase: Ai(2)-mm-nekusar-discard's Beginning of Combat Step
Phase: Ai(2)-mm-nekusar-discard's Declare Attackers Step
Combat: Ai(2)-mm-nekusar-discard assigned Zombie Token (425), Zombie Token (427), Zombie Token (429), Zombie Token (435), Zombie Token (437) and Human Token (431) to attack Ai(1)-mm-giada-angels.
Phase: Ai(2)-mm-nekusar-discard's Declare Blockers Step
Combat: Ai(1)-mm-giada-angels assigned Archangel of Thune (35) to block Zombie Token (425).
Ai(1)-mm-giada-angels didn't block Zombie Token (427).
Ai(1)-mm-giada-angels didn't block Zombie Token (429).
Ai(1)-mm-giada-angels didn't block Zombie Token (435).
Ai(1)-mm-giada-angels didn't block Zombie Token (437).
Ai(1)-mm-giada-angels didn't block Human Token (431).
Phase: Ai(2)-mm-nekusar-discard's First Strike Damage Step
Phase: Ai(2)-mm-nekusar-discard's Combat Damage Step
Damage: Zombie Token (425) deals 2 damage to Archangel of Thune (35).
Damage: Zombie Token (427) deals 2 combat damage to Ai(1)-mm-giada-angels.
Damage: Zombie Token (429) deals 2 combat damage to Ai(1)-mm-giada-angels.
Damage: Zombie Token (435) deals 2 combat damage to Ai(1)-mm-giada-angels.
Damage: Zombie Token (437) deals 2 combat damage to Ai(1)-mm-giada-angels.
Damage: Human Token (431) deals 1 combat damage to Ai(1)-mm-giada-angels.
Damage: Archangel of Thune (35) deals 3 damage to Zombie Token (425).
Life: Life: Ai(1)-mm-giada-angels 16 > 19
Life: Life: Ai(1)-mm-giada-angels 19 > 10
Zone Change: Zombie Token (425) was put into Graveyard from Battlefield.
Add To Stack: Ai(1)-mm-giada-angels triggered Archangel of Thune
Resolve Stack: Whenever you gain life, put a +1/+1 counter on each creature you control. [Player: Ai(1)-mm-giada-angels, Gained Amount: 3]
Phase: Ai(2)-mm-nekusar-discard's End of Combat Step
Phase: Ai(2)-mm-nekusar-discard's Main phase, postcombat
Add To Stack: Ai(2)-mm-nekusar-discard activated Lightning Greaves targeting [Zombie Token (427)]
Resolve Stack: Lightning Greaves (193) -  Attach to Zombie Token (427)
Mana: Mountain (188) - {T}: Add {R}.
Mana: Island (139) - {T}: Add {U}.
Mana: Swamp (158) - {T}: Add {B}.
Mana: Island (137) - {T}: Add {U}.
Mana: Luxury Suite (143) - {T}: Add {B} or {R}.
Mana: Morphic Pool (150) - {T}: Add {U} or {B}.
Mana: Xander's Lounge (169) - {T}: Add {R}.
Add To Stack: Ai(2)-mm-nekusar-discard cast Nekusar, the Mindrazer
Resolve Stack: Nekusar, the Mindrazer - Creature 2 / 4
Phase: Ai(2)-mm-nekusar-discard's End step
Phase: Ai(2)-mm-nekusar-discard's Cleanup step
Discard: Ai(2)-mm-nekusar-discard discards Mountain (185).
Discard: Ai(2)-mm-nekusar-discard discards Swamp (162).
Discard: Ai(2)-mm-nekusar-discard discards Island (141).
Discard: Ai(2)-mm-nekusar-discard discards Arcane Signet (195).
Turn: Turn 36 (Ai(1)-mm-giada-angels)
Phase: Ai(1)-mm-giada-angels' Untap step
Phase: Ai(1)-mm-giada-angels' Upkeep step
Mana: Plains (93) - {T}: Add {W}.
Mana: Path of Ancestry (12) - {T}: Add one mana of any color in your commander's color identity. When that mana is spent to cast a creature spell that shares a creature type with your commander, scry 1. (Look at the top card of your library. You may put that card on the bottom.)
Mana: Plains (89) - {T}: Add {W}.
Mana: Plains (71) - {T}: Add {W}.
Add To Stack: Ai(1)-mm-giada-angels cast Akroma's Will
Resolve Stack: Akroma's Will (15) -  Creatures you control gain flying, vigilance, and double strike until end of turn.
Phase: Ai(1)-mm-giada-angels' Draw step
Add To Stack: Ai(2)-mm-nekusar-discard triggered Nekusar, the Mindrazer
Add To Stack: Ai(2)-mm-nekusar-discard triggered Nekusar, the Mindrazer
Resolve Stack: At the beginning of each player's draw step, that player draws an additional card. [Phase: Ai(1)-mm-giada-angels]
Add To Stack: Ai(2)-mm-nekusar-discard triggered Nekusar, the Mindrazer
Damage: Nekusar, the Mindrazer (201) deals 1 non-combat damage to Ai(1)-mm-giada-angels.
Life: Life: Ai(1)-mm-giada-angels 10 > 9
Resolve Stack: Whenever an opponent draws a card, Nekusar, the Mindrazer deals 1 damage to that player. [Player: Ai(1)-mm-giada-angels]
Damage: Nekusar, the Mindrazer (201) deals 1 non-combat damage to Ai(1)-mm-giada-angels.
Life: Life: Ai(1)-mm-giada-angels 9 > 8
Resolve Stack: Whenever an opponent draws a card, Nekusar, the Mindrazer deals 1 damage to that player. [Player: Ai(1)-mm-giada-angels]
Phase: Ai(1)-mm-giada-angels' Main phase, precombat
Land: Ai(1)-mm-giada-angels played Plains (70)
Mana: Plains (72) - {T}: Add {W}.
Mana: Plains (76) - {T}: Add {W}.
Mana: Plains (78) - {T}: Add {W}.
Mana: Plains (69) - {T}: Add {W}.
Add To Stack: Ai(1)-mm-giada-angels cast Giada, Font of Hope
Resolve Stack: Giada, Font of Hope - Creature 2 / 2
Mana: Plains (70) - {T}: Add {W}.
Add To Stack: Ai(1)-mm-giada-angels activated Swiftfoot Boots targeting [Archangel of Thune (35)]
Resolve Stack: Swiftfoot Boots (41) -  Attach to Archangel of Thune (35)
Phase: Ai(1)-mm-giada-angels' Beginning of Combat Step
Phase: Ai(1)-mm-giada-angels' Declare Attackers Step
Combat: Ai(1)-mm-giada-angels assigned Archangel of Thune (35) to attack Ai(2)-mm-nekusar-discard.
Phase: Ai(1)-mm-giada-angels' Declare Blockers Step
Combat: Ai(2)-mm-nekusar-discard didn't block Archangel of Thune (35).
Phase: Ai(1)-mm-giada-angels' First Strike Damage Step
Damage: Archangel of Thune (35) deals 4 combat damage to Ai(2)-mm-nekusar-discard.
Life: Life: Ai(1)-mm-giada-angels 8 > 12
Life: Life: Ai(2)-mm-nekusar-discard 26 > 22
Add To Stack: Ai(1)-mm-giada-angels triggered Archangel of Thune
Resolve Stack: Whenever you gain life, put a +1/+1 counter on each creature you control. [Player: Ai(1)-mm-giada-angels, Gained Amount: 4]
Phase: Ai(1)-mm-giada-angels' Combat Damage Step
Damage: Archangel of Thune (35) deals 5 combat damage to Ai(2)-mm-nekusar-discard.
Life: Life: Ai(1)-mm-giada-angels 12 > 17
Life: Life: Ai(2)-mm-nekusar-discard 22 > 17
Add To Stack: Ai(1)-mm-giada-angels triggered Archangel of Thune
Resolve Stack: Whenever you gain life, put a +1/+1 counter on each creature you control. [Player: Ai(1)-mm-giada-angels, Gained Amount: 5]
Phase: Ai(1)-mm-giada-angels' End of Combat Step
Phase: Ai(1)-mm-giada-angels' Main phase, postcombat
Phase: Ai(1)-mm-giada-angels' End step
Phase: Ai(1)-mm-giada-angels' Cleanup step
Turn: Turn 37 (Ai(2)-mm-nekusar-discard)
Phase: Ai(2)-mm-nekusar-discard's Untap step
Phase: Ai(2)-mm-nekusar-discard's Upkeep step
Phase: Ai(2)-mm-nekusar-discard's Draw step
Add To Stack: Ai(2)-mm-nekusar-discard triggered Nekusar, the Mindrazer
Resolve Stack: At the beginning of each player's draw step, that player draws an additional card. [Phase: Ai(2)-mm-nekusar-discard]
Phase: Ai(2)-mm-nekusar-discard's Main phase, precombat
Phase: Ai(2)-mm-nekusar-discard's Beginning of Combat Step
Phase: Ai(2)-mm-nekusar-discard's Declare Attackers Step
Phase: Ai(2)-mm-nekusar-discard's Declare Blockers Step
Phase: Ai(2)-mm-nekusar-discard's First Strike Damage Step
Phase: Ai(2)-mm-nekusar-discard's Combat Damage Step
Phase: Ai(2)-mm-nekusar-discard's End of Combat Step
Phase: Ai(2)-mm-nekusar-discard's Main phase, postcombat
Replacement Effect: Bojuka Bog enters tapped.
Land: Ai(2)-mm-nekusar-discard played Bojuka Bog (151)
Add To Stack: Ai(2)-mm-nekusar-discard triggered Bojuka Bog targeting [Ai(1)-mm-giada-angels]
Resolve Stack: When Bojuka Bog enters, exile all cards from target player's graveyard. (Targeting: [[Ai(1)-mm-giada-angels]]) [Zone Changer: Bojuka Bog (151)]
Mana: Mountain (188) - {T}: Add {R}.
Mana: Luxury Suite (143) - {T}: Add {B} or {R}.
Add To Stack: Ai(2)-mm-nekusar-discard cast Razorkin Needlehead
Resolve Stack: Razorkin Needlehead - Creature 2 / 2
Mana: Island (139) - {T}: Add {U}.
Mana: Swamp (158) - {T}: Add {B}.
Mana: Island (137) - {T}: Add {U}.
Mana: Morphic Pool (150) - {T}: Add {U} or {B}.
Add To Stack: Ai(2)-mm-nekusar-discard cast Wheel and Deal targeting [Ai(1)-mm-giada-angels]
Discard: Ai(1)-mm-giada-angels discards Flare of Fortitude (33).
Discard: Ai(1)-mm-giada-angels discards Angelic Field Marshal (6).
Discard: Ai(1)-mm-giada-angels discards Austere Command (37).
Discard: Ai(1)-mm-giada-angels discards Bruna, the Fading Light (48).
Discard: Ai(1)-mm-giada-angels discards Avacyn, Angel of Hope (51).
Discard: Ai(1)-mm-giada-angels discards Brave the Elements (94).
Discard: Ai(1)-mm-giada-angels discards Plains (88).
Resolve Stack: Wheel and Deal (107) - Ai(1)-mm-giada-angels discards their hand. Ai(1)-mm-giada-angels draws seven cards. Ai(2)-mm-nekusar-discard draws a card.
Add To Stack: Ai(2)-mm-nekusar-discard triggered Megrim
Add To Stack: Ai(2)-mm-nekusar-discard triggered Megrim
Add To Stack: Ai(2)-mm-nekusar-discard triggered Megrim
Add To Stack: Ai(2)-mm-nekusar-discard triggered Megrim
Add To Stack: Ai(2)-mm-nekusar-discard triggered Megrim
Add To Stack: Ai(2)-mm-nekusar-discard triggered Megrim
Add To Stack: Ai(2)-mm-nekusar-discard triggered Waste Not
Add To Stack: Ai(2)-mm-nekusar-discard triggered Megrim
Add To Stack: Ai(2)-mm-nekusar-discard triggered Nekusar, the Mindrazer
Add To Stack: Ai(2)-mm-nekusar-discard triggered Razorkin Needlehead
Add To Stack: Ai(2)-mm-nekusar-discard triggered Nekusar, the Mindrazer
Add To Stack: Ai(2)-mm-nekusar-discard triggered Razorkin Needlehead
Add To Stack: Ai(2)-mm-nekusar-discard triggered Nekusar, the Mindrazer
Add To Stack: Ai(2)-mm-nekusar-discard triggered Razorkin Needlehead
Add To Stack: Ai(2)-mm-nekusar-discard triggered Nekusar, the Mindrazer
Add To Stack: Ai(2)-mm-nekusar-discard triggered Razorkin Needlehead
Add To Stack: Ai(2)-mm-nekusar-discard triggered Nekusar, the Mindrazer
Add To Stack: Ai(2)-mm-nekusar-discard triggered Razorkin Needlehead
Add To Stack: Ai(2)-mm-nekusar-discard triggered Nekusar, the Mindrazer
Add To Stack: Ai(2)-mm-nekusar-discard triggered Razorkin Needlehead
Add To Stack: Ai(2)-mm-nekusar-discard triggered Nekusar, the Mindrazer
Add To Stack: Ai(2)-mm-nekusar-discard triggered Razorkin Needlehead
Add To Stack: Ai(2)-mm-nekusar-discard triggered Waste Not
Add To Stack: Ai(2)-mm-nekusar-discard triggered Waste Not
Add To Stack: Ai(2)-mm-nekusar-discard triggered Waste Not
Add To Stack: Ai(2)-mm-nekusar-discard triggered Waste Not
Add To Stack: Ai(2)-mm-nekusar-discard triggered Waste Not
Add To Stack: Ai(2)-mm-nekusar-discard triggered Waste Not
Resolve Stack: Whenever an opponent discards a creature card, create a 2/2 black Zombie creature token. [Discarded: Avacyn, Angel of Hope (51), Cause: Any number of target opponents each discard their hands, then draw seven cards.  Draw a card.]
Resolve Stack: Whenever an opponent discards a creature card, create a 2/2 black Zombie creature token. [Discarded: Bruna, the Fading Light (48), Cause: Any number of target opponents each discard their hands, then draw seven cards.  Draw a card.]
Resolve Stack: Whenever an opponent discards a creature card, create a 2/2 black Zombie creature token. [Discarded: Angelic Field Marshal (6), Cause: Any number of target opponents each discard their hands, then draw seven cards.  Draw a card.]
Resolve Stack: Whenever an opponent discards a noncreature, nonland card, draw a card. [Discarded: Brave the Elements (94), Cause: Any number of target opponents each discard their hands, then draw seven cards.  Draw a card.]
Resolve Stack: Whenever an opponent discards a noncreature, nonland card, draw a card. [Discarded: Austere Command (37), Cause: Any number of target opponents each discard their hands, then draw seven cards.  Draw a card.]
Resolve Stack: Whenever an opponent discards a noncreature, nonland card, draw a card. [Discarded: Flare of Fortitude (33), Cause: Any number of target opponents each discard their hands, then draw seven cards.  Draw a card.]
Damage: Razorkin Needlehead (132) deals 1 non-combat damage to Ai(1)-mm-giada-angels.
Life: Life: Ai(1)-mm-giada-angels 17 > 16
Resolve Stack: Whenever an opponent draws a card, Razorkin Needlehead deals 1 damage to them. [Player: Ai(1)-mm-giada-angels]
Damage: Nekusar, the Mindrazer (201) deals 1 non-combat damage to Ai(1)-mm-giada-angels.
Life: Life: Ai(1)-mm-giada-angels 16 > 15
Resolve Stack: Whenever an opponent draws a card, Nekusar, the Mindrazer deals 1 damage to that player. [Player: Ai(1)-mm-giada-angels]
Damage: Razorkin Needlehead (132) deals 1 non-combat damage to Ai(1)-mm-giada-angels.
Life: Life: Ai(1)-mm-giada-angels 15 > 14
Resolve Stack: Whenever an opponent draws a card, Razorkin Needlehead deals 1 damage to them. [Player: Ai(1)-mm-giada-angels]
Damage: Nekusar, the Mindrazer (201) deals 1 non-combat damage to Ai(1)-mm-giada-angels.
Life: Life: Ai(1)-mm-giada-angels 14 > 13
Resolve Stack: Whenever an opponent draws a card, Nekusar, the Mindrazer deals 1 damage to that player. [Player: Ai(1)-mm-giada-angels]
Damage: Razorkin Needlehead (132) deals 1 non-combat damage to Ai(1)-mm-giada-angels.
Life: Life: Ai(1)-mm-giada-angels 13 > 12
Resolve Stack: Whenever an opponent draws a card, Razorkin Needlehead deals 1 damage to them. [Player: Ai(1)-mm-giada-angels]
Damage: Nekusar, the Mindrazer (201) deals 1 non-combat damage to Ai(1)-mm-giada-angels.
Life: Life: Ai(1)-mm-giada-angels 12 > 11
Resolve Stack: Whenever an opponent draws a card, Nekusar, the Mindrazer deals 1 damage to that player. [Player: Ai(1)-mm-giada-angels]
Damage: Razorkin Needlehead (132) deals 1 non-combat damage to Ai(1)-mm-giada-angels.
Life: Life: Ai(1)-mm-giada-angels 11 > 10
Resolve Stack: Whenever an opponent draws a card, Razorkin Needlehead deals 1 damage to them. [Player: Ai(1)-mm-giada-angels]
Damage: Nekusar, the Mindrazer (201) deals 1 non-combat damage to Ai(1)-mm-giada-angels.
Life: Life: Ai(1)-mm-giada-angels 10 > 9
Resolve Stack: Whenever an opponent draws a card, Nekusar, the Mindrazer deals 1 damage to that player. [Player: Ai(1)-mm-giada-angels]
Damage: Razorkin Needlehead (132) deals 1 non-combat damage to Ai(1)-mm-giada-angels.
Life: Life: Ai(1)-mm-giada-angels 9 > 8
Resolve Stack: Whenever an opponent draws a card, Razorkin Needlehead deals 1 damage to them. [Player: Ai(1)-mm-giada-angels]
Damage: Nekusar, the Mindrazer (201) deals 1 non-combat damage to Ai(1)-mm-giada-angels.
Life: Life: Ai(1)-mm-giada-angels 8 > 7
Resolve Stack: Whenever an opponent draws a card, Nekusar, the Mindrazer deals 1 damage to that player. [Player: Ai(1)-mm-giada-angels]
Damage: Razorkin Needlehead (132) deals 1 non-combat damage to Ai(1)-mm-giada-angels.
Life: Life: Ai(1)-mm-giada-angels 7 > 6
Resolve Stack: Whenever an opponent draws a card, Razorkin Needlehead deals 1 damage to them. [Player: Ai(1)-mm-giada-angels]
Damage: Nekusar, the Mindrazer (201) deals 1 non-combat damage to Ai(1)-mm-giada-angels.
Life: Life: Ai(1)-mm-giada-angels 6 > 5
Resolve Stack: Whenever an opponent draws a card, Nekusar, the Mindrazer deals 1 damage to that player. [Player: Ai(1)-mm-giada-angels]
Damage: Razorkin Needlehead (132) deals 1 non-combat damage to Ai(1)-mm-giada-angels.
Life: Life: Ai(1)-mm-giada-angels 5 > 4
Resolve Stack: Whenever an opponent draws a card, Razorkin Needlehead deals 1 damage to them. [Player: Ai(1)-mm-giada-angels]
Damage: Nekusar, the Mindrazer (201) deals 1 non-combat damage to Ai(1)-mm-giada-angels.
Life: Life: Ai(1)-mm-giada-angels 4 > 3
Resolve Stack: Whenever an opponent draws a card, Nekusar, the Mindrazer deals 1 damage to that player. [Player: Ai(1)-mm-giada-angels]
Damage: Megrim (166) deals 2 non-combat damage to Ai(1)-mm-giada-angels.
Life: Life: Ai(1)-mm-giada-angels 3 > 1
Resolve Stack: Whenever an opponent discards a card, Megrim deals 2 damage to that player. [Discarded: Plains (88), Cause: Any number of target opponents each discard their hands, then draw seven cards.  Draw a card.]
Resolve Stack: Whenever an opponent discards a land card, add {B}{B}. [Discarded: Plains (88), Cause: Any number of target opponents each discard their hands, then draw seven cards.  Draw a card.]
Damage: Megrim (166) deals 2 non-combat damage to Ai(1)-mm-giada-angels.
Life: Life: Ai(1)-mm-giada-angels 1 > -1
Resolve Stack: Whenever an opponent discards a card, Megrim deals 2 damage to that player. [Discarded: Brave the Elements (94), Cause: Any number of target opponents each discard their hands, then draw seven cards.  Draw a card.]
Player Control: Ai(1)-mm-giada-angels has restored control over themself
Player Control: Ai(2)-mm-nekusar-discard has restored control over themself
Player Control: Ai(3)-mm-abaddon has restored control over themself
Player Control: Ai(4)-mm-talrand-spells has restored control over themself
Game Outcome: Turn 19
Game Outcome: Ai(1)-mm-giada-angels has lost because life total reached 0
Game Outcome: Ai(2)-mm-nekusar-discard has won because all opponents have lost
Game Outcome: Ai(3)-mm-abaddon has lost because life total reached 0
Game Outcome: Ai(4)-mm-talrand-spells has lost because life total reached 0
Match Result: Ai(1)-mm-giada-angels: 0 Ai(2)-mm-nekusar-discard: 1 Ai(3)-mm-abaddon: 0 Ai(4)-mm-talrand-spells: 0 

Game Result: Game 1 ended in 71991 ms. Ai(2)-mm-nekusar-discard has won!

Warning: default (ie. inherited from base class) implementation of confirmAction is used by Giada, Font of Hope for forge.ai.ability.PermanentCreatureAi. Consider declaring an overloaded method
Warning: default (ie. inherited from base class) implementation of confirmAction is used by Nekusar, the Mindrazer for forge.ai.ability.PermanentCreatureAi. Consider declaring an overloaded method
Warning: default (ie. inherited from base class) implementation of confirmAction is used by Giada, Font of Hope for forge.ai.ability.PermanentCreatureAi. Consider declaring an overloaded method
Warning: default (ie. inherited from base class) implementation of confirmAction is used by Nekusar, the Mindrazer for forge.ai.ability.PermanentCreatureAi. Consider declaring an overloaded method
Warning: default (ie. inherited from base class) implementation of confirmAction is used by Giada, Font of Hope for forge.ai.ability.PermanentCreatureAi. Consider declaring an overloaded method
Warning: default (ie. inherited from base class) implementation of confirmAction is used by Nekusar, the Mindrazer for forge.ai.ability.PermanentCreatureAi. Consider declaring an overloaded method
Warning: default (ie. inherited from base class) implementation of confirmAction is used by Nekusar, the Mindrazer for forge.ai.ability.PermanentCreatureAi. Consider declaring an overloaded method
Mulligan: Ai(1)-mm-giada-angels has mulliganed down to 7 cards.
Mulligan: Ai(3)-mm-abaddon has mulliganed down to 7 cards.
Mulligan: Ai(4)-mm-talrand-spells has mulliganed down to 7 cards.
Mulligan: Ai(1)-mm-giada-angels has kept a hand of 7 cards
Mulligan: Ai(2)-mm-nekusar-discard has kept a hand of 7 cards
Mulligan: Ai(3)-mm-abaddon has kept a hand of 7 cards
Mulligan: Ai(4)-mm-talrand-spells has kept a hand of 7 cards
Turn: Turn 1 (Ai(1)-mm-giada-angels)
Phase: Ai(1)-mm-giada-angels' Untap step
Phase: Ai(1)-mm-giada-angels' Upkeep step
Phase: Ai(1)-mm-giada-angels' Draw step
Phase: Ai(1)-mm-giada-angels' Main phase, precombat
Land: Ai(1)-mm-giada-angels played Plains (90)
Phase: Ai(1)-mm-giada-angels' Beginning of Combat Step
Phase: Ai(1)-mm-giada-angels' Declare Attackers Step
Phase: Ai(1)-mm-giada-angels' Declare Blockers Step
Phase: Ai(1)-mm-giada-angels' First Strike Damage Step
Phase: Ai(1)-mm-giada-angels' Combat Damage Step
Phase: Ai(1)-mm-giada-angels' End of Combat Step
Phase: Ai(1)-mm-giada-angels' Main phase, postcombat
Mana: Plains (90) - {T}: Add {W}.
Add To Stack: Ai(1)-mm-giada-angels cast Land Tax
Resolve Stack: Land Tax
Phase: Ai(1)-mm-giada-angels' End step
Phase: Ai(1)-mm-giada-angels' Cleanup step
Turn: Turn 2 (Ai(2)-mm-nekusar-discard)
Phase: Ai(2)-mm-nekusar-discard's Untap step
Phase: Ai(2)-mm-nekusar-discard's Upkeep step
Phase: Ai(2)-mm-nekusar-discard's Draw step
Phase: Ai(2)-mm-nekusar-discard's Main phase, precombat
Replacement Effect: Sulfur Falls enters tapped unless you control an Island or a Mountain.
Land: Ai(2)-mm-nekusar-discard played Sulfur Falls (130)
Phase: Ai(2)-mm-nekusar-discard's Beginning of Combat Step
Phase: Ai(2)-mm-nekusar-discard's Declare Attackers Step
Phase: Ai(2)-mm-nekusar-discard's Declare Blockers Step
Phase: Ai(2)-mm-nekusar-discard's First Strike Damage Step
Phase: Ai(2)-mm-nekusar-discard's Combat Damage Step
Phase: Ai(2)-mm-nekusar-discard's End of Combat Step
Phase: Ai(2)-mm-nekusar-discard's Main phase, postcombat
Phase: Ai(2)-mm-nekusar-discard's End step
Phase: Ai(2)-mm-nekusar-discard's Cleanup step
Turn: Turn 3 (Ai(3)-mm-abaddon)
Phase: Ai(3)-mm-abaddon's Untap step
Phase: Ai(3)-mm-abaddon's Upkeep step
Phase: Ai(3)-mm-abaddon's Draw step
Phase: Ai(3)-mm-abaddon's Main phase, precombat
Replacement Effect: As Steam Vents enters, you may pay 2 life. If you don't, it enters tapped.
Land: Ai(3)-mm-abaddon played Steam Vents (260)
Phase: Ai(3)-mm-abaddon's Beginning of Combat Step
Phase: Ai(3)-mm-abaddon's Declare Attackers Step
Phase: Ai(3)-mm-abaddon's Declare Blockers Step
Phase: Ai(3)-mm-abaddon's First Strike Damage Step
Phase: Ai(3)-mm-abaddon's Combat Damage Step
Phase: Ai(3)-mm-abaddon's End of Combat Step
Phase: Ai(3)-mm-abaddon's Main phase, postcombat
Phase: Ai(3)-mm-abaddon's End step
Phase: Ai(3)-mm-abaddon's Cleanup step
Turn: Turn 4 (Ai(4)-mm-talrand-spells)
Phase: Ai(4)-mm-talrand-spells' Untap step
Phase: Ai(4)-mm-talrand-spells' Upkeep step
Phase: Ai(4)-mm-talrand-spells' Draw step
Phase: Ai(4)-mm-talrand-spells' Main phase, precombat
Land: Ai(4)-mm-talrand-spells played Island (339)
Phase: Ai(4)-mm-talrand-spells' Beginning of Combat Step
Phase: Ai(4)-mm-talrand-spells' Declare Attackers Step
Phase: Ai(4)-mm-talrand-spells' Declare Blockers Step
Phase: Ai(4)-mm-talrand-spells' First Strike Damage Step
Phase: Ai(4)-mm-talrand-spells' Combat Damage Step
Phase: Ai(4)-mm-talrand-spells' End of Combat Step
Phase: Ai(4)-mm-talrand-spells' Main phase, postcombat
Phase: Ai(4)-mm-talrand-spells' End step
Phase: Ai(4)-mm-talrand-spells' Cleanup step
Turn: Turn 5 (Ai(1)-mm-giada-angels)
Phase: Ai(1)-mm-giada-angels' Untap step
Phase: Ai(1)-mm-giada-angels' Upkeep step
Phase: Ai(1)-mm-giada-angels' Draw step
Phase: Ai(1)-mm-giada-angels' Main phase, precombat
Land: Ai(1)-mm-giada-angels played Plains (81)
Phase: Ai(1)-mm-giada-angels' Beginning of Combat Step
Phase: Ai(1)-mm-giada-angels' Declare Attackers Step
Phase: Ai(1)-mm-giada-angels' Declare Blockers Step
Phase: Ai(1)-mm-giada-angels' First Strike Damage Step
Phase: Ai(1)-mm-giada-angels' Combat Damage Step
Phase: Ai(1)-mm-giada-angels' End of Combat Step
Phase: Ai(1)-mm-giada-angels' Main phase, postcombat
Mana: Plains (90) - {T}: Add {W}.
Mana: Plains (81) - {T}: Add {W}.
Add To Stack: Ai(1)-mm-giada-angels cast Giada, Font of Hope
Resolve Stack: Giada, Font of Hope - Creature 2 / 2
Phase: Ai(1)-mm-giada-angels' End step
Phase: Ai(1)-mm-giada-angels' Cleanup step
Turn: Turn 6 (Ai(2)-mm-nekusar-discard)
Phase: Ai(2)-mm-nekusar-discard's Untap step
Phase: Ai(2)-mm-nekusar-discard's Upkeep step
Phase: Ai(2)-mm-nekusar-discard's Draw step
Phase: Ai(2)-mm-nekusar-discard's Main phase, precombat
Replacement Effect: Luxury Suite enters tapped unless you have two or more opponents.
Land: Ai(2)-mm-nekusar-discard played Luxury Suite (143)
Mana: Luxury Suite (143) - {T}: Add {B} or {R}.
Mana: Sulfur Falls (130) - {T}: Add {U} or {R}.
Add To Stack: Ai(2)-mm-nekusar-discard cast Terminate targeting [Giada, Font of Hope (100)]
Zone Change: Giada, Font of Hope (100) was put into Graveyard from Battlefield.
Resolve Stack: Terminate (168) - Destroy Giada, Font of Hope (100). It can't be regenerated.
Phase: Ai(2)-mm-nekusar-discard's Beginning of Combat Step
Phase: Ai(2)-mm-nekusar-discard's Declare Attackers Step
Phase: Ai(2)-mm-nekusar-discard's Declare Blockers Step
Phase: Ai(2)-mm-nekusar-discard's First Strike Damage Step
Phase: Ai(2)-mm-nekusar-discard's Combat Damage Step
Phase: Ai(2)-mm-nekusar-discard's End of Combat Step
Phase: Ai(2)-mm-nekusar-discard's Main phase, postcombat
Phase: Ai(2)-mm-nekusar-discard's End step
Phase: Ai(2)-mm-nekusar-discard's Cleanup step
Turn: Turn 7 (Ai(3)-mm-abaddon)
Phase: Ai(3)-mm-abaddon's Untap step
Phase: Ai(3)-mm-abaddon's Upkeep step
Phase: Ai(3)-mm-abaddon's Draw step
Phase: Ai(3)-mm-abaddon's Main phase, precombat
Land: Ai(3)-mm-abaddon played Swamp (249)
Phase: Ai(3)-mm-abaddon's Beginning of Combat Step
Phase: Ai(3)-mm-abaddon's Declare Attackers Step
Phase: Ai(3)-mm-abaddon's Declare Blockers Step
Phase: Ai(3)-mm-abaddon's First Strike Damage Step
Phase: Ai(3)-mm-abaddon's Combat Damage Step
Phase: Ai(3)-mm-abaddon's End of Combat Step
Phase: Ai(3)-mm-abaddon's Main phase, postcombat
Mana: Swamp (249) - {T}: Add {B}.
Mana: Steam Vents (260) - {T}: Add {R}.
Resolve Stack: Ai(3)-mm-abaddon has foretold.
Phase: Ai(3)-mm-abaddon's End step
Phase: Ai(3)-mm-abaddon's Cleanup step
Turn: Turn 8 (Ai(4)-mm-talrand-spells)
Phase: Ai(4)-mm-talrand-spells' Untap step
Phase: Ai(4)-mm-talrand-spells' Upkeep step
Phase: Ai(4)-mm-talrand-spells' Draw step
Phase: Ai(4)-mm-talrand-spells' Main phase, precombat
Land: Ai(4)-mm-talrand-spells played Island (350)
Phase: Ai(4)-mm-talrand-spells' Beginning of Combat Step
Phase: Ai(4)-mm-talrand-spells' Declare Attackers Step
Phase: Ai(4)-mm-talrand-spells' Declare Blockers Step
Phase: Ai(4)-mm-talrand-spells' First Strike Damage Step
Phase: Ai(4)-mm-talrand-spells' Combat Damage Step
Phase: Ai(4)-mm-talrand-spells' End of Combat Step
Phase: Ai(4)-mm-talrand-spells' Main phase, postcombat
Mana: Island (339) - {T}: Add {U}.
Mana: Island (350) - {T}: Add {U}.
Resolve Stack: Ai(4)-mm-talrand-spells has foretold.
Phase: Ai(4)-mm-talrand-spells' End step
Phase: Ai(4)-mm-talrand-spells' Cleanup step
Turn: Turn 9 (Ai(1)-mm-giada-angels)
Phase: Ai(1)-mm-giada-angels' Untap step
Phase: Ai(1)-mm-giada-angels' Upkeep step
Phase: Ai(1)-mm-giada-angels' Draw step
Phase: Ai(1)-mm-giada-angels' Main phase, precombat
Land: Ai(1)-mm-giada-angels played Plains (73)
Phase: Ai(1)-mm-giada-angels' Beginning of Combat Step
Phase: Ai(1)-mm-giada-angels' Declare Attackers Step
Phase: Ai(1)-mm-giada-angels' Declare Blockers Step
Phase: Ai(1)-mm-giada-angels' First Strike Damage Step
Phase: Ai(1)-mm-giada-angels' Combat Damage Step
Phase: Ai(1)-mm-giada-angels' End of Combat Step
Phase: Ai(1)-mm-giada-angels' Main phase, postcombat
Mana: Plains (90) - {T}: Add {W}.
Mana: Plains (81) - {T}: Add {W}.
Mana: Plains (73) - {T}: Add {W}.
Add To Stack: Ai(1)-mm-giada-angels cast Inspiring Overseer
Resolve Stack: Inspiring Overseer - Creature 2 / 1
Add To Stack: Ai(1)-mm-giada-angels triggered Inspiring Overseer
Life: Life: Ai(1)-mm-giada-angels 40 > 41
Resolve Stack: When Inspiring Overseer enters, you gain 1 life and draw a card. [Zone Changer: Inspiring Overseer (11)]
Phase: Ai(1)-mm-giada-angels' End step
Phase: Ai(1)-mm-giada-angels' Cleanup step
Turn: Turn 10 (Ai(2)-mm-nekusar-discard)
Phase: Ai(2)-mm-nekusar-discard's Untap step
Phase: Ai(2)-mm-nekusar-discard's Upkeep step
Phase: Ai(2)-mm-nekusar-discard's Draw step
Phase: Ai(2)-mm-nekusar-discard's Main phase, precombat
Land: Ai(2)-mm-nekusar-discard played Swamp (162)
Phase: Ai(2)-mm-nekusar-discard's Beginning of Combat Step
Phase: Ai(2)-mm-nekusar-discard's Declare Attackers Step
Phase: Ai(2)-mm-nekusar-discard's Declare Blockers Step
Phase: Ai(2)-mm-nekusar-discard's First Strike Damage Step
Phase: Ai(2)-mm-nekusar-discard's Combat Damage Step
Phase: Ai(2)-mm-nekusar-discard's End of Combat Step
Phase: Ai(2)-mm-nekusar-discard's Main phase, postcombat
Mana: Swamp (162) - {T}: Add {B}.
Mana: Sulfur Falls (130) - {T}: Add {U} or {R}.
Add To Stack: Ai(2)-mm-nekusar-discard cast Talisman of Dominance
Resolve Stack: Talisman of Dominance
Phase: Ai(2)-mm-nekusar-discard's End step
Phase: Ai(2)-mm-nekusar-discard's Cleanup step
Turn: Turn 11 (Ai(3)-mm-abaddon)
Phase: Ai(3)-mm-abaddon's Untap step
Phase: Ai(3)-mm-abaddon's Upkeep step
Phase: Ai(3)-mm-abaddon's Draw step
Phase: Ai(3)-mm-abaddon's Main phase, precombat
Land: Ai(3)-mm-abaddon played Mountain (289)
Phase: Ai(3)-mm-abaddon's Beginning of Combat Step
Phase: Ai(3)-mm-abaddon's Declare Attackers Step
Phase: Ai(3)-mm-abaddon's Declare Blockers Step
Phase: Ai(3)-mm-abaddon's First Strike Damage Step
Phase: Ai(3)-mm-abaddon's Combat Damage Step
Phase: Ai(3)-mm-abaddon's End of Combat Step
Phase: Ai(3)-mm-abaddon's Main phase, postcombat
Mana: Steam Vents (260) - {T}: Add {U}.
Mana: Mountain (289) - {T}: Add {R}.
Mana: Swamp (249) - {T}: Add {B}.
Add To Stack: Ai(3)-mm-abaddon cast The Lost and the Damned
Damage: Talisman of Dominance (102) deals 1 non-combat damage to Ai(2)-mm-nekusar-discard.
Life: Life: Ai(2)-mm-nekusar-discard 40 > 39
Mana: Talisman of Dominance (102) - {T}: Add {U} or {B}. Talisman of Dominance deals 1 damage to you. 
Mana: Luxury Suite (143) - {T}: Add {B} or {R}.
Add To Stack: Ai(2)-mm-nekusar-discard cast Arcane Denial targeting [The Lost and the Damned]
Zone Change: Send countered spell to Graveyard
Resolve Stack: Arcane Denial (170) - Counter The Lost and the Damned (266). Draw a card. Draw up to two cards. 
Phase: Ai(3)-mm-abaddon's End step
Phase: Ai(3)-mm-abaddon's Cleanup step
Turn: Turn 12 (Ai(4)-mm-talrand-spells)
Phase: Ai(4)-mm-talrand-spells' Untap step
Phase: Ai(4)-mm-talrand-spells' Upkeep step
Add To Stack: Ai(2)-mm-nekusar-discard triggered Arcane Denial
Add To Stack: Ai(2)-mm-nekusar-discard triggered Arcane Denial
Resolve Stack: Draw up to two cards. ([Ai(3)-mm-abaddon]) [Phase: Ai(4)-mm-talrand-spells]
Resolve Stack: Draw a card. [Phase: Ai(4)-mm-talrand-spells]
Phase: Ai(4)-mm-talrand-spells' Draw step
Phase: Ai(4)-mm-talrand-spells' Main phase, precombat
Land: Ai(4)-mm-talrand-spells played Island (337)
Mana: Island (339) - {T}: Add {U}.
Add To Stack: Ai(4)-mm-talrand-spells cast Ravenform targeting [Inspiring Overseer (11)]
Zone Change: Inspiring Overseer (11) was put into Exile from Battlefield.
Resolve Stack: Ravenform (375) - Exile Inspiring Overseer (11). (Foretold) 
Phase: Ai(4)-mm-talrand-spells' Beginning of Combat Step
Phase: Ai(4)-mm-talrand-spells' Declare Attackers Step
Phase: Ai(4)-mm-talrand-spells' Declare Blockers Step
Phase: Ai(4)-mm-talrand-spells' First Strike Damage Step
Phase: Ai(4)-mm-talrand-spells' Combat Damage Step
Phase: Ai(4)-mm-talrand-spells' End of Combat Step
Phase: Ai(4)-mm-talrand-spells' Main phase, postcombat
Phase: Ai(4)-mm-talrand-spells' End step
Phase: Ai(4)-mm-talrand-spells' Cleanup step
Turn: Turn 13 (Ai(1)-mm-giada-angels)
Phase: Ai(1)-mm-giada-angels' Untap step
Phase: Ai(1)-mm-giada-angels' Upkeep step
Phase: Ai(1)-mm-giada-angels' Draw step
Phase: Ai(1)-mm-giada-angels' Main phase, precombat
Land: Ai(1)-mm-giada-angels played Plains (84)
Mana: Plains (90) - {T}: Add {W}.
Mana: Plains (81) - {T}: Add {W}.
Mana: Plains (73) - {T}: Add {W}.
Mana: Plains (84) - {T}: Add {W}.
Add To Stack: Ai(1)-mm-giada-angels cast Linvala, Keeper of Silence
Mana: Island (350) - {T}: Add {U}.
Mana: Island (337) - {T}: Add {U}.
Add To Stack: Ai(4)-mm-talrand-spells cast Counterspell targeting [Linvala, Keeper of Silence - Creature 3 / 4]
Zone Change: Send countered spell to Graveyard
Resolve Stack: Counterspell (323) - Counter Linvala, Keeper of Silence (21).
Phase: Ai(1)-mm-giada-angels' Beginning of Combat Step
Phase: Ai(1)-mm-giada-angels' Declare Attackers Step
Combat: Ai(1)-mm-giada-angels assigned Bird Token (411) to attack Ai(2)-mm-nekusar-discard.
Phase: Ai(1)-mm-giada-angels' Declare Blockers Step
Combat: Ai(2)-mm-nekusar-discard didn't block Bird Token (411).
Phase: Ai(1)-mm-giada-angels' First Strike Damage Step
Phase: Ai(1)-mm-giada-angels' Combat Damage Step
Damage: Bird Token (411) deals 1 combat damage to Ai(2)-mm-nekusar-discard.
Life: Life: Ai(2)-mm-nekusar-discard 39 > 38
Phase: Ai(1)-mm-giada-angels' End of Combat Step
Phase: Ai(1)-mm-giada-angels' Main phase, postcombat
Phase: Ai(1)-mm-giada-angels' End step
Phase: Ai(1)-mm-giada-angels' Cleanup step
Turn: Turn 14 (Ai(2)-mm-nekusar-discard)
Phase: Ai(2)-mm-nekusar-discard's Untap step
Phase: Ai(2)-mm-nekusar-discard's Upkeep step
Phase: Ai(2)-mm-nekusar-discard's Draw step
Phase: Ai(2)-mm-nekusar-discard's Main phase, precombat
Replacement Effect: Dragonskull Summit enters tapped unless you control a Swamp or a Mountain.
Land: Ai(2)-mm-nekusar-discard played Dragonskull Summit (153)
Phase: Ai(2)-mm-nekusar-discard's Beginning of Combat Step
Phase: Ai(2)-mm-nekusar-discard's Declare Attackers Step
Phase: Ai(2)-mm-nekusar-discard's Declare Blockers Step
Phase: Ai(2)-mm-nekusar-discard's First Strike Damage Step
Phase: Ai(2)-mm-nekusar-discard's Combat Damage Step
Phase: Ai(2)-mm-nekusar-discard's End of Combat Step
Phase: Ai(2)-mm-nekusar-discard's Main phase, postcombat
Mana: Sulfur Falls (130) - {T}: Add {U} or {R}.
Mana: Luxury Suite (143) - {T}: Add {B} or {R}.
Mana: Swamp (162) - {T}: Add {B}.
Mana: Dragonskull Summit (153) - {T}: Add {B} or {R}.
Mana: Talisman of Dominance (102) - {T}: Add {C}.
Add To Stack: Ai(2)-mm-nekusar-discard cast Nekusar, the Mindrazer
Resolve Stack: Nekusar, the Mindrazer - Creature 2 / 4
Phase: Ai(2)-mm-nekusar-discard's End step
Phase: Ai(2)-mm-nekusar-discard's Cleanup step
Turn: Turn 15 (Ai(3)-mm-abaddon)
Phase: Ai(3)-mm-abaddon's Untap step
Phase: Ai(3)-mm-abaddon's Upkeep step
Phase: Ai(3)-mm-abaddon's Draw step
Add To Stack: Ai(2)-mm-nekusar-discard triggered Nekusar, the Mindrazer
Add To Stack: Ai(2)-mm-nekusar-discard triggered Nekusar, the Mindrazer
Resolve Stack: At the beginning of each player's draw step, that player draws an additional card. [Phase: Ai(3)-mm-abaddon]
Add To Stack: Ai(2)-mm-nekusar-discard triggered Nekusar, the Mindrazer
Damage: Nekusar, the Mindrazer (201) deals 1 non-combat damage to Ai(3)-mm-abaddon.
Life: Life: Ai(3)-mm-abaddon 40 > 39
Resolve Stack: Whenever an opponent draws a card, Nekusar, the Mindrazer deals 1 damage to that player. [Player: Ai(3)-mm-abaddon]
Damage: Nekusar, the Mindrazer (201) deals 1 non-combat damage to Ai(3)-mm-abaddon.
Life: Life: Ai(3)-mm-abaddon 39 > 38
Resolve Stack: Whenever an opponent draws a card, Nekusar, the Mindrazer deals 1 damage to that player. [Player: Ai(3)-mm-abaddon]
Phase: Ai(3)-mm-abaddon's Main phase, precombat
Land: Ai(3)-mm-abaddon played Shivan Reef (240)
Phase: Ai(3)-mm-abaddon's Beginning of Combat Step
Phase: Ai(3)-mm-abaddon's Declare Attackers Step
Phase: Ai(3)-mm-abaddon's Declare Blockers Step
Phase: Ai(3)-mm-abaddon's First Strike Damage Step
Phase: Ai(3)-mm-abaddon's Combat Damage Step
Phase: Ai(3)-mm-abaddon's End of Combat Step
Phase: Ai(3)-mm-abaddon's Main phase, postcombat
Mana: Swamp (249) - {T}: Add {B}.
Mana: Mountain (289) - {T}: Add {R}.
Mana: Steam Vents (260) - {T}: Add {R}.
Add To Stack: Ai(3)-mm-abaddon cast Chromatic Lantern
Add To Stack: Ai(2)-mm-nekusar-discard cast Fierce Guardianship targeting [Chromatic Lantern]
Zone Change: Send countered spell to Graveyard
Resolve Stack: Fierce Guardianship (128) - Counter Chromatic Lantern (299).
Phase: Ai(3)-mm-abaddon's End step
Phase: Ai(3)-mm-abaddon's Cleanup step
Turn: Turn 16 (Ai(4)-mm-talrand-spells)
Phase: Ai(4)-mm-talrand-spells' Untap step
Phase: Ai(4)-mm-talrand-spells' Upkeep step
Phase: Ai(4)-mm-talrand-spells' Draw step
Add To Stack: Ai(2)-mm-nekusar-discard triggered Nekusar, the Mindrazer
Add To Stack: Ai(2)-mm-nekusar-discard triggered Nekusar, the Mindrazer
Resolve Stack: At the beginning of each player's draw step, that player draws an additional card. [Phase: Ai(4)-mm-talrand-spells]
Add To Stack: Ai(2)-mm-nekusar-discard triggered Nekusar, the Mindrazer
Damage: Nekusar, the Mindrazer (201) deals 1 non-combat damage to Ai(4)-mm-talrand-spells.
Life: Life: Ai(4)-mm-talrand-spells 40 > 39
Resolve Stack: Whenever an opponent draws a card, Nekusar, the Mindrazer deals 1 damage to that player. [Player: Ai(4)-mm-talrand-spells]
Damage: Nekusar, the Mindrazer (201) deals 1 non-combat damage to Ai(4)-mm-talrand-spells.
Life: Life: Ai(4)-mm-talrand-spells 39 > 38
Resolve Stack: Whenever an opponent draws a card, Nekusar, the Mindrazer deals 1 damage to that player. [Player: Ai(4)-mm-talrand-spells]
Phase: Ai(4)-mm-talrand-spells' Main phase, precombat
Land: Ai(4)-mm-talrand-spells played Island (349)
Phase: Ai(4)-mm-talrand-spells' Beginning of Combat Step
Phase: Ai(4)-mm-talrand-spells' Declare Attackers Step
Phase: Ai(4)-mm-talrand-spells' Declare Blockers Step
Phase: Ai(4)-mm-talrand-spells' First Strike Damage Step
Phase: Ai(4)-mm-talrand-spells' Combat Damage Step
Phase: Ai(4)-mm-talrand-spells' End of Combat Step
Phase: Ai(4)-mm-talrand-spells' Main phase, postcombat
Mana: Island (339) - {T}: Add {U}.
Mana: Island (350) - {T}: Add {U}.
Mana: Island (337) - {T}: Add {U}.
Mana: Island (349) - {T}: Add {U}.
Add To Stack: Ai(4)-mm-talrand-spells cast Alandra, Sky Dreamer
Resolve Stack: Alandra, Sky Dreamer - Creature 2 / 4
Phase: Ai(4)-mm-talrand-spells' End step
Phase: Ai(4)-mm-talrand-spells' Cleanup step
Turn: Turn 17 (Ai(1)-mm-giada-angels)
Phase: Ai(1)-mm-giada-angels' Untap step
Phase: Ai(1)-mm-giada-angels' Upkeep step
Phase: Ai(1)-mm-giada-angels' Draw step
Add To Stack: Ai(2)-mm-nekusar-discard triggered Nekusar, the Mindrazer
Add To Stack: Ai(2)-mm-nekusar-discard triggered Nekusar, the Mindrazer
Resolve Stack: At the beginning of each player's draw step, that player draws an additional card. [Phase: Ai(1)-mm-giada-angels]
Add To Stack: Ai(2)-mm-nekusar-discard triggered Nekusar, the Mindrazer
Damage: Nekusar, the Mindrazer (201) deals 1 non-combat damage to Ai(1)-mm-giada-angels.
Life: Life: Ai(1)-mm-giada-angels 41 > 40
Resolve Stack: Whenever an opponent draws a card, Nekusar, the Mindrazer deals 1 damage to that player. [Player: Ai(1)-mm-giada-angels]
Damage: Nekusar, the Mindrazer (201) deals 1 non-combat damage to Ai(1)-mm-giada-angels.
Life: Life: Ai(1)-mm-giada-angels 40 > 39
Resolve Stack: Whenever an opponent draws a card, Nekusar, the Mindrazer deals 1 damage to that player. [Player: Ai(1)-mm-giada-angels]
Phase: Ai(1)-mm-giada-angels' Main phase, precombat
Replacement Effect: Myriad Landscape enters tapped.
Land: Ai(1)-mm-giada-angels played Myriad Landscape (62)
Mana: Plains (90) - {T}: Add {W}.
Mana: Plains (81) - {T}: Add {W}.
Add To Stack: Ai(1)-mm-giada-angels cast Swiftfoot Boots
Resolve Stack: Swiftfoot Boots
Mana: Plains (73) - {T}: Add {W}.
Add To Stack: Ai(1)-mm-giada-angels activated Swiftfoot Boots targeting [Bird Token (411)]
Resolve Stack: Swiftfoot Boots (41) -  Attach to Bird Token (411)
Phase: Ai(1)-mm-giada-angels' Beginning of Combat Step
Phase: Ai(1)-mm-giada-angels' Declare Attackers Step
Combat: Ai(1)-mm-giada-angels assigned Bird Token (411) to attack Ai(2)-mm-nekusar-discard.
Phase: Ai(1)-mm-giada-angels' Declare Blockers Step
Combat: Ai(2)-mm-nekusar-discard didn't block Bird Token (411).
Phase: Ai(1)-mm-giada-angels' First Strike Damage Step
Phase: Ai(1)-mm-giada-angels' Combat Damage Step
Damage: Bird Token (411) deals 1 combat damage to Ai(2)-mm-nekusar-discard.
Life: Life: Ai(2)-mm-nekusar-discard 38 > 37
Phase: Ai(1)-mm-giada-angels' End of Combat Step
Phase: Ai(1)-mm-giada-angels' Main phase, postcombat
Phase: Ai(1)-mm-giada-angels' End step
Phase: Ai(1)-mm-giada-angels' Cleanup step
Turn: Turn 18 (Ai(2)-mm-nekusar-discard)
Phase: Ai(2)-mm-nekusar-discard's Untap step
Phase: Ai(2)-mm-nekusar-discard's Upkeep step
Phase: Ai(2)-mm-nekusar-discard's Draw step
Add To Stack: Ai(2)-mm-nekusar-discard triggered Nekusar, the Mindrazer
Resolve Stack: At the beginning of each player's draw step, that player draws an additional card. [Phase: Ai(2)-mm-nekusar-discard]
Phase: Ai(2)-mm-nekusar-discard's Main phase, precombat
Mana: Swamp (162) - {T}: Add {B}.
Mana: Sulfur Falls (130) - {T}: Add {U} or {R}.
Add To Stack: Ai(2)-mm-nekusar-discard cast Orcish Bowmasters
Resolve Stack: Orcish Bowmasters - Creature 1 / 1
Add To Stack: Ai(2)-mm-nekusar-discard triggered Orcish Bowmasters targeting [Ai(3)-mm-abaddon]
Damage: Orcish Bowmasters (183) deals 1 non-combat damage to Ai(3)-mm-abaddon.
Life: Life: Ai(3)-mm-abaddon 38 > 37
Resolve Stack: When Orcish Bowmasters enters and whenever an opponent draws a card except the first one they draw in each of their draw steps, Orcish Bowmasters deals 1 damage to any target. Then amass Orcs 1. (Targeting: [[Ai(3)-mm-abaddon]]) [Zone Changer: Orcish Bowmasters (183)]
Phase: Ai(2)-mm-nekusar-discard's Beginning of Combat Step
Phase: Ai(2)-mm-nekusar-discard's Declare Attackers Step
Combat: Ai(2)-mm-nekusar-discard assigned Nekusar, the Mindrazer (201) to attack Ai(1)-mm-giada-angels.
Phase: Ai(2)-mm-nekusar-discard's Declare Blockers Step
Combat: Ai(1)-mm-giada-angels didn't block Nekusar, the Mindrazer (201).
Phase: Ai(2)-mm-nekusar-discard's First Strike Damage Step
Phase: Ai(2)-mm-nekusar-discard's Combat Damage Step
Damage: Nekusar, the Mindrazer (201) deals 2 combat damage to Ai(1)-mm-giada-angels.
Life: Life: Ai(1)-mm-giada-angels 39 > 37
Phase: Ai(2)-mm-nekusar-discard's End of Combat Step
Phase: Ai(2)-mm-nekusar-discard's Main phase, postcombat
Land: Ai(2)-mm-nekusar-discard played Swamp (161)
Mana: Swamp (161) - {T}: Add {B}.
Add To Stack: Ai(2)-mm-nekusar-discard cast Kederekt Parasite
Resolve Stack: Kederekt Parasite - Creature 1 / 1
Phase: Ai(2)-mm-nekusar-discard's End step
Phase: Ai(2)-mm-nekusar-discard's Cleanup step
Turn: Turn 19 (Ai(3)-mm-abaddon)
Phase: Ai(3)-mm-abaddon's Untap step
Phase: Ai(3)-mm-abaddon's Upkeep step
Phase: Ai(3)-mm-abaddon's Draw step
Add To Stack: Ai(2)-mm-nekusar-discard triggered Nekusar, the Mindrazer
Add To Stack: Ai(2)-mm-nekusar-discard triggered Kederekt Parasite
Add To Stack: Ai(2)-mm-nekusar-discard triggered Nekusar, the Mindrazer
Resolve Stack: At the beginning of each player's draw step, that player draws an additional card. [Phase: Ai(3)-mm-abaddon]
Add To Stack: Ai(2)-mm-nekusar-discard triggered Nekusar, the Mindrazer
Add To Stack: Ai(2)-mm-nekusar-discard triggered Orcish Bowmasters targeting [Ai(3)-mm-abaddon]
Add To Stack: Ai(2)-mm-nekusar-discard triggered Kederekt Parasite
Damage: Kederekt Parasite (154) deals 1 non-combat damage to Ai(3)-mm-abaddon.
Life: Life: Ai(3)-mm-abaddon 37 > 36
Resolve Stack: Whenever an opponent draws a card, if you control a red permanent, you may have Kederekt Parasite deal 1 damage to that player. [Player: Ai(3)-mm-abaddon]
Damage: Orcish Bowmasters (183) deals 1 non-combat damage to Ai(3)-mm-abaddon.
Life: Life: Ai(3)-mm-abaddon 36 > 35
Resolve Stack: When Orcish Bowmasters enters and whenever an opponent draws a card except the first one they draw in each of their draw steps, Orcish Bowmasters deals 1 damage to any target. Then amass Orcs 1. (Targeting: [[Ai(3)-mm-abaddon]]) [Player: Ai(3)-mm-abaddon]
Damage: Nekusar, the Mindrazer (201) deals 1 non-combat damage to Ai(3)-mm-abaddon.
Life: Life: Ai(3)-mm-abaddon 35 > 34
Resolve Stack: Whenever an opponent draws a card, Nekusar, the Mindrazer deals 1 damage to that player. [Player: Ai(3)-mm-abaddon]
Damage: Kederekt Parasite (154) deals 1 non-combat damage to Ai(3)-mm-abaddon.
Life: Life: Ai(3)-mm-abaddon 34 > 33
Resolve Stack: Whenever an opponent draws a card, if you control a red permanent, you may have Kederekt Parasite deal 1 damage to that player. [Player: Ai(3)-mm-abaddon]
Damage: Nekusar, the Mindrazer (201) deals 1 non-combat damage to Ai(3)-mm-abaddon.
Life: Life: Ai(3)-mm-abaddon 33 > 32
Resolve Stack: Whenever an opponent draws a card, Nekusar, the Mindrazer deals 1 damage to that player. [Player: Ai(3)-mm-abaddon]
Phase: Ai(3)-mm-abaddon's Main phase, precombat
Replacement Effect: Sulfur Falls enters tapped unless you control an Island or a Mountain.
Land: Ai(3)-mm-abaddon played Sulfur Falls (222)
Phase: Ai(3)-mm-abaddon's Beginning of Combat Step
Phase: Ai(3)-mm-abaddon's Declare Attackers Step
Phase: Ai(3)-mm-abaddon's Declare Blockers Step
Phase: Ai(3)-mm-abaddon's First Strike Damage Step
Phase: Ai(3)-mm-abaddon's Combat Damage Step
Phase: Ai(3)-mm-abaddon's End of Combat Step
Phase: Ai(3)-mm-abaddon's Main phase, postcombat
Mana: Swamp (249) - {T}: Add {B}.
Mana: Sulfur Falls (222) - {T}: Add {U} or {R}.
Mana: Mountain (289) - {T}: Add {R}.
Mana: Steam Vents (260) - {T}: Add {R}.
Mana: Shivan Reef (240) - {T}: Add {C}.
Add To Stack: Ai(3)-mm-abaddon cast Abaddon the Despoiler
Resolve Stack: Abaddon the Despoiler - Creature 5 / 5
Phase: Ai(3)-mm-abaddon's End step
Phase: Ai(3)-mm-abaddon's Cleanup step
Discard: Ai(3)-mm-abaddon discards Island (228).
Turn: Turn 20 (Ai(4)-mm-talrand-spells)
Phase: Ai(4)-mm-talrand-spells' Untap step
Phase: Ai(4)-mm-talrand-spells' Upkeep step
Phase: Ai(4)-mm-talrand-spells' Draw step
Add To Stack: Ai(2)-mm-nekusar-discard triggered Nekusar, the Mindrazer
Add To Stack: Ai(2)-mm-nekusar-discard triggered Kederekt Parasite
Add To Stack: Ai(2)-mm-nekusar-discard triggered Nekusar, the Mindrazer
Resolve Stack: At the beginning of each player's draw step, that player draws an additional card. [Phase: Ai(4)-mm-talrand-spells]
Add To Stack: Ai(4)-mm-talrand-spells triggered Alandra, Sky Dreamer
Add To Stack: Ai(2)-mm-nekusar-discard triggered Nekusar, the Mindrazer
Add To Stack: Ai(2)-mm-nekusar-discard triggered Orcish Bowmasters targeting [Ai(3)-mm-abaddon]
Add To Stack: Ai(2)-mm-nekusar-discard triggered Kederekt Parasite
Damage: Kederekt Parasite (154) deals 1 non-combat damage to Ai(4)-mm-talrand-spells.
Life: Life: Ai(4)-mm-talrand-spells 38 > 37
Resolve Stack: Whenever an opponent draws a card, if you control a red permanent, you may have Kederekt Parasite deal 1 damage to that player. [Player: Ai(4)-mm-talrand-spells]
Damage: Orcish Bowmasters (183) deals 1 non-combat damage to Ai(3)-mm-abaddon.
Life: Life: Ai(3)-mm-abaddon 32 > 31
Resolve Stack: When Orcish Bowmasters enters and whenever an opponent draws a card except the first one they draw in each of their draw steps, Orcish Bowmasters deals 1 damage to any target. Then amass Orcs 1. (Targeting: [[Ai(3)-mm-abaddon]]) [Player: Ai(4)-mm-talrand-spells]
Damage: Nekusar, the Mindrazer (201) deals 1 non-combat damage to Ai(4)-mm-talrand-spells.
Life: Life: Ai(4)-mm-talrand-spells 37 > 36
Resolve Stack: Whenever an opponent draws a card, Nekusar, the Mindrazer deals 1 damage to that player. [Player: Ai(4)-mm-talrand-spells]
Resolve Stack: Whenever you draw your second card each turn, create a 2/2 blue Drake creature token with flying. [Player: Ai(4)-mm-talrand-spells]
Damage: Kederekt Parasite (154) deals 1 non-combat damage to Ai(4)-mm-talrand-spells.
Life: Life: Ai(4)-mm-talrand-spells 36 > 35
Resolve Stack: Whenever an opponent draws a card, if you control a red permanent, you may have Kederekt Parasite deal 1 damage to that player. [Player: Ai(4)-mm-talrand-spells]
Damage: Nekusar, the Mindrazer (201) deals 1 non-combat damage to Ai(4)-mm-talrand-spells.
Life: Life: Ai(4)-mm-talrand-spells 35 > 34
Resolve Stack: Whenever an opponent draws a card, Nekusar, the Mindrazer deals 1 damage to that player. [Player: Ai(4)-mm-talrand-spells]
Phase: Ai(4)-mm-talrand-spells' Main phase, precombat
Phase: Ai(4)-mm-talrand-spells' Beginning of Combat Step
Phase: Ai(4)-mm-talrand-spells' Declare Attackers Step
Phase: Ai(4)-mm-talrand-spells' Declare Blockers Step
Phase: Ai(4)-mm-talrand-spells' First Strike Damage Step
Phase: Ai(4)-mm-talrand-spells' Combat Damage Step
Phase: Ai(4)-mm-talrand-spells' End of Combat Step
Phase: Ai(4)-mm-talrand-spells' Main phase, postcombat
Mana: Island (339) - {T}: Add {U}.
Mana: Island (350) - {T}: Add {U}.
Mana: Island (337) - {T}: Add {U}.
Add To Stack: Ai(4)-mm-talrand-spells cast Mocking Sprite
Resolve Stack: Mocking Sprite - Creature 2 / 1
Mana: Island (349) - {T}: Add {U}.
Add To Stack: Ai(4)-mm-talrand-spells cast Sol Ring
Resolve Stack: Sol Ring
Phase: Ai(4)-mm-talrand-spells' End step
Phase: Ai(4)-mm-talrand-spells' Cleanup step
Turn: Turn 21 (Ai(1)-mm-giada-angels)
Phase: Ai(1)-mm-giada-angels' Untap step
Phase: Ai(1)-mm-giada-angels' Upkeep step
Mana: Plains (90) - {T}: Add {W}.
Mana: Plains (81) - {T}: Add {W}.
Zone Change: Myriad Landscape (62) was put into Graveyard from Battlefield.
Add To Stack: Ai(1)-mm-giada-angels activated Myriad Landscape
Resolve Stack: Myriad Landscape (62) - Ai(1)-mm-giada-angels searches their library for  up to two basic land cards, puts them onto the battlefield tapped, then shuffles.
Phase: Ai(1)-mm-giada-angels' Draw step
Add To Stack: Ai(2)-mm-nekusar-discard triggered Nekusar, the Mindrazer
Add To Stack: Ai(2)-mm-nekusar-discard triggered Kederekt Parasite
Add To Stack: Ai(2)-mm-nekusar-discard triggered Nekusar, the Mindrazer
Resolve Stack: At the beginning of each player's draw step, that player draws an additional card. [Phase: Ai(1)-mm-giada-angels]
Add To Stack: Ai(2)-mm-nekusar-discard triggered Nekusar, the Mindrazer
Add To Stack: Ai(2)-mm-nekusar-discard triggered Orcish Bowmasters targeting [Ai(3)-mm-abaddon]
Add To Stack: Ai(2)-mm-nekusar-discard triggered Kederekt Parasite
Damage: Kederekt Parasite (154) deals 1 non-combat damage to Ai(1)-mm-giada-angels.
Life: Life: Ai(1)-mm-giada-angels 37 > 36
Resolve Stack: Whenever an opponent draws a card, if you control a red permanent, you may have Kederekt Parasite deal 1 damage to that player. [Player: Ai(1)-mm-giada-angels]
Damage: Orcish Bowmasters (183) deals 1 non-combat damage to Ai(3)-mm-abaddon.
Life: Life: Ai(3)-mm-abaddon 31 > 30
Resolve Stack: When Orcish Bowmasters enters and whenever an opponent draws a card except the first one they draw in each of their draw steps, Orcish Bowmasters deals 1 damage to any target. Then amass Orcs 1. (Targeting: [[Ai(3)-mm-abaddon]]) [Player: Ai(1)-mm-giada-angels]
Damage: Nekusar, the Mindrazer (201) deals 1 non-combat damage to Ai(1)-mm-giada-angels.
Life: Life: Ai(1)-mm-giada-angels 36 > 35
Resolve Stack: Whenever an opponent draws a card, Nekusar, the Mindrazer deals 1 damage to that player. [Player: Ai(1)-mm-giada-angels]
Damage: Kederekt Parasite (154) deals 1 non-combat damage to Ai(1)-mm-giada-angels.
Life: Life: Ai(1)-mm-giada-angels 35 > 34
Resolve Stack: Whenever an opponent draws a card, if you control a red permanent, you may have Kederekt Parasite deal 1 damage to that player. [Player: Ai(1)-mm-giada-angels]
Damage: Nekusar, the Mindrazer (201) deals 1 non-combat damage to Ai(1)-mm-giada-angels.
Life: Life: Ai(1)-mm-giada-angels 34 > 33
Resolve Stack: Whenever an opponent draws a card, Nekusar, the Mindrazer deals 1 damage to that player. [Player: Ai(1)-mm-giada-angels]
Phase: Ai(1)-mm-giada-angels' Main phase, precombat
Land: Ai(1)-mm-giada-angels played Nykthos, Shrine to Nyx (31)
Phase: Ai(1)-mm-giada-angels' Beginning of Combat Step
Phase: Ai(1)-mm-giada-angels' Declare Attackers Step
Combat: Ai(1)-mm-giada-angels assigned Bird Token (411) to attack Ai(2)-mm-nekusar-discard.
Phase: Ai(1)-mm-giada-angels' Declare Blockers Step
Combat: Ai(2)-mm-nekusar-discard didn't block Bird Token (411).
Phase: Ai(1)-mm-giada-angels' First Strike Damage Step
Phase: Ai(1)-mm-giada-angels' Combat Damage Step
Damage: Bird Token (411) deals 1 combat damage to Ai(2)-mm-nekusar-discard.
Life: Life: Ai(2)-mm-nekusar-discard 37 > 36
Phase: Ai(1)-mm-giada-angels' End of Combat Step
Phase: Ai(1)-mm-giada-angels' Main phase, postcombat
Mana: Plains (73) - {T}: Add {W}.
Mana: Plains (84) - {T}: Add {W}.
Add To Stack: Ai(1)-mm-giada-angels cast Folk Hero
Resolve Stack: Folk Hero
Mana: Nykthos, Shrine to Nyx (31) - {T}: Add {C}.
Add To Stack: Ai(1)-mm-giada-angels cast Sol Ring
Resolve Stack: Sol Ring
Phase: Ai(1)-mm-giada-angels' End step
Phase: Ai(1)-mm-giada-angels' Cleanup step
Turn: Turn 22 (Ai(2)-mm-nekusar-discard)
Phase: Ai(2)-mm-nekusar-discard's Untap step
Phase: Ai(2)-mm-nekusar-discard's Upkeep step
Phase: Ai(2)-mm-nekusar-discard's Draw step
Add To Stack: Ai(2)-mm-nekusar-discard triggered Nekusar, the Mindrazer
Resolve Stack: At the beginning of each player's draw step, that player draws an additional card. [Phase: Ai(2)-mm-nekusar-discard]
Phase: Ai(2)-mm-nekusar-discard's Main phase, precombat
Phase: Ai(2)-mm-nekusar-discard's Beginning of Combat Step
Phase: Ai(2)-mm-nekusar-discard's Declare Attackers Step
Combat: Ai(2)-mm-nekusar-discard assigned Orc Army Token (413) to attack Ai(4)-mm-talrand-spells.
Phase: Ai(2)-mm-nekusar-discard's Declare Blockers Step
Combat: Ai(4)-mm-talrand-spells didn't block Orc Army Token (413).
Phase: Ai(2)-mm-nekusar-discard's First Strike Damage Step
Phase: Ai(2)-mm-nekusar-discard's Combat Damage Step
Damage: Orc Army Token (413) deals 4 combat damage to Ai(4)-mm-talrand-spells.
Life: Life: Ai(4)-mm-talrand-spells 34 > 30
Phase: Ai(2)-mm-nekusar-discard's End of Combat Step
Phase: Ai(2)-mm-nekusar-discard's Main phase, postcombat
Replacement Effect: Sunken Hollow enters tapped unless you control two or more basic lands.
Land: Ai(2)-mm-nekusar-discard played Sunken Hollow (131)
Phase: Ai(2)-mm-nekusar-discard's End step
Phase: Ai(2)-mm-nekusar-discard's Cleanup step
Turn: Turn 23 (Ai(3)-mm-abaddon)
Phase: Ai(3)-mm-abaddon's Untap step
Phase: Ai(3)-mm-abaddon's Upkeep step
Phase: Ai(3)-mm-abaddon's Draw step
Add To Stack: Ai(2)-mm-nekusar-discard triggered Nekusar, the Mindrazer
Add To Stack: Ai(2)-mm-nekusar-discard triggered Kederekt Parasite
Add To Stack: Ai(2)-mm-nekusar-discard triggered Nekusar, the Mindrazer
Resolve Stack: At the beginning of each player's draw step, that player draws an additional card. [Phase: Ai(3)-mm-abaddon]
Add To Stack: Ai(2)-mm-nekusar-discard triggered Nekusar, the Mindrazer
Add To Stack: Ai(2)-mm-nekusar-discard triggered Orcish Bowmasters targeting [Ai(3)-mm-abaddon]
Add To Stack: Ai(2)-mm-nekusar-discard triggered Kederekt Parasite
Damage: Kederekt Parasite (154) deals 1 non-combat damage to Ai(3)-mm-abaddon.
Life: Life: Ai(3)-mm-abaddon 30 > 29
Resolve Stack: Whenever an opponent draws a card, if you control a red permanent, you may have Kederekt Parasite deal 1 damage to that player. [Player: Ai(3)-mm-abaddon]
Damage: Orcish Bowmasters (183) deals 1 non-combat damage to Ai(3)-mm-abaddon.
Life: Life: Ai(3)-mm-abaddon 29 > 28
Resolve Stack: When Orcish Bowmasters enters and whenever an opponent draws a card except the first one they draw in each of their draw steps, Orcish Bowmasters deals 1 damage to any target. Then amass Orcs 1. (Targeting: [[Ai(3)-mm-abaddon]]) [Player: Ai(3)-mm-abaddon]
Damage: Nekusar, the Mindrazer (201) deals 1 non-combat damage to Ai(3)-mm-abaddon.
Life: Life: Ai(3)-mm-abaddon 28 > 27
Resolve Stack: Whenever an opponent draws a card, Nekusar, the Mindrazer deals 1 damage to that player. [Player: Ai(3)-mm-abaddon]
Damage: Kederekt Parasite (154) deals 1 non-combat damage to Ai(3)-mm-abaddon.
Life: Life: Ai(3)-mm-abaddon 27 > 26
Resolve Stack: Whenever an opponent draws a card, if you control a red permanent, you may have Kederekt Parasite deal 1 damage to that player. [Player: Ai(3)-mm-abaddon]
Damage: Nekusar, the Mindrazer (201) deals 1 non-combat damage to Ai(3)-mm-abaddon.
Life: Life: Ai(3)-mm-abaddon 26 > 25
Resolve Stack: Whenever an opponent draws a card, Nekusar, the Mindrazer deals 1 damage to that player. [Player: Ai(3)-mm-abaddon]
Phase: Ai(3)-mm-abaddon's Main phase, precombat
Land: Ai(3)-mm-abaddon played Swamp (248)
Mana: Mountain (289) - {T}: Add {R}.
Mana: Sulfur Falls (222) - {T}: Add {U} or {R}.
Mana: Swamp (249) - {T}: Add {B}.
Mana: Swamp (248) - {T}: Add {B}.
Mana: Steam Vents (260) - {T}: Add {R}.
Mana: Shivan Reef (240) - {T}: Add {C}.
Add To Stack: Ai(3)-mm-abaddon cast Delayed Blast Fireball
Damage: Delayed Blast Fireball (275) deals 5 damage to Bird Token (411).
Damage: Delayed Blast Fireball (275) deals 5 damage to Nekusar, the Mindrazer (201).
Damage: Delayed Blast Fireball (275) deals 5 damage to Orcish Bowmasters (183).
Damage: Delayed Blast Fireball (275) deals 5 damage to Orc Army Token (413).
Damage: Delayed Blast Fireball (275) deals 5 damage to Kederekt Parasite (154).
Damage: Delayed Blast Fireball (275) deals 5 damage to Alandra, Sky Dreamer (305).
Damage: Delayed Blast Fireball (275) deals 5 damage to Drake Token (416).
Damage: Delayed Blast Fireball (275) deals 5 damage to Mocking Sprite (390).
Damage: Delayed Blast Fireball (275) deals 5 non-combat damage to Ai(1)-mm-giada-angels.
Damage: Delayed Blast Fireball (275) deals 5 non-combat damage to Ai(2)-mm-nekusar-discard.
Damage: Delayed Blast Fireball (275) deals 5 non-combat damage to Ai(4)-mm-talrand-spells.
Life: Life: Ai(1)-mm-giada-angels 33 > 28
Life: Life: Ai(2)-mm-nekusar-discard 36 > 31
Life: Life: Ai(4)-mm-talrand-spells 30 > 25
Resolve Stack: Delayed Blast Fireball (275) - Deals 5 damage to each opponent and each creature they control. (Foretold)
Zone Change: Alandra, Sky Dreamer (305) was put into Graveyard from Battlefield.
Zone Change: Drake Token (416) was put into Graveyard from Battlefield.
Zone Change: Mocking Sprite (390) was put into Graveyard from Battlefield.
Zone Change: Bird Token (411) was put into Graveyard from Battlefield.
Zone Change: Nekusar, the Mindrazer (201) was put into Graveyard from Battlefield.
Zone Change: Orcish Bowmasters (183) was put into Graveyard from Battlefield.
Zone Change: Orc Army Token (413) was put into Graveyard from Battlefield.
Zone Change: Kederekt Parasite (154) was put into Graveyard from Battlefield.
Phase: Ai(3)-mm-abaddon's Beginning of Combat Step
Phase: Ai(3)-mm-abaddon's Declare Attackers Step
Combat: Ai(3)-mm-abaddon assigned Abaddon the Despoiler (302) to attack Ai(1)-mm-giada-angels.
Phase: Ai(3)-mm-abaddon's Declare Blockers Step
Combat: Ai(1)-mm-giada-angels didn't block Abaddon the Despoiler (302).
Phase: Ai(3)-mm-abaddon's First Strike Damage Step
Phase: Ai(3)-mm-abaddon's Combat Damage Step
Damage: Abaddon the Despoiler (302) deals 5 combat damage to Ai(1)-mm-giada-angels.
Life: Life: Ai(1)-mm-giada-angels 28 > 23
Phase: Ai(3)-mm-abaddon's End of Combat Step
Phase: Ai(3)-mm-abaddon's Main phase, postcombat
Phase: Ai(3)-mm-abaddon's End step
Phase: Ai(3)-mm-abaddon's Cleanup step
Discard: Ai(3)-mm-abaddon discards Mountain (285).
Turn: Turn 24 (Ai(4)-mm-talrand-spells)
Phase: Ai(4)-mm-talrand-spells' Untap step
Phase: Ai(4)-mm-talrand-spells' Upkeep step
Phase: Ai(4)-mm-talrand-spells' Draw step
Phase: Ai(4)-mm-talrand-spells' Main phase, precombat
Phase: Ai(4)-mm-talrand-spells' Beginning of Combat Step
Phase: Ai(4)-mm-talrand-spells' Declare Attackers Step
Phase: Ai(4)-mm-talrand-spells' Declare Blockers Step
Phase: Ai(4)-mm-talrand-spells' First Strike Damage Step
Phase: Ai(4)-mm-talrand-spells' Combat Damage Step
Phase: Ai(4)-mm-talrand-spells' End of Combat Step
Phase: Ai(4)-mm-talrand-spells' Main phase, postcombat
Mana: Island (339) - {T}: Add {U}.
Mana: Island (350) - {T}: Add {U}.
Mana: Sol Ring (320) - {T}: Add {C}{C}.
Add To Stack: Ai(4)-mm-talrand-spells cast Talrand, Sky Summoner
Resolve Stack: Talrand, Sky Summoner - Creature 2 / 2
Phase: Ai(4)-mm-talrand-spells' End step
Phase: Ai(4)-mm-talrand-spells' Cleanup step
Turn: Turn 25 (Ai(1)-mm-giada-angels)
Phase: Ai(1)-mm-giada-angels' Untap step
Phase: Ai(1)-mm-giada-angels' Upkeep step
Phase: Ai(1)-mm-giada-angels' Draw step
Phase: Ai(1)-mm-giada-angels' Main phase, precombat
Land: Ai(1)-mm-giada-angels played Plains (83)
Mana: Plains (90) - {T}: Add {W}.
Mana: Plains (81) - {T}: Add {W}.
Mana: Plains (73) - {T}: Add {W}.
Mana: Sol Ring (18) - {T}: Add {C}{C}.
Mana: Plains (84) - {T}: Add {W}.
Mana: Plains (68) - {T}: Add {W}.
Add To Stack: Ai(1)-mm-giada-angels cast Sephara, Sky's Blade
Resolve Stack: Sephara, Sky's Blade - Creature 7 / 7
Mana: Plains (91) - {T}: Add {W}.
Add To Stack: Ai(1)-mm-giada-angels activated Swiftfoot Boots targeting [Sephara, Sky's Blade (23)]
Resolve Stack: Swiftfoot Boots (41) -  Attach to Sephara, Sky's Blade (23)
Phase: Ai(1)-mm-giada-angels' Beginning of Combat Step
Phase: Ai(1)-mm-giada-angels' Declare Attackers Step
Combat: Ai(1)-mm-giada-angels assigned Sephara, Sky's Blade (23) to attack Ai(3)-mm-abaddon.
Phase: Ai(1)-mm-giada-angels' Declare Blockers Step
Combat: Ai(3)-mm-abaddon didn't block Sephara, Sky's Blade (23).
Phase: Ai(1)-mm-giada-angels' First Strike Damage Step
Phase: Ai(1)-mm-giada-angels' Combat Damage Step
Damage: Sephara, Sky's Blade (23) deals 7 combat damage to Ai(3)-mm-abaddon.
Life: Life: Ai(1)-mm-giada-angels 23 > 30
Life: Life: Ai(3)-mm-abaddon 25 > 18
Phase: Ai(1)-mm-giada-angels' End of Combat Step
Phase: Ai(1)-mm-giada-angels' Main phase, postcombat
Phase: Ai(1)-mm-giada-angels' End step
Phase: Ai(1)-mm-giada-angels' Cleanup step
Turn: Turn 26 (Ai(2)-mm-nekusar-discard)
Phase: Ai(2)-mm-nekusar-discard's Untap step
Phase: Ai(2)-mm-nekusar-discard's Upkeep step
Phase: Ai(2)-mm-nekusar-discard's Draw step
Phase: Ai(2)-mm-nekusar-discard's Main phase, precombat
Phase: Ai(2)-mm-nekusar-discard's Beginning of Combat Step
Phase: Ai(2)-mm-nekusar-discard's Declare Attackers Step
Phase: Ai(2)-mm-nekusar-discard's Declare Blockers Step
Phase: Ai(2)-mm-nekusar-discard's First Strike Damage Step
Phase: Ai(2)-mm-nekusar-discard's Combat Damage Step
Phase: Ai(2)-mm-nekusar-discard's End of Combat Step
Phase: Ai(2)-mm-nekusar-discard's Main phase, postcombat
Land: Ai(2)-mm-nekusar-discard played Reliquary Tower (177)
Mana: Sulfur Falls (130) - {T}: Add {U} or {R}.
Mana: Luxury Suite (143) - {T}: Add {B} or {R}.
Mana: Swamp (162) - {T}: Add {B}.
Mana: Reliquary Tower (177) - {T}: Add {C}.
Mana: Swamp (161) - {T}: Add {B}.
Mana: Dragonskull Summit (153) - {T}: Add {B} or {R}.
Mana: Sunken Hollow (131) - {T}: Add {B}.
Add To Stack: Ai(2)-mm-nekusar-discard cast Nekusar, the Mindrazer
Resolve Stack: Nekusar, the Mindrazer - Creature 2 / 4
Phase: Ai(2)-mm-nekusar-discard's End step
Phase: Ai(2)-mm-nekusar-discard's Cleanup step
Turn: Turn 27 (Ai(3)-mm-abaddon)
Phase: Ai(3)-mm-abaddon's Untap step
Phase: Ai(3)-mm-abaddon's Upkeep step
Phase: Ai(3)-mm-abaddon's Draw step
Add To Stack: Ai(2)-mm-nekusar-discard triggered Nekusar, the Mindrazer
Add To Stack: Ai(2)-mm-nekusar-discard triggered Nekusar, the Mindrazer
Resolve Stack: At the beginning of each player's draw step, that player draws an additional card. [Phase: Ai(3)-mm-abaddon]
Add To Stack: Ai(2)-mm-nekusar-discard triggered Nekusar, the Mindrazer
Damage: Nekusar, the Mindrazer (201) deals 1 non-combat damage to Ai(3)-mm-abaddon.
Life: Life: Ai(3)-mm-abaddon 18 > 17
Resolve Stack: Whenever an opponent draws a card, Nekusar, the Mindrazer deals 1 damage to that player. [Player: Ai(3)-mm-abaddon]
Damage: Nekusar, the Mindrazer (201) deals 1 non-combat damage to Ai(3)-mm-abaddon.
Life: Life: Ai(3)-mm-abaddon 17 > 16
Resolve Stack: Whenever an opponent draws a card, Nekusar, the Mindrazer deals 1 damage to that player. [Player: Ai(3)-mm-abaddon]
Phase: Ai(3)-mm-abaddon's Main phase, precombat
Mana: Mountain (289) - {T}: Add {R}.
Mana: Swamp (249) - {T}: Add {B}.
Add To Stack: Ai(3)-mm-abaddon cast Swiftfoot Boots
Mana: Island (337) - {T}: Add {U}.
Add To Stack: Ai(4)-mm-talrand-spells cast An Offer You Can't Refuse targeting [Swiftfoot Boots]
Add To Stack: Ai(4)-mm-talrand-spells triggered Talrand, Sky Summoner
Resolve Stack: Whenever you cast an instant or sorcery spell, create a 2/2 blue Drake creature token with flying. [Card: An Offer You Can't Refuse (395), Activator: Ai(4)-mm-talrand-spells, SpellAbility: Counter target noncreature spell. Its controller creates two Treasure tokens. (They're artifacts with "{T}, Sacrifice this token: Add one mana of any color.")]
Zone Change: Send countered spell to Graveyard
Resolve Stack: An Offer You Can't Refuse (395) - Counter Swiftfoot Boots (246). Its controller creates two Treasure tokens.
Phase: Ai(3)-mm-abaddon's Beginning of Combat Step
Phase: Ai(3)-mm-abaddon's Declare Attackers Step
Combat: Ai(3)-mm-abaddon assigned Abaddon the Despoiler (302) to attack Ai(1)-mm-giada-angels.
Phase: Ai(3)-mm-abaddon's Declare Blockers Step
Combat: Ai(1)-mm-giada-angels didn't block Abaddon the Despoiler (302).
Phase: Ai(3)-mm-abaddon's First Strike Damage Step
Phase: Ai(3)-mm-abaddon's Combat Damage Step
Damage: Abaddon the Despoiler (302) deals 5 combat damage to Ai(1)-mm-giada-angels.
Life: Life: Ai(1)-mm-giada-angels 30 > 25
Phase: Ai(3)-mm-abaddon's End of Combat Step
Phase: Ai(3)-mm-abaddon's Main phase, postcombat
Land: Ai(3)-mm-abaddon played Bloodstained Mire (253)
Life: Life: Ai(3)-mm-abaddon 16 > 15
Zone Change: Bloodstained Mire (253) was put into Graveyard from Battlefield.
Add To Stack: Ai(3)-mm-abaddon activated Bloodstained Mire
Replacement Effect: Sunken Hollow enters tapped unless you control two or more basic lands.
Resolve Stack: Bloodstained Mire (253) - Ai(3)-mm-abaddon searches their library for a Swamp or Mountain card, puts it onto the battlefield, then shuffles.
Mana: Sulfur Falls (222) - {T}: Add {U} or {R}.
Mana: Swamp (248) - {T}: Add {B}.
Mana: Steam Vents (260) - {T}: Add {R}.
Mana: Sunken Hollow (223) - {T}: Add {B}.
Mana: Shivan Reef (240) - {T}: Add {C}.
Zone Change: Treasure Token (422) was put into Graveyard from Battlefield.
Mana: Treasure Token (422) - {T}, Sacrifice this token: Add one mana of any color.
Zone Change: Treasure Token (421) was put into Graveyard from Battlefield.
Mana: Treasure Token (421) - {T}, Sacrifice this token: Add one mana of any color.
Add To Stack: Ai(3)-mm-abaddon cast Lord of Change
Resolve Stack: Lord of Change - Creature 6 / 6
Add To Stack: Ai(3)-mm-abaddon triggered Lord of Change
Resolve Stack: Architect of Deception — When Lord of Change enters, draw three cards. [Zone Changer: Lord of Change (268)]
Add To Stack: Ai(2)-mm-nekusar-discard triggered Nekusar, the Mindrazer
Add To Stack: Ai(2)-mm-nekusar-discard triggered Nekusar, the Mindrazer
Add To Stack: Ai(2)-mm-nekusar-discard triggered Nekusar, the Mindrazer
Damage: Nekusar, the Mindrazer (201) deals 1 non-combat damage to Ai(3)-mm-abaddon.
Life: Life: Ai(3)-mm-abaddon 15 > 14
Resolve Stack: Whenever an opponent draws a card, Nekusar, the Mindrazer deals 1 damage to that player. [Player: Ai(3)-mm-abaddon]
Damage: Nekusar, the Mindrazer (201) deals 1 non-combat damage to Ai(3)-mm-abaddon.
Life: Life: Ai(3)-mm-abaddon 14 > 13
Resolve Stack: Whenever an opponent draws a card, Nekusar, the Mindrazer deals 1 damage to that player. [Player: Ai(3)-mm-abaddon]
Damage: Nekusar, the Mindrazer (201) deals 1 non-combat damage to Ai(3)-mm-abaddon.
Life: Life: Ai(3)-mm-abaddon 13 > 12
Resolve Stack: Whenever an opponent draws a card, Nekusar, the Mindrazer deals 1 damage to that player. [Player: Ai(3)-mm-abaddon]
Phase: Ai(3)-mm-abaddon's End step
Mana: Island (349) - {T}: Add {U}.
Add To Stack: Ai(4)-mm-talrand-spells cast Consider
Add To Stack: Ai(4)-mm-talrand-spells triggered Talrand, Sky Summoner
Resolve Stack: Whenever you cast an instant or sorcery spell, create a 2/2 blue Drake creature token with flying. [Card: Consider (310), Activator: Ai(4)-mm-talrand-spells, SpellAbility: Surveil 1. (Look at the top card of your library. You may put that card into your graveyard.) Draw a card.]
Resolve Stack: Ai(4)-mm-talrand-spells surveiled 1 card(s) to the top of the library
Resolve Stack: Consider (310) - Ai(4)-mm-talrand-spells surveils (1). Ai(4)-mm-talrand-spells draws a card.
Add To Stack: Ai(2)-mm-nekusar-discard triggered Nekusar, the Mindrazer
Damage: Nekusar, the Mindrazer (201) deals 1 non-combat damage to Ai(4)-mm-talrand-spells.
Life: Life: Ai(4)-mm-talrand-spells 25 > 24
Resolve Stack: Whenever an opponent draws a card, Nekusar, the Mindrazer deals 1 damage to that player. [Player: Ai(4)-mm-talrand-spells]
Phase: Ai(3)-mm-abaddon's Cleanup step
Discard: Ai(3)-mm-abaddon discards Island (229).
Discard: Ai(3)-mm-abaddon discards Talisman of Indulgence (292).
Turn: Turn 28 (Ai(4)-mm-talrand-spells)
Phase: Ai(4)-mm-talrand-spells' Untap step
Phase: Ai(4)-mm-talrand-spells' Upkeep step
Phase: Ai(4)-mm-talrand-spells' Draw step
Add To Stack: Ai(2)-mm-nekusar-discard triggered Nekusar, the Mindrazer
Add To Stack: Ai(2)-mm-nekusar-discard triggered Nekusar, the Mindrazer
Resolve Stack: At the beginning of each player's draw step, that player draws an additional card. [Phase: Ai(4)-mm-talrand-spells]
Add To Stack: Ai(2)-mm-nekusar-discard triggered Nekusar, the Mindrazer
Damage: Nekusar, the Mindrazer (201) deals 1 non-combat damage to Ai(4)-mm-talrand-spells.
Life: Life: Ai(4)-mm-talrand-spells 24 > 23
Resolve Stack: Whenever an opponent draws a card, Nekusar, the Mindrazer deals 1 damage to that player. [Player: Ai(4)-mm-talrand-spells]
Damage: Nekusar, the Mindrazer (201) deals 1 non-combat damage to Ai(4)-mm-talrand-spells.
Life: Life: Ai(4)-mm-talrand-spells 23 > 22
Resolve Stack: Whenever an opponent draws a card, Nekusar, the Mindrazer deals 1 damage to that player. [Player: Ai(4)-mm-talrand-spells]
Phase: Ai(4)-mm-talrand-spells' Main phase, precombat
Phase: Ai(4)-mm-talrand-spells' Beginning of Combat Step
Phase: Ai(4)-mm-talrand-spells' Declare Attackers Step
Phase: Ai(4)-mm-talrand-spells' Declare Blockers Step
Phase: Ai(4)-mm-talrand-spells' First Strike Damage Step
Phase: Ai(4)-mm-talrand-spells' Combat Damage Step
Phase: Ai(4)-mm-talrand-spells' End of Combat Step
Phase: Ai(4)-mm-talrand-spells' Main phase, postcombat
Mana: Island (339) - {T}: Add {U}.
Mana: Island (350) - {T}: Add {U}.
Mana: Sol Ring (320) - {T}: Add {C}{C}.
Mana: Island (337) - {T}: Add {U}.
Add To Stack: Ai(4)-mm-talrand-spells cast Archmage of Runes
Resolve Stack: Archmage of Runes - Creature 3 / 6
Phase: Ai(4)-mm-talrand-spells' End step
Phase: Ai(4)-mm-talrand-spells' Cleanup step
Turn: Turn 29 (Ai(1)-mm-giada-angels)
Phase: Ai(1)-mm-giada-angels' Untap step
Phase: Ai(1)-mm-giada-angels' Upkeep step
Phase: Ai(1)-mm-giada-angels' Draw step
Add To Stack: Ai(2)-mm-nekusar-discard triggered Nekusar, the Mindrazer
Add To Stack: Ai(2)-mm-nekusar-discard triggered Nekusar, the Mindrazer
Resolve Stack: At the beginning of each player's draw step, that player draws an additional card. [Phase: Ai(1)-mm-giada-angels]
Add To Stack: Ai(2)-mm-nekusar-discard triggered Nekusar, the Mindrazer
Damage: Nekusar, the Mindrazer (201) deals 1 non-combat damage to Ai(1)-mm-giada-angels.
Life: Life: Ai(1)-mm-giada-angels 25 > 24
Resolve Stack: Whenever an opponent draws a card, Nekusar, the Mindrazer deals 1 damage to that player. [Player: Ai(1)-mm-giada-angels]
Damage: Nekusar, the Mindrazer (201) deals 1 non-combat damage to Ai(1)-mm-giada-angels.
Life: Life: Ai(1)-mm-giada-angels 24 > 23
Resolve Stack: Whenever an opponent draws a card, Nekusar, the Mindrazer deals 1 damage to that player. [Player: Ai(1)-mm-giada-angels]
Phase: Ai(1)-mm-giada-angels' Main phase, precombat
Land: Ai(1)-mm-giada-angels played Plains (75)
Mana: Plains (90) - {T}: Add {W}.
Mana: Plains (81) - {T}: Add {W}.
Mana: Sol Ring (18) - {T}: Add {C}{C}.
Mana: Plains (73) - {T}: Add {W}.
Add To Stack: Ai(1)-mm-giada-angels cast Lyra Dawnbringer
Resolve Stack: Lyra Dawnbringer - Creature 5 / 5
Mana: Plains (84) - {T}: Add {W}.
Mana: Plains (68) - {T}: Add {W}.
Mana: Plains (91) - {T}: Add {W}.
Mana: Plains (83) - {T}: Add {W}.
Mana: Plains (75) - {T}: Add {W}.
Add To Stack: Ai(1)-mm-giada-angels cast Angel of Destiny
Resolve Stack: Angel of Destiny - Creature 2 / 6
Phase: Ai(1)-mm-giada-angels' Beginning of Combat Step
Phase: Ai(1)-mm-giada-angels' Declare Attackers Step
Combat: Ai(1)-mm-giada-angels assigned Sephara, Sky's Blade (23) to attack Ai(4)-mm-talrand-spells.
Phase: Ai(1)-mm-giada-angels' Declare Blockers Step
Combat: Ai(4)-mm-talrand-spells didn't block Sephara, Sky's Blade (23).
Phase: Ai(1)-mm-giada-angels' First Strike Damage Step
Phase: Ai(1)-mm-giada-angels' Combat Damage Step
Damage: Sephara, Sky's Blade (23) deals 8 combat damage to Ai(4)-mm-talrand-spells.
Life: Life: Ai(1)-mm-giada-angels 23 > 31
Life: Life: Ai(4)-mm-talrand-spells 22 > 14
Add To Stack: Ai(1)-mm-giada-angels triggered Angel of Destiny
Life: Life: Ai(1)-mm-giada-angels 31 > 39
Life: Life: Ai(4)-mm-talrand-spells 14 > 22
Resolve Stack: Whenever a creature you control deals combat damage to a player, you and that player each gain that much life. [Damage Source: Sephara, Sky's Blade (23), Damaged: Ai(4)-mm-talrand-spells, Amount: 8]
Phase: Ai(1)-mm-giada-angels' End of Combat Step
Phase: Ai(1)-mm-giada-angels' Main phase, postcombat
Phase: Ai(1)-mm-giada-angels' End step
Phase: Ai(1)-mm-giada-angels' Cleanup step
Turn: Turn 30 (Ai(2)-mm-nekusar-discard)
Phase: Ai(2)-mm-nekusar-discard's Untap step
Phase: Ai(2)-mm-nekusar-discard's Upkeep step
Phase: Ai(2)-mm-nekusar-discard's Draw step
Add To Stack: Ai(2)-mm-nekusar-discard triggered Nekusar, the Mindrazer
Resolve Stack: At the beginning of each player's draw step, that player draws an additional card. [Phase: Ai(2)-mm-nekusar-discard]
Phase: Ai(2)-mm-nekusar-discard's Main phase, precombat
Mana: Reliquary Tower (177) - {T}: Add {C}.
Mana: Swamp (162) - {T}: Add {B}.
Add To Stack: Ai(2)-mm-nekusar-discard cast Lightning Greaves
Resolve Stack: Lightning Greaves
Add To Stack: Ai(2)-mm-nekusar-discard activated Lightning Greaves targeting [Nekusar, the Mindrazer (201)]
Resolve Stack: Lightning Greaves (193) -  Attach to Nekusar, the Mindrazer (201)
Phase: Ai(2)-mm-nekusar-discard's Beginning of Combat Step
Phase: Ai(2)-mm-nekusar-discard's Declare Attackers Step
Phase: Ai(2)-mm-nekusar-discard's Declare Blockers Step
Phase: Ai(2)-mm-nekusar-discard's First Strike Damage Step
Phase: Ai(2)-mm-nekusar-discard's Combat Damage Step
Phase: Ai(2)-mm-nekusar-discard's End of Combat Step
Phase: Ai(2)-mm-nekusar-discard's Main phase, postcombat
Land: Ai(2)-mm-nekusar-discard played Bloodstained Mire (163)
Life: Life: Ai(2)-mm-nekusar-discard 31 > 30
Zone Change: Bloodstained Mire (163) was put into Graveyard from Battlefield.
Add To Stack: Ai(2)-mm-nekusar-discard activated Bloodstained Mire
Replacement Effect: As Steam Vents enters, you may pay 2 life. If you don't, it enters tapped.
Resolve Stack: Bloodstained Mire (163) - Ai(2)-mm-nekusar-discard searches their library for a Swamp or Mountain card, puts it onto the battlefield, then shuffles.
Mana: Swamp (161) - {T}: Add {B}.
Add To Stack: Ai(2)-mm-nekusar-discard cast Sol Ring
Resolve Stack: Sol Ring
Phase: Ai(2)-mm-nekusar-discard's End step
Phase: Ai(2)-mm-nekusar-discard's Cleanup step
Turn: Turn 31 (Ai(3)-mm-abaddon)
Phase: Ai(3)-mm-abaddon's Untap step
Phase: Ai(3)-mm-abaddon's Upkeep step
Mana: Swamp (249) - {T}: Add {B}.
Mana: Mountain (289) - {T}: Add {R}.
Mana: Swamp (248) - {T}: Add {B}.
Mana: Sulfur Falls (222) - {T}: Add {U} or {R}.
Mana: Steam Vents (260) - {T}: Add {R}.
Add To Stack: Ai(3)-mm-abaddon cast Kill! Maim! Burn!
Mana: Island (349) - {T}: Add {U}.
Add To Stack: Ai(4)-mm-talrand-spells cast Dispel targeting [Choose one or more —
• Destroy target artifact.
• Destroy target creature.
• Kill! Maim! Burn! deals 3 damage to target player.

 Destroy target artifact. Destroy target creature. Kill! Maim! Burn! deals 3 damage to target player.]
Add To Stack: Ai(4)-mm-talrand-spells triggered Archmage of Runes
Add To Stack: Ai(4)-mm-talrand-spells triggered Talrand, Sky Summoner
Resolve Stack: Whenever you cast an instant or sorcery spell, create a 2/2 blue Drake creature token with flying. [Card: Dispel (316), Activator: Ai(4)-mm-talrand-spells, SpellAbility: Counter target instant spell.]
Resolve Stack: Whenever you cast an instant or sorcery spell, draw a card. [Card: Dispel (316), Activator: Ai(4)-mm-talrand-spells, SpellAbility: Counter target instant spell.]
Add To Stack: Ai(2)-mm-nekusar-discard triggered Nekusar, the Mindrazer
Damage: Nekusar, the Mindrazer (201) deals 1 non-combat damage to Ai(4)-mm-talrand-spells.
Life: Life: Ai(4)-mm-talrand-spells 22 > 21
Resolve Stack: Whenever an opponent draws a card, Nekusar, the Mindrazer deals 1 damage to that player. [Player: Ai(4)-mm-talrand-spells]
Zone Change: Send countered spell to Graveyard
Resolve Stack: Dispel (316) - Counter Kill! Maim! Burn! (271).
Phase: Ai(3)-mm-abaddon's Draw step
Add To Stack: Ai(2)-mm-nekusar-discard triggered Nekusar, the Mindrazer
Add To Stack: Ai(2)-mm-nekusar-discard triggered Nekusar, the Mindrazer
Resolve Stack: At the beginning of each player's draw step, that player draws an additional card. [Phase: Ai(3)-mm-abaddon]
Add To Stack: Ai(2)-mm-nekusar-discard triggered Nekusar, the Mindrazer
Damage: Nekusar, the Mindrazer (201) deals 1 non-combat damage to Ai(3)-mm-abaddon.
Life: Life: Ai(3)-mm-abaddon 12 > 11
Resolve Stack: Whenever an opponent draws a card, Nekusar, the Mindrazer deals 1 damage to that player. [Player: Ai(3)-mm-abaddon]
Damage: Nekusar, the Mindrazer (201) deals 1 non-combat damage to Ai(3)-mm-abaddon.
Life: Life: Ai(3)-mm-abaddon 11 > 10
Resolve Stack: Whenever an opponent draws a card, Nekusar, the Mindrazer deals 1 damage to that player. [Player: Ai(3)-mm-abaddon]
Phase: Ai(3)-mm-abaddon's Main phase, precombat
Phase: Ai(3)-mm-abaddon's Beginning of Combat Step
Phase: Ai(3)-mm-abaddon's Declare Attackers Step
Phase: Ai(3)-mm-abaddon's Declare Blockers Step
Phase: Ai(3)-mm-abaddon's First Strike Damage Step
Phase: Ai(3)-mm-abaddon's Combat Damage Step
Phase: Ai(3)-mm-abaddon's End of Combat Step
Phase: Ai(3)-mm-abaddon's Main phase, postcombat
Land: Ai(3)-mm-abaddon played Command Tower (211)
Mana: Sunken Hollow (223) - {T}: Add {B}.
Mana: Command Tower (211) - {T}: Add one mana of any color in your commander's color identity.
Resolve Stack: Ai(3)-mm-abaddon has suspended Profane Tutor with 2 time counters on it.
Damage: Shivan Reef (240) deals 1 non-combat damage to Ai(3)-mm-abaddon.
Life: Life: Ai(3)-mm-abaddon 10 > 9
Mana: Shivan Reef (240) - {T}: Add {U} or {R}. Shivan Reef deals 1 damage to you. 
Resolve Stack: Ai(3)-mm-abaddon has suspended Ancestral Vision with 4 time counters on it.
Phase: Ai(3)-mm-abaddon's End step
Phase: Ai(3)-mm-abaddon's Cleanup step
Turn: Turn 32 (Ai(4)-mm-talrand-spells)
Phase: Ai(4)-mm-talrand-spells' Untap step
Phase: Ai(4)-mm-talrand-spells' Upkeep step
Phase: Ai(4)-mm-talrand-spells' Draw step
Add To Stack: Ai(2)-mm-nekusar-discard triggered Nekusar, the Mindrazer
Add To Stack: Ai(2)-mm-nekusar-discard triggered Nekusar, the Mindrazer
Resolve Stack: At the beginning of each player's draw step, that player draws an additional card. [Phase: Ai(4)-mm-talrand-spells]
Add To Stack: Ai(2)-mm-nekusar-discard triggered Nekusar, the Mindrazer
Damage: Nekusar, the Mindrazer (201) deals 1 non-combat damage to Ai(4)-mm-talrand-spells.
Life: Life: Ai(4)-mm-talrand-spells 21 > 20
Resolve Stack: Whenever an opponent draws a card, Nekusar, the Mindrazer deals 1 damage to that player. [Player: Ai(4)-mm-talrand-spells]
Damage: Nekusar, the Mindrazer (201) deals 1 non-combat damage to Ai(4)-mm-talrand-spells.
Life: Life: Ai(4)-mm-talrand-spells 20 > 19
Resolve Stack: Whenever an opponent draws a card, Nekusar, the Mindrazer deals 1 damage to that player. [Player: Ai(4)-mm-talrand-spells]
Phase: Ai(4)-mm-talrand-spells' Main phase, precombat
Phase: Ai(4)-mm-talrand-spells' Beginning of Combat Step
Phase: Ai(4)-mm-talrand-spells' Declare Attackers Step
Phase: Ai(4)-mm-talrand-spells' Declare Blockers Step
Phase: Ai(4)-mm-talrand-spells' First Strike Damage Step
Phase: Ai(4)-mm-talrand-spells' Combat Damage Step
Phase: Ai(4)-mm-talrand-spells' End of Combat Step
Phase: Ai(4)-mm-talrand-spells' Main phase, postcombat
Mana: Island (339) - {T}: Add {U}.
Mana: Island (350) - {T}: Add {U}.
Mana: Sol Ring (320) - {T}: Add {C}{C}.
Add To Stack: Ai(4)-mm-talrand-spells cast Archaeomancer
Resolve Stack: Archaeomancer - Creature 1 / 2
Add To Stack: Ai(4)-mm-talrand-spells triggered Archaeomancer targeting [Ravenform (375)]
Resolve Stack: When Archaeomancer enters, return target instant or sorcery card from your graveyard to your hand. (Targeting: [[Ravenform (375)]]) [Zone Changer: Archaeomancer (311)]
Mana: Island (337) - {T}: Add {U}.
Mana: Island (349) - {T}: Add {U}.
Add To Stack: Ai(4)-mm-talrand-spells cast Sky Diamond
Replacement Effect: Sky Diamond enters tapped.
Resolve Stack: Sky Diamond
Phase: Ai(4)-mm-talrand-spells' End step
Phase: Ai(4)-mm-talrand-spells' Cleanup step
Turn: Turn 33 (Ai(1)-mm-giada-angels)
Phase: Ai(1)-mm-giada-angels' Untap step
Phase: Ai(1)-mm-giada-angels' Upkeep step
Phase: Ai(1)-mm-giada-angels' Draw step
Add To Stack: Ai(2)-mm-nekusar-discard triggered Nekusar, the Mindrazer
Add To Stack: Ai(2)-mm-nekusar-discard triggered Nekusar, the Mindrazer
Resolve Stack: At the beginning of each player's draw step, that player draws an additional card. [Phase: Ai(1)-mm-giada-angels]
Add To Stack: Ai(2)-mm-nekusar-discard triggered Nekusar, the Mindrazer
Damage: Nekusar, the Mindrazer (201) deals 1 non-combat damage to Ai(1)-mm-giada-angels.
Life: Life: Ai(1)-mm-giada-angels 39 > 38
Resolve Stack: Whenever an opponent draws a card, Nekusar, the Mindrazer deals 1 damage to that player. [Player: Ai(1)-mm-giada-angels]
Damage: Nekusar, the Mindrazer (201) deals 1 non-combat damage to Ai(1)-mm-giada-angels.
Life: Life: Ai(1)-mm-giada-angels 38 > 37
Resolve Stack: Whenever an opponent draws a card, Nekusar, the Mindrazer deals 1 damage to that player. [Player: Ai(1)-mm-giada-angels]
Phase: Ai(1)-mm-giada-angels' Main phase, precombat
Mana: Plains (90) - {T}: Add {W}.
Mana: Plains (81) - {T}: Add {W}.
Mana: Sol Ring (18) - {T}: Add {C}{C}.
Mana: Plains (73) - {T}: Add {W}.
Mana: Plains (84) - {T}: Add {W}.
Mana: Plains (68) - {T}: Add {W}.
Add To Stack: Ai(1)-mm-giada-angels cast Emeria Shepherd
Resolve Stack: Emeria Shepherd - Creature 4 / 4
Mana: Plains (91) - {T}: Add {W}.
Mana: Plains (83) - {T}: Add {W}.
Mana: Plains (75) - {T}: Add {W}.
Mana: Nykthos, Shrine to Nyx (31) - {T}: Add {C}.
Add To Stack: Ai(1)-mm-giada-angels cast Battle Angels of Tyr
Resolve Stack: Battle Angels of Tyr - Creature 4 / 4
Phase: Ai(1)-mm-giada-angels' Beginning of Combat Step
Phase: Ai(1)-mm-giada-angels' Declare Attackers Step
Combat: Ai(1)-mm-giada-angels assigned Sephara, Sky's Blade (23), Lyra Dawnbringer (58) and Angel of Destiny (44) to attack Ai(4)-mm-talrand-spells.
Phase: Ai(1)-mm-giada-angels' Declare Blockers Step
Combat: Ai(4)-mm-talrand-spells assigned Drake Token (419) to block Sephara, Sky's Blade (23).
Ai(4)-mm-talrand-spells didn't block Lyra Dawnbringer (58).
Ai(4)-mm-talrand-spells didn't block Angel of Destiny (44).
Phase: Ai(1)-mm-giada-angels' First Strike Damage Step
Damage: Lyra Dawnbringer (58) deals 5 combat damage to Ai(4)-mm-talrand-spells.
Life: Life: Ai(1)-mm-giada-angels 37 > 42
Damage: Angel of Destiny (44) deals 3 combat damage to Ai(4)-mm-talrand-spells.
Life: Life: Ai(1)-mm-giada-angels 42 > 45
Life: Life: Ai(4)-mm-talrand-spells 19 > 11
Add To Stack: Ai(1)-mm-giada-angels triggered Angel of Destiny
Add To Stack: Ai(1)-mm-giada-angels triggered Angel of Destiny
Life: Life: Ai(1)-mm-giada-angels 45 > 48
Life: Life: Ai(4)-mm-talrand-spells 11 > 14
Resolve Stack: Whenever a creature you control deals combat damage to a player, you and that player each gain that much life. [Damage Source: Angel of Destiny (44), Damaged: Ai(4)-mm-talrand-spells, Amount: 3]
Life: Life: Ai(1)-mm-giada-angels 48 > 53
Life: Life: Ai(4)-mm-talrand-spells 14 > 19
Resolve Stack: Whenever a creature you control deals combat damage to a player, you and that player each gain that much life. [Damage Source: Lyra Dawnbringer (58), Damaged: Ai(4)-mm-talrand-spells, Amount: 5]
Phase: Ai(1)-mm-giada-angels' Combat Damage Step
Damage: Sephara, Sky's Blade (23) deals 8 damage to Drake Token (419).
Life: Life: Ai(1)-mm-giada-angels 53 > 61
Damage: Angel of Destiny (44) deals 3 combat damage to Ai(4)-mm-talrand-spells.
Life: Life: Ai(1)-mm-giada-angels 61 > 64
Damage: Drake Token (419) deals 2 damage to Sephara, Sky's Blade (23).
Life: Life: Ai(4)-mm-talrand-spells 19 > 16
Zone Change: Drake Token (419) was put into Graveyard from Battlefield.
Add To Stack: Ai(1)-mm-giada-angels triggered Angel of Destiny
Life: Life: Ai(1)-mm-giada-angels 64 > 67
Life: Life: Ai(4)-mm-talrand-spells 16 > 19
Resolve Stack: Whenever a creature you control deals combat damage to a player, you and that player each gain that much life. [Damage Source: Angel of Destiny (44), Damaged: Ai(4)-mm-talrand-spells, Amount: 3]
Phase: Ai(1)-mm-giada-angels' End of Combat Step
Phase: Ai(1)-mm-giada-angels' Main phase, postcombat
Phase: Ai(1)-mm-giada-angels' End step
Add To Stack: Ai(1)-mm-giada-angels triggered Angel of Destiny
Resolve Stack: At the beginning of your end step, if you have at least 15 life more than your starting life total, each player Angel of Destiny attacked this turn loses the game. [Phase: Ai(1)-mm-giada-angels]
Phase: Ai(1)-mm-giada-angels' Cleanup step
Turn: Turn 34 (Ai(2)-mm-nekusar-discard)
Phase: Ai(2)-mm-nekusar-discard's Untap step
Phase: Ai(2)-mm-nekusar-discard's Upkeep step
Phase: Ai(2)-mm-nekusar-discard's Draw step
Add To Stack: Ai(2)-mm-nekusar-discard triggered Nekusar, the Mindrazer
Resolve Stack: At the beginning of each player's draw step, that player draws an additional card. [Phase: Ai(2)-mm-nekusar-discard]
Mana: Sulfur Falls (130) - {T}: Add {U} or {R}.
Mana: Reliquary Tower (177) - {T}: Add {C}.
Add To Stack: Ai(2)-mm-nekusar-discard cast Cyclonic Rift targeting [Lyra Dawnbringer (58)]
Resolve Stack: Cyclonic Rift (108) - Return Lyra Dawnbringer (58) to its owner's hand.
Phase: Ai(2)-mm-nekusar-discard's Main phase, precombat
Phase: Ai(2)-mm-nekusar-discard's Beginning of Combat Step
Phase: Ai(2)-mm-nekusar-discard's Declare Attackers Step
Phase: Ai(2)-mm-nekusar-discard's Declare Blockers Step
Phase: Ai(2)-mm-nekusar-discard's First Strike Damage Step
Phase: Ai(2)-mm-nekusar-discard's Combat Damage Step
Phase: Ai(2)-mm-nekusar-discard's End of Combat Step
Phase: Ai(2)-mm-nekusar-discard's Main phase, postcombat
Replacement Effect: Bojuka Bog enters tapped.
Land: Ai(2)-mm-nekusar-discard played Bojuka Bog (151)
Add To Stack: Ai(2)-mm-nekusar-discard triggered Bojuka Bog targeting [Ai(3)-mm-abaddon]
Resolve Stack: When Bojuka Bog enters, exile all cards from target player's graveyard. (Targeting: [[Ai(3)-mm-abaddon]]) [Zone Changer: Bojuka Bog (151)]
Phase: Ai(2)-mm-nekusar-discard's End step
Phase: Ai(2)-mm-nekusar-discard's Cleanup step
Turn: Turn 35 (Ai(3)-mm-abaddon)
Phase: Ai(3)-mm-abaddon's Untap step
Phase: Ai(3)-mm-abaddon's Upkeep step
Add To Stack: Ai(3)-mm-abaddon triggered Profane Tutor
Add To Stack: Ai(3)-mm-abaddon triggered Ancestral Vision
Resolve Stack: At the beginning of your upkeep, if this card is suspended, remove a time counter from it [Phase: Ai(3)-mm-abaddon]
Resolve Stack: At the beginning of your upkeep, if this card is suspended, remove a time counter from it [Phase: Ai(3)-mm-abaddon]
Phase: Ai(3)-mm-abaddon's Draw step
Add To Stack: Ai(2)-mm-nekusar-discard triggered Nekusar, the Mindrazer
Add To Stack: Ai(2)-mm-nekusar-discard triggered Nekusar, the Mindrazer
Resolve Stack: At the beginning of each player's draw step, that player draws an additional card. [Phase: Ai(3)-mm-abaddon]
Add To Stack: Ai(2)-mm-nekusar-discard triggered Nekusar, the Mindrazer
Damage: Nekusar, the Mindrazer (201) deals 1 non-combat damage to Ai(3)-mm-abaddon.
Life: Life: Ai(3)-mm-abaddon 9 > 8
Resolve Stack: Whenever an opponent draws a card, Nekusar, the Mindrazer deals 1 damage to that player. [Player: Ai(3)-mm-abaddon]
Damage: Nekusar, the Mindrazer (201) deals 1 non-combat damage to Ai(3)-mm-abaddon.
Life: Life: Ai(3)-mm-abaddon 8 > 7
Resolve Stack: Whenever an opponent draws a card, Nekusar, the Mindrazer deals 1 damage to that player. [Player: Ai(3)-mm-abaddon]
Phase: Ai(3)-mm-abaddon's Main phase, precombat
Land: Ai(3)-mm-abaddon played Island (226)
Phase: Ai(3)-mm-abaddon's Beginning of Combat Step
Phase: Ai(3)-mm-abaddon's Declare Attackers Step
Phase: Ai(3)-mm-abaddon's Declare Blockers Step
Phase: Ai(3)-mm-abaddon's First Strike Damage Step
Phase: Ai(3)-mm-abaddon's Combat Damage Step
Phase: Ai(3)-mm-abaddon's End of Combat Step
Phase: Ai(3)-mm-abaddon's Main phase, postcombat
Mana: Island (226) - {T}: Add {U}.
Mana: Mountain (289) - {T}: Add {R}.
Mana: Swamp (249) - {T}: Add {B}.
Add To Stack: Ai(3)-mm-abaddon cast Frantic Search
Discard: Ai(3)-mm-abaddon discards Island (227).
Discard: Ai(3)-mm-abaddon discards Blood for the Blood God! (210).
Resolve Stack: Frantic Search (224) - Ai(3)-mm-abaddon draws two cards. Ai(3)-mm-abaddon discards two cards. Untap up to 3 Lands.
Add To Stack: Ai(2)-mm-nekusar-discard triggered Nekusar, the Mindrazer
Add To Stack: Ai(2)-mm-nekusar-discard triggered Nekusar, the Mindrazer
Damage: Nekusar, the Mindrazer (201) deals 1 non-combat damage to Ai(3)-mm-abaddon.
Life: Life: Ai(3)-mm-abaddon 7 > 6
Resolve Stack: Whenever an opponent draws a card, Nekusar, the Mindrazer deals 1 damage to that player. [Player: Ai(3)-mm-abaddon]
Damage: Nekusar, the Mindrazer (201) deals 1 non-combat damage to Ai(3)-mm-abaddon.
Life: Life: Ai(3)-mm-abaddon 6 > 5
Resolve Stack: Whenever an opponent draws a card, Nekusar, the Mindrazer deals 1 damage to that player. [Player: Ai(3)-mm-abaddon]
Mana: Mountain (289) - {T}: Add {R}.
Mana: Swamp (249) - {T}: Add {B}.
Mana: Swamp (248) - {T}: Add {B}.
Mana: Island (226) - {T}: Add {U}.
Mana: Sulfur Falls (222) - {T}: Add {U} or {R}.
Mana: Steam Vents (260) - {T}: Add {R}.
Add To Stack: Ai(3)-mm-abaddon cast Keeper of Secrets
Resolve Stack: Keeper of Secrets - Creature 6 / 4
Phase: Ai(3)-mm-abaddon's End step
Phase: Ai(3)-mm-abaddon's Cleanup step
Turn: Turn 36 (Ai(1)-mm-giada-angels)
Phase: Ai(1)-mm-giada-angels' Untap step
Phase: Ai(1)-mm-giada-angels' Upkeep step
Phase: Ai(1)-mm-giada-angels' Draw step
Add To Stack: Ai(2)-mm-nekusar-discard triggered Nekusar, the Mindrazer
Add To Stack: Ai(2)-mm-nekusar-discard triggered Nekusar, the Mindrazer
Resolve Stack: At the beginning of each player's draw step, that player draws an additional card. [Phase: Ai(1)-mm-giada-angels]
Add To Stack: Ai(2)-mm-nekusar-discard triggered Nekusar, the Mindrazer
Damage: Nekusar, the Mindrazer (201) deals 1 non-combat damage to Ai(1)-mm-giada-angels.
Life: Life: Ai(1)-mm-giada-angels 67 > 66
Resolve Stack: Whenever an opponent draws a card, Nekusar, the Mindrazer deals 1 damage to that player. [Player: Ai(1)-mm-giada-angels]
Damage: Nekusar, the Mindrazer (201) deals 1 non-combat damage to Ai(1)-mm-giada-angels.
Life: Life: Ai(1)-mm-giada-angels 66 > 65
Resolve Stack: Whenever an opponent draws a card, Nekusar, the Mindrazer deals 1 damage to that player. [Player: Ai(1)-mm-giada-angels]
Phase: Ai(1)-mm-giada-angels' Main phase, precombat
Land: Ai(1)-mm-giada-angels played Plains (87)
Add To Stack: Ai(1)-mm-giada-angels triggered Emeria Shepherd targeting [Linvala, Keeper of Silence (21)]
Resolve Stack: Landfall — Whenever a land you control enters, you may return target nonland permanent card from your graveyard to your hand. If that land is a Plains, you may return that nonland permanent card to the battlefield instead. (Targeting: [[Linvala, Keeper of Silence (21)]]) [Zone Changer: Plains (87)]
Mana: Plains (90) - {T}: Add {W}.
Mana: Plains (81) - {T}: Add {W}.
Mana: Sol Ring (18) - {T}: Add {C}{C}.
Mana: Plains (73) - {T}: Add {W}.
Add To Stack: Ai(1)-mm-giada-angels cast Lyra Dawnbringer
Resolve Stack: Lyra Dawnbringer - Creature 5 / 5
Mana: Plains (84) - {T}: Add {W}.
Mana: Plains (68) - {T}: Add {W}.
Mana: Plains (91) - {T}: Add {W}.
Mana: Plains (83) - {T}: Add {W}.
Add To Stack: Ai(1)-mm-giada-angels cast Linvala, Keeper of Silence
Resolve Stack: Linvala, Keeper of Silence - Creature 3 / 4
Phase: Ai(1)-mm-giada-angels' Beginning of Combat Step
Phase: Ai(1)-mm-giada-angels' Declare Attackers Step
Combat: Ai(1)-mm-giada-angels assigned Sephara, Sky's Blade (23), Emeria Shepherd (9), Battle Angels of Tyr (34) and Angel of Destiny (44) to attack Ai(3)-mm-abaddon.
Add To Stack: Ai(1)-mm-giada-angels triggered Battle Angels of Tyr
Resolve Stack: Myriad (Whenever this creature attacks, for each opponent other than defending player, you may create a token that's a copy of this creature that's tapped and attacking that player or a planeswalker they control. Exile the tokens at end of combat.) [Attacker: Battle Angels of Tyr (34)]
Phase: Ai(1)-mm-giada-angels' Declare Blockers Step
Combat: Ai(2)-mm-nekusar-discard didn't block Battle Angels of Tyr (432).
Combat: Ai(3)-mm-abaddon assigned Lord of Change (268) to block Sephara, Sky's Blade (23).
Ai(3)-mm-abaddon didn't block Emeria Shepherd (9).
Ai(3)-mm-abaddon didn't block Battle Angels of Tyr (34).
Ai(3)-mm-abaddon didn't block Angel of Destiny (44).
Phase: Ai(1)-mm-giada-angels' First Strike Damage Step
Damage: Angel of Destiny (44) deals 3 combat damage to Ai(3)-mm-abaddon.
Life: Life: Ai(1)-mm-giada-angels 65 > 68
Life: Life: Ai(3)-mm-abaddon 5 > 2
Add To Stack: Ai(1)-mm-giada-angels triggered Angel of Destiny
Life: Life: Ai(1)-mm-giada-angels 68 > 71
Life: Life: Ai(3)-mm-abaddon 2 > 5
Resolve Stack: Whenever a creature you control deals combat damage to a player, you and that player each gain that much life. [Damage Source: Angel of Destiny (44), Damaged: Ai(3)-mm-abaddon, Amount: 3]
Phase: Ai(1)-mm-giada-angels' Combat Damage Step
Damage: Sephara, Sky's Blade (23) deals 8 damage to Lord of Change (268).
Life: Life: Ai(1)-mm-giada-angels 71 > 79
Damage: Emeria Shepherd (9) deals 5 combat damage to Ai(3)-mm-abaddon.
Life: Life: Ai(1)-mm-giada-angels 79 > 84
Damage: Battle Angels of Tyr (34) deals 5 combat damage to Ai(3)-mm-abaddon.
Life: Life: Ai(1)-mm-giada-angels 84 > 89
Damage: Angel of Destiny (44) deals 3 combat damage to Ai(3)-mm-abaddon.
Life: Life: Ai(1)-mm-giada-angels 89 > 92
Damage: Battle Angels of Tyr (432) deals 5 combat damage to Ai(2)-mm-nekusar-discard.
Life: Life: Ai(1)-mm-giada-angels 92 > 97
Damage: Lord of Change (268) deals 6 damage to Sephara, Sky's Blade (23).
Life: Life: Ai(2)-mm-nekusar-discard 30 > 25
Life: Life: Ai(3)-mm-abaddon 5 > -8
Add To Stack: Ai(1)-mm-giada-angels triggered Angel of Destiny
Add To Stack: Ai(1)-mm-giada-angels triggered Angel of Destiny
Add To Stack: Ai(1)-mm-giada-angels triggered Angel of Destiny
Add To Stack: Ai(1)-mm-giada-angels triggered Angel of Destiny
Add To Stack: Ai(1)-mm-giada-angels triggered Battle Angels of Tyr
Add To Stack: Ai(1)-mm-giada-angels triggered Battle Angels of Tyr
Resolve Stack: Whenever Battle Angels of Tyr deals combat damage to a player, draw a card if that player has more cards in hand than each other player. Then you create a Treasure token if that player controls more lands than each other player. Then you gain 3 life if that player has more life than each other player. [Damage Source: Battle Angels of Tyr (432), Damaged: Ai(2)-mm-nekusar-discard, Amount: 5]
Resolve Stack: Whenever Battle Angels of Tyr deals combat damage to a player, draw a card if that player has more cards in hand than each other player. Then you create a Treasure token if that player controls more lands than each other player. Then you gain 3 life if that player has more life than each other player. [Damage Source: Battle Angels of Tyr (34), Damaged: Ai(3)-mm-abaddon, Amount: 5]
Life: Life: Ai(1)-mm-giada-angels 97 > 102
Life: Life: Ai(2)-mm-nekusar-discard 25 > 30
Resolve Stack: Whenever a creature you control deals combat damage to a player, you and that player each gain that much life. [Damage Source: Battle Angels of Tyr (432), Damaged: Ai(2)-mm-nekusar-discard, Amount: 5]
Life: Life: Ai(1)-mm-giada-angels 102 > 105
Resolve Stack: Whenever a creature you control deals combat damage to a player, you and that player each gain that much life. [Damage Source: Angel of Destiny (44), Damaged: Ai(3)-mm-abaddon, Amount: 3]
Life: Life: Ai(1)-mm-giada-angels 105 > 110
Resolve Stack: Whenever a creature you control deals combat damage to a player, you and that player each gain that much life. [Damage Source: Battle Angels of Tyr (34), Damaged: Ai(3)-mm-abaddon, Amount: 5]
Life: Life: Ai(1)-mm-giada-angels 110 > 115
Resolve Stack: Whenever a creature you control deals combat damage to a player, you and that player each gain that much life. [Damage Source: Emeria Shepherd (9), Damaged: Ai(3)-mm-abaddon, Amount: 5]
Phase: Ai(1)-mm-giada-angels' End of Combat Step
Add To Stack: Ai(1)-mm-giada-angels triggered Battle Angels of Tyr
Zone Change: Battle Angels of Tyr (432) was put into Exile from Battlefield.
Resolve Stack: Exile Battle Angels of Tyr (432) at the end of combat. ([Battle Angels of Tyr (432)]) [Phase: Ai(1)-mm-giada-angels]
Phase: Ai(1)-mm-giada-angels' Main phase, postcombat
Mana: Plains (75) - {T}: Add {W}.
Mana: Plains (87) - {T}: Add {W}.
Mana: Nykthos, Shrine to Nyx (31) - {2}, {T}: Choose a color. Add an amount of mana of that color equal to your devotion to that color. (Your devotion to a color is the number of mana symbols of that color in the mana costs of permanents you control.)  
Add To Stack: Ai(1)-mm-giada-angels cast Court of Grace
Resolve Stack: Court of Grace
Add To Stack: Ai(1)-mm-giada-angels triggered Court of Grace
Resolve Stack: When Court of Grace enters, you become the monarch. [Zone Changer: Court of Grace (53)]
Add To Stack: Ai(1)-mm-giada-angels cast Giada, Font of Hope
Resolve Stack: Giada, Font of Hope - Creature 2 / 2
Phase: Ai(1)-mm-giada-angels' End step
Add To Stack: Ai(1)-mm-giada-angels triggered Angel of Destiny
Add To Stack: Ai(1)-mm-giada-angels triggered The Monarch
Resolve Stack: At the beginning of your end step, draw a card. [Phase: Ai(1)-mm-giada-angels]
Add To Stack: Ai(2)-mm-nekusar-discard triggered Nekusar, the Mindrazer
Damage: Nekusar, the Mindrazer (201) deals 1 non-combat damage to Ai(1)-mm-giada-angels.
Life: Life: Ai(1)-mm-giada-angels 115 > 114
Resolve Stack: Whenever an opponent draws a card, Nekusar, the Mindrazer deals 1 damage to that player. [Player: Ai(1)-mm-giada-angels]
Resolve Stack: At the beginning of your end step, if you have at least 15 life more than your starting life total, each player Angel of Destiny attacked this turn loses the game. [Phase: Ai(1)-mm-giada-angels]
Phase: Ai(1)-mm-giada-angels' Cleanup step
Turn: Turn 37 (Ai(2)-mm-nekusar-discard)
Phase: Ai(2)-mm-nekusar-discard's Untap step
Phase: Ai(2)-mm-nekusar-discard's Upkeep step
Phase: Ai(2)-mm-nekusar-discard's Draw step
Add To Stack: Ai(2)-mm-nekusar-discard triggered Nekusar, the Mindrazer
Resolve Stack: At the beginning of each player's draw step, that player draws an additional card. [Phase: Ai(2)-mm-nekusar-discard]
Phase: Ai(2)-mm-nekusar-discard's Main phase, precombat
Mana: Sulfur Falls (130) - {T}: Add {U} or {R}.
Add To Stack: Ai(2)-mm-nekusar-discard cast Blasphemous Act
Damage: Blasphemous Act (121) deals 13 damage to Sephara, Sky's Blade (23).
Damage: Blasphemous Act (121) deals 13 damage to Angel of Destiny (44).
Damage: Blasphemous Act (121) deals 13 damage to Emeria Shepherd (9).
Damage: Blasphemous Act (121) deals 13 damage to Battle Angels of Tyr (34).
Damage: Blasphemous Act (121) deals 13 damage to Lyra Dawnbringer (58).
Damage: Blasphemous Act (121) deals 13 damage to Linvala, Keeper of Silence (21).
Damage: Blasphemous Act (121) deals 13 damage to Giada, Font of Hope (100).
Damage: Blasphemous Act (121) deals 13 damage to Nekusar, the Mindrazer (201).
Resolve Stack: Blasphemous Act (121) - Deals 13 damage to each creature.
Zone Change: Nekusar, the Mindrazer (201) was put into Graveyard from Battlefield.
Zone Change: Sephara, Sky's Blade (23) was put into Graveyard from Battlefield.
Zone Change: Angel of Destiny (44) was put into Graveyard from Battlefield.
Zone Change: Emeria Shepherd (9) was put into Graveyard from Battlefield.
Zone Change: Battle Angels of Tyr (34) was put into Graveyard from Battlefield.
Zone Change: Lyra Dawnbringer (58) was put into Graveyard from Battlefield.
Zone Change: Linvala, Keeper of Silence (21) was put into Graveyard from Battlefield.
Zone Change: Giada, Font of Hope (100) was put into Graveyard from Battlefield.
Mana: Sunken Hollow (131) - {T}: Add {U}.
Mana: Luxury Suite (143) - {T}: Add {B} or {R}.
Mana: Swamp (162) - {T}: Add {B}.
Mana: Reliquary Tower (177) - {T}: Add {C}.
Mana: Sol Ring (120) - {T}: Add {C}{C}.
Mana: Swamp (161) - {T}: Add {B}.
Mana: Bojuka Bog (151) - {T}: Add {B}.
Mana: Dragonskull Summit (153) - {T}: Add {B} or {R}.
Add To Stack: Ai(2)-mm-nekusar-discard cast Nekusar, the Mindrazer
Resolve Stack: Nekusar, the Mindrazer - Creature 2 / 4
Add To Stack: Ai(2)-mm-nekusar-discard activated Lightning Greaves targeting [Nekusar, the Mindrazer (201)]
Resolve Stack: Lightning Greaves (193) -  Attach to Nekusar, the Mindrazer (201)
Phase: Ai(2)-mm-nekusar-discard's Beginning of Combat Step
Phase: Ai(2)-mm-nekusar-discard's Declare Attackers Step
Combat: Ai(2)-mm-nekusar-discard assigned Nekusar, the Mindrazer (201) to attack Ai(1)-mm-giada-angels.
Phase: Ai(2)-mm-nekusar-discard's Declare Blockers Step
Combat: Ai(1)-mm-giada-angels didn't block Nekusar, the Mindrazer (201).
Phase: Ai(2)-mm-nekusar-discard's First Strike Damage Step
Phase: Ai(2)-mm-nekusar-discard's Combat Damage Step
Damage: Nekusar, the Mindrazer (201) deals 2 combat damage to Ai(1)-mm-giada-angels.
Life: Life: Ai(1)-mm-giada-angels 114 > 112
Add To Stack: Ai(1)-mm-giada-angels triggered The Monarch
Resolve Stack: Whenever a creature deals combat damage to you, its controller becomes the monarch. [Damage Source: Nekusar, the Mindrazer (201), Damaged: Ai(1)-mm-giada-angels, Amount: 2]
Phase: Ai(2)-mm-nekusar-discard's End of Combat Step
Phase: Ai(2)-mm-nekusar-discard's Main phase, postcombat
Phase: Ai(2)-mm-nekusar-discard's End step
Add To Stack: Ai(2)-mm-nekusar-discard triggered The Monarch
Resolve Stack: At the beginning of your end step, draw a card. [Phase: Ai(2)-mm-nekusar-discard]
Phase: Ai(2)-mm-nekusar-discard's Cleanup step
Turn: Turn 38 (Ai(1)-mm-giada-angels)
Phase: Ai(1)-mm-giada-angels' Untap step
Phase: Ai(1)-mm-giada-angels' Upkeep step
Add To Stack: Ai(1)-mm-giada-angels triggered Court of Grace
Resolve Stack: At the beginning of your upkeep, create a 1/1 white Spirit creature token with flying. If you're the monarch, create a 4/4 white Angel creature token with flying instead. [Phase: Ai(1)-mm-giada-angels]
Phase: Ai(1)-mm-giada-angels' Draw step
Add To Stack: Ai(2)-mm-nekusar-discard triggered Nekusar, the Mindrazer
Add To Stack: Ai(2)-mm-nekusar-discard triggered Nekusar, the Mindrazer
Resolve Stack: At the beginning of each player's draw step, that player draws an additional card. [Phase: Ai(1)-mm-giada-angels]
Add To Stack: Ai(2)-mm-nekusar-discard triggered Nekusar, the Mindrazer
Damage: Nekusar, the Mindrazer (201) deals 1 non-combat damage to Ai(1)-mm-giada-angels.
Life: Life: Ai(1)-mm-giada-angels 112 > 111
Resolve Stack: Whenever an opponent draws a card, Nekusar, the Mindrazer deals 1 damage to that player. [Player: Ai(1)-mm-giada-angels]
Damage: Nekusar, the Mindrazer (201) deals 1 non-combat damage to Ai(1)-mm-giada-angels.
Life: Life: Ai(1)-mm-giada-angels 111 > 110
Resolve Stack: Whenever an opponent draws a card, Nekusar, the Mindrazer deals 1 damage to that player. [Player: Ai(1)-mm-giada-angels]
Phase: Ai(1)-mm-giada-angels' Main phase, precombat
Land: Ai(1)-mm-giada-angels played Plains (69)
Mana: Plains (90) - {T}: Add {W}.
Mana: Sol Ring (18) - {T}: Add {C}{C}.
Mana: Plains (81) - {T}: Add {W}.
Mana: Plains (73) - {T}: Add {W}.
Mana: Plains (84) - {T}: Add {W}.
Add To Stack: Ai(1)-mm-giada-angels cast Giada, Font of Hope
Resolve Stack: Giada, Font of Hope - Creature 2 / 2
Mana: Plains (68) - {T}: Add {W}.
Add To Stack: Ai(1)-mm-giada-angels activated Swiftfoot Boots targeting [Giada, Font of Hope (100)]
Resolve Stack: Swiftfoot Boots (41) -  Attach to Giada, Font of Hope (100)
Phase: Ai(1)-mm-giada-angels' Beginning of Combat Step
Phase: Ai(1)-mm-giada-angels' Declare Attackers Step
Combat: Ai(1)-mm-giada-angels assigned Giada, Font of Hope (100) to attack Ai(2)-mm-nekusar-discard.
Phase: Ai(1)-mm-giada-angels' Declare Blockers Step
Combat: Ai(2)-mm-nekusar-discard didn't block Giada, Font of Hope (100).
Phase: Ai(1)-mm-giada-angels' First Strike Damage Step
Phase: Ai(1)-mm-giada-angels' Combat Damage Step
Damage: Giada, Font of Hope (100) deals 2 combat damage to Ai(2)-mm-nekusar-discard.
Life: Life: Ai(2)-mm-nekusar-discard 30 > 28
Add To Stack: Ai(2)-mm-nekusar-discard triggered The Monarch
Resolve Stack: Whenever a creature deals combat damage to you, its controller becomes the monarch. [Damage Source: Giada, Font of Hope (100), Damaged: Ai(2)-mm-nekusar-discard, Amount: 2]
Phase: Ai(1)-mm-giada-angels' End of Combat Step
Phase: Ai(1)-mm-giada-angels' Main phase, postcombat
Mana: Plains (91) - {T}: Add {W}.
Mana: Plains (83) - {T}: Add {W}.
Mana: Plains (75) - {T}: Add {W}.
Mana: Plains (87) - {T}: Add {W}.
Mana: Plains (69) - {T}: Add {W}.
Add To Stack: Ai(1)-mm-giada-angels cast Vanquisher's Banner
Replacement Effect: As Vanquisher's Banner enters, choose a creature type.
Resolve Stack: Vanquisher's Banner
Phase: Ai(1)-mm-giada-angels' End step
Add To Stack: Ai(1)-mm-giada-angels triggered The Monarch
Resolve Stack: At the beginning of your end step, draw a card. [Phase: Ai(1)-mm-giada-angels]
Add To Stack: Ai(2)-mm-nekusar-discard triggered Nekusar, the Mindrazer
Damage: Nekusar, the Mindrazer (201) deals 1 non-combat damage to Ai(1)-mm-giada-angels.
Life: Life: Ai(1)-mm-giada-angels 110 > 109
Resolve Stack: Whenever an opponent draws a card, Nekusar, the Mindrazer deals 1 damage to that player. [Player: Ai(1)-mm-giada-angels]
Phase: Ai(1)-mm-giada-angels' Cleanup step
Turn: Turn 39 (Ai(2)-mm-nekusar-discard)
Phase: Ai(2)-mm-nekusar-discard's Untap step
Phase: Ai(2)-mm-nekusar-discard's Upkeep step
Phase: Ai(2)-mm-nekusar-discard's Draw step
Add To Stack: Ai(2)-mm-nekusar-discard triggered Nekusar, the Mindrazer
Resolve Stack: At the beginning of each player's draw step, that player draws an additional card. [Phase: Ai(2)-mm-nekusar-discard]
Phase: Ai(2)-mm-nekusar-discard's Main phase, precombat
Land: Ai(2)-mm-nekusar-discard played Mountain (185)
Phase: Ai(2)-mm-nekusar-discard's Beginning of Combat Step
Phase: Ai(2)-mm-nekusar-discard's Declare Attackers Step
Phase: Ai(2)-mm-nekusar-discard's Declare Blockers Step
Phase: Ai(2)-mm-nekusar-discard's First Strike Damage Step
Phase: Ai(2)-mm-nekusar-discard's Combat Damage Step
Phase: Ai(2)-mm-nekusar-discard's End of Combat Step
Phase: Ai(2)-mm-nekusar-discard's Main phase, postcombat
Mana: Swamp (162) - {T}: Add {B}.
Mana: Swamp (161) - {T}: Add {B}.
Mana: Reliquary Tower (177) - {T}: Add {C}.
Mana: Sol Ring (120) - {T}: Add {C}{C}.
Add To Stack: Ai(2)-mm-nekusar-discard cast Seizan, Perverter of Truth
Resolve Stack: Seizan, Perverter of Truth - Creature 6 / 5
Mana: Bojuka Bog (151) - {T}: Add {B}.
Mana: Luxury Suite (143) - {T}: Add {B} or {R}.
Mana: Mountain (185) - {T}: Add {R}.
Mana: Sulfur Falls (130) - {T}: Add {U} or {R}.
Mana: Dragonskull Summit (153) - {T}: Add {B} or {R}.
Add To Stack: Ai(2)-mm-nekusar-discard cast Ob Nixilis, the Hate-Twisted
Replacement Effect: Ob Nixilis, the Hate-Twisted enters with five loyalty counters on it.
Resolve Stack: Ob Nixilis, the Hate-Twisted
Add To Stack: Ai(2)-mm-nekusar-discard activated Ob Nixilis, the Hate-Twisted targeting [Spirit Token (436)]
Zone Change: Spirit Token (436) was put into Graveyard from Battlefield.
Resolve Stack: Ob Nixilis, the Hate-Twisted (135) - Destroy Spirit Token (436). Ai(1)-mm-giada-angels draws two cards.
Add To Stack: Ai(2)-mm-nekusar-discard triggered Nekusar, the Mindrazer
Add To Stack: Ai(2)-mm-nekusar-discard triggered Ob Nixilis, the Hate-Twisted
Add To Stack: Ai(2)-mm-nekusar-discard triggered Nekusar, the Mindrazer
Add To Stack: Ai(2)-mm-nekusar-discard triggered Ob Nixilis, the Hate-Twisted
Damage: Ob Nixilis, the Hate-Twisted (135) deals 1 non-combat damage to Ai(1)-mm-giada-angels.
Life: Life: Ai(1)-mm-giada-angels 109 > 108
Resolve Stack: Whenever an opponent draws a card, Ob Nixilis, the Hate-Twisted deals 1 damage to that player. [Player: Ai(1)-mm-giada-angels]
Damage: Nekusar, the Mindrazer (201) deals 1 non-combat damage to Ai(1)-mm-giada-angels.
Life: Life: Ai(1)-mm-giada-angels 108 > 107
Resolve Stack: Whenever an opponent draws a card, Nekusar, the Mindrazer deals 1 damage to that player. [Player: Ai(1)-mm-giada-angels]
Damage: Ob Nixilis, the Hate-Twisted (135) deals 1 non-combat damage to Ai(1)-mm-giada-angels.
Life: Life: Ai(1)-mm-giada-angels 107 > 106
Resolve Stack: Whenever an opponent draws a card, Ob Nixilis, the Hate-Twisted deals 1 damage to that player. [Player: Ai(1)-mm-giada-angels]
Damage: Nekusar, the Mindrazer (201) deals 1 non-combat damage to Ai(1)-mm-giada-angels.
Life: Life: Ai(1)-mm-giada-angels 106 > 105
Resolve Stack: Whenever an opponent draws a card, Nekusar, the Mindrazer deals 1 damage to that player. [Player: Ai(1)-mm-giada-angels]
Phase: Ai(2)-mm-nekusar-discard's End step
Phase: Ai(2)-mm-nekusar-discard's Cleanup step
Turn: Turn 40 (Ai(1)-mm-giada-angels)
Phase: Ai(1)-mm-giada-angels' Untap step
Phase: Ai(1)-mm-giada-angels' Upkeep step
Add To Stack: Ai(1)-mm-giada-angels triggered Court of Grace
Add To Stack: Ai(2)-mm-nekusar-discard triggered Seizan, Perverter of Truth
Life: Life: Ai(1)-mm-giada-angels 105 > 103
Resolve Stack: At the beginning of each player's upkeep, that player loses 2 life and draws two cards. [Phase: Ai(1)-mm-giada-angels]
Add To Stack: Ai(2)-mm-nekusar-discard triggered Nekusar, the Mindrazer
Add To Stack: Ai(2)-mm-nekusar-discard triggered Ob Nixilis, the Hate-Twisted
Add To Stack: Ai(2)-mm-nekusar-discard triggered Nekusar, the Mindrazer
Add To Stack: Ai(2)-mm-nekusar-discard triggered Ob Nixilis, the Hate-Twisted
Damage: Ob Nixilis, the Hate-Twisted (135) deals 1 non-combat damage to Ai(1)-mm-giada-angels.
Life: Life: Ai(1)-mm-giada-angels 103 > 102
Resolve Stack: Whenever an opponent draws a card, Ob Nixilis, the Hate-Twisted deals 1 damage to that player. [Player: Ai(1)-mm-giada-angels]
Damage: Nekusar, the Mindrazer (201) deals 1 non-combat damage to Ai(1)-mm-giada-angels.
Life: Life: Ai(1)-mm-giada-angels 102 > 101
Resolve Stack: Whenever an opponent draws a card, Nekusar, the Mindrazer deals 1 damage to that player. [Player: Ai(1)-mm-giada-angels]
Damage: Ob Nixilis, the Hate-Twisted (135) deals 1 non-combat damage to Ai(1)-mm-giada-angels.
Life: Life: Ai(1)-mm-giada-angels 101 > 100
Resolve Stack: Whenever an opponent draws a card, Ob Nixilis, the Hate-Twisted deals 1 damage to that player. [Player: Ai(1)-mm-giada-angels]
Damage: Nekusar, the Mindrazer (201) deals 1 non-combat damage to Ai(1)-mm-giada-angels.
Life: Life: Ai(1)-mm-giada-angels 100 > 99
Resolve Stack: Whenever an opponent draws a card, Nekusar, the Mindrazer deals 1 damage to that player. [Player: Ai(1)-mm-giada-angels]
Replacement Effect: Each other Angel you control enters with an additional +1/+1 counter on it for each Angel you already control.
Resolve Stack: At the beginning of your upkeep, create a 1/1 white Spirit creature token with flying. If you're the monarch, create a 4/4 white Angel creature token with flying instead. [Phase: Ai(1)-mm-giada-angels]
Phase: Ai(1)-mm-giada-angels' Draw step
Add To Stack: Ai(2)-mm-nekusar-discard triggered Nekusar, the Mindrazer
Add To Stack: Ai(2)-mm-nekusar-discard triggered Ob Nixilis, the Hate-Twisted
Add To Stack: Ai(2)-mm-nekusar-discard triggered Nekusar, the Mindrazer
Resolve Stack: At the beginning of each player's draw step, that player draws an additional card. [Phase: Ai(1)-mm-giada-angels]
Add To Stack: Ai(2)-mm-nekusar-discard triggered Nekusar, the Mindrazer
Add To Stack: Ai(2)-mm-nekusar-discard triggered Ob Nixilis, the Hate-Twisted
Damage: Ob Nixilis, the Hate-Twisted (135) deals 1 non-combat damage to Ai(1)-mm-giada-angels.
Life: Life: Ai(1)-mm-giada-angels 99 > 98
Resolve Stack: Whenever an opponent draws a card, Ob Nixilis, the Hate-Twisted deals 1 damage to that player. [Player: Ai(1)-mm-giada-angels]
Damage: Nekusar, the Mindrazer (201) deals 1 non-combat damage to Ai(1)-mm-giada-angels.
Life: Life: Ai(1)-mm-giada-angels 98 > 97
Resolve Stack: Whenever an opponent draws a card, Nekusar, the Mindrazer deals 1 damage to that player. [Player: Ai(1)-mm-giada-angels]
Damage: Ob Nixilis, the Hate-Twisted (135) deals 1 non-combat damage to Ai(1)-mm-giada-angels.
Life: Life: Ai(1)-mm-giada-angels 97 > 96
Resolve Stack: Whenever an opponent draws a card, Ob Nixilis, the Hate-Twisted deals 1 damage to that player. [Player: Ai(1)-mm-giada-angels]
Damage: Nekusar, the Mindrazer (201) deals 1 non-combat damage to Ai(1)-mm-giada-angels.
Life: Life: Ai(1)-mm-giada-angels 96 > 95
Resolve Stack: Whenever an opponent draws a card, Nekusar, the Mindrazer deals 1 damage to that player. [Player: Ai(1)-mm-giada-angels]
Phase: Ai(1)-mm-giada-angels' Main phase, precombat
Land: Ai(1)-mm-giada-angels played Plains (78)
Mana: Plains (90) - {T}: Add {W}.
Mana: Plains (81) - {T}: Add {W}.
Mana: Plains (73) - {T}: Add {W}.
Mana: Sol Ring (18) - {T}: Add {C}{C}.
Add To Stack: Ai(1)-mm-giada-angels cast Angel of Jubilation
Add To Stack: Ai(1)-mm-giada-angels triggered Giada, Font of Hope
Add To Stack: Ai(1)-mm-giada-angels triggered Vanquisher's Banner
Resolve Stack: Whenever you cast a creature spell of the chosen type, draw a card. [Card: Angel of Jubilation (36), Activator: Ai(1)-mm-giada-angels, SpellAbility: Angel of Jubilation - Creature 3 / 3]
Add To Stack: Ai(2)-mm-nekusar-discard triggered Nekusar, the Mindrazer
Add To Stack: Ai(2)-mm-nekusar-discard triggered Ob Nixilis, the Hate-Twisted
Damage: Ob Nixilis, the Hate-Twisted (135) deals 1 non-combat damage to Ai(1)-mm-giada-angels.
Life: Life: Ai(1)-mm-giada-angels 95 > 94
Resolve Stack: Whenever an opponent draws a card, Ob Nixilis, the Hate-Twisted deals 1 damage to that player. [Player: Ai(1)-mm-giada-angels]
Damage: Nekusar, the Mindrazer (201) deals 1 non-combat damage to Ai(1)-mm-giada-angels.
Life: Life: Ai(1)-mm-giada-angels 94 > 93
Resolve Stack: Whenever an opponent draws a card, Nekusar, the Mindrazer deals 1 damage to that player. [Player: Ai(1)-mm-giada-angels]
Resolve Stack: Whenever you cast a spell that shares a creature type with this creature, draw a card. This ability triggers only once each turn. [Card: Angel of Jubilation (36), Activator: Ai(1)-mm-giada-angels, SpellAbility: Angel of Jubilation - Creature 3 / 3]
Add To Stack: Ai(2)-mm-nekusar-discard triggered Nekusar, the Mindrazer
Add To Stack: Ai(2)-mm-nekusar-discard triggered Ob Nixilis, the Hate-Twisted
Damage: Ob Nixilis, the Hate-Twisted (135) deals 1 non-combat damage to Ai(1)-mm-giada-angels.
Life: Life: Ai(1)-mm-giada-angels 93 > 92
Resolve Stack: Whenever an opponent draws a card, Ob Nixilis, the Hate-Twisted deals 1 damage to that player. [Player: Ai(1)-mm-giada-angels]
Damage: Nekusar, the Mindrazer (201) deals 1 non-combat damage to Ai(1)-mm-giada-angels.
Life: Life: Ai(1)-mm-giada-angels 92 > 91
Resolve Stack: Whenever an opponent draws a card, Nekusar, the Mindrazer deals 1 damage to that player. [Player: Ai(1)-mm-giada-angels]
Replacement Effect: Each other Angel you control enters with an additional +1/+1 counter on it for each Angel you already control.
Resolve Stack: Angel of Jubilation - Creature 3 / 3
Mana: Plains (84) - {T}: Add {W}.
Mana: Plains (68) - {T}: Add {W}.
Mana: Plains (91) - {T}: Add {W}.
Add To Stack: Ai(1)-mm-giada-angels cast Thraben Watcher
Add To Stack: Ai(1)-mm-giada-angels triggered Vanquisher's Banner
Resolve Stack: Whenever you cast a creature spell of the chosen type, draw a card. [Card: Thraben Watcher (32), Activator: Ai(1)-mm-giada-angels, SpellAbility: Thraben Watcher - Creature 2 / 2]
Add To Stack: Ai(2)-mm-nekusar-discard triggered Nekusar, the Mindrazer
Add To Stack: Ai(2)-mm-nekusar-discard triggered Ob Nixilis, the Hate-Twisted
Damage: Ob Nixilis, the Hate-Twisted (135) deals 1 non-combat damage to Ai(1)-mm-giada-angels.
Life: Life: Ai(1)-mm-giada-angels 91 > 90
Resolve Stack: Whenever an opponent draws a card, Ob Nixilis, the Hate-Twisted deals 1 damage to that player. [Player: Ai(1)-mm-giada-angels]
Damage: Nekusar, the Mindrazer (201) deals 1 non-combat damage to Ai(1)-mm-giada-angels.
Life: Life: Ai(1)-mm-giada-angels 90 > 89
Resolve Stack: Whenever an opponent draws a card, Nekusar, the Mindrazer deals 1 damage to that player. [Player: Ai(1)-mm-giada-angels]
Replacement Effect: Each other Angel you control enters with an additional +1/+1 counter on it for each Angel you already control.
Resolve Stack: Thraben Watcher - Creature 2 / 2
Mana: Plains (83) - {T}: Add {W}.
Mana: Plains (75) - {T}: Add {W}.
Mana: Plains (87) - {T}: Add {W}.
Add To Stack: Ai(1)-mm-giada-angels cast Angel of Vitality
Add To Stack: Ai(1)-mm-giada-angels triggered Vanquisher's Banner
Resolve Stack: Whenever you cast a creature spell of the chosen type, draw a card. [Card: Angel of Vitality (19), Activator: Ai(1)-mm-giada-angels, SpellAbility: Angel of Vitality - Creature 2 / 2]
Add To Stack: Ai(2)-mm-nekusar-discard triggered Nekusar, the Mindrazer
Add To Stack: Ai(2)-mm-nekusar-discard triggered Ob Nixilis, the Hate-Twisted
Damage: Ob Nixilis, the Hate-Twisted (135) deals 1 non-combat damage to Ai(1)-mm-giada-angels.
Life: Life: Ai(1)-mm-giada-angels 89 > 88
Resolve Stack: Whenever an opponent draws a card, Ob Nixilis, the Hate-Twisted deals 1 damage to that player. [Player: Ai(1)-mm-giada-angels]
Damage: Nekusar, the Mindrazer (201) deals 1 non-combat damage to Ai(1)-mm-giada-angels.
Life: Life: Ai(1)-mm-giada-angels 88 > 87
Resolve Stack: Whenever an opponent draws a card, Nekusar, the Mindrazer deals 1 damage to that player. [Player: Ai(1)-mm-giada-angels]
Replacement Effect: Each other Angel you control enters with an additional +1/+1 counter on it for each Angel you already control.
Resolve Stack: Angel of Vitality - Creature 2 / 2
Phase: Ai(1)-mm-giada-angels' Beginning of Combat Step
Phase: Ai(1)-mm-giada-angels' Declare Attackers Step
Combat: Ai(1)-mm-giada-angels assigned Giada, Font of Hope (100) to attack Ob Nixilis, the Hate-Twisted (135).
Phase: Ai(1)-mm-giada-angels' Declare Blockers Step
Combat: Ai(2)-mm-nekusar-discard didn't block Giada, Font of Hope (100).
Phase: Ai(1)-mm-giada-angels' First Strike Damage Step
Phase: Ai(1)-mm-giada-angels' Combat Damage Step
Zone Change: Ob Nixilis, the Hate-Twisted (135) was put into Graveyard from Battlefield.
Phase: Ai(1)-mm-giada-angels' End of Combat Step
Phase: Ai(1)-mm-giada-angels' Main phase, postcombat
Mana: Plains (69) - {T}: Add {W}.
Mana: Plains (78) - {T}: Add {W}.
Mana: Nykthos, Shrine to Nyx (31) - {T}: Add {C}.
Add To Stack: Ai(1)-mm-giada-angels cast Herald's Horn
Replacement Effect: As Herald's Horn enters, choose a creature type.
Resolve Stack: Herald's Horn
Phase: Ai(1)-mm-giada-angels' End step
Add To Stack: Ai(1)-mm-giada-angels triggered The Monarch
Resolve Stack: At the beginning of your end step, draw a card. [Phase: Ai(1)-mm-giada-angels]
Add To Stack: Ai(2)-mm-nekusar-discard triggered Nekusar, the Mindrazer
Damage: Nekusar, the Mindrazer (201) deals 1 non-combat damage to Ai(1)-mm-giada-angels.
Life: Life: Ai(1)-mm-giada-angels 87 > 86
Resolve Stack: Whenever an opponent draws a card, Nekusar, the Mindrazer deals 1 damage to that player. [Player: Ai(1)-mm-giada-angels]
Phase: Ai(1)-mm-giada-angels' Cleanup step
Discard: Ai(1)-mm-giada-angels discards Plains (85).
Discard: Ai(1)-mm-giada-angels discards Plains (89).
Discard: Ai(1)-mm-giada-angels discards Plains (88).
Turn: Turn 41 (Ai(2)-mm-nekusar-discard)
Phase: Ai(2)-mm-nekusar-discard's Untap step
Phase: Ai(2)-mm-nekusar-discard's Upkeep step
Add To Stack: Ai(2)-mm-nekusar-discard triggered Seizan, Perverter of Truth
Life: Life: Ai(2)-mm-nekusar-discard 28 > 26
Resolve Stack: At the beginning of each player's upkeep, that player loses 2 life and draws two cards. [Phase: Ai(2)-mm-nekusar-discard]
Phase: Ai(2)-mm-nekusar-discard's Draw step
Add To Stack: Ai(2)-mm-nekusar-discard triggered Nekusar, the Mindrazer
Resolve Stack: At the beginning of each player's draw step, that player draws an additional card. [Phase: Ai(2)-mm-nekusar-discard]
Phase: Ai(2)-mm-nekusar-discard's Main phase, precombat
Phase: Ai(2)-mm-nekusar-discard's Beginning of Combat Step
Phase: Ai(2)-mm-nekusar-discard's Declare Attackers Step
Phase: Ai(2)-mm-nekusar-discard's Declare Blockers Step
Phase: Ai(2)-mm-nekusar-discard's First Strike Damage Step
Phase: Ai(2)-mm-nekusar-discard's Combat Damage Step
Phase: Ai(2)-mm-nekusar-discard's End of Combat Step
Phase: Ai(2)-mm-nekusar-discard's Main phase, postcombat
Mana: Swamp (162) - {T}: Add {B}.
Mana: Swamp (161) - {T}: Add {B}.
Mana: Reliquary Tower (177) - {T}: Add {C}.
Mana: Sol Ring (120) - {T}: Add {C}{C}.
Add To Stack: Ai(2)-mm-nekusar-discard cast Sheoldred, the Apocalypse
Resolve Stack: Sheoldred, the Apocalypse - Creature 4 / 5
Mana: Mountain (185) - {T}: Add {R}.
Mana: Sulfur Falls (130) - {T}: Add {U} or {R}.
Mana: Bojuka Bog (151) - {T}: Add {B}.
Add To Stack: Ai(2)-mm-nekusar-discard cast Solphim, Mayhem Dominus
Resolve Stack: Solphim, Mayhem Dominus - Creature 5 / 4
Mana: Luxury Suite (143) - {T}: Add {B} or {R}.
Mana: Dragonskull Summit (153) - {T}: Add {B} or {R}.
Mana: Steam Vents (167) - {T}: Add {R}.
Mana: Sunken Hollow (131) - {T}: Add {B}.
Add To Stack: Ai(2)-mm-nekusar-discard cast Teferi's Puzzle Box
Resolve Stack: Teferi's Puzzle Box
Phase: Ai(2)-mm-nekusar-discard's End step
Phase: Ai(2)-mm-nekusar-discard's Cleanup step
Turn: Turn 42 (Ai(1)-mm-giada-angels)
Phase: Ai(1)-mm-giada-angels' Untap step
Phase: Ai(1)-mm-giada-angels' Upkeep step
Add To Stack: Ai(1)-mm-giada-angels triggered Court of Grace
Add To Stack: Ai(1)-mm-giada-angels triggered Herald's Horn
Add To Stack: Ai(2)-mm-nekusar-discard triggered Seizan, Perverter of Truth
Life: Life: Ai(1)-mm-giada-angels 86 > 84
Resolve Stack: At the beginning of each player's upkeep, that player loses 2 life and draws two cards. [Phase: Ai(1)-mm-giada-angels]
Add To Stack: Ai(2)-mm-nekusar-discard triggered Nekusar, the Mindrazer
Add To Stack: Ai(2)-mm-nekusar-discard triggered Sheoldred, the Apocalypse
Add To Stack: Ai(2)-mm-nekusar-discard triggered Nekusar, the Mindrazer
Add To Stack: Ai(2)-mm-nekusar-discard triggered Sheoldred, the Apocalypse
Life: Life: Ai(1)-mm-giada-angels 84 > 82
Resolve Stack: Whenever an opponent draws a card, they lose 2 life. [Player: Ai(1)-mm-giada-angels]
Replacement Effect: If a source you control would deal noncombat damage to an opponent or a permanent an opponent controls, it deals double that damage to that player or permanent instead.
Damage: Nekusar, the Mindrazer (201) deals 2 non-combat damage to Ai(1)-mm-giada-angels.
Life: Life: Ai(1)-mm-giada-angels 82 > 80
Resolve Stack: Whenever an opponent draws a card, Nekusar, the Mindrazer deals 1 damage to that player. [Player: Ai(1)-mm-giada-angels]
Life: Life: Ai(1)-mm-giada-angels 80 > 78
Resolve Stack: Whenever an opponent draws a card, they lose 2 life. [Player: Ai(1)-mm-giada-angels]
Replacement Effect: If a source you control would deal noncombat damage to an opponent or a permanent an opponent controls, it deals double that damage to that player or permanent instead.
Damage: Nekusar, the Mindrazer (201) deals 2 non-combat damage to Ai(1)-mm-giada-angels.
Life: Life: Ai(1)-mm-giada-angels 78 > 76
Resolve Stack: Whenever an opponent draws a card, Nekusar, the Mindrazer deals 1 damage to that player. [Player: Ai(1)-mm-giada-angels]
Resolve Stack: At the beginning of your upkeep, look at the top card of your library. If it's a creature card of the chosen type, you may reveal it and put it into your hand. [Phase: Ai(1)-mm-giada-angels]
Replacement Effect: Each other Angel you control enters with an additional +1/+1 counter on it for each Angel you already control.
Resolve Stack: At the beginning of your upkeep, create a 1/1 white Spirit creature token with flying. If you're the monarch, create a 4/4 white Angel creature token with flying instead. [Phase: Ai(1)-mm-giada-angels]
Phase: Ai(1)-mm-giada-angels' Draw step
Add To Stack: Ai(2)-mm-nekusar-discard triggered Nekusar, the Mindrazer
Add To Stack: Ai(2)-mm-nekusar-discard triggered Sheoldred, the Apocalypse
Add To Stack: Ai(2)-mm-nekusar-discard triggered Teferi's Puzzle Box
Add To Stack: Ai(2)-mm-nekusar-discard triggered Nekusar, the Mindrazer
Resolve Stack: At the beginning of each player's draw step, that player draws an additional card. [Phase: Ai(1)-mm-giada-angels]
Add To Stack: Ai(2)-mm-nekusar-discard triggered Nekusar, the Mindrazer
Add To Stack: Ai(2)-mm-nekusar-discard triggered Sheoldred, the Apocalypse
Life: Life: Ai(1)-mm-giada-angels 76 > 74
Resolve Stack: Whenever an opponent draws a card, they lose 2 life. [Player: Ai(1)-mm-giada-angels]
Replacement Effect: If a source you control would deal noncombat damage to an opponent or a permanent an opponent controls, it deals double that damage to that player or permanent instead.
Damage: Nekusar, the Mindrazer (201) deals 2 non-combat damage to Ai(1)-mm-giada-angels.
Life: Life: Ai(1)-mm-giada-angels 74 > 72
Resolve Stack: Whenever an opponent draws a card, Nekusar, the Mindrazer deals 1 damage to that player. [Player: Ai(1)-mm-giada-angels]
Resolve Stack: At the beginning of each player's draw step, that player puts the cards in their hand on the bottom of their library in any order, then draws that many cards. [Phase: Ai(1)-mm-giada-angels]
Add To Stack: Ai(2)-mm-nekusar-discard triggered Nekusar, the Mindrazer
Add To Stack: Ai(2)-mm-nekusar-discard triggered Sheoldred, the Apocalypse
Add To Stack: Ai(2)-mm-nekusar-discard triggered Nekusar, the Mindrazer
Add To Stack: Ai(2)-mm-nekusar-discard triggered Sheoldred, the Apocalypse
Add To Stack: Ai(2)-mm-nekusar-discard triggered Nekusar, the Mindrazer
Add To Stack: Ai(2)-mm-nekusar-discard triggered Sheoldred, the Apocalypse
Add To Stack: Ai(2)-mm-nekusar-discard triggered Nekusar, the Mindrazer
Add To Stack: Ai(2)-mm-nekusar-discard triggered Sheoldred, the Apocalypse
Add To Stack: Ai(2)-mm-nekusar-discard triggered Nekusar, the Mindrazer
Add To Stack: Ai(2)-mm-nekusar-discard triggered Sheoldred, the Apocalypse
Add To Stack: Ai(2)-mm-nekusar-discard triggered Nekusar, the Mindrazer
Add To Stack: Ai(2)-mm-nekusar-discard triggered Sheoldred, the Apocalypse
Add To Stack: Ai(2)-mm-nekusar-discard triggered Nekusar, the Mindrazer
Add To Stack: Ai(2)-mm-nekusar-discard triggered Sheoldred, the Apocalypse
Add To Stack: Ai(2)-mm-nekusar-discard triggered Nekusar, the Mindrazer
Add To Stack: Ai(2)-mm-nekusar-discard triggered Sheoldred, the Apocalypse
Add To Stack: Ai(2)-mm-nekusar-discard triggered Nekusar, the Mindrazer
Add To Stack: Ai(2)-mm-nekusar-discard triggered Sheoldred, the Apocalypse
Add To Stack: Ai(2)-mm-nekusar-discard triggered Nekusar, the Mindrazer
Add To Stack: Ai(2)-mm-nekusar-discard triggered Sheoldred, the Apocalypse
Add To Stack: Ai(2)-mm-nekusar-discard triggered Nekusar, the Mindrazer
Add To Stack: Ai(2)-mm-nekusar-discard triggered Sheoldred, the Apocalypse
Add To Stack: Ai(2)-mm-nekusar-discard triggered Nekusar, the Mindrazer
Add To Stack: Ai(2)-mm-nekusar-discard triggered Sheoldred, the Apocalypse
Mana: Plains (90) - {T}: Add {W}.
Add To Stack: Ai(1)-mm-giada-angels cast Swords to Plowshares targeting [Seizan, Perverter of Truth (119)]
Zone Change: Seizan, Perverter of Truth (119) was put into Exile from Battlefield.
Life: Life: Ai(2)-mm-nekusar-discard 26 > 32
Resolve Stack: Swords to Plowshares (45) - Exile Seizan, Perverter of Truth (119). Ai(2)-mm-nekusar-discard gains life equal to its power.
Mana: Plains (81) - {T}: Add {W}.
Mana: Sol Ring (18) - {T}: Add {C}{C}.
Add To Stack: Ai(1)-mm-giada-angels cast Stroke of Midnight targeting [Sheoldred, the Apocalypse (126)]
Zone Change: Sheoldred, the Apocalypse (126) was put into Graveyard from Battlefield.
Resolve Stack: Stroke of Midnight (65) - Destroy Sheoldred, the Apocalypse (126). 
Life: Life: Ai(1)-mm-giada-angels 72 > 70
Resolve Stack: Whenever an opponent draws a card, they lose 2 life. [Player: Ai(1)-mm-giada-angels]
Replacement Effect: If a source you control would deal noncombat damage to an opponent or a permanent an opponent controls, it deals double that damage to that player or permanent instead.
Damage: Nekusar, the Mindrazer (201) deals 2 non-combat damage to Ai(1)-mm-giada-angels.
Life: Life: Ai(1)-mm-giada-angels 70 > 68
Resolve Stack: Whenever an opponent draws a card, Nekusar, the Mindrazer deals 1 damage to that player. [Player: Ai(1)-mm-giada-angels]
Life: Life: Ai(1)-mm-giada-angels 68 > 66
Resolve Stack: Whenever an opponent draws a card, they lose 2 life. [Player: Ai(1)-mm-giada-angels]
Replacement Effect: If a source you control would deal noncombat damage to an opponent or a permanent an opponent controls, it deals double that damage to that player or permanent instead.
Damage: Nekusar, the Mindrazer (201) deals 2 non-combat damage to Ai(1)-mm-giada-angels.
Life: Life: Ai(1)-mm-giada-angels 66 > 64
Resolve Stack: Whenever an opponent draws a card, Nekusar, the Mindrazer deals 1 damage to that player. [Player: Ai(1)-mm-giada-angels]
Life: Life: Ai(1)-mm-giada-angels 64 > 62
Resolve Stack: Whenever an opponent draws a card, they lose 2 life. [Player: Ai(1)-mm-giada-angels]
Replacement Effect: If a source you control would deal noncombat damage to an opponent or a permanent an opponent controls, it deals double that damage to that player or permanent instead.
Damage: Nekusar, the Mindrazer (201) deals 2 non-combat damage to Ai(1)-mm-giada-angels.
Life: Life: Ai(1)-mm-giada-angels 62 > 60
Resolve Stack: Whenever an opponent draws a card, Nekusar, the Mindrazer deals 1 damage to that player. [Player: Ai(1)-mm-giada-angels]
Life: Life: Ai(1)-mm-giada-angels 60 > 58
Resolve Stack: Whenever an opponent draws a card, they lose 2 life. [Player: Ai(1)-mm-giada-angels]
Replacement Effect: If a source you control would deal noncombat damage to an opponent or a permanent an opponent controls, it deals double that damage to that player or permanent instead.
Damage: Nekusar, the Mindrazer (201) deals 2 non-combat damage to Ai(1)-mm-giada-angels.
Life: Life: Ai(1)-mm-giada-angels 58 > 56
Resolve Stack: Whenever an opponent draws a card, Nekusar, the Mindrazer deals 1 damage to that player. [Player: Ai(1)-mm-giada-angels]
Life: Life: Ai(1)-mm-giada-angels 56 > 54
Resolve Stack: Whenever an opponent draws a card, they lose 2 life. [Player: Ai(1)-mm-giada-angels]
Replacement Effect: If a source you control would deal noncombat damage to an opponent or a permanent an opponent controls, it deals double that damage to that player or permanent instead.
Damage: Nekusar, the Mindrazer (201) deals 2 non-combat damage to Ai(1)-mm-giada-angels.
Life: Life: Ai(1)-mm-giada-angels 54 > 52
Resolve Stack: Whenever an opponent draws a card, Nekusar, the Mindrazer deals 1 damage to that player. [Player: Ai(1)-mm-giada-angels]
Life: Life: Ai(1)-mm-giada-angels 52 > 50
Resolve Stack: Whenever an opponent draws a card, they lose 2 life. [Player: Ai(1)-mm-giada-angels]
Replacement Effect: If a source you control would deal noncombat damage to an opponent or a permanent an opponent controls, it deals double that damage to that player or permanent instead.
Damage: Nekusar, the Mindrazer (201) deals 2 non-combat damage to Ai(1)-mm-giada-angels.
Life: Life: Ai(1)-mm-giada-angels 50 > 48
Resolve Stack: Whenever an opponent draws a card, Nekusar, the Mindrazer deals 1 damage to that player. [Player: Ai(1)-mm-giada-angels]
Life: Life: Ai(1)-mm-giada-angels 48 > 46
Resolve Stack: Whenever an opponent draws a card, they lose 2 life. [Player: Ai(1)-mm-giada-angels]
Replacement Effect: If a source you control would deal noncombat damage to an opponent or a permanent an opponent controls, it deals double that damage to that player or permanent instead.
Damage: Nekusar, the Mindrazer (201) deals 2 non-combat damage to Ai(1)-mm-giada-angels.
Life: Life: Ai(1)-mm-giada-angels 46 > 44
Resolve Stack: Whenever an opponent draws a card, Nekusar, the Mindrazer deals 1 damage to that player. [Player: Ai(1)-mm-giada-angels]
Life: Life: Ai(1)-mm-giada-angels 44 > 42
Resolve Stack: Whenever an opponent draws a card, they lose 2 life. [Player: Ai(1)-mm-giada-angels]
Replacement Effect: If a source you control would deal noncombat damage to an opponent or a permanent an opponent controls, it deals double that damage to that player or permanent instead.
Damage: Nekusar, the Mindrazer (201) deals 2 non-combat damage to Ai(1)-mm-giada-angels.
Life: Life: Ai(1)-mm-giada-angels 42 > 40
Resolve Stack: Whenever an opponent draws a card, Nekusar, the Mindrazer deals 1 damage to that player. [Player: Ai(1)-mm-giada-angels]
Life: Life: Ai(1)-mm-giada-angels 40 > 38
Resolve Stack: Whenever an opponent draws a card, they lose 2 life. [Player: Ai(1)-mm-giada-angels]
Replacement Effect: If a source you control would deal noncombat damage to an opponent or a permanent an opponent controls, it deals double that damage to that player or permanent instead.
Damage: Nekusar, the Mindrazer (201) deals 2 non-combat damage to Ai(1)-mm-giada-angels.
Life: Life: Ai(1)-mm-giada-angels 38 > 36
Resolve Stack: Whenever an opponent draws a card, Nekusar, the Mindrazer deals 1 damage to that player. [Player: Ai(1)-mm-giada-angels]
Life: Life: Ai(1)-mm-giada-angels 36 > 34
Resolve Stack: Whenever an opponent draws a card, they lose 2 life. [Player: Ai(1)-mm-giada-angels]
Replacement Effect: If a source you control would deal noncombat damage to an opponent or a permanent an opponent controls, it deals double that damage to that player or permanent instead.
Damage: Nekusar, the Mindrazer (201) deals 2 non-combat damage to Ai(1)-mm-giada-angels.
Life: Life: Ai(1)-mm-giada-angels 34 > 32
Resolve Stack: Whenever an opponent draws a card, Nekusar, the Mindrazer deals 1 damage to that player. [Player: Ai(1)-mm-giada-angels]
Life: Life: Ai(1)-mm-giada-angels 32 > 30
Resolve Stack: Whenever an opponent draws a card, they lose 2 life. [Player: Ai(1)-mm-giada-angels]
Replacement Effect: If a source you control would deal noncombat damage to an opponent or a permanent an opponent controls, it deals double that damage to that player or permanent instead.
Damage: Nekusar, the Mindrazer (201) deals 2 non-combat damage to Ai(1)-mm-giada-angels.
Life: Life: Ai(1)-mm-giada-angels 30 > 28
Resolve Stack: Whenever an opponent draws a card, Nekusar, the Mindrazer deals 1 damage to that player. [Player: Ai(1)-mm-giada-angels]
Life: Life: Ai(1)-mm-giada-angels 28 > 26
Resolve Stack: Whenever an opponent draws a card, they lose 2 life. [Player: Ai(1)-mm-giada-angels]
Replacement Effect: If a source you control would deal noncombat damage to an opponent or a permanent an opponent controls, it deals double that damage to that player or permanent instead.
Damage: Nekusar, the Mindrazer (201) deals 2 non-combat damage to Ai(1)-mm-giada-angels.
Life: Life: Ai(1)-mm-giada-angels 26 > 24
Resolve Stack: Whenever an opponent draws a card, Nekusar, the Mindrazer deals 1 damage to that player. [Player: Ai(1)-mm-giada-angels]
Life: Life: Ai(1)-mm-giada-angels 24 > 22
Resolve Stack: Whenever an opponent draws a card, they lose 2 life. [Player: Ai(1)-mm-giada-angels]
Replacement Effect: If a source you control would deal noncombat damage to an opponent or a permanent an opponent controls, it deals double that damage to that player or permanent instead.
Damage: Nekusar, the Mindrazer (201) deals 2 non-combat damage to Ai(1)-mm-giada-angels.
Life: Life: Ai(1)-mm-giada-angels 22 > 20
Resolve Stack: Whenever an opponent draws a card, Nekusar, the Mindrazer deals 1 damage to that player. [Player: Ai(1)-mm-giada-angels]
Phase: Ai(1)-mm-giada-angels' Main phase, precombat
Land: Ai(1)-mm-giada-angels played Plains (77)
Mana: Plains (73) - {T}: Add {W}.
Mana: Plains (84) - {T}: Add {W}.
Mana: Plains (68) - {T}: Add {W}.
Mana: Plains (91) - {T}: Add {W}.
Mana: Plains (83) - {T}: Add {W}.
Mana: Plains (75) - {T}: Add {W}.
Add To Stack: Ai(1)-mm-giada-angels cast Farewell
Zone Change: Swiftfoot Boots (41) was put into Exile from Battlefield.
Zone Change: Sol Ring (18) was put into Exile from Battlefield.
Zone Change: Vanquisher's Banner (64) was put into Exile from Battlefield.
Zone Change: Herald's Horn (54) was put into Exile from Battlefield.
Zone Change: Talisman of Dominance (102) was put into Exile from Battlefield.
Zone Change: Lightning Greaves (193) was put into Exile from Battlefield.
Zone Change: Sol Ring (120) was put into Exile from Battlefield.
Zone Change: Teferi's Puzzle Box (146) was put into Exile from Battlefield.
Zone Change: Giada, Font of Hope (100) was put into Exile from Battlefield.
Zone Change: Angel Token (438) was put into Exile from Battlefield.
Zone Change: Angel of Jubilation (36) was put into Exile from Battlefield.
Zone Change: Thraben Watcher (32) was put into Exile from Battlefield.
Zone Change: Angel of Vitality (19) was put into Exile from Battlefield.
Zone Change: Angel Token (440) was put into Exile from Battlefield.
Zone Change: Nekusar, the Mindrazer (201) was put into Exile from Battlefield.
Zone Change: Solphim, Mayhem Dominus (112) was put into Exile from Battlefield.
Zone Change: Human Token (442) was put into Exile from Battlefield.
Zone Change: Land Tax (60) was put into Exile from Battlefield.
Zone Change: Folk Hero (30) was put into Exile from Battlefield.
Zone Change: Court of Grace (53) was put into Exile from Battlefield.
Resolve Stack: Farewell (20) -  Exile all artifacts. Exile all creatures. Exile all enchantments. Exile all graveyards.
Phase: Ai(1)-mm-giada-angels' Beginning of Combat Step
Phase: Ai(1)-mm-giada-angels' Declare Attackers Step
Phase: Ai(1)-mm-giada-angels' Declare Blockers Step
Phase: Ai(1)-mm-giada-angels' First Strike Damage Step
Phase: Ai(1)-mm-giada-angels' Combat Damage Step
Phase: Ai(1)-mm-giada-angels' End of Combat Step
Phase: Ai(1)-mm-giada-angels' Main phase, postcombat
Mana: Plains (87) - {T}: Add {W}.
Mana: Plains (69) - {T}: Add {W}.
Mana: Plains (78) - {T}: Add {W}.
Mana: Plains (77) - {T}: Add {W}.
Mana: Nykthos, Shrine to Nyx (31) - {T}: Add {C}.
Add To Stack: Ai(1)-mm-giada-angels cast Baneslayer Angel
Resolve Stack: Baneslayer Angel - Creature 5 / 5
Phase: Ai(1)-mm-giada-angels' End step
Add To Stack: Ai(1)-mm-giada-angels triggered The Monarch
Resolve Stack: At the beginning of your end step, draw a card. [Phase: Ai(1)-mm-giada-angels]
Phase: Ai(1)-mm-giada-angels' Cleanup step
Discard: Ai(1)-mm-giada-angels discards Authority of the Consuls (96).
Turn: Turn 43 (Ai(2)-mm-nekusar-discard)
Phase: Ai(2)-mm-nekusar-discard's Untap step
Phase: Ai(2)-mm-nekusar-discard's Upkeep step
Phase: Ai(2)-mm-nekusar-discard's Draw step
Phase: Ai(2)-mm-nekusar-discard's Main phase, precombat
Land: Ai(2)-mm-nekusar-discard played Command Tower (115)
Phase: Ai(2)-mm-nekusar-discard's Beginning of Combat Step
Phase: Ai(2)-mm-nekusar-discard's Declare Attackers Step
Phase: Ai(2)-mm-nekusar-discard's Declare Blockers Step
Phase: Ai(2)-mm-nekusar-discard's First Strike Damage Step
Phase: Ai(2)-mm-nekusar-discard's Combat Damage Step
Phase: Ai(2)-mm-nekusar-discard's End of Combat Step
Phase: Ai(2)-mm-nekusar-discard's Main phase, postcombat
Mana: Sulfur Falls (130) - {T}: Add {U} or {R}.
Mana: Mountain (185) - {T}: Add {R}.
Mana: Swamp (162) - {T}: Add {B}.
Mana: Reliquary Tower (177) - {T}: Add {C}.
Mana: Swamp (161) - {T}: Add {B}.
Mana: Bojuka Bog (151) - {T}: Add {B}.
Mana: Luxury Suite (143) - {T}: Add {B} or {R}.
Mana: Dragonskull Summit (153) - {T}: Add {B} or {R}.
Mana: Steam Vents (167) - {T}: Add {R}.
Mana: Sunken Hollow (131) - {T}: Add {B}.
Mana: Command Tower (115) - {T}: Add one mana of any color in your commander's color identity.
Add To Stack: Ai(2)-mm-nekusar-discard cast Nekusar, the Mindrazer
Resolve Stack: Nekusar, the Mindrazer - Creature 2 / 4
Phase: Ai(2)-mm-nekusar-discard's End step
Phase: Ai(2)-mm-nekusar-discard's Cleanup step
Turn: Turn 44 (Ai(1)-mm-giada-angels)
Phase: Ai(1)-mm-giada-angels' Untap step
Phase: Ai(1)-mm-giada-angels' Upkeep step
Phase: Ai(1)-mm-giada-angels' Draw step
Add To Stack: Ai(2)-mm-nekusar-discard triggered Nekusar, the Mindrazer
Add To Stack: Ai(2)-mm-nekusar-discard triggered Nekusar, the Mindrazer
Mana: Plains (90) - {T}: Add {W}.
Mana: Plains (81) - {T}: Add {W}.
Mana: Plains (73) - {T}: Add {W}.
Add To Stack: Ai(1)-mm-giada-angels cast Generous Gift targeting [Nekusar, the Mindrazer (201)]
Zone Change: Nekusar, the Mindrazer (201) was put into Graveyard from Battlefield.
Resolve Stack: Generous Gift (42) - Destroy Nekusar, the Mindrazer (201). 
Resolve Stack: At the beginning of each player's draw step, that player draws an additional card. [Phase: Ai(1)-mm-giada-angels]
Damage: Nekusar, the Mindrazer (201) deals 1 non-combat damage to Ai(1)-mm-giada-angels.
Life: Life: Ai(1)-mm-giada-angels 20 > 19
Resolve Stack: Whenever an opponent draws a card, Nekusar, the Mindrazer deals 1 damage to that player. [Player: Ai(1)-mm-giada-angels]
Phase: Ai(1)-mm-giada-angels' Main phase, precombat
Phase: Ai(1)-mm-giada-angels' Beginning of Combat Step
Phase: Ai(1)-mm-giada-angels' Declare Attackers Step
Combat: Ai(1)-mm-giada-angels assigned Baneslayer Angel (39) to attack Ai(2)-mm-nekusar-discard.
Phase: Ai(1)-mm-giada-angels' Declare Blockers Step
Combat: Ai(2)-mm-nekusar-discard didn't block Baneslayer Angel (39).
Phase: Ai(1)-mm-giada-angels' First Strike Damage Step
Damage: Baneslayer Angel (39) deals 5 combat damage to Ai(2)-mm-nekusar-discard.
Life: Life: Ai(1)-mm-giada-angels 19 > 24
Life: Life: Ai(2)-mm-nekusar-discard 32 > 27
Phase: Ai(1)-mm-giada-angels' Combat Damage Step
Phase: Ai(1)-mm-giada-angels' End of Combat Step
Phase: Ai(1)-mm-giada-angels' Main phase, postcombat
Mana: Plains (84) - {T}: Add {W}.
Mana: Plains (68) - {T}: Add {W}.
Mana: Plains (91) - {T}: Add {W}.
Mana: Plains (83) - {T}: Add {W}.
Add To Stack: Ai(1)-mm-giada-angels cast Gisela, the Broken Blade
Resolve Stack: Gisela, the Broken Blade - Creature 4 / 3
Mana: Plains (75) - {T}: Add {W}.
Mana: Plains (87) - {T}: Add {W}.
Mana: Plains (69) - {T}: Add {W}.
Add To Stack: Ai(1)-mm-giada-angels cast Resplendent Angel
Resolve Stack: Resplendent Angel - Creature 3 / 3
Mana: Plains (78) - {T}: Add {W}.
Mana: Plains (77) - {T}: Add {W}.
Add To Stack: Ai(1)-mm-giada-angels cast Pearl Medallion
Resolve Stack: Pearl Medallion
Phase: Ai(1)-mm-giada-angels' End step
Add To Stack: Ai(1)-mm-giada-angels triggered The Monarch
Add To Stack: Ai(1)-mm-giada-angels triggered Resplendent Angel
Resolve Stack: At the beginning of each end step, if you gained 5 or more life this turn, create a 4/4 white Angel creature token with flying and vigilance. [Phase: Ai(1)-mm-giada-angels]
Resolve Stack: At the beginning of your end step, draw a card. [Phase: Ai(1)-mm-giada-angels]
Phase: Ai(1)-mm-giada-angels' Cleanup step
Turn: Turn 45 (Ai(2)-mm-nekusar-discard)
Phase: Ai(2)-mm-nekusar-discard's Untap step
Phase: Ai(2)-mm-nekusar-discard's Upkeep step
Phase: Ai(2)-mm-nekusar-discard's Draw step
Phase: Ai(2)-mm-nekusar-discard's Main phase, precombat
Phase: Ai(2)-mm-nekusar-discard's Beginning of Combat Step
Phase: Ai(2)-mm-nekusar-discard's Declare Attackers Step
Phase: Ai(2)-mm-nekusar-discard's Declare Blockers Step
Phase: Ai(2)-mm-nekusar-discard's First Strike Damage Step
Phase: Ai(2)-mm-nekusar-discard's Combat Damage Step
Phase: Ai(2)-mm-nekusar-discard's End of Combat Step
Phase: Ai(2)-mm-nekusar-discard's Main phase, postcombat
Mana: Swamp (162) - {T}: Add {B}.
Mana: Swamp (161) - {T}: Add {B}.
Mana: Bojuka Bog (151) - {T}: Add {B}.
Add To Stack: Ai(2)-mm-nekusar-discard cast Underworld Dreams
Resolve Stack: Underworld Dreams
Phase: Ai(2)-mm-nekusar-discard's End step
Phase: Ai(2)-mm-nekusar-discard's Cleanup step
Turn: Turn 46 (Ai(1)-mm-giada-angels)
Phase: Ai(1)-mm-giada-angels' Untap step
Phase: Ai(1)-mm-giada-angels' Upkeep step
Phase: Ai(1)-mm-giada-angels' Draw step
Add To Stack: Ai(2)-mm-nekusar-discard triggered Underworld Dreams
Damage: Underworld Dreams (123) deals 1 non-combat damage to Ai(1)-mm-giada-angels.
Life: Life: Ai(1)-mm-giada-angels 24 > 23
Resolve Stack: Whenever an opponent draws a card, Underworld Dreams deals 1 damage to that player. [Player: Ai(1)-mm-giada-angels]
Phase: Ai(1)-mm-giada-angels' Main phase, precombat
Land: Ai(1)-mm-giada-angels played Plains (79)
Phase: Ai(1)-mm-giada-angels' Beginning of Combat Step
Phase: Ai(1)-mm-giada-angels' Declare Attackers Step
Combat: Ai(1)-mm-giada-angels assigned Baneslayer Angel (39), Gisela, the Broken Blade (13), Resplendent Angel (1) and Angel Token (447) to attack Ai(2)-mm-nekusar-discard.
Phase: Ai(1)-mm-giada-angels' Declare Blockers Step
Combat: Ai(2)-mm-nekusar-discard didn't block Baneslayer Angel (39).
Ai(2)-mm-nekusar-discard didn't block Gisela, the Broken Blade (13).
Ai(2)-mm-nekusar-discard didn't block Resplendent Angel (1).
Ai(2)-mm-nekusar-discard didn't block Angel Token (447).
Mana: Plains (90) - {T}: Add {W}.
Mana: Plains (81) - {T}: Add {W}.
Mana: Plains (73) - {T}: Add {W}.
Mana: Plains (84) - {T}: Add {W}.
Mana: Plains (68) - {T}: Add {W}.
Mana: Plains (91) - {T}: Add {W}.
Add To Stack: Ai(1)-mm-giada-angels activated Resplendent Angel
Resolve Stack: Resplendent Angel (1) - Resplendent Angel (1) gets +2/+2 and gains lifelink until end of turn.
Phase: Ai(1)-mm-giada-angels' First Strike Damage Step
Damage: Baneslayer Angel (39) deals 5 combat damage to Ai(2)-mm-nekusar-discard.
Life: Life: Ai(1)-mm-giada-angels 23 > 28
Damage: Gisela, the Broken Blade (13) deals 4 combat damage to Ai(2)-mm-nekusar-discard.
Life: Life: Ai(1)-mm-giada-angels 28 > 32
Life: Life: Ai(2)-mm-nekusar-discard 27 > 18
Phase: Ai(1)-mm-giada-angels' Combat Damage Step
Damage: Resplendent Angel (1) deals 5 combat damage to Ai(2)-mm-nekusar-discard.
Life: Life: Ai(1)-mm-giada-angels 32 > 37
Damage: Angel Token (447) deals 4 combat damage to Ai(2)-mm-nekusar-discard.
Life: Life: Ai(2)-mm-nekusar-discard 18 > 9
Phase: Ai(1)-mm-giada-angels' End of Combat Step
Phase: Ai(1)-mm-giada-angels' Main phase, postcombat
Mana: Plains (83) - {T}: Add {W}.
Mana: Plains (75) - {T}: Add {W}.
Mana: Plains (87) - {T}: Add {W}.
Mana: Plains (69) - {T}: Add {W}.
Mana: Plains (78) - {T}: Add {W}.
Mana: Plains (77) - {T}: Add {W}.
Mana: Plains (79) - {T}: Add {W}.
Add To Stack: Ai(1)-mm-giada-angels cast Avacyn, Angel of Hope
Resolve Stack: Avacyn, Angel of Hope - Creature 8 / 8
Phase: Ai(1)-mm-giada-angels' End step
Add To Stack: Ai(1)-mm-giada-angels triggered The Monarch
Add To Stack: Ai(1)-mm-giada-angels triggered Resplendent Angel
Resolve Stack: At the beginning of each end step, if you gained 5 or more life this turn, create a 4/4 white Angel creature token with flying and vigilance. [Phase: Ai(1)-mm-giada-angels]
Resolve Stack: At the beginning of your end step, draw a card. [Phase: Ai(1)-mm-giada-angels]
Add To Stack: Ai(2)-mm-nekusar-discard triggered Underworld Dreams
Damage: Underworld Dreams (123) deals 1 non-combat damage to Ai(1)-mm-giada-angels.
Life: Life: Ai(1)-mm-giada-angels 37 > 36
Resolve Stack: Whenever an opponent draws a card, Underworld Dreams deals 1 damage to that player. [Player: Ai(1)-mm-giada-angels]
Phase: Ai(1)-mm-giada-angels' Cleanup step
Turn: Turn 47 (Ai(2)-mm-nekusar-discard)
Phase: Ai(2)-mm-nekusar-discard's Untap step
Phase: Ai(2)-mm-nekusar-discard's Upkeep step
Phase: Ai(2)-mm-nekusar-discard's Draw step
Phase: Ai(2)-mm-nekusar-discard's Main phase, precombat
Phase: Ai(2)-mm-nekusar-discard's Beginning of Combat Step
Phase: Ai(2)-mm-nekusar-discard's Declare Attackers Step
Phase: Ai(2)-mm-nekusar-discard's Declare Blockers Step
Phase: Ai(2)-mm-nekusar-discard's First Strike Damage Step
Phase: Ai(2)-mm-nekusar-discard's Combat Damage Step
Phase: Ai(2)-mm-nekusar-discard's End of Combat Step
Phase: Ai(2)-mm-nekusar-discard's Main phase, postcombat
Mana: Sulfur Falls (130) - {T}: Add {U} or {R}.
Mana: Sunken Hollow (131) - {T}: Add {U}.
Add To Stack: Ai(2)-mm-nekusar-discard cast Kami of the Crescent Moon
Resolve Stack: Kami of the Crescent Moon - Creature 1 / 3
Phase: Ai(2)-mm-nekusar-discard's End step
Phase: Ai(2)-mm-nekusar-discard's Cleanup step
Turn: Turn 48 (Ai(1)-mm-giada-angels)
Phase: Ai(1)-mm-giada-angels' Untap step
Phase: Ai(1)-mm-giada-angels' Upkeep step
Phase: Ai(1)-mm-giada-angels' Draw step
Add To Stack: Ai(2)-mm-nekusar-discard triggered Underworld Dreams
Add To Stack: Ai(2)-mm-nekusar-discard triggered Kami of the Crescent Moon
Resolve Stack: At the beginning of each player's draw step, that player draws an additional card. [Phase: Ai(1)-mm-giada-angels]
Add To Stack: Ai(2)-mm-nekusar-discard triggered Underworld Dreams
Damage: Underworld Dreams (123) deals 1 non-combat damage to Ai(1)-mm-giada-angels.
Life: Life: Ai(1)-mm-giada-angels 36 > 35
Resolve Stack: Whenever an opponent draws a card, Underworld Dreams deals 1 damage to that player. [Player: Ai(1)-mm-giada-angels]
Damage: Underworld Dreams (123) deals 1 non-combat damage to Ai(1)-mm-giada-angels.
Life: Life: Ai(1)-mm-giada-angels 35 > 34
Resolve Stack: Whenever an opponent draws a card, Underworld Dreams deals 1 damage to that player. [Player: Ai(1)-mm-giada-angels]
Phase: Ai(1)-mm-giada-angels' Main phase, precombat
Phase: Ai(1)-mm-giada-angels' Beginning of Combat Step
Phase: Ai(1)-mm-giada-angels' Declare Attackers Step
Combat: Ai(1)-mm-giada-angels assigned Avacyn, Angel of Hope (51), Baneslayer Angel (39), Gisela, the Broken Blade (13), Angel Token (447), Angel Token (450) and Resplendent Angel (1) to attack Ai(2)-mm-nekusar-discard.
Phase: Ai(1)-mm-giada-angels' Declare Blockers Step
Combat: Ai(2)-mm-nekusar-discard didn't block Avacyn, Angel of Hope (51).
Ai(2)-mm-nekusar-discard didn't block Baneslayer Angel (39).
Ai(2)-mm-nekusar-discard didn't block Gisela, the Broken Blade (13).
Ai(2)-mm-nekusar-discard didn't block Angel Token (447).
Ai(2)-mm-nekusar-discard didn't block Angel Token (450).
Ai(2)-mm-nekusar-discard didn't block Resplendent Angel (1).
Mana: Plains (90) - {T}: Add {W}.
Mana: Plains (81) - {T}: Add {W}.
Mana: Plains (73) - {T}: Add {W}.
Mana: Plains (84) - {T}: Add {W}.
Mana: Plains (68) - {T}: Add {W}.
Mana: Plains (91) - {T}: Add {W}.
Add To Stack: Ai(1)-mm-giada-angels activated Resplendent Angel
Resolve Stack: Resplendent Angel (1) - Resplendent Angel (1) gets +2/+2 and gains lifelink until end of turn.
Mana: Plains (83) - {T}: Add {W}.
Mana: Plains (75) - {T}: Add {W}.
Mana: Plains (87) - {T}: Add {W}.
Mana: Plains (69) - {T}: Add {W}.
Mana: Plains (78) - {T}: Add {W}.
Mana: Plains (77) - {T}: Add {W}.
Add To Stack: Ai(1)-mm-giada-angels activated Resplendent Angel
Resolve Stack: Resplendent Angel (1) - Resplendent Angel (1) gets +2/+2 and gains lifelink until end of turn.
Phase: Ai(1)-mm-giada-angels' First Strike Damage Step
Damage: Baneslayer Angel (39) deals 5 combat damage to Ai(2)-mm-nekusar-discard.
Life: Life: Ai(1)-mm-giada-angels 34 > 39
Damage: Gisela, the Broken Blade (13) deals 4 combat damage to Ai(2)-mm-nekusar-discard.
Life: Life: Ai(1)-mm-giada-angels 39 > 43
Life: Life: Ai(2)-mm-nekusar-discard 9 > 0
Player Control: Ai(1)-mm-giada-angels has restored control over themself
Player Control: Ai(2)-mm-nekusar-discard has restored control over themself
Player Control: Ai(3)-mm-abaddon has restored control over themself
Player Control: Ai(4)-mm-talrand-spells has restored control over themself
Game Outcome: Turn 24
Game Outcome: Ai(1)-mm-giada-angels has won because all opponents have lost
Game Outcome: Ai(2)-mm-nekusar-discard has lost because life total reached 0
Game Outcome: Ai(3)-mm-abaddon has lost because life total reached 0
Game Outcome: Ai(4)-mm-talrand-spells has lost due to effect of spell 'Angel of Destiny'
Match Result: Ai(1)-mm-giada-angels: 1 Ai(2)-mm-nekusar-discard: 1 Ai(3)-mm-abaddon: 0 Ai(4)-mm-talrand-spells: 0 

Game Result: Game 2 ended in 217232 ms. Ai(1)-mm-giada-angels has won!

