Error handling registered!
14:33:50 [INFO ] GuiBase: ##########################################
14:33:50 [INFO ] GuiBase: APP: Forge v.2.0.14-SNAPSHOT-08.08
14:33:50 [INFO ] GuiBase: Java: 21.0.9 (Oracle Corporation)
14:33:50 [INFO ] GuiBase: OS: Mac OS X 26.3 aarch64
14:33:50 [INFO ] GuiBase: RAM: 4096 MB max, 8 CPUs
14:33:50 [INFO ] GuiBase: ##########################################
Language 'en-US' loaded successfully.
(ThreadUtil first call): Running with priority 5
Read cards: 33617 archived files in 1 ms (25 parts) using thread pool
Upcoming set Star Trek (TRK) dated in the future. All `upcoming` cards will be added to this set with unknown rarity.
The card A-Alrund's Epiphany was not assigned to any set. Adding it to UNKNOWN set... to fix see res/editions/ folder. 
The card A-Baba Lysaga, Night Witch was not assigned to any set. Adding it to UNKNOWN set... to fix see res/editions/ folder. 
The card A-Divide by Zero was not assigned to any set. Adding it to UNKNOWN set... to fix see res/editions/ folder. 
The card A-Esika's Chariot was not assigned to any set. Adding it to UNKNOWN set... to fix see res/editions/ folder. 
The card A-Faceless Haven was not assigned to any set. Adding it to UNKNOWN set... to fix see res/editions/ folder. 
The card A-Fires of Invention was not assigned to any set. Adding it to UNKNOWN set... to fix see res/editions/ folder. 
The card A-Goldspan Dragon was not assigned to any set. Adding it to UNKNOWN set... to fix see res/editions/ folder. 
The card A-Hullbreaker Horror was not assigned to any set. Adding it to UNKNOWN set... to fix see res/editions/ folder. 
The card A-Kumano Faces Kakkazan was not assigned to any set. Adding it to UNKNOWN set... to fix see res/editions/ folder. 
The card A-Luminarch Aspirant was not assigned to any set. Adding it to UNKNOWN set... to fix see res/editions/ folder. 
The card A-Monster Manual was not assigned to any set. Adding it to UNKNOWN set... to fix see res/editions/ folder. 
The card A-Omnath, Locus of Creation was not assigned to any set. Adding it to UNKNOWN set... to fix see res/editions/ folder. 
The card A-The Meathook Massacre was not assigned to any set. Adding it to UNKNOWN set... to fix see res/editions/ folder. 
The card A-Unholy Heat was not assigned to any set. Adding it to UNKNOWN set... to fix see res/editions/ folder. 
The card Blinding Radiance was not assigned to any set. Adding it to UNKNOWN set... to fix see res/editions/ folder. 
The card Goblin Bruiser was not assigned to any set. Adding it to UNKNOWN set... to fix see res/editions/ folder. 
The card Ogre Painbringer was not assigned to any set. Adding it to UNKNOWN set... to fix see res/editions/ folder. 
The card Titanic Pelagosaur was not assigned to any set. Adding it to UNKNOWN set... to fix see res/editions/ folder. 
The card Treetop Recluse was not assigned to any set. Adding it to UNKNOWN set... to fix see res/editions/ folder. 
Upcoming set Star Trek (TRK) dated in the future. All `upcoming` cards will be added to this set with unknown rarity.
Read cards: 836 files in 0 ms (8 parts) using thread pool
Simulation mode
Ai(1)-mm-nekusar-discard [Experimental] vs Ai(2)-mm-abaddon [Experimental] vs Ai(3)-mm-talrand-spells [Experimental] vs Ai(4)-mm-giada-angels [Experimental] - two games of Commander seed 1995879009
Warning: default (ie. inherited from base class) implementation of confirmAction is used by Giada, Font of Hope for forge.ai.ability.PermanentCreatureAi. Consider declaring an overloaded method
Warning: default (ie. inherited from base class) implementation of confirmAction is used by Giada, Font of Hope for forge.ai.ability.PermanentCreatureAi. Consider declaring an overloaded method
Mulligan: Ai(3)-mm-talrand-spells has mulliganed down to 7 cards.
Mulligan: Ai(1)-mm-nekusar-discard has mulliganed down to 7 cards.
Mulligan: Ai(2)-mm-abaddon has mulliganed down to 7 cards.
Mulligan: Ai(3)-mm-talrand-spells has kept a hand of 7 cards
Mulligan: Ai(4)-mm-giada-angels has kept a hand of 7 cards
Mulligan: Ai(1)-mm-nekusar-discard has kept a hand of 7 cards
Mulligan: Ai(2)-mm-abaddon has kept a hand of 7 cards
Turn: Turn 1 (Ai(3)-mm-talrand-spells)
Phase: Ai(3)-mm-talrand-spells' Untap step
Phase: Ai(3)-mm-talrand-spells' Upkeep step
Phase: Ai(3)-mm-talrand-spells' Draw step
Phase: Ai(3)-mm-talrand-spells' Main phase, precombat
Land: Ai(3)-mm-talrand-spells played Island (257)
Phase: Ai(3)-mm-talrand-spells' Beginning of Combat Step
Phase: Ai(3)-mm-talrand-spells' Declare Attackers Step
Phase: Ai(3)-mm-talrand-spells' Declare Blockers Step
Phase: Ai(3)-mm-talrand-spells' First Strike Damage Step
Phase: Ai(3)-mm-talrand-spells' Combat Damage Step
Phase: Ai(3)-mm-talrand-spells' End of Combat Step
Phase: Ai(3)-mm-talrand-spells' Main phase, postcombat
Mana: Island (257) - {T}: Add {U}.
Add To Stack: Ai(3)-mm-talrand-spells cast Serum Visions
Resolve Stack: Ai(3)-mm-talrand-spells scried 1 card(s) to the top of the library and 1 card(s) to the bottom of the library
Resolve Stack: Serum Visions (277) - Ai(3)-mm-talrand-spells draws a card. Ai(3)-mm-talrand-spells scries 2.
Phase: Ai(3)-mm-talrand-spells' End step
Phase: Ai(3)-mm-talrand-spells' Cleanup step
Turn: Turn 2 (Ai(4)-mm-giada-angels)
Phase: Ai(4)-mm-giada-angels' Untap step
Phase: Ai(4)-mm-giada-angels' Upkeep step
Phase: Ai(4)-mm-giada-angels' Draw step
Phase: Ai(4)-mm-giada-angels' Main phase, precombat
Land: Ai(4)-mm-giada-angels played War Room (341)
Phase: Ai(4)-mm-giada-angels' Beginning of Combat Step
Phase: Ai(4)-mm-giada-angels' Declare Attackers Step
Phase: Ai(4)-mm-giada-angels' Declare Blockers Step
Phase: Ai(4)-mm-giada-angels' First Strike Damage Step
Phase: Ai(4)-mm-giada-angels' Combat Damage Step
Phase: Ai(4)-mm-giada-angels' End of Combat Step
Phase: Ai(4)-mm-giada-angels' Main phase, postcombat
Phase: Ai(4)-mm-giada-angels' End step
Phase: Ai(4)-mm-giada-angels' Cleanup step
Turn: Turn 3 (Ai(1)-mm-nekusar-discard)
Phase: Ai(1)-mm-nekusar-discard's Untap step
Phase: Ai(1)-mm-nekusar-discard's Upkeep step
Phase: Ai(1)-mm-nekusar-discard's Draw step
Phase: Ai(1)-mm-nekusar-discard's Main phase, precombat
Replacement Effect: Dragonskull Summit enters tapped unless you control a Swamp or a Mountain.
Land: Ai(1)-mm-nekusar-discard played Dragonskull Summit (52)
Phase: Ai(1)-mm-nekusar-discard's Beginning of Combat Step
Phase: Ai(1)-mm-nekusar-discard's Declare Attackers Step
Phase: Ai(1)-mm-nekusar-discard's Declare Blockers Step
Phase: Ai(1)-mm-nekusar-discard's First Strike Damage Step
Phase: Ai(1)-mm-nekusar-discard's Combat Damage Step
Phase: Ai(1)-mm-nekusar-discard's End of Combat Step
Phase: Ai(1)-mm-nekusar-discard's Main phase, postcombat
Phase: Ai(1)-mm-nekusar-discard's End step
Phase: Ai(1)-mm-nekusar-discard's Cleanup step
Turn: Turn 4 (Ai(2)-mm-abaddon)
Phase: Ai(2)-mm-abaddon's Untap step
Phase: Ai(2)-mm-abaddon's Upkeep step
Phase: Ai(2)-mm-abaddon's Draw step
Phase: Ai(2)-mm-abaddon's Main phase, precombat
Land: Ai(2)-mm-abaddon played Command Tower (110)
Phase: Ai(2)-mm-abaddon's Beginning of Combat Step
Phase: Ai(2)-mm-abaddon's Declare Attackers Step
Phase: Ai(2)-mm-abaddon's Declare Blockers Step
Phase: Ai(2)-mm-abaddon's First Strike Damage Step
Phase: Ai(2)-mm-abaddon's Combat Damage Step
Phase: Ai(2)-mm-abaddon's End of Combat Step
Phase: Ai(2)-mm-abaddon's Main phase, postcombat
Mana: Command Tower (110) - {T}: Add one mana of any color in your commander's color identity.
Add To Stack: Ai(2)-mm-abaddon cast Dark Ritual
Resolve Stack: Dark Ritual (117) - Ai(2)-mm-abaddon adds {B}{B}{B}.
Add To Stack: Ai(2)-mm-abaddon cast Commander's Sphere
Resolve Stack: Commander's Sphere
Phase: Ai(2)-mm-abaddon's End step
Phase: Ai(2)-mm-abaddon's Cleanup step
Turn: Turn 5 (Ai(3)-mm-talrand-spells)
Phase: Ai(3)-mm-talrand-spells' Untap step
Phase: Ai(3)-mm-talrand-spells' Upkeep step
Phase: Ai(3)-mm-talrand-spells' Draw step
Phase: Ai(3)-mm-talrand-spells' Main phase, precombat
Land: Ai(3)-mm-talrand-spells played Riptide Laboratory (211)
Phase: Ai(3)-mm-talrand-spells' Beginning of Combat Step
Phase: Ai(3)-mm-talrand-spells' Declare Attackers Step
Phase: Ai(3)-mm-talrand-spells' Declare Blockers Step
Phase: Ai(3)-mm-talrand-spells' First Strike Damage Step
Phase: Ai(3)-mm-talrand-spells' Combat Damage Step
Phase: Ai(3)-mm-talrand-spells' End of Combat Step
Phase: Ai(3)-mm-talrand-spells' Main phase, postcombat
Mana: Island (257) - {T}: Add {U}.
Mana: Riptide Laboratory (211) - {T}: Add {C}.
Add To Stack: Ai(3)-mm-talrand-spells cast Mind Stone
Resolve Stack: Mind Stone
Phase: Ai(3)-mm-talrand-spells' End step
Phase: Ai(3)-mm-talrand-spells' Cleanup step
Turn: Turn 6 (Ai(4)-mm-giada-angels)
Phase: Ai(4)-mm-giada-angels' Untap step
Phase: Ai(4)-mm-giada-angels' Upkeep step
Phase: Ai(4)-mm-giada-angels' Draw step
Phase: Ai(4)-mm-giada-angels' Main phase, precombat
Land: Ai(4)-mm-giada-angels played Plains (376)
Phase: Ai(4)-mm-giada-angels' Beginning of Combat Step
Phase: Ai(4)-mm-giada-angels' Declare Attackers Step
Phase: Ai(4)-mm-giada-angels' Declare Blockers Step
Phase: Ai(4)-mm-giada-angels' First Strike Damage Step
Phase: Ai(4)-mm-giada-angels' Combat Damage Step
Phase: Ai(4)-mm-giada-angels' End of Combat Step
Phase: Ai(4)-mm-giada-angels' Main phase, postcombat
Mana: Plains (376) - {T}: Add {W}.
Mana: War Room (341) - {T}: Add {C}.
Add To Stack: Ai(4)-mm-giada-angels cast Giada, Font of Hope
Resolve Stack: Giada, Font of Hope - Creature 2 / 2
Phase: Ai(4)-mm-giada-angels' End step
Phase: Ai(4)-mm-giada-angels' Cleanup step
Turn: Turn 7 (Ai(1)-mm-nekusar-discard)
Phase: Ai(1)-mm-nekusar-discard's Untap step
Phase: Ai(1)-mm-nekusar-discard's Upkeep step
Phase: Ai(1)-mm-nekusar-discard's Draw step
Phase: Ai(1)-mm-nekusar-discard's Main phase, precombat
Land: Ai(1)-mm-nekusar-discard played Island (35)
Phase: Ai(1)-mm-nekusar-discard's Beginning of Combat Step
Phase: Ai(1)-mm-nekusar-discard's Declare Attackers Step
Phase: Ai(1)-mm-nekusar-discard's Declare Blockers Step
Phase: Ai(1)-mm-nekusar-discard's First Strike Damage Step
Phase: Ai(1)-mm-nekusar-discard's Combat Damage Step
Phase: Ai(1)-mm-nekusar-discard's End of Combat Step
Phase: Ai(1)-mm-nekusar-discard's Main phase, postcombat
Mana: Dragonskull Summit (52) - {T}: Add {B} or {R}.
Mana: Island (35) - {T}: Add {U}.
Add To Stack: Ai(1)-mm-nekusar-discard cast Waste Not
Resolve Stack: Waste Not
Phase: Ai(1)-mm-nekusar-discard's End step
Phase: Ai(1)-mm-nekusar-discard's Cleanup step
Turn: Turn 8 (Ai(2)-mm-abaddon)
Phase: Ai(2)-mm-abaddon's Untap step
Phase: Ai(2)-mm-abaddon's Upkeep step
Phase: Ai(2)-mm-abaddon's Draw step
Phase: Ai(2)-mm-abaddon's Main phase, precombat
Replacement Effect: As Watery Grave enters, you may pay 2 life. If you don't, it enters tapped.
Land: Ai(2)-mm-abaddon played Watery Grave (124)
Phase: Ai(2)-mm-abaddon's Beginning of Combat Step
Phase: Ai(2)-mm-abaddon's Declare Attackers Step
Phase: Ai(2)-mm-abaddon's Declare Blockers Step
Phase: Ai(2)-mm-abaddon's First Strike Damage Step
Phase: Ai(2)-mm-abaddon's Combat Damage Step
Phase: Ai(2)-mm-abaddon's End of Combat Step
Phase: Ai(2)-mm-abaddon's Main phase, postcombat
Mana: Command Tower (110) - {T}: Add one mana of any color in your commander's color identity.
Mana: Commander's Sphere (112) - {T}: Add one mana of any color in your commander's color identity.
Resolve Stack: Ai(2)-mm-abaddon has foretold.
Phase: Ai(2)-mm-abaddon's End step
Phase: Ai(2)-mm-abaddon's Cleanup step
Turn: Turn 9 (Ai(3)-mm-talrand-spells)
Phase: Ai(3)-mm-talrand-spells' Untap step
Phase: Ai(3)-mm-talrand-spells' Upkeep step
Phase: Ai(3)-mm-talrand-spells' Draw step
Phase: Ai(3)-mm-talrand-spells' Main phase, precombat
Land: Ai(3)-mm-talrand-spells played Island (232)
Phase: Ai(3)-mm-talrand-spells' Beginning of Combat Step
Phase: Ai(3)-mm-talrand-spells' Declare Attackers Step
Phase: Ai(3)-mm-talrand-spells' Declare Blockers Step
Phase: Ai(3)-mm-talrand-spells' First Strike Damage Step
Phase: Ai(3)-mm-talrand-spells' Combat Damage Step
Phase: Ai(3)-mm-talrand-spells' End of Combat Step
Phase: Ai(3)-mm-talrand-spells' Main phase, postcombat
Mana: Island (257) - {T}: Add {U}.
Mana: Island (232) - {T}: Add {U}.
Mana: Riptide Laboratory (211) - {T}: Add {C}.
Mana: Mind Stone (227) - {T}: Add {C}.
Add To Stack: Ai(3)-mm-talrand-spells cast Murmuring Mystic
Resolve Stack: Murmuring Mystic - Creature 1 / 5
Phase: Ai(3)-mm-talrand-spells' End step
Phase: Ai(3)-mm-talrand-spells' Cleanup step
Turn: Turn 10 (Ai(4)-mm-giada-angels)
Phase: Ai(4)-mm-giada-angels' Untap step
Phase: Ai(4)-mm-giada-angels' Upkeep step
Phase: Ai(4)-mm-giada-angels' Draw step
Phase: Ai(4)-mm-giada-angels' Main phase, precombat
Replacement Effect: Minas Tirith enters tapped unless you control a legendary creature.
Land: Ai(4)-mm-giada-angels played Minas Tirith (327)
Mana: Plains (376) - {T}: Add {W}.
Mana: War Room (341) - {T}: Add {C}.
Add To Stack: Ai(4)-mm-giada-angels cast Swiftfoot Boots
Resolve Stack: Swiftfoot Boots
Mana: Minas Tirith (327) - {T}: Add {W}.
Add To Stack: Ai(4)-mm-giada-angels activated Swiftfoot Boots targeting [Giada, Font of Hope (403)]
Resolve Stack: Swiftfoot Boots (344) -  Attach to Giada, Font of Hope (403)
Phase: Ai(4)-mm-giada-angels' Beginning of Combat Step
Phase: Ai(4)-mm-giada-angels' Declare Attackers Step
Combat: Ai(4)-mm-giada-angels assigned Giada, Font of Hope (403) to attack Ai(3)-mm-talrand-spells.
Phase: Ai(4)-mm-giada-angels' Declare Blockers Step
Combat: Ai(3)-mm-talrand-spells didn't block Giada, Font of Hope (403).
Phase: Ai(4)-mm-giada-angels' First Strike Damage Step
Phase: Ai(4)-mm-giada-angels' Combat Damage Step
Damage: Giada, Font of Hope (403) deals 2 combat damage to Ai(3)-mm-talrand-spells.
Life: Life: Ai(3)-mm-talrand-spells 40 > 38
Phase: Ai(4)-mm-giada-angels' End of Combat Step
Phase: Ai(4)-mm-giada-angels' Main phase, postcombat
Phase: Ai(4)-mm-giada-angels' End step
Phase: Ai(4)-mm-giada-angels' Cleanup step
Turn: Turn 11 (Ai(1)-mm-nekusar-discard)
Phase: Ai(1)-mm-nekusar-discard's Untap step
Phase: Ai(1)-mm-nekusar-discard's Upkeep step
Phase: Ai(1)-mm-nekusar-discard's Draw step
Phase: Ai(1)-mm-nekusar-discard's Main phase, precombat
Land: Ai(1)-mm-nekusar-discard played Swamp (59)
Phase: Ai(1)-mm-nekusar-discard's Beginning of Combat Step
Phase: Ai(1)-mm-nekusar-discard's Declare Attackers Step
Phase: Ai(1)-mm-nekusar-discard's Declare Blockers Step
Phase: Ai(1)-mm-nekusar-discard's First Strike Damage Step
Phase: Ai(1)-mm-nekusar-discard's Combat Damage Step
Phase: Ai(1)-mm-nekusar-discard's End of Combat Step
Phase: Ai(1)-mm-nekusar-discard's Main phase, postcombat
Mana: Island (35) - {T}: Add {U}.
Mana: Dragonskull Summit (52) - {T}: Add {B} or {R}.
Mana: Swamp (59) - {T}: Add {B}.
Add To Stack: Ai(1)-mm-nekusar-discard cast Fevered Visions
Resolve Stack: Fevered Visions
Phase: Ai(1)-mm-nekusar-discard's End step
Add To Stack: Ai(1)-mm-nekusar-discard triggered Fevered Visions
Resolve Stack: At the beginning of each player's end step, that player draws a card. If the player is your opponent and has four or more cards in hand, Fevered Visions deals 2 damage to that player. [Phase: Ai(1)-mm-nekusar-discard]
Phase: Ai(1)-mm-nekusar-discard's Cleanup step
Turn: Turn 12 (Ai(2)-mm-abaddon)
Phase: Ai(2)-mm-abaddon's Untap step
Phase: Ai(2)-mm-abaddon's Upkeep step
Phase: Ai(2)-mm-abaddon's Draw step
Phase: Ai(2)-mm-abaddon's Main phase, precombat
Replacement Effect: Drowned Catacomb enters tapped unless you control an Island or a Swamp.
Land: Ai(2)-mm-abaddon played Drowned Catacomb (177)
Phase: Ai(2)-mm-abaddon's Beginning of Combat Step
Phase: Ai(2)-mm-abaddon's Declare Attackers Step
Phase: Ai(2)-mm-abaddon's Declare Blockers Step
Phase: Ai(2)-mm-abaddon's First Strike Damage Step
Phase: Ai(2)-mm-abaddon's Combat Damage Step
Phase: Ai(2)-mm-abaddon's End of Combat Step
Phase: Ai(2)-mm-abaddon's Main phase, postcombat
Mana: Command Tower (110) - {T}: Add one mana of any color in your commander's color identity.
Mana: Drowned Catacomb (177) - {T}: Add {U} or {B}.
Mana: Watery Grave (124) - {T}: Add {B}.
Mana: Commander's Sphere (112) - {T}: Add one mana of any color in your commander's color identity.
Add To Stack: Ai(2)-mm-abaddon cast Exalted Flamer of Tzeentch
Resolve Stack: Exalted Flamer of Tzeentch - Creature 2 / 4
Phase: Ai(2)-mm-abaddon's End step
Add To Stack: Ai(1)-mm-nekusar-discard triggered Fevered Visions
Damage: Fevered Visions (98) deals 2 non-combat damage to Ai(2)-mm-abaddon.
Life: Life: Ai(2)-mm-abaddon 40 > 38
Resolve Stack: At the beginning of each player's end step, that player draws a card. If the player is your opponent and has four or more cards in hand, Fevered Visions deals 2 damage to that player. [Phase: Ai(2)-mm-abaddon]
Phase: Ai(2)-mm-abaddon's Cleanup step
Turn: Turn 13 (Ai(3)-mm-talrand-spells)
Phase: Ai(3)-mm-talrand-spells' Untap step
Phase: Ai(3)-mm-talrand-spells' Upkeep step
Mana: Island (257) - {T}: Add {U}.
Add To Stack: Ai(3)-mm-talrand-spells cast Brainstorm
Add To Stack: Ai(3)-mm-talrand-spells triggered Murmuring Mystic
Resolve Stack: Whenever you cast an instant or sorcery spell, create a 1/1 blue Bird Illusion creature token with flying. [Card: Brainstorm (291), Activator: Ai(3)-mm-talrand-spells, SpellAbility: Draw three cards, then put two cards from your hand on top of your library in any order. ]
Resolve Stack: Brainstorm (291) - Ai(3)-mm-talrand-spells draws three cards, then puts two cards from their hand on top of their library in any order.
Phase: Ai(3)-mm-talrand-spells' Draw step
Phase: Ai(3)-mm-talrand-spells' Main phase, precombat
Replacement Effect: Mystic Sanctuary enters tapped unless you control three or more other Islands.
Land: Ai(3)-mm-talrand-spells played Mystic Sanctuary (261)
Mana: Island (232) - {T}: Add {U}.
Mana: Riptide Laboratory (211) - {T}: Add {C}.
Mana: Mind Stone (227) - {T}: Add {C}.
Add To Stack: Ai(3)-mm-talrand-spells cast Ravenform targeting [Exalted Flamer of Tzeentch (179)]
Add To Stack: Ai(3)-mm-talrand-spells triggered Murmuring Mystic
Resolve Stack: Whenever you cast an instant or sorcery spell, create a 1/1 blue Bird Illusion creature token with flying. [Card: Ravenform (274), Activator: Ai(3)-mm-talrand-spells, SpellAbility: Exile target artifact or creature. Its controller creates a 1/1 blue Bird creature token with flying. ]
Zone Change: Exalted Flamer of Tzeentch (179) was put into Exile from Battlefield.
Resolve Stack: Ravenform (274) - Exile Exalted Flamer of Tzeentch (179). 
Phase: Ai(3)-mm-talrand-spells' Beginning of Combat Step
Phase: Ai(3)-mm-talrand-spells' Declare Attackers Step
Phase: Ai(3)-mm-talrand-spells' Declare Blockers Step
Phase: Ai(3)-mm-talrand-spells' First Strike Damage Step
Phase: Ai(3)-mm-talrand-spells' Combat Damage Step
Phase: Ai(3)-mm-talrand-spells' End of Combat Step
Phase: Ai(3)-mm-talrand-spells' Main phase, postcombat
Phase: Ai(3)-mm-talrand-spells' End step
Add To Stack: Ai(1)-mm-nekusar-discard triggered Fevered Visions
Damage: Fevered Visions (98) deals 2 non-combat damage to Ai(3)-mm-talrand-spells.
Life: Life: Ai(3)-mm-talrand-spells 38 > 36
Resolve Stack: At the beginning of each player's end step, that player draws a card. If the player is your opponent and has four or more cards in hand, Fevered Visions deals 2 damage to that player. [Phase: Ai(3)-mm-talrand-spells]
Phase: Ai(3)-mm-talrand-spells' Cleanup step
Turn: Turn 14 (Ai(4)-mm-giada-angels)
Phase: Ai(4)-mm-giada-angels' Untap step
Phase: Ai(4)-mm-giada-angels' Upkeep step
Phase: Ai(4)-mm-giada-angels' Draw step
Phase: Ai(4)-mm-giada-angels' Main phase, precombat
Land: Ai(4)-mm-giada-angels played Plains (373)
Mana: Plains (376) - {T}: Add {W}.
Mana: Plains (373) - {T}: Add {W}.
Add To Stack: Ai(4)-mm-giada-angels cast Sword of the Animist
Resolve Stack: Sword of the Animist
Mana: War Room (341) - {T}: Add {C}.
Mana: Minas Tirith (327) - {T}: Add {W}.
Add To Stack: Ai(4)-mm-giada-angels activated Sword of the Animist targeting [Giada, Font of Hope (403)]
Resolve Stack: Sword of the Animist (306) -  Attach to Giada, Font of Hope (403)
Phase: Ai(4)-mm-giada-angels' Beginning of Combat Step
Phase: Ai(4)-mm-giada-angels' Declare Attackers Step
Combat: Ai(4)-mm-giada-angels assigned Giada, Font of Hope (403) to attack Ai(3)-mm-talrand-spells.
Add To Stack: Ai(4)-mm-giada-angels triggered Sword of the Animist
Resolve Stack: Whenever equipped creature attacks, you may search your library for a basic land card, put it onto the battlefield tapped, then shuffle. [Attacker: Giada, Font of Hope (403)]
Phase: Ai(4)-mm-giada-angels' Declare Blockers Step
Combat: Ai(3)-mm-talrand-spells didn't block Giada, Font of Hope (403).
Phase: Ai(4)-mm-giada-angels' First Strike Damage Step
Phase: Ai(4)-mm-giada-angels' Combat Damage Step
Damage: Giada, Font of Hope (403) deals 3 combat damage to Ai(3)-mm-talrand-spells.
Life: Life: Ai(3)-mm-talrand-spells 36 > 33
Phase: Ai(4)-mm-giada-angels' End of Combat Step
Phase: Ai(4)-mm-giada-angels' Main phase, postcombat
Phase: Ai(4)-mm-giada-angels' End step
Add To Stack: Ai(1)-mm-nekusar-discard triggered Fevered Visions
Damage: Fevered Visions (98) deals 2 non-combat damage to Ai(4)-mm-giada-angels.
Life: Life: Ai(4)-mm-giada-angels 40 > 38
Resolve Stack: At the beginning of each player's end step, that player draws a card. If the player is your opponent and has four or more cards in hand, Fevered Visions deals 2 damage to that player. [Phase: Ai(4)-mm-giada-angels]
Phase: Ai(4)-mm-giada-angels' Cleanup step
Turn: Turn 15 (Ai(1)-mm-nekusar-discard)
Phase: Ai(1)-mm-nekusar-discard's Untap step
Phase: Ai(1)-mm-nekusar-discard's Upkeep step
Phase: Ai(1)-mm-nekusar-discard's Draw step
Phase: Ai(1)-mm-nekusar-discard's Main phase, precombat
Land: Ai(1)-mm-nekusar-discard played Mountain (87)
Phase: Ai(1)-mm-nekusar-discard's Beginning of Combat Step
Phase: Ai(1)-mm-nekusar-discard's Declare Attackers Step
Phase: Ai(1)-mm-nekusar-discard's Declare Blockers Step
Phase: Ai(1)-mm-nekusar-discard's First Strike Damage Step
Phase: Ai(1)-mm-nekusar-discard's Combat Damage Step
Phase: Ai(1)-mm-nekusar-discard's End of Combat Step
Phase: Ai(1)-mm-nekusar-discard's Main phase, postcombat
Phase: Ai(1)-mm-nekusar-discard's End step
Add To Stack: Ai(1)-mm-nekusar-discard triggered Fevered Visions
Resolve Stack: At the beginning of each player's end step, that player draws a card. If the player is your opponent and has four or more cards in hand, Fevered Visions deals 2 damage to that player. [Phase: Ai(1)-mm-nekusar-discard]
Phase: Ai(1)-mm-nekusar-discard's Cleanup step
Turn: Turn 16 (Ai(2)-mm-abaddon)
Phase: Ai(2)-mm-abaddon's Untap step
Phase: Ai(2)-mm-abaddon's Upkeep step
Phase: Ai(2)-mm-abaddon's Draw step
Phase: Ai(2)-mm-abaddon's Main phase, precombat
Land: Ai(2)-mm-abaddon played Island (129)
Mana: Command Tower (110) - {T}: Add one mana of any color in your commander's color identity.
Mana: Commander's Sphere (112) - {T}: Add one mana of any color in your commander's color identity.
Mana: Island (129) - {T}: Add {U}.
Mana: Drowned Catacomb (177) - {T}: Add {U} or {B}.
Mana: Watery Grave (124) - {T}: Add {B}.
Add To Stack: Ai(2)-mm-abaddon cast Neheb, the Eternal
Resolve Stack: Neheb, the Eternal - Creature 4 / 6
Phase: Ai(2)-mm-abaddon's Beginning of Combat Step
Phase: Ai(2)-mm-abaddon's Declare Attackers Step
Phase: Ai(2)-mm-abaddon's Declare Blockers Step
Phase: Ai(2)-mm-abaddon's First Strike Damage Step
Phase: Ai(2)-mm-abaddon's Combat Damage Step
Phase: Ai(2)-mm-abaddon's End of Combat Step
Phase: Ai(2)-mm-abaddon's Main phase, postcombat
Add To Stack: Ai(2)-mm-abaddon triggered Neheb, the Eternal
Resolve Stack: At the beginning of each of your postcombat main phases, add {R} for each 1 life your opponents have lost this turn. [Phase: Ai(2)-mm-abaddon]
Phase: Ai(2)-mm-abaddon's End step
Add To Stack: Ai(1)-mm-nekusar-discard triggered Fevered Visions
Damage: Fevered Visions (98) deals 2 non-combat damage to Ai(2)-mm-abaddon.
Life: Life: Ai(2)-mm-abaddon 38 > 36
Resolve Stack: At the beginning of each player's end step, that player draws a card. If the player is your opponent and has four or more cards in hand, Fevered Visions deals 2 damage to that player. [Phase: Ai(2)-mm-abaddon]
Phase: Ai(2)-mm-abaddon's Cleanup step
Turn: Turn 17 (Ai(3)-mm-talrand-spells)
Phase: Ai(3)-mm-talrand-spells' Untap step
Phase: Ai(3)-mm-talrand-spells' Upkeep step
Phase: Ai(3)-mm-talrand-spells' Draw step
Mana: Island (257) - {T}: Add {U}.
Mana: Island (232) - {T}: Add {U}.
Add To Stack: Ai(3)-mm-talrand-spells cast Snap targeting [Neheb, the Eternal (140)]
Add To Stack: Ai(3)-mm-talrand-spells triggered Murmuring Mystic
Resolve Stack: Whenever you cast an instant or sorcery spell, create a 1/1 blue Bird Illusion creature token with flying. [Card: Snap (267), Activator: Ai(3)-mm-talrand-spells, SpellAbility: Return target creature to its owner's hand. Untap up to two lands. ]
Resolve Stack: Snap (267) - Return Neheb, the Eternal (140) to its owner's hand. Untap up to 2 Lands.
Phase: Ai(3)-mm-talrand-spells' Main phase, precombat
Land: Ai(3)-mm-talrand-spells played Island (245)
Phase: Ai(3)-mm-talrand-spells' Beginning of Combat Step
Phase: Ai(3)-mm-talrand-spells' Declare Attackers Step
Phase: Ai(3)-mm-talrand-spells' Declare Blockers Step
Phase: Ai(3)-mm-talrand-spells' First Strike Damage Step
Phase: Ai(3)-mm-talrand-spells' Combat Damage Step
Phase: Ai(3)-mm-talrand-spells' End of Combat Step
Phase: Ai(3)-mm-talrand-spells' Main phase, postcombat
Mana: Island (257) - {T}: Add {U}.
Mana: Island (232) - {T}: Add {U}.
Mana: Mystic Sanctuary (261) - {T}: Add {U}.
Mana: Island (245) - {T}: Add {U}.
Add To Stack: Ai(3)-mm-talrand-spells cast Talrand, Sky Summoner
Resolve Stack: Talrand, Sky Summoner - Creature 2 / 2
Phase: Ai(3)-mm-talrand-spells' End step
Add To Stack: Ai(1)-mm-nekusar-discard triggered Fevered Visions
Damage: Fevered Visions (98) deals 2 non-combat damage to Ai(3)-mm-talrand-spells.
Life: Life: Ai(3)-mm-talrand-spells 33 > 31
Resolve Stack: At the beginning of each player's end step, that player draws a card. If the player is your opponent and has four or more cards in hand, Fevered Visions deals 2 damage to that player. [Phase: Ai(3)-mm-talrand-spells]
Phase: Ai(3)-mm-talrand-spells' Cleanup step
Turn: Turn 18 (Ai(4)-mm-giada-angels)
Phase: Ai(4)-mm-giada-angels' Untap step
Phase: Ai(4)-mm-giada-angels' Upkeep step
Phase: Ai(4)-mm-giada-angels' Draw step
Phase: Ai(4)-mm-giada-angels' Main phase, precombat
Land: Ai(4)-mm-giada-angels played Plains (372)
Phase: Ai(4)-mm-giada-angels' Beginning of Combat Step
Phase: Ai(4)-mm-giada-angels' Declare Attackers Step
Phase: Ai(4)-mm-giada-angels' Declare Blockers Step
Phase: Ai(4)-mm-giada-angels' First Strike Damage Step
Phase: Ai(4)-mm-giada-angels' Combat Damage Step
Phase: Ai(4)-mm-giada-angels' End of Combat Step
Phase: Ai(4)-mm-giada-angels' Main phase, postcombat
Mana: Plains (376) - {T}: Add {W}.
Mana: Plains (373) - {T}: Add {W}.
Mana: Plains (389) - {T}: Add {W}.
Mana: Plains (372) - {T}: Add {W}.
Add To Stack: Ai(4)-mm-giada-angels cast Angel of Finality
Replacement Effect: Each other Angel you control enters with an additional +1/+1 counter on it for each Angel you already control.
Resolve Stack: Angel of Finality - Creature 3 / 4
Add To Stack: Ai(4)-mm-giada-angels triggered Angel of Finality targeting [Ai(3)-mm-talrand-spells]
Resolve Stack: When Angel of Finality enters, exile target player's graveyard. (Targeting: [[Ai(3)-mm-talrand-spells]]) [Zone Changer: Angel of Finality (325)]
Mana: Minas Tirith (327) - {T}: Add {W}.
Mana: Giada, Font of Hope (403) - {T}: Add {W}. Spend this mana only to cast an Angel spell.
Mana: War Room (341) - {T}: Add {C}.
Add To Stack: Ai(4)-mm-giada-angels cast Resplendent Angel
Replacement Effect: Each other Angel you control enters with an additional +1/+1 counter on it for each Angel you already control.
Resolve Stack: Resplendent Angel - Creature 3 / 3
Phase: Ai(4)-mm-giada-angels' End step
Add To Stack: Ai(1)-mm-nekusar-discard triggered Fevered Visions
Damage: Fevered Visions (98) deals 2 non-combat damage to Ai(4)-mm-giada-angels.
Life: Life: Ai(4)-mm-giada-angels 38 > 36
Resolve Stack: At the beginning of each player's end step, that player draws a card. If the player is your opponent and has four or more cards in hand, Fevered Visions deals 2 damage to that player. [Phase: Ai(4)-mm-giada-angels]
Phase: Ai(4)-mm-giada-angels' Cleanup step
Turn: Turn 19 (Ai(1)-mm-nekusar-discard)
Phase: Ai(1)-mm-nekusar-discard's Untap step
Phase: Ai(1)-mm-nekusar-discard's Upkeep step
Phase: Ai(1)-mm-nekusar-discard's Draw step
Phase: Ai(1)-mm-nekusar-discard's Main phase, precombat
Land: Ai(1)-mm-nekusar-discard played Swamp (57)
Phase: Ai(1)-mm-nekusar-discard's Beginning of Combat Step
Phase: Ai(1)-mm-nekusar-discard's Declare Attackers Step
Phase: Ai(1)-mm-nekusar-discard's Declare Blockers Step
Phase: Ai(1)-mm-nekusar-discard's First Strike Damage Step
Phase: Ai(1)-mm-nekusar-discard's Combat Damage Step
Phase: Ai(1)-mm-nekusar-discard's End of Combat Step
Phase: Ai(1)-mm-nekusar-discard's Main phase, postcombat
Mana: Island (35) - {T}: Add {U}.
Mana: Mountain (87) - {T}: Add {R}.
Mana: Swamp (59) - {T}: Add {B}.
Mana: Swamp (57) - {T}: Add {B}.
Mana: Dragonskull Summit (52) - {T}: Add {B} or {R}.
Add To Stack: Ai(1)-mm-nekusar-discard cast Nekusar, the Mindrazer
Resolve Stack: Nekusar, the Mindrazer - Creature 2 / 4
Phase: Ai(1)-mm-nekusar-discard's End step
Add To Stack: Ai(1)-mm-nekusar-discard triggered Fevered Visions
Resolve Stack: At the beginning of each player's end step, that player draws a card. If the player is your opponent and has four or more cards in hand, Fevered Visions deals 2 damage to that player. [Phase: Ai(1)-mm-nekusar-discard]
Phase: Ai(1)-mm-nekusar-discard's Cleanup step
Discard: Ai(1)-mm-nekusar-discard discards Swamp (60).
Turn: Turn 20 (Ai(2)-mm-abaddon)
Phase: Ai(2)-mm-abaddon's Untap step
Phase: Ai(2)-mm-abaddon's Upkeep step
Phase: Ai(2)-mm-abaddon's Draw step
Add To Stack: Ai(1)-mm-nekusar-discard triggered Nekusar, the Mindrazer
Add To Stack: Ai(1)-mm-nekusar-discard triggered Nekusar, the Mindrazer
Resolve Stack: At the beginning of each player's draw step, that player draws an additional card. [Phase: Ai(2)-mm-abaddon]
Add To Stack: Ai(1)-mm-nekusar-discard triggered Nekusar, the Mindrazer
Damage: Nekusar, the Mindrazer (100) deals 1 non-combat damage to Ai(2)-mm-abaddon.
Life: Life: Ai(2)-mm-abaddon 36 > 35
Resolve Stack: Whenever an opponent draws a card, Nekusar, the Mindrazer deals 1 damage to that player. [Player: Ai(2)-mm-abaddon]
Damage: Nekusar, the Mindrazer (100) deals 1 non-combat damage to Ai(2)-mm-abaddon.
Life: Life: Ai(2)-mm-abaddon 35 > 34
Resolve Stack: Whenever an opponent draws a card, Nekusar, the Mindrazer deals 1 damage to that player. [Player: Ai(2)-mm-abaddon]
Phase: Ai(2)-mm-abaddon's Main phase, precombat
Land: Ai(2)-mm-abaddon played Island (128)
Mana: Command Tower (110) - {T}: Add one mana of any color in your commander's color identity.
Mana: Commander's Sphere (112) - {T}: Add one mana of any color in your commander's color identity.
Mana: Island (129) - {T}: Add {U}.
Mana: Island (128) - {T}: Add {U}.
Mana: Drowned Catacomb (177) - {T}: Add {U} or {B}.
Mana: Watery Grave (124) - {T}: Add {B}.
Add To Stack: Ai(2)-mm-abaddon cast Delayed Blast Fireball
Add To Stack: Ai(1)-mm-nekusar-discard cast Fierce Guardianship targeting [Delayed Blast Fireball deals 2 damage to each opponent and each creature they control. If this spell was cast from exile, it deals 5 damage to each opponent and each creature they control instead.]
Zone Change: Send countered spell to Graveyard
Resolve Stack: Fierce Guardianship (27) - Counter Delayed Blast Fireball (174).
Phase: Ai(2)-mm-abaddon's Beginning of Combat Step
Phase: Ai(2)-mm-abaddon's Declare Attackers Step
Phase: Ai(2)-mm-abaddon's Declare Blockers Step
Phase: Ai(2)-mm-abaddon's First Strike Damage Step
Phase: Ai(2)-mm-abaddon's Combat Damage Step
Phase: Ai(2)-mm-abaddon's End of Combat Step
Phase: Ai(2)-mm-abaddon's Main phase, postcombat
Phase: Ai(2)-mm-abaddon's End step
Add To Stack: Ai(1)-mm-nekusar-discard triggered Fevered Visions
Damage: Fevered Visions (98) deals 2 non-combat damage to Ai(2)-mm-abaddon.
Life: Life: Ai(2)-mm-abaddon 34 > 32
Resolve Stack: At the beginning of each player's end step, that player draws a card. If the player is your opponent and has four or more cards in hand, Fevered Visions deals 2 damage to that player. [Phase: Ai(2)-mm-abaddon]
Add To Stack: Ai(1)-mm-nekusar-discard triggered Nekusar, the Mindrazer
Damage: Nekusar, the Mindrazer (100) deals 1 non-combat damage to Ai(2)-mm-abaddon.
Life: Life: Ai(2)-mm-abaddon 32 > 31
Resolve Stack: Whenever an opponent draws a card, Nekusar, the Mindrazer deals 1 damage to that player. [Player: Ai(2)-mm-abaddon]
Phase: Ai(2)-mm-abaddon's Cleanup step
Turn: Turn 21 (Ai(3)-mm-talrand-spells)
Phase: Ai(3)-mm-talrand-spells' Untap step
Phase: Ai(3)-mm-talrand-spells' Upkeep step
Phase: Ai(3)-mm-talrand-spells' Draw step
Add To Stack: Ai(1)-mm-nekusar-discard triggered Nekusar, the Mindrazer
Add To Stack: Ai(1)-mm-nekusar-discard triggered Nekusar, the Mindrazer
Resolve Stack: At the beginning of each player's draw step, that player draws an additional card. [Phase: Ai(3)-mm-talrand-spells]
Add To Stack: Ai(1)-mm-nekusar-discard triggered Nekusar, the Mindrazer
Damage: Nekusar, the Mindrazer (100) deals 1 non-combat damage to Ai(3)-mm-talrand-spells.
Life: Life: Ai(3)-mm-talrand-spells 31 > 30
Resolve Stack: Whenever an opponent draws a card, Nekusar, the Mindrazer deals 1 damage to that player. [Player: Ai(3)-mm-talrand-spells]
Damage: Nekusar, the Mindrazer (100) deals 1 non-combat damage to Ai(3)-mm-talrand-spells.
Life: Life: Ai(3)-mm-talrand-spells 30 > 29
Resolve Stack: Whenever an opponent draws a card, Nekusar, the Mindrazer deals 1 damage to that player. [Player: Ai(3)-mm-talrand-spells]
Phase: Ai(3)-mm-talrand-spells' Main phase, precombat
Land: Ai(3)-mm-talrand-spells played Island (249)
Phase: Ai(3)-mm-talrand-spells' Beginning of Combat Step
Phase: Ai(3)-mm-talrand-spells' Declare Attackers Step
Phase: Ai(3)-mm-talrand-spells' Declare Blockers Step
Phase: Ai(3)-mm-talrand-spells' First Strike Damage Step
Phase: Ai(3)-mm-talrand-spells' Combat Damage Step
Phase: Ai(3)-mm-talrand-spells' End of Combat Step
Phase: Ai(3)-mm-talrand-spells' Main phase, postcombat
Mana: Island (257) - {T}: Add {U}.
Mana: Island (232) - {T}: Add {U}.
Mana: Mystic Sanctuary (261) - {T}: Add {U}.
Add To Stack: Ai(3)-mm-talrand-spells cast Rhystic Study
Resolve Stack: Rhystic Study
Mana: Island (245) - {T}: Add {U}.
Discard: Ai(3)-mm-talrand-spells discards Lonely Sandbar (300).
Add To Stack: Ai(3)-mm-talrand-spells activated Lonely Sandbar
Add To Stack: Ai(1)-mm-nekusar-discard triggered Waste Not
Resolve Stack: Whenever an opponent discards a land card, add {B}{B}. [Discarded: Lonely Sandbar (300), Cause: null]
Resolve Stack: Lonely Sandbar (300) - Ai(3)-mm-talrand-spells draws a card.
Add To Stack: Ai(1)-mm-nekusar-discard triggered Nekusar, the Mindrazer
Damage: Nekusar, the Mindrazer (100) deals 1 non-combat damage to Ai(3)-mm-talrand-spells.
Life: Life: Ai(3)-mm-talrand-spells 29 > 28
Resolve Stack: Whenever an opponent draws a card, Nekusar, the Mindrazer deals 1 damage to that player. [Player: Ai(3)-mm-talrand-spells]
Mana: Island (249) - {T}: Add {U}.
Add To Stack: Ai(3)-mm-talrand-spells cast Sol Ring
Resolve Stack: Sol Ring
Phase: Ai(3)-mm-talrand-spells' End step
Add To Stack: Ai(1)-mm-nekusar-discard triggered Fevered Visions
Damage: Fevered Visions (98) deals 2 non-combat damage to Ai(3)-mm-talrand-spells.
Life: Life: Ai(3)-mm-talrand-spells 28 > 26
Resolve Stack: At the beginning of each player's end step, that player draws a card. If the player is your opponent and has four or more cards in hand, Fevered Visions deals 2 damage to that player. [Phase: Ai(3)-mm-talrand-spells]
Add To Stack: Ai(1)-mm-nekusar-discard triggered Nekusar, the Mindrazer
Damage: Nekusar, the Mindrazer (100) deals 1 non-combat damage to Ai(3)-mm-talrand-spells.
Life: Life: Ai(3)-mm-talrand-spells 26 > 25
Resolve Stack: Whenever an opponent draws a card, Nekusar, the Mindrazer deals 1 damage to that player. [Player: Ai(3)-mm-talrand-spells]
Phase: Ai(3)-mm-talrand-spells' Cleanup step
Turn: Turn 22 (Ai(4)-mm-giada-angels)
Phase: Ai(4)-mm-giada-angels' Untap step
Phase: Ai(4)-mm-giada-angels' Upkeep step
Phase: Ai(4)-mm-giada-angels' Draw step
Add To Stack: Ai(1)-mm-nekusar-discard triggered Nekusar, the Mindrazer
Add To Stack: Ai(1)-mm-nekusar-discard triggered Nekusar, the Mindrazer
Resolve Stack: At the beginning of each player's draw step, that player draws an additional card. [Phase: Ai(4)-mm-giada-angels]
Add To Stack: Ai(1)-mm-nekusar-discard triggered Nekusar, the Mindrazer
Damage: Nekusar, the Mindrazer (100) deals 1 non-combat damage to Ai(4)-mm-giada-angels.
Life: Life: Ai(4)-mm-giada-angels 36 > 35
Resolve Stack: Whenever an opponent draws a card, Nekusar, the Mindrazer deals 1 damage to that player. [Player: Ai(4)-mm-giada-angels]
Damage: Nekusar, the Mindrazer (100) deals 1 non-combat damage to Ai(4)-mm-giada-angels.
Life: Life: Ai(4)-mm-giada-angels 35 > 34
Resolve Stack: Whenever an opponent draws a card, Nekusar, the Mindrazer deals 1 damage to that player. [Player: Ai(4)-mm-giada-angels]
Phase: Ai(4)-mm-giada-angels' Main phase, precombat
Land: Ai(4)-mm-giada-angels played Plains (387)
Phase: Ai(4)-mm-giada-angels' Beginning of Combat Step
Phase: Ai(4)-mm-giada-angels' Declare Attackers Step
Combat: Ai(4)-mm-giada-angels assigned Resplendent Angel (304), Angel of Finality (325) and Giada, Font of Hope (403) to attack Ai(3)-mm-talrand-spells.
Add To Stack: Ai(4)-mm-giada-angels triggered Sword of the Animist
Resolve Stack: Whenever equipped creature attacks, you may search your library for a basic land card, put it onto the battlefield tapped, then shuffle. [Attacker: Giada, Font of Hope (403)]
Phase: Ai(4)-mm-giada-angels' Declare Blockers Step
Combat: Ai(3)-mm-talrand-spells didn't block Resplendent Angel (304).
Ai(3)-mm-talrand-spells didn't block Angel of Finality (325).
Ai(3)-mm-talrand-spells assigned Bird Illusion Token (420), Bird Illusion Token (415) and Bird Illusion Token (411) to block Giada, Font of Hope (403).
Phase: Ai(4)-mm-giada-angels' First Strike Damage Step
Phase: Ai(4)-mm-giada-angels' Combat Damage Step
Damage: Resplendent Angel (304) deals 5 combat damage to Ai(3)-mm-talrand-spells.
Damage: Angel of Finality (325) deals 4 combat damage to Ai(3)-mm-talrand-spells.
Damage: Giada, Font of Hope (403) deals 1 damage to Bird Illusion Token (420).
Damage: Giada, Font of Hope (403) deals 1 damage to Bird Illusion Token (411).
Damage: Giada, Font of Hope (403) deals 1 damage to Bird Illusion Token (415).
Damage: Bird Illusion Token (420) deals 1 damage to Giada, Font of Hope (403).
Damage: Bird Illusion Token (415) deals 1 damage to Giada, Font of Hope (403).
Damage: Bird Illusion Token (411) deals 1 damage to Giada, Font of Hope (403).
Life: Life: Ai(3)-mm-talrand-spells 25 > 16
Zone Change: Giada, Font of Hope (403) was put into Graveyard from Battlefield.
Zone Change: Bird Illusion Token (411) was put into Graveyard from Battlefield.
Zone Change: Bird Illusion Token (415) was put into Graveyard from Battlefield.
Zone Change: Bird Illusion Token (420) was put into Graveyard from Battlefield.
Phase: Ai(4)-mm-giada-angels' End of Combat Step
Phase: Ai(4)-mm-giada-angels' Main phase, postcombat
Mana: Plains (376) - {T}: Add {W}.
Mana: Plains (373) - {T}: Add {W}.
Mana: Plains (389) - {T}: Add {W}.
Mana: Plains (372) - {T}: Add {W}.
Mana: Plains (387) - {T}: Add {W}.
Mana: War Room (341) - {T}: Add {C}.
Mana: Minas Tirith (327) - {T}: Add {W}.
Add To Stack: Ai(4)-mm-giada-angels cast Emeria Shepherd
Add To Stack: Ai(3)-mm-talrand-spells triggered Rhystic Study
Resolve Stack: Whenever an opponent casts a spell, you may draw a card unless that player pays {1}. [Card: Emeria Shepherd (312), Activator: Ai(4)-mm-giada-angels, SpellAbility: Emeria Shepherd - Creature 4 / 4]
Add To Stack: Ai(1)-mm-nekusar-discard triggered Nekusar, the Mindrazer
Damage: Nekusar, the Mindrazer (100) deals 1 non-combat damage to Ai(3)-mm-talrand-spells.
Life: Life: Ai(3)-mm-talrand-spells 16 > 15
Resolve Stack: Whenever an opponent draws a card, Nekusar, the Mindrazer deals 1 damage to that player. [Player: Ai(3)-mm-talrand-spells]
Resolve Stack: Emeria Shepherd - Creature 4 / 4
Phase: Ai(4)-mm-giada-angels' End step
Add To Stack: Ai(1)-mm-nekusar-discard triggered Fevered Visions
Damage: Fevered Visions (98) deals 2 non-combat damage to Ai(4)-mm-giada-angels.
Life: Life: Ai(4)-mm-giada-angels 34 > 32
Resolve Stack: At the beginning of each player's end step, that player draws a card. If the player is your opponent and has four or more cards in hand, Fevered Visions deals 2 damage to that player. [Phase: Ai(4)-mm-giada-angels]
Add To Stack: Ai(1)-mm-nekusar-discard triggered Nekusar, the Mindrazer
Damage: Nekusar, the Mindrazer (100) deals 1 non-combat damage to Ai(4)-mm-giada-angels.
Life: Life: Ai(4)-mm-giada-angels 32 > 31
Resolve Stack: Whenever an opponent draws a card, Nekusar, the Mindrazer deals 1 damage to that player. [Player: Ai(4)-mm-giada-angels]
Phase: Ai(4)-mm-giada-angels' Cleanup step
Turn: Turn 23 (Ai(1)-mm-nekusar-discard)
Phase: Ai(1)-mm-nekusar-discard's Untap step
Phase: Ai(1)-mm-nekusar-discard's Upkeep step
Phase: Ai(1)-mm-nekusar-discard's Draw step
Add To Stack: Ai(1)-mm-nekusar-discard triggered Nekusar, the Mindrazer
Resolve Stack: At the beginning of each player's draw step, that player draws an additional card. [Phase: Ai(1)-mm-nekusar-discard]
Phase: Ai(1)-mm-nekusar-discard's Main phase, precombat
Land: Ai(1)-mm-nekusar-discard played Scalding Tarn (80)
Life: Life: Ai(1)-mm-nekusar-discard 40 > 39
Zone Change: Scalding Tarn (80) was put into Graveyard from Battlefield.
Add To Stack: Ai(1)-mm-nekusar-discard activated Scalding Tarn
Replacement Effect: As Watery Grave enters, you may pay 2 life. If you don't, it enters tapped.
Resolve Stack: Scalding Tarn (80) - Ai(1)-mm-nekusar-discard searches their library for an Island or Mountain card, puts it onto the battlefield, then shuffles.
Phase: Ai(1)-mm-nekusar-discard's Beginning of Combat Step
Phase: Ai(1)-mm-nekusar-discard's Declare Attackers Step
Phase: Ai(1)-mm-nekusar-discard's Declare Blockers Step
Phase: Ai(1)-mm-nekusar-discard's First Strike Damage Step
Phase: Ai(1)-mm-nekusar-discard's Combat Damage Step
Phase: Ai(1)-mm-nekusar-discard's End of Combat Step
Phase: Ai(1)-mm-nekusar-discard's Main phase, postcombat
Mana: Mountain (87) - {T}: Add {R}.
Mana: Swamp (59) - {T}: Add {B}.
Mana: Swamp (57) - {T}: Add {B}.
Add To Stack: Ai(1)-mm-nekusar-discard cast Scrawling Crawler
Add To Stack: Ai(3)-mm-talrand-spells triggered Rhystic Study
Mana: Island (35) - {T}: Add {U}.
Resolve Stack: Whenever an opponent casts a spell, you may draw a card unless that player pays {1}. [Card: Scrawling Crawler (99), Activator: Ai(1)-mm-nekusar-discard, SpellAbility: Scrawling Crawler - Creature 3 / 2]
Resolve Stack: Scrawling Crawler - Creature 3 / 2
Phase: Ai(1)-mm-nekusar-discard's End step
Add To Stack: Ai(1)-mm-nekusar-discard triggered Fevered Visions
Resolve Stack: At the beginning of each player's end step, that player draws a card. If the player is your opponent and has four or more cards in hand, Fevered Visions deals 2 damage to that player. [Phase: Ai(1)-mm-nekusar-discard]
Phase: Ai(1)-mm-nekusar-discard's Cleanup step
Turn: Turn 24 (Ai(2)-mm-abaddon)
Phase: Ai(2)-mm-abaddon's Untap step
Phase: Ai(2)-mm-abaddon's Upkeep step
Phase: Ai(2)-mm-abaddon's Draw step
Add To Stack: Ai(1)-mm-nekusar-discard triggered Nekusar, the Mindrazer
Add To Stack: Ai(1)-mm-nekusar-discard triggered Scrawling Crawler
Add To Stack: Ai(1)-mm-nekusar-discard triggered Nekusar, the Mindrazer
Resolve Stack: At the beginning of each player's draw step, that player draws an additional card. [Phase: Ai(2)-mm-abaddon]
Add To Stack: Ai(1)-mm-nekusar-discard triggered Nekusar, the Mindrazer
Add To Stack: Ai(1)-mm-nekusar-discard triggered Scrawling Crawler
Life: Life: Ai(2)-mm-abaddon 31 > 30
Resolve Stack: Whenever an opponent draws a card, that player loses 1 life. [Player: Ai(2)-mm-abaddon]
Damage: Nekusar, the Mindrazer (100) deals 1 non-combat damage to Ai(2)-mm-abaddon.
Life: Life: Ai(2)-mm-abaddon 30 > 29
Resolve Stack: Whenever an opponent draws a card, Nekusar, the Mindrazer deals 1 damage to that player. [Player: Ai(2)-mm-abaddon]
Life: Life: Ai(2)-mm-abaddon 29 > 28
Resolve Stack: Whenever an opponent draws a card, that player loses 1 life. [Player: Ai(2)-mm-abaddon]
Damage: Nekusar, the Mindrazer (100) deals 1 non-combat damage to Ai(2)-mm-abaddon.
Life: Life: Ai(2)-mm-abaddon 28 > 27
Resolve Stack: Whenever an opponent draws a card, Nekusar, the Mindrazer deals 1 damage to that player. [Player: Ai(2)-mm-abaddon]
Phase: Ai(2)-mm-abaddon's Main phase, precombat
Land: Ai(2)-mm-abaddon played Mountain (188)
Mana: Mountain (188) - {T}: Add {R}.
Mana: Command Tower (110) - {T}: Add one mana of any color in your commander's color identity.
Mana: Island (129) - {T}: Add {U}.
Mana: Island (128) - {T}: Add {U}.
Mana: Drowned Catacomb (177) - {T}: Add {U} or {B}.
Add To Stack: Ai(2)-mm-abaddon cast Neheb, the Eternal
Add To Stack: Ai(3)-mm-talrand-spells triggered Rhystic Study
Mana: Watery Grave (124) - {T}: Add {B}.
Resolve Stack: Whenever an opponent casts a spell, you may draw a card unless that player pays {1}. [Card: Neheb, the Eternal (140), Activator: Ai(2)-mm-abaddon, SpellAbility: Neheb, the Eternal - Creature 4 / 6]
Resolve Stack: Neheb, the Eternal - Creature 4 / 6
Phase: Ai(2)-mm-abaddon's Beginning of Combat Step
Phase: Ai(2)-mm-abaddon's Declare Attackers Step
Phase: Ai(2)-mm-abaddon's Declare Blockers Step
Phase: Ai(2)-mm-abaddon's First Strike Damage Step
Phase: Ai(2)-mm-abaddon's Combat Damage Step
Phase: Ai(2)-mm-abaddon's End of Combat Step
Phase: Ai(2)-mm-abaddon's Main phase, postcombat
Add To Stack: Ai(2)-mm-abaddon triggered Neheb, the Eternal
Resolve Stack: At the beginning of each of your postcombat main phases, add {R} for each 1 life your opponents have lost this turn. [Phase: Ai(2)-mm-abaddon]
Phase: Ai(2)-mm-abaddon's End step
Add To Stack: Ai(1)-mm-nekusar-discard triggered Fevered Visions
Damage: Fevered Visions (98) deals 2 non-combat damage to Ai(2)-mm-abaddon.
Life: Life: Ai(2)-mm-abaddon 27 > 25
Resolve Stack: At the beginning of each player's end step, that player draws a card. If the player is your opponent and has four or more cards in hand, Fevered Visions deals 2 damage to that player. [Phase: Ai(2)-mm-abaddon]
Add To Stack: Ai(1)-mm-nekusar-discard triggered Nekusar, the Mindrazer
Add To Stack: Ai(1)-mm-nekusar-discard triggered Scrawling Crawler
Life: Life: Ai(2)-mm-abaddon 25 > 24
Resolve Stack: Whenever an opponent draws a card, that player loses 1 life. [Player: Ai(2)-mm-abaddon]
Damage: Nekusar, the Mindrazer (100) deals 1 non-combat damage to Ai(2)-mm-abaddon.
Life: Life: Ai(2)-mm-abaddon 24 > 23
Resolve Stack: Whenever an opponent draws a card, Nekusar, the Mindrazer deals 1 damage to that player. [Player: Ai(2)-mm-abaddon]
Phase: Ai(2)-mm-abaddon's Cleanup step
Discard: Ai(2)-mm-abaddon discards Blood Crypt (111).
Add To Stack: Ai(1)-mm-nekusar-discard triggered Waste Not
Resolve Stack: Whenever an opponent discards a land card, add {B}{B}. [Discarded: Blood Crypt (111), Cause: null]
Phase: RepeatAi(2)-mm-abaddon's Cleanup step
Turn: Turn 25 (Ai(3)-mm-talrand-spells)
Phase: Ai(3)-mm-talrand-spells' Untap step
Phase: Ai(3)-mm-talrand-spells' Upkeep step
Phase: Ai(3)-mm-talrand-spells' Draw step
Add To Stack: Ai(1)-mm-nekusar-discard triggered Nekusar, the Mindrazer
Add To Stack: Ai(1)-mm-nekusar-discard triggered Scrawling Crawler
Add To Stack: Ai(1)-mm-nekusar-discard triggered Nekusar, the Mindrazer
Resolve Stack: At the beginning of each player's draw step, that player draws an additional card. [Phase: Ai(3)-mm-talrand-spells]
Add To Stack: Ai(1)-mm-nekusar-discard triggered Nekusar, the Mindrazer
Add To Stack: Ai(1)-mm-nekusar-discard triggered Scrawling Crawler
Life: Life: Ai(3)-mm-talrand-spells 15 > 14
Resolve Stack: Whenever an opponent draws a card, that player loses 1 life. [Player: Ai(3)-mm-talrand-spells]
Damage: Nekusar, the Mindrazer (100) deals 1 non-combat damage to Ai(3)-mm-talrand-spells.
Life: Life: Ai(3)-mm-talrand-spells 14 > 13
Resolve Stack: Whenever an opponent draws a card, Nekusar, the Mindrazer deals 1 damage to that player. [Player: Ai(3)-mm-talrand-spells]
Life: Life: Ai(3)-mm-talrand-spells 13 > 12
Resolve Stack: Whenever an opponent draws a card, that player loses 1 life. [Player: Ai(3)-mm-talrand-spells]
Damage: Nekusar, the Mindrazer (100) deals 1 non-combat damage to Ai(3)-mm-talrand-spells.
Life: Life: Ai(3)-mm-talrand-spells 12 > 11
Resolve Stack: Whenever an opponent draws a card, Nekusar, the Mindrazer deals 1 damage to that player. [Player: Ai(3)-mm-talrand-spells]
Phase: Ai(3)-mm-talrand-spells' Main phase, precombat
Land: Ai(3)-mm-talrand-spells played Island (248)
Mana: Sol Ring (219) - {T}: Add {C}{C}.
Mana: Island (257) - {T}: Add {U}.
Add To Stack: Ai(3)-mm-talrand-spells cast Heraldic Banner
Replacement Effect: As Heraldic Banner enters, choose a color.
Resolve Stack: Heraldic Banner
Phase: Ai(3)-mm-talrand-spells' Beginning of Combat Step
Phase: Ai(3)-mm-talrand-spells' Declare Attackers Step
Phase: Ai(3)-mm-talrand-spells' Declare Blockers Step
Phase: Ai(3)-mm-talrand-spells' First Strike Damage Step
Phase: Ai(3)-mm-talrand-spells' Combat Damage Step
Phase: Ai(3)-mm-talrand-spells' End of Combat Step
Phase: Ai(3)-mm-talrand-spells' Main phase, postcombat
Mana: Commander's Sphere (112) - {T}: Add one mana of any color in your commander's color identity.
Add To Stack: Ai(2)-mm-abaddon cast Brainstorm
Add To Stack: Ai(3)-mm-talrand-spells triggered Rhystic Study
Resolve Stack: Whenever an opponent casts a spell, you may draw a card unless that player pays {1}. [Card: Brainstorm (180), Activator: Ai(2)-mm-abaddon, SpellAbility: Draw three cards, then put two cards from your hand on top of your library in any order. ]
Add To Stack: Ai(1)-mm-nekusar-discard triggered Nekusar, the Mindrazer
Add To Stack: Ai(1)-mm-nekusar-discard triggered Scrawling Crawler
Life: Life: Ai(3)-mm-talrand-spells 11 > 10
Resolve Stack: Whenever an opponent draws a card, that player loses 1 life. [Player: Ai(3)-mm-talrand-spells]
Damage: Nekusar, the Mindrazer (100) deals 1 non-combat damage to Ai(3)-mm-talrand-spells.
Life: Life: Ai(3)-mm-talrand-spells 10 > 9
Resolve Stack: Whenever an opponent draws a card, Nekusar, the Mindrazer deals 1 damage to that player. [Player: Ai(3)-mm-talrand-spells]
Resolve Stack: Brainstorm (180) - Ai(2)-mm-abaddon draws three cards, then puts two cards from their hand on top of their library in any order.
Add To Stack: Ai(1)-mm-nekusar-discard triggered Nekusar, the Mindrazer
Add To Stack: Ai(1)-mm-nekusar-discard triggered Scrawling Crawler
Add To Stack: Ai(1)-mm-nekusar-discard triggered Nekusar, the Mindrazer
Add To Stack: Ai(1)-mm-nekusar-discard triggered Scrawling Crawler
Add To Stack: Ai(1)-mm-nekusar-discard triggered Nekusar, the Mindrazer
Add To Stack: Ai(1)-mm-nekusar-discard triggered Scrawling Crawler
Life: Life: Ai(2)-mm-abaddon 23 > 22
Resolve Stack: Whenever an opponent draws a card, that player loses 1 life. [Player: Ai(2)-mm-abaddon]
Damage: Nekusar, the Mindrazer (100) deals 1 non-combat damage to Ai(2)-mm-abaddon.
Life: Life: Ai(2)-mm-abaddon 22 > 21
Resolve Stack: Whenever an opponent draws a card, Nekusar, the Mindrazer deals 1 damage to that player. [Player: Ai(2)-mm-abaddon]
Life: Life: Ai(2)-mm-abaddon 21 > 20
Resolve Stack: Whenever an opponent draws a card, that player loses 1 life. [Player: Ai(2)-mm-abaddon]
Damage: Nekusar, the Mindrazer (100) deals 1 non-combat damage to Ai(2)-mm-abaddon.
Life: Life: Ai(2)-mm-abaddon 20 > 19
Resolve Stack: Whenever an opponent draws a card, Nekusar, the Mindrazer deals 1 damage to that player. [Player: Ai(2)-mm-abaddon]
Life: Life: Ai(2)-mm-abaddon 19 > 18
Resolve Stack: Whenever an opponent draws a card, that player loses 1 life. [Player: Ai(2)-mm-abaddon]
Damage: Nekusar, the Mindrazer (100) deals 1 non-combat damage to Ai(2)-mm-abaddon.
Life: Life: Ai(2)-mm-abaddon 18 > 17
Resolve Stack: Whenever an opponent draws a card, Nekusar, the Mindrazer deals 1 damage to that player. [Player: Ai(2)-mm-abaddon]
Mana: Island (232) - {T}: Add {U}.
Mana: Mystic Sanctuary (261) - {T}: Add {U}.
Mana: Island (245) - {T}: Add {U}.
Mana: Island (249) - {T}: Add {U}.
Add To Stack: Ai(3)-mm-talrand-spells cast Bident of Thassa
Resolve Stack: Bident of Thassa
Phase: Ai(3)-mm-talrand-spells' End step
Add To Stack: Ai(1)-mm-nekusar-discard triggered Fevered Visions
Damage: Fevered Visions (98) deals 2 non-combat damage to Ai(3)-mm-talrand-spells.
Life: Life: Ai(3)-mm-talrand-spells 9 > 7
Resolve Stack: At the beginning of each player's end step, that player draws a card. If the player is your opponent and has four or more cards in hand, Fevered Visions deals 2 damage to that player. [Phase: Ai(3)-mm-talrand-spells]
Add To Stack: Ai(1)-mm-nekusar-discard triggered Nekusar, the Mindrazer
Add To Stack: Ai(1)-mm-nekusar-discard triggered Scrawling Crawler
Life: Life: Ai(3)-mm-talrand-spells 7 > 6
Resolve Stack: Whenever an opponent draws a card, that player loses 1 life. [Player: Ai(3)-mm-talrand-spells]
Damage: Nekusar, the Mindrazer (100) deals 1 non-combat damage to Ai(3)-mm-talrand-spells.
Life: Life: Ai(3)-mm-talrand-spells 6 > 5
Resolve Stack: Whenever an opponent draws a card, Nekusar, the Mindrazer deals 1 damage to that player. [Player: Ai(3)-mm-talrand-spells]
Phase: Ai(3)-mm-talrand-spells' Cleanup step
Turn: Turn 26 (Ai(4)-mm-giada-angels)
Phase: Ai(4)-mm-giada-angels' Untap step
Phase: Ai(4)-mm-giada-angels' Upkeep step
Mana: Plains (376) - {T}: Add {W}.
Mana: Plains (373) - {T}: Add {W}.
Mana: Plains (389) - {T}: Add {W}.
Life: Life: Ai(4)-mm-giada-angels 31 > 30
Add To Stack: Ai(4)-mm-giada-angels activated War Room
Resolve Stack: War Room (341) - Ai(4)-mm-giada-angels draws a card.
Add To Stack: Ai(1)-mm-nekusar-discard triggered Nekusar, the Mindrazer
Add To Stack: Ai(1)-mm-nekusar-discard triggered Scrawling Crawler
Life: Life: Ai(4)-mm-giada-angels 30 > 29
Resolve Stack: Whenever an opponent draws a card, that player loses 1 life. [Player: Ai(4)-mm-giada-angels]
Damage: Nekusar, the Mindrazer (100) deals 1 non-combat damage to Ai(4)-mm-giada-angels.
Life: Life: Ai(4)-mm-giada-angels 29 > 28
Resolve Stack: Whenever an opponent draws a card, Nekusar, the Mindrazer deals 1 damage to that player. [Player: Ai(4)-mm-giada-angels]
Phase: Ai(4)-mm-giada-angels' Draw step
Add To Stack: Ai(1)-mm-nekusar-discard triggered Nekusar, the Mindrazer
Add To Stack: Ai(1)-mm-nekusar-discard triggered Scrawling Crawler
Add To Stack: Ai(1)-mm-nekusar-discard triggered Nekusar, the Mindrazer
Resolve Stack: At the beginning of each player's draw step, that player draws an additional card. [Phase: Ai(4)-mm-giada-angels]
Add To Stack: Ai(1)-mm-nekusar-discard triggered Nekusar, the Mindrazer
Add To Stack: Ai(1)-mm-nekusar-discard triggered Scrawling Crawler
Mana: Island (248) - {T}: Add {U}.
Add To Stack: Ai(3)-mm-talrand-spells cast Opt
Add To Stack: Ai(3)-mm-talrand-spells triggered Murmuring Mystic
Add To Stack: Ai(3)-mm-talrand-spells triggered Talrand, Sky Summoner
Resolve Stack: Whenever you cast an instant or sorcery spell, create a 2/2 blue Drake creature token with flying. [Card: Opt (218), Activator: Ai(3)-mm-talrand-spells, SpellAbility: Scry 1. Draw a card.]
Resolve Stack: Whenever you cast an instant or sorcery spell, create a 1/1 blue Bird Illusion creature token with flying. [Card: Opt (218), Activator: Ai(3)-mm-talrand-spells, SpellAbility: Scry 1. Draw a card.]
Resolve Stack: Ai(3)-mm-talrand-spells scried 1 card(s) to the top of the library
Resolve Stack: Opt (218) - Ai(3)-mm-talrand-spells scries 1. Ai(3)-mm-talrand-spells draws a card.
Add To Stack: Ai(1)-mm-nekusar-discard triggered Nekusar, the Mindrazer
Add To Stack: Ai(1)-mm-nekusar-discard triggered Scrawling Crawler
Life: Life: Ai(3)-mm-talrand-spells 5 > 4
Resolve Stack: Whenever an opponent draws a card, that player loses 1 life. [Player: Ai(3)-mm-talrand-spells]
Damage: Nekusar, the Mindrazer (100) deals 1 non-combat damage to Ai(3)-mm-talrand-spells.
Life: Life: Ai(3)-mm-talrand-spells 4 > 3
Resolve Stack: Whenever an opponent draws a card, Nekusar, the Mindrazer deals 1 damage to that player. [Player: Ai(3)-mm-talrand-spells]
Life: Life: Ai(4)-mm-giada-angels 28 > 27
Resolve Stack: Whenever an opponent draws a card, that player loses 1 life. [Player: Ai(4)-mm-giada-angels]
Damage: Nekusar, the Mindrazer (100) deals 1 non-combat damage to Ai(4)-mm-giada-angels.
Life: Life: Ai(4)-mm-giada-angels 27 > 26
Resolve Stack: Whenever an opponent draws a card, Nekusar, the Mindrazer deals 1 damage to that player. [Player: Ai(4)-mm-giada-angels]
Life: Life: Ai(4)-mm-giada-angels 26 > 25
Resolve Stack: Whenever an opponent draws a card, that player loses 1 life. [Player: Ai(4)-mm-giada-angels]
Damage: Nekusar, the Mindrazer (100) deals 1 non-combat damage to Ai(4)-mm-giada-angels.
Life: Life: Ai(4)-mm-giada-angels 25 > 24
Resolve Stack: Whenever an opponent draws a card, Nekusar, the Mindrazer deals 1 damage to that player. [Player: Ai(4)-mm-giada-angels]
Phase: Ai(4)-mm-giada-angels' Main phase, precombat
Land: Ai(4)-mm-giada-angels played Plains (391)
Mana: Plains (372) - {T}: Add {W}.
Mana: Plains (387) - {T}: Add {W}.
Mana: Plains (381) - {T}: Add {W}.
Mana: Plains (391) - {T}: Add {W}.
Add To Stack: Ai(4)-mm-giada-angels cast Giada, Font of Hope
Add To Stack: Ai(3)-mm-talrand-spells triggered Rhystic Study
Mana: Minas Tirith (327) - {T}: Add {W}.
Resolve Stack: Whenever an opponent casts a spell, you may draw a card unless that player pays {1}. [Card: Giada, Font of Hope (403), Activator: Ai(4)-mm-giada-angels, SpellAbility: Giada, Font of Hope - Creature 2 / 2]
Mana: Heraldic Banner (207) - {T}: Add one mana of the chosen color.
Mana: Riptide Laboratory (211) - {T}: Add {C}.
Add To Stack: Ai(3)-mm-talrand-spells cast Mana Leak targeting [Giada, Font of Hope - Creature 2 / 2]
Add To Stack: Ai(3)-mm-talrand-spells triggered Murmuring Mystic
Add To Stack: Ai(3)-mm-talrand-spells triggered Talrand, Sky Summoner
Resolve Stack: Whenever you cast an instant or sorcery spell, create a 2/2 blue Drake creature token with flying. [Card: Mana Leak (263), Activator: Ai(3)-mm-talrand-spells, SpellAbility: Counter target spell unless its controller pays {3}.]
Resolve Stack: Whenever you cast an instant or sorcery spell, create a 1/1 blue Bird Illusion creature token with flying. [Card: Mana Leak (263), Activator: Ai(3)-mm-talrand-spells, SpellAbility: Counter target spell unless its controller pays {3}.]
Zone Change: Send countered spell to Graveyard
Resolve Stack: Mana Leak (263) - Counter Giada, Font of Hope (403) unless its controller pays {3}.
Phase: Ai(4)-mm-giada-angels' Beginning of Combat Step
Phase: Ai(4)-mm-giada-angels' Declare Attackers Step
Combat: Ai(4)-mm-giada-angels assigned Resplendent Angel (304), Angel of Finality (325) and Emeria Shepherd (312) to attack Ai(3)-mm-talrand-spells.
Phase: Ai(4)-mm-giada-angels' Declare Blockers Step
Combat: Ai(3)-mm-talrand-spells assigned Bird Illusion Token (426) and Drake Token (430) to block Resplendent Angel (304).
Ai(3)-mm-talrand-spells assigned Bird Illusion Token (432) to block Angel of Finality (325).
Ai(3)-mm-talrand-spells assigned Drake Token (424) to block Emeria Shepherd (312).
Phase: Ai(4)-mm-giada-angels' First Strike Damage Step
Phase: Ai(4)-mm-giada-angels' Combat Damage Step
Damage: Resplendent Angel (304) deals 3 damage to Bird Illusion Token (426).
Damage: Resplendent Angel (304) deals 2 damage to Drake Token (430).
Damage: Angel of Finality (325) deals 4 damage to Bird Illusion Token (432).
Damage: Emeria Shepherd (312) deals 4 damage to Drake Token (424).
Damage: Bird Illusion Token (426) deals 2 damage to Resplendent Angel (304).
Damage: Drake Token (430) deals 3 damage to Resplendent Angel (304).
Damage: Bird Illusion Token (432) deals 2 damage to Angel of Finality (325).
Damage: Drake Token (424) deals 3 damage to Emeria Shepherd (312).
Zone Change: Resplendent Angel (304) was put into Graveyard from Battlefield.
Zone Change: Drake Token (424) was put into Graveyard from Battlefield.
Zone Change: Bird Illusion Token (426) was put into Graveyard from Battlefield.
Zone Change: Drake Token (430) was put into Graveyard from Battlefield.
Zone Change: Bird Illusion Token (432) was put into Graveyard from Battlefield.
Phase: Ai(4)-mm-giada-angels' End of Combat Step
Phase: Ai(4)-mm-giada-angels' Main phase, postcombat
Phase: Ai(4)-mm-giada-angels' End step
Add To Stack: Ai(1)-mm-nekusar-discard triggered Fevered Visions
Damage: Fevered Visions (98) deals 2 non-combat damage to Ai(4)-mm-giada-angels.
Life: Life: Ai(4)-mm-giada-angels 24 > 22
Resolve Stack: At the beginning of each player's end step, that player draws a card. If the player is your opponent and has four or more cards in hand, Fevered Visions deals 2 damage to that player. [Phase: Ai(4)-mm-giada-angels]
Add To Stack: Ai(1)-mm-nekusar-discard triggered Nekusar, the Mindrazer
Add To Stack: Ai(1)-mm-nekusar-discard triggered Scrawling Crawler
Life: Life: Ai(4)-mm-giada-angels 22 > 21
Resolve Stack: Whenever an opponent draws a card, that player loses 1 life. [Player: Ai(4)-mm-giada-angels]
Damage: Nekusar, the Mindrazer (100) deals 1 non-combat damage to Ai(4)-mm-giada-angels.
Life: Life: Ai(4)-mm-giada-angels 21 > 20
Resolve Stack: Whenever an opponent draws a card, Nekusar, the Mindrazer deals 1 damage to that player. [Player: Ai(4)-mm-giada-angels]
Phase: Ai(4)-mm-giada-angels' Cleanup step
Discard: Ai(4)-mm-giada-angels discards Plains (371).
Discard: Ai(4)-mm-giada-angels discards Plains (377).
Add To Stack: Ai(1)-mm-nekusar-discard triggered Waste Not
Add To Stack: Ai(1)-mm-nekusar-discard triggered Waste Not
Resolve Stack: Whenever an opponent discards a land card, add {B}{B}. [Discarded: Plains (377), Cause: null]
Resolve Stack: Whenever an opponent discards a land card, add {B}{B}. [Discarded: Plains (371), Cause: null]
Phase: RepeatAi(4)-mm-giada-angels' Cleanup step
Turn: Turn 27 (Ai(1)-mm-nekusar-discard)
Phase: Ai(1)-mm-nekusar-discard's Untap step
Phase: Ai(1)-mm-nekusar-discard's Upkeep step
Add To Stack: Ai(1)-mm-nekusar-discard triggered Scrawling Crawler
Resolve Stack: At the beginning of your upkeep, each player draws a card. [Phase: Ai(1)-mm-nekusar-discard]
Add To Stack: Ai(1)-mm-nekusar-discard triggered Nekusar, the Mindrazer
Add To Stack: Ai(1)-mm-nekusar-discard triggered Scrawling Crawler
Add To Stack: Ai(1)-mm-nekusar-discard triggered Nekusar, the Mindrazer
Add To Stack: Ai(1)-mm-nekusar-discard triggered Scrawling Crawler
Add To Stack: Ai(1)-mm-nekusar-discard triggered Nekusar, the Mindrazer
Add To Stack: Ai(1)-mm-nekusar-discard triggered Scrawling Crawler
Life: Life: Ai(4)-mm-giada-angels 20 > 19
Resolve Stack: Whenever an opponent draws a card, that player loses 1 life. [Player: Ai(4)-mm-giada-angels]
Damage: Nekusar, the Mindrazer (100) deals 1 non-combat damage to Ai(4)-mm-giada-angels.
Life: Life: Ai(4)-mm-giada-angels 19 > 18
Resolve Stack: Whenever an opponent draws a card, Nekusar, the Mindrazer deals 1 damage to that player. [Player: Ai(4)-mm-giada-angels]
Life: Life: Ai(3)-mm-talrand-spells 3 > 2
Resolve Stack: Whenever an opponent draws a card, that player loses 1 life. [Player: Ai(3)-mm-talrand-spells]
Damage: Nekusar, the Mindrazer (100) deals 1 non-combat damage to Ai(3)-mm-talrand-spells.
Life: Life: Ai(3)-mm-talrand-spells 2 > 1
Resolve Stack: Whenever an opponent draws a card, Nekusar, the Mindrazer deals 1 damage to that player. [Player: Ai(3)-mm-talrand-spells]
Life: Life: Ai(2)-mm-abaddon 17 > 16
Resolve Stack: Whenever an opponent draws a card, that player loses 1 life. [Player: Ai(2)-mm-abaddon]
Damage: Nekusar, the Mindrazer (100) deals 1 non-combat damage to Ai(2)-mm-abaddon.
Life: Life: Ai(2)-mm-abaddon 16 > 15
Resolve Stack: Whenever an opponent draws a card, Nekusar, the Mindrazer deals 1 damage to that player. [Player: Ai(2)-mm-abaddon]
Phase: Ai(1)-mm-nekusar-discard's Draw step
Add To Stack: Ai(1)-mm-nekusar-discard triggered Nekusar, the Mindrazer
Resolve Stack: At the beginning of each player's draw step, that player draws an additional card. [Phase: Ai(1)-mm-nekusar-discard]
Phase: Ai(1)-mm-nekusar-discard's Main phase, precombat
Land: Ai(1)-mm-nekusar-discard played Command Tower (14)
Phase: Ai(1)-mm-nekusar-discard's Beginning of Combat Step
Phase: Ai(1)-mm-nekusar-discard's Declare Attackers Step
Phase: Ai(1)-mm-nekusar-discard's Declare Blockers Step
Phase: Ai(1)-mm-nekusar-discard's First Strike Damage Step
Phase: Ai(1)-mm-nekusar-discard's Combat Damage Step
Phase: Ai(1)-mm-nekusar-discard's End of Combat Step
Phase: Ai(1)-mm-nekusar-discard's Main phase, postcombat
Mana: Island (35) - {T}: Add {U}.
Mana: Mountain (87) - {T}: Add {R}.
Mana: Swamp (59) - {T}: Add {B}.
Mana: Swamp (57) - {T}: Add {B}.
Mana: Dragonskull Summit (52) - {T}: Add {B} or {R}.
Mana: Watery Grave (33) - {T}: Add {B}.
Add To Stack: Ai(1)-mm-nekusar-discard cast The Locust God
Add To Stack: Ai(3)-mm-talrand-spells triggered Rhystic Study
Mana: Command Tower (14) - {T}: Add one mana of any color in your commander's color identity.
Resolve Stack: Whenever an opponent casts a spell, you may draw a card unless that player pays {1}. [Card: The Locust God (32), Activator: Ai(1)-mm-nekusar-discard, SpellAbility: The Locust God - Creature 4 / 4]
Resolve Stack: The Locust God - Creature 4 / 4
Phase: Ai(1)-mm-nekusar-discard's End step
Add To Stack: Ai(1)-mm-nekusar-discard triggered Fevered Visions
Resolve Stack: At the beginning of each player's end step, that player draws a card. If the player is your opponent and has four or more cards in hand, Fevered Visions deals 2 damage to that player. [Phase: Ai(1)-mm-nekusar-discard]
Add To Stack: Ai(1)-mm-nekusar-discard triggered The Locust God
Resolve Stack: Whenever you draw a card, create a 1/1 blue and red Insect creature token with flying and haste. [Player: Ai(1)-mm-nekusar-discard]
Phase: Ai(1)-mm-nekusar-discard's Cleanup step
Discard: Ai(1)-mm-nekusar-discard discards Sunken Hollow (30).
Discard: Ai(1)-mm-nekusar-discard discards Arcane Signet (94).
Turn: Turn 28 (Ai(2)-mm-abaddon)
Phase: Ai(2)-mm-abaddon's Untap step
Phase: Ai(2)-mm-abaddon's Upkeep step
Phase: Ai(2)-mm-abaddon's Draw step
Add To Stack: Ai(1)-mm-nekusar-discard triggered Nekusar, the Mindrazer
Add To Stack: Ai(1)-mm-nekusar-discard triggered Scrawling Crawler
Add To Stack: Ai(1)-mm-nekusar-discard triggered Nekusar, the Mindrazer
Resolve Stack: At the beginning of each player's draw step, that player draws an additional card. [Phase: Ai(2)-mm-abaddon]
Add To Stack: Ai(1)-mm-nekusar-discard triggered Nekusar, the Mindrazer
Add To Stack: Ai(1)-mm-nekusar-discard triggered Scrawling Crawler
Life: Life: Ai(2)-mm-abaddon 15 > 14
Resolve Stack: Whenever an opponent draws a card, that player loses 1 life. [Player: Ai(2)-mm-abaddon]
Damage: Nekusar, the Mindrazer (100) deals 1 non-combat damage to Ai(2)-mm-abaddon.
Life: Life: Ai(2)-mm-abaddon 14 > 13
Resolve Stack: Whenever an opponent draws a card, Nekusar, the Mindrazer deals 1 damage to that player. [Player: Ai(2)-mm-abaddon]
Life: Life: Ai(2)-mm-abaddon 13 > 12
Resolve Stack: Whenever an opponent draws a card, that player loses 1 life. [Player: Ai(2)-mm-abaddon]
Damage: Nekusar, the Mindrazer (100) deals 1 non-combat damage to Ai(2)-mm-abaddon.
Life: Life: Ai(2)-mm-abaddon 12 > 11
Resolve Stack: Whenever an opponent draws a card, Nekusar, the Mindrazer deals 1 damage to that player. [Player: Ai(2)-mm-abaddon]
Phase: Ai(2)-mm-abaddon's Main phase, precombat
Land: Ai(2)-mm-abaddon played Mountain (185)
Phase: Ai(2)-mm-abaddon's Beginning of Combat Step
Phase: Ai(2)-mm-abaddon's Declare Attackers Step
Combat: Ai(2)-mm-abaddon assigned Neheb, the Eternal (140) and Bird Token (417) to attack Ai(3)-mm-talrand-spells.
Phase: Ai(2)-mm-abaddon's Declare Blockers Step
Combat: Ai(3)-mm-talrand-spells didn't block Neheb, the Eternal (140).
Ai(3)-mm-talrand-spells didn't block Bird Token (417).
Phase: Ai(2)-mm-abaddon's First Strike Damage Step
Phase: Ai(2)-mm-abaddon's Combat Damage Step
Damage: Neheb, the Eternal (140) deals 4 combat damage to Ai(3)-mm-talrand-spells.
Damage: Bird Token (417) deals 1 combat damage to Ai(3)-mm-talrand-spells.
Life: Life: Ai(3)-mm-talrand-spells 1 > -4
Phase: Ai(2)-mm-abaddon's End of Combat Step
Phase: Ai(2)-mm-abaddon's Main phase, postcombat
Add To Stack: Ai(2)-mm-abaddon triggered Neheb, the Eternal
Resolve Stack: At the beginning of each of your postcombat main phases, add {R} for each 1 life your opponents have lost this turn. [Phase: Ai(2)-mm-abaddon]
Mana: Island (129) - {T}: Add {U}.
Add To Stack: Ai(2)-mm-abaddon cast Bloodthirster
Resolve Stack: Bloodthirster - Creature 6 / 6
Mana: Drowned Catacomb (177) - {T}: Add {U} or {B}.
Mana: Island (128) - {T}: Add {U}.
Mana: Mountain (188) - {T}: Add {R}.
Mana: Mountain (185) - {T}: Add {R}.
Mana: Watery Grave (124) - {T}: Add {B}.
Add To Stack: Ai(2)-mm-abaddon cast Abaddon the Despoiler
Resolve Stack: Abaddon the Despoiler - Creature 5 / 5
Mana: Command Tower (110) - {T}: Add one mana of any color in your commander's color identity.
Mana: Commander's Sphere (112) - {T}: Add one mana of any color in your commander's color identity.
Add To Stack: Ai(2)-mm-abaddon cast Nightscape Familiar
Add To Stack: Ai(2)-mm-abaddon triggered Nightscape Familiar
Add To Stack: Ai(2)-mm-abaddon cast Profane Tutor
Resolve Stack: Cascade - Nightscape Familiar [Card: Nightscape Familiar (120), Activator: Ai(2)-mm-abaddon, SpellAbility: Nightscape Familiar - Creature 1 / 1]
Resolve Stack: Profane Tutor (105) - Search your library for a card, put that card into your hand, then shuffle.
Resolve Stack: Nightscape Familiar - Creature 1 / 1
Phase: Ai(2)-mm-abaddon's End step
Add To Stack: Ai(1)-mm-nekusar-discard triggered Fevered Visions
Damage: Fevered Visions (98) deals 2 non-combat damage to Ai(2)-mm-abaddon.
Life: Life: Ai(2)-mm-abaddon 11 > 9
Resolve Stack: At the beginning of each player's end step, that player draws a card. If the player is your opponent and has four or more cards in hand, Fevered Visions deals 2 damage to that player. [Phase: Ai(2)-mm-abaddon]
Add To Stack: Ai(1)-mm-nekusar-discard triggered Nekusar, the Mindrazer
Add To Stack: Ai(1)-mm-nekusar-discard triggered Scrawling Crawler
Life: Life: Ai(2)-mm-abaddon 9 > 8
Resolve Stack: Whenever an opponent draws a card, that player loses 1 life. [Player: Ai(2)-mm-abaddon]
Damage: Nekusar, the Mindrazer (100) deals 1 non-combat damage to Ai(2)-mm-abaddon.
Life: Life: Ai(2)-mm-abaddon 8 > 7
Resolve Stack: Whenever an opponent draws a card, Nekusar, the Mindrazer deals 1 damage to that player. [Player: Ai(2)-mm-abaddon]
Phase: Ai(2)-mm-abaddon's Cleanup step
Discard: Ai(2)-mm-abaddon discards Steam Vents (159).
Discard: Ai(2)-mm-abaddon discards Decree of Pain (181).
Add To Stack: Ai(1)-mm-nekusar-discard triggered Waste Not
Add To Stack: Ai(1)-mm-nekusar-discard triggered Waste Not
Resolve Stack: Whenever an opponent discards a noncreature, nonland card, draw a card. [Discarded: Decree of Pain (181), Cause: null]
Add To Stack: Ai(1)-mm-nekusar-discard triggered The Locust God
Resolve Stack: Whenever you draw a card, create a 1/1 blue and red Insect creature token with flying and haste. [Player: Ai(1)-mm-nekusar-discard]
Resolve Stack: Whenever an opponent discards a land card, add {B}{B}. [Discarded: Steam Vents (159), Cause: null]
Phase: RepeatAi(2)-mm-abaddon's Cleanup step
Turn: Turn 29 (Ai(4)-mm-giada-angels)
Phase: Ai(4)-mm-giada-angels' Untap step
Phase: Ai(4)-mm-giada-angels' Upkeep step
Phase: Ai(4)-mm-giada-angels' Draw step
Add To Stack: Ai(1)-mm-nekusar-discard triggered Nekusar, the Mindrazer
Add To Stack: Ai(1)-mm-nekusar-discard triggered Scrawling Crawler
Add To Stack: Ai(1)-mm-nekusar-discard triggered Nekusar, the Mindrazer
Resolve Stack: At the beginning of each player's draw step, that player draws an additional card. [Phase: Ai(4)-mm-giada-angels]
Add To Stack: Ai(1)-mm-nekusar-discard triggered Nekusar, the Mindrazer
Add To Stack: Ai(1)-mm-nekusar-discard triggered Scrawling Crawler
Life: Life: Ai(4)-mm-giada-angels 18 > 17
Resolve Stack: Whenever an opponent draws a card, that player loses 1 life. [Player: Ai(4)-mm-giada-angels]
Damage: Nekusar, the Mindrazer (100) deals 1 non-combat damage to Ai(4)-mm-giada-angels.
Life: Life: Ai(4)-mm-giada-angels 17 > 16
Resolve Stack: Whenever an opponent draws a card, Nekusar, the Mindrazer deals 1 damage to that player. [Player: Ai(4)-mm-giada-angels]
Life: Life: Ai(4)-mm-giada-angels 16 > 15
Resolve Stack: Whenever an opponent draws a card, that player loses 1 life. [Player: Ai(4)-mm-giada-angels]
Damage: Nekusar, the Mindrazer (100) deals 1 non-combat damage to Ai(4)-mm-giada-angels.
Life: Life: Ai(4)-mm-giada-angels 15 > 14
Resolve Stack: Whenever an opponent draws a card, Nekusar, the Mindrazer deals 1 damage to that player. [Player: Ai(4)-mm-giada-angels]
Phase: Ai(4)-mm-giada-angels' Main phase, precombat
Mana: Plains (376) - {T}: Add {W}.
Mana: Plains (373) - {T}: Add {W}.
Mana: Plains (389) - {T}: Add {W}.
Mana: Plains (372) - {T}: Add {W}.
Mana: Plains (387) - {T}: Add {W}.
Mana: Plains (381) - {T}: Add {W}.
Mana: Plains (391) - {T}: Add {W}.
Mana: War Room (341) - {T}: Add {C}.
Add To Stack: Ai(4)-mm-giada-angels cast Avacyn, Angel of Hope
Resolve Stack: Avacyn, Angel of Hope - Creature 8 / 8
Mana: Minas Tirith (327) - {T}: Add {W}.
Add To Stack: Ai(4)-mm-giada-angels activated Swiftfoot Boots targeting [Avacyn, Angel of Hope (354)]
Resolve Stack: Swiftfoot Boots (344) -  Attach to Avacyn, Angel of Hope (354)
Phase: Ai(4)-mm-giada-angels' Beginning of Combat Step
Phase: Ai(4)-mm-giada-angels' Declare Attackers Step
Combat: Ai(4)-mm-giada-angels assigned Avacyn, Angel of Hope (354), Angel of Finality (325) and Emeria Shepherd (312) to attack Ai(2)-mm-abaddon.
Phase: Ai(4)-mm-giada-angels' Declare Blockers Step
Combat: Ai(2)-mm-abaddon assigned Bloodthirster (196) to block Avacyn, Angel of Hope (354).
Ai(2)-mm-abaddon didn't block Angel of Finality (325).
Ai(2)-mm-abaddon didn't block Emeria Shepherd (312).
Phase: Ai(4)-mm-giada-angels' First Strike Damage Step
Phase: Ai(4)-mm-giada-angels' Combat Damage Step
Damage: Avacyn, Angel of Hope (354) deals 8 damage to Bloodthirster (196).
Damage: Angel of Finality (325) deals 4 combat damage to Ai(2)-mm-abaddon.
Damage: Emeria Shepherd (312) deals 4 combat damage to Ai(2)-mm-abaddon.
Damage: Bloodthirster (196) deals 6 damage to Avacyn, Angel of Hope (354).
Life: Life: Ai(2)-mm-abaddon 7 > -1
Phase: Ai(4)-mm-giada-angels' End of Combat Step
Phase: Ai(4)-mm-giada-angels' Main phase, postcombat
Phase: Ai(4)-mm-giada-angels' End step
Add To Stack: Ai(1)-mm-nekusar-discard triggered Fevered Visions
Damage: Fevered Visions (98) deals 2 non-combat damage to Ai(4)-mm-giada-angels.
Life: Life: Ai(4)-mm-giada-angels 14 > 12
Resolve Stack: At the beginning of each player's end step, that player draws a card. If the player is your opponent and has four or more cards in hand, Fevered Visions deals 2 damage to that player. [Phase: Ai(4)-mm-giada-angels]
Add To Stack: Ai(1)-mm-nekusar-discard triggered Nekusar, the Mindrazer
Add To Stack: Ai(1)-mm-nekusar-discard triggered Scrawling Crawler
Life: Life: Ai(4)-mm-giada-angels 12 > 11
Resolve Stack: Whenever an opponent draws a card, that player loses 1 life. [Player: Ai(4)-mm-giada-angels]
Damage: Nekusar, the Mindrazer (100) deals 1 non-combat damage to Ai(4)-mm-giada-angels.
Life: Life: Ai(4)-mm-giada-angels 11 > 10
Resolve Stack: Whenever an opponent draws a card, Nekusar, the Mindrazer deals 1 damage to that player. [Player: Ai(4)-mm-giada-angels]
Phase: Ai(4)-mm-giada-angels' Cleanup step
Discard: Ai(4)-mm-giada-angels discards Land Tax (363).
Discard: Ai(4)-mm-giada-angels discards Court of Grace (356).
Discard: Ai(4)-mm-giada-angels discards Smothering Tithe (317).
Add To Stack: Ai(1)-mm-nekusar-discard triggered Waste Not
Add To Stack: Ai(1)-mm-nekusar-discard triggered Waste Not
Add To Stack: Ai(1)-mm-nekusar-discard triggered Waste Not
Resolve Stack: Whenever an opponent discards a noncreature, nonland card, draw a card. [Discarded: Smothering Tithe (317), Cause: null]
Add To Stack: Ai(1)-mm-nekusar-discard triggered The Locust God
Resolve Stack: Whenever you draw a card, create a 1/1 blue and red Insect creature token with flying and haste. [Player: Ai(1)-mm-nekusar-discard]
Resolve Stack: Whenever an opponent discards a noncreature, nonland card, draw a card. [Discarded: Court of Grace (356), Cause: null]
Add To Stack: Ai(1)-mm-nekusar-discard triggered The Locust God
Resolve Stack: Whenever you draw a card, create a 1/1 blue and red Insect creature token with flying and haste. [Player: Ai(1)-mm-nekusar-discard]
Resolve Stack: Whenever an opponent discards a noncreature, nonland card, draw a card. [Discarded: Land Tax (363), Cause: null]
Add To Stack: Ai(1)-mm-nekusar-discard triggered The Locust God
Resolve Stack: Whenever you draw a card, create a 1/1 blue and red Insect creature token with flying and haste. [Player: Ai(1)-mm-nekusar-discard]
Phase: RepeatAi(4)-mm-giada-angels' Cleanup step
Turn: Turn 30 (Ai(1)-mm-nekusar-discard)
Phase: Ai(1)-mm-nekusar-discard's Untap step
Phase: Ai(1)-mm-nekusar-discard's Upkeep step
Add To Stack: Ai(1)-mm-nekusar-discard triggered Scrawling Crawler
Resolve Stack: At the beginning of your upkeep, each player draws a card. [Phase: Ai(1)-mm-nekusar-discard]
Add To Stack: Ai(1)-mm-nekusar-discard triggered Nekusar, the Mindrazer
Add To Stack: Ai(1)-mm-nekusar-discard triggered Scrawling Crawler
Add To Stack: Ai(1)-mm-nekusar-discard triggered The Locust God
Resolve Stack: Whenever you draw a card, create a 1/1 blue and red Insect creature token with flying and haste. [Player: Ai(1)-mm-nekusar-discard]
Life: Life: Ai(4)-mm-giada-angels 10 > 9
Resolve Stack: Whenever an opponent draws a card, that player loses 1 life. [Player: Ai(4)-mm-giada-angels]
Damage: Nekusar, the Mindrazer (100) deals 1 non-combat damage to Ai(4)-mm-giada-angels.
Life: Life: Ai(4)-mm-giada-angels 9 > 8
Resolve Stack: Whenever an opponent draws a card, Nekusar, the Mindrazer deals 1 damage to that player. [Player: Ai(4)-mm-giada-angels]
Mana: Mountain (87) - {T}: Add {R}.
Mana: Swamp (59) - {T}: Add {B}.
Mana: Swamp (57) - {T}: Add {B}.
Add To Stack: Ai(1)-mm-nekusar-discard cast Chaos Warp targeting [Emeria Shepherd (312)]
Resolve Stack: Chaos Warp (73) - Shuffle Emeria Shepherd (312) into its owner's library. Ai(1)-mm-nekusar-discard reveals the top card of Ai(4)-mm-giada-angels' library.
Phase: Ai(1)-mm-nekusar-discard's Draw step
Add To Stack: Ai(1)-mm-nekusar-discard triggered Nekusar, the Mindrazer
Add To Stack: Ai(1)-mm-nekusar-discard triggered The Locust God
Resolve Stack: Whenever you draw a card, create a 1/1 blue and red Insect creature token with flying and haste. [Player: Ai(1)-mm-nekusar-discard]
Resolve Stack: At the beginning of each player's draw step, that player draws an additional card. [Phase: Ai(1)-mm-nekusar-discard]
Add To Stack: Ai(1)-mm-nekusar-discard triggered The Locust God
Resolve Stack: Whenever you draw a card, create a 1/1 blue and red Insect creature token with flying and haste. [Player: Ai(1)-mm-nekusar-discard]
Phase: Ai(1)-mm-nekusar-discard's Main phase, precombat
Land: Ai(1)-mm-nekusar-discard played Mountain (86)
Mana: Mountain (86) - {T}: Add {R}.
Mana: Island (35) - {T}: Add {U}.
Add To Stack: Ai(1)-mm-nekusar-discard cast Lightning Greaves
Resolve Stack: Lightning Greaves
Add To Stack: Ai(1)-mm-nekusar-discard activated Lightning Greaves targeting [The Locust God (32)]
Resolve Stack: Lightning Greaves (92) -  Attach to The Locust God (32)
Phase: Ai(1)-mm-nekusar-discard's Beginning of Combat Step
Phase: Ai(1)-mm-nekusar-discard's Declare Attackers Step
Combat: Ai(1)-mm-nekusar-discard assigned The Locust God (32), Scrawling Crawler (99), Nekusar, the Mindrazer (100), Insect Token (435), Insect Token (438), Insect Token (441), Insect Token (444), Insect Token (447), Insect Token (450), Insect Token (453) and Insect Token (456) to attack Ai(4)-mm-giada-angels.
Phase: Ai(1)-mm-nekusar-discard's Declare Blockers Step
Combat: Ai(4)-mm-giada-angels assigned Avacyn, Angel of Hope (354) to block The Locust God (32).
Ai(4)-mm-giada-angels didn't block Scrawling Crawler (99).
Ai(4)-mm-giada-angels didn't block Nekusar, the Mindrazer (100).
Ai(4)-mm-giada-angels didn't block Insect Token (435).
Ai(4)-mm-giada-angels didn't block Insect Token (438).
Ai(4)-mm-giada-angels didn't block Insect Token (441).
Ai(4)-mm-giada-angels didn't block Insect Token (444).
Ai(4)-mm-giada-angels didn't block Insect Token (447).
Ai(4)-mm-giada-angels didn't block Insect Token (450).
Ai(4)-mm-giada-angels didn't block Insect Token (453).
Ai(4)-mm-giada-angels didn't block Insect Token (456).
Phase: Ai(1)-mm-nekusar-discard's First Strike Damage Step
Phase: Ai(1)-mm-nekusar-discard's Combat Damage Step
Damage: The Locust God (32) deals 4 damage to Avacyn, Angel of Hope (354).
Damage: Scrawling Crawler (99) deals 3 combat damage to Ai(4)-mm-giada-angels.
Damage: Nekusar, the Mindrazer (100) deals 2 combat damage to Ai(4)-mm-giada-angels.
Damage: Insect Token (435) deals 1 combat damage to Ai(4)-mm-giada-angels.
Damage: Insect Token (438) deals 1 combat damage to Ai(4)-mm-giada-angels.
Damage: Insect Token (441) deals 1 combat damage to Ai(4)-mm-giada-angels.
Damage: Insect Token (444) deals 1 combat damage to Ai(4)-mm-giada-angels.
Damage: Insect Token (447) deals 1 combat damage to Ai(4)-mm-giada-angels.
Damage: Insect Token (450) deals 1 combat damage to Ai(4)-mm-giada-angels.
Damage: Insect Token (453) deals 1 combat damage to Ai(4)-mm-giada-angels.
Damage: Insect Token (456) deals 1 combat damage to Ai(4)-mm-giada-angels.
Damage: Avacyn, Angel of Hope (354) deals 8 damage to The Locust God (32).
Life: Life: Ai(4)-mm-giada-angels 8 > -5
Player Control: Ai(1)-mm-nekusar-discard has restored control over themself
Player Control: Ai(2)-mm-abaddon has restored control over themself
Player Control: Ai(3)-mm-talrand-spells has restored control over themself
Player Control: Ai(4)-mm-giada-angels has restored control over themself
Game Outcome: Turn 15
Game Outcome: Ai(1)-mm-nekusar-discard has won because all opponents have lost
Game Outcome: Ai(2)-mm-abaddon has lost because life total reached 0
Game Outcome: Ai(3)-mm-talrand-spells has lost because life total reached 0
Game Outcome: Ai(4)-mm-giada-angels has lost because life total reached 0
Match Result: Ai(1)-mm-nekusar-discard: 1 Ai(2)-mm-abaddon: 0 Ai(3)-mm-talrand-spells: 0 Ai(4)-mm-giada-angels: 0 

Game Result: Game 1 ended in 92478 ms. Ai(1)-mm-nekusar-discard has won!

Warning: default (ie. inherited from base class) implementation of confirmAction is used by Abaddon the Despoiler for forge.ai.ability.PermanentCreatureAi. Consider declaring an overloaded method
Mulligan: Ai(2)-mm-abaddon has mulliganed down to 7 cards.
Mulligan: Ai(2)-mm-abaddon has kept a hand of 7 cards
Mulligan: Ai(3)-mm-talrand-spells has kept a hand of 7 cards
Mulligan: Ai(4)-mm-giada-angels has kept a hand of 7 cards
Mulligan: Ai(1)-mm-nekusar-discard has kept a hand of 7 cards
Turn: Turn 1 (Ai(2)-mm-abaddon)
Phase: Ai(2)-mm-abaddon's Untap step
Phase: Ai(2)-mm-abaddon's Upkeep step
Phase: Ai(2)-mm-abaddon's Draw step
Phase: Ai(2)-mm-abaddon's Main phase, precombat
Land: Ai(2)-mm-abaddon played Mountain (187)
Phase: Ai(2)-mm-abaddon's Beginning of Combat Step
Phase: Ai(2)-mm-abaddon's Declare Attackers Step
Phase: Ai(2)-mm-abaddon's Declare Blockers Step
Phase: Ai(2)-mm-abaddon's First Strike Damage Step
Phase: Ai(2)-mm-abaddon's Combat Damage Step
Phase: Ai(2)-mm-abaddon's End of Combat Step
Phase: Ai(2)-mm-abaddon's Main phase, postcombat
Phase: Ai(2)-mm-abaddon's End step
Phase: Ai(2)-mm-abaddon's Cleanup step
Turn: Turn 2 (Ai(3)-mm-talrand-spells)
Phase: Ai(3)-mm-talrand-spells' Untap step
Phase: Ai(3)-mm-talrand-spells' Upkeep step
Phase: Ai(3)-mm-talrand-spells' Draw step
Phase: Ai(3)-mm-talrand-spells' Main phase, precombat
Land: Ai(3)-mm-talrand-spells played Island (233)
Phase: Ai(3)-mm-talrand-spells' Beginning of Combat Step
Phase: Ai(3)-mm-talrand-spells' Declare Attackers Step
Phase: Ai(3)-mm-talrand-spells' Declare Blockers Step
Phase: Ai(3)-mm-talrand-spells' First Strike Damage Step
Phase: Ai(3)-mm-talrand-spells' Combat Damage Step
Phase: Ai(3)-mm-talrand-spells' End of Combat Step
Phase: Ai(3)-mm-talrand-spells' Main phase, postcombat
Phase: Ai(3)-mm-talrand-spells' End step
Phase: Ai(3)-mm-talrand-spells' Cleanup step
Turn: Turn 3 (Ai(4)-mm-giada-angels)
Phase: Ai(4)-mm-giada-angels' Untap step
Phase: Ai(4)-mm-giada-angels' Upkeep step
Phase: Ai(4)-mm-giada-angels' Draw step
Phase: Ai(4)-mm-giada-angels' Main phase, precombat
Replacement Effect: As Cavern of Souls enters, choose a creature type.
Land: Ai(4)-mm-giada-angels played Cavern of Souls (359)
Phase: Ai(4)-mm-giada-angels' Beginning of Combat Step
Phase: Ai(4)-mm-giada-angels' Declare Attackers Step
Phase: Ai(4)-mm-giada-angels' Declare Blockers Step
Phase: Ai(4)-mm-giada-angels' First Strike Damage Step
Phase: Ai(4)-mm-giada-angels' Combat Damage Step
Phase: Ai(4)-mm-giada-angels' End of Combat Step
Phase: Ai(4)-mm-giada-angels' Main phase, postcombat
Mana: Cavern of Souls (359) - {T}: Add {C}.
Add To Stack: Ai(4)-mm-giada-angels cast Sol Ring
Resolve Stack: Sol Ring
Phase: Ai(4)-mm-giada-angels' End step
Phase: Ai(4)-mm-giada-angels' Cleanup step
Turn: Turn 4 (Ai(1)-mm-nekusar-discard)
Phase: Ai(1)-mm-nekusar-discard's Untap step
Phase: Ai(1)-mm-nekusar-discard's Upkeep step
Phase: Ai(1)-mm-nekusar-discard's Draw step
Phase: Ai(1)-mm-nekusar-discard's Main phase, precombat
Land: Ai(1)-mm-nekusar-discard played Island (38)
Phase: Ai(1)-mm-nekusar-discard's Beginning of Combat Step
Phase: Ai(1)-mm-nekusar-discard's Declare Attackers Step
Phase: Ai(1)-mm-nekusar-discard's Declare Blockers Step
Phase: Ai(1)-mm-nekusar-discard's First Strike Damage Step
Phase: Ai(1)-mm-nekusar-discard's Combat Damage Step
Phase: Ai(1)-mm-nekusar-discard's End of Combat Step
Phase: Ai(1)-mm-nekusar-discard's Main phase, postcombat
Phase: Ai(1)-mm-nekusar-discard's End step
Phase: Ai(1)-mm-nekusar-discard's Cleanup step
Turn: Turn 5 (Ai(2)-mm-abaddon)
Phase: Ai(2)-mm-abaddon's Untap step
Phase: Ai(2)-mm-abaddon's Upkeep step
Phase: Ai(2)-mm-abaddon's Draw step
Phase: Ai(2)-mm-abaddon's Main phase, precombat
Land: Ai(2)-mm-abaddon played Island (128)
Phase: Ai(2)-mm-abaddon's Beginning of Combat Step
Phase: Ai(2)-mm-abaddon's Declare Attackers Step
Phase: Ai(2)-mm-abaddon's Declare Blockers Step
Phase: Ai(2)-mm-abaddon's First Strike Damage Step
Phase: Ai(2)-mm-abaddon's Combat Damage Step
Phase: Ai(2)-mm-abaddon's End of Combat Step
Phase: Ai(2)-mm-abaddon's Main phase, postcombat
Mana: Island (128) - {T}: Add {U}.
Mana: Mountain (187) - {T}: Add {R}.
Add To Stack: Ai(2)-mm-abaddon cast Talisman of Indulgence
Resolve Stack: Talisman of Indulgence
Phase: Ai(2)-mm-abaddon's End step
Phase: Ai(2)-mm-abaddon's Cleanup step
Turn: Turn 6 (Ai(3)-mm-talrand-spells)
Phase: Ai(3)-mm-talrand-spells' Untap step
Phase: Ai(3)-mm-talrand-spells' Upkeep step
Phase: Ai(3)-mm-talrand-spells' Draw step
Phase: Ai(3)-mm-talrand-spells' Main phase, precombat
Land: Ai(3)-mm-talrand-spells played Island (232)
Mana: Island (233) - {T}: Add {U}.
Add To Stack: Ai(3)-mm-talrand-spells cast Preordain
Resolve Stack: Ai(3)-mm-talrand-spells scried 2 card(s) to the top of the library
Resolve Stack: Preordain (262) - Ai(3)-mm-talrand-spells scries 2. Ai(3)-mm-talrand-spells draws a card.
Phase: Ai(3)-mm-talrand-spells' Beginning of Combat Step
Phase: Ai(3)-mm-talrand-spells' Declare Attackers Step
Phase: Ai(3)-mm-talrand-spells' Declare Blockers Step
Phase: Ai(3)-mm-talrand-spells' First Strike Damage Step
Phase: Ai(3)-mm-talrand-spells' Combat Damage Step
Phase: Ai(3)-mm-talrand-spells' End of Combat Step
Phase: Ai(3)-mm-talrand-spells' Main phase, postcombat
Phase: Ai(3)-mm-talrand-spells' End step
Phase: Ai(3)-mm-talrand-spells' Cleanup step
Turn: Turn 7 (Ai(4)-mm-giada-angels)
Phase: Ai(4)-mm-giada-angels' Untap step
Phase: Ai(4)-mm-giada-angels' Upkeep step
Phase: Ai(4)-mm-giada-angels' Draw step
Phase: Ai(4)-mm-giada-angels' Main phase, precombat
Land: Ai(4)-mm-giada-angels played Plains (385)
Phase: Ai(4)-mm-giada-angels' Beginning of Combat Step
Phase: Ai(4)-mm-giada-angels' Declare Attackers Step
Phase: Ai(4)-mm-giada-angels' Declare Blockers Step
Phase: Ai(4)-mm-giada-angels' First Strike Damage Step
Phase: Ai(4)-mm-giada-angels' Combat Damage Step
Phase: Ai(4)-mm-giada-angels' End of Combat Step
Phase: Ai(4)-mm-giada-angels' Main phase, postcombat
Mana: Plains (385) - {T}: Add {W}.
Mana: Sol Ring (321) - {T}: Add {C}{C}.
Mana: Cavern of Souls (359) - {T}: Add {C}.
Add To Stack: Ai(4)-mm-giada-angels cast Angelic Accord
Resolve Stack: Angelic Accord
Phase: Ai(4)-mm-giada-angels' End step
Phase: Ai(4)-mm-giada-angels' Cleanup step
Turn: Turn 8 (Ai(1)-mm-nekusar-discard)
Phase: Ai(1)-mm-nekusar-discard's Untap step
Phase: Ai(1)-mm-nekusar-discard's Upkeep step
Phase: Ai(1)-mm-nekusar-discard's Draw step
Phase: Ai(1)-mm-nekusar-discard's Main phase, precombat
Land: Ai(1)-mm-nekusar-discard played Swamp (58)
Phase: Ai(1)-mm-nekusar-discard's Beginning of Combat Step
Phase: Ai(1)-mm-nekusar-discard's Declare Attackers Step
Phase: Ai(1)-mm-nekusar-discard's Declare Blockers Step
Phase: Ai(1)-mm-nekusar-discard's First Strike Damage Step
Phase: Ai(1)-mm-nekusar-discard's Combat Damage Step
Phase: Ai(1)-mm-nekusar-discard's End of Combat Step
Phase: Ai(1)-mm-nekusar-discard's Main phase, postcombat
Phase: Ai(1)-mm-nekusar-discard's End step
Phase: Ai(1)-mm-nekusar-discard's Cleanup step
Turn: Turn 9 (Ai(2)-mm-abaddon)
Phase: Ai(2)-mm-abaddon's Untap step
Phase: Ai(2)-mm-abaddon's Upkeep step
Phase: Ai(2)-mm-abaddon's Draw step
Phase: Ai(2)-mm-abaddon's Main phase, precombat
Land: Ai(2)-mm-abaddon played Mountain (188)
Phase: Ai(2)-mm-abaddon's Beginning of Combat Step
Phase: Ai(2)-mm-abaddon's Declare Attackers Step
Phase: Ai(2)-mm-abaddon's Declare Blockers Step
Phase: Ai(2)-mm-abaddon's First Strike Damage Step
Phase: Ai(2)-mm-abaddon's Combat Damage Step
Phase: Ai(2)-mm-abaddon's End of Combat Step
Phase: Ai(2)-mm-abaddon's Main phase, postcombat
Damage: Talisman of Indulgence (191) deals 1 non-combat damage to Ai(2)-mm-abaddon.
Life: Life: Ai(2)-mm-abaddon 40 > 39
Mana: Talisman of Indulgence (191) - {T}: Add {B} or {R}. Talisman of Indulgence deals 1 damage to you. 
Mana: Island (128) - {T}: Add {U}.
Add To Stack: Ai(2)-mm-abaddon cast Nightscape Familiar
Mana: Island (38) - {T}: Add {U}.
Mana: Swamp (58) - {T}: Add {B}.
Add To Stack: Ai(1)-mm-nekusar-discard cast Arcane Denial targeting [Nightscape Familiar - Creature 1 / 1]
Zone Change: Send countered spell to Graveyard
Resolve Stack: Arcane Denial (69) - Counter Nightscape Familiar (120). Draw a card. Draw up to two cards. 
Phase: Ai(2)-mm-abaddon's End step
Phase: Ai(2)-mm-abaddon's Cleanup step
Turn: Turn 10 (Ai(3)-mm-talrand-spells)
Phase: Ai(3)-mm-talrand-spells' Untap step
Phase: Ai(3)-mm-talrand-spells' Upkeep step
Add To Stack: Ai(1)-mm-nekusar-discard triggered Arcane Denial
Add To Stack: Ai(1)-mm-nekusar-discard triggered Arcane Denial
Resolve Stack: Draw up to two cards. ([Ai(2)-mm-abaddon]) [Phase: Ai(3)-mm-talrand-spells]
Resolve Stack: Draw a card. [Phase: Ai(3)-mm-talrand-spells]
Phase: Ai(3)-mm-talrand-spells' Draw step
Phase: Ai(3)-mm-talrand-spells' Main phase, precombat
Land: Ai(3)-mm-talrand-spells played Island (248)
Phase: Ai(3)-mm-talrand-spells' Beginning of Combat Step
Phase: Ai(3)-mm-talrand-spells' Declare Attackers Step
Phase: Ai(3)-mm-talrand-spells' Declare Blockers Step
Phase: Ai(3)-mm-talrand-spells' First Strike Damage Step
Phase: Ai(3)-mm-talrand-spells' Combat Damage Step
Phase: Ai(3)-mm-talrand-spells' End of Combat Step
Phase: Ai(3)-mm-talrand-spells' Main phase, postcombat
Mana: Island (233) - {T}: Add {U}.
Mana: Island (232) - {T}: Add {U}.
Mana: Island (248) - {T}: Add {U}.
Add To Stack: Ai(3)-mm-talrand-spells cast Propaganda
Resolve Stack: Propaganda
Phase: Ai(3)-mm-talrand-spells' End step
Phase: Ai(3)-mm-talrand-spells' Cleanup step
Turn: Turn 11 (Ai(4)-mm-giada-angels)
Phase: Ai(4)-mm-giada-angels' Untap step
Phase: Ai(4)-mm-giada-angels' Upkeep step
Phase: Ai(4)-mm-giada-angels' Draw step
Phase: Ai(4)-mm-giada-angels' Main phase, precombat
Land: Ai(4)-mm-giada-angels played War Room (341)
Phase: Ai(4)-mm-giada-angels' Beginning of Combat Step
Phase: Ai(4)-mm-giada-angels' Declare Attackers Step
Phase: Ai(4)-mm-giada-angels' Declare Blockers Step
Phase: Ai(4)-mm-giada-angels' First Strike Damage Step
Phase: Ai(4)-mm-giada-angels' Combat Damage Step
Phase: Ai(4)-mm-giada-angels' End of Combat Step
Phase: Ai(4)-mm-giada-angels' Main phase, postcombat
Mana: Plains (385) - {T}: Add {W}.
Mana: Sol Ring (321) - {T}: Add {C}{C}.
Add To Stack: Ai(4)-mm-giada-angels cast Giada, Font of Hope
Resolve Stack: Giada, Font of Hope - Creature 2 / 2
Phase: Ai(4)-mm-giada-angels' End step
Phase: Ai(4)-mm-giada-angels' Cleanup step
Turn: Turn 12 (Ai(1)-mm-nekusar-discard)
Phase: Ai(1)-mm-nekusar-discard's Untap step
Phase: Ai(1)-mm-nekusar-discard's Upkeep step
Phase: Ai(1)-mm-nekusar-discard's Draw step
Phase: Ai(1)-mm-nekusar-discard's Main phase, precombat
Replacement Effect: Sunken Hollow enters tapped unless you control two or more basic lands.
Land: Ai(1)-mm-nekusar-discard played Sunken Hollow (30)
Phase: Ai(1)-mm-nekusar-discard's Beginning of Combat Step
Phase: Ai(1)-mm-nekusar-discard's Declare Attackers Step
Phase: Ai(1)-mm-nekusar-discard's Declare Blockers Step
Phase: Ai(1)-mm-nekusar-discard's First Strike Damage Step
Phase: Ai(1)-mm-nekusar-discard's Combat Damage Step
Phase: Ai(1)-mm-nekusar-discard's End of Combat Step
Phase: Ai(1)-mm-nekusar-discard's Main phase, postcombat
Phase: Ai(1)-mm-nekusar-discard's End step
Mana: Island (38) - {T}: Add {U}.
Mana: Swamp (58) - {T}: Add {B}.
Add To Stack: Ai(1)-mm-nekusar-discard cast Cyclonic Rift targeting [Giada, Font of Hope (403)]
Resolve Stack: Cyclonic Rift (7) - Return Giada, Font of Hope (403) to its owner's hand.
Phase: Ai(1)-mm-nekusar-discard's Cleanup step
Turn: Turn 13 (Ai(2)-mm-abaddon)
Phase: Ai(2)-mm-abaddon's Untap step
Phase: Ai(2)-mm-abaddon's Upkeep step
Phase: Ai(2)-mm-abaddon's Draw step
Phase: Ai(2)-mm-abaddon's Main phase, precombat
Land: Ai(2)-mm-abaddon played Mountain (184)
Phase: Ai(2)-mm-abaddon's Beginning of Combat Step
Phase: Ai(2)-mm-abaddon's Declare Attackers Step
Phase: Ai(2)-mm-abaddon's Declare Blockers Step
Phase: Ai(2)-mm-abaddon's First Strike Damage Step
Phase: Ai(2)-mm-abaddon's Combat Damage Step
Phase: Ai(2)-mm-abaddon's End of Combat Step
Phase: Ai(2)-mm-abaddon's Main phase, postcombat
Mana: Island (128) - {T}: Add {U}.
Damage: Talisman of Indulgence (191) deals 1 non-combat damage to Ai(2)-mm-abaddon.
Life: Life: Ai(2)-mm-abaddon 39 > 38
Mana: Talisman of Indulgence (191) - {T}: Add {B} or {R}. Talisman of Indulgence deals 1 damage to you. 
Mana: Mountain (187) - {T}: Add {R}.
Mana: Mountain (188) - {T}: Add {R}.
Mana: Mountain (184) - {T}: Add {R}.
Add To Stack: Ai(2)-mm-abaddon cast Abaddon the Despoiler
Resolve Stack: Abaddon the Despoiler - Creature 5 / 5
Phase: Ai(2)-mm-abaddon's End step
Phase: Ai(2)-mm-abaddon's Cleanup step
Turn: Turn 14 (Ai(3)-mm-talrand-spells)
Phase: Ai(3)-mm-talrand-spells' Untap step
Phase: Ai(3)-mm-talrand-spells' Upkeep step
Mana: Island (233) - {T}: Add {U}.
Add To Stack: Ai(3)-mm-talrand-spells cast Rapid Hybridization targeting [Abaddon the Despoiler (201)]
Zone Change: Abaddon the Despoiler (201) was put into Graveyard from Battlefield.
Resolve Stack: Rapid Hybridization (264) - Destroy Abaddon the Despoiler (201). It can't be regenerated. 
Phase: Ai(3)-mm-talrand-spells' Draw step
Phase: Ai(3)-mm-talrand-spells' Main phase, precombat
Land: Ai(3)-mm-talrand-spells played Island (244)
Phase: Ai(3)-mm-talrand-spells' Beginning of Combat Step
Phase: Ai(3)-mm-talrand-spells' Declare Attackers Step
Phase: Ai(3)-mm-talrand-spells' Declare Blockers Step
Phase: Ai(3)-mm-talrand-spells' First Strike Damage Step
Phase: Ai(3)-mm-talrand-spells' Combat Damage Step
Phase: Ai(3)-mm-talrand-spells' End of Combat Step
Phase: Ai(3)-mm-talrand-spells' Main phase, postcombat
Mana: Island (232) - {T}: Add {U}.
Mana: Island (248) - {T}: Add {U}.
Add To Stack: Ai(3)-mm-talrand-spells cast Think Twice
Resolve Stack: Think Twice (273) - Ai(3)-mm-talrand-spells draws a card.
Phase: Ai(3)-mm-talrand-spells' End step
Phase: Ai(3)-mm-talrand-spells' Cleanup step
Turn: Turn 15 (Ai(4)-mm-giada-angels)
Phase: Ai(4)-mm-giada-angels' Untap step
Phase: Ai(4)-mm-giada-angels' Upkeep step
Phase: Ai(4)-mm-giada-angels' Draw step
Phase: Ai(4)-mm-giada-angels' Main phase, precombat
Land: Ai(4)-mm-giada-angels played Plains (389)
Phase: Ai(4)-mm-giada-angels' Beginning of Combat Step
Phase: Ai(4)-mm-giada-angels' Declare Attackers Step
Phase: Ai(4)-mm-giada-angels' Declare Blockers Step
Phase: Ai(4)-mm-giada-angels' First Strike Damage Step
Phase: Ai(4)-mm-giada-angels' Combat Damage Step
Phase: Ai(4)-mm-giada-angels' End of Combat Step
Phase: Ai(4)-mm-giada-angels' Main phase, postcombat
Mana: Plains (385) - {T}: Add {W}.
Mana: Sol Ring (321) - {T}: Add {C}{C}.
Add To Stack: Ai(4)-mm-giada-angels cast Giada, Font of Hope
Resolve Stack: Giada, Font of Hope - Creature 2 / 2
Mana: Plains (389) - {T}: Add {W}.
Mana: Cavern of Souls (359) - {T}: Add {C}.
Life: Life: Ai(4)-mm-giada-angels 40 > 39
Add To Stack: Ai(4)-mm-giada-angels activated War Room
Resolve Stack: War Room (341) - Ai(4)-mm-giada-angels draws a card.
Phase: Ai(4)-mm-giada-angels' End step
Phase: Ai(4)-mm-giada-angels' Cleanup step
Turn: Turn 16 (Ai(1)-mm-nekusar-discard)
Phase: Ai(1)-mm-nekusar-discard's Untap step
Phase: Ai(1)-mm-nekusar-discard's Upkeep step
Phase: Ai(1)-mm-nekusar-discard's Draw step
Phase: Ai(1)-mm-nekusar-discard's Main phase, precombat
Phase: Ai(1)-mm-nekusar-discard's Beginning of Combat Step
Phase: Ai(1)-mm-nekusar-discard's Declare Attackers Step
Phase: Ai(1)-mm-nekusar-discard's Declare Blockers Step
Phase: Ai(1)-mm-nekusar-discard's First Strike Damage Step
Phase: Ai(1)-mm-nekusar-discard's Combat Damage Step
Phase: Ai(1)-mm-nekusar-discard's End of Combat Step
Phase: Ai(1)-mm-nekusar-discard's Main phase, postcombat
Mana: Swamp (58) - {T}: Add {B}.
Mana: Island (38) - {T}: Add {U}.
Mana: Sunken Hollow (30) - {T}: Add {B}.
Add To Stack: Ai(1)-mm-nekusar-discard cast Scrawling Crawler
Resolve Stack: Scrawling Crawler - Creature 3 / 2
Phase: Ai(1)-mm-nekusar-discard's End step
Phase: Ai(1)-mm-nekusar-discard's Cleanup step
Turn: Turn 17 (Ai(2)-mm-abaddon)
Phase: Ai(2)-mm-abaddon's Untap step
Phase: Ai(2)-mm-abaddon's Upkeep step
Phase: Ai(2)-mm-abaddon's Draw step
Add To Stack: Ai(1)-mm-nekusar-discard triggered Scrawling Crawler
Mana: Mountain (187) - {T}: Add {R}.
Mana: Island (128) - {T}: Add {U}.
Mana: Mountain (188) - {T}: Add {R}.
Add To Stack: Ai(2)-mm-abaddon cast Chaos Warp targeting [Giada, Font of Hope (403)]
Replacement Effect: If a commander would be put into its owner's hand or library from anywhere, its owner may put it into the command zone instead.
Resolve Stack: Chaos Warp (171) - Shuffle Giada, Font of Hope (403) into its owner's library. Ai(2)-mm-abaddon reveals the top card of Ai(4)-mm-giada-angels' library.
Life: Life: Ai(2)-mm-abaddon 38 > 37
Resolve Stack: Whenever an opponent draws a card, that player loses 1 life. [Player: Ai(2)-mm-abaddon]
Phase: Ai(2)-mm-abaddon's Main phase, precombat
Phase: Ai(2)-mm-abaddon's Beginning of Combat Step
Phase: Ai(2)-mm-abaddon's Declare Attackers Step
Phase: Ai(2)-mm-abaddon's Declare Blockers Step
Phase: Ai(2)-mm-abaddon's First Strike Damage Step
Phase: Ai(2)-mm-abaddon's Combat Damage Step
Phase: Ai(2)-mm-abaddon's End of Combat Step
Phase: Ai(2)-mm-abaddon's Main phase, postcombat
Mana: Mountain (184) - {T}: Add {R}.
Mana: Talisman of Indulgence (191) - {T}: Add {C}.
Add To Stack: Ai(2)-mm-abaddon cast Thermo-Alchemist
Resolve Stack: Thermo-Alchemist - Creature 0 / 3
Phase: Ai(2)-mm-abaddon's End step
Mana: Island (244) - {T}: Add {U}.
Add To Stack: Ai(3)-mm-talrand-spells cast Consider
Resolve Stack: Ai(3)-mm-talrand-spells surveiled 1 card(s) to the top of the library
Resolve Stack: Consider (209) - Ai(3)-mm-talrand-spells surveils (1). Ai(3)-mm-talrand-spells draws a card.
Add To Stack: Ai(1)-mm-nekusar-discard triggered Scrawling Crawler
Life: Life: Ai(3)-mm-talrand-spells 40 > 39
Resolve Stack: Whenever an opponent draws a card, that player loses 1 life. [Player: Ai(3)-mm-talrand-spells]
Phase: Ai(2)-mm-abaddon's Cleanup step
Turn: Turn 18 (Ai(3)-mm-talrand-spells)
Phase: Ai(3)-mm-talrand-spells' Untap step
Phase: Ai(3)-mm-talrand-spells' Upkeep step
Phase: Ai(3)-mm-talrand-spells' Draw step
Add To Stack: Ai(1)-mm-nekusar-discard triggered Scrawling Crawler
Life: Life: Ai(3)-mm-talrand-spells 39 > 38
Resolve Stack: Whenever an opponent draws a card, that player loses 1 life. [Player: Ai(3)-mm-talrand-spells]
Phase: Ai(3)-mm-talrand-spells' Main phase, precombat
Mana: Island (233) - {T}: Add {U}.
Mana: Island (232) - {T}: Add {U}.
Mana: Island (248) - {T}: Add {U}.
Add To Stack: Ai(3)-mm-talrand-spells cast Ravenform targeting [Linvala, Keeper of Silence (324)]
Zone Change: Linvala, Keeper of Silence (324) was put into Exile from Battlefield.
Resolve Stack: Ravenform (274) - Exile Linvala, Keeper of Silence (324). 
Phase: Ai(3)-mm-talrand-spells' Beginning of Combat Step
Phase: Ai(3)-mm-talrand-spells' Declare Attackers Step
Phase: Ai(3)-mm-talrand-spells' Declare Blockers Step
Phase: Ai(3)-mm-talrand-spells' First Strike Damage Step
Phase: Ai(3)-mm-talrand-spells' Combat Damage Step
Phase: Ai(3)-mm-talrand-spells' End of Combat Step
Phase: Ai(3)-mm-talrand-spells' Main phase, postcombat
Replacement Effect: Myriad Landscape enters tapped.
Land: Ai(3)-mm-talrand-spells played Myriad Landscape (286)
Phase: Ai(3)-mm-talrand-spells' End step
Phase: Ai(3)-mm-talrand-spells' Cleanup step
Turn: Turn 19 (Ai(4)-mm-giada-angels)
Phase: Ai(4)-mm-giada-angels' Untap step
Phase: Ai(4)-mm-giada-angels' Upkeep step
Phase: Ai(4)-mm-giada-angels' Draw step
Add To Stack: Ai(1)-mm-nekusar-discard triggered Scrawling Crawler
Mana: Plains (385) - {T}: Add {W}.
Add To Stack: Ai(4)-mm-giada-angels cast Swords to Plowshares targeting [Frog Lizard Token (499)]
Zone Change: Frog Lizard Token (499) was put into Exile from Battlefield.
Life: Life: Ai(2)-mm-abaddon 37 > 40
Resolve Stack: Swords to Plowshares (348) - Exile Frog Lizard Token (499). Ai(2)-mm-abaddon gains life equal to its power.
Life: Life: Ai(4)-mm-giada-angels 39 > 38
Resolve Stack: Whenever an opponent draws a card, that player loses 1 life. [Player: Ai(4)-mm-giada-angels]
Phase: Ai(4)-mm-giada-angels' Main phase, precombat
Land: Ai(4)-mm-giada-angels played Plains (373)
Phase: Ai(4)-mm-giada-angels' Beginning of Combat Step
Phase: Ai(4)-mm-giada-angels' Declare Attackers Step
Combat: Ai(4)-mm-giada-angels assigned Bird Token (508) to attack Ai(2)-mm-abaddon.
Phase: Ai(4)-mm-giada-angels' Declare Blockers Step
Combat: Ai(2)-mm-abaddon didn't block Bird Token (508).
Phase: Ai(4)-mm-giada-angels' First Strike Damage Step
Phase: Ai(4)-mm-giada-angels' Combat Damage Step
Damage: Bird Token (508) deals 1 combat damage to Ai(2)-mm-abaddon.
Life: Life: Ai(2)-mm-abaddon 40 > 39
Phase: Ai(4)-mm-giada-angels' End of Combat Step
Phase: Ai(4)-mm-giada-angels' Main phase, postcombat
Mana: Plains (389) - {T}: Add {W}.
Mana: Sol Ring (321) - {T}: Add {C}{C}.
Mana: Plains (373) - {T}: Add {W}.
Add To Stack: Ai(4)-mm-giada-angels cast Giada, Font of Hope
Resolve Stack: Giada, Font of Hope - Creature 2 / 2
Phase: Ai(4)-mm-giada-angels' End step
Phase: Ai(4)-mm-giada-angels' Cleanup step
Turn: Turn 20 (Ai(1)-mm-nekusar-discard)
Phase: Ai(1)-mm-nekusar-discard's Untap step
Phase: Ai(1)-mm-nekusar-discard's Upkeep step
Add To Stack: Ai(1)-mm-nekusar-discard triggered Scrawling Crawler
Resolve Stack: At the beginning of your upkeep, each player draws a card. [Phase: Ai(1)-mm-nekusar-discard]
Add To Stack: Ai(1)-mm-nekusar-discard triggered Scrawling Crawler
Add To Stack: Ai(1)-mm-nekusar-discard triggered Scrawling Crawler
Add To Stack: Ai(1)-mm-nekusar-discard triggered Scrawling Crawler
Life: Life: Ai(4)-mm-giada-angels 38 > 37
Resolve Stack: Whenever an opponent draws a card, that player loses 1 life. [Player: Ai(4)-mm-giada-angels]
Life: Life: Ai(3)-mm-talrand-spells 38 > 37
Resolve Stack: Whenever an opponent draws a card, that player loses 1 life. [Player: Ai(3)-mm-talrand-spells]
Life: Life: Ai(2)-mm-abaddon 39 > 38
Resolve Stack: Whenever an opponent draws a card, that player loses 1 life. [Player: Ai(2)-mm-abaddon]
Phase: Ai(1)-mm-nekusar-discard's Draw step
Phase: Ai(1)-mm-nekusar-discard's Main phase, precombat
Phase: Ai(1)-mm-nekusar-discard's Beginning of Combat Step
Phase: Ai(1)-mm-nekusar-discard's Declare Attackers Step
Phase: Ai(1)-mm-nekusar-discard's Declare Blockers Step
Phase: Ai(1)-mm-nekusar-discard's First Strike Damage Step
Phase: Ai(1)-mm-nekusar-discard's Combat Damage Step
Phase: Ai(1)-mm-nekusar-discard's End of Combat Step
Phase: Ai(1)-mm-nekusar-discard's Main phase, postcombat
Phase: Ai(1)-mm-nekusar-discard's End step
Phase: Ai(1)-mm-nekusar-discard's Cleanup step
Discard: Ai(1)-mm-nekusar-discard discards Seizan, Perverter of Truth (18).
Turn: Turn 21 (Ai(2)-mm-abaddon)
Phase: Ai(2)-mm-abaddon's Untap step
Phase: Ai(2)-mm-abaddon's Upkeep step
Phase: Ai(2)-mm-abaddon's Draw step
Add To Stack: Ai(1)-mm-nekusar-discard triggered Scrawling Crawler
Life: Life: Ai(2)-mm-abaddon 38 > 37
Resolve Stack: Whenever an opponent draws a card, that player loses 1 life. [Player: Ai(2)-mm-abaddon]
Phase: Ai(2)-mm-abaddon's Main phase, precombat
Replacement Effect: As Foreboding Ruins enters, you may reveal a Swamp or Mountain card from your hand. If you don't, Foreboding Ruins enters tapped.
Land: Ai(2)-mm-abaddon played Foreboding Ruins (160)
Mana: Mountain (187) - {T}: Add {R}.
Mana: Mountain (188) - {T}: Add {R}.
Mana: Island (128) - {T}: Add {U}.
Mana: Mountain (184) - {T}: Add {R}.
Mana: Talisman of Indulgence (191) - {T}: Add {C}.
Add To Stack: Ai(2)-mm-abaddon cast Neheb, the Eternal
Mana: Island (38) - {T}: Add {U}.
Mana: Sunken Hollow (30) - {T}: Add {U}.
Add To Stack: Ai(1)-mm-nekusar-discard cast Counterspell targeting [Neheb, the Eternal - Creature 4 / 6]
Zone Change: Send countered spell to Graveyard
Resolve Stack: Counterspell (23) - Counter Neheb, the Eternal (140).
Phase: Ai(2)-mm-abaddon's Beginning of Combat Step
Phase: Ai(2)-mm-abaddon's Declare Attackers Step
Phase: Ai(2)-mm-abaddon's Declare Blockers Step
Phase: Ai(2)-mm-abaddon's First Strike Damage Step
Phase: Ai(2)-mm-abaddon's Combat Damage Step
Phase: Ai(2)-mm-abaddon's End of Combat Step
Phase: Ai(2)-mm-abaddon's Main phase, postcombat
Phase: Ai(2)-mm-abaddon's End step
Phase: Ai(2)-mm-abaddon's Cleanup step
Turn: Turn 22 (Ai(3)-mm-talrand-spells)
Phase: Ai(3)-mm-talrand-spells' Untap step
Phase: Ai(3)-mm-talrand-spells' Upkeep step
Mana: Island (233) - {T}: Add {U}.
Mana: Island (232) - {T}: Add {U}.
Zone Change: Myriad Landscape (286) was put into Graveyard from Battlefield.
Add To Stack: Ai(3)-mm-talrand-spells activated Myriad Landscape
Resolve Stack: Myriad Landscape (286) - Ai(3)-mm-talrand-spells searches their library for  up to two basic land cards, puts them onto the battlefield tapped, then shuffles.
Phase: Ai(3)-mm-talrand-spells' Draw step
Add To Stack: Ai(1)-mm-nekusar-discard triggered Scrawling Crawler
Life: Life: Ai(3)-mm-talrand-spells 37 > 36
Resolve Stack: Whenever an opponent draws a card, that player loses 1 life. [Player: Ai(3)-mm-talrand-spells]
Phase: Ai(3)-mm-talrand-spells' Main phase, precombat
Land: Ai(3)-mm-talrand-spells played Island (256)
Phase: Ai(3)-mm-talrand-spells' Beginning of Combat Step
Phase: Ai(3)-mm-talrand-spells' Declare Attackers Step
Phase: Ai(3)-mm-talrand-spells' Declare Blockers Step
Phase: Ai(3)-mm-talrand-spells' First Strike Damage Step
Phase: Ai(3)-mm-talrand-spells' Combat Damage Step
Phase: Ai(3)-mm-talrand-spells' End of Combat Step
Phase: Ai(3)-mm-talrand-spells' Main phase, postcombat
Mana: Island (248) - {T}: Add {U}.
Mana: Island (244) - {T}: Add {U}.
Mana: Island (256) - {T}: Add {U}.
Add To Stack: Ai(3)-mm-talrand-spells cast Think Twice
Resolve Stack: Think Twice (273) - Ai(3)-mm-talrand-spells draws a card.
Replacement Effect: Flashback {2}{U} (You may cast this card from your graveyard for its flashback cost. Then exile it.)
Add To Stack: Ai(1)-mm-nekusar-discard triggered Scrawling Crawler
Life: Life: Ai(3)-mm-talrand-spells 36 > 35
Resolve Stack: Whenever an opponent draws a card, that player loses 1 life. [Player: Ai(3)-mm-talrand-spells]
Phase: Ai(3)-mm-talrand-spells' End step
Phase: Ai(3)-mm-talrand-spells' Cleanup step
Turn: Turn 23 (Ai(4)-mm-giada-angels)
Phase: Ai(4)-mm-giada-angels' Untap step
Phase: Ai(4)-mm-giada-angels' Upkeep step
Phase: Ai(4)-mm-giada-angels' Draw step
Add To Stack: Ai(1)-mm-nekusar-discard triggered Scrawling Crawler
Life: Life: Ai(4)-mm-giada-angels 37 > 36
Resolve Stack: Whenever an opponent draws a card, that player loses 1 life. [Player: Ai(4)-mm-giada-angels]
Phase: Ai(4)-mm-giada-angels' Main phase, precombat
Land: Ai(4)-mm-giada-angels played Nykthos, Shrine to Nyx (334)
Phase: Ai(4)-mm-giada-angels' Beginning of Combat Step
Phase: Ai(4)-mm-giada-angels' Declare Attackers Step
Combat: Ai(4)-mm-giada-angels assigned Bird Token (508) and Giada, Font of Hope (403) to attack Ai(2)-mm-abaddon.
Phase: Ai(4)-mm-giada-angels' Declare Blockers Step
Combat: Ai(2)-mm-abaddon didn't block Bird Token (508).
Ai(2)-mm-abaddon didn't block Giada, Font of Hope (403).
Phase: Ai(4)-mm-giada-angels' First Strike Damage Step
Phase: Ai(4)-mm-giada-angels' Combat Damage Step
Damage: Bird Token (508) deals 1 combat damage to Ai(2)-mm-abaddon.
Damage: Giada, Font of Hope (403) deals 2 combat damage to Ai(2)-mm-abaddon.
Life: Life: Ai(2)-mm-abaddon 37 > 34
Phase: Ai(4)-mm-giada-angels' End of Combat Step
Phase: Ai(4)-mm-giada-angels' Main phase, postcombat
Mana: Plains (385) - {T}: Add {W}.
Mana: Plains (389) - {T}: Add {W}.
Mana: Sol Ring (321) - {T}: Add {C}{C}.
Mana: Plains (373) - {T}: Add {W}.
Mana: Cavern of Souls (359) - {T}: Add one mana of any color. Spend this mana only to cast a creature spell of the chosen type, and that spell can't be countered.
Mana: War Room (341) - {T}: Add {C}.
Add To Stack: Ai(4)-mm-giada-angels cast Emeria Shepherd
Replacement Effect: Each other Angel you control enters with an additional +1/+1 counter on it for each Angel you already control.
Resolve Stack: Emeria Shepherd - Creature 4 / 4
Phase: Ai(4)-mm-giada-angels' End step
Phase: Ai(4)-mm-giada-angels' Cleanup step
Turn: Turn 24 (Ai(1)-mm-nekusar-discard)
Phase: Ai(1)-mm-nekusar-discard's Untap step
Phase: Ai(1)-mm-nekusar-discard's Upkeep step
Add To Stack: Ai(1)-mm-nekusar-discard triggered Scrawling Crawler
Resolve Stack: At the beginning of your upkeep, each player draws a card. [Phase: Ai(1)-mm-nekusar-discard]
Add To Stack: Ai(1)-mm-nekusar-discard triggered Scrawling Crawler
Add To Stack: Ai(1)-mm-nekusar-discard triggered Scrawling Crawler
Add To Stack: Ai(1)-mm-nekusar-discard triggered Scrawling Crawler
Life: Life: Ai(4)-mm-giada-angels 36 > 35
Resolve Stack: Whenever an opponent draws a card, that player loses 1 life. [Player: Ai(4)-mm-giada-angels]
Life: Life: Ai(3)-mm-talrand-spells 35 > 34
Resolve Stack: Whenever an opponent draws a card, that player loses 1 life. [Player: Ai(3)-mm-talrand-spells]
Life: Life: Ai(2)-mm-abaddon 34 > 33
Resolve Stack: Whenever an opponent draws a card, that player loses 1 life. [Player: Ai(2)-mm-abaddon]
Phase: Ai(1)-mm-nekusar-discard's Draw step
Phase: Ai(1)-mm-nekusar-discard's Main phase, precombat
Land: Ai(1)-mm-nekusar-discard played Swamp (60)
Phase: Ai(1)-mm-nekusar-discard's Beginning of Combat Step
Phase: Ai(1)-mm-nekusar-discard's Declare Attackers Step
Phase: Ai(1)-mm-nekusar-discard's Declare Blockers Step
Phase: Ai(1)-mm-nekusar-discard's First Strike Damage Step
Phase: Ai(1)-mm-nekusar-discard's Combat Damage Step
Phase: Ai(1)-mm-nekusar-discard's End of Combat Step
Phase: Ai(1)-mm-nekusar-discard's Main phase, postcombat
Mana: Swamp (58) - {T}: Add {B}.
Mana: Swamp (60) - {T}: Add {B}.
Mana: Island (38) - {T}: Add {U}.
Mana: Sunken Hollow (30) - {T}: Add {B}.
Add To Stack: Ai(1)-mm-nekusar-discard cast Sheoldred, the Apocalypse
Resolve Stack: Sheoldred, the Apocalypse - Creature 4 / 5
Phase: Ai(1)-mm-nekusar-discard's End step
Add To Stack: Ai(2)-mm-abaddon activated Thermo-Alchemist
Damage: Thermo-Alchemist (183) deals 1 non-combat damage to Ai(1)-mm-nekusar-discard.
Damage: Thermo-Alchemist (183) deals 1 non-combat damage to Ai(3)-mm-talrand-spells.
Damage: Thermo-Alchemist (183) deals 1 non-combat damage to Ai(4)-mm-giada-angels.
Life: Life: Ai(1)-mm-nekusar-discard 40 > 39
Life: Life: Ai(3)-mm-talrand-spells 34 > 33
Life: Life: Ai(4)-mm-giada-angels 35 > 34
Resolve Stack: Thermo-Alchemist (183) - Thermo-Alchemist (183) deals 1 damage to Ai(1)-mm-nekusar-discard, Ai(3)-mm-talrand-spells and Ai(4)-mm-giada-angels.
Phase: Ai(1)-mm-nekusar-discard's Cleanup step
Turn: Turn 25 (Ai(2)-mm-abaddon)
Phase: Ai(2)-mm-abaddon's Untap step
Phase: Ai(2)-mm-abaddon's Upkeep step
Phase: Ai(2)-mm-abaddon's Draw step
Add To Stack: Ai(1)-mm-nekusar-discard triggered Scrawling Crawler
Add To Stack: Ai(1)-mm-nekusar-discard triggered Sheoldred, the Apocalypse
Life: Life: Ai(2)-mm-abaddon 33 > 31
Resolve Stack: Whenever an opponent draws a card, they lose 2 life. [Player: Ai(2)-mm-abaddon]
Life: Life: Ai(2)-mm-abaddon 31 > 30
Resolve Stack: Whenever an opponent draws a card, that player loses 1 life. [Player: Ai(2)-mm-abaddon]
Phase: Ai(2)-mm-abaddon's Main phase, precombat
Mana: Mountain (187) - {T}: Add {R}.
Mana: Island (128) - {T}: Add {U}.
Mana: Mountain (188) - {T}: Add {R}.
Mana: Mountain (184) - {T}: Add {R}.
Mana: Foreboding Ruins (160) - {T}: Add {B} or {R}.
Mana: Talisman of Indulgence (191) - {T}: Add {C}.
Add To Stack: Ai(2)-mm-abaddon cast Keeper of Secrets
Resolve Stack: Keeper of Secrets - Creature 6 / 4
Phase: Ai(2)-mm-abaddon's Beginning of Combat Step
Phase: Ai(2)-mm-abaddon's Declare Attackers Step
Combat: Ai(2)-mm-abaddon assigned Keeper of Secrets (119) to attack Ai(4)-mm-giada-angels.
Phase: Ai(2)-mm-abaddon's Declare Blockers Step
Combat: Ai(4)-mm-giada-angels didn't block Keeper of Secrets (119).
Phase: Ai(2)-mm-abaddon's First Strike Damage Step
Damage: Keeper of Secrets (119) deals 6 combat damage to Ai(4)-mm-giada-angels.
Life: Life: Ai(4)-mm-giada-angels 34 > 28
Phase: Ai(2)-mm-abaddon's Combat Damage Step
Phase: Ai(2)-mm-abaddon's End of Combat Step
Phase: Ai(2)-mm-abaddon's Main phase, postcombat
Phase: Ai(2)-mm-abaddon's End step
Phase: Ai(2)-mm-abaddon's Cleanup step
Turn: Turn 26 (Ai(3)-mm-talrand-spells)
Phase: Ai(3)-mm-talrand-spells' Untap step
Phase: Ai(3)-mm-talrand-spells' Upkeep step
Phase: Ai(3)-mm-talrand-spells' Draw step
Add To Stack: Ai(1)-mm-nekusar-discard triggered Scrawling Crawler
Add To Stack: Ai(1)-mm-nekusar-discard triggered Sheoldred, the Apocalypse
Life: Life: Ai(3)-mm-talrand-spells 33 > 31
Resolve Stack: Whenever an opponent draws a card, they lose 2 life. [Player: Ai(3)-mm-talrand-spells]
Life: Life: Ai(3)-mm-talrand-spells 31 > 30
Resolve Stack: Whenever an opponent draws a card, that player loses 1 life. [Player: Ai(3)-mm-talrand-spells]
Phase: Ai(3)-mm-talrand-spells' Main phase, precombat
Land: Ai(3)-mm-talrand-spells played Island (246)
Phase: Ai(3)-mm-talrand-spells' Beginning of Combat Step
Phase: Ai(3)-mm-talrand-spells' Declare Attackers Step
Phase: Ai(3)-mm-talrand-spells' Declare Blockers Step
Phase: Ai(3)-mm-talrand-spells' First Strike Damage Step
Phase: Ai(3)-mm-talrand-spells' Combat Damage Step
Phase: Ai(3)-mm-talrand-spells' End of Combat Step
Phase: Ai(3)-mm-talrand-spells' Main phase, postcombat
Mana: Island (233) - {T}: Add {U}.
Mana: Island (232) - {T}: Add {U}.
Mana: Island (248) - {T}: Add {U}.
Mana: Island (244) - {T}: Add {U}.
Mana: Island (237) - {T}: Add {U}.
Add To Stack: Ai(3)-mm-talrand-spells cast Archmage of Runes
Resolve Stack: Archmage of Runes - Creature 3 / 6
Mana: Island (230) - {T}: Add {U}.
Mana: Island (256) - {T}: Add {U}.
Mana: Island (246) - {T}: Add {U}.
Add To Stack: Ai(3)-mm-talrand-spells cast Heraldic Banner
Replacement Effect: As Heraldic Banner enters, choose a color.
Resolve Stack: Heraldic Banner
Mana: Heraldic Banner (207) - {T}: Add one mana of the chosen color.
Discard: Ai(3)-mm-talrand-spells discards Lonely Sandbar (300).
Add To Stack: Ai(3)-mm-talrand-spells activated Lonely Sandbar
Resolve Stack: Lonely Sandbar (300) - Ai(3)-mm-talrand-spells draws a card.
Add To Stack: Ai(1)-mm-nekusar-discard triggered Scrawling Crawler
Add To Stack: Ai(1)-mm-nekusar-discard triggered Sheoldred, the Apocalypse
Life: Life: Ai(3)-mm-talrand-spells 30 > 28
Resolve Stack: Whenever an opponent draws a card, they lose 2 life. [Player: Ai(3)-mm-talrand-spells]
Life: Life: Ai(3)-mm-talrand-spells 28 > 27
Resolve Stack: Whenever an opponent draws a card, that player loses 1 life. [Player: Ai(3)-mm-talrand-spells]
Phase: Ai(3)-mm-talrand-spells' End step
Phase: Ai(3)-mm-talrand-spells' Cleanup step
Turn: Turn 27 (Ai(4)-mm-giada-angels)
Phase: Ai(4)-mm-giada-angels' Untap step
Phase: Ai(4)-mm-giada-angels' Upkeep step
Mana: Sol Ring (321) - {T}: Add {C}{C}.
Mana: Plains (385) - {T}: Add {W}.
Life: Life: Ai(4)-mm-giada-angels 28 > 27
Add To Stack: Ai(4)-mm-giada-angels activated War Room
Resolve Stack: War Room (341) - Ai(4)-mm-giada-angels draws a card.
Add To Stack: Ai(1)-mm-nekusar-discard triggered Scrawling Crawler
Add To Stack: Ai(1)-mm-nekusar-discard triggered Sheoldred, the Apocalypse
Life: Life: Ai(4)-mm-giada-angels 27 > 25
Resolve Stack: Whenever an opponent draws a card, they lose 2 life. [Player: Ai(4)-mm-giada-angels]
Life: Life: Ai(4)-mm-giada-angels 25 > 24
Resolve Stack: Whenever an opponent draws a card, that player loses 1 life. [Player: Ai(4)-mm-giada-angels]
Phase: Ai(4)-mm-giada-angels' Draw step
Add To Stack: Ai(1)-mm-nekusar-discard triggered Scrawling Crawler
Add To Stack: Ai(1)-mm-nekusar-discard triggered Sheoldred, the Apocalypse
Life: Life: Ai(4)-mm-giada-angels 24 > 22
Resolve Stack: Whenever an opponent draws a card, they lose 2 life. [Player: Ai(4)-mm-giada-angels]
Life: Life: Ai(4)-mm-giada-angels 22 > 21
Resolve Stack: Whenever an opponent draws a card, that player loses 1 life. [Player: Ai(4)-mm-giada-angels]
Phase: Ai(4)-mm-giada-angels' Main phase, precombat
Land: Ai(4)-mm-giada-angels played Plains (381)
Mana: Plains (389) - {T}: Add {W}.
Mana: Plains (373) - {T}: Add {W}.
Mana: Plains (381) - {T}: Add {W}.
Mana: Cavern of Souls (359) - {T}: Add one mana of any color. Spend this mana only to cast a creature spell of the chosen type, and that spell can't be countered.
Add To Stack: Ai(4)-mm-giada-angels cast Firemane Commando
Replacement Effect: Each other Angel you control enters with an additional +1/+1 counter on it for each Angel you already control.
Resolve Stack: Firemane Commando - Creature 4 / 3
Phase: Ai(4)-mm-giada-angels' Beginning of Combat Step
Phase: Ai(4)-mm-giada-angels' Declare Attackers Step
Combat: Ai(4)-mm-giada-angels assigned Emeria Shepherd (312), Bird Token (508) and Giada, Font of Hope (403) to attack Ai(2)-mm-abaddon.
Add To Stack: Ai(4)-mm-giada-angels triggered Firemane Commando
Resolve Stack: Whenever you attack with two or more creatures, draw a card. [Number Attackers: [Emeria Shepherd (312), Bird Token (508), Giada, Font of Hope (403)]]
Add To Stack: Ai(1)-mm-nekusar-discard triggered Scrawling Crawler
Add To Stack: Ai(1)-mm-nekusar-discard triggered Sheoldred, the Apocalypse
Life: Life: Ai(4)-mm-giada-angels 21 > 19
Resolve Stack: Whenever an opponent draws a card, they lose 2 life. [Player: Ai(4)-mm-giada-angels]
Life: Life: Ai(4)-mm-giada-angels 19 > 18
Resolve Stack: Whenever an opponent draws a card, that player loses 1 life. [Player: Ai(4)-mm-giada-angels]
Phase: Ai(4)-mm-giada-angels' Declare Blockers Step
Combat: Ai(2)-mm-abaddon didn't block Emeria Shepherd (312).
Ai(2)-mm-abaddon didn't block Bird Token (508).
Ai(2)-mm-abaddon didn't block Giada, Font of Hope (403).
Phase: Ai(4)-mm-giada-angels' First Strike Damage Step
Phase: Ai(4)-mm-giada-angels' Combat Damage Step
Damage: Emeria Shepherd (312) deals 5 combat damage to Ai(2)-mm-abaddon.
Damage: Bird Token (508) deals 1 combat damage to Ai(2)-mm-abaddon.
Damage: Giada, Font of Hope (403) deals 2 combat damage to Ai(2)-mm-abaddon.
Life: Life: Ai(2)-mm-abaddon 30 > 22
Phase: Ai(4)-mm-giada-angels' End of Combat Step
Phase: Ai(4)-mm-giada-angels' Main phase, postcombat
Phase: Ai(4)-mm-giada-angels' End step
Phase: Ai(4)-mm-giada-angels' Cleanup step
Turn: Turn 28 (Ai(1)-mm-nekusar-discard)
Phase: Ai(1)-mm-nekusar-discard's Untap step
Phase: Ai(1)-mm-nekusar-discard's Upkeep step
Add To Stack: Ai(1)-mm-nekusar-discard triggered Scrawling Crawler
Resolve Stack: At the beginning of your upkeep, each player draws a card. [Phase: Ai(1)-mm-nekusar-discard]
Add To Stack: Ai(1)-mm-nekusar-discard triggered Sheoldred, the Apocalypse
Add To Stack: Ai(1)-mm-nekusar-discard triggered Scrawling Crawler
Add To Stack: Ai(1)-mm-nekusar-discard triggered Sheoldred, the Apocalypse
Add To Stack: Ai(1)-mm-nekusar-discard triggered Scrawling Crawler
Add To Stack: Ai(1)-mm-nekusar-discard triggered Sheoldred, the Apocalypse
Add To Stack: Ai(1)-mm-nekusar-discard triggered Scrawling Crawler
Add To Stack: Ai(1)-mm-nekusar-discard triggered Sheoldred, the Apocalypse
Life: Life: Ai(4)-mm-giada-angels 18 > 16
Resolve Stack: Whenever an opponent draws a card, they lose 2 life. [Player: Ai(4)-mm-giada-angels]
Life: Life: Ai(4)-mm-giada-angels 16 > 15
Resolve Stack: Whenever an opponent draws a card, that player loses 1 life. [Player: Ai(4)-mm-giada-angels]
Life: Life: Ai(3)-mm-talrand-spells 27 > 25
Resolve Stack: Whenever an opponent draws a card, they lose 2 life. [Player: Ai(3)-mm-talrand-spells]
Life: Life: Ai(3)-mm-talrand-spells 25 > 24
Resolve Stack: Whenever an opponent draws a card, that player loses 1 life. [Player: Ai(3)-mm-talrand-spells]
Life: Life: Ai(2)-mm-abaddon 22 > 20
Resolve Stack: Whenever an opponent draws a card, they lose 2 life. [Player: Ai(2)-mm-abaddon]
Life: Life: Ai(2)-mm-abaddon 20 > 19
Resolve Stack: Whenever an opponent draws a card, that player loses 1 life. [Player: Ai(2)-mm-abaddon]
Life: Life: Ai(1)-mm-nekusar-discard 39 > 41
Resolve Stack: Whenever you draw a card, you gain 2 life. [Player: Ai(1)-mm-nekusar-discard]
Phase: Ai(1)-mm-nekusar-discard's Draw step
Add To Stack: Ai(1)-mm-nekusar-discard triggered Sheoldred, the Apocalypse
Life: Life: Ai(1)-mm-nekusar-discard 41 > 43
Resolve Stack: Whenever you draw a card, you gain 2 life. [Player: Ai(1)-mm-nekusar-discard]
Phase: Ai(1)-mm-nekusar-discard's Main phase, precombat
Land: Ai(1)-mm-nekusar-discard played Island (36)
Phase: Ai(1)-mm-nekusar-discard's Beginning of Combat Step
Phase: Ai(1)-mm-nekusar-discard's Declare Attackers Step
Combat: Ai(1)-mm-nekusar-discard assigned Sheoldred, the Apocalypse (25) to attack Ai(4)-mm-giada-angels.
Phase: Ai(1)-mm-nekusar-discard's Declare Blockers Step
Combat: Ai(4)-mm-giada-angels didn't block Sheoldred, the Apocalypse (25).
Phase: Ai(1)-mm-nekusar-discard's First Strike Damage Step
Phase: Ai(1)-mm-nekusar-discard's Combat Damage Step
Damage: Sheoldred, the Apocalypse (25) deals 4 combat damage to Ai(4)-mm-giada-angels.
Life: Life: Ai(4)-mm-giada-angels 15 > 11
Phase: Ai(1)-mm-nekusar-discard's End of Combat Step
Phase: Ai(1)-mm-nekusar-discard's Main phase, postcombat
Mana: Island (38) - {T}: Add {U}.
Mana: Swamp (58) - {T}: Add {B}.
Mana: Swamp (60) - {T}: Add {B}.
Mana: Island (36) - {T}: Add {U}.
Add To Stack: Ai(1)-mm-nekusar-discard cast Wheel and Deal targeting [Ai(2)-mm-abaddon]
Discard: Ai(2)-mm-abaddon discards Pink Horror (115).
Discard: Ai(2)-mm-abaddon discards Court of Ambition (178).
Discard: Ai(2)-mm-abaddon discards Heralds of Tzeentch (157).
Discard: Ai(2)-mm-abaddon discards Passionate Archaeologist (133).
Discard: Ai(2)-mm-abaddon discards Reverberate (135).
Discard: Ai(2)-mm-abaddon discards Dark Ritual (117).
Discard: Ai(2)-mm-abaddon discards Wild-Magic Sorcerer (138).
Discard: Ai(2)-mm-abaddon discards Mountain (190).
Resolve Stack: Wheel and Deal (6) - Ai(2)-mm-abaddon discards their hand. Ai(2)-mm-abaddon draws seven cards. Ai(1)-mm-nekusar-discard draws a card.
Add To Stack: Ai(1)-mm-nekusar-discard triggered Scrawling Crawler
Add To Stack: Ai(1)-mm-nekusar-discard triggered Sheoldred, the Apocalypse
Add To Stack: Ai(1)-mm-nekusar-discard triggered Scrawling Crawler
Add To Stack: Ai(1)-mm-nekusar-discard triggered Sheoldred, the Apocalypse
Add To Stack: Ai(1)-mm-nekusar-discard triggered Scrawling Crawler
Add To Stack: Ai(1)-mm-nekusar-discard triggered Sheoldred, the Apocalypse
Add To Stack: Ai(1)-mm-nekusar-discard triggered Scrawling Crawler
Add To Stack: Ai(1)-mm-nekusar-discard triggered Sheoldred, the Apocalypse
Add To Stack: Ai(1)-mm-nekusar-discard triggered Scrawling Crawler
Add To Stack: Ai(1)-mm-nekusar-discard triggered Sheoldred, the Apocalypse
Add To Stack: Ai(1)-mm-nekusar-discard triggered Scrawling Crawler
Add To Stack: Ai(1)-mm-nekusar-discard triggered Sheoldred, the Apocalypse
Add To Stack: Ai(1)-mm-nekusar-discard triggered Scrawling Crawler
Add To Stack: Ai(1)-mm-nekusar-discard triggered Sheoldred, the Apocalypse
Add To Stack: Ai(1)-mm-nekusar-discard triggered Sheoldred, the Apocalypse
Life: Life: Ai(1)-mm-nekusar-discard 43 > 45
Resolve Stack: Whenever you draw a card, you gain 2 life. [Player: Ai(1)-mm-nekusar-discard]
Life: Life: Ai(2)-mm-abaddon 19 > 17
Resolve Stack: Whenever an opponent draws a card, they lose 2 life. [Player: Ai(2)-mm-abaddon]
Life: Life: Ai(2)-mm-abaddon 17 > 16
Resolve Stack: Whenever an opponent draws a card, that player loses 1 life. [Player: Ai(2)-mm-abaddon]
Life: Life: Ai(2)-mm-abaddon 16 > 14
Resolve Stack: Whenever an opponent draws a card, they lose 2 life. [Player: Ai(2)-mm-abaddon]
Life: Life: Ai(2)-mm-abaddon 14 > 13
Resolve Stack: Whenever an opponent draws a card, that player loses 1 life. [Player: Ai(2)-mm-abaddon]
Life: Life: Ai(2)-mm-abaddon 13 > 11
Resolve Stack: Whenever an opponent draws a card, they lose 2 life. [Player: Ai(2)-mm-abaddon]
Life: Life: Ai(2)-mm-abaddon 11 > 10
Resolve Stack: Whenever an opponent draws a card, that player loses 1 life. [Player: Ai(2)-mm-abaddon]
Life: Life: Ai(2)-mm-abaddon 10 > 8
Resolve Stack: Whenever an opponent draws a card, they lose 2 life. [Player: Ai(2)-mm-abaddon]
Life: Life: Ai(2)-mm-abaddon 8 > 7
Resolve Stack: Whenever an opponent draws a card, that player loses 1 life. [Player: Ai(2)-mm-abaddon]
Life: Life: Ai(2)-mm-abaddon 7 > 5
Resolve Stack: Whenever an opponent draws a card, they lose 2 life. [Player: Ai(2)-mm-abaddon]
Life: Life: Ai(2)-mm-abaddon 5 > 4
Resolve Stack: Whenever an opponent draws a card, that player loses 1 life. [Player: Ai(2)-mm-abaddon]
Life: Life: Ai(2)-mm-abaddon 4 > 2
Resolve Stack: Whenever an opponent draws a card, they lose 2 life. [Player: Ai(2)-mm-abaddon]
Life: Life: Ai(2)-mm-abaddon 2 > 1
Resolve Stack: Whenever an opponent draws a card, that player loses 1 life. [Player: Ai(2)-mm-abaddon]
Life: Life: Ai(2)-mm-abaddon 1 > -1
Resolve Stack: Whenever an opponent draws a card, they lose 2 life. [Player: Ai(2)-mm-abaddon]
Resolve Stack: Whenever an opponent draws a card, that player loses 1 life. [Player: Ai(2)-mm-abaddon]
Phase: Ai(1)-mm-nekusar-discard's End step
Phase: Ai(1)-mm-nekusar-discard's Cleanup step
Turn: Turn 29 (Ai(3)-mm-talrand-spells)
Phase: Ai(3)-mm-talrand-spells' Untap step
Phase: Ai(3)-mm-talrand-spells' Upkeep step
Mana: Island (233) - {T}: Add {U}.
Add To Stack: Ai(3)-mm-talrand-spells cast Cyclonic Rift targeting [Firemane Commando (319)]
Add To Stack: Ai(3)-mm-talrand-spells triggered Archmage of Runes
Resolve Stack: Whenever you cast an instant or sorcery spell, draw a card. [Card: Cyclonic Rift (208), Activator: Ai(3)-mm-talrand-spells, SpellAbility: Return target nonland permanent you don't control to its owner's hand.]
Add To Stack: Ai(1)-mm-nekusar-discard triggered Scrawling Crawler
Add To Stack: Ai(1)-mm-nekusar-discard triggered Sheoldred, the Apocalypse
Life: Life: Ai(3)-mm-talrand-spells 24 > 22
Resolve Stack: Whenever an opponent draws a card, they lose 2 life. [Player: Ai(3)-mm-talrand-spells]
Life: Life: Ai(3)-mm-talrand-spells 22 > 21
Resolve Stack: Whenever an opponent draws a card, that player loses 1 life. [Player: Ai(3)-mm-talrand-spells]
Resolve Stack: Cyclonic Rift (208) - Return Firemane Commando (319) to its owner's hand.
Phase: Ai(3)-mm-talrand-spells' Draw step
Add To Stack: Ai(1)-mm-nekusar-discard triggered Scrawling Crawler
Add To Stack: Ai(1)-mm-nekusar-discard triggered Sheoldred, the Apocalypse
Life: Life: Ai(3)-mm-talrand-spells 21 > 19
Resolve Stack: Whenever an opponent draws a card, they lose 2 life. [Player: Ai(3)-mm-talrand-spells]
Life: Life: Ai(3)-mm-talrand-spells 19 > 18
Resolve Stack: Whenever an opponent draws a card, that player loses 1 life. [Player: Ai(3)-mm-talrand-spells]
Phase: Ai(3)-mm-talrand-spells' Main phase, precombat
Replacement Effect: Mystic Sanctuary enters tapped unless you control three or more other Islands.
Land: Ai(3)-mm-talrand-spells played Mystic Sanctuary (261)
Add To Stack: Ai(3)-mm-talrand-spells triggered Mystic Sanctuary targeting [Ravenform (274)]
Resolve Stack: When Mystic Sanctuary enters untapped, you may put target instant or sorcery card from your graveyard on top of your library. (Targeting: [[Ravenform (274)]]) [Zone Changer: Mystic Sanctuary (261)]
Phase: Ai(3)-mm-talrand-spells' Beginning of Combat Step
Phase: Ai(3)-mm-talrand-spells' Declare Attackers Step
Combat: Ai(3)-mm-talrand-spells assigned Archmage of Runes (216) to attack Ai(4)-mm-giada-angels.
Phase: Ai(3)-mm-talrand-spells' Declare Blockers Step
Combat: Ai(4)-mm-giada-angels didn't block Archmage of Runes (216).
Phase: Ai(3)-mm-talrand-spells' First Strike Damage Step
Phase: Ai(3)-mm-talrand-spells' Combat Damage Step
Damage: Archmage of Runes (216) deals 4 combat damage to Ai(4)-mm-giada-angels.
Life: Life: Ai(4)-mm-giada-angels 11 > 7
Phase: Ai(3)-mm-talrand-spells' End of Combat Step
Phase: Ai(3)-mm-talrand-spells' Main phase, postcombat
Mana: Island (232) - {T}: Add {U}.
Mana: Island (248) - {T}: Add {U}.
Mana: Island (244) - {T}: Add {U}.
Mana: Island (237) - {T}: Add {U}.
Add To Stack: Ai(3)-mm-talrand-spells cast Curiosity Crafter
Resolve Stack: Curiosity Crafter - Creature 3 / 3
Mana: Island (230) - {T}: Add {U}.
Mana: Island (256) - {T}: Add {U}.
Mana: Island (246) - {T}: Add {U}.
Mana: Heraldic Banner (207) - {T}: Add one mana of the chosen color.
Add To Stack: Ai(3)-mm-talrand-spells cast Talrand, Sky Summoner
Resolve Stack: Talrand, Sky Summoner - Creature 2 / 2
Mana: Mystic Sanctuary (261) - {T}: Add {U}.
Add To Stack: Ai(3)-mm-talrand-spells cast Winged Words
Add To Stack: Ai(3)-mm-talrand-spells triggered Archmage of Runes
Add To Stack: Ai(3)-mm-talrand-spells triggered Talrand, Sky Summoner
Resolve Stack: Whenever you cast an instant or sorcery spell, create a 2/2 blue Drake creature token with flying. [Card: Winged Words (295), Activator: Ai(3)-mm-talrand-spells, SpellAbility: Draw two cards.]
Resolve Stack: Whenever you cast an instant or sorcery spell, draw a card. [Card: Winged Words (295), Activator: Ai(3)-mm-talrand-spells, SpellAbility: Draw two cards.]
Add To Stack: Ai(1)-mm-nekusar-discard triggered Scrawling Crawler
Add To Stack: Ai(1)-mm-nekusar-discard triggered Sheoldred, the Apocalypse
Life: Life: Ai(3)-mm-talrand-spells 18 > 16
Resolve Stack: Whenever an opponent draws a card, they lose 2 life. [Player: Ai(3)-mm-talrand-spells]
Life: Life: Ai(3)-mm-talrand-spells 16 > 15
Resolve Stack: Whenever an opponent draws a card, that player loses 1 life. [Player: Ai(3)-mm-talrand-spells]
Mana: Sunken Hollow (30) - {T}: Add {U}.
Add To Stack: Ai(1)-mm-nekusar-discard cast An Offer You Can't Refuse targeting [Draw two cards.]
Zone Change: Send countered spell to Graveyard
Resolve Stack: An Offer You Can't Refuse (88) - Counter Winged Words (295). Its controller creates two Treasure tokens.
Zone Change: Treasure Token (516) was put into Graveyard from Battlefield.
Mana: Treasure Token (516) - {T}, Sacrifice this token: Add one mana of any color.
Zone Change: Treasure Token (515) was put into Graveyard from Battlefield.
Mana: Treasure Token (515) - {T}, Sacrifice this token: Add one mana of any color.
Add To Stack: Ai(3)-mm-talrand-spells cast Ravenform targeting [Emeria Shepherd (312)]
Add To Stack: Ai(3)-mm-talrand-spells triggered Archmage of Runes
Add To Stack: Ai(3)-mm-talrand-spells triggered Talrand, Sky Summoner
Resolve Stack: Whenever you cast an instant or sorcery spell, create a 2/2 blue Drake creature token with flying. [Card: Ravenform (274), Activator: Ai(3)-mm-talrand-spells, SpellAbility: Exile target artifact or creature. Its controller creates a 1/1 blue Bird creature token with flying. ]
Resolve Stack: Whenever you cast an instant or sorcery spell, draw a card. [Card: Ravenform (274), Activator: Ai(3)-mm-talrand-spells, SpellAbility: Exile target artifact or creature. Its controller creates a 1/1 blue Bird creature token with flying. ]
Add To Stack: Ai(1)-mm-nekusar-discard triggered Scrawling Crawler
Add To Stack: Ai(1)-mm-nekusar-discard triggered Sheoldred, the Apocalypse
Life: Life: Ai(3)-mm-talrand-spells 15 > 13
Resolve Stack: Whenever an opponent draws a card, they lose 2 life. [Player: Ai(3)-mm-talrand-spells]
Life: Life: Ai(3)-mm-talrand-spells 13 > 12
Resolve Stack: Whenever an opponent draws a card, that player loses 1 life. [Player: Ai(3)-mm-talrand-spells]
Zone Change: Emeria Shepherd (312) was put into Exile from Battlefield.
Resolve Stack: Ravenform (274) - Exile Emeria Shepherd (312). 
Phase: Ai(3)-mm-talrand-spells' End step
Phase: Ai(3)-mm-talrand-spells' Cleanup step
Turn: Turn 30 (Ai(4)-mm-giada-angels)
Phase: Ai(4)-mm-giada-angels' Untap step
Phase: Ai(4)-mm-giada-angels' Upkeep step
Phase: Ai(4)-mm-giada-angels' Draw step
Add To Stack: Ai(1)-mm-nekusar-discard triggered Scrawling Crawler
Add To Stack: Ai(1)-mm-nekusar-discard triggered Sheoldred, the Apocalypse
Life: Life: Ai(4)-mm-giada-angels 7 > 5
Resolve Stack: Whenever an opponent draws a card, they lose 2 life. [Player: Ai(4)-mm-giada-angels]
Life: Life: Ai(4)-mm-giada-angels 5 > 4
Resolve Stack: Whenever an opponent draws a card, that player loses 1 life. [Player: Ai(4)-mm-giada-angels]
Phase: Ai(4)-mm-giada-angels' Main phase, precombat
Land: Ai(4)-mm-giada-angels played Plains (392)
Mana: Plains (385) - {T}: Add {W}.
Mana: Sol Ring (321) - {T}: Add {C}{C}.
Mana: Plains (389) - {T}: Add {W}.
Add To Stack: Ai(4)-mm-giada-angels cast Firemane Commando
Replacement Effect: Each other Angel you control enters with an additional +1/+1 counter on it for each Angel you already control.
Resolve Stack: Firemane Commando - Creature 4 / 3
Phase: Ai(4)-mm-giada-angels' Beginning of Combat Step
Phase: Ai(4)-mm-giada-angels' Declare Attackers Step
Phase: Ai(4)-mm-giada-angels' Declare Blockers Step
Phase: Ai(4)-mm-giada-angels' First Strike Damage Step
Phase: Ai(4)-mm-giada-angels' Combat Damage Step
Phase: Ai(4)-mm-giada-angels' End of Combat Step
Phase: Ai(4)-mm-giada-angels' Main phase, postcombat
Mana: Plains (373) - {T}: Add {W}.
Mana: Plains (381) - {T}: Add {W}.
Mana: Plains (392) - {T}: Add {W}.
Mana: Cavern of Souls (359) - {T}: Add one mana of any color. Spend this mana only to cast a creature spell of the chosen type, and that spell can't be countered.
Mana: War Room (341) - {T}: Add {C}.
Add To Stack: Ai(4)-mm-giada-angels cast Baneslayer Angel
Replacement Effect: Each other Angel you control enters with an additional +1/+1 counter on it for each Angel you already control.
Resolve Stack: Baneslayer Angel - Creature 5 / 5
Mana: Giada, Font of Hope (403) - {T}: Add {W}. Spend this mana only to cast an Angel spell.
Mana: Nykthos, Shrine to Nyx (334) - {T}: Add {C}.
Add To Stack: Ai(4)-mm-giada-angels cast Youthful Valkyrie
Replacement Effect: Each other Angel you control enters with an additional +1/+1 counter on it for each Angel you already control.
Resolve Stack: Youthful Valkyrie - Creature 1 / 3
Phase: Ai(4)-mm-giada-angels' End step
Phase: Ai(4)-mm-giada-angels' Cleanup step
Turn: Turn 31 (Ai(1)-mm-nekusar-discard)
Phase: Ai(1)-mm-nekusar-discard's Untap step
Phase: Ai(1)-mm-nekusar-discard's Upkeep step
Add To Stack: Ai(1)-mm-nekusar-discard triggered Scrawling Crawler
Resolve Stack: At the beginning of your upkeep, each player draws a card. [Phase: Ai(1)-mm-nekusar-discard]
Add To Stack: Ai(1)-mm-nekusar-discard triggered Sheoldred, the Apocalypse
Add To Stack: Ai(1)-mm-nekusar-discard triggered Scrawling Crawler
Add To Stack: Ai(1)-mm-nekusar-discard triggered Sheoldred, the Apocalypse
Add To Stack: Ai(1)-mm-nekusar-discard triggered Scrawling Crawler
Add To Stack: Ai(1)-mm-nekusar-discard triggered Sheoldred, the Apocalypse
Life: Life: Ai(4)-mm-giada-angels 4 > 2
Resolve Stack: Whenever an opponent draws a card, they lose 2 life. [Player: Ai(4)-mm-giada-angels]
Life: Life: Ai(4)-mm-giada-angels 2 > 1
Resolve Stack: Whenever an opponent draws a card, that player loses 1 life. [Player: Ai(4)-mm-giada-angels]
Life: Life: Ai(3)-mm-talrand-spells 12 > 10
Resolve Stack: Whenever an opponent draws a card, they lose 2 life. [Player: Ai(3)-mm-talrand-spells]
Life: Life: Ai(3)-mm-talrand-spells 10 > 9
Resolve Stack: Whenever an opponent draws a card, that player loses 1 life. [Player: Ai(3)-mm-talrand-spells]
Life: Life: Ai(1)-mm-nekusar-discard 45 > 47
Resolve Stack: Whenever you draw a card, you gain 2 life. [Player: Ai(1)-mm-nekusar-discard]
Phase: Ai(1)-mm-nekusar-discard's Draw step
Add To Stack: Ai(1)-mm-nekusar-discard triggered Sheoldred, the Apocalypse
Life: Life: Ai(1)-mm-nekusar-discard 47 > 49
Resolve Stack: Whenever you draw a card, you gain 2 life. [Player: Ai(1)-mm-nekusar-discard]
Phase: Ai(1)-mm-nekusar-discard's Main phase, precombat
Land: Ai(1)-mm-nekusar-discard played Island (40)
Phase: Ai(1)-mm-nekusar-discard's Beginning of Combat Step
Phase: Ai(1)-mm-nekusar-discard's Declare Attackers Step
Phase: Ai(1)-mm-nekusar-discard's Declare Blockers Step
Phase: Ai(1)-mm-nekusar-discard's First Strike Damage Step
Phase: Ai(1)-mm-nekusar-discard's Combat Damage Step
Phase: Ai(1)-mm-nekusar-discard's End of Combat Step
Phase: Ai(1)-mm-nekusar-discard's Main phase, postcombat
Mana: Swamp (58) - {T}: Add {B}.
Mana: Swamp (60) - {T}: Add {B}.
Mana: Island (38) - {T}: Add {U}.
Mana: Island (36) - {T}: Add {U}.
Add To Stack: Ai(1)-mm-nekusar-discard cast Teferi's Puzzle Box
Resolve Stack: Teferi's Puzzle Box
Mana: Island (40) - {T}: Add {U}.
Mana: Sunken Hollow (30) - {T}: Add {B}.
Add To Stack: Ai(1)-mm-nekusar-discard cast Prosperity
Resolve Stack: Prosperity (75) - Ai(1)-mm-nekusar-discard, Ai(3)-mm-talrand-spells and Ai(4)-mm-giada-angels each draw a card. (X=1)
Add To Stack: Ai(1)-mm-nekusar-discard triggered Sheoldred, the Apocalypse
Add To Stack: Ai(1)-mm-nekusar-discard triggered Scrawling Crawler
Add To Stack: Ai(1)-mm-nekusar-discard triggered Sheoldred, the Apocalypse
Add To Stack: Ai(1)-mm-nekusar-discard triggered Scrawling Crawler
Add To Stack: Ai(1)-mm-nekusar-discard triggered Sheoldred, the Apocalypse
Life: Life: Ai(4)-mm-giada-angels 1 > -1
Resolve Stack: Whenever an opponent draws a card, they lose 2 life. [Player: Ai(4)-mm-giada-angels]
Resolve Stack: Whenever an opponent draws a card, that player loses 1 life. [Player: Ai(4)-mm-giada-angels]
Life: Life: Ai(3)-mm-talrand-spells 9 > 7
Resolve Stack: Whenever an opponent draws a card, they lose 2 life. [Player: Ai(3)-mm-talrand-spells]
Life: Life: Ai(3)-mm-talrand-spells 7 > 6
Resolve Stack: Whenever an opponent draws a card, that player loses 1 life. [Player: Ai(3)-mm-talrand-spells]
Life: Life: Ai(1)-mm-nekusar-discard 49 > 51
Resolve Stack: Whenever you draw a card, you gain 2 life. [Player: Ai(1)-mm-nekusar-discard]
Phase: Ai(1)-mm-nekusar-discard's End step
Phase: Ai(1)-mm-nekusar-discard's Cleanup step
Turn: Turn 32 (Ai(3)-mm-talrand-spells)
Phase: Ai(3)-mm-talrand-spells' Untap step
Phase: Ai(3)-mm-talrand-spells' Upkeep step
Phase: Ai(3)-mm-talrand-spells' Draw step
Add To Stack: Ai(1)-mm-nekusar-discard triggered Scrawling Crawler
Add To Stack: Ai(1)-mm-nekusar-discard triggered Sheoldred, the Apocalypse
Add To Stack: Ai(1)-mm-nekusar-discard triggered Teferi's Puzzle Box
Resolve Stack: At the beginning of each player's draw step, that player puts the cards in their hand on the bottom of their library in any order, then draws that many cards. [Phase: Ai(3)-mm-talrand-spells]
Add To Stack: Ai(1)-mm-nekusar-discard triggered Scrawling Crawler
Add To Stack: Ai(1)-mm-nekusar-discard triggered Sheoldred, the Apocalypse
Add To Stack: Ai(1)-mm-nekusar-discard triggered Scrawling Crawler
Add To Stack: Ai(1)-mm-nekusar-discard triggered Sheoldred, the Apocalypse
Add To Stack: Ai(1)-mm-nekusar-discard triggered Scrawling Crawler
Add To Stack: Ai(1)-mm-nekusar-discard triggered Sheoldred, the Apocalypse
Add To Stack: Ai(1)-mm-nekusar-discard triggered Scrawling Crawler
Add To Stack: Ai(1)-mm-nekusar-discard triggered Sheoldred, the Apocalypse
Add To Stack: Ai(1)-mm-nekusar-discard triggered Scrawling Crawler
Add To Stack: Ai(1)-mm-nekusar-discard triggered Sheoldred, the Apocalypse
Add To Stack: Ai(1)-mm-nekusar-discard triggered Scrawling Crawler
Add To Stack: Ai(1)-mm-nekusar-discard triggered Sheoldred, the Apocalypse
Add To Stack: Ai(1)-mm-nekusar-discard triggered Scrawling Crawler
Add To Stack: Ai(1)-mm-nekusar-discard triggered Sheoldred, the Apocalypse
Add To Stack: Ai(1)-mm-nekusar-discard triggered Scrawling Crawler
Add To Stack: Ai(1)-mm-nekusar-discard triggered Sheoldred, the Apocalypse
Life: Life: Ai(3)-mm-talrand-spells 6 > 4
Resolve Stack: Whenever an opponent draws a card, they lose 2 life. [Player: Ai(3)-mm-talrand-spells]
Life: Life: Ai(3)-mm-talrand-spells 4 > 3
Resolve Stack: Whenever an opponent draws a card, that player loses 1 life. [Player: Ai(3)-mm-talrand-spells]
Life: Life: Ai(3)-mm-talrand-spells 3 > 1
Resolve Stack: Whenever an opponent draws a card, they lose 2 life. [Player: Ai(3)-mm-talrand-spells]
Life: Life: Ai(3)-mm-talrand-spells 1 > 0
Resolve Stack: Whenever an opponent draws a card, that player loses 1 life. [Player: Ai(3)-mm-talrand-spells]
Player Control: Ai(1)-mm-nekusar-discard has restored control over themself
Player Control: Ai(2)-mm-abaddon has restored control over themself
Player Control: Ai(3)-mm-talrand-spells has restored control over themself
Player Control: Ai(4)-mm-giada-angels has restored control over themself
Game Outcome: Turn 16
Game Outcome: Ai(1)-mm-nekusar-discard has won because all opponents have lost
Game Outcome: Ai(2)-mm-abaddon has lost because life total reached 0
Game Outcome: Ai(3)-mm-talrand-spells has lost because life total reached 0
Game Outcome: Ai(4)-mm-giada-angels has lost because life total reached 0
Match Result: Ai(1)-mm-nekusar-discard: 2 Ai(2)-mm-abaddon: 0 Ai(3)-mm-talrand-spells: 0 Ai(4)-mm-giada-angels: 0 

Game Result: Game 2 ended in 28308 ms. Ai(1)-mm-nekusar-discard has won!

