Error handling registered!
14:54:04 [INFO ] GuiBase: ##########################################
14:54:04 [INFO ] GuiBase: APP: Forge v.2.0.14-SNAPSHOT-08.08
14:54:04 [INFO ] GuiBase: Java: 21.0.9 (Oracle Corporation)
14:54:04 [INFO ] GuiBase: OS: Mac OS X 26.3 aarch64
14:54:04 [INFO ] GuiBase: RAM: 4096 MB max, 8 CPUs
14:54:04 [INFO ] GuiBase: ##########################################
Language 'en-US' loaded successfully.
(ThreadUtil first call): Running with priority 5
Read cards: 33617 archived files in 1 ms (25 parts) using thread pool
Upcoming set Star Trek (TRK) dated in the future. All `upcoming` cards will be added to this set with unknown rarity.
The card A-Alrund's Epiphany was not assigned to any set. Adding it to UNKNOWN set... to fix see res/editions/ folder. 
The card A-Baba Lysaga, Night Witch was not assigned to any set. Adding it to UNKNOWN set... to fix see res/editions/ folder. 
The card A-Divide by Zero was not assigned to any set. Adding it to UNKNOWN set... to fix see res/editions/ folder. 
The card A-Esika's Chariot was not assigned to any set. Adding it to UNKNOWN set... to fix see res/editions/ folder. 
The card A-Faceless Haven was not assigned to any set. Adding it to UNKNOWN set... to fix see res/editions/ folder. 
The card A-Fires of Invention was not assigned to any set. Adding it to UNKNOWN set... to fix see res/editions/ folder. 
The card A-Goldspan Dragon was not assigned to any set. Adding it to UNKNOWN set... to fix see res/editions/ folder. 
The card A-Hullbreaker Horror was not assigned to any set. Adding it to UNKNOWN set... to fix see res/editions/ folder. 
The card A-Kumano Faces Kakkazan was not assigned to any set. Adding it to UNKNOWN set... to fix see res/editions/ folder. 
The card A-Luminarch Aspirant was not assigned to any set. Adding it to UNKNOWN set... to fix see res/editions/ folder. 
The card A-Monster Manual was not assigned to any set. Adding it to UNKNOWN set... to fix see res/editions/ folder. 
The card A-Omnath, Locus of Creation was not assigned to any set. Adding it to UNKNOWN set... to fix see res/editions/ folder. 
The card A-The Meathook Massacre was not assigned to any set. Adding it to UNKNOWN set... to fix see res/editions/ folder. 
The card A-Unholy Heat was not assigned to any set. Adding it to UNKNOWN set... to fix see res/editions/ folder. 
The card Blinding Radiance was not assigned to any set. Adding it to UNKNOWN set... to fix see res/editions/ folder. 
The card Goblin Bruiser was not assigned to any set. Adding it to UNKNOWN set... to fix see res/editions/ folder. 
The card Ogre Painbringer was not assigned to any set. Adding it to UNKNOWN set... to fix see res/editions/ folder. 
The card Titanic Pelagosaur was not assigned to any set. Adding it to UNKNOWN set... to fix see res/editions/ folder. 
The card Treetop Recluse was not assigned to any set. Adding it to UNKNOWN set... to fix see res/editions/ folder. 
Upcoming set Star Trek (TRK) dated in the future. All `upcoming` cards will be added to this set with unknown rarity.
Read cards: 836 files in 0 ms (8 parts) using thread pool
Simulation mode
Ai(1)-mm-talrand-spells [Experimental] vs Ai(2)-mm-giada-angels [Experimental] vs Ai(3)-mm-nekusar-discard [Experimental] vs Ai(4)-mm-baylen-tokens [Experimental] - two games of Commander seed 77795839
Warning: default (ie. inherited from base class) implementation of chooseSinglePlayer is used by Fact or Fiction for forge.ai.ability.TwoPilesAi. Consider declaring an overloaded method
Warning: default (ie. inherited from base class) implementation of confirmAction is used by Baylen, the Haymaker for forge.ai.ability.PermanentCreatureAi. Consider declaring an overloaded method
Active player is no longer in the game...
Active player is no longer in the game...
Active player is no longer in the game...
Active player is no longer in the game...
Warning: default (ie. inherited from base class) implementation of confirmAction is used by Nekusar, the Mindrazer for forge.ai.ability.PermanentCreatureAi. Consider declaring an overloaded method
java.util.concurrent.TimeoutException
	at java.base/java.util.concurrent.FutureTask.get(FutureTask.java:204)
	at forge.ai.AiController.chooseSpellAbilityToPlayFromList(AiController.java:1696)
	at forge.ai.AiController.getSpellAbilityToPlay(AiController.java:1583)
	at forge.ai.AiController.chooseSpellAbilityToPlay(AiController.java:1403)
	at forge.ai.PlayerControllerAi.chooseSpellAbilityToPlay(PlayerControllerAi.java:832)
	at forge.game.phase.PhaseHandler.mainLoopStep(PhaseHandler.java:1056)
	at forge.game.phase.PhaseHandler.mainGameLoop(PhaseHandler.java:1035)
	at forge.game.phase.PhaseHandler.startFirstTurn(PhaseHandler.java:1029)
	at forge.game.GameAction.startGame(GameAction.java:2373)
	at forge.game.Match.startGame(Match.java:92)
	at forge.game.Match.startGame(Match.java:77)
	at forge.view.SimulateMatch.lambda$simulateSingleMatch$0(SimulateMatch.java:213)
	at forge.view.TimeLimitedCodeBlock.lambda$runWithTimeout$0(TimeLimitedCodeBlock.java:18)
	at java.base/java.util.concurrent.FutureTask.run(FutureTask.java:317)
	at java.base/java.util.concurrent.ThreadPoolExecutor.runWorker(ThreadPoolExecutor.java:1144)
	at java.base/java.util.concurrent.ThreadPoolExecutor$Worker.run(ThreadPoolExecutor.java:642)
	at java.base/java.lang.Thread.run(Thread.java:1583)
AI eval thread at timeout:
	at java.base/java.util.HashMap.put(HashMap.java:618)
	at java.base/java.util.HashSet.add(HashSet.java:229)
	at forge.util.collect.FCollection.add(FCollection.java:273)
	at forge.util.collect.FCollection.addAll(FCollection.java:346)
	at forge.util.collect.FCollection.addAll(FCollection.java:325)
	at forge.game.Game.getCardsIn(Game.java:628)
	at forge.game.staticability.StaticAbilityAssignNoCombatDamage.assignNoCombatDamage(StaticAbilityAssignNoCombatDamage.java:10)
	at forge.game.card.Card.assignNoCombatDamage(Card.java:4581)
	at forge.game.card.Card.getNetCombatDamage(Card.java:4586)
	at forge.ai.AiBlockController.makeGangBlocks(AiBlockController.java:518)
	at forge.ai.AiBlockController.assignBlockers(AiBlockController.java:1084)
	at forge.ai.AiBlockController.assignBlockersForCombat(AiBlockController.java:1014)
	at forge.ai.ComputerUtil.predictNextCombatsRemainingLife(ComputerUtil.java:3214)
	at forge.ai.ComputerUtil.predictNextCombatsRemainingLife(ComputerUtil.java:3179)
	at forge.ai.AiAttackController.notNeededAsBlockers(AiAttackController.java:426)
	at forge.ai.AiAttackController.declareAttackers(AiAttackController.java:1279)
	at forge.ai.ComputerUtilCard.doesSpecifiedCreatureAttackAI(ComputerUtilCard.java:820)
	at forge.ai.ComputerUtilCard.shouldPumpCard(ComputerUtilCard.java:1557)
	at forge.ai.ability.PumpAiBase.lambda$getPumpCreatures$2(PumpAiBase.java:376)
	at java.base/java.util.stream.ReferencePipeline$2$1.accept(ReferencePipeline.java:178)
	at java.base/java.util.Spliterators$IteratorSpliterator.tryAdvance(Spliterators.java:1950)
	at java.base/java.util.stream.StreamSpliterators$WrappingSpliterator.lambda$initPartialTraversalState$0(StreamSpliterators.java:292)
	at java.base/java.util.stream.StreamSpliterators$AbstractWrappingSpliterator.fillBuffer(StreamSpliterators.java:206)
	at java.base/java.util.stream.StreamSpliterators$AbstractWrappingSpliterator.doAdvance(StreamSpliterators.java:161)
	at java.base/java.util.stream.StreamSpliterators$WrappingSpliterator.tryAdvance(StreamSpliterators.java:298)
	at java.base/java.util.Spliterators$1Adapter.hasNext(Spliterators.java:681)
	at forge.util.collect.FCollection.addAll(FCollection.java:345)
	at forge.util.collect.FCollection.<init>(FCollection.java:103)
	at forge.game.card.CardCollection.<init>(CardCollection.java:118)
	at forge.game.card.CardLists.filter(CardLists.java:331)
java.util.concurrent.TimeoutException
	at java.base/java.util.concurrent.FutureTask.get(FutureTask.java:204)
	at forge.ai.AiController.chooseSpellAbilityToPlayFromList(AiController.java:1696)
	at forge.ai.AiController.getSpellAbilityToPlay(AiController.java:1583)
	at forge.ai.AiController.chooseSpellAbilityToPlay(AiController.java:1403)
	at forge.ai.PlayerControllerAi.chooseSpellAbilityToPlay(PlayerControllerAi.java:832)
	at forge.game.phase.PhaseHandler.mainLoopStep(PhaseHandler.java:1056)
	at forge.game.phase.PhaseHandler.mainGameLoop(PhaseHandler.java:1035)
	at forge.game.phase.PhaseHandler.startFirstTurn(PhaseHandler.java:1029)
	at forge.game.GameAction.startGame(GameAction.java:2373)
	at forge.game.Match.startGame(Match.java:92)
	at forge.game.Match.startGame(Match.java:77)
	at forge.view.SimulateMatch.lambda$simulateSingleMatch$0(SimulateMatch.java:213)
	at forge.view.TimeLimitedCodeBlock.lambda$runWithTimeout$0(TimeLimitedCodeBlock.java:18)
	at java.base/java.util.concurrent.FutureTask.run(FutureTask.java:317)
	at java.base/java.util.concurrent.ThreadPoolExecutor.runWorker(ThreadPoolExecutor.java:1144)
	at java.base/java.util.concurrent.ThreadPoolExecutor$Worker.run(ThreadPoolExecutor.java:642)
	at java.base/java.lang.Thread.run(Thread.java:1583)
AI eval thread at timeout:
	at forge.game.card.CardProperty.cardHasProperty(CardProperty.java:85)
	at forge.game.card.Card.hasProperty(Card.java:5831)
	at forge.game.card.Card.isValid(Card.java:5817)
	at forge.game.GameObject.isValid(GameObject.java:27)
	at forge.game.CardTraitBase.matchesValid(CardTraitBase.java:225)
	at forge.game.CardTraitBase.matchesValid(CardTraitBase.java:220)
	at forge.game.CardTraitBase.matchesValidParam(CardTraitBase.java:261)
	at forge.game.CardTraitBase.matchesValidParam(CardTraitBase.java:268)
	at forge.game.staticability.StaticAbilityCantAttackBlock.applyCantBlockByAbility(StaticAbilityCantAttackBlock.java:237)
	at forge.game.staticability.StaticAbilityCantAttackBlock.cantBlockBy(StaticAbilityCantAttackBlock.java:219)
	at forge.game.combat.CombatUtil.canBlock(CombatUtil.java:1013)
	at forge.game.combat.CombatUtil.canBlock(CombatUtil.java:973)
	at forge.game.combat.CombatUtil.canBlock(CombatUtil.java:957)
	at forge.ai.AiBlockController.getPossibleBlockers(AiBlockController.java:87)
	at forge.ai.AiBlockController.makeGoodBlocks(AiBlockController.java:306)
	at forge.ai.AiBlockController.assignBlockers(AiBlockController.java:1083)
	at forge.ai.AiBlockController.assignBlockersForCombat(AiBlockController.java:1014)
	at forge.ai.ComputerUtil.predictNextCombatsRemainingLife(ComputerUtil.java:3214)
	at forge.ai.ComputerUtil.predictNextCombatsRemainingLife(ComputerUtil.java:3179)
	at forge.ai.AiAttackController.notNeededAsBlockers(AiAttackController.java:426)
	at forge.ai.AiAttackController.declareAttackers(AiAttackController.java:1279)
	at forge.ai.AiController.getPredictedCombat(AiController.java:145)
	at forge.ai.ComputerUtilCard.doesCreatureAttackAI(ComputerUtilCard.java:806)
	at forge.ai.ComputerUtilCard.shouldPumpCard(ComputerUtilCard.java:1557)
	at forge.ai.ability.PumpAiBase.lambda$getPumpCreatures$2(PumpAiBase.java:376)
	at java.base/java.util.stream.ReferencePipeline$2$1.accept(ReferencePipeline.java:178)
	at java.base/java.util.Spliterators$IteratorSpliterator.tryAdvance(Spliterators.java:1950)
	at java.base/java.util.stream.StreamSpliterators$WrappingSpliterator.lambda$initPartialTraversalState$0(StreamSpliterators.java:292)
	at java.base/java.util.stream.StreamSpliterators$AbstractWrappingSpliterator.fillBuffer(StreamSpliterators.java:206)
	at java.base/java.util.stream.StreamSpliterators$AbstractWrappingSpliterator.doAdvance(StreamSpliterators.java:161)
Warning: default (ie. inherited from base class) implementation of confirmAction is used by Giada, Font of Hope for forge.ai.ability.PermanentCreatureAi. Consider declaring an overloaded method
Warning: default (ie. inherited from base class) implementation of confirmAction is used by Nekusar, the Mindrazer for forge.ai.ability.PermanentCreatureAi. Consider declaring an overloaded method
Mulligan: Ai(2)-mm-giada-angels has mulliganed down to 7 cards.
Mulligan: Ai(2)-mm-giada-angels has kept a hand of 7 cards
Mulligan: Ai(3)-mm-nekusar-discard has kept a hand of 7 cards
Mulligan: Ai(4)-mm-baylen-tokens has kept a hand of 7 cards
Mulligan: Ai(1)-mm-talrand-spells has kept a hand of 7 cards
Turn: Turn 1 (Ai(2)-mm-giada-angels)
Phase: Ai(2)-mm-giada-angels' Untap step
Phase: Ai(2)-mm-giada-angels' Upkeep step
Phase: Ai(2)-mm-giada-angels' Draw step
Phase: Ai(2)-mm-giada-angels' Main phase, precombat
Land: Ai(2)-mm-giada-angels played Plains (174)
Phase: Ai(2)-mm-giada-angels' Beginning of Combat Step
Phase: Ai(2)-mm-giada-angels' Declare Attackers Step
Phase: Ai(2)-mm-giada-angels' Declare Blockers Step
Phase: Ai(2)-mm-giada-angels' First Strike Damage Step
Phase: Ai(2)-mm-giada-angels' Combat Damage Step
Phase: Ai(2)-mm-giada-angels' End of Combat Step
Phase: Ai(2)-mm-giada-angels' Main phase, postcombat
Phase: Ai(2)-mm-giada-angels' End step
Phase: Ai(2)-mm-giada-angels' Cleanup step
Turn: Turn 2 (Ai(3)-mm-nekusar-discard)
Phase: Ai(3)-mm-nekusar-discard's Untap step
Phase: Ai(3)-mm-nekusar-discard's Upkeep step
Phase: Ai(3)-mm-nekusar-discard's Draw step
Phase: Ai(3)-mm-nekusar-discard's Main phase, precombat
Land: Ai(3)-mm-nekusar-discard played Mountain (289)
Phase: Ai(3)-mm-nekusar-discard's Beginning of Combat Step
Phase: Ai(3)-mm-nekusar-discard's Declare Attackers Step
Phase: Ai(3)-mm-nekusar-discard's Declare Blockers Step
Phase: Ai(3)-mm-nekusar-discard's First Strike Damage Step
Phase: Ai(3)-mm-nekusar-discard's Combat Damage Step
Phase: Ai(3)-mm-nekusar-discard's End of Combat Step
Phase: Ai(3)-mm-nekusar-discard's Main phase, postcombat
Phase: Ai(3)-mm-nekusar-discard's End step
Phase: Ai(3)-mm-nekusar-discard's Cleanup step
Turn: Turn 3 (Ai(4)-mm-baylen-tokens)
Phase: Ai(4)-mm-baylen-tokens' Untap step
Phase: Ai(4)-mm-baylen-tokens' Upkeep step
Phase: Ai(4)-mm-baylen-tokens' Draw step
Phase: Ai(4)-mm-baylen-tokens' Main phase, precombat
Land: Ai(4)-mm-baylen-tokens played Plains (389)
Phase: Ai(4)-mm-baylen-tokens' Beginning of Combat Step
Phase: Ai(4)-mm-baylen-tokens' Declare Attackers Step
Phase: Ai(4)-mm-baylen-tokens' Declare Blockers Step
Phase: Ai(4)-mm-baylen-tokens' First Strike Damage Step
Phase: Ai(4)-mm-baylen-tokens' Combat Damage Step
Phase: Ai(4)-mm-baylen-tokens' End of Combat Step
Phase: Ai(4)-mm-baylen-tokens' Main phase, postcombat
Phase: Ai(4)-mm-baylen-tokens' End step
Phase: Ai(4)-mm-baylen-tokens' Cleanup step
Turn: Turn 4 (Ai(1)-mm-talrand-spells)
Phase: Ai(1)-mm-talrand-spells' Untap step
Phase: Ai(1)-mm-talrand-spells' Upkeep step
Phase: Ai(1)-mm-talrand-spells' Draw step
Phase: Ai(1)-mm-talrand-spells' Main phase, precombat
Land: Ai(1)-mm-talrand-spells played Island (33)
Phase: Ai(1)-mm-talrand-spells' Beginning of Combat Step
Phase: Ai(1)-mm-talrand-spells' Declare Attackers Step
Phase: Ai(1)-mm-talrand-spells' Declare Blockers Step
Phase: Ai(1)-mm-talrand-spells' First Strike Damage Step
Phase: Ai(1)-mm-talrand-spells' Combat Damage Step
Phase: Ai(1)-mm-talrand-spells' End of Combat Step
Phase: Ai(1)-mm-talrand-spells' Main phase, postcombat
Mana: Island (33) - {T}: Add {U}.
Add To Stack: Ai(1)-mm-talrand-spells cast Sol Ring
Resolve Stack: Sol Ring
Phase: Ai(1)-mm-talrand-spells' End step
Phase: Ai(1)-mm-talrand-spells' Cleanup step
Turn: Turn 5 (Ai(2)-mm-giada-angels)
Phase: Ai(2)-mm-giada-angels' Untap step
Phase: Ai(2)-mm-giada-angels' Upkeep step
Phase: Ai(2)-mm-giada-angels' Draw step
Phase: Ai(2)-mm-giada-angels' Main phase, precombat
Land: Ai(2)-mm-giada-angels played Plains (175)
Phase: Ai(2)-mm-giada-angels' Beginning of Combat Step
Phase: Ai(2)-mm-giada-angels' Declare Attackers Step
Phase: Ai(2)-mm-giada-angels' Declare Blockers Step
Phase: Ai(2)-mm-giada-angels' First Strike Damage Step
Phase: Ai(2)-mm-giada-angels' Combat Damage Step
Phase: Ai(2)-mm-giada-angels' End of Combat Step
Phase: Ai(2)-mm-giada-angels' Main phase, postcombat
Mana: Plains (174) - {T}: Add {W}.
Mana: Plains (175) - {T}: Add {W}.
Add To Stack: Ai(2)-mm-giada-angels cast Giada, Font of Hope
Resolve Stack: Giada, Font of Hope - Creature 2 / 2
Phase: Ai(2)-mm-giada-angels' End step
Phase: Ai(2)-mm-giada-angels' Cleanup step
Turn: Turn 6 (Ai(3)-mm-nekusar-discard)
Phase: Ai(3)-mm-nekusar-discard's Untap step
Phase: Ai(3)-mm-nekusar-discard's Upkeep step
Phase: Ai(3)-mm-nekusar-discard's Draw step
Phase: Ai(3)-mm-nekusar-discard's Main phase, precombat
Replacement Effect: Drowned Catacomb enters tapped unless you control an Island or a Swamp.
Land: Ai(3)-mm-nekusar-discard played Drowned Catacomb (280)
Phase: Ai(3)-mm-nekusar-discard's Beginning of Combat Step
Phase: Ai(3)-mm-nekusar-discard's Declare Attackers Step
Phase: Ai(3)-mm-nekusar-discard's Declare Blockers Step
Phase: Ai(3)-mm-nekusar-discard's First Strike Damage Step
Phase: Ai(3)-mm-nekusar-discard's Combat Damage Step
Phase: Ai(3)-mm-nekusar-discard's End of Combat Step
Phase: Ai(3)-mm-nekusar-discard's Main phase, postcombat
Phase: Ai(3)-mm-nekusar-discard's End step
Phase: Ai(3)-mm-nekusar-discard's Cleanup step
Turn: Turn 7 (Ai(4)-mm-baylen-tokens)
Phase: Ai(4)-mm-baylen-tokens' Untap step
Phase: Ai(4)-mm-baylen-tokens' Upkeep step
Phase: Ai(4)-mm-baylen-tokens' Draw step
Phase: Ai(4)-mm-baylen-tokens' Main phase, precombat
Replacement Effect: Sunpetal Grove enters tapped unless you control a Forest or a Plains.
Land: Ai(4)-mm-baylen-tokens played Sunpetal Grove (366)
Phase: Ai(4)-mm-baylen-tokens' Beginning of Combat Step
Phase: Ai(4)-mm-baylen-tokens' Declare Attackers Step
Phase: Ai(4)-mm-baylen-tokens' Declare Blockers Step
Phase: Ai(4)-mm-baylen-tokens' First Strike Damage Step
Phase: Ai(4)-mm-baylen-tokens' Combat Damage Step
Phase: Ai(4)-mm-baylen-tokens' End of Combat Step
Phase: Ai(4)-mm-baylen-tokens' Main phase, postcombat
Mana: Plains (389) - {T}: Add {W}.
Mana: Sunpetal Grove (366) - {T}: Add {G} or {W}.
Add To Stack: Ai(4)-mm-baylen-tokens cast Hare Apparent
Resolve Stack: Hare Apparent - Creature 2 / 2
Add To Stack: Ai(4)-mm-baylen-tokens triggered Hare Apparent
Resolve Stack: When this creature enters, create a number of 1/1 white Rabbit creature tokens equal to the number of other creatures you control named Hare Apparent. [Zone Changer: Hare Apparent (355)]
Phase: Ai(4)-mm-baylen-tokens' End step
Phase: Ai(4)-mm-baylen-tokens' Cleanup step
Turn: Turn 8 (Ai(1)-mm-talrand-spells)
Phase: Ai(1)-mm-talrand-spells' Untap step
Phase: Ai(1)-mm-talrand-spells' Upkeep step
Phase: Ai(1)-mm-talrand-spells' Draw step
Phase: Ai(1)-mm-talrand-spells' Main phase, precombat
Land: Ai(1)-mm-talrand-spells played Island (35)
Mana: Island (33) - {T}: Add {U}.
Mana: Sol Ring (17) - {T}: Add {C}{C}.
Mana: Island (35) - {T}: Add {U}.
Add To Stack: Ai(1)-mm-talrand-spells cast Fact or Fiction
Resolve Stack: Fact or Fiction (64) - Ai(1)-mm-talrand-spells reveals the top five cards of their library. An opponent separates those cards into two piles. Ai(1)-mm-talrand-spells puts one pile into their hand and the other into their graveyard.
Phase: Ai(1)-mm-talrand-spells' Beginning of Combat Step
Phase: Ai(1)-mm-talrand-spells' Declare Attackers Step
Phase: Ai(1)-mm-talrand-spells' Declare Blockers Step
Phase: Ai(1)-mm-talrand-spells' First Strike Damage Step
Phase: Ai(1)-mm-talrand-spells' Combat Damage Step
Phase: Ai(1)-mm-talrand-spells' End of Combat Step
Phase: Ai(1)-mm-talrand-spells' Main phase, postcombat
Phase: Ai(1)-mm-talrand-spells' End step
Phase: Ai(1)-mm-talrand-spells' Cleanup step
Turn: Turn 9 (Ai(2)-mm-giada-angels)
Phase: Ai(2)-mm-giada-angels' Untap step
Phase: Ai(2)-mm-giada-angels' Upkeep step
Phase: Ai(2)-mm-giada-angels' Draw step
Mana: Plains (174) - {T}: Add {W}.
Add To Stack: Ai(2)-mm-giada-angels cast Path to Exile targeting [Hare Apparent (355)]
Zone Change: Hare Apparent (355) was put into Exile from Battlefield.
Resolve Stack: Path to Exile (109) - Exile Hare Apparent (355). Ai(4)-mm-baylen-tokens may search their library for a basic land card, put that card onto the battlefield tapped, then shuffle their library. 
Phase: Ai(2)-mm-giada-angels' Main phase, precombat
Phase: Ai(2)-mm-giada-angels' Beginning of Combat Step
Phase: Ai(2)-mm-giada-angels' Declare Attackers Step
Combat: Ai(2)-mm-giada-angels assigned Giada, Font of Hope (201) to attack Ai(1)-mm-talrand-spells.
Phase: Ai(2)-mm-giada-angels' Declare Blockers Step
Combat: Ai(1)-mm-talrand-spells didn't block Giada, Font of Hope (201).
Phase: Ai(2)-mm-giada-angels' First Strike Damage Step
Phase: Ai(2)-mm-giada-angels' Combat Damage Step
Damage: Giada, Font of Hope (201) deals 2 combat damage to Ai(1)-mm-talrand-spells.
Life: Life: Ai(1)-mm-talrand-spells 40 > 38
Phase: Ai(2)-mm-giada-angels' End of Combat Step
Phase: Ai(2)-mm-giada-angels' Main phase, postcombat
Phase: Ai(2)-mm-giada-angels' End step
Phase: Ai(2)-mm-giada-angels' Cleanup step
Turn: Turn 10 (Ai(3)-mm-nekusar-discard)
Phase: Ai(3)-mm-nekusar-discard's Untap step
Phase: Ai(3)-mm-nekusar-discard's Upkeep step
Phase: Ai(3)-mm-nekusar-discard's Draw step
Phase: Ai(3)-mm-nekusar-discard's Main phase, precombat
Land: Ai(3)-mm-nekusar-discard played Island (239)
Phase: Ai(3)-mm-nekusar-discard's Beginning of Combat Step
Phase: Ai(3)-mm-nekusar-discard's Declare Attackers Step
Phase: Ai(3)-mm-nekusar-discard's Declare Blockers Step
Phase: Ai(3)-mm-nekusar-discard's First Strike Damage Step
Phase: Ai(3)-mm-nekusar-discard's Combat Damage Step
Phase: Ai(3)-mm-nekusar-discard's End of Combat Step
Phase: Ai(3)-mm-nekusar-discard's Main phase, postcombat
Mana: Drowned Catacomb (280) - {T}: Add {U} or {B}.
Add To Stack: Ai(3)-mm-nekusar-discard cast Dark Ritual
Resolve Stack: Dark Ritual (228) - Ai(3)-mm-nekusar-discard adds {B}{B}{B}.
Mana: Island (239) - {T}: Add {U}.
Mana: Mountain (289) - {T}: Add {R}.
Add To Stack: Ai(3)-mm-nekusar-discard cast Nekusar, the Mindrazer
Resolve Stack: Nekusar, the Mindrazer - Creature 2 / 4
Phase: Ai(3)-mm-nekusar-discard's End step
Phase: Ai(3)-mm-nekusar-discard's Cleanup step
Turn: Turn 11 (Ai(4)-mm-baylen-tokens)
Phase: Ai(4)-mm-baylen-tokens' Untap step
Phase: Ai(4)-mm-baylen-tokens' Upkeep step
Phase: Ai(4)-mm-baylen-tokens' Draw step
Add To Stack: Ai(3)-mm-nekusar-discard triggered Nekusar, the Mindrazer
Add To Stack: Ai(3)-mm-nekusar-discard triggered Nekusar, the Mindrazer
Resolve Stack: At the beginning of each player's draw step, that player draws an additional card. [Phase: Ai(4)-mm-baylen-tokens]
Add To Stack: Ai(3)-mm-nekusar-discard triggered Nekusar, the Mindrazer
Damage: Nekusar, the Mindrazer (302) deals 1 non-combat damage to Ai(4)-mm-baylen-tokens.
Life: Life: Ai(4)-mm-baylen-tokens 40 > 39
Resolve Stack: Whenever an opponent draws a card, Nekusar, the Mindrazer deals 1 damage to that player. [Player: Ai(4)-mm-baylen-tokens]
Damage: Nekusar, the Mindrazer (302) deals 1 non-combat damage to Ai(4)-mm-baylen-tokens.
Life: Life: Ai(4)-mm-baylen-tokens 39 > 38
Resolve Stack: Whenever an opponent draws a card, Nekusar, the Mindrazer deals 1 damage to that player. [Player: Ai(4)-mm-baylen-tokens]
Phase: Ai(4)-mm-baylen-tokens' Main phase, precombat
Replacement Effect: Cinder Glade enters tapped unless you control two or more basic lands.
Land: Ai(4)-mm-baylen-tokens played Cinder Glade (314)
Phase: Ai(4)-mm-baylen-tokens' Beginning of Combat Step
Phase: Ai(4)-mm-baylen-tokens' Declare Attackers Step
Mana: Cinder Glade (314) - {T}: Add {R}.
Mana: Sunpetal Grove (366) - {T}: Add {G} or {W}.
Add To Stack: Ai(4)-mm-baylen-tokens cast Artifact Mutation targeting [Sol Ring (17)]
Zone Change: Sol Ring (17) was put into Graveyard from Battlefield.
Resolve Stack: Artifact Mutation (316) - Destroy Sol Ring (17). It can't be regenerated. Ai(4)-mm-baylen-tokens creates X 1/1 green Saproling creature tokens.
Phase: Ai(4)-mm-baylen-tokens' Declare Blockers Step
Phase: Ai(4)-mm-baylen-tokens' First Strike Damage Step
Phase: Ai(4)-mm-baylen-tokens' Combat Damage Step
Phase: Ai(4)-mm-baylen-tokens' End of Combat Step
Phase: Ai(4)-mm-baylen-tokens' Main phase, postcombat
Mana: Plains (389) - {T}: Add {W}.
Mana: Plains (391) - {T}: Add {W}.
Add To Stack: Ai(4)-mm-baylen-tokens cast Hare Apparent
Resolve Stack: Hare Apparent - Creature 2 / 2
Add To Stack: Ai(4)-mm-baylen-tokens triggered Hare Apparent
Resolve Stack: When this creature enters, create a number of 1/1 white Rabbit creature tokens equal to the number of other creatures you control named Hare Apparent. [Zone Changer: Hare Apparent (352)]
Phase: Ai(4)-mm-baylen-tokens' End step
Phase: Ai(4)-mm-baylen-tokens' Cleanup step
Turn: Turn 12 (Ai(1)-mm-talrand-spells)
Phase: Ai(1)-mm-talrand-spells' Untap step
Phase: Ai(1)-mm-talrand-spells' Upkeep step
Phase: Ai(1)-mm-talrand-spells' Draw step
Add To Stack: Ai(3)-mm-nekusar-discard triggered Nekusar, the Mindrazer
Add To Stack: Ai(3)-mm-nekusar-discard triggered Nekusar, the Mindrazer
Resolve Stack: At the beginning of each player's draw step, that player draws an additional card. [Phase: Ai(1)-mm-talrand-spells]
Add To Stack: Ai(3)-mm-nekusar-discard triggered Nekusar, the Mindrazer
Damage: Nekusar, the Mindrazer (302) deals 1 non-combat damage to Ai(1)-mm-talrand-spells.
Life: Life: Ai(1)-mm-talrand-spells 38 > 37
Resolve Stack: Whenever an opponent draws a card, Nekusar, the Mindrazer deals 1 damage to that player. [Player: Ai(1)-mm-talrand-spells]
Damage: Nekusar, the Mindrazer (302) deals 1 non-combat damage to Ai(1)-mm-talrand-spells.
Life: Life: Ai(1)-mm-talrand-spells 37 > 36
Resolve Stack: Whenever an opponent draws a card, Nekusar, the Mindrazer deals 1 damage to that player. [Player: Ai(1)-mm-talrand-spells]
Phase: Ai(1)-mm-talrand-spells' Main phase, precombat
Replacement Effect: Lonely Sandbar enters tapped.
Land: Ai(1)-mm-talrand-spells played Lonely Sandbar (98)
Phase: Ai(1)-mm-talrand-spells' Beginning of Combat Step
Phase: Ai(1)-mm-talrand-spells' Declare Attackers Step
Phase: Ai(1)-mm-talrand-spells' Declare Blockers Step
Phase: Ai(1)-mm-talrand-spells' First Strike Damage Step
Phase: Ai(1)-mm-talrand-spells' Combat Damage Step
Phase: Ai(1)-mm-talrand-spells' End of Combat Step
Phase: Ai(1)-mm-talrand-spells' Main phase, postcombat
Phase: Ai(1)-mm-talrand-spells' End step
Phase: Ai(1)-mm-talrand-spells' Cleanup step
Discard: Ai(1)-mm-talrand-spells discards Island (53).
Turn: Turn 13 (Ai(2)-mm-giada-angels)
Phase: Ai(2)-mm-giada-angels' Untap step
Phase: Ai(2)-mm-giada-angels' Upkeep step
Phase: Ai(2)-mm-giada-angels' Draw step
Add To Stack: Ai(3)-mm-nekusar-discard triggered Nekusar, the Mindrazer
Add To Stack: Ai(3)-mm-nekusar-discard triggered Nekusar, the Mindrazer
Resolve Stack: At the beginning of each player's draw step, that player draws an additional card. [Phase: Ai(2)-mm-giada-angels]
Add To Stack: Ai(3)-mm-nekusar-discard triggered Nekusar, the Mindrazer
Damage: Nekusar, the Mindrazer (302) deals 1 non-combat damage to Ai(2)-mm-giada-angels.
Life: Life: Ai(2)-mm-giada-angels 40 > 39
Resolve Stack: Whenever an opponent draws a card, Nekusar, the Mindrazer deals 1 damage to that player. [Player: Ai(2)-mm-giada-angels]
Damage: Nekusar, the Mindrazer (302) deals 1 non-combat damage to Ai(2)-mm-giada-angels.
Life: Life: Ai(2)-mm-giada-angels 39 > 38
Resolve Stack: Whenever an opponent draws a card, Nekusar, the Mindrazer deals 1 damage to that player. [Player: Ai(2)-mm-giada-angels]
Phase: Ai(2)-mm-giada-angels' Main phase, precombat
Land: Ai(2)-mm-giada-angels played Plains (193)
Mana: Plains (174) - {T}: Add {W}.
Mana: Plains (175) - {T}: Add {W}.
Mana: Plains (193) - {T}: Add {W}.
Mana: Giada, Font of Hope (201) - {T}: Add {W}. Spend this mana only to cast an Angel spell.
Add To Stack: Ai(2)-mm-giada-angels cast Linvala, Keeper of Silence
Replacement Effect: Each other Angel you control enters with an additional +1/+1 counter on it for each Angel you already control.
Resolve Stack: Linvala, Keeper of Silence - Creature 3 / 4
Phase: Ai(2)-mm-giada-angels' Beginning of Combat Step
Phase: Ai(2)-mm-giada-angels' Declare Attackers Step
Phase: Ai(2)-mm-giada-angels' Declare Blockers Step
Phase: Ai(2)-mm-giada-angels' First Strike Damage Step
Phase: Ai(2)-mm-giada-angels' Combat Damage Step
Phase: Ai(2)-mm-giada-angels' End of Combat Step
Phase: Ai(2)-mm-giada-angels' Main phase, postcombat
Phase: Ai(2)-mm-giada-angels' End step
Phase: Ai(2)-mm-giada-angels' Cleanup step
Turn: Turn 14 (Ai(3)-mm-nekusar-discard)
Phase: Ai(3)-mm-nekusar-discard's Untap step
Phase: Ai(3)-mm-nekusar-discard's Upkeep step
Phase: Ai(3)-mm-nekusar-discard's Draw step
Add To Stack: Ai(3)-mm-nekusar-discard triggered Nekusar, the Mindrazer
Resolve Stack: At the beginning of each player's draw step, that player draws an additional card. [Phase: Ai(3)-mm-nekusar-discard]
Phase: Ai(3)-mm-nekusar-discard's Main phase, precombat
Replacement Effect: As Blood Crypt enters, you may pay 2 life. If you don't, it enters tapped.
Land: Ai(3)-mm-nekusar-discard played Blood Crypt (217)
Phase: Ai(3)-mm-nekusar-discard's Beginning of Combat Step
Phase: Ai(3)-mm-nekusar-discard's Declare Attackers Step
Phase: Ai(3)-mm-nekusar-discard's Declare Blockers Step
Phase: Ai(3)-mm-nekusar-discard's First Strike Damage Step
Phase: Ai(3)-mm-nekusar-discard's Combat Damage Step
Phase: Ai(3)-mm-nekusar-discard's End of Combat Step
Phase: Ai(3)-mm-nekusar-discard's Main phase, postcombat
Phase: Ai(3)-mm-nekusar-discard's End step
Phase: Ai(3)-mm-nekusar-discard's Cleanup step
Turn: Turn 15 (Ai(4)-mm-baylen-tokens)
Phase: Ai(4)-mm-baylen-tokens' Untap step
Phase: Ai(4)-mm-baylen-tokens' Upkeep step
Phase: Ai(4)-mm-baylen-tokens' Draw step
Add To Stack: Ai(3)-mm-nekusar-discard triggered Nekusar, the Mindrazer
Add To Stack: Ai(3)-mm-nekusar-discard triggered Nekusar, the Mindrazer
Resolve Stack: At the beginning of each player's draw step, that player draws an additional card. [Phase: Ai(4)-mm-baylen-tokens]
Add To Stack: Ai(3)-mm-nekusar-discard triggered Nekusar, the Mindrazer
Damage: Nekusar, the Mindrazer (302) deals 1 non-combat damage to Ai(4)-mm-baylen-tokens.
Life: Life: Ai(4)-mm-baylen-tokens 38 > 37
Resolve Stack: Whenever an opponent draws a card, Nekusar, the Mindrazer deals 1 damage to that player. [Player: Ai(4)-mm-baylen-tokens]
Damage: Nekusar, the Mindrazer (302) deals 1 non-combat damage to Ai(4)-mm-baylen-tokens.
Life: Life: Ai(4)-mm-baylen-tokens 37 > 36
Resolve Stack: Whenever an opponent draws a card, Nekusar, the Mindrazer deals 1 damage to that player. [Player: Ai(4)-mm-baylen-tokens]
Phase: Ai(4)-mm-baylen-tokens' Main phase, precombat
Land: Ai(4)-mm-baylen-tokens played Mountain (387)
Mana: Plains (389) - {T}: Add {W}.
Mana: Mountain (387) - {T}: Add {R}.
Add To Stack: Ai(4)-mm-baylen-tokens cast Hare Apparent
Resolve Stack: Hare Apparent - Creature 2 / 2
Add To Stack: Ai(4)-mm-baylen-tokens triggered Hare Apparent
Resolve Stack: When this creature enters, create a number of 1/1 white Rabbit creature tokens equal to the number of other creatures you control named Hare Apparent. [Zone Changer: Hare Apparent (345)]
Phase: Ai(4)-mm-baylen-tokens' Beginning of Combat Step
Phase: Ai(4)-mm-baylen-tokens' Declare Attackers Step
Phase: Ai(4)-mm-baylen-tokens' Declare Blockers Step
Phase: Ai(4)-mm-baylen-tokens' First Strike Damage Step
Phase: Ai(4)-mm-baylen-tokens' Combat Damage Step
Phase: Ai(4)-mm-baylen-tokens' End of Combat Step
Phase: Ai(4)-mm-baylen-tokens' Main phase, postcombat
Mana: Cinder Glade (314) - {T}: Add {R}.
Mana: Sunpetal Grove (366) - {T}: Add {G} or {W}.
Mana: Plains (391) - {T}: Add {W}.
Add To Stack: Ai(4)-mm-baylen-tokens cast Baylen, the Haymaker
Resolve Stack: Baylen, the Haymaker - Creature 4 / 3
Phase: Ai(4)-mm-baylen-tokens' End step
Mana: Island (33) - {T}: Add {U}.
Mana: Island (35) - {T}: Add {U}.
Add To Stack: Ai(1)-mm-talrand-spells cast Anticipate
Resolve Stack: Anticipate (10) - Ai(1)-mm-talrand-spells looks at the top three cards of their library. They put one of them into their hand and put the rest on the bottom of their library in any order.
Phase: Ai(4)-mm-baylen-tokens' Cleanup step
Turn: Turn 16 (Ai(1)-mm-talrand-spells)
Phase: Ai(1)-mm-talrand-spells' Untap step
Phase: Ai(1)-mm-talrand-spells' Upkeep step
Phase: Ai(1)-mm-talrand-spells' Draw step
Add To Stack: Ai(3)-mm-nekusar-discard triggered Nekusar, the Mindrazer
Add To Stack: Ai(3)-mm-nekusar-discard triggered Nekusar, the Mindrazer
Resolve Stack: At the beginning of each player's draw step, that player draws an additional card. [Phase: Ai(1)-mm-talrand-spells]
Add To Stack: Ai(3)-mm-nekusar-discard triggered Nekusar, the Mindrazer
Damage: Nekusar, the Mindrazer (302) deals 1 non-combat damage to Ai(1)-mm-talrand-spells.
Life: Life: Ai(1)-mm-talrand-spells 36 > 35
Resolve Stack: Whenever an opponent draws a card, Nekusar, the Mindrazer deals 1 damage to that player. [Player: Ai(1)-mm-talrand-spells]
Damage: Nekusar, the Mindrazer (302) deals 1 non-combat damage to Ai(1)-mm-talrand-spells.
Life: Life: Ai(1)-mm-talrand-spells 35 > 34
Resolve Stack: Whenever an opponent draws a card, Nekusar, the Mindrazer deals 1 damage to that player. [Player: Ai(1)-mm-talrand-spells]
Phase: Ai(1)-mm-talrand-spells' Main phase, precombat
Land: Ai(1)-mm-talrand-spells played Island (34)
Phase: Ai(1)-mm-talrand-spells' Beginning of Combat Step
Phase: Ai(1)-mm-talrand-spells' Declare Attackers Step
Phase: Ai(1)-mm-talrand-spells' Declare Blockers Step
Phase: Ai(1)-mm-talrand-spells' First Strike Damage Step
Phase: Ai(1)-mm-talrand-spells' Combat Damage Step
Phase: Ai(1)-mm-talrand-spells' End of Combat Step
Phase: Ai(1)-mm-talrand-spells' Main phase, postcombat
Mana: Island (33) - {T}: Add {U}.
Mana: Island (35) - {T}: Add {U}.
Mana: Lonely Sandbar (98) - {T}: Add {U}.
Mana: Island (34) - {T}: Add {U}.
Add To Stack: Ai(1)-mm-talrand-spells cast Jace's Sanctum
Resolve Stack: Jace's Sanctum
Phase: Ai(1)-mm-talrand-spells' End step
Phase: Ai(1)-mm-talrand-spells' Cleanup step
Turn: Turn 17 (Ai(2)-mm-giada-angels)
Phase: Ai(2)-mm-giada-angels' Untap step
Phase: Ai(2)-mm-giada-angels' Upkeep step
Phase: Ai(2)-mm-giada-angels' Draw step
Add To Stack: Ai(3)-mm-nekusar-discard triggered Nekusar, the Mindrazer
Add To Stack: Ai(3)-mm-nekusar-discard triggered Nekusar, the Mindrazer
Resolve Stack: At the beginning of each player's draw step, that player draws an additional card. [Phase: Ai(2)-mm-giada-angels]
Add To Stack: Ai(3)-mm-nekusar-discard triggered Nekusar, the Mindrazer
Damage: Nekusar, the Mindrazer (302) deals 1 non-combat damage to Ai(2)-mm-giada-angels.
Life: Life: Ai(2)-mm-giada-angels 38 > 37
Resolve Stack: Whenever an opponent draws a card, Nekusar, the Mindrazer deals 1 damage to that player. [Player: Ai(2)-mm-giada-angels]
Damage: Nekusar, the Mindrazer (302) deals 1 non-combat damage to Ai(2)-mm-giada-angels.
Life: Life: Ai(2)-mm-giada-angels 37 > 36
Resolve Stack: Whenever an opponent draws a card, Nekusar, the Mindrazer deals 1 damage to that player. [Player: Ai(2)-mm-giada-angels]
Phase: Ai(2)-mm-giada-angels' Main phase, precombat
Phase: Ai(2)-mm-giada-angels' Beginning of Combat Step
Phase: Ai(2)-mm-giada-angels' Declare Attackers Step
Combat: Ai(2)-mm-giada-angels assigned Linvala, Keeper of Silence (122) and Giada, Font of Hope (201) to attack Ai(4)-mm-baylen-tokens.
Phase: Ai(2)-mm-giada-angels' Declare Blockers Step
Combat: Ai(4)-mm-baylen-tokens didn't block Linvala, Keeper of Silence (122).
Ai(4)-mm-baylen-tokens didn't block Giada, Font of Hope (201).
Phase: Ai(2)-mm-giada-angels' First Strike Damage Step
Phase: Ai(2)-mm-giada-angels' Combat Damage Step
Damage: Linvala, Keeper of Silence (122) deals 4 combat damage to Ai(4)-mm-baylen-tokens.
Damage: Giada, Font of Hope (201) deals 2 combat damage to Ai(4)-mm-baylen-tokens.
Life: Life: Ai(4)-mm-baylen-tokens 36 > 30
Phase: Ai(2)-mm-giada-angels' End of Combat Step
Phase: Ai(2)-mm-giada-angels' Main phase, postcombat
Mana: Plains (174) - {T}: Add {W}.
Mana: Plains (175) - {T}: Add {W}.
Mana: Plains (193) - {T}: Add {W}.
Mana: Giada, Font of Hope (201) - {T}: Add {W}. Spend this mana only to cast an Angel spell.
Add To Stack: Ai(2)-mm-giada-angels cast Angelic Field Marshal
Replacement Effect: Each other Angel you control enters with an additional +1/+1 counter on it for each Angel you already control.
Resolve Stack: Angelic Field Marshal - Creature 3 / 3
Phase: Ai(2)-mm-giada-angels' End step
Phase: Ai(2)-mm-giada-angels' Cleanup step
Discard: Ai(2)-mm-giada-angels discards Emeria Shepherd (110).
Turn: Turn 18 (Ai(3)-mm-nekusar-discard)
Phase: Ai(3)-mm-nekusar-discard's Untap step
Phase: Ai(3)-mm-nekusar-discard's Upkeep step
Phase: Ai(3)-mm-nekusar-discard's Draw step
Add To Stack: Ai(3)-mm-nekusar-discard triggered Nekusar, the Mindrazer
Resolve Stack: At the beginning of each player's draw step, that player draws an additional card. [Phase: Ai(3)-mm-nekusar-discard]
Phase: Ai(3)-mm-nekusar-discard's Main phase, precombat
Land: Ai(3)-mm-nekusar-discard played Mountain (286)
Phase: Ai(3)-mm-nekusar-discard's Beginning of Combat Step
Phase: Ai(3)-mm-nekusar-discard's Declare Attackers Step
Phase: Ai(3)-mm-nekusar-discard's Declare Blockers Step
Phase: Ai(3)-mm-nekusar-discard's First Strike Damage Step
Phase: Ai(3)-mm-nekusar-discard's Combat Damage Step
Phase: Ai(3)-mm-nekusar-discard's End of Combat Step
Phase: Ai(3)-mm-nekusar-discard's Main phase, postcombat
Mana: Mountain (289) - {T}: Add {R}.
Mana: Mountain (286) - {T}: Add {R}.
Mana: Island (239) - {T}: Add {U}.
Mana: Drowned Catacomb (280) - {T}: Add {U} or {B}.
Add To Stack: Ai(3)-mm-nekusar-discard cast Solphim, Mayhem Dominus
Resolve Stack: Solphim, Mayhem Dominus - Creature 5 / 4
Phase: Ai(3)-mm-nekusar-discard's End step
Phase: Ai(3)-mm-nekusar-discard's Cleanup step
Turn: Turn 19 (Ai(4)-mm-baylen-tokens)
Phase: Ai(4)-mm-baylen-tokens' Untap step
Phase: Ai(4)-mm-baylen-tokens' Upkeep step
Phase: Ai(4)-mm-baylen-tokens' Draw step
Add To Stack: Ai(3)-mm-nekusar-discard triggered Nekusar, the Mindrazer
Add To Stack: Ai(3)-mm-nekusar-discard triggered Nekusar, the Mindrazer
Resolve Stack: At the beginning of each player's draw step, that player draws an additional card. [Phase: Ai(4)-mm-baylen-tokens]
Add To Stack: Ai(3)-mm-nekusar-discard triggered Nekusar, the Mindrazer
Replacement Effect: If a source you control would deal noncombat damage to an opponent or a permanent an opponent controls, it deals double that damage to that player or permanent instead.
Damage: Nekusar, the Mindrazer (302) deals 2 non-combat damage to Ai(4)-mm-baylen-tokens.
Life: Life: Ai(4)-mm-baylen-tokens 30 > 28
Resolve Stack: Whenever an opponent draws a card, Nekusar, the Mindrazer deals 1 damage to that player. [Player: Ai(4)-mm-baylen-tokens]
Replacement Effect: If a source you control would deal noncombat damage to an opponent or a permanent an opponent controls, it deals double that damage to that player or permanent instead.
Damage: Nekusar, the Mindrazer (302) deals 2 non-combat damage to Ai(4)-mm-baylen-tokens.
Life: Life: Ai(4)-mm-baylen-tokens 28 > 26
Resolve Stack: Whenever an opponent draws a card, Nekusar, the Mindrazer deals 1 damage to that player. [Player: Ai(4)-mm-baylen-tokens]
Phase: Ai(4)-mm-baylen-tokens' Main phase, precombat
Land: Ai(4)-mm-baylen-tokens played Windswept Heath (398)
Life: Life: Ai(4)-mm-baylen-tokens 26 > 25
Zone Change: Windswept Heath (398) was put into Graveyard from Battlefield.
Add To Stack: Ai(4)-mm-baylen-tokens activated Windswept Heath
Replacement Effect: Canopy Vista enters tapped unless you control two or more basic lands.
Resolve Stack: Windswept Heath (398) - Ai(4)-mm-baylen-tokens searches their library for a Forest or Plains card, puts it onto the battlefield, then shuffles.
Mana: Plains (389) - {T}: Add {W}.
Mana: Mountain (387) - {T}: Add {R}.
Add To Stack: Ai(4)-mm-baylen-tokens cast Hare Apparent
Resolve Stack: Hare Apparent - Creature 2 / 2
Add To Stack: Ai(4)-mm-baylen-tokens triggered Hare Apparent
Resolve Stack: When this creature enters, create a number of 1/1 white Rabbit creature tokens equal to the number of other creatures you control named Hare Apparent. [Zone Changer: Hare Apparent (356)]
Mana: Plains (391) - {T}: Add {W}.
Mana: Sunpetal Grove (366) - {T}: Add {G} or {W}.
Add To Stack: Ai(4)-mm-baylen-tokens cast Hare Apparent
Resolve Stack: Hare Apparent - Creature 2 / 2
Add To Stack: Ai(4)-mm-baylen-tokens triggered Hare Apparent
Resolve Stack: When this creature enters, create a number of 1/1 white Rabbit creature tokens equal to the number of other creatures you control named Hare Apparent. [Zone Changer: Hare Apparent (351)]
Phase: Ai(4)-mm-baylen-tokens' Beginning of Combat Step
Phase: Ai(4)-mm-baylen-tokens' Declare Attackers Step
Combat: Ai(4)-mm-baylen-tokens assigned Baylen, the Haymaker (403) to attack Ai(2)-mm-giada-angels.
Phase: Ai(4)-mm-baylen-tokens' Declare Blockers Step
Combat: Ai(2)-mm-giada-angels didn't block Baylen, the Haymaker (403).
Phase: Ai(4)-mm-baylen-tokens' First Strike Damage Step
Phase: Ai(4)-mm-baylen-tokens' Combat Damage Step
Damage: Baylen, the Haymaker (403) deals 4 combat damage to Ai(2)-mm-giada-angels.
Life: Life: Ai(2)-mm-giada-angels 36 > 32
Phase: Ai(4)-mm-baylen-tokens' End of Combat Step
Phase: Ai(4)-mm-baylen-tokens' Main phase, postcombat
Phase: Ai(4)-mm-baylen-tokens' End step
Phase: Ai(4)-mm-baylen-tokens' Cleanup step
Turn: Turn 20 (Ai(1)-mm-talrand-spells)
Phase: Ai(1)-mm-talrand-spells' Untap step
Phase: Ai(1)-mm-talrand-spells' Upkeep step
Phase: Ai(1)-mm-talrand-spells' Draw step
Add To Stack: Ai(3)-mm-nekusar-discard triggered Nekusar, the Mindrazer
Add To Stack: Ai(3)-mm-nekusar-discard triggered Nekusar, the Mindrazer
Resolve Stack: At the beginning of each player's draw step, that player draws an additional card. [Phase: Ai(1)-mm-talrand-spells]
Add To Stack: Ai(3)-mm-nekusar-discard triggered Nekusar, the Mindrazer
Replacement Effect: If a source you control would deal noncombat damage to an opponent or a permanent an opponent controls, it deals double that damage to that player or permanent instead.
Damage: Nekusar, the Mindrazer (302) deals 2 non-combat damage to Ai(1)-mm-talrand-spells.
Life: Life: Ai(1)-mm-talrand-spells 34 > 32
Resolve Stack: Whenever an opponent draws a card, Nekusar, the Mindrazer deals 1 damage to that player. [Player: Ai(1)-mm-talrand-spells]
Replacement Effect: If a source you control would deal noncombat damage to an opponent or a permanent an opponent controls, it deals double that damage to that player or permanent instead.
Damage: Nekusar, the Mindrazer (302) deals 2 non-combat damage to Ai(1)-mm-talrand-spells.
Life: Life: Ai(1)-mm-talrand-spells 32 > 30
Resolve Stack: Whenever an opponent draws a card, Nekusar, the Mindrazer deals 1 damage to that player. [Player: Ai(1)-mm-talrand-spells]
Phase: Ai(1)-mm-talrand-spells' Main phase, precombat
Land: Ai(1)-mm-talrand-spells played Island (32)
Phase: Ai(1)-mm-talrand-spells' Beginning of Combat Step
Phase: Ai(1)-mm-talrand-spells' Declare Attackers Step
Mana: Canopy Vista (371) - {T}: Add {W}.
Mana: Cinder Glade (314) - {T}: Add {G}.
Add To Stack: Ai(4)-mm-baylen-tokens cast Secure the Wastes
Mana: Island (33) - {T}: Add {U}.
Add To Stack: Ai(1)-mm-talrand-spells cast Spell Pierce targeting [Create X 1/1 white Warrior creature tokens.]
Add To Stack: Ai(1)-mm-talrand-spells triggered Jace's Sanctum
Resolve Stack: Ai(1)-mm-talrand-spells scried 1 card(s) to the top of the library
Resolve Stack: Whenever you cast a instant or sorcery spell, scry 1. (Look at the top card of your library. You may put that card on the bottom.) [Card: Spell Pierce (78), Activator: Ai(1)-mm-talrand-spells, SpellAbility: Counter target noncreature spell unless its controller pays {2}.]
Zone Change: Send countered spell to Graveyard
Resolve Stack: Spell Pierce (78) - Counter Secure the Wastes (368) unless its controller pays {2}.
Phase: Ai(1)-mm-talrand-spells' Declare Blockers Step
Phase: Ai(1)-mm-talrand-spells' First Strike Damage Step
Phase: Ai(1)-mm-talrand-spells' Combat Damage Step
Phase: Ai(1)-mm-talrand-spells' End of Combat Step
Phase: Ai(1)-mm-talrand-spells' Main phase, postcombat
Mana: Island (35) - {T}: Add {U}.
Mana: Lonely Sandbar (98) - {T}: Add {U}.
Mana: Island (34) - {T}: Add {U}.
Mana: Island (32) - {T}: Add {U}.
Add To Stack: Ai(1)-mm-talrand-spells cast Talrand, Sky Summoner
Resolve Stack: Talrand, Sky Summoner - Creature 2 / 2
Phase: Ai(1)-mm-talrand-spells' End step
Phase: Ai(1)-mm-talrand-spells' Cleanup step
Turn: Turn 21 (Ai(2)-mm-giada-angels)
Phase: Ai(2)-mm-giada-angels' Untap step
Phase: Ai(2)-mm-giada-angels' Upkeep step
Phase: Ai(2)-mm-giada-angels' Draw step
Add To Stack: Ai(3)-mm-nekusar-discard triggered Nekusar, the Mindrazer
Add To Stack: Ai(3)-mm-nekusar-discard triggered Nekusar, the Mindrazer
Resolve Stack: At the beginning of each player's draw step, that player draws an additional card. [Phase: Ai(2)-mm-giada-angels]
Add To Stack: Ai(3)-mm-nekusar-discard triggered Nekusar, the Mindrazer
Replacement Effect: If a source you control would deal noncombat damage to an opponent or a permanent an opponent controls, it deals double that damage to that player or permanent instead.
Damage: Nekusar, the Mindrazer (302) deals 2 non-combat damage to Ai(2)-mm-giada-angels.
Life: Life: Ai(2)-mm-giada-angels 32 > 30
Resolve Stack: Whenever an opponent draws a card, Nekusar, the Mindrazer deals 1 damage to that player. [Player: Ai(2)-mm-giada-angels]
Replacement Effect: If a source you control would deal noncombat damage to an opponent or a permanent an opponent controls, it deals double that damage to that player or permanent instead.
Damage: Nekusar, the Mindrazer (302) deals 2 non-combat damage to Ai(2)-mm-giada-angels.
Life: Life: Ai(2)-mm-giada-angels 30 > 28
Resolve Stack: Whenever an opponent draws a card, Nekusar, the Mindrazer deals 1 damage to that player. [Player: Ai(2)-mm-giada-angels]
Phase: Ai(2)-mm-giada-angels' Main phase, precombat
Land: Ai(2)-mm-giada-angels played Plains (191)
Mana: Plains (174) - {T}: Add {W}.
Mana: Plains (175) - {T}: Add {W}.
Mana: Plains (193) - {T}: Add {W}.
Mana: Plains (191) - {T}: Add {W}.
Mana: Giada, Font of Hope (201) - {T}: Add {W}. Spend this mana only to cast an Angel spell.
Add To Stack: Ai(2)-mm-giada-angels cast Lyra Dawnbringer
Replacement Effect: Each other Angel you control enters with an additional +1/+1 counter on it for each Angel you already control.
Resolve Stack: Lyra Dawnbringer - Creature 5 / 5
Phase: Ai(2)-mm-giada-angels' Beginning of Combat Step
Phase: Ai(2)-mm-giada-angels' Declare Attackers Step
Combat: Ai(2)-mm-giada-angels assigned Angelic Field Marshal (107) and Linvala, Keeper of Silence (122) to attack Ai(4)-mm-baylen-tokens.
Phase: Ai(2)-mm-giada-angels' Declare Blockers Step
Combat: Ai(4)-mm-baylen-tokens didn't block Angelic Field Marshal (107).
Ai(4)-mm-baylen-tokens didn't block Linvala, Keeper of Silence (122).
Phase: Ai(2)-mm-giada-angels' First Strike Damage Step
Phase: Ai(2)-mm-giada-angels' Combat Damage Step
Damage: Angelic Field Marshal (107) deals 8 combat damage to Ai(4)-mm-baylen-tokens.
Life: Life: Ai(2)-mm-giada-angels 28 > 36
Damage: Linvala, Keeper of Silence (122) deals 5 combat damage to Ai(4)-mm-baylen-tokens.
Life: Life: Ai(2)-mm-giada-angels 36 > 41
Life: Life: Ai(4)-mm-baylen-tokens 25 > 12
Phase: Ai(2)-mm-giada-angels' End of Combat Step
Phase: Ai(2)-mm-giada-angels' Main phase, postcombat
Phase: Ai(2)-mm-giada-angels' End step
Phase: Ai(2)-mm-giada-angels' Cleanup step
Turn: Turn 22 (Ai(3)-mm-nekusar-discard)
Phase: Ai(3)-mm-nekusar-discard's Untap step
Phase: Ai(3)-mm-nekusar-discard's Upkeep step
Phase: Ai(3)-mm-nekusar-discard's Draw step
Add To Stack: Ai(3)-mm-nekusar-discard triggered Nekusar, the Mindrazer
Resolve Stack: At the beginning of each player's draw step, that player draws an additional card. [Phase: Ai(3)-mm-nekusar-discard]
Phase: Ai(3)-mm-nekusar-discard's Main phase, precombat
Land: Ai(3)-mm-nekusar-discard played Swamp (262)
Phase: Ai(3)-mm-nekusar-discard's Beginning of Combat Step
Phase: Ai(3)-mm-nekusar-discard's Declare Attackers Step
Phase: Ai(3)-mm-nekusar-discard's Declare Blockers Step
Phase: Ai(3)-mm-nekusar-discard's First Strike Damage Step
Phase: Ai(3)-mm-nekusar-discard's Combat Damage Step
Phase: Ai(3)-mm-nekusar-discard's End of Combat Step
Phase: Ai(3)-mm-nekusar-discard's Main phase, postcombat
Mana: Swamp (262) - {T}: Add {B}.
Mana: Drowned Catacomb (280) - {T}: Add {U} or {B}.
Mana: Island (239) - {T}: Add {U}.
Mana: Mountain (289) - {T}: Add {R}.
Mana: Mountain (286) - {T}: Add {R}.
Add To Stack: Ai(3)-mm-nekusar-discard cast Seizan, Perverter of Truth
Resolve Stack: Seizan, Perverter of Truth - Creature 6 / 5
Phase: Ai(3)-mm-nekusar-discard's End step
Phase: Ai(3)-mm-nekusar-discard's Cleanup step
Turn: Turn 23 (Ai(4)-mm-baylen-tokens)
Phase: Ai(4)-mm-baylen-tokens' Untap step
Phase: Ai(4)-mm-baylen-tokens' Upkeep step
Add To Stack: Ai(3)-mm-nekusar-discard triggered Seizan, Perverter of Truth
Life: Life: Ai(4)-mm-baylen-tokens 12 > 10
Resolve Stack: At the beginning of each player's upkeep, that player loses 2 life and draws two cards. [Phase: Ai(4)-mm-baylen-tokens]
Add To Stack: Ai(3)-mm-nekusar-discard triggered Nekusar, the Mindrazer
Add To Stack: Ai(3)-mm-nekusar-discard triggered Nekusar, the Mindrazer
Replacement Effect: If a source you control would deal noncombat damage to an opponent or a permanent an opponent controls, it deals double that damage to that player or permanent instead.
Damage: Nekusar, the Mindrazer (302) deals 2 non-combat damage to Ai(4)-mm-baylen-tokens.
Life: Life: Ai(4)-mm-baylen-tokens 10 > 8
Resolve Stack: Whenever an opponent draws a card, Nekusar, the Mindrazer deals 1 damage to that player. [Player: Ai(4)-mm-baylen-tokens]
Replacement Effect: If a source you control would deal noncombat damage to an opponent or a permanent an opponent controls, it deals double that damage to that player or permanent instead.
Damage: Nekusar, the Mindrazer (302) deals 2 non-combat damage to Ai(4)-mm-baylen-tokens.
Life: Life: Ai(4)-mm-baylen-tokens 8 > 6
Resolve Stack: Whenever an opponent draws a card, Nekusar, the Mindrazer deals 1 damage to that player. [Player: Ai(4)-mm-baylen-tokens]
Phase: Ai(4)-mm-baylen-tokens' Draw step
Add To Stack: Ai(3)-mm-nekusar-discard triggered Nekusar, the Mindrazer
Add To Stack: Ai(3)-mm-nekusar-discard triggered Nekusar, the Mindrazer
Resolve Stack: At the beginning of each player's draw step, that player draws an additional card. [Phase: Ai(4)-mm-baylen-tokens]
Add To Stack: Ai(3)-mm-nekusar-discard triggered Nekusar, the Mindrazer
Replacement Effect: If a source you control would deal noncombat damage to an opponent or a permanent an opponent controls, it deals double that damage to that player or permanent instead.
Damage: Nekusar, the Mindrazer (302) deals 2 non-combat damage to Ai(4)-mm-baylen-tokens.
Life: Life: Ai(4)-mm-baylen-tokens 6 > 4
Resolve Stack: Whenever an opponent draws a card, Nekusar, the Mindrazer deals 1 damage to that player. [Player: Ai(4)-mm-baylen-tokens]
Replacement Effect: If a source you control would deal noncombat damage to an opponent or a permanent an opponent controls, it deals double that damage to that player or permanent instead.
Damage: Nekusar, the Mindrazer (302) deals 2 non-combat damage to Ai(4)-mm-baylen-tokens.
Life: Life: Ai(4)-mm-baylen-tokens 4 > 2
Resolve Stack: Whenever an opponent draws a card, Nekusar, the Mindrazer deals 1 damage to that player. [Player: Ai(4)-mm-baylen-tokens]
Phase: Ai(4)-mm-baylen-tokens' Main phase, precombat
Land: Ai(4)-mm-baylen-tokens played Forest (326)
Phase: Ai(4)-mm-baylen-tokens' Beginning of Combat Step
Phase: Ai(4)-mm-baylen-tokens' Declare Attackers Step
Phase: Ai(4)-mm-baylen-tokens' Declare Blockers Step
Phase: Ai(4)-mm-baylen-tokens' First Strike Damage Step
Phase: Ai(4)-mm-baylen-tokens' Combat Damage Step
Phase: Ai(4)-mm-baylen-tokens' End of Combat Step
Phase: Ai(4)-mm-baylen-tokens' Main phase, postcombat
Mana: Forest (326) - {T}: Add {G}.
Mana: Mountain (387) - {T}: Add {R}.
Mana: Plains (389) - {T}: Add {W}.
Add To Stack: Ai(4)-mm-baylen-tokens cast Peregrin Took
Resolve Stack: Peregrin Took - Creature 2 / 3
Phase: Ai(4)-mm-baylen-tokens' End step
Phase: Ai(4)-mm-baylen-tokens' Cleanup step
Turn: Turn 24 (Ai(1)-mm-talrand-spells)
Phase: Ai(1)-mm-talrand-spells' Untap step
Phase: Ai(1)-mm-talrand-spells' Upkeep step
Add To Stack: Ai(3)-mm-nekusar-discard triggered Seizan, Perverter of Truth
Mana: Island (33) - {T}: Add {U}.
Add To Stack: Ai(1)-mm-talrand-spells cast Pongify targeting [Seizan, Perverter of Truth (220)]
Add To Stack: Ai(1)-mm-talrand-spells triggered Jace's Sanctum
Add To Stack: Ai(1)-mm-talrand-spells triggered Talrand, Sky Summoner
Resolve Stack: Whenever you cast an instant or sorcery spell, create a 2/2 blue Drake creature token with flying. [Card: Pongify (97), Activator: Ai(1)-mm-talrand-spells, SpellAbility: Destroy target creature. It can't be regenerated. Its controller creates a 3/3 green Ape creature token. ]
Resolve Stack: Ai(1)-mm-talrand-spells scried 1 card(s) to the top of the library
Resolve Stack: Whenever you cast a instant or sorcery spell, scry 1. (Look at the top card of your library. You may put that card on the bottom.) [Card: Pongify (97), Activator: Ai(1)-mm-talrand-spells, SpellAbility: Destroy target creature. It can't be regenerated. Its controller creates a 3/3 green Ape creature token. ]
Zone Change: Seizan, Perverter of Truth (220) was put into Graveyard from Battlefield.
Resolve Stack: Pongify (97) - Destroy Seizan, Perverter of Truth (220). It can't be regenerated. 
Life: Life: Ai(1)-mm-talrand-spells 30 > 28
Resolve Stack: At the beginning of each player's upkeep, that player loses 2 life and draws two cards. [Phase: Ai(1)-mm-talrand-spells]
Add To Stack: Ai(3)-mm-nekusar-discard triggered Nekusar, the Mindrazer
Add To Stack: Ai(3)-mm-nekusar-discard triggered Nekusar, the Mindrazer
Replacement Effect: If a source you control would deal noncombat damage to an opponent or a permanent an opponent controls, it deals double that damage to that player or permanent instead.
Damage: Nekusar, the Mindrazer (302) deals 2 non-combat damage to Ai(1)-mm-talrand-spells.
Life: Life: Ai(1)-mm-talrand-spells 28 > 26
Resolve Stack: Whenever an opponent draws a card, Nekusar, the Mindrazer deals 1 damage to that player. [Player: Ai(1)-mm-talrand-spells]
Replacement Effect: If a source you control would deal noncombat damage to an opponent or a permanent an opponent controls, it deals double that damage to that player or permanent instead.
Damage: Nekusar, the Mindrazer (302) deals 2 non-combat damage to Ai(1)-mm-talrand-spells.
Life: Life: Ai(1)-mm-talrand-spells 26 > 24
Resolve Stack: Whenever an opponent draws a card, Nekusar, the Mindrazer deals 1 damage to that player. [Player: Ai(1)-mm-talrand-spells]
Phase: Ai(1)-mm-talrand-spells' Draw step
Add To Stack: Ai(3)-mm-nekusar-discard triggered Nekusar, the Mindrazer
Add To Stack: Ai(3)-mm-nekusar-discard triggered Nekusar, the Mindrazer
Resolve Stack: At the beginning of each player's draw step, that player draws an additional card. [Phase: Ai(1)-mm-talrand-spells]
Add To Stack: Ai(3)-mm-nekusar-discard triggered Nekusar, the Mindrazer
Replacement Effect: If a source you control would deal noncombat damage to an opponent or a permanent an opponent controls, it deals double that damage to that player or permanent instead.
Damage: Nekusar, the Mindrazer (302) deals 2 non-combat damage to Ai(1)-mm-talrand-spells.
Life: Life: Ai(1)-mm-talrand-spells 24 > 22
Resolve Stack: Whenever an opponent draws a card, Nekusar, the Mindrazer deals 1 damage to that player. [Player: Ai(1)-mm-talrand-spells]
Replacement Effect: If a source you control would deal noncombat damage to an opponent or a permanent an opponent controls, it deals double that damage to that player or permanent instead.
Damage: Nekusar, the Mindrazer (302) deals 2 non-combat damage to Ai(1)-mm-talrand-spells.
Life: Life: Ai(1)-mm-talrand-spells 22 > 20
Resolve Stack: Whenever an opponent draws a card, Nekusar, the Mindrazer deals 1 damage to that player. [Player: Ai(1)-mm-talrand-spells]
Phase: Ai(1)-mm-talrand-spells' Main phase, precombat
Land: Ai(1)-mm-talrand-spells played Island (27)
Phase: Ai(1)-mm-talrand-spells' Beginning of Combat Step
Phase: Ai(1)-mm-talrand-spells' Declare Attackers Step
Mana: Plains (391) - {T}: Add {W}.
Mana: Sunpetal Grove (366) - {T}: Add {G} or {W}.
Mana: Cinder Glade (314) - {T}: Add {G}.
Mana: Canopy Vista (371) - {T}: Add {G}.
Add To Stack: Ai(4)-mm-baylen-tokens cast March of the Multitudes
Mana: Island (35) - {T}: Add {U}.
Mana: Lonely Sandbar (98) - {T}: Add {U}.
Add To Stack: Ai(1)-mm-talrand-spells cast Wizard's Retort targeting [Create X 1/1 white Soldier creature tokens with lifelink.]
Add To Stack: Ai(1)-mm-talrand-spells triggered Jace's Sanctum
Add To Stack: Ai(1)-mm-talrand-spells triggered Talrand, Sky Summoner
Resolve Stack: Whenever you cast an instant or sorcery spell, create a 2/2 blue Drake creature token with flying. [Card: Wizard's Retort (88), Activator: Ai(1)-mm-talrand-spells, SpellAbility: Counter target spell.]
Resolve Stack: Ai(1)-mm-talrand-spells scried 1 card(s) to the top of the library
Resolve Stack: Whenever you cast a instant or sorcery spell, scry 1. (Look at the top card of your library. You may put that card on the bottom.) [Card: Wizard's Retort (88), Activator: Ai(1)-mm-talrand-spells, SpellAbility: Counter target spell.]
Zone Change: Send countered spell to Graveyard
Resolve Stack: Wizard's Retort (88) - Counter March of the Multitudes (365).
Phase: Ai(1)-mm-talrand-spells' Declare Blockers Step
Phase: Ai(1)-mm-talrand-spells' First Strike Damage Step
Phase: Ai(1)-mm-talrand-spells' Combat Damage Step
Phase: Ai(1)-mm-talrand-spells' End of Combat Step
Phase: Ai(1)-mm-talrand-spells' Main phase, postcombat
Mana: Island (34) - {T}: Add {U}.
Mana: Island (32) - {T}: Add {U}.
Mana: Island (27) - {T}: Add {U}.
Add To Stack: Ai(1)-mm-talrand-spells cast Mocking Sprite
Resolve Stack: Mocking Sprite - Creature 2 / 1
Phase: Ai(1)-mm-talrand-spells' End step
Phase: Ai(1)-mm-talrand-spells' Cleanup step
Turn: Turn 25 (Ai(2)-mm-giada-angels)
Phase: Ai(2)-mm-giada-angels' Untap step
Phase: Ai(2)-mm-giada-angels' Upkeep step
Phase: Ai(2)-mm-giada-angels' Draw step
Add To Stack: Ai(3)-mm-nekusar-discard triggered Nekusar, the Mindrazer
Add To Stack: Ai(3)-mm-nekusar-discard triggered Nekusar, the Mindrazer
Mana: Plains (174) - {T}: Add {W}.
Add To Stack: Ai(2)-mm-giada-angels cast Swords to Plowshares targeting [Baylen, the Haymaker (403)]
Zone Change: Baylen, the Haymaker (403) was put into Exile from Battlefield.
Life: Life: Ai(4)-mm-baylen-tokens 2 > 6
Resolve Stack: Swords to Plowshares (146) - Exile Baylen, the Haymaker (403). Ai(4)-mm-baylen-tokens gains life equal to its power.
Resolve Stack: At the beginning of each player's draw step, that player draws an additional card. [Phase: Ai(2)-mm-giada-angels]
Add To Stack: Ai(3)-mm-nekusar-discard triggered Nekusar, the Mindrazer
Replacement Effect: If a source you control would deal noncombat damage to an opponent or a permanent an opponent controls, it deals double that damage to that player or permanent instead.
Damage: Nekusar, the Mindrazer (302) deals 2 non-combat damage to Ai(2)-mm-giada-angels.
Life: Life: Ai(2)-mm-giada-angels 41 > 39
Resolve Stack: Whenever an opponent draws a card, Nekusar, the Mindrazer deals 1 damage to that player. [Player: Ai(2)-mm-giada-angels]
Replacement Effect: If a source you control would deal noncombat damage to an opponent or a permanent an opponent controls, it deals double that damage to that player or permanent instead.
Damage: Nekusar, the Mindrazer (302) deals 2 non-combat damage to Ai(2)-mm-giada-angels.
Life: Life: Ai(2)-mm-giada-angels 39 > 37
Resolve Stack: Whenever an opponent draws a card, Nekusar, the Mindrazer deals 1 damage to that player. [Player: Ai(2)-mm-giada-angels]
Phase: Ai(2)-mm-giada-angels' Main phase, precombat
Land: Ai(2)-mm-giada-angels played Plains (190)
Phase: Ai(2)-mm-giada-angels' Beginning of Combat Step
Phase: Ai(2)-mm-giada-angels' Declare Attackers Step
Combat: Ai(2)-mm-giada-angels assigned Angelic Field Marshal (107), Lyra Dawnbringer (159), Linvala, Keeper of Silence (122) and Giada, Font of Hope (201) to attack Ai(4)-mm-baylen-tokens.
Phase: Ai(2)-mm-giada-angels' Declare Blockers Step
Combat: Ai(4)-mm-baylen-tokens didn't block Angelic Field Marshal (107).
Ai(4)-mm-baylen-tokens didn't block Lyra Dawnbringer (159).
Ai(4)-mm-baylen-tokens didn't block Linvala, Keeper of Silence (122).
Ai(4)-mm-baylen-tokens didn't block Giada, Font of Hope (201).
Phase: Ai(2)-mm-giada-angels' First Strike Damage Step
Damage: Lyra Dawnbringer (159) deals 8 combat damage to Ai(4)-mm-baylen-tokens.
Life: Life: Ai(2)-mm-giada-angels 37 > 45
Life: Life: Ai(4)-mm-baylen-tokens 6 > -2
Phase: Ai(2)-mm-giada-angels' Combat Damage Step
Phase: Ai(2)-mm-giada-angels' End of Combat Step
Phase: Ai(2)-mm-giada-angels' Main phase, postcombat
Mana: Plains (175) - {T}: Add {W}.
Mana: Plains (193) - {T}: Add {W}.
Mana: Plains (191) - {T}: Add {W}.
Mana: Plains (190) - {T}: Add {W}.
Add To Stack: Ai(2)-mm-giada-angels cast Serra the Benevolent
Replacement Effect: Serra the Benevolent enters with four loyalty counters on it.
Resolve Stack: Serra the Benevolent
Add To Stack: Ai(2)-mm-giada-angels activated Serra the Benevolent
Replacement Effect: Each other Angel you control enters with an additional +1/+1 counter on it for each Angel you already control.
Resolve Stack: Serra the Benevolent (130) - Ai(2)-mm-giada-angels creates a 4/4 white Angel creature token with flying and vigilance.
Phase: Ai(2)-mm-giada-angels' End step
Phase: Ai(2)-mm-giada-angels' Cleanup step
Turn: Turn 26 (Ai(3)-mm-nekusar-discard)
Phase: Ai(3)-mm-nekusar-discard's Untap step
Phase: Ai(3)-mm-nekusar-discard's Upkeep step
Phase: Ai(3)-mm-nekusar-discard's Draw step
Add To Stack: Ai(3)-mm-nekusar-discard triggered Nekusar, the Mindrazer
Resolve Stack: At the beginning of each player's draw step, that player draws an additional card. [Phase: Ai(3)-mm-nekusar-discard]
Phase: Ai(3)-mm-nekusar-discard's Main phase, precombat
Land: Ai(3)-mm-nekusar-discard played Mountain (288)
Phase: Ai(3)-mm-nekusar-discard's Beginning of Combat Step
Phase: Ai(3)-mm-nekusar-discard's Declare Attackers Step
Phase: Ai(3)-mm-nekusar-discard's Declare Blockers Step
Phase: Ai(3)-mm-nekusar-discard's First Strike Damage Step
Phase: Ai(3)-mm-nekusar-discard's Combat Damage Step
Phase: Ai(3)-mm-nekusar-discard's End of Combat Step
Phase: Ai(3)-mm-nekusar-discard's Main phase, postcombat
Mana: Mountain (289) - {T}: Add {R}.
Mana: Mountain (286) - {T}: Add {R}.
Mana: Mountain (288) - {T}: Add {R}.
Mana: Swamp (262) - {T}: Add {B}.
Add To Stack: Ai(3)-mm-nekusar-discard cast Font of Mythos
Resolve Stack: Font of Mythos
Mana: Blood Crypt (217) - {T}: Add {R}.
Mana: Island (239) - {T}: Add {U}.
Mana: Drowned Catacomb (280) - {T}: Add {U} or {B}.
Add To Stack: Ai(3)-mm-nekusar-discard cast Fevered Visions
Resolve Stack: Fevered Visions
Phase: Ai(3)-mm-nekusar-discard's End step
Add To Stack: Ai(3)-mm-nekusar-discard triggered Fevered Visions
Resolve Stack: At the beginning of each player's end step, that player draws a card. If the player is your opponent and has four or more cards in hand, Fevered Visions deals 2 damage to that player. [Phase: Ai(3)-mm-nekusar-discard]
Phase: Ai(3)-mm-nekusar-discard's Cleanup step
Turn: Turn 27 (Ai(1)-mm-talrand-spells)
Phase: Ai(1)-mm-talrand-spells' Untap step
Phase: Ai(1)-mm-talrand-spells' Upkeep step
Phase: Ai(1)-mm-talrand-spells' Draw step
Add To Stack: Ai(3)-mm-nekusar-discard triggered Nekusar, the Mindrazer
Add To Stack: Ai(3)-mm-nekusar-discard triggered Nekusar, the Mindrazer
Add To Stack: Ai(3)-mm-nekusar-discard triggered Font of Mythos
Resolve Stack: At the beginning of each player's draw step, that player draws two additional cards. [Phase: Ai(1)-mm-talrand-spells]
Add To Stack: Ai(3)-mm-nekusar-discard triggered Nekusar, the Mindrazer
Add To Stack: Ai(3)-mm-nekusar-discard triggered Nekusar, the Mindrazer
Replacement Effect: If a source you control would deal noncombat damage to an opponent or a permanent an opponent controls, it deals double that damage to that player or permanent instead.
Damage: Nekusar, the Mindrazer (302) deals 2 non-combat damage to Ai(1)-mm-talrand-spells.
Life: Life: Ai(1)-mm-talrand-spells 20 > 18
Resolve Stack: Whenever an opponent draws a card, Nekusar, the Mindrazer deals 1 damage to that player. [Player: Ai(1)-mm-talrand-spells]
Replacement Effect: If a source you control would deal noncombat damage to an opponent or a permanent an opponent controls, it deals double that damage to that player or permanent instead.
Damage: Nekusar, the Mindrazer (302) deals 2 non-combat damage to Ai(1)-mm-talrand-spells.
Life: Life: Ai(1)-mm-talrand-spells 18 > 16
Resolve Stack: Whenever an opponent draws a card, Nekusar, the Mindrazer deals 1 damage to that player. [Player: Ai(1)-mm-talrand-spells]
Resolve Stack: At the beginning of each player's draw step, that player draws an additional card. [Phase: Ai(1)-mm-talrand-spells]
Add To Stack: Ai(3)-mm-nekusar-discard triggered Nekusar, the Mindrazer
Replacement Effect: If a source you control would deal noncombat damage to an opponent or a permanent an opponent controls, it deals double that damage to that player or permanent instead.
Damage: Nekusar, the Mindrazer (302) deals 2 non-combat damage to Ai(1)-mm-talrand-spells.
Life: Life: Ai(1)-mm-talrand-spells 16 > 14
Resolve Stack: Whenever an opponent draws a card, Nekusar, the Mindrazer deals 1 damage to that player. [Player: Ai(1)-mm-talrand-spells]
Replacement Effect: If a source you control would deal noncombat damage to an opponent or a permanent an opponent controls, it deals double that damage to that player or permanent instead.
Damage: Nekusar, the Mindrazer (302) deals 2 non-combat damage to Ai(1)-mm-talrand-spells.
Life: Life: Ai(1)-mm-talrand-spells 14 > 12
Resolve Stack: Whenever an opponent draws a card, Nekusar, the Mindrazer deals 1 damage to that player. [Player: Ai(1)-mm-talrand-spells]
Phase: Ai(1)-mm-talrand-spells' Main phase, precombat
Land: Ai(1)-mm-talrand-spells played Island (52)
Phase: Ai(1)-mm-talrand-spells' Beginning of Combat Step
Phase: Ai(1)-mm-talrand-spells' Declare Attackers Step
Phase: Ai(1)-mm-talrand-spells' Declare Blockers Step
Phase: Ai(1)-mm-talrand-spells' First Strike Damage Step
Phase: Ai(1)-mm-talrand-spells' Combat Damage Step
Phase: Ai(1)-mm-talrand-spells' End of Combat Step
Phase: Ai(1)-mm-talrand-spells' Main phase, postcombat
Mana: Island (33) - {T}: Add {U}.
Mana: Island (35) - {T}: Add {U}.
Add To Stack: Ai(1)-mm-talrand-spells cast Mind Stone
Resolve Stack: Mind Stone
Phase: Ai(1)-mm-talrand-spells' End step
Add To Stack: Ai(3)-mm-nekusar-discard triggered Fevered Visions
Replacement Effect: If a source you control would deal noncombat damage to an opponent or a permanent an opponent controls, it deals double that damage to that player or permanent instead.
Damage: Fevered Visions (300) deals 4 non-combat damage to Ai(1)-mm-talrand-spells.
Life: Life: Ai(1)-mm-talrand-spells 12 > 8
Resolve Stack: At the beginning of each player's end step, that player draws a card. If the player is your opponent and has four or more cards in hand, Fevered Visions deals 2 damage to that player. [Phase: Ai(1)-mm-talrand-spells]
Add To Stack: Ai(3)-mm-nekusar-discard triggered Nekusar, the Mindrazer
Replacement Effect: If a source you control would deal noncombat damage to an opponent or a permanent an opponent controls, it deals double that damage to that player or permanent instead.
Damage: Nekusar, the Mindrazer (302) deals 2 non-combat damage to Ai(1)-mm-talrand-spells.
Life: Life: Ai(1)-mm-talrand-spells 8 > 6
Resolve Stack: Whenever an opponent draws a card, Nekusar, the Mindrazer deals 1 damage to that player. [Player: Ai(1)-mm-talrand-spells]
Phase: Ai(1)-mm-talrand-spells' Cleanup step
Discard: Ai(1)-mm-talrand-spells discards Island (49).
Discard: Ai(1)-mm-talrand-spells discards Island (54).
Discard: Ai(1)-mm-talrand-spells discards Island (38).
Turn: Turn 28 (Ai(2)-mm-giada-angels)
Phase: Ai(2)-mm-giada-angels' Untap step
Phase: Ai(2)-mm-giada-angels' Upkeep step
Phase: Ai(2)-mm-giada-angels' Draw step
Add To Stack: Ai(3)-mm-nekusar-discard triggered Nekusar, the Mindrazer
Add To Stack: Ai(3)-mm-nekusar-discard triggered Nekusar, the Mindrazer
Add To Stack: Ai(3)-mm-nekusar-discard triggered Font of Mythos
Resolve Stack: At the beginning of each player's draw step, that player draws two additional cards. [Phase: Ai(2)-mm-giada-angels]
Add To Stack: Ai(3)-mm-nekusar-discard triggered Nekusar, the Mindrazer
Add To Stack: Ai(3)-mm-nekusar-discard triggered Nekusar, the Mindrazer
Replacement Effect: If a source you control would deal noncombat damage to an opponent or a permanent an opponent controls, it deals double that damage to that player or permanent instead.
Damage: Nekusar, the Mindrazer (302) deals 2 non-combat damage to Ai(2)-mm-giada-angels.
Life: Life: Ai(2)-mm-giada-angels 45 > 43
Resolve Stack: Whenever an opponent draws a card, Nekusar, the Mindrazer deals 1 damage to that player. [Player: Ai(2)-mm-giada-angels]
Replacement Effect: If a source you control would deal noncombat damage to an opponent or a permanent an opponent controls, it deals double that damage to that player or permanent instead.
Damage: Nekusar, the Mindrazer (302) deals 2 non-combat damage to Ai(2)-mm-giada-angels.
Life: Life: Ai(2)-mm-giada-angels 43 > 41
Resolve Stack: Whenever an opponent draws a card, Nekusar, the Mindrazer deals 1 damage to that player. [Player: Ai(2)-mm-giada-angels]
Resolve Stack: At the beginning of each player's draw step, that player draws an additional card. [Phase: Ai(2)-mm-giada-angels]
Add To Stack: Ai(3)-mm-nekusar-discard triggered Nekusar, the Mindrazer
Replacement Effect: If a source you control would deal noncombat damage to an opponent or a permanent an opponent controls, it deals double that damage to that player or permanent instead.
Damage: Nekusar, the Mindrazer (302) deals 2 non-combat damage to Ai(2)-mm-giada-angels.
Life: Life: Ai(2)-mm-giada-angels 41 > 39
Resolve Stack: Whenever an opponent draws a card, Nekusar, the Mindrazer deals 1 damage to that player. [Player: Ai(2)-mm-giada-angels]
Replacement Effect: If a source you control would deal noncombat damage to an opponent or a permanent an opponent controls, it deals double that damage to that player or permanent instead.
Damage: Nekusar, the Mindrazer (302) deals 2 non-combat damage to Ai(2)-mm-giada-angels.
Life: Life: Ai(2)-mm-giada-angels 39 > 37
Resolve Stack: Whenever an opponent draws a card, Nekusar, the Mindrazer deals 1 damage to that player. [Player: Ai(2)-mm-giada-angels]
Phase: Ai(2)-mm-giada-angels' Main phase, precombat
Land: Ai(2)-mm-giada-angels played Plains (177)
Add To Stack: Ai(2)-mm-giada-angels activated Serra the Benevolent
Resolve Stack: Serra the Benevolent (130) - Creatures you control with flying get +1/+1 until end of turn.
Mana: Plains (174) - {T}: Add {W}.
Mana: Plains (175) - {T}: Add {W}.
Mana: Plains (193) - {T}: Add {W}.
Mana: Plains (191) - {T}: Add {W}.
Mana: Plains (190) - {T}: Add {W}.
Add To Stack: Ai(2)-mm-giada-angels cast Cleansing Nova
Mana: Lonely Sandbar (98) - {T}: Add {U}.
Mana: Island (34) - {T}: Add {U}.
Add To Stack: Ai(1)-mm-talrand-spells cast Rewind targeting [Choose one —
• Destroy all creatures.
• Destroy all artifacts and enchantments.

 Destroy all artifacts and enchantments.]
Add To Stack: Ai(1)-mm-talrand-spells triggered Jace's Sanctum
Add To Stack: Ai(1)-mm-talrand-spells triggered Talrand, Sky Summoner
Resolve Stack: Whenever you cast an instant or sorcery spell, create a 2/2 blue Drake creature token with flying. [Card: Rewind (94), Activator: Ai(1)-mm-talrand-spells, SpellAbility: Counter target spell. Untap up to four lands. ]
Resolve Stack: Ai(1)-mm-talrand-spells scried 1 card(s) to the bottom of the library
Resolve Stack: Whenever you cast a instant or sorcery spell, scry 1. (Look at the top card of your library. You may put that card on the bottom.) [Card: Rewind (94), Activator: Ai(1)-mm-talrand-spells, SpellAbility: Counter target spell. Untap up to four lands. ]
Zone Change: Send countered spell to Graveyard
Resolve Stack: Rewind (94) - Counter Cleansing Nova (150). Untap up to 4 Lands.
Phase: Ai(2)-mm-giada-angels' Beginning of Combat Step
Phase: Ai(2)-mm-giada-angels' Declare Attackers Step
Combat: Ai(2)-mm-giada-angels assigned Angel Token (1362), Angelic Field Marshal (107), Lyra Dawnbringer (159), Linvala, Keeper of Silence (122) and Giada, Font of Hope (201) to attack Ai(1)-mm-talrand-spells.
Phase: Ai(2)-mm-giada-angels' Declare Blockers Step
Combat: Ai(1)-mm-talrand-spells assigned Drake Token (1249) to block Angel Token (1362).
Ai(1)-mm-talrand-spells assigned Drake Token (1303) to block Angelic Field Marshal (107).
Ai(1)-mm-talrand-spells assigned Drake Token (1445) to block Lyra Dawnbringer (159).
Ai(1)-mm-talrand-spells assigned Mocking Sprite (87) to block Linvala, Keeper of Silence (122).
Ai(1)-mm-talrand-spells didn't block Giada, Font of Hope (201).
Phase: Ai(2)-mm-giada-angels' First Strike Damage Step
Damage: Lyra Dawnbringer (159) deals 9 damage to Drake Token (1445).
Life: Life: Ai(2)-mm-giada-angels 37 > 46
Zone Change: Drake Token (1445) was put into Graveyard from Battlefield.
Mana: Island (33) - {T}: Add {U}.
Mana: Island (35) - {T}: Add {U}.
Add To Stack: Ai(1)-mm-talrand-spells cast Aetherize
Add To Stack: Ai(1)-mm-talrand-spells triggered Jace's Sanctum
Add To Stack: Ai(1)-mm-talrand-spells triggered Talrand, Sky Summoner
Resolve Stack: Whenever you cast an instant or sorcery spell, create a 2/2 blue Drake creature token with flying. [Card: Aetherize (1), Activator: Ai(1)-mm-talrand-spells, SpellAbility: Return all attacking creatures to their owner's hand.]
Resolve Stack: Ai(1)-mm-talrand-spells scried 1 card(s) to the top of the library
Resolve Stack: Whenever you cast a instant or sorcery spell, scry 1. (Look at the top card of your library. You may put that card on the bottom.) [Card: Aetherize (1), Activator: Ai(1)-mm-talrand-spells, SpellAbility: Return all attacking creatures to their owner's hand.]
Resolve Stack: Aetherize (1) - Return all attacking creatures to their owner's hand.
Phase: Ai(2)-mm-giada-angels' Combat Damage Step
Phase: Ai(2)-mm-giada-angels' End of Combat Step
Phase: Ai(2)-mm-giada-angels' Main phase, postcombat
Mana: Plains (177) - {T}: Add {W}.
Add To Stack: Ai(2)-mm-giada-angels cast Land Tax
Resolve Stack: Land Tax
Phase: Ai(2)-mm-giada-angels' End step
Add To Stack: Ai(3)-mm-nekusar-discard triggered Fevered Visions
Replacement Effect: If a source you control would deal noncombat damage to an opponent or a permanent an opponent controls, it deals double that damage to that player or permanent instead.
Damage: Fevered Visions (300) deals 4 non-combat damage to Ai(2)-mm-giada-angels.
Life: Life: Ai(2)-mm-giada-angels 46 > 42
Resolve Stack: At the beginning of each player's end step, that player draws a card. If the player is your opponent and has four or more cards in hand, Fevered Visions deals 2 damage to that player. [Phase: Ai(2)-mm-giada-angels]
Add To Stack: Ai(3)-mm-nekusar-discard triggered Nekusar, the Mindrazer
Replacement Effect: If a source you control would deal noncombat damage to an opponent or a permanent an opponent controls, it deals double that damage to that player or permanent instead.
Damage: Nekusar, the Mindrazer (302) deals 2 non-combat damage to Ai(2)-mm-giada-angels.
Life: Life: Ai(2)-mm-giada-angels 42 > 40
Resolve Stack: Whenever an opponent draws a card, Nekusar, the Mindrazer deals 1 damage to that player. [Player: Ai(2)-mm-giada-angels]
Phase: Ai(2)-mm-giada-angels' Cleanup step
Discard: Ai(2)-mm-giada-angels discards Plains (188).
Discard: Ai(2)-mm-giada-angels discards Sword of the Animist (104).
Discard: Ai(2)-mm-giada-angels discards Luminarch Ascension (158).
Discard: Ai(2)-mm-giada-angels discards Oketra's Monument (167).
Discard: Ai(2)-mm-giada-angels discards Smothering Tithe (115).
Turn: Turn 29 (Ai(3)-mm-nekusar-discard)
Phase: Ai(3)-mm-nekusar-discard's Untap step
Phase: Ai(3)-mm-nekusar-discard's Upkeep step
Phase: Ai(3)-mm-nekusar-discard's Draw step
Add To Stack: Ai(3)-mm-nekusar-discard triggered Nekusar, the Mindrazer
Add To Stack: Ai(3)-mm-nekusar-discard triggered Font of Mythos
Resolve Stack: At the beginning of each player's draw step, that player draws two additional cards. [Phase: Ai(3)-mm-nekusar-discard]
Resolve Stack: At the beginning of each player's draw step, that player draws an additional card. [Phase: Ai(3)-mm-nekusar-discard]
Phase: Ai(3)-mm-nekusar-discard's Main phase, precombat
Replacement Effect: Dragonskull Summit enters tapped unless you control a Swamp or a Mountain.
Land: Ai(3)-mm-nekusar-discard played Dragonskull Summit (254)
Phase: Ai(3)-mm-nekusar-discard's Beginning of Combat Step
Phase: Ai(3)-mm-nekusar-discard's Declare Attackers Step
Combat: Ai(3)-mm-nekusar-discard assigned Ape Token (1255) and Nekusar, the Mindrazer (302) to attack Ai(2)-mm-giada-angels.
Ai(3)-mm-nekusar-discard assigned Solphim, Mayhem Dominus (213) to attack Serra the Benevolent (130).
Phase: Ai(3)-mm-nekusar-discard's Declare Blockers Step
Combat: Ai(2)-mm-giada-angels didn't block Ape Token (1255).
Ai(2)-mm-giada-angels didn't block Nekusar, the Mindrazer (302).
Ai(2)-mm-giada-angels didn't block Solphim, Mayhem Dominus (213).
Phase: Ai(3)-mm-nekusar-discard's First Strike Damage Step
Phase: Ai(3)-mm-nekusar-discard's Combat Damage Step
Damage: Ape Token (1255) deals 3 combat damage to Ai(2)-mm-giada-angels.
Damage: Nekusar, the Mindrazer (302) deals 2 combat damage to Ai(2)-mm-giada-angels.
Life: Life: Ai(2)-mm-giada-angels 40 > 35
Zone Change: Serra the Benevolent (130) was put into Graveyard from Battlefield.
Phase: Ai(3)-mm-nekusar-discard's End of Combat Step
Phase: Ai(3)-mm-nekusar-discard's Main phase, postcombat
Mana: Mountain (289) - {T}: Add {R}.
Mana: Mountain (286) - {T}: Add {R}.
Mana: Mountain (288) - {T}: Add {R}.
Mana: Swamp (262) - {T}: Add {B}.
Add To Stack: Ai(3)-mm-nekusar-discard cast Spiteful Visions
Mana: Lonely Sandbar (98) - {T}: Add {U}.
Add To Stack: Ai(1)-mm-talrand-spells cast Arcane Denial targeting [Spiteful Visions]
Add To Stack: Ai(1)-mm-talrand-spells triggered Jace's Sanctum
Add To Stack: Ai(1)-mm-talrand-spells triggered Talrand, Sky Summoner
Resolve Stack: Whenever you cast an instant or sorcery spell, create a 2/2 blue Drake creature token with flying. [Card: Arcane Denial (73), Activator: Ai(1)-mm-talrand-spells, SpellAbility: Counter target spell. Its controller may draw up to two cards at the beginning of the next turn's upkeep. You draw a card at the beginning of the next turn's upkeep.   ]
Resolve Stack: Ai(1)-mm-talrand-spells scried 1 card(s) to the top of the library
Resolve Stack: Whenever you cast a instant or sorcery spell, scry 1. (Look at the top card of your library. You may put that card on the bottom.) [Card: Arcane Denial (73), Activator: Ai(1)-mm-talrand-spells, SpellAbility: Counter target spell. Its controller may draw up to two cards at the beginning of the next turn's upkeep. You draw a card at the beginning of the next turn's upkeep.   ]
Zone Change: Send countered spell to Graveyard
Resolve Stack: Arcane Denial (73) - Counter Spiteful Visions (285). Draw a card. Draw up to two cards. 
Mana: Drowned Catacomb (280) - {T}: Add {U} or {B}.
Mana: Island (239) - {T}: Add {U}.
Add To Stack: Ai(3)-mm-nekusar-discard cast Nightscape Familiar
Resolve Stack: Nightscape Familiar - Creature 1 / 1
Mana: Dragonskull Summit (254) - {T}: Add {B} or {R}.
Mana: Blood Crypt (217) - {T}: Add {R}.
Add To Stack: Ai(3)-mm-nekusar-discard cast Demonic Tutor
Resolve Stack: Demonic Tutor (297) - Search your library for a card, put that card into your hand, then shuffle.
Phase: Ai(3)-mm-nekusar-discard's End step
Add To Stack: Ai(3)-mm-nekusar-discard triggered Fevered Visions
Resolve Stack: At the beginning of each player's end step, that player draws a card. If the player is your opponent and has four or more cards in hand, Fevered Visions deals 2 damage to that player. [Phase: Ai(3)-mm-nekusar-discard]
Phase: Ai(3)-mm-nekusar-discard's Cleanup step
Discard: Ai(3)-mm-nekusar-discard discards Swamp (260).
Discard: Ai(3)-mm-nekusar-discard discards Swamp (258).
Turn: Turn 30 (Ai(1)-mm-talrand-spells)
Phase: Ai(1)-mm-talrand-spells' Untap step
Phase: Ai(1)-mm-talrand-spells' Upkeep step
Add To Stack: Ai(1)-mm-talrand-spells triggered Arcane Denial
Add To Stack: Ai(1)-mm-talrand-spells triggered Arcane Denial
Resolve Stack: Draw up to two cards. ([Ai(3)-mm-nekusar-discard]) [Phase: Ai(1)-mm-talrand-spells]
Resolve Stack: Draw a card. [Phase: Ai(1)-mm-talrand-spells]
Add To Stack: Ai(3)-mm-nekusar-discard triggered Nekusar, the Mindrazer
Replacement Effect: If a source you control would deal noncombat damage to an opponent or a permanent an opponent controls, it deals double that damage to that player or permanent instead.
Damage: Nekusar, the Mindrazer (302) deals 2 non-combat damage to Ai(1)-mm-talrand-spells.
Life: Life: Ai(1)-mm-talrand-spells 6 > 4
Resolve Stack: Whenever an opponent draws a card, Nekusar, the Mindrazer deals 1 damage to that player. [Player: Ai(1)-mm-talrand-spells]
Phase: Ai(1)-mm-talrand-spells' Draw step
Add To Stack: Ai(3)-mm-nekusar-discard triggered Nekusar, the Mindrazer
Add To Stack: Ai(3)-mm-nekusar-discard triggered Nekusar, the Mindrazer
Add To Stack: Ai(3)-mm-nekusar-discard triggered Font of Mythos
Resolve Stack: At the beginning of each player's draw step, that player draws two additional cards. [Phase: Ai(1)-mm-talrand-spells]
Add To Stack: Ai(3)-mm-nekusar-discard triggered Nekusar, the Mindrazer
Add To Stack: Ai(3)-mm-nekusar-discard triggered Nekusar, the Mindrazer
Replacement Effect: If a source you control would deal noncombat damage to an opponent or a permanent an opponent controls, it deals double that damage to that player or permanent instead.
Damage: Nekusar, the Mindrazer (302) deals 2 non-combat damage to Ai(1)-mm-talrand-spells.
Life: Life: Ai(1)-mm-talrand-spells 4 > 2
Resolve Stack: Whenever an opponent draws a card, Nekusar, the Mindrazer deals 1 damage to that player. [Player: Ai(1)-mm-talrand-spells]
Replacement Effect: If a source you control would deal noncombat damage to an opponent or a permanent an opponent controls, it deals double that damage to that player or permanent instead.
Damage: Nekusar, the Mindrazer (302) deals 2 non-combat damage to Ai(1)-mm-talrand-spells.
Life: Life: Ai(1)-mm-talrand-spells 2 > 0
Resolve Stack: Whenever an opponent draws a card, Nekusar, the Mindrazer deals 1 damage to that player. [Player: Ai(1)-mm-talrand-spells]
Resolve Stack: At the beginning of each player's draw step, that player draws an additional card. [Phase: Ai(1)-mm-talrand-spells]
Resolve Stack: Whenever an opponent draws a card, Nekusar, the Mindrazer deals 1 damage to that player. [Player: Ai(1)-mm-talrand-spells]
Phase: Ai(1)-mm-talrand-spells' Main phase, precombat
Phase: Ai(1)-mm-talrand-spells' Beginning of Combat Step
Phase: Ai(1)-mm-talrand-spells' Declare Attackers Step
Phase: Ai(1)-mm-talrand-spells' Declare Blockers Step
Phase: Ai(1)-mm-talrand-spells' First Strike Damage Step
Phase: Ai(1)-mm-talrand-spells' Combat Damage Step
Phase: Ai(1)-mm-talrand-spells' End of Combat Step
Phase: Ai(1)-mm-talrand-spells' Main phase, postcombat
Phase: Ai(1)-mm-talrand-spells' End step
Add To Stack: Ai(3)-mm-nekusar-discard triggered Fevered Visions
Resolve Stack: At the beginning of each player's end step, that player draws a card. If the player is your opponent and has four or more cards in hand, Fevered Visions deals 2 damage to that player. [Phase: Ai(1)-mm-talrand-spells]
Phase: Ai(1)-mm-talrand-spells' Cleanup step
Turn: Turn 31 (Ai(2)-mm-giada-angels)
Phase: Ai(2)-mm-giada-angels' Untap step
Phase: Ai(2)-mm-giada-angels' Upkeep step
Add To Stack: Ai(2)-mm-giada-angels triggered Land Tax
Resolve Stack: At the beginning of your upkeep, if an opponent controls more lands than you, you may search your library for up to three basic land cards, reveal them, put them into your hand, then shuffle. [Phase: Ai(2)-mm-giada-angels]
Phase: Ai(2)-mm-giada-angels' Draw step
Add To Stack: Ai(3)-mm-nekusar-discard triggered Nekusar, the Mindrazer
Add To Stack: Ai(3)-mm-nekusar-discard triggered Nekusar, the Mindrazer
Add To Stack: Ai(3)-mm-nekusar-discard triggered Font of Mythos
Resolve Stack: At the beginning of each player's draw step, that player draws two additional cards. [Phase: Ai(2)-mm-giada-angels]
Add To Stack: Ai(3)-mm-nekusar-discard triggered Nekusar, the Mindrazer
Add To Stack: Ai(3)-mm-nekusar-discard triggered Nekusar, the Mindrazer
Replacement Effect: If a source you control would deal noncombat damage to an opponent or a permanent an opponent controls, it deals double that damage to that player or permanent instead.
Damage: Nekusar, the Mindrazer (302) deals 2 non-combat damage to Ai(2)-mm-giada-angels.
Life: Life: Ai(2)-mm-giada-angels 35 > 33
Resolve Stack: Whenever an opponent draws a card, Nekusar, the Mindrazer deals 1 damage to that player. [Player: Ai(2)-mm-giada-angels]
Replacement Effect: If a source you control would deal noncombat damage to an opponent or a permanent an opponent controls, it deals double that damage to that player or permanent instead.
Damage: Nekusar, the Mindrazer (302) deals 2 non-combat damage to Ai(2)-mm-giada-angels.
Life: Life: Ai(2)-mm-giada-angels 33 > 31
Resolve Stack: Whenever an opponent draws a card, Nekusar, the Mindrazer deals 1 damage to that player. [Player: Ai(2)-mm-giada-angels]
Resolve Stack: At the beginning of each player's draw step, that player draws an additional card. [Phase: Ai(2)-mm-giada-angels]
Add To Stack: Ai(3)-mm-nekusar-discard triggered Nekusar, the Mindrazer
Replacement Effect: If a source you control would deal noncombat damage to an opponent or a permanent an opponent controls, it deals double that damage to that player or permanent instead.
Damage: Nekusar, the Mindrazer (302) deals 2 non-combat damage to Ai(2)-mm-giada-angels.
Life: Life: Ai(2)-mm-giada-angels 31 > 29
Resolve Stack: Whenever an opponent draws a card, Nekusar, the Mindrazer deals 1 damage to that player. [Player: Ai(2)-mm-giada-angels]
Replacement Effect: If a source you control would deal noncombat damage to an opponent or a permanent an opponent controls, it deals double that damage to that player or permanent instead.
Damage: Nekusar, the Mindrazer (302) deals 2 non-combat damage to Ai(2)-mm-giada-angels.
Life: Life: Ai(2)-mm-giada-angels 29 > 27
Resolve Stack: Whenever an opponent draws a card, Nekusar, the Mindrazer deals 1 damage to that player. [Player: Ai(2)-mm-giada-angels]
Phase: Ai(2)-mm-giada-angels' Main phase, precombat
Land: Ai(2)-mm-giada-angels played War Room (139)
Mana: Plains (174) - {T}: Add {W}.
Mana: Plains (175) - {T}: Add {W}.
Mana: Plains (193) - {T}: Add {W}.
Mana: Plains (191) - {T}: Add {W}.
Add To Stack: Ai(2)-mm-giada-angels cast Wrath of God
Zone Change: Nekusar, the Mindrazer (302) was put into Graveyard from Battlefield.
Zone Change: Solphim, Mayhem Dominus (213) was put into Graveyard from Battlefield.
Zone Change: Ape Token (1255) was put into Graveyard from Battlefield.
Zone Change: Nightscape Familiar (230) was put into Graveyard from Battlefield.
Resolve Stack: Wrath of God (199) - Destroy all creatures. They can't be regenerated.
Phase: Ai(2)-mm-giada-angels' Beginning of Combat Step
Phase: Ai(2)-mm-giada-angels' Declare Attackers Step
Phase: Ai(2)-mm-giada-angels' Declare Blockers Step
Phase: Ai(2)-mm-giada-angels' First Strike Damage Step
Phase: Ai(2)-mm-giada-angels' Combat Damage Step
Phase: Ai(2)-mm-giada-angels' End of Combat Step
Phase: Ai(2)-mm-giada-angels' Main phase, postcombat
Mana: Plains (190) - {T}: Add {W}.
Mana: Plains (177) - {T}: Add {W}.
Add To Stack: Ai(2)-mm-giada-angels cast Giada, Font of Hope
Resolve Stack: Giada, Font of Hope - Creature 2 / 2
Phase: Ai(2)-mm-giada-angels' End step
Add To Stack: Ai(3)-mm-nekusar-discard triggered Fevered Visions
Damage: Fevered Visions (300) deals 2 non-combat damage to Ai(2)-mm-giada-angels.
Life: Life: Ai(2)-mm-giada-angels 27 > 25
Resolve Stack: At the beginning of each player's end step, that player draws a card. If the player is your opponent and has four or more cards in hand, Fevered Visions deals 2 damage to that player. [Phase: Ai(2)-mm-giada-angels]
Phase: Ai(2)-mm-giada-angels' Cleanup step
Discard: Ai(2)-mm-giada-angels discards Plains (173).
Discard: Ai(2)-mm-giada-angels discards Plains (189).
Discard: Ai(2)-mm-giada-angels discards Plains (187).
Discard: Ai(2)-mm-giada-angels discards Plains (170).
Discard: Ai(2)-mm-giada-angels discards Plains (180).
Turn: Turn 32 (Ai(3)-mm-nekusar-discard)
Phase: Ai(3)-mm-nekusar-discard's Untap step
Phase: Ai(3)-mm-nekusar-discard's Upkeep step
Phase: Ai(3)-mm-nekusar-discard's Draw step
Add To Stack: Ai(3)-mm-nekusar-discard triggered Font of Mythos
Resolve Stack: At the beginning of each player's draw step, that player draws two additional cards. [Phase: Ai(3)-mm-nekusar-discard]
Phase: Ai(3)-mm-nekusar-discard's Main phase, precombat
Land: Ai(3)-mm-nekusar-discard played Island (238)
Phase: Ai(3)-mm-nekusar-discard's Beginning of Combat Step
Phase: Ai(3)-mm-nekusar-discard's Declare Attackers Step
Phase: Ai(3)-mm-nekusar-discard's Declare Blockers Step
Phase: Ai(3)-mm-nekusar-discard's First Strike Damage Step
Phase: Ai(3)-mm-nekusar-discard's Combat Damage Step
Phase: Ai(3)-mm-nekusar-discard's End of Combat Step
Phase: Ai(3)-mm-nekusar-discard's Main phase, postcombat
Mana: Swamp (262) - {T}: Add {B}.
Mana: Drowned Catacomb (280) - {T}: Add {U} or {B}.
Mana: Mountain (289) - {T}: Add {R}.
Add To Stack: Ai(3)-mm-nekusar-discard cast Master of the Feast
Resolve Stack: Master of the Feast - Creature 5 / 5
Phase: Ai(3)-mm-nekusar-discard's End step
Add To Stack: Ai(3)-mm-nekusar-discard triggered Fevered Visions
Resolve Stack: At the beginning of each player's end step, that player draws a card. If the player is your opponent and has four or more cards in hand, Fevered Visions deals 2 damage to that player. [Phase: Ai(3)-mm-nekusar-discard]
Phase: Ai(3)-mm-nekusar-discard's Cleanup step
Discard: Ai(3)-mm-nekusar-discard discards Swamp (263).
Discard: Ai(3)-mm-nekusar-discard discards Bojuka Bog (252).
Discard: Ai(3)-mm-nekusar-discard discards Izzet Signet (210).
Discard: Ai(3)-mm-nekusar-discard discards Underworld Dreams (224).
Turn: Turn 33 (Ai(2)-mm-giada-angels)
Phase: Ai(2)-mm-giada-angels' Untap step
Phase: Ai(2)-mm-giada-angels' Upkeep step
Add To Stack: Ai(2)-mm-giada-angels triggered Land Tax
Resolve Stack: At the beginning of your upkeep, if an opponent controls more lands than you, you may search your library for up to three basic land cards, reveal them, put them into your hand, then shuffle. [Phase: Ai(2)-mm-giada-angels]
Phase: Ai(2)-mm-giada-angels' Draw step
Add To Stack: Ai(3)-mm-nekusar-discard triggered Font of Mythos
Resolve Stack: At the beginning of each player's draw step, that player draws two additional cards. [Phase: Ai(2)-mm-giada-angels]
Phase: Ai(2)-mm-giada-angels' Main phase, precombat
Replacement Effect: Minas Tirith enters tapped unless you control a legendary creature.
Land: Ai(2)-mm-giada-angels played Minas Tirith (125)
Mana: Plains (174) - {T}: Add {W}.
Mana: Plains (175) - {T}: Add {W}.
Mana: Plains (193) - {T}: Add {W}.
Mana: Plains (191) - {T}: Add {W}.
Mana: Plains (190) - {T}: Add {W}.
Add To Stack: Ai(2)-mm-giada-angels cast Lyra Dawnbringer
Replacement Effect: Each other Angel you control enters with an additional +1/+1 counter on it for each Angel you already control.
Resolve Stack: Lyra Dawnbringer - Creature 5 / 5
Mana: Plains (177) - {T}: Add {W}.
Mana: Minas Tirith (125) - {T}: Add {W}.
Mana: War Room (139) - {T}: Add {C}.
Mana: Giada, Font of Hope (201) - {T}: Add {W}. Spend this mana only to cast an Angel spell.
Add To Stack: Ai(2)-mm-giada-angels cast Linvala, Keeper of Silence
Replacement Effect: Each other Angel you control enters with an additional +1/+1 counter on it for each Angel you already control.
Resolve Stack: Linvala, Keeper of Silence - Creature 3 / 4
Phase: Ai(2)-mm-giada-angels' Beginning of Combat Step
Phase: Ai(2)-mm-giada-angels' Declare Attackers Step
Phase: Ai(2)-mm-giada-angels' Declare Blockers Step
Phase: Ai(2)-mm-giada-angels' First Strike Damage Step
Phase: Ai(2)-mm-giada-angels' Combat Damage Step
Phase: Ai(2)-mm-giada-angels' End of Combat Step
Phase: Ai(2)-mm-giada-angels' Main phase, postcombat
Phase: Ai(2)-mm-giada-angels' End step
Add To Stack: Ai(3)-mm-nekusar-discard triggered Fevered Visions
Damage: Fevered Visions (300) deals 2 non-combat damage to Ai(2)-mm-giada-angels.
Life: Life: Ai(2)-mm-giada-angels 25 > 23
Resolve Stack: At the beginning of each player's end step, that player draws a card. If the player is your opponent and has four or more cards in hand, Fevered Visions deals 2 damage to that player. [Phase: Ai(2)-mm-giada-angels]
Phase: Ai(2)-mm-giada-angels' Cleanup step
Discard: Ai(2)-mm-giada-angels discards Plains (185).
Discard: Ai(2)-mm-giada-angels discards Plains (186).
Discard: Ai(2)-mm-giada-angels discards Plains (192).
Discard: Ai(2)-mm-giada-angels discards Plains (176).
Turn: Turn 34 (Ai(3)-mm-nekusar-discard)
Phase: Ai(3)-mm-nekusar-discard's Untap step
Phase: Ai(3)-mm-nekusar-discard's Upkeep step
Add To Stack: Ai(3)-mm-nekusar-discard triggered Master of the Feast
Resolve Stack: At the beginning of your upkeep, each opponent draws a card. [Phase: Ai(3)-mm-nekusar-discard]
Phase: Ai(3)-mm-nekusar-discard's Draw step
Add To Stack: Ai(3)-mm-nekusar-discard triggered Font of Mythos
Resolve Stack: At the beginning of each player's draw step, that player draws two additional cards. [Phase: Ai(3)-mm-nekusar-discard]
Phase: Ai(3)-mm-nekusar-discard's Main phase, precombat
Land: Ai(3)-mm-nekusar-discard played Island (237)
Phase: Ai(3)-mm-nekusar-discard's Beginning of Combat Step
Phase: Ai(3)-mm-nekusar-discard's Declare Attackers Step
Phase: Ai(3)-mm-nekusar-discard's Declare Blockers Step
Phase: Ai(3)-mm-nekusar-discard's First Strike Damage Step
Phase: Ai(3)-mm-nekusar-discard's Combat Damage Step
Phase: Ai(3)-mm-nekusar-discard's End of Combat Step
Phase: Ai(3)-mm-nekusar-discard's Main phase, postcombat
Mana: Island (239) - {T}: Add {U}.
Mana: Mountain (289) - {T}: Add {R}.
Mana: Swamp (262) - {T}: Add {B}.
Mana: Mountain (286) - {T}: Add {R}.
Mana: Mountain (288) - {T}: Add {R}.
Mana: Island (238) - {T}: Add {U}.
Add To Stack: Ai(3)-mm-nekusar-discard cast The Locust God
Resolve Stack: The Locust God - Creature 4 / 4
Mana: Dragonskull Summit (254) - {T}: Add {B} or {R}.
Mana: Drowned Catacomb (280) - {T}: Add {U} or {B}.
Add To Stack: Ai(3)-mm-nekusar-discard cast Stormfist Crusader
Resolve Stack: Stormfist Crusader - Creature 2 / 2
Phase: Ai(3)-mm-nekusar-discard's End step
Add To Stack: Ai(3)-mm-nekusar-discard triggered Fevered Visions
Resolve Stack: At the beginning of each player's end step, that player draws a card. If the player is your opponent and has four or more cards in hand, Fevered Visions deals 2 damage to that player. [Phase: Ai(3)-mm-nekusar-discard]
Add To Stack: Ai(3)-mm-nekusar-discard triggered The Locust God
Resolve Stack: Whenever you draw a card, create a 1/1 blue and red Insect creature token with flying and haste. [Player: Ai(3)-mm-nekusar-discard]
Phase: Ai(3)-mm-nekusar-discard's Cleanup step
Discard: Ai(3)-mm-nekusar-discard discards Steam Vents (268).
Turn: Turn 35 (Ai(2)-mm-giada-angels)
Phase: Ai(2)-mm-giada-angels' Untap step
Phase: Ai(2)-mm-giada-angels' Upkeep step
Add To Stack: Ai(2)-mm-giada-angels triggered Land Tax
Resolve Stack: At the beginning of your upkeep, if an opponent controls more lands than you, you may search your library for up to three basic land cards, reveal them, put them into your hand, then shuffle. [Phase: Ai(2)-mm-giada-angels]
Phase: Ai(2)-mm-giada-angels' Draw step
Add To Stack: Ai(3)-mm-nekusar-discard triggered Font of Mythos
Resolve Stack: At the beginning of each player's draw step, that player draws two additional cards. [Phase: Ai(2)-mm-giada-angels]
Phase: Ai(2)-mm-giada-angels' Main phase, precombat
Land: Ai(2)-mm-giada-angels played Nykthos, Shrine to Nyx (132)
Mana: Plains (174) - {T}: Add {W}.
Mana: Plains (175) - {T}: Add {W}.
Mana: Plains (193) - {T}: Add {W}.
Mana: Plains (191) - {T}: Add {W}.
Mana: Plains (190) - {T}: Add {W}.
Mana: Plains (177) - {T}: Add {W}.
Mana: War Room (139) - {T}: Add {C}.
Add To Stack: Ai(2)-mm-giada-angels cast Bruna, the Fading Light
Add To Stack: Ai(2)-mm-giada-angels triggered Bruna, the Fading Light targeting [Emeria Shepherd (110)]
Replacement Effect: Each other Angel you control enters with an additional +1/+1 counter on it for each Angel you already control.
Resolve Stack: When you cast Bruna, the Fading Light, you may return target Angel or Human creature card from your graveyard to the battlefield. (Targeting: [[Emeria Shepherd (110)]]) [Card: Bruna, the Fading Light (149), Activator: Ai(2)-mm-giada-angels, SpellAbility: Bruna, the Fading Light - Creature 5 / 7]
Replacement Effect: Each other Angel you control enters with an additional +1/+1 counter on it for each Angel you already control.
Resolve Stack: Bruna, the Fading Light - Creature 5 / 7
Mana: Minas Tirith (125) - {T}: Add {W}.
Mana: Nykthos, Shrine to Nyx (132) - {T}: Add {C}.
Add To Stack: Ai(2)-mm-giada-angels cast Swiftfoot Boots
Resolve Stack: Swiftfoot Boots
Phase: Ai(2)-mm-giada-angels' Beginning of Combat Step
Phase: Ai(2)-mm-giada-angels' Declare Attackers Step
Combat: Ai(2)-mm-giada-angels assigned Lyra Dawnbringer (159) and Linvala, Keeper of Silence (122) to attack Ai(3)-mm-nekusar-discard.
Phase: Ai(2)-mm-giada-angels' Declare Blockers Step
Combat: Ai(3)-mm-nekusar-discard didn't block Lyra Dawnbringer (159).
Ai(3)-mm-nekusar-discard didn't block Linvala, Keeper of Silence (122).
Phase: Ai(2)-mm-giada-angels' First Strike Damage Step
Damage: Lyra Dawnbringer (159) deals 6 combat damage to Ai(3)-mm-nekusar-discard.
Life: Life: Ai(2)-mm-giada-angels 23 > 29
Life: Life: Ai(3)-mm-nekusar-discard 40 > 34
Phase: Ai(2)-mm-giada-angels' Combat Damage Step
Damage: Linvala, Keeper of Silence (122) deals 6 combat damage to Ai(3)-mm-nekusar-discard.
Life: Life: Ai(2)-mm-giada-angels 29 > 35
Life: Life: Ai(3)-mm-nekusar-discard 34 > 28
Phase: Ai(2)-mm-giada-angels' End of Combat Step
Phase: Ai(2)-mm-giada-angels' Main phase, postcombat
Phase: Ai(2)-mm-giada-angels' End step
Add To Stack: Ai(3)-mm-nekusar-discard triggered Fevered Visions
Damage: Fevered Visions (300) deals 2 non-combat damage to Ai(2)-mm-giada-angels.
Life: Life: Ai(2)-mm-giada-angels 35 > 33
Resolve Stack: At the beginning of each player's end step, that player draws a card. If the player is your opponent and has four or more cards in hand, Fevered Visions deals 2 damage to that player. [Phase: Ai(2)-mm-giada-angels]
Phase: Ai(2)-mm-giada-angels' Cleanup step
Discard: Ai(2)-mm-giada-angels discards Plains (172).
Discard: Ai(2)-mm-giada-angels discards Plains (194).
Discard: Ai(2)-mm-giada-angels discards Plains (181).
Discard: Ai(2)-mm-giada-angels discards Plains (179).
Discard: Ai(2)-mm-giada-angels discards Angelic Accord (111).
Turn: Turn 36 (Ai(3)-mm-nekusar-discard)
Phase: Ai(3)-mm-nekusar-discard's Untap step
Phase: Ai(3)-mm-nekusar-discard's Upkeep step
Add To Stack: Ai(3)-mm-nekusar-discard triggered Master of the Feast
Add To Stack: Ai(3)-mm-nekusar-discard triggered Stormfist Crusader
Life: Life: Ai(3)-mm-nekusar-discard 28 > 27
Life: Life: Ai(2)-mm-giada-angels 33 > 32
Resolve Stack: At the beginning of your upkeep, each player draws a card and loses 1 life. [Phase: Ai(3)-mm-nekusar-discard]
Add To Stack: Ai(3)-mm-nekusar-discard triggered The Locust God
Resolve Stack: Whenever you draw a card, create a 1/1 blue and red Insect creature token with flying and haste. [Player: Ai(3)-mm-nekusar-discard]
Resolve Stack: At the beginning of your upkeep, each opponent draws a card. [Phase: Ai(3)-mm-nekusar-discard]
Phase: Ai(3)-mm-nekusar-discard's Draw step
Add To Stack: Ai(3)-mm-nekusar-discard triggered Font of Mythos
Add To Stack: Ai(3)-mm-nekusar-discard triggered The Locust God
Resolve Stack: Whenever you draw a card, create a 1/1 blue and red Insect creature token with flying and haste. [Player: Ai(3)-mm-nekusar-discard]
Resolve Stack: At the beginning of each player's draw step, that player draws two additional cards. [Phase: Ai(3)-mm-nekusar-discard]
Add To Stack: Ai(3)-mm-nekusar-discard triggered The Locust God
Add To Stack: Ai(3)-mm-nekusar-discard triggered The Locust God
Resolve Stack: Whenever you draw a card, create a 1/1 blue and red Insect creature token with flying and haste. [Player: Ai(3)-mm-nekusar-discard]
Resolve Stack: Whenever you draw a card, create a 1/1 blue and red Insect creature token with flying and haste. [Player: Ai(3)-mm-nekusar-discard]
Mana: Island (239) - {T}: Add {U}.
Mana: Swamp (262) - {T}: Add {B}.
Add To Stack: Ai(3)-mm-nekusar-discard cast Cyclonic Rift targeting [Bruna, the Fading Light (149)]
Resolve Stack: Cyclonic Rift (209) - Return Bruna, the Fading Light (149) to its owner's hand.
Phase: Ai(3)-mm-nekusar-discard's Main phase, precombat
Replacement Effect: As Watery Grave enters, you may pay 2 life. If you don't, it enters tapped.
Land: Ai(3)-mm-nekusar-discard played Watery Grave (235)
Phase: Ai(3)-mm-nekusar-discard's Beginning of Combat Step
Phase: Ai(3)-mm-nekusar-discard's Declare Attackers Step
Phase: Ai(3)-mm-nekusar-discard's Declare Blockers Step
Phase: Ai(3)-mm-nekusar-discard's First Strike Damage Step
Phase: Ai(3)-mm-nekusar-discard's Combat Damage Step
Phase: Ai(3)-mm-nekusar-discard's End of Combat Step
Phase: Ai(3)-mm-nekusar-discard's Main phase, postcombat
Mana: Island (238) - {T}: Add {U}.
Mana: Drowned Catacomb (280) - {T}: Add {U} or {B}.
Mana: Mountain (289) - {T}: Add {R}.
Mana: Mountain (286) - {T}: Add {R}.
Mana: Mountain (288) - {T}: Add {R}.
Mana: Island (237) - {T}: Add {U}.
Mana: Dragonskull Summit (254) - {T}: Add {B} or {R}.
Add To Stack: Ai(3)-mm-nekusar-discard cast Nekusar, the Mindrazer
Resolve Stack: Nekusar, the Mindrazer - Creature 2 / 4
Phase: Ai(3)-mm-nekusar-discard's End step
Add To Stack: Ai(3)-mm-nekusar-discard triggered Fevered Visions
Resolve Stack: At the beginning of each player's end step, that player draws a card. If the player is your opponent and has four or more cards in hand, Fevered Visions deals 2 damage to that player. [Phase: Ai(3)-mm-nekusar-discard]
Add To Stack: Ai(3)-mm-nekusar-discard triggered The Locust God
Resolve Stack: Whenever you draw a card, create a 1/1 blue and red Insect creature token with flying and haste. [Player: Ai(3)-mm-nekusar-discard]
Phase: Ai(3)-mm-nekusar-discard's Cleanup step
Discard: Ai(3)-mm-nekusar-discard discards Echo of Eons (298).
Discard: Ai(3)-mm-nekusar-discard discards Dimir Signet (207).
Discard: Ai(3)-mm-nekusar-discard discards Psychosis Crawler (274).
Turn: Turn 37 (Ai(2)-mm-giada-angels)
Phase: Ai(2)-mm-giada-angels' Untap step
Phase: Ai(2)-mm-giada-angels' Upkeep step
Add To Stack: Ai(2)-mm-giada-angels triggered Land Tax
Resolve Stack: At the beginning of your upkeep, if an opponent controls more lands than you, you may search your library for up to three basic land cards, reveal them, put them into your hand, then shuffle. [Phase: Ai(2)-mm-giada-angels]
Phase: Ai(2)-mm-giada-angels' Draw step
Add To Stack: Ai(3)-mm-nekusar-discard triggered Nekusar, the Mindrazer
Add To Stack: Ai(3)-mm-nekusar-discard triggered Font of Mythos
Add To Stack: Ai(3)-mm-nekusar-discard triggered Nekusar, the Mindrazer
Resolve Stack: At the beginning of each player's draw step, that player draws an additional card. [Phase: Ai(2)-mm-giada-angels]
Add To Stack: Ai(3)-mm-nekusar-discard triggered Nekusar, the Mindrazer
Damage: Nekusar, the Mindrazer (302) deals 1 non-combat damage to Ai(2)-mm-giada-angels.
Life: Life: Ai(2)-mm-giada-angels 32 > 31
Resolve Stack: Whenever an opponent draws a card, Nekusar, the Mindrazer deals 1 damage to that player. [Player: Ai(2)-mm-giada-angels]
Resolve Stack: At the beginning of each player's draw step, that player draws two additional cards. [Phase: Ai(2)-mm-giada-angels]
Add To Stack: Ai(3)-mm-nekusar-discard triggered Nekusar, the Mindrazer
Add To Stack: Ai(3)-mm-nekusar-discard triggered Nekusar, the Mindrazer
Damage: Nekusar, the Mindrazer (302) deals 1 non-combat damage to Ai(2)-mm-giada-angels.
Life: Life: Ai(2)-mm-giada-angels 31 > 30
Resolve Stack: Whenever an opponent draws a card, Nekusar, the Mindrazer deals 1 damage to that player. [Player: Ai(2)-mm-giada-angels]
Damage: Nekusar, the Mindrazer (302) deals 1 non-combat damage to Ai(2)-mm-giada-angels.
Life: Life: Ai(2)-mm-giada-angels 30 > 29
Resolve Stack: Whenever an opponent draws a card, Nekusar, the Mindrazer deals 1 damage to that player. [Player: Ai(2)-mm-giada-angels]
Damage: Nekusar, the Mindrazer (302) deals 1 non-combat damage to Ai(2)-mm-giada-angels.
Life: Life: Ai(2)-mm-giada-angels 29 > 28
Resolve Stack: Whenever an opponent draws a card, Nekusar, the Mindrazer deals 1 damage to that player. [Player: Ai(2)-mm-giada-angels]
Phase: Ai(2)-mm-giada-angels' Main phase, precombat
Replacement Effect: As Cavern of Souls enters, choose a creature type.
Land: Ai(2)-mm-giada-angels played Cavern of Souls (157)
Add To Stack: Ai(2)-mm-giada-angels triggered Emeria Shepherd targeting [Angelic Accord (111)]
Resolve Stack: Landfall — Whenever a land you control enters, you may return target nonland permanent card from your graveyard to your hand. If that land is a Plains, you may return that nonland permanent card to the battlefield instead. (Targeting: [[Angelic Accord (111)]]) [Zone Changer: Cavern of Souls (157)]
Mana: Plains (174) - {T}: Add {W}.
Mana: Plains (175) - {T}: Add {W}.
Mana: Plains (193) - {T}: Add {W}.
Mana: Plains (191) - {T}: Add {W}.
Mana: Plains (190) - {T}: Add {W}.
Mana: Plains (177) - {T}: Add {W}.
Mana: Cavern of Souls (157) - {T}: Add one mana of any color. Spend this mana only to cast a creature spell of the chosen type, and that spell can't be countered.
Add To Stack: Ai(2)-mm-giada-angels cast Bruna, the Fading Light
Replacement Effect: Each other Angel you control enters with an additional +1/+1 counter on it for each Angel you already control.
Resolve Stack: Bruna, the Fading Light - Creature 5 / 7
Mana: Minas Tirith (125) - {T}: Add {W}.
Mana: Giada, Font of Hope (201) - {T}: Add {W}. Spend this mana only to cast an Angel spell.
Mana: War Room (139) - {T}: Add {C}.
Mana: Nykthos, Shrine to Nyx (132) - {T}: Add {C}.
Add To Stack: Ai(2)-mm-giada-angels cast Angelic Field Marshal
Replacement Effect: Each other Angel you control enters with an additional +1/+1 counter on it for each Angel you already control.
Resolve Stack: Angelic Field Marshal - Creature 3 / 3
Phase: Ai(2)-mm-giada-angels' Beginning of Combat Step
Phase: Ai(2)-mm-giada-angels' Declare Attackers Step
Combat: Ai(2)-mm-giada-angels assigned Emeria Shepherd (110), Lyra Dawnbringer (159) and Linvala, Keeper of Silence (122) to attack Ai(3)-mm-nekusar-discard.
Phase: Ai(2)-mm-giada-angels' Declare Blockers Step
Combat: Ai(3)-mm-nekusar-discard assigned The Locust God (234) and Master of the Feast (253) to block Emeria Shepherd (110).
Ai(3)-mm-nekusar-discard didn't block Lyra Dawnbringer (159).
Ai(3)-mm-nekusar-discard didn't block Linvala, Keeper of Silence (122).
Phase: Ai(2)-mm-giada-angels' First Strike Damage Step
Damage: Lyra Dawnbringer (159) deals 6 combat damage to Ai(3)-mm-nekusar-discard.
Life: Life: Ai(2)-mm-giada-angels 28 > 34
Life: Life: Ai(3)-mm-nekusar-discard 27 > 21
Phase: Ai(2)-mm-giada-angels' Combat Damage Step
Damage: Emeria Shepherd (110) deals 3 damage to The Locust God (234).
Damage: Emeria Shepherd (110) deals 5 damage to Master of the Feast (253).
Life: Life: Ai(2)-mm-giada-angels 34 > 42
Damage: Linvala, Keeper of Silence (122) deals 6 combat damage to Ai(3)-mm-nekusar-discard.
Life: Life: Ai(2)-mm-giada-angels 42 > 48
Damage: The Locust God (234) deals 4 damage to Emeria Shepherd (110).
Damage: Master of the Feast (253) deals 5 damage to Emeria Shepherd (110).
Life: Life: Ai(3)-mm-nekusar-discard 21 > 15
Zone Change: Emeria Shepherd (110) was put into Graveyard from Battlefield.
Zone Change: Master of the Feast (253) was put into Graveyard from Battlefield.
Phase: Ai(2)-mm-giada-angels' End of Combat Step
Phase: Ai(2)-mm-giada-angels' Main phase, postcombat
Phase: Ai(2)-mm-giada-angels' End step
Add To Stack: Ai(3)-mm-nekusar-discard triggered Fevered Visions
Damage: Fevered Visions (300) deals 2 non-combat damage to Ai(2)-mm-giada-angels.
Life: Life: Ai(2)-mm-giada-angels 48 > 46
Resolve Stack: At the beginning of each player's end step, that player draws a card. If the player is your opponent and has four or more cards in hand, Fevered Visions deals 2 damage to that player. [Phase: Ai(2)-mm-giada-angels]
Add To Stack: Ai(3)-mm-nekusar-discard triggered Nekusar, the Mindrazer
Damage: Nekusar, the Mindrazer (302) deals 1 non-combat damage to Ai(2)-mm-giada-angels.
Life: Life: Ai(2)-mm-giada-angels 46 > 45
Resolve Stack: Whenever an opponent draws a card, Nekusar, the Mindrazer deals 1 damage to that player. [Player: Ai(2)-mm-giada-angels]
Phase: Ai(2)-mm-giada-angels' Cleanup step
Discard: Ai(2)-mm-giada-angels discards Plains (169).
Discard: Ai(2)-mm-giada-angels discards Plains (182).
Discard: Ai(2)-mm-giada-angels discards Plains (184).
Discard: Ai(2)-mm-giada-angels discards Plains (178).
Discard: Ai(2)-mm-giada-angels discards Path of Ancestry (113).
Discard: Ai(2)-mm-giada-angels discards Seraph Sanctuary (168).
Discard: Ai(2)-mm-giada-angels discards Angelic Accord (111).
Discard: Ai(2)-mm-giada-angels discards Vanquisher's Banner (165).
Discard: Ai(2)-mm-giada-angels discards Segovian Angel (118).
Turn: Turn 38 (Ai(3)-mm-nekusar-discard)
Phase: Ai(3)-mm-nekusar-discard's Untap step
Phase: Ai(3)-mm-nekusar-discard's Upkeep step
Add To Stack: Ai(3)-mm-nekusar-discard triggered Stormfist Crusader
Life: Life: Ai(3)-mm-nekusar-discard 15 > 14
Life: Life: Ai(2)-mm-giada-angels 45 > 44
Resolve Stack: At the beginning of your upkeep, each player draws a card and loses 1 life. [Phase: Ai(3)-mm-nekusar-discard]
Add To Stack: Ai(3)-mm-nekusar-discard triggered Nekusar, the Mindrazer
Add To Stack: Ai(3)-mm-nekusar-discard triggered The Locust God
Resolve Stack: Whenever you draw a card, create a 1/1 blue and red Insect creature token with flying and haste. [Player: Ai(3)-mm-nekusar-discard]
Damage: Nekusar, the Mindrazer (302) deals 1 non-combat damage to Ai(2)-mm-giada-angels.
Life: Life: Ai(2)-mm-giada-angels 44 > 43
Resolve Stack: Whenever an opponent draws a card, Nekusar, the Mindrazer deals 1 damage to that player. [Player: Ai(2)-mm-giada-angels]
Phase: Ai(3)-mm-nekusar-discard's Draw step
Add To Stack: Ai(3)-mm-nekusar-discard triggered Font of Mythos
Add To Stack: Ai(3)-mm-nekusar-discard triggered Nekusar, the Mindrazer
Add To Stack: Ai(3)-mm-nekusar-discard triggered The Locust God
Resolve Stack: Whenever you draw a card, create a 1/1 blue and red Insect creature token with flying and haste. [Player: Ai(3)-mm-nekusar-discard]
Resolve Stack: At the beginning of each player's draw step, that player draws an additional card. [Phase: Ai(3)-mm-nekusar-discard]
Add To Stack: Ai(3)-mm-nekusar-discard triggered The Locust God
Resolve Stack: Whenever you draw a card, create a 1/1 blue and red Insect creature token with flying and haste. [Player: Ai(3)-mm-nekusar-discard]
Resolve Stack: At the beginning of each player's draw step, that player draws two additional cards. [Phase: Ai(3)-mm-nekusar-discard]
Add To Stack: Ai(3)-mm-nekusar-discard triggered The Locust God
Add To Stack: Ai(3)-mm-nekusar-discard triggered The Locust God
Resolve Stack: Whenever you draw a card, create a 1/1 blue and red Insect creature token with flying and haste. [Player: Ai(3)-mm-nekusar-discard]
Resolve Stack: Whenever you draw a card, create a 1/1 blue and red Insect creature token with flying and haste. [Player: Ai(3)-mm-nekusar-discard]
Phase: Ai(3)-mm-nekusar-discard's Main phase, precombat
Land: Ai(3)-mm-nekusar-discard played Reliquary Tower (278)
Phase: Ai(3)-mm-nekusar-discard's Beginning of Combat Step
Phase: Ai(3)-mm-nekusar-discard's Declare Attackers Step
Phase: Ai(3)-mm-nekusar-discard's Declare Blockers Step
Phase: Ai(3)-mm-nekusar-discard's First Strike Damage Step
Phase: Ai(3)-mm-nekusar-discard's Combat Damage Step
Phase: Ai(3)-mm-nekusar-discard's End of Combat Step
Phase: Ai(3)-mm-nekusar-discard's Main phase, postcombat
Mana: Swamp (262) - {T}: Add {B}.
Mana: Drowned Catacomb (280) - {T}: Add {U} or {B}.
Mana: Reliquary Tower (278) - {T}: Add {C}.
Mana: Mountain (289) - {T}: Add {R}.
Add To Stack: Ai(3)-mm-nekusar-discard cast Sheoldred, the Apocalypse
Resolve Stack: Sheoldred, the Apocalypse - Creature 4 / 5
Phase: Ai(3)-mm-nekusar-discard's End step
Add To Stack: Ai(3)-mm-nekusar-discard triggered Fevered Visions
Resolve Stack: At the beginning of each player's end step, that player draws a card. If the player is your opponent and has four or more cards in hand, Fevered Visions deals 2 damage to that player. [Phase: Ai(3)-mm-nekusar-discard]
Add To Stack: Ai(3)-mm-nekusar-discard triggered Sheoldred, the Apocalypse
Add To Stack: Ai(3)-mm-nekusar-discard triggered The Locust God
Resolve Stack: Whenever you draw a card, create a 1/1 blue and red Insect creature token with flying and haste. [Player: Ai(3)-mm-nekusar-discard]
Life: Life: Ai(3)-mm-nekusar-discard 14 > 16
Resolve Stack: Whenever you draw a card, you gain 2 life. [Player: Ai(3)-mm-nekusar-discard]
Phase: Ai(3)-mm-nekusar-discard's Cleanup step
Turn: Turn 39 (Ai(2)-mm-giada-angels)
Phase: Ai(2)-mm-giada-angels' Untap step
Phase: Ai(2)-mm-giada-angels' Upkeep step
Add To Stack: Ai(2)-mm-giada-angels triggered Land Tax
Resolve Stack: At the beginning of your upkeep, if an opponent controls more lands than you, you may search your library for up to three basic land cards, reveal them, put them into your hand, then shuffle. [Phase: Ai(2)-mm-giada-angels]
Mana: Plains (174) - {T}: Add {W}.
Mana: Plains (175) - {T}: Add {W}.
Mana: Plains (193) - {T}: Add {W}.
Add To Stack: Ai(2)-mm-giada-angels cast Generous Gift targeting [The Locust God (234)]
Mana: Island (239) - {T}: Add {U}.
Add To Stack: Ai(3)-mm-nekusar-discard cast An Offer You Can't Refuse targeting [Destroy target permanent. Its controller creates a 3/3 green Elephant creature token. ]
Zone Change: Send countered spell to Graveyard
Resolve Stack: An Offer You Can't Refuse (290) - Counter Generous Gift (143). Its controller creates two Treasure tokens.
Phase: Ai(2)-mm-giada-angels' Draw step
Add To Stack: Ai(3)-mm-nekusar-discard triggered Nekusar, the Mindrazer
Add To Stack: Ai(3)-mm-nekusar-discard triggered Sheoldred, the Apocalypse
Add To Stack: Ai(3)-mm-nekusar-discard triggered Font of Mythos
Add To Stack: Ai(3)-mm-nekusar-discard triggered Nekusar, the Mindrazer
Resolve Stack: At the beginning of each player's draw step, that player draws an additional card. [Phase: Ai(2)-mm-giada-angels]
Add To Stack: Ai(3)-mm-nekusar-discard triggered Nekusar, the Mindrazer
Add To Stack: Ai(3)-mm-nekusar-discard triggered Sheoldred, the Apocalypse
Life: Life: Ai(2)-mm-giada-angels 43 > 41
Resolve Stack: Whenever an opponent draws a card, they lose 2 life. [Player: Ai(2)-mm-giada-angels]
Damage: Nekusar, the Mindrazer (302) deals 1 non-combat damage to Ai(2)-mm-giada-angels.
Life: Life: Ai(2)-mm-giada-angels 41 > 40
Resolve Stack: Whenever an opponent draws a card, Nekusar, the Mindrazer deals 1 damage to that player. [Player: Ai(2)-mm-giada-angels]
Resolve Stack: At the beginning of each player's draw step, that player draws two additional cards. [Phase: Ai(2)-mm-giada-angels]
Add To Stack: Ai(3)-mm-nekusar-discard triggered Nekusar, the Mindrazer
Add To Stack: Ai(3)-mm-nekusar-discard triggered Sheoldred, the Apocalypse
Add To Stack: Ai(3)-mm-nekusar-discard triggered Nekusar, the Mindrazer
Add To Stack: Ai(3)-mm-nekusar-discard triggered Sheoldred, the Apocalypse
Life: Life: Ai(2)-mm-giada-angels 40 > 38
Resolve Stack: Whenever an opponent draws a card, they lose 2 life. [Player: Ai(2)-mm-giada-angels]
Damage: Nekusar, the Mindrazer (302) deals 1 non-combat damage to Ai(2)-mm-giada-angels.
Life: Life: Ai(2)-mm-giada-angels 38 > 37
Resolve Stack: Whenever an opponent draws a card, Nekusar, the Mindrazer deals 1 damage to that player. [Player: Ai(2)-mm-giada-angels]
Life: Life: Ai(2)-mm-giada-angels 37 > 35
Resolve Stack: Whenever an opponent draws a card, they lose 2 life. [Player: Ai(2)-mm-giada-angels]
Damage: Nekusar, the Mindrazer (302) deals 1 non-combat damage to Ai(2)-mm-giada-angels.
Life: Life: Ai(2)-mm-giada-angels 35 > 34
Resolve Stack: Whenever an opponent draws a card, Nekusar, the Mindrazer deals 1 damage to that player. [Player: Ai(2)-mm-giada-angels]
Life: Life: Ai(2)-mm-giada-angels 34 > 32
Resolve Stack: Whenever an opponent draws a card, they lose 2 life. [Player: Ai(2)-mm-giada-angels]
Damage: Nekusar, the Mindrazer (302) deals 1 non-combat damage to Ai(2)-mm-giada-angels.
Life: Life: Ai(2)-mm-giada-angels 32 > 31
Resolve Stack: Whenever an opponent draws a card, Nekusar, the Mindrazer deals 1 damage to that player. [Player: Ai(2)-mm-giada-angels]
Phase: Ai(2)-mm-giada-angels' Main phase, precombat
Land: Ai(2)-mm-giada-angels played Plains (171)
Mana: Plains (191) - {T}: Add {W}.
Mana: Plains (190) - {T}: Add {W}.
Mana: Plains (177) - {T}: Add {W}.
Mana: Plains (171) - {T}: Add {W}.
Mana: Cavern of Souls (157) - {T}: Add one mana of any color. Spend this mana only to cast a creature spell of the chosen type, and that spell can't be countered.
Add To Stack: Ai(2)-mm-giada-angels cast Angel of Destiny
Replacement Effect: Each other Angel you control enters with an additional +1/+1 counter on it for each Angel you already control.
Resolve Stack: Angel of Destiny - Creature 2 / 6
Mana: Minas Tirith (125) - {T}: Add {W}.
Mana: Giada, Font of Hope (201) - {T}: Add {W}. Spend this mana only to cast an Angel spell.
Mana: War Room (139) - {T}: Add {C}.
Mana: Nykthos, Shrine to Nyx (132) - {T}: Add {C}.
Add To Stack: Ai(2)-mm-giada-angels cast Exemplar of Light
Mana: Island (238) - {T}: Add {U}.
Mana: Island (237) - {T}: Add {U}.
Add To Stack: Ai(3)-mm-nekusar-discard cast Counterspell targeting [Exemplar of Light - Creature 3 / 3]
Zone Change: Send countered spell to Graveyard
Resolve Stack: Counterspell (225) - Counter Exemplar of Light (160).
Zone Change: Treasure Token (1563) was put into Graveyard from Battlefield.
Mana: Treasure Token (1563) - {T}, Sacrifice this token: Add one mana of any color.
Zone Change: Treasure Token (1562) was put into Graveyard from Battlefield.
Mana: Treasure Token (1562) - {T}, Sacrifice this token: Add one mana of any color.
Add To Stack: Ai(2)-mm-giada-angels cast Bishop of Wings
Resolve Stack: Bishop of Wings - Creature 1 / 4
Phase: Ai(2)-mm-giada-angels' Beginning of Combat Step
Phase: Ai(2)-mm-giada-angels' Declare Attackers Step
Combat: Ai(2)-mm-giada-angels assigned Angelic Field Marshal (107), Bruna, the Fading Light (149), Lyra Dawnbringer (159) and Linvala, Keeper of Silence (122) to attack Ai(3)-mm-nekusar-discard.
Phase: Ai(2)-mm-giada-angels' Declare Blockers Step
Combat: Ai(3)-mm-nekusar-discard assigned Insect Token (1526) to block Angelic Field Marshal (107).
Ai(3)-mm-nekusar-discard assigned Insect Token (1529) to block Bruna, the Fading Light (149).
Ai(3)-mm-nekusar-discard assigned Insect Token (1532) to block Lyra Dawnbringer (159).
Ai(3)-mm-nekusar-discard didn't block Linvala, Keeper of Silence (122).
Phase: Ai(2)-mm-giada-angels' First Strike Damage Step
Damage: Lyra Dawnbringer (159) deals 6 damage to Insect Token (1532).
Life: Life: Ai(2)-mm-giada-angels 31 > 37
Zone Change: Insect Token (1532) was put into Graveyard from Battlefield.
Phase: Ai(2)-mm-giada-angels' Combat Damage Step
Damage: Angelic Field Marshal (107) deals 11 damage to Insect Token (1526).
Life: Life: Ai(2)-mm-giada-angels 37 > 48
Damage: Bruna, the Fading Light (149) deals 10 damage to Insect Token (1529).
Life: Life: Ai(2)-mm-giada-angels 48 > 58
Damage: Linvala, Keeper of Silence (122) deals 6 combat damage to Ai(3)-mm-nekusar-discard.
Life: Life: Ai(2)-mm-giada-angels 58 > 64
Damage: Insect Token (1526) deals 1 damage to Angelic Field Marshal (107).
Damage: Insect Token (1529) deals 1 damage to Bruna, the Fading Light (149).
Life: Life: Ai(3)-mm-nekusar-discard 16 > 10
Zone Change: Insect Token (1526) was put into Graveyard from Battlefield.
Zone Change: Insect Token (1529) was put into Graveyard from Battlefield.
Add To Stack: Ai(2)-mm-giada-angels triggered Angel of Destiny
Life: Life: Ai(2)-mm-giada-angels 64 > 70
Life: Life: Ai(3)-mm-nekusar-discard 10 > 16
Resolve Stack: Whenever a creature you control deals combat damage to a player, you and that player each gain that much life. [Damage Source: Linvala, Keeper of Silence (122), Damaged: Ai(3)-mm-nekusar-discard, Amount: 6]
Phase: Ai(2)-mm-giada-angels' End of Combat Step
Phase: Ai(2)-mm-giada-angels' Main phase, postcombat
Phase: Ai(2)-mm-giada-angels' End step
Add To Stack: Ai(2)-mm-giada-angels triggered Angel of Destiny
Add To Stack: Ai(3)-mm-nekusar-discard triggered Fevered Visions
Damage: Fevered Visions (300) deals 2 non-combat damage to Ai(2)-mm-giada-angels.
Life: Life: Ai(2)-mm-giada-angels 70 > 68
Resolve Stack: At the beginning of each player's end step, that player draws a card. If the player is your opponent and has four or more cards in hand, Fevered Visions deals 2 damage to that player. [Phase: Ai(2)-mm-giada-angels]
Add To Stack: Ai(3)-mm-nekusar-discard triggered Nekusar, the Mindrazer
Add To Stack: Ai(3)-mm-nekusar-discard triggered Sheoldred, the Apocalypse
Life: Life: Ai(2)-mm-giada-angels 68 > 66
Resolve Stack: Whenever an opponent draws a card, they lose 2 life. [Player: Ai(2)-mm-giada-angels]
Damage: Nekusar, the Mindrazer (302) deals 1 non-combat damage to Ai(2)-mm-giada-angels.
Life: Life: Ai(2)-mm-giada-angels 66 > 65
Resolve Stack: Whenever an opponent draws a card, Nekusar, the Mindrazer deals 1 damage to that player. [Player: Ai(2)-mm-giada-angels]
Resolve Stack: At the beginning of your end step, if you have at least 15 life more than your starting life total, each player Angel of Destiny attacked this turn loses the game. [Phase: Ai(2)-mm-giada-angels]
Phase: Ai(2)-mm-giada-angels' Cleanup step
Discard: Ai(2)-mm-giada-angels discards Plains (183).
Discard: Ai(2)-mm-giada-angels discards Folk Hero (131).
Discard: Ai(2)-mm-giada-angels discards Arcane Signet (200).
Turn: Turn 40 (Ai(3)-mm-nekusar-discard)
Phase: Ai(3)-mm-nekusar-discard's Untap step
Phase: Ai(3)-mm-nekusar-discard's Upkeep step
Add To Stack: Ai(3)-mm-nekusar-discard triggered Stormfist Crusader
Life: Life: Ai(3)-mm-nekusar-discard 16 > 15
Life: Life: Ai(2)-mm-giada-angels 65 > 64
Resolve Stack: At the beginning of your upkeep, each player draws a card and loses 1 life. [Phase: Ai(3)-mm-nekusar-discard]
Add To Stack: Ai(3)-mm-nekusar-discard triggered Sheoldred, the Apocalypse
Add To Stack: Ai(3)-mm-nekusar-discard triggered Nekusar, the Mindrazer
Add To Stack: Ai(3)-mm-nekusar-discard triggered Sheoldred, the Apocalypse
Add To Stack: Ai(3)-mm-nekusar-discard triggered The Locust God
Resolve Stack: Whenever you draw a card, create a 1/1 blue and red Insect creature token with flying and haste. [Player: Ai(3)-mm-nekusar-discard]
Life: Life: Ai(2)-mm-giada-angels 64 > 62
Resolve Stack: Whenever an opponent draws a card, they lose 2 life. [Player: Ai(2)-mm-giada-angels]
Damage: Nekusar, the Mindrazer (302) deals 1 non-combat damage to Ai(2)-mm-giada-angels.
Life: Life: Ai(2)-mm-giada-angels 62 > 61
Resolve Stack: Whenever an opponent draws a card, Nekusar, the Mindrazer deals 1 damage to that player. [Player: Ai(2)-mm-giada-angels]
Life: Life: Ai(3)-mm-nekusar-discard 15 > 17
Resolve Stack: Whenever you draw a card, you gain 2 life. [Player: Ai(3)-mm-nekusar-discard]
Phase: Ai(3)-mm-nekusar-discard's Draw step
Add To Stack: Ai(3)-mm-nekusar-discard triggered Sheoldred, the Apocalypse
Add To Stack: Ai(3)-mm-nekusar-discard triggered Font of Mythos
Add To Stack: Ai(3)-mm-nekusar-discard triggered Nekusar, the Mindrazer
Add To Stack: Ai(3)-mm-nekusar-discard triggered The Locust God
Resolve Stack: Whenever you draw a card, create a 1/1 blue and red Insect creature token with flying and haste. [Player: Ai(3)-mm-nekusar-discard]
Resolve Stack: At the beginning of each player's draw step, that player draws an additional card. [Phase: Ai(3)-mm-nekusar-discard]
Add To Stack: Ai(3)-mm-nekusar-discard triggered Sheoldred, the Apocalypse
Add To Stack: Ai(3)-mm-nekusar-discard triggered The Locust God
Resolve Stack: Whenever you draw a card, create a 1/1 blue and red Insect creature token with flying and haste. [Player: Ai(3)-mm-nekusar-discard]
Life: Life: Ai(3)-mm-nekusar-discard 17 > 19
Resolve Stack: Whenever you draw a card, you gain 2 life. [Player: Ai(3)-mm-nekusar-discard]
Resolve Stack: At the beginning of each player's draw step, that player draws two additional cards. [Phase: Ai(3)-mm-nekusar-discard]
Add To Stack: Ai(3)-mm-nekusar-discard triggered Sheoldred, the Apocalypse
Add To Stack: Ai(3)-mm-nekusar-discard triggered Sheoldred, the Apocalypse
Add To Stack: Ai(3)-mm-nekusar-discard triggered The Locust God
Add To Stack: Ai(3)-mm-nekusar-discard triggered The Locust God
Resolve Stack: Whenever you draw a card, create a 1/1 blue and red Insect creature token with flying and haste. [Player: Ai(3)-mm-nekusar-discard]
Resolve Stack: Whenever you draw a card, create a 1/1 blue and red Insect creature token with flying and haste. [Player: Ai(3)-mm-nekusar-discard]
Life: Life: Ai(3)-mm-nekusar-discard 19 > 21
Resolve Stack: Whenever you draw a card, you gain 2 life. [Player: Ai(3)-mm-nekusar-discard]
Life: Life: Ai(3)-mm-nekusar-discard 21 > 23
Resolve Stack: Whenever you draw a card, you gain 2 life. [Player: Ai(3)-mm-nekusar-discard]
Life: Life: Ai(3)-mm-nekusar-discard 23 > 25
Resolve Stack: Whenever you draw a card, you gain 2 life. [Player: Ai(3)-mm-nekusar-discard]
Phase: Ai(3)-mm-nekusar-discard's Main phase, precombat
Land: Ai(3)-mm-nekusar-discard played Geier Reach Sanitarium (212)
Phase: Ai(3)-mm-nekusar-discard's Beginning of Combat Step
Phase: Ai(3)-mm-nekusar-discard's Declare Attackers Step
Phase: Ai(3)-mm-nekusar-discard's Declare Blockers Step
Phase: Ai(3)-mm-nekusar-discard's First Strike Damage Step
Phase: Ai(3)-mm-nekusar-discard's Combat Damage Step
Phase: Ai(3)-mm-nekusar-discard's End of Combat Step
Phase: Ai(3)-mm-nekusar-discard's Main phase, postcombat
Mana: Mountain (289) - {T}: Add {R}.
Mana: Reliquary Tower (278) - {T}: Add {C}.
Add To Stack: Ai(3)-mm-nekusar-discard cast Harmonic Prodigy
Resolve Stack: Harmonic Prodigy - Creature 1 / 3
Mana: Swamp (262) - {T}: Add {B}.
Mana: Mountain (286) - {T}: Add {R}.
Add To Stack: Ai(3)-mm-nekusar-discard cast Talisman of Creativity
Add To Stack: Ai(3)-mm-nekusar-discard triggered Harmonic Prodigy
Resolve Stack: Prowess (Whenever you cast a noncreature spell, this creature gets +1/+1 until end of turn.) [Card: Talisman of Creativity (293), Activator: Ai(3)-mm-nekusar-discard, SpellAbility: Talisman of Creativity]
Resolve Stack: Talisman of Creativity
Mana: Mountain (288) - {T}: Add {R}.
Mana: Island (239) - {T}: Add {U}.
Add To Stack: Ai(3)-mm-nekusar-discard cast Arcane Signet
Add To Stack: Ai(3)-mm-nekusar-discard triggered Harmonic Prodigy
Resolve Stack: Prowess (Whenever you cast a noncreature spell, this creature gets +1/+1 until end of turn.) [Card: Arcane Signet (296), Activator: Ai(3)-mm-nekusar-discard, SpellAbility: Arcane Signet]
Resolve Stack: Arcane Signet
Phase: Ai(3)-mm-nekusar-discard's End step
Add To Stack: Ai(3)-mm-nekusar-discard triggered Fevered Visions
Resolve Stack: At the beginning of each player's end step, that player draws a card. If the player is your opponent and has four or more cards in hand, Fevered Visions deals 2 damage to that player. [Phase: Ai(3)-mm-nekusar-discard]
Add To Stack: Ai(3)-mm-nekusar-discard triggered Sheoldred, the Apocalypse
Add To Stack: Ai(3)-mm-nekusar-discard triggered The Locust God
Resolve Stack: Whenever you draw a card, create a 1/1 blue and red Insect creature token with flying and haste. [Player: Ai(3)-mm-nekusar-discard]
Life: Life: Ai(3)-mm-nekusar-discard 25 > 27
Resolve Stack: Whenever you draw a card, you gain 2 life. [Player: Ai(3)-mm-nekusar-discard]
Phase: Ai(3)-mm-nekusar-discard's Cleanup step
Turn: Turn 41 (Ai(2)-mm-giada-angels)
Phase: Ai(2)-mm-giada-angels' Untap step
Phase: Ai(2)-mm-giada-angels' Upkeep step
Add To Stack: Ai(2)-mm-giada-angels triggered Land Tax
Resolve Stack: At the beginning of your upkeep, if an opponent controls more lands than you, you may search your library for up to three basic land cards, reveal them, put them into your hand, then shuffle. [Phase: Ai(2)-mm-giada-angels]
Phase: Ai(2)-mm-giada-angels' Draw step
Add To Stack: Ai(3)-mm-nekusar-discard triggered Nekusar, the Mindrazer
Add To Stack: Ai(3)-mm-nekusar-discard triggered Nekusar, the Mindrazer
Add To Stack: Ai(3)-mm-nekusar-discard triggered Sheoldred, the Apocalypse
Add To Stack: Ai(3)-mm-nekusar-discard triggered Font of Mythos
Add To Stack: Ai(3)-mm-nekusar-discard triggered Nekusar, the Mindrazer
Add To Stack: Ai(3)-mm-nekusar-discard triggered Nekusar, the Mindrazer
Resolve Stack: At the beginning of each player's draw step, that player draws an additional card. [Phase: Ai(2)-mm-giada-angels]
Add To Stack: Ai(3)-mm-nekusar-discard triggered Nekusar, the Mindrazer
Add To Stack: Ai(3)-mm-nekusar-discard triggered Nekusar, the Mindrazer
Add To Stack: Ai(3)-mm-nekusar-discard triggered Sheoldred, the Apocalypse
Life: Life: Ai(2)-mm-giada-angels 61 > 59
Resolve Stack: Whenever an opponent draws a card, they lose 2 life. [Player: Ai(2)-mm-giada-angels]
Damage: Nekusar, the Mindrazer (302) deals 1 non-combat damage to Ai(2)-mm-giada-angels.
Life: Life: Ai(2)-mm-giada-angels 59 > 58
Resolve Stack: Whenever an opponent draws a card, Nekusar, the Mindrazer deals 1 damage to that player. [Player: Ai(2)-mm-giada-angels]
Damage: Nekusar, the Mindrazer (302) deals 1 non-combat damage to Ai(2)-mm-giada-angels.
Life: Life: Ai(2)-mm-giada-angels 58 > 57
Resolve Stack: Whenever an opponent draws a card, Nekusar, the Mindrazer deals 1 damage to that player. [Player: Ai(2)-mm-giada-angels]
Resolve Stack: At the beginning of each player's draw step, that player draws an additional card. [Phase: Ai(2)-mm-giada-angels]
Add To Stack: Ai(3)-mm-nekusar-discard triggered Nekusar, the Mindrazer
Add To Stack: Ai(3)-mm-nekusar-discard triggered Nekusar, the Mindrazer
Add To Stack: Ai(3)-mm-nekusar-discard triggered Sheoldred, the Apocalypse
Life: Life: Ai(2)-mm-giada-angels 57 > 55
Resolve Stack: Whenever an opponent draws a card, they lose 2 life. [Player: Ai(2)-mm-giada-angels]
Damage: Nekusar, the Mindrazer (302) deals 1 non-combat damage to Ai(2)-mm-giada-angels.
Life: Life: Ai(2)-mm-giada-angels 55 > 54
Resolve Stack: Whenever an opponent draws a card, Nekusar, the Mindrazer deals 1 damage to that player. [Player: Ai(2)-mm-giada-angels]
Damage: Nekusar, the Mindrazer (302) deals 1 non-combat damage to Ai(2)-mm-giada-angels.
Life: Life: Ai(2)-mm-giada-angels 54 > 53
Resolve Stack: Whenever an opponent draws a card, Nekusar, the Mindrazer deals 1 damage to that player. [Player: Ai(2)-mm-giada-angels]
Resolve Stack: At the beginning of each player's draw step, that player draws two additional cards. [Phase: Ai(2)-mm-giada-angels]
Add To Stack: Ai(3)-mm-nekusar-discard triggered Nekusar, the Mindrazer
Add To Stack: Ai(3)-mm-nekusar-discard triggered Nekusar, the Mindrazer
Add To Stack: Ai(3)-mm-nekusar-discard triggered Sheoldred, the Apocalypse
Add To Stack: Ai(3)-mm-nekusar-discard triggered Nekusar, the Mindrazer
Add To Stack: Ai(3)-mm-nekusar-discard triggered Nekusar, the Mindrazer
Add To Stack: Ai(3)-mm-nekusar-discard triggered Sheoldred, the Apocalypse
Life: Life: Ai(2)-mm-giada-angels 53 > 51
Resolve Stack: Whenever an opponent draws a card, they lose 2 life. [Player: Ai(2)-mm-giada-angels]
Damage: Nekusar, the Mindrazer (302) deals 1 non-combat damage to Ai(2)-mm-giada-angels.
Life: Life: Ai(2)-mm-giada-angels 51 > 50
Resolve Stack: Whenever an opponent draws a card, Nekusar, the Mindrazer deals 1 damage to that player. [Player: Ai(2)-mm-giada-angels]
Damage: Nekusar, the Mindrazer (302) deals 1 non-combat damage to Ai(2)-mm-giada-angels.
Life: Life: Ai(2)-mm-giada-angels 50 > 49
Resolve Stack: Whenever an opponent draws a card, Nekusar, the Mindrazer deals 1 damage to that player. [Player: Ai(2)-mm-giada-angels]
Life: Life: Ai(2)-mm-giada-angels 49 > 47
Resolve Stack: Whenever an opponent draws a card, they lose 2 life. [Player: Ai(2)-mm-giada-angels]
Damage: Nekusar, the Mindrazer (302) deals 1 non-combat damage to Ai(2)-mm-giada-angels.
Life: Life: Ai(2)-mm-giada-angels 47 > 46
Resolve Stack: Whenever an opponent draws a card, Nekusar, the Mindrazer deals 1 damage to that player. [Player: Ai(2)-mm-giada-angels]
Damage: Nekusar, the Mindrazer (302) deals 1 non-combat damage to Ai(2)-mm-giada-angels.
Life: Life: Ai(2)-mm-giada-angels 46 > 45
Resolve Stack: Whenever an opponent draws a card, Nekusar, the Mindrazer deals 1 damage to that player. [Player: Ai(2)-mm-giada-angels]
Life: Life: Ai(2)-mm-giada-angels 45 > 43
Resolve Stack: Whenever an opponent draws a card, they lose 2 life. [Player: Ai(2)-mm-giada-angels]
Damage: Nekusar, the Mindrazer (302) deals 1 non-combat damage to Ai(2)-mm-giada-angels.
Life: Life: Ai(2)-mm-giada-angels 43 > 42
Resolve Stack: Whenever an opponent draws a card, Nekusar, the Mindrazer deals 1 damage to that player. [Player: Ai(2)-mm-giada-angels]
Damage: Nekusar, the Mindrazer (302) deals 1 non-combat damage to Ai(2)-mm-giada-angels.
Life: Life: Ai(2)-mm-giada-angels 42 > 41
Resolve Stack: Whenever an opponent draws a card, Nekusar, the Mindrazer deals 1 damage to that player. [Player: Ai(2)-mm-giada-angels]
Phase: Ai(2)-mm-giada-angels' Main phase, precombat
Replacement Effect: Myriad Landscape enters tapped.
Land: Ai(2)-mm-giada-angels played Myriad Landscape (163)
Mana: Plains (174) - {T}: Add {W}.
Mana: Plains (175) - {T}: Add {W}.
Mana: Plains (193) - {T}: Add {W}.
Mana: Plains (191) - {T}: Add {W}.
Mana: Plains (190) - {T}: Add {W}.
Mana: Plains (177) - {T}: Add {W}.
Add To Stack: Ai(2)-mm-giada-angels cast Farewell
Zone Change: Swiftfoot Boots (142) was put into Exile from Battlefield.
Zone Change: Font of Mythos (272) was put into Exile from Battlefield.
Zone Change: Talisman of Creativity (293) was put into Exile from Battlefield.
Zone Change: Arcane Signet (296) was put into Exile from Battlefield.
Zone Change: Giada, Font of Hope (201) was put into Exile from Battlefield.
Zone Change: Lyra Dawnbringer (159) was put into Exile from Battlefield.
Zone Change: Linvala, Keeper of Silence (122) was put into Exile from Battlefield.
Zone Change: Bruna, the Fading Light (149) was put into Exile from Battlefield.
Zone Change: Angelic Field Marshal (107) was put into Exile from Battlefield.
Zone Change: Angel of Destiny (145) was put into Exile from Battlefield.
Zone Change: Bishop of Wings (106) was put into Exile from Battlefield.
Zone Change: The Locust God (234) was put into Exile from Battlefield.
Zone Change: Stormfist Crusader (245) was put into Exile from Battlefield.
Zone Change: Insect Token (1536) was put into Exile from Battlefield.
Zone Change: Insect Token (1538) was put into Exile from Battlefield.
Zone Change: Nekusar, the Mindrazer (302) was put into Exile from Battlefield.
Zone Change: Insect Token (1541) was put into Exile from Battlefield.
Zone Change: Insect Token (1545) was put into Exile from Battlefield.
Zone Change: Insect Token (1548) was put into Exile from Battlefield.
Zone Change: Insect Token (1551) was put into Exile from Battlefield.
Zone Change: Insect Token (1555) was put into Exile from Battlefield.
Zone Change: Insect Token (1557) was put into Exile from Battlefield.
Zone Change: Sheoldred, the Apocalypse (227) was put into Exile from Battlefield.
Zone Change: Insect Token (1560) was put into Exile from Battlefield.
Zone Change: Insect Token (1567) was put into Exile from Battlefield.
Zone Change: Insect Token (1570) was put into Exile from Battlefield.
Zone Change: Insect Token (1573) was put into Exile from Battlefield.
Zone Change: Insect Token (1577) was put into Exile from Battlefield.
Zone Change: Insect Token (1579) was put into Exile from Battlefield.
Zone Change: Harmonic Prodigy (248) was put into Exile from Battlefield.
Zone Change: Insect Token (1582) was put into Exile from Battlefield.
Zone Change: Land Tax (161) was put into Exile from Battlefield.
Zone Change: Fevered Visions (300) was put into Exile from Battlefield.
Resolve Stack: Farewell (121) -  Exile all artifacts. Exile all creatures. Exile all enchantments. Exile all graveyards.
Phase: Ai(2)-mm-giada-angels' Beginning of Combat Step
Phase: Ai(2)-mm-giada-angels' Declare Attackers Step
Phase: Ai(2)-mm-giada-angels' Declare Blockers Step
Phase: Ai(2)-mm-giada-angels' First Strike Damage Step
Phase: Ai(2)-mm-giada-angels' Combat Damage Step
Phase: Ai(2)-mm-giada-angels' End of Combat Step
Phase: Ai(2)-mm-giada-angels' Main phase, postcombat
Mana: Plains (171) - {T}: Add {W}.
Mana: Cavern of Souls (157) - {T}: Add one mana of any color. Spend this mana only to cast a creature spell of the chosen type, and that spell can't be countered.
Mana: War Room (139) - {T}: Add {C}.
Mana: Minas Tirith (125) - {T}: Add {W}.
Mana: Nykthos, Shrine to Nyx (132) - {T}: Add {C}.
Add To Stack: Ai(2)-mm-giada-angels cast Archangel of Thune
Resolve Stack: Archangel of Thune - Creature 3 / 4
Phase: Ai(2)-mm-giada-angels' End step
Phase: Ai(2)-mm-giada-angels' Cleanup step
Discard: Ai(2)-mm-giada-angels discards Lightning Greaves (196).
Discard: Ai(2)-mm-giada-angels discards The Book of Exalted Deeds (153).
Discard: Ai(2)-mm-giada-angels discards Urza's Incubator (164).
Turn: Turn 42 (Ai(3)-mm-nekusar-discard)
Phase: Ai(3)-mm-nekusar-discard's Untap step
Phase: Ai(3)-mm-nekusar-discard's Upkeep step
Phase: Ai(3)-mm-nekusar-discard's Draw step
Phase: Ai(3)-mm-nekusar-discard's Main phase, precombat
Land: Ai(3)-mm-nekusar-discard played Island (242)
Phase: Ai(3)-mm-nekusar-discard's Beginning of Combat Step
Phase: Ai(3)-mm-nekusar-discard's Declare Attackers Step
Phase: Ai(3)-mm-nekusar-discard's Declare Blockers Step
Phase: Ai(3)-mm-nekusar-discard's First Strike Damage Step
Phase: Ai(3)-mm-nekusar-discard's Combat Damage Step
Phase: Ai(3)-mm-nekusar-discard's End of Combat Step
Phase: Ai(3)-mm-nekusar-discard's Main phase, postcombat
Mana: Swamp (262) - {T}: Add {B}.
Mana: Reliquary Tower (278) - {T}: Add {C}.
Mana: Mountain (289) - {T}: Add {R}.
Mana: Mountain (286) - {T}: Add {R}.
Add To Stack: Ai(3)-mm-nekusar-discard cast Fate Unraveler
Resolve Stack: Fate Unraveler - Creature 3 / 4
Mana: Mountain (288) - {T}: Add {R}.
Mana: Drowned Catacomb (280) - {T}: Add {U} or {B}.
Mana: Island (239) - {T}: Add {U}.
Mana: Island (238) - {T}: Add {U}.
Mana: Island (237) - {T}: Add {U}.
Mana: Island (242) - {T}: Add {U}.
Mana: Dragonskull Summit (254) - {T}: Add {B} or {R}.
Mana: Blood Crypt (217) - {T}: Add {R}.
Mana: Watery Grave (235) - {T}: Add {B}.
Add To Stack: Ai(3)-mm-nekusar-discard cast Nekusar, the Mindrazer
Resolve Stack: Nekusar, the Mindrazer - Creature 2 / 4
Phase: Ai(3)-mm-nekusar-discard's End step
Phase: Ai(3)-mm-nekusar-discard's Cleanup step
Turn: Turn 43 (Ai(2)-mm-giada-angels)
Phase: Ai(2)-mm-giada-angels' Untap step
Phase: Ai(2)-mm-giada-angels' Upkeep step
Phase: Ai(2)-mm-giada-angels' Draw step
Add To Stack: Ai(3)-mm-nekusar-discard triggered Fate Unraveler
Add To Stack: Ai(3)-mm-nekusar-discard triggered Nekusar, the Mindrazer
Add To Stack: Ai(3)-mm-nekusar-discard triggered Nekusar, the Mindrazer
Resolve Stack: At the beginning of each player's draw step, that player draws an additional card. [Phase: Ai(2)-mm-giada-angels]
Add To Stack: Ai(3)-mm-nekusar-discard triggered Fate Unraveler
Add To Stack: Ai(3)-mm-nekusar-discard triggered Nekusar, the Mindrazer
Damage: Nekusar, the Mindrazer (302) deals 1 non-combat damage to Ai(2)-mm-giada-angels.
Life: Life: Ai(2)-mm-giada-angels 41 > 40
Resolve Stack: Whenever an opponent draws a card, Nekusar, the Mindrazer deals 1 damage to that player. [Player: Ai(2)-mm-giada-angels]
Damage: Fate Unraveler (219) deals 1 non-combat damage to Ai(2)-mm-giada-angels.
Life: Life: Ai(2)-mm-giada-angels 40 > 39
Resolve Stack: Whenever an opponent draws a card, Fate Unraveler deals 1 damage to that player. [Player: Ai(2)-mm-giada-angels]
Damage: Nekusar, the Mindrazer (302) deals 1 non-combat damage to Ai(2)-mm-giada-angels.
Life: Life: Ai(2)-mm-giada-angels 39 > 38
Resolve Stack: Whenever an opponent draws a card, Nekusar, the Mindrazer deals 1 damage to that player. [Player: Ai(2)-mm-giada-angels]
Mana: Plains (174) - {T}: Add {W}.
Mana: Plains (175) - {T}: Add {W}.
Mana: Plains (193) - {T}: Add {W}.
Add To Stack: Ai(2)-mm-giada-angels cast Stroke of Midnight targeting [Fate Unraveler (219)]
Zone Change: Fate Unraveler (219) was put into Graveyard from Battlefield.
Resolve Stack: Stroke of Midnight (166) - Destroy Fate Unraveler (219). 
Damage: Fate Unraveler (219) deals 1 non-combat damage to Ai(2)-mm-giada-angels.
Life: Life: Ai(2)-mm-giada-angels 38 > 37
Resolve Stack: Whenever an opponent draws a card, Fate Unraveler deals 1 damage to that player. [Player: Ai(2)-mm-giada-angels]
Phase: Ai(2)-mm-giada-angels' Main phase, precombat
Mana: Plains (191) - {T}: Add {W}.
Mana: Plains (190) - {T}: Add {W}.
Mana: Plains (177) - {T}: Add {W}.
Mana: Plains (171) - {T}: Add {W}.
Add To Stack: Ai(2)-mm-giada-angels cast Angel of Jubilation
Resolve Stack: Angel of Jubilation - Creature 3 / 3
Mana: Cavern of Souls (157) - {T}: Add one mana of any color. Spend this mana only to cast a creature spell of the chosen type, and that spell can't be countered.
Mana: Minas Tirith (125) - {T}: Add {W}.
Mana: War Room (139) - {T}: Add {C}.
Mana: Myriad Landscape (163) - {T}: Add {C}.
Add To Stack: Ai(2)-mm-giada-angels cast Thraben Watcher
Resolve Stack: Thraben Watcher - Creature 2 / 2
Phase: Ai(2)-mm-giada-angels' Beginning of Combat Step
Phase: Ai(2)-mm-giada-angels' Declare Attackers Step
Combat: Ai(2)-mm-giada-angels assigned Archangel of Thune (136) to attack Ai(3)-mm-nekusar-discard.
Phase: Ai(2)-mm-giada-angels' Declare Blockers Step
Combat: Ai(3)-mm-nekusar-discard didn't block Archangel of Thune (136).
Phase: Ai(2)-mm-giada-angels' First Strike Damage Step
Phase: Ai(2)-mm-giada-angels' Combat Damage Step
Damage: Archangel of Thune (136) deals 5 combat damage to Ai(3)-mm-nekusar-discard.
Life: Life: Ai(2)-mm-giada-angels 37 > 42
Life: Life: Ai(3)-mm-nekusar-discard 27 > 22
Add To Stack: Ai(2)-mm-giada-angels triggered Archangel of Thune
Resolve Stack: Whenever you gain life, put a +1/+1 counter on each creature you control. [Player: Ai(2)-mm-giada-angels, Gained Amount: 5]
Phase: Ai(2)-mm-giada-angels' End of Combat Step
Phase: Ai(2)-mm-giada-angels' Main phase, postcombat
Phase: Ai(2)-mm-giada-angels' End step
Phase: Ai(2)-mm-giada-angels' Cleanup step
Turn: Turn 44 (Ai(3)-mm-nekusar-discard)
Phase: Ai(3)-mm-nekusar-discard's Untap step
Phase: Ai(3)-mm-nekusar-discard's Upkeep step
Phase: Ai(3)-mm-nekusar-discard's Draw step
Add To Stack: Ai(3)-mm-nekusar-discard triggered Nekusar, the Mindrazer
Resolve Stack: At the beginning of each player's draw step, that player draws an additional card. [Phase: Ai(3)-mm-nekusar-discard]
Phase: Ai(3)-mm-nekusar-discard's Main phase, precombat
Land: Ai(3)-mm-nekusar-discard played Command Tower (216)
Phase: Ai(3)-mm-nekusar-discard's Beginning of Combat Step
Phase: Ai(3)-mm-nekusar-discard's Declare Attackers Step
Phase: Ai(3)-mm-nekusar-discard's Declare Blockers Step
Phase: Ai(3)-mm-nekusar-discard's First Strike Damage Step
Phase: Ai(3)-mm-nekusar-discard's Combat Damage Step
Phase: Ai(3)-mm-nekusar-discard's End of Combat Step
Phase: Ai(3)-mm-nekusar-discard's Main phase, postcombat
Mana: Reliquary Tower (278) - {T}: Add {C}.
Mana: Swamp (262) - {T}: Add {B}.
Mana: Mountain (289) - {T}: Add {R}.
Mana: Mountain (286) - {T}: Add {R}.
Add To Stack: Ai(3)-mm-nekusar-discard cast Teferi's Puzzle Box
Resolve Stack: Teferi's Puzzle Box
Phase: Ai(3)-mm-nekusar-discard's End step
Phase: Ai(3)-mm-nekusar-discard's Cleanup step
Turn: Turn 45 (Ai(2)-mm-giada-angels)
Phase: Ai(2)-mm-giada-angels' Untap step
Phase: Ai(2)-mm-giada-angels' Upkeep step
Phase: Ai(2)-mm-giada-angels' Draw step
Add To Stack: Ai(3)-mm-nekusar-discard triggered Nekusar, the Mindrazer
Add To Stack: Ai(3)-mm-nekusar-discard triggered Teferi's Puzzle Box
Add To Stack: Ai(3)-mm-nekusar-discard triggered Nekusar, the Mindrazer
Resolve Stack: At the beginning of each player's draw step, that player draws an additional card. [Phase: Ai(2)-mm-giada-angels]
Add To Stack: Ai(3)-mm-nekusar-discard triggered Nekusar, the Mindrazer
Damage: Nekusar, the Mindrazer (302) deals 1 non-combat damage to Ai(2)-mm-giada-angels.
Life: Life: Ai(2)-mm-giada-angels 42 > 41
Resolve Stack: Whenever an opponent draws a card, Nekusar, the Mindrazer deals 1 damage to that player. [Player: Ai(2)-mm-giada-angels]
Resolve Stack: At the beginning of each player's draw step, that player puts the cards in their hand on the bottom of their library in any order, then draws that many cards. [Phase: Ai(2)-mm-giada-angels]
Add To Stack: Ai(3)-mm-nekusar-discard triggered Nekusar, the Mindrazer
Add To Stack: Ai(3)-mm-nekusar-discard triggered Nekusar, the Mindrazer
Add To Stack: Ai(3)-mm-nekusar-discard triggered Nekusar, the Mindrazer
Add To Stack: Ai(3)-mm-nekusar-discard triggered Nekusar, the Mindrazer
Add To Stack: Ai(3)-mm-nekusar-discard triggered Nekusar, the Mindrazer
Add To Stack: Ai(3)-mm-nekusar-discard triggered Nekusar, the Mindrazer
Add To Stack: Ai(3)-mm-nekusar-discard triggered Nekusar, the Mindrazer
Add To Stack: Ai(3)-mm-nekusar-discard triggered Nekusar, the Mindrazer
Damage: Nekusar, the Mindrazer (302) deals 1 non-combat damage to Ai(2)-mm-giada-angels.
Life: Life: Ai(2)-mm-giada-angels 41 > 40
Resolve Stack: Whenever an opponent draws a card, Nekusar, the Mindrazer deals 1 damage to that player. [Player: Ai(2)-mm-giada-angels]
Damage: Nekusar, the Mindrazer (302) deals 1 non-combat damage to Ai(2)-mm-giada-angels.
Life: Life: Ai(2)-mm-giada-angels 40 > 39
Resolve Stack: Whenever an opponent draws a card, Nekusar, the Mindrazer deals 1 damage to that player. [Player: Ai(2)-mm-giada-angels]
Damage: Nekusar, the Mindrazer (302) deals 1 non-combat damage to Ai(2)-mm-giada-angels.
Life: Life: Ai(2)-mm-giada-angels 39 > 38
Resolve Stack: Whenever an opponent draws a card, Nekusar, the Mindrazer deals 1 damage to that player. [Player: Ai(2)-mm-giada-angels]
Damage: Nekusar, the Mindrazer (302) deals 1 non-combat damage to Ai(2)-mm-giada-angels.
Life: Life: Ai(2)-mm-giada-angels 38 > 37
Resolve Stack: Whenever an opponent draws a card, Nekusar, the Mindrazer deals 1 damage to that player. [Player: Ai(2)-mm-giada-angels]
Damage: Nekusar, the Mindrazer (302) deals 1 non-combat damage to Ai(2)-mm-giada-angels.
Life: Life: Ai(2)-mm-giada-angels 37 > 36
Resolve Stack: Whenever an opponent draws a card, Nekusar, the Mindrazer deals 1 damage to that player. [Player: Ai(2)-mm-giada-angels]
Damage: Nekusar, the Mindrazer (302) deals 1 non-combat damage to Ai(2)-mm-giada-angels.
Life: Life: Ai(2)-mm-giada-angels 36 > 35
Resolve Stack: Whenever an opponent draws a card, Nekusar, the Mindrazer deals 1 damage to that player. [Player: Ai(2)-mm-giada-angels]
Damage: Nekusar, the Mindrazer (302) deals 1 non-combat damage to Ai(2)-mm-giada-angels.
Life: Life: Ai(2)-mm-giada-angels 35 > 34
Resolve Stack: Whenever an opponent draws a card, Nekusar, the Mindrazer deals 1 damage to that player. [Player: Ai(2)-mm-giada-angels]
Damage: Nekusar, the Mindrazer (302) deals 1 non-combat damage to Ai(2)-mm-giada-angels.
Life: Life: Ai(2)-mm-giada-angels 34 > 33
Resolve Stack: Whenever an opponent draws a card, Nekusar, the Mindrazer deals 1 damage to that player. [Player: Ai(2)-mm-giada-angels]
Damage: Nekusar, the Mindrazer (302) deals 1 non-combat damage to Ai(2)-mm-giada-angels.
Life: Life: Ai(2)-mm-giada-angels 33 > 32
Resolve Stack: Whenever an opponent draws a card, Nekusar, the Mindrazer deals 1 damage to that player. [Player: Ai(2)-mm-giada-angels]
Phase: Ai(2)-mm-giada-angels' Main phase, precombat
Mana: Plains (174) - {T}: Add {W}.
Mana: Plains (175) - {T}: Add {W}.
Mana: Plains (193) - {T}: Add {W}.
Mana: Plains (191) - {T}: Add {W}.
Add To Stack: Ai(2)-mm-giada-angels cast Firemane Commando
Resolve Stack: Firemane Commando - Creature 4 / 3
Phase: Ai(2)-mm-giada-angels' Beginning of Combat Step
Phase: Ai(2)-mm-giada-angels' Declare Attackers Step
Combat: Ai(2)-mm-giada-angels assigned Archangel of Thune (136), Angel of Jubilation (137) and Thraben Watcher (133) to attack Ai(3)-mm-nekusar-discard.
Add To Stack: Ai(2)-mm-giada-angels triggered Firemane Commando
Resolve Stack: Whenever you attack with two or more creatures, draw a card. [Number Attackers: [Archangel of Thune (136), Angel of Jubilation (137), Thraben Watcher (133)]]
Add To Stack: Ai(3)-mm-nekusar-discard triggered Nekusar, the Mindrazer
Damage: Nekusar, the Mindrazer (302) deals 1 non-combat damage to Ai(2)-mm-giada-angels.
Life: Life: Ai(2)-mm-giada-angels 32 > 31
Resolve Stack: Whenever an opponent draws a card, Nekusar, the Mindrazer deals 1 damage to that player. [Player: Ai(2)-mm-giada-angels]
Phase: Ai(2)-mm-giada-angels' Declare Blockers Step
Combat: Ai(3)-mm-nekusar-discard didn't block Archangel of Thune (136).
Ai(3)-mm-nekusar-discard didn't block Angel of Jubilation (137).
Ai(3)-mm-nekusar-discard didn't block Thraben Watcher (133).
Phase: Ai(2)-mm-giada-angels' First Strike Damage Step
Phase: Ai(2)-mm-giada-angels' Combat Damage Step
Damage: Archangel of Thune (136) deals 6 combat damage to Ai(3)-mm-nekusar-discard.
Life: Life: Ai(2)-mm-giada-angels 31 > 37
Damage: Angel of Jubilation (137) deals 5 combat damage to Ai(3)-mm-nekusar-discard.
Damage: Thraben Watcher (133) deals 4 combat damage to Ai(3)-mm-nekusar-discard.
Life: Life: Ai(3)-mm-nekusar-discard 22 > 7
Add To Stack: Ai(2)-mm-giada-angels triggered Archangel of Thune
Resolve Stack: Whenever you gain life, put a +1/+1 counter on each creature you control. [Player: Ai(2)-mm-giada-angels, Gained Amount: 6]
Phase: Ai(2)-mm-giada-angels' End of Combat Step
Phase: Ai(2)-mm-giada-angels' Main phase, postcombat
Mana: Plains (190) - {T}: Add {W}.
Mana: Plains (177) - {T}: Add {W}.
Mana: Plains (171) - {T}: Add {W}.
Mana: Cavern of Souls (157) - {T}: Add one mana of any color. Spend this mana only to cast a creature spell of the chosen type, and that spell can't be countered.
Mana: War Room (139) - {T}: Add {C}.
Mana: Myriad Landscape (163) - {T}: Add {C}.
Mana: Minas Tirith (125) - {T}: Add {W}.
Mana: Nykthos, Shrine to Nyx (132) - {T}: Add {C}.
Add To Stack: Ai(2)-mm-giada-angels cast Avacyn, Angel of Hope
Resolve Stack: Avacyn, Angel of Hope - Creature 8 / 8
Phase: Ai(2)-mm-giada-angels' End step
Phase: Ai(2)-mm-giada-angels' Cleanup step
Turn: Turn 46 (Ai(3)-mm-nekusar-discard)
Phase: Ai(3)-mm-nekusar-discard's Untap step
Phase: Ai(3)-mm-nekusar-discard's Upkeep step
Phase: Ai(3)-mm-nekusar-discard's Draw step
Add To Stack: Ai(3)-mm-nekusar-discard triggered Teferi's Puzzle Box
Add To Stack: Ai(3)-mm-nekusar-discard triggered Nekusar, the Mindrazer
Resolve Stack: At the beginning of each player's draw step, that player draws an additional card. [Phase: Ai(3)-mm-nekusar-discard]
Resolve Stack: At the beginning of each player's draw step, that player puts the cards in their hand on the bottom of their library in any order, then draws that many cards. [Phase: Ai(3)-mm-nekusar-discard]
Phase: Ai(3)-mm-nekusar-discard's Main phase, precombat
Replacement Effect: Sulfur Falls enters tapped unless you control an Island or a Mountain.
Land: Ai(3)-mm-nekusar-discard played Sulfur Falls (231)
Phase: Ai(3)-mm-nekusar-discard's Beginning of Combat Step
Phase: Ai(3)-mm-nekusar-discard's Declare Attackers Step
Phase: Ai(3)-mm-nekusar-discard's Declare Blockers Step
Phase: Ai(3)-mm-nekusar-discard's First Strike Damage Step
Phase: Ai(3)-mm-nekusar-discard's Combat Damage Step
Phase: Ai(3)-mm-nekusar-discard's End of Combat Step
Phase: Ai(3)-mm-nekusar-discard's Main phase, postcombat
Mana: Mountain (289) - {T}: Add {R}.
Mana: Island (239) - {T}: Add {U}.
Mana: Reliquary Tower (278) - {T}: Add {C}.
Add To Stack: Ai(3)-mm-nekusar-discard cast Ghyrson Starn, Kelermorph
Resolve Stack: Ghyrson Starn, Kelermorph - Creature 3 / 2
Mana: Mountain (286) - {T}: Add {R}.
Mana: Mountain (288) - {T}: Add {R}.
Add To Stack: Ai(3)-mm-nekusar-discard cast Razorkin Needlehead
Resolve Stack: Razorkin Needlehead - Creature 2 / 2
Mana: Island (238) - {T}: Add {U}.
Mana: Swamp (262) - {T}: Add {B}.
Mana: Island (237) - {T}: Add {U}.
Add To Stack: Ai(3)-mm-nekusar-discard cast Propaganda
Resolve Stack: Propaganda
Mana: Island (242) - {T}: Add {U}.
Mana: Drowned Catacomb (280) - {T}: Add {U} or {B}.
Add To Stack: Ai(3)-mm-nekusar-discard cast Kami of the Crescent Moon
Resolve Stack: Kami of the Crescent Moon - Creature 1 / 3
Mana: Dragonskull Summit (254) - {T}: Add {B} or {R}.
Mana: Sulfur Falls (231) - {T}: Add {U} or {R}.
Add To Stack: Ai(3)-mm-nekusar-discard cast Liliana's Caress
Resolve Stack: Liliana's Caress
Mana: Blood Crypt (217) - {T}: Add {R}.
Mana: Watery Grave (235) - {T}: Add {B}.
Add To Stack: Ai(3)-mm-nekusar-discard activated Geier Reach Sanitarium
Discard: Ai(2)-mm-giada-angels discards Starnheim Aspirant (147).
Discard: Ai(3)-mm-nekusar-discard discards Island (240).
Resolve Stack: Geier Reach Sanitarium (212) - Ai(3)-mm-nekusar-discard and Ai(2)-mm-giada-angels each draw a card. Ai(3)-mm-nekusar-discard and Ai(2)-mm-giada-angels discard a card.
Add To Stack: Ai(3)-mm-nekusar-discard triggered Nekusar, the Mindrazer
Add To Stack: Ai(3)-mm-nekusar-discard triggered Razorkin Needlehead
Add To Stack: Ai(3)-mm-nekusar-discard triggered Liliana's Caress
Life: Life: Ai(2)-mm-giada-angels 37 > 35
Resolve Stack: Whenever an opponent discards a card, that player loses 2 life. [Discarded: Starnheim Aspirant (147), Cause: ]
Damage: Razorkin Needlehead (233) deals 1 non-combat damage to Ai(2)-mm-giada-angels.
Life: Life: Ai(2)-mm-giada-angels 35 > 34
Resolve Stack: Whenever an opponent draws a card, Razorkin Needlehead deals 1 damage to them. [Player: Ai(2)-mm-giada-angels]
Add To Stack: Ai(3)-mm-nekusar-discard triggered Ghyrson Starn, Kelermorph
Damage: Ghyrson Starn, Kelermorph (218) deals 2 non-combat damage to Ai(2)-mm-giada-angels.
Life: Life: Ai(2)-mm-giada-angels 34 > 32
Resolve Stack: Three Autostubs — Whenever another source you control deals exactly 1 damage to a permanent or player, Ghyrson Starn, Kelermorph deals 2 damage to that permanent or player. [Damage Source: Razorkin Needlehead (233), Damaged: Ai(2)-mm-giada-angels, Amount: 1]
Damage: Nekusar, the Mindrazer (302) deals 1 non-combat damage to Ai(2)-mm-giada-angels.
Life: Life: Ai(2)-mm-giada-angels 32 > 31
Resolve Stack: Whenever an opponent draws a card, Nekusar, the Mindrazer deals 1 damage to that player. [Player: Ai(2)-mm-giada-angels]
Add To Stack: Ai(3)-mm-nekusar-discard triggered Ghyrson Starn, Kelermorph
Damage: Ghyrson Starn, Kelermorph (218) deals 2 non-combat damage to Ai(2)-mm-giada-angels.
Life: Life: Ai(2)-mm-giada-angels 31 > 29
Resolve Stack: Three Autostubs — Whenever another source you control deals exactly 1 damage to a permanent or player, Ghyrson Starn, Kelermorph deals 2 damage to that permanent or player. [Damage Source: Nekusar, the Mindrazer (302), Damaged: Ai(2)-mm-giada-angels, Amount: 1]
Mana: Command Tower (216) - {T}: Add one mana of any color in your commander's color identity.
Add To Stack: Ai(3)-mm-nekusar-discard cast Sol Ring
Resolve Stack: Sol Ring
Phase: Ai(3)-mm-nekusar-discard's End step
Phase: Ai(3)-mm-nekusar-discard's Cleanup step
Turn: Turn 47 (Ai(2)-mm-giada-angels)
Phase: Ai(2)-mm-giada-angels' Untap step
Phase: Ai(2)-mm-giada-angels' Upkeep step
Phase: Ai(2)-mm-giada-angels' Draw step
Add To Stack: Ai(3)-mm-nekusar-discard triggered Nekusar, the Mindrazer
Add To Stack: Ai(3)-mm-nekusar-discard triggered Razorkin Needlehead
Add To Stack: Ai(3)-mm-nekusar-discard triggered Teferi's Puzzle Box
Add To Stack: Ai(3)-mm-nekusar-discard triggered Nekusar, the Mindrazer
Add To Stack: Ai(3)-mm-nekusar-discard triggered Kami of the Crescent Moon
Resolve Stack: At the beginning of each player's draw step, that player draws an additional card. [Phase: Ai(2)-mm-giada-angels]
Add To Stack: Ai(3)-mm-nekusar-discard triggered Nekusar, the Mindrazer
Add To Stack: Ai(3)-mm-nekusar-discard triggered Razorkin Needlehead
Damage: Razorkin Needlehead (233) deals 1 non-combat damage to Ai(2)-mm-giada-angels.
Life: Life: Ai(2)-mm-giada-angels 29 > 28
Resolve Stack: Whenever an opponent draws a card, Razorkin Needlehead deals 1 damage to them. [Player: Ai(2)-mm-giada-angels]
Add To Stack: Ai(3)-mm-nekusar-discard triggered Ghyrson Starn, Kelermorph
Damage: Ghyrson Starn, Kelermorph (218) deals 2 non-combat damage to Ai(2)-mm-giada-angels.
Life: Life: Ai(2)-mm-giada-angels 28 > 26
Resolve Stack: Three Autostubs — Whenever another source you control deals exactly 1 damage to a permanent or player, Ghyrson Starn, Kelermorph deals 2 damage to that permanent or player. [Damage Source: Razorkin Needlehead (233), Damaged: Ai(2)-mm-giada-angels, Amount: 1]
Damage: Nekusar, the Mindrazer (302) deals 1 non-combat damage to Ai(2)-mm-giada-angels.
Life: Life: Ai(2)-mm-giada-angels 26 > 25
Resolve Stack: Whenever an opponent draws a card, Nekusar, the Mindrazer deals 1 damage to that player. [Player: Ai(2)-mm-giada-angels]
Add To Stack: Ai(3)-mm-nekusar-discard triggered Ghyrson Starn, Kelermorph
Damage: Ghyrson Starn, Kelermorph (218) deals 2 non-combat damage to Ai(2)-mm-giada-angels.
Life: Life: Ai(2)-mm-giada-angels 25 > 23
Resolve Stack: Three Autostubs — Whenever another source you control deals exactly 1 damage to a permanent or player, Ghyrson Starn, Kelermorph deals 2 damage to that permanent or player. [Damage Source: Nekusar, the Mindrazer (302), Damaged: Ai(2)-mm-giada-angels, Amount: 1]
Resolve Stack: At the beginning of each player's draw step, that player draws an additional card. [Phase: Ai(2)-mm-giada-angels]
Add To Stack: Ai(3)-mm-nekusar-discard triggered Nekusar, the Mindrazer
Add To Stack: Ai(3)-mm-nekusar-discard triggered Razorkin Needlehead
Damage: Razorkin Needlehead (233) deals 1 non-combat damage to Ai(2)-mm-giada-angels.
Life: Life: Ai(2)-mm-giada-angels 23 > 22
Resolve Stack: Whenever an opponent draws a card, Razorkin Needlehead deals 1 damage to them. [Player: Ai(2)-mm-giada-angels]
Add To Stack: Ai(3)-mm-nekusar-discard triggered Ghyrson Starn, Kelermorph
Damage: Ghyrson Starn, Kelermorph (218) deals 2 non-combat damage to Ai(2)-mm-giada-angels.
Life: Life: Ai(2)-mm-giada-angels 22 > 20
Resolve Stack: Three Autostubs — Whenever another source you control deals exactly 1 damage to a permanent or player, Ghyrson Starn, Kelermorph deals 2 damage to that permanent or player. [Damage Source: Razorkin Needlehead (233), Damaged: Ai(2)-mm-giada-angels, Amount: 1]
Damage: Nekusar, the Mindrazer (302) deals 1 non-combat damage to Ai(2)-mm-giada-angels.
Life: Life: Ai(2)-mm-giada-angels 20 > 19
Resolve Stack: Whenever an opponent draws a card, Nekusar, the Mindrazer deals 1 damage to that player. [Player: Ai(2)-mm-giada-angels]
Add To Stack: Ai(3)-mm-nekusar-discard triggered Ghyrson Starn, Kelermorph
Damage: Ghyrson Starn, Kelermorph (218) deals 2 non-combat damage to Ai(2)-mm-giada-angels.
Life: Life: Ai(2)-mm-giada-angels 19 > 17
Resolve Stack: Three Autostubs — Whenever another source you control deals exactly 1 damage to a permanent or player, Ghyrson Starn, Kelermorph deals 2 damage to that permanent or player. [Damage Source: Nekusar, the Mindrazer (302), Damaged: Ai(2)-mm-giada-angels, Amount: 1]
Resolve Stack: At the beginning of each player's draw step, that player puts the cards in their hand on the bottom of their library in any order, then draws that many cards. [Phase: Ai(2)-mm-giada-angels]
Add To Stack: Ai(3)-mm-nekusar-discard triggered Nekusar, the Mindrazer
Add To Stack: Ai(3)-mm-nekusar-discard triggered Razorkin Needlehead
Add To Stack: Ai(3)-mm-nekusar-discard triggered Nekusar, the Mindrazer
Add To Stack: Ai(3)-mm-nekusar-discard triggered Razorkin Needlehead
Add To Stack: Ai(3)-mm-nekusar-discard triggered Nekusar, the Mindrazer
Add To Stack: Ai(3)-mm-nekusar-discard triggered Razorkin Needlehead
Add To Stack: Ai(3)-mm-nekusar-discard triggered Nekusar, the Mindrazer
Add To Stack: Ai(3)-mm-nekusar-discard triggered Razorkin Needlehead
Add To Stack: Ai(3)-mm-nekusar-discard triggered Nekusar, the Mindrazer
Add To Stack: Ai(3)-mm-nekusar-discard triggered Razorkin Needlehead
Add To Stack: Ai(3)-mm-nekusar-discard triggered Nekusar, the Mindrazer
Add To Stack: Ai(3)-mm-nekusar-discard triggered Razorkin Needlehead
Add To Stack: Ai(3)-mm-nekusar-discard triggered Nekusar, the Mindrazer
Add To Stack: Ai(3)-mm-nekusar-discard triggered Razorkin Needlehead
Add To Stack: Ai(3)-mm-nekusar-discard triggered Nekusar, the Mindrazer
Add To Stack: Ai(3)-mm-nekusar-discard triggered Razorkin Needlehead
Add To Stack: Ai(3)-mm-nekusar-discard triggered Nekusar, the Mindrazer
Add To Stack: Ai(3)-mm-nekusar-discard triggered Razorkin Needlehead
Add To Stack: Ai(3)-mm-nekusar-discard triggered Nekusar, the Mindrazer
Add To Stack: Ai(3)-mm-nekusar-discard triggered Razorkin Needlehead
Damage: Razorkin Needlehead (233) deals 1 non-combat damage to Ai(2)-mm-giada-angels.
Life: Life: Ai(2)-mm-giada-angels 17 > 16
Resolve Stack: Whenever an opponent draws a card, Razorkin Needlehead deals 1 damage to them. [Player: Ai(2)-mm-giada-angels]
Add To Stack: Ai(3)-mm-nekusar-discard triggered Ghyrson Starn, Kelermorph
Damage: Ghyrson Starn, Kelermorph (218) deals 2 non-combat damage to Ai(2)-mm-giada-angels.
Life: Life: Ai(2)-mm-giada-angels 16 > 14
Resolve Stack: Three Autostubs — Whenever another source you control deals exactly 1 damage to a permanent or player, Ghyrson Starn, Kelermorph deals 2 damage to that permanent or player. [Damage Source: Razorkin Needlehead (233), Damaged: Ai(2)-mm-giada-angels, Amount: 1]
Damage: Nekusar, the Mindrazer (302) deals 1 non-combat damage to Ai(2)-mm-giada-angels.
Life: Life: Ai(2)-mm-giada-angels 14 > 13
Resolve Stack: Whenever an opponent draws a card, Nekusar, the Mindrazer deals 1 damage to that player. [Player: Ai(2)-mm-giada-angels]
Add To Stack: Ai(3)-mm-nekusar-discard triggered Ghyrson Starn, Kelermorph
Damage: Ghyrson Starn, Kelermorph (218) deals 2 non-combat damage to Ai(2)-mm-giada-angels.
Life: Life: Ai(2)-mm-giada-angels 13 > 11
Resolve Stack: Three Autostubs — Whenever another source you control deals exactly 1 damage to a permanent or player, Ghyrson Starn, Kelermorph deals 2 damage to that permanent or player. [Damage Source: Nekusar, the Mindrazer (302), Damaged: Ai(2)-mm-giada-angels, Amount: 1]
Damage: Razorkin Needlehead (233) deals 1 non-combat damage to Ai(2)-mm-giada-angels.
Life: Life: Ai(2)-mm-giada-angels 11 > 10
Resolve Stack: Whenever an opponent draws a card, Razorkin Needlehead deals 1 damage to them. [Player: Ai(2)-mm-giada-angels]
Add To Stack: Ai(3)-mm-nekusar-discard triggered Ghyrson Starn, Kelermorph
Damage: Ghyrson Starn, Kelermorph (218) deals 2 non-combat damage to Ai(2)-mm-giada-angels.
Life: Life: Ai(2)-mm-giada-angels 10 > 8
Resolve Stack: Three Autostubs — Whenever another source you control deals exactly 1 damage to a permanent or player, Ghyrson Starn, Kelermorph deals 2 damage to that permanent or player. [Damage Source: Razorkin Needlehead (233), Damaged: Ai(2)-mm-giada-angels, Amount: 1]
Damage: Nekusar, the Mindrazer (302) deals 1 non-combat damage to Ai(2)-mm-giada-angels.
Life: Life: Ai(2)-mm-giada-angels 8 > 7
Resolve Stack: Whenever an opponent draws a card, Nekusar, the Mindrazer deals 1 damage to that player. [Player: Ai(2)-mm-giada-angels]
Add To Stack: Ai(3)-mm-nekusar-discard triggered Ghyrson Starn, Kelermorph
Damage: Ghyrson Starn, Kelermorph (218) deals 2 non-combat damage to Ai(2)-mm-giada-angels.
Life: Life: Ai(2)-mm-giada-angels 7 > 5
Resolve Stack: Three Autostubs — Whenever another source you control deals exactly 1 damage to a permanent or player, Ghyrson Starn, Kelermorph deals 2 damage to that permanent or player. [Damage Source: Nekusar, the Mindrazer (302), Damaged: Ai(2)-mm-giada-angels, Amount: 1]
Damage: Razorkin Needlehead (233) deals 1 non-combat damage to Ai(2)-mm-giada-angels.
Life: Life: Ai(2)-mm-giada-angels 5 > 4
Resolve Stack: Whenever an opponent draws a card, Razorkin Needlehead deals 1 damage to them. [Player: Ai(2)-mm-giada-angels]
Add To Stack: Ai(3)-mm-nekusar-discard triggered Ghyrson Starn, Kelermorph
Damage: Ghyrson Starn, Kelermorph (218) deals 2 non-combat damage to Ai(2)-mm-giada-angels.
Life: Life: Ai(2)-mm-giada-angels 4 > 2
Resolve Stack: Three Autostubs — Whenever another source you control deals exactly 1 damage to a permanent or player, Ghyrson Starn, Kelermorph deals 2 damage to that permanent or player. [Damage Source: Razorkin Needlehead (233), Damaged: Ai(2)-mm-giada-angels, Amount: 1]
Damage: Nekusar, the Mindrazer (302) deals 1 non-combat damage to Ai(2)-mm-giada-angels.
Life: Life: Ai(2)-mm-giada-angels 2 > 1
Resolve Stack: Whenever an opponent draws a card, Nekusar, the Mindrazer deals 1 damage to that player. [Player: Ai(2)-mm-giada-angels]
Add To Stack: Ai(3)-mm-nekusar-discard triggered Ghyrson Starn, Kelermorph
Damage: Ghyrson Starn, Kelermorph (218) deals 2 non-combat damage to Ai(2)-mm-giada-angels.
Life: Life: Ai(2)-mm-giada-angels 1 > -1
Resolve Stack: Three Autostubs — Whenever another source you control deals exactly 1 damage to a permanent or player, Ghyrson Starn, Kelermorph deals 2 damage to that permanent or player. [Damage Source: Nekusar, the Mindrazer (302), Damaged: Ai(2)-mm-giada-angels, Amount: 1]
Player Control: Ai(1)-mm-talrand-spells has restored control over themself
Player Control: Ai(2)-mm-giada-angels has restored control over themself
Player Control: Ai(3)-mm-nekusar-discard has restored control over themself
Player Control: Ai(4)-mm-baylen-tokens has restored control over themself
Game Outcome: Turn 24
Game Outcome: Ai(1)-mm-talrand-spells has lost because life total reached 0
Game Outcome: Ai(2)-mm-giada-angels has lost because life total reached 0
Game Outcome: Ai(3)-mm-nekusar-discard has won because all opponents have lost
Game Outcome: Ai(4)-mm-baylen-tokens has lost because life total reached 0
Match Result: Ai(1)-mm-talrand-spells: 0 Ai(2)-mm-giada-angels: 0 Ai(3)-mm-nekusar-discard: 1 Ai(4)-mm-baylen-tokens: 0 

Game Result: Game 1 ended in 247331 ms. Ai(3)-mm-nekusar-discard has won!

Warning: default (ie. inherited from base class) implementation of confirmAction is used by Talrand, Sky Summoner for forge.ai.ability.PermanentCreatureAi. Consider declaring an overloaded method
Warning: default (ie. inherited from base class) implementation of confirmAction is used by Giada, Font of Hope for forge.ai.ability.PermanentCreatureAi. Consider declaring an overloaded method
Active player is no longer in the game...
Active player is no longer in the game...
Active player is no longer in the game...
Active player is no longer in the game...
Active player is no longer in the game...
Active player is no longer in the game...
Mulligan: Ai(1)-mm-talrand-spells has mulliganed down to 7 cards.
Mulligan: Ai(1)-mm-talrand-spells has kept a hand of 7 cards
Mulligan: Ai(2)-mm-giada-angels has kept a hand of 7 cards
Mulligan: Ai(3)-mm-nekusar-discard has kept a hand of 7 cards
Mulligan: Ai(4)-mm-baylen-tokens has kept a hand of 7 cards
Turn: Turn 1 (Ai(1)-mm-talrand-spells)
Phase: Ai(1)-mm-talrand-spells' Untap step
Phase: Ai(1)-mm-talrand-spells' Upkeep step
Phase: Ai(1)-mm-talrand-spells' Draw step
Phase: Ai(1)-mm-talrand-spells' Main phase, precombat
Land: Ai(1)-mm-talrand-spells played Island (50)
Phase: Ai(1)-mm-talrand-spells' Beginning of Combat Step
Phase: Ai(1)-mm-talrand-spells' Declare Attackers Step
Phase: Ai(1)-mm-talrand-spells' Declare Blockers Step
Phase: Ai(1)-mm-talrand-spells' First Strike Damage Step
Phase: Ai(1)-mm-talrand-spells' Combat Damage Step
Phase: Ai(1)-mm-talrand-spells' End of Combat Step
Phase: Ai(1)-mm-talrand-spells' Main phase, postcombat
Mana: Island (50) - {T}: Add {U}.
Add To Stack: Ai(1)-mm-talrand-spells cast Sleight of Hand
Resolve Stack: Sleight of Hand (99) - Ai(1)-mm-talrand-spells looks at the top two cards of their library. They put one of them into their hand and put the rest on the bottom of their library in any order.
Phase: Ai(1)-mm-talrand-spells' End step
Phase: Ai(1)-mm-talrand-spells' Cleanup step
Turn: Turn 2 (Ai(2)-mm-giada-angels)
Phase: Ai(2)-mm-giada-angels' Untap step
Phase: Ai(2)-mm-giada-angels' Upkeep step
Phase: Ai(2)-mm-giada-angels' Draw step
Phase: Ai(2)-mm-giada-angels' Main phase, precombat
Land: Ai(2)-mm-giada-angels played Plains (194)
Phase: Ai(2)-mm-giada-angels' Beginning of Combat Step
Phase: Ai(2)-mm-giada-angels' Declare Attackers Step
Phase: Ai(2)-mm-giada-angels' Declare Blockers Step
Phase: Ai(2)-mm-giada-angels' First Strike Damage Step
Phase: Ai(2)-mm-giada-angels' Combat Damage Step
Phase: Ai(2)-mm-giada-angels' End of Combat Step
Phase: Ai(2)-mm-giada-angels' Main phase, postcombat
Phase: Ai(2)-mm-giada-angels' End step
Phase: Ai(2)-mm-giada-angels' Cleanup step
Turn: Turn 3 (Ai(3)-mm-nekusar-discard)
Phase: Ai(3)-mm-nekusar-discard's Untap step
Phase: Ai(3)-mm-nekusar-discard's Upkeep step
Phase: Ai(3)-mm-nekusar-discard's Draw step
Phase: Ai(3)-mm-nekusar-discard's Main phase, precombat
Land: Ai(3)-mm-nekusar-discard played Mountain (288)
Phase: Ai(3)-mm-nekusar-discard's Beginning of Combat Step
Phase: Ai(3)-mm-nekusar-discard's Declare Attackers Step
Phase: Ai(3)-mm-nekusar-discard's Declare Blockers Step
Phase: Ai(3)-mm-nekusar-discard's First Strike Damage Step
Phase: Ai(3)-mm-nekusar-discard's Combat Damage Step
Phase: Ai(3)-mm-nekusar-discard's End of Combat Step
Phase: Ai(3)-mm-nekusar-discard's Main phase, postcombat
Phase: Ai(3)-mm-nekusar-discard's End step
Phase: Ai(3)-mm-nekusar-discard's Cleanup step
Turn: Turn 4 (Ai(4)-mm-baylen-tokens)
Phase: Ai(4)-mm-baylen-tokens' Untap step
Phase: Ai(4)-mm-baylen-tokens' Upkeep step
Phase: Ai(4)-mm-baylen-tokens' Draw step
Phase: Ai(4)-mm-baylen-tokens' Main phase, precombat
Land: Ai(4)-mm-baylen-tokens played Mountain (385)
Phase: Ai(4)-mm-baylen-tokens' Beginning of Combat Step
Phase: Ai(4)-mm-baylen-tokens' Declare Attackers Step
Phase: Ai(4)-mm-baylen-tokens' Declare Blockers Step
Phase: Ai(4)-mm-baylen-tokens' First Strike Damage Step
Phase: Ai(4)-mm-baylen-tokens' Combat Damage Step
Phase: Ai(4)-mm-baylen-tokens' End of Combat Step
Phase: Ai(4)-mm-baylen-tokens' Main phase, postcombat
Phase: Ai(4)-mm-baylen-tokens' End step
Phase: Ai(4)-mm-baylen-tokens' Cleanup step
Turn: Turn 5 (Ai(1)-mm-talrand-spells)
Phase: Ai(1)-mm-talrand-spells' Untap step
Phase: Ai(1)-mm-talrand-spells' Upkeep step
Phase: Ai(1)-mm-talrand-spells' Draw step
Phase: Ai(1)-mm-talrand-spells' Main phase, precombat
Land: Ai(1)-mm-talrand-spells played Reliquary Tower (81)
Phase: Ai(1)-mm-talrand-spells' Beginning of Combat Step
Phase: Ai(1)-mm-talrand-spells' Declare Attackers Step
Phase: Ai(1)-mm-talrand-spells' Declare Blockers Step
Phase: Ai(1)-mm-talrand-spells' First Strike Damage Step
Phase: Ai(1)-mm-talrand-spells' Combat Damage Step
Phase: Ai(1)-mm-talrand-spells' End of Combat Step
Phase: Ai(1)-mm-talrand-spells' Main phase, postcombat
Mana: Island (50) - {T}: Add {U}.
Mana: Reliquary Tower (81) - {T}: Add {C}.
Add To Stack: Ai(1)-mm-talrand-spells cast Think Twice
Resolve Stack: Think Twice (71) - Ai(1)-mm-talrand-spells draws a card.
Phase: Ai(1)-mm-talrand-spells' End step
Phase: Ai(1)-mm-talrand-spells' Cleanup step
Turn: Turn 6 (Ai(2)-mm-giada-angels)
Phase: Ai(2)-mm-giada-angels' Untap step
Phase: Ai(2)-mm-giada-angels' Upkeep step
Phase: Ai(2)-mm-giada-angels' Draw step
Phase: Ai(2)-mm-giada-angels' Main phase, precombat
Land: Ai(2)-mm-giada-angels played Plains (183)
Phase: Ai(2)-mm-giada-angels' Beginning of Combat Step
Phase: Ai(2)-mm-giada-angels' Declare Attackers Step
Phase: Ai(2)-mm-giada-angels' Declare Blockers Step
Phase: Ai(2)-mm-giada-angels' First Strike Damage Step
Phase: Ai(2)-mm-giada-angels' Combat Damage Step
Phase: Ai(2)-mm-giada-angels' End of Combat Step
Phase: Ai(2)-mm-giada-angels' Main phase, postcombat
Mana: Plains (194) - {T}: Add {W}.
Mana: Plains (183) - {T}: Add {W}.
Add To Stack: Ai(2)-mm-giada-angels cast Giada, Font of Hope
Resolve Stack: Giada, Font of Hope - Creature 2 / 2
Phase: Ai(2)-mm-giada-angels' End step
Phase: Ai(2)-mm-giada-angels' Cleanup step
Turn: Turn 7 (Ai(3)-mm-nekusar-discard)
Phase: Ai(3)-mm-nekusar-discard's Untap step
Phase: Ai(3)-mm-nekusar-discard's Upkeep step
Phase: Ai(3)-mm-nekusar-discard's Draw step
Phase: Ai(3)-mm-nekusar-discard's Main phase, precombat
Replacement Effect: Dragonskull Summit enters tapped unless you control a Swamp or a Mountain.
Land: Ai(3)-mm-nekusar-discard played Dragonskull Summit (254)
Phase: Ai(3)-mm-nekusar-discard's Beginning of Combat Step
Phase: Ai(3)-mm-nekusar-discard's Declare Attackers Step
Phase: Ai(3)-mm-nekusar-discard's Declare Blockers Step
Phase: Ai(3)-mm-nekusar-discard's First Strike Damage Step
Phase: Ai(3)-mm-nekusar-discard's Combat Damage Step
Phase: Ai(3)-mm-nekusar-discard's End of Combat Step
Phase: Ai(3)-mm-nekusar-discard's Main phase, postcombat
Mana: Dragonskull Summit (254) - {T}: Add {B} or {R}.
Add To Stack: Ai(3)-mm-nekusar-discard cast Kederekt Parasite
Resolve Stack: Kederekt Parasite - Creature 1 / 1
Phase: Ai(3)-mm-nekusar-discard's End step
Phase: Ai(3)-mm-nekusar-discard's Cleanup step
Turn: Turn 8 (Ai(4)-mm-baylen-tokens)
Phase: Ai(4)-mm-baylen-tokens' Untap step
Phase: Ai(4)-mm-baylen-tokens' Upkeep step
Phase: Ai(4)-mm-baylen-tokens' Draw step
Phase: Ai(4)-mm-baylen-tokens' Main phase, precombat
Land: Ai(4)-mm-baylen-tokens played Mountain (386)
Phase: Ai(4)-mm-baylen-tokens' Beginning of Combat Step
Phase: Ai(4)-mm-baylen-tokens' Declare Attackers Step
Phase: Ai(4)-mm-baylen-tokens' Declare Blockers Step
Phase: Ai(4)-mm-baylen-tokens' First Strike Damage Step
Phase: Ai(4)-mm-baylen-tokens' Combat Damage Step
Phase: Ai(4)-mm-baylen-tokens' End of Combat Step
Phase: Ai(4)-mm-baylen-tokens' Main phase, postcombat
Mana: Mountain (385) - {T}: Add {R}.
Mana: Mountain (386) - {T}: Add {R}.
Add To Stack: Ai(4)-mm-baylen-tokens cast Swiftfoot Boots
Resolve Stack: Swiftfoot Boots
Phase: Ai(4)-mm-baylen-tokens' End step
Phase: Ai(4)-mm-baylen-tokens' Cleanup step
Turn: Turn 9 (Ai(1)-mm-talrand-spells)
Phase: Ai(1)-mm-talrand-spells' Untap step
Phase: Ai(1)-mm-talrand-spells' Upkeep step
Phase: Ai(1)-mm-talrand-spells' Draw step
Phase: Ai(1)-mm-talrand-spells' Main phase, precombat
Land: Ai(1)-mm-talrand-spells played Island (42)
Phase: Ai(1)-mm-talrand-spells' Beginning of Combat Step
Phase: Ai(1)-mm-talrand-spells' Declare Attackers Step
Phase: Ai(1)-mm-talrand-spells' Declare Blockers Step
Phase: Ai(1)-mm-talrand-spells' First Strike Damage Step
Phase: Ai(1)-mm-talrand-spells' Combat Damage Step
Phase: Ai(1)-mm-talrand-spells' End of Combat Step
Phase: Ai(1)-mm-talrand-spells' Main phase, postcombat
Mana: Island (50) - {T}: Add {U}.
Mana: Reliquary Tower (81) - {T}: Add {C}.
Mana: Island (42) - {T}: Add {U}.
Add To Stack: Ai(1)-mm-talrand-spells cast Mocking Sprite
Resolve Stack: Mocking Sprite - Creature 2 / 1
Phase: Ai(1)-mm-talrand-spells' End step
Phase: Ai(1)-mm-talrand-spells' Cleanup step
Turn: Turn 10 (Ai(2)-mm-giada-angels)
Phase: Ai(2)-mm-giada-angels' Untap step
Phase: Ai(2)-mm-giada-angels' Upkeep step
Mana: Plains (194) - {T}: Add {W}.
Add To Stack: Ai(2)-mm-giada-angels cast Swords to Plowshares targeting [Mocking Sprite (87)]
Zone Change: Mocking Sprite (87) was put into Exile from Battlefield.
Life: Life: Ai(1)-mm-talrand-spells 40 > 42
Resolve Stack: Swords to Plowshares (146) - Exile Mocking Sprite (87). Ai(1)-mm-talrand-spells gains life equal to its power.
Phase: Ai(2)-mm-giada-angels' Draw step
Phase: Ai(2)-mm-giada-angels' Main phase, precombat
Land: Ai(2)-mm-giada-angels played Plains (174)
Phase: Ai(2)-mm-giada-angels' Beginning of Combat Step
Phase: Ai(2)-mm-giada-angels' Declare Attackers Step
Combat: Ai(2)-mm-giada-angels assigned Giada, Font of Hope (201) to attack Ai(4)-mm-baylen-tokens.
Phase: Ai(2)-mm-giada-angels' Declare Blockers Step
Combat: Ai(4)-mm-baylen-tokens didn't block Giada, Font of Hope (201).
Phase: Ai(2)-mm-giada-angels' First Strike Damage Step
Phase: Ai(2)-mm-giada-angels' Combat Damage Step
Damage: Giada, Font of Hope (201) deals 2 combat damage to Ai(4)-mm-baylen-tokens.
Life: Life: Ai(4)-mm-baylen-tokens 40 > 38
Phase: Ai(2)-mm-giada-angels' End of Combat Step
Phase: Ai(2)-mm-giada-angels' Main phase, postcombat
Phase: Ai(2)-mm-giada-angels' End step
Phase: Ai(2)-mm-giada-angels' Cleanup step
Turn: Turn 11 (Ai(3)-mm-nekusar-discard)
Phase: Ai(3)-mm-nekusar-discard's Untap step
Phase: Ai(3)-mm-nekusar-discard's Upkeep step
Phase: Ai(3)-mm-nekusar-discard's Draw step
Phase: Ai(3)-mm-nekusar-discard's Main phase, precombat
Land: Ai(3)-mm-nekusar-discard played Command Tower (216)
Phase: Ai(3)-mm-nekusar-discard's Beginning of Combat Step
Phase: Ai(3)-mm-nekusar-discard's Declare Attackers Step
Phase: Ai(3)-mm-nekusar-discard's Declare Blockers Step
Phase: Ai(3)-mm-nekusar-discard's First Strike Damage Step
Phase: Ai(3)-mm-nekusar-discard's Combat Damage Step
Phase: Ai(3)-mm-nekusar-discard's End of Combat Step
Phase: Ai(3)-mm-nekusar-discard's Main phase, postcombat
Mana: Mountain (288) - {T}: Add {R}.
Mana: Dragonskull Summit (254) - {T}: Add {B} or {R}.
Add To Stack: Ai(3)-mm-nekusar-discard cast Howling Mine
Resolve Stack: Howling Mine
Phase: Ai(3)-mm-nekusar-discard's End step
Phase: Ai(3)-mm-nekusar-discard's Cleanup step
Turn: Turn 12 (Ai(4)-mm-baylen-tokens)
Phase: Ai(4)-mm-baylen-tokens' Untap step
Phase: Ai(4)-mm-baylen-tokens' Upkeep step
Phase: Ai(4)-mm-baylen-tokens' Draw step
Add To Stack: Ai(3)-mm-nekusar-discard triggered Howling Mine
Resolve Stack: At the beginning of each player's draw step, if Howling Mine is untapped, that player draws an additional card. [Phase: Ai(4)-mm-baylen-tokens]
Phase: Ai(4)-mm-baylen-tokens' Main phase, precombat
Replacement Effect: Canopy Vista enters tapped unless you control two or more basic lands.
Land: Ai(4)-mm-baylen-tokens played Canopy Vista (371)
Mana: Canopy Vista (371) - {T}: Add {W}.
Mana: Mountain (385) - {T}: Add {R}.
Add To Stack: Ai(4)-mm-baylen-tokens cast Hare Apparent
Resolve Stack: Hare Apparent - Creature 2 / 2
Add To Stack: Ai(4)-mm-baylen-tokens triggered Hare Apparent
Resolve Stack: When this creature enters, create a number of 1/1 white Rabbit creature tokens equal to the number of other creatures you control named Hare Apparent. [Zone Changer: Hare Apparent (357)]
Mana: Mountain (386) - {T}: Add {R}.
Add To Stack: Ai(4)-mm-baylen-tokens activated Swiftfoot Boots targeting [Hare Apparent (357)]
Resolve Stack: Swiftfoot Boots (339) -  Attach to Hare Apparent (357)
Phase: Ai(4)-mm-baylen-tokens' Beginning of Combat Step
Phase: Ai(4)-mm-baylen-tokens' Declare Attackers Step
Combat: Ai(4)-mm-baylen-tokens assigned Hare Apparent (357) to attack Ai(3)-mm-nekusar-discard.
Phase: Ai(4)-mm-baylen-tokens' Declare Blockers Step
Combat: Ai(3)-mm-nekusar-discard didn't block Hare Apparent (357).
Phase: Ai(4)-mm-baylen-tokens' First Strike Damage Step
Phase: Ai(4)-mm-baylen-tokens' Combat Damage Step
Damage: Hare Apparent (357) deals 2 combat damage to Ai(3)-mm-nekusar-discard.
Life: Life: Ai(3)-mm-nekusar-discard 40 > 38
Phase: Ai(4)-mm-baylen-tokens' End of Combat Step
Phase: Ai(4)-mm-baylen-tokens' Main phase, postcombat
Phase: Ai(4)-mm-baylen-tokens' End step
Phase: Ai(4)-mm-baylen-tokens' Cleanup step
Turn: Turn 13 (Ai(1)-mm-talrand-spells)
Phase: Ai(1)-mm-talrand-spells' Untap step
Phase: Ai(1)-mm-talrand-spells' Upkeep step
Phase: Ai(1)-mm-talrand-spells' Draw step
Add To Stack: Ai(3)-mm-nekusar-discard triggered Howling Mine
Resolve Stack: At the beginning of each player's draw step, if Howling Mine is untapped, that player draws an additional card. [Phase: Ai(1)-mm-talrand-spells]
Phase: Ai(1)-mm-talrand-spells' Main phase, precombat
Phase: Ai(1)-mm-talrand-spells' Beginning of Combat Step
Phase: Ai(1)-mm-talrand-spells' Declare Attackers Step
Phase: Ai(1)-mm-talrand-spells' Declare Blockers Step
Phase: Ai(1)-mm-talrand-spells' First Strike Damage Step
Phase: Ai(1)-mm-talrand-spells' Combat Damage Step
Phase: Ai(1)-mm-talrand-spells' End of Combat Step
Phase: Ai(1)-mm-talrand-spells' Main phase, postcombat
Mana: Island (50) - {T}: Add {U}.
Mana: Reliquary Tower (81) - {T}: Add {C}.
Mana: Island (42) - {T}: Add {U}.
Add To Stack: Ai(1)-mm-talrand-spells cast Rhystic Study
Resolve Stack: Rhystic Study
Phase: Ai(1)-mm-talrand-spells' End step
Phase: Ai(1)-mm-talrand-spells' Cleanup step
Turn: Turn 14 (Ai(2)-mm-giada-angels)
Phase: Ai(2)-mm-giada-angels' Untap step
Phase: Ai(2)-mm-giada-angels' Upkeep step
Phase: Ai(2)-mm-giada-angels' Draw step
Add To Stack: Ai(3)-mm-nekusar-discard triggered Howling Mine
Resolve Stack: At the beginning of each player's draw step, if Howling Mine is untapped, that player draws an additional card. [Phase: Ai(2)-mm-giada-angels]
Phase: Ai(2)-mm-giada-angels' Main phase, precombat
Land: Ai(2)-mm-giada-angels played Plains (178)
Phase: Ai(2)-mm-giada-angels' Beginning of Combat Step
Phase: Ai(2)-mm-giada-angels' Declare Attackers Step
Combat: Ai(2)-mm-giada-angels assigned Giada, Font of Hope (201) to attack Ai(4)-mm-baylen-tokens.
Phase: Ai(2)-mm-giada-angels' Declare Blockers Step
Combat: Ai(4)-mm-baylen-tokens didn't block Giada, Font of Hope (201).
Mana: Plains (194) - {T}: Add {W}.
Mana: Plains (183) - {T}: Add {W}.
Mana: Plains (174) - {T}: Add {W}.
Mana: Plains (178) - {T}: Add {W}.
Add To Stack: Ai(2)-mm-giada-angels cast Akroma's Will
Add To Stack: Ai(1)-mm-talrand-spells triggered Rhystic Study
Resolve Stack: Whenever an opponent casts a spell, you may draw a card unless that player pays {1}. [Card: Akroma's Will (116), Activator: Ai(2)-mm-giada-angels, SpellAbility: Choose one. If you control a commander as you cast this spell, you may choose both.
• Creatures you control gain flying, vigilance, and double strike until end of turn.
• Creatures you control gain lifelink, indestructible, and protection from each color until end of turn.

 Creatures you control gain flying, vigilance, and double strike until end of turn. Creatures you control gain lifelink, indestructible, and protection from each color until end of turn.]
Resolve Stack: Akroma's Will (116) -  Creatures you control gain flying, vigilance, and double strike until end of turn. Creatures you control gain lifelink, indestructible, and protection from each color until end of turn.
Phase: Ai(2)-mm-giada-angels' First Strike Damage Step
Damage: Giada, Font of Hope (201) deals 2 combat damage to Ai(4)-mm-baylen-tokens.
Life: Life: Ai(2)-mm-giada-angels 40 > 42
Life: Life: Ai(4)-mm-baylen-tokens 38 > 36
Phase: Ai(2)-mm-giada-angels' Combat Damage Step
Damage: Giada, Font of Hope (201) deals 2 combat damage to Ai(4)-mm-baylen-tokens.
Life: Life: Ai(2)-mm-giada-angels 42 > 44
Life: Life: Ai(4)-mm-baylen-tokens 36 > 34
Phase: Ai(2)-mm-giada-angels' End of Combat Step
Phase: Ai(2)-mm-giada-angels' Main phase, postcombat
Phase: Ai(2)-mm-giada-angels' End step
Phase: Ai(2)-mm-giada-angels' Cleanup step
Turn: Turn 15 (Ai(3)-mm-nekusar-discard)
Phase: Ai(3)-mm-nekusar-discard's Untap step
Phase: Ai(3)-mm-nekusar-discard's Upkeep step
Phase: Ai(3)-mm-nekusar-discard's Draw step
Add To Stack: Ai(3)-mm-nekusar-discard triggered Howling Mine
Resolve Stack: At the beginning of each player's draw step, if Howling Mine is untapped, that player draws an additional card. [Phase: Ai(3)-mm-nekusar-discard]
Phase: Ai(3)-mm-nekusar-discard's Main phase, precombat
Replacement Effect: Sunken Hollow enters tapped unless you control two or more basic lands.
Land: Ai(3)-mm-nekusar-discard played Sunken Hollow (232)
Mana: Dragonskull Summit (254) - {T}: Add {B} or {R}.
Mana: Mountain (288) - {T}: Add {R}.
Add To Stack: Ai(3)-mm-nekusar-discard cast Orcish Bowmasters
Add To Stack: Ai(1)-mm-talrand-spells triggered Rhystic Study
Mana: Command Tower (216) - {T}: Add one mana of any color in your commander's color identity.
Resolve Stack: Whenever an opponent casts a spell, you may draw a card unless that player pays {1}. [Card: Orcish Bowmasters (284), Activator: Ai(3)-mm-nekusar-discard, SpellAbility: Orcish Bowmasters - Creature 1 / 1]
Resolve Stack: Orcish Bowmasters - Creature 1 / 1
Add To Stack: Ai(3)-mm-nekusar-discard triggered Orcish Bowmasters targeting [Ai(4)-mm-baylen-tokens]
Damage: Orcish Bowmasters (284) deals 1 non-combat damage to Ai(4)-mm-baylen-tokens.
Life: Life: Ai(4)-mm-baylen-tokens 34 > 33
Resolve Stack: When Orcish Bowmasters enters and whenever an opponent draws a card except the first one they draw in each of their draw steps, Orcish Bowmasters deals 1 damage to any target. Then amass Orcs 1. (Targeting: [[Ai(4)-mm-baylen-tokens]]) [Zone Changer: Orcish Bowmasters (284)]
Phase: Ai(3)-mm-nekusar-discard's Beginning of Combat Step
Phase: Ai(3)-mm-nekusar-discard's Declare Attackers Step
Combat: Ai(3)-mm-nekusar-discard assigned Kederekt Parasite (255) to attack Ai(4)-mm-baylen-tokens.
Phase: Ai(3)-mm-nekusar-discard's Declare Blockers Step
Combat: Ai(4)-mm-baylen-tokens didn't block Kederekt Parasite (255).
Phase: Ai(3)-mm-nekusar-discard's First Strike Damage Step
Phase: Ai(3)-mm-nekusar-discard's Combat Damage Step
Damage: Kederekt Parasite (255) deals 1 combat damage to Ai(4)-mm-baylen-tokens.
Life: Life: Ai(4)-mm-baylen-tokens 33 > 32
Phase: Ai(3)-mm-nekusar-discard's End of Combat Step
Phase: Ai(3)-mm-nekusar-discard's Main phase, postcombat
Phase: Ai(3)-mm-nekusar-discard's End step
Phase: Ai(3)-mm-nekusar-discard's Cleanup step
Turn: Turn 16 (Ai(4)-mm-baylen-tokens)
Phase: Ai(4)-mm-baylen-tokens' Untap step
Phase: Ai(4)-mm-baylen-tokens' Upkeep step
Phase: Ai(4)-mm-baylen-tokens' Draw step
Add To Stack: Ai(3)-mm-nekusar-discard triggered Howling Mine
Mana: Canopy Vista (371) - {T}: Add {G}.
Mana: Mountain (385) - {T}: Add {R}.
Add To Stack: Ai(4)-mm-baylen-tokens cast Artifact Mutation targeting [Howling Mine (283)]
Add To Stack: Ai(1)-mm-talrand-spells triggered Rhystic Study
Mana: Mountain (386) - {T}: Add {R}.
Resolve Stack: Whenever an opponent casts a spell, you may draw a card unless that player pays {1}. [Card: Artifact Mutation (316), Activator: Ai(4)-mm-baylen-tokens, SpellAbility: Destroy target artifact. It can't be regenerated. Create X 1/1 green Saproling creature tokens, where X is that artifact's mana value.]
Zone Change: Howling Mine (283) was put into Graveyard from Battlefield.
Resolve Stack: Artifact Mutation (316) - Destroy Howling Mine (283). It can't be regenerated. Ai(4)-mm-baylen-tokens creates two 1/1 green Saproling creature tokens.
Resolve Stack: At the beginning of each player's draw step, if Howling Mine is untapped, that player draws an additional card. [Phase: Ai(4)-mm-baylen-tokens]
Add To Stack: Ai(3)-mm-nekusar-discard triggered Orcish Bowmasters targeting [Saproling Token (567)]
Damage: Orcish Bowmasters (284) deals 1 damage to Saproling Token (567).
Resolve Stack: When Orcish Bowmasters enters and whenever an opponent draws a card except the first one they draw in each of their draw steps, Orcish Bowmasters deals 1 damage to any target. Then amass Orcs 1. (Targeting: [[Saproling Token (567)]]) [Player: Ai(4)-mm-baylen-tokens]
Zone Change: Saproling Token (567) was put into Graveyard from Battlefield.
Phase: Ai(4)-mm-baylen-tokens' Main phase, precombat
Replacement Effect: Spectator Seating enters tapped unless you have two or more opponents.
Land: Ai(4)-mm-baylen-tokens played Spectator Seating (381)
Phase: Ai(4)-mm-baylen-tokens' Beginning of Combat Step
Phase: Ai(4)-mm-baylen-tokens' Declare Attackers Step
Phase: Ai(4)-mm-baylen-tokens' Declare Blockers Step
Phase: Ai(4)-mm-baylen-tokens' First Strike Damage Step
Phase: Ai(4)-mm-baylen-tokens' Combat Damage Step
Phase: Ai(4)-mm-baylen-tokens' End of Combat Step
Phase: Ai(4)-mm-baylen-tokens' Main phase, postcombat
Phase: Ai(4)-mm-baylen-tokens' End step
Phase: Ai(4)-mm-baylen-tokens' Cleanup step
Turn: Turn 17 (Ai(1)-mm-talrand-spells)
Phase: Ai(1)-mm-talrand-spells' Untap step
Phase: Ai(1)-mm-talrand-spells' Upkeep step
Phase: Ai(1)-mm-talrand-spells' Draw step
Phase: Ai(1)-mm-talrand-spells' Main phase, precombat
Land: Ai(1)-mm-talrand-spells played Island (37)
Phase: Ai(1)-mm-talrand-spells' Beginning of Combat Step
Phase: Ai(1)-mm-talrand-spells' Declare Attackers Step
Phase: Ai(1)-mm-talrand-spells' Declare Blockers Step
Phase: Ai(1)-mm-talrand-spells' First Strike Damage Step
Phase: Ai(1)-mm-talrand-spells' Combat Damage Step
Phase: Ai(1)-mm-talrand-spells' End of Combat Step
Phase: Ai(1)-mm-talrand-spells' Main phase, postcombat
Mana: Island (50) - {T}: Add {U}.
Mana: Island (42) - {T}: Add {U}.
Mana: Reliquary Tower (81) - {T}: Add {C}.
Mana: Island (37) - {T}: Add {U}.
Add To Stack: Ai(1)-mm-talrand-spells cast Talrand, Sky Summoner
Resolve Stack: Talrand, Sky Summoner - Creature 2 / 2
Phase: Ai(1)-mm-talrand-spells' End step
Phase: Ai(1)-mm-talrand-spells' Cleanup step
Turn: Turn 18 (Ai(2)-mm-giada-angels)
Phase: Ai(2)-mm-giada-angels' Untap step
Phase: Ai(2)-mm-giada-angels' Upkeep step
Mana: Plains (194) - {T}: Add {W}.
Mana: Plains (183) - {T}: Add {W}.
Mana: Plains (174) - {T}: Add {W}.
Add To Stack: Ai(2)-mm-giada-angels cast Generous Gift targeting [Talrand, Sky Summoner (100)]
Add To Stack: Ai(1)-mm-talrand-spells triggered Rhystic Study
Mana: Plains (178) - {T}: Add {W}.
Resolve Stack: Whenever an opponent casts a spell, you may draw a card unless that player pays {1}. [Card: Generous Gift (143), Activator: Ai(2)-mm-giada-angels, SpellAbility: Destroy target permanent. Its controller creates a 3/3 green Elephant creature token. ]
Zone Change: Talrand, Sky Summoner (100) was put into Graveyard from Battlefield.
Resolve Stack: Generous Gift (143) - Destroy Talrand, Sky Summoner (100). 
Phase: Ai(2)-mm-giada-angels' Draw step
Phase: Ai(2)-mm-giada-angels' Main phase, precombat
Phase: Ai(2)-mm-giada-angels' Beginning of Combat Step
Phase: Ai(2)-mm-giada-angels' Declare Attackers Step
Combat: Ai(2)-mm-giada-angels assigned Giada, Font of Hope (201) to attack Ai(4)-mm-baylen-tokens.
Phase: Ai(2)-mm-giada-angels' Declare Blockers Step
Combat: Ai(4)-mm-baylen-tokens didn't block Giada, Font of Hope (201).
Phase: Ai(2)-mm-giada-angels' First Strike Damage Step
Phase: Ai(2)-mm-giada-angels' Combat Damage Step
Damage: Giada, Font of Hope (201) deals 2 combat damage to Ai(4)-mm-baylen-tokens.
Life: Life: Ai(4)-mm-baylen-tokens 32 > 30
Phase: Ai(2)-mm-giada-angels' End of Combat Step
Phase: Ai(2)-mm-giada-angels' Main phase, postcombat
Phase: Ai(2)-mm-giada-angels' End step
Phase: Ai(2)-mm-giada-angels' Cleanup step
Turn: Turn 19 (Ai(3)-mm-nekusar-discard)
Phase: Ai(3)-mm-nekusar-discard's Untap step
Phase: Ai(3)-mm-nekusar-discard's Upkeep step
Phase: Ai(3)-mm-nekusar-discard's Draw step
Phase: Ai(3)-mm-nekusar-discard's Main phase, precombat
Replacement Effect: Training Center enters tapped unless you have two or more opponents.
Land: Ai(3)-mm-nekusar-discard played Training Center (250)
Phase: Ai(3)-mm-nekusar-discard's Beginning of Combat Step
Phase: Ai(3)-mm-nekusar-discard's Declare Attackers Step
Phase: Ai(3)-mm-nekusar-discard's Declare Blockers Step
Phase: Ai(3)-mm-nekusar-discard's First Strike Damage Step
Phase: Ai(3)-mm-nekusar-discard's Combat Damage Step
Phase: Ai(3)-mm-nekusar-discard's End of Combat Step
Phase: Ai(3)-mm-nekusar-discard's Main phase, postcombat
Mana: Dragonskull Summit (254) - {T}: Add {B} or {R}.
Mana: Sunken Hollow (232) - {T}: Add {B}.
Mana: Mountain (288) - {T}: Add {R}.
Mana: Training Center (250) - {T}: Add {U} or {R}.
Mana: Command Tower (216) - {T}: Add one mana of any color in your commander's color identity.
Add To Stack: Ai(3)-mm-nekusar-discard cast Seizan, Perverter of Truth
Add To Stack: Ai(1)-mm-talrand-spells triggered Rhystic Study
Resolve Stack: Whenever an opponent casts a spell, you may draw a card unless that player pays {1}. [Card: Seizan, Perverter of Truth (220), Activator: Ai(3)-mm-nekusar-discard, SpellAbility: Seizan, Perverter of Truth - Creature 6 / 5]
Add To Stack: Ai(3)-mm-nekusar-discard triggered Orcish Bowmasters targeting [Saproling Token (568)]
Damage: Orcish Bowmasters (284) deals 1 damage to Saproling Token (568).
Resolve Stack: When Orcish Bowmasters enters and whenever an opponent draws a card except the first one they draw in each of their draw steps, Orcish Bowmasters deals 1 damage to any target. Then amass Orcs 1. (Targeting: [[Saproling Token (568)]]) [Player: Ai(1)-mm-talrand-spells]
Zone Change: Saproling Token (568) was put into Graveyard from Battlefield.
Resolve Stack: Seizan, Perverter of Truth - Creature 6 / 5
Phase: Ai(3)-mm-nekusar-discard's End step
Phase: Ai(3)-mm-nekusar-discard's Cleanup step
Turn: Turn 20 (Ai(4)-mm-baylen-tokens)
Phase: Ai(4)-mm-baylen-tokens' Untap step
Phase: Ai(4)-mm-baylen-tokens' Upkeep step
Add To Stack: Ai(3)-mm-nekusar-discard triggered Seizan, Perverter of Truth
Life: Life: Ai(4)-mm-baylen-tokens 30 > 28
Resolve Stack: At the beginning of each player's upkeep, that player loses 2 life and draws two cards. [Phase: Ai(4)-mm-baylen-tokens]
Add To Stack: Ai(3)-mm-nekusar-discard triggered Orcish Bowmasters targeting [Ai(4)-mm-baylen-tokens]
Add To Stack: Ai(3)-mm-nekusar-discard triggered Orcish Bowmasters targeting [Ai(4)-mm-baylen-tokens]
Damage: Orcish Bowmasters (284) deals 1 non-combat damage to Ai(4)-mm-baylen-tokens.
Life: Life: Ai(4)-mm-baylen-tokens 28 > 27
Resolve Stack: When Orcish Bowmasters enters and whenever an opponent draws a card except the first one they draw in each of their draw steps, Orcish Bowmasters deals 1 damage to any target. Then amass Orcs 1. (Targeting: [[Ai(4)-mm-baylen-tokens]]) [Player: Ai(4)-mm-baylen-tokens]
Damage: Orcish Bowmasters (284) deals 1 non-combat damage to Ai(4)-mm-baylen-tokens.
Life: Life: Ai(4)-mm-baylen-tokens 27 > 26
Resolve Stack: When Orcish Bowmasters enters and whenever an opponent draws a card except the first one they draw in each of their draw steps, Orcish Bowmasters deals 1 damage to any target. Then amass Orcs 1. (Targeting: [[Ai(4)-mm-baylen-tokens]]) [Player: Ai(4)-mm-baylen-tokens]
Phase: Ai(4)-mm-baylen-tokens' Draw step
Phase: Ai(4)-mm-baylen-tokens' Main phase, precombat
Mana: Spectator Seating (381) - {T}: Add {R} or {W}.
Mana: Mountain (385) - {T}: Add {R}.
Add To Stack: Ai(4)-mm-baylen-tokens cast Hare Apparent
Add To Stack: Ai(1)-mm-talrand-spells triggered Rhystic Study
Mana: Mountain (386) - {T}: Add {R}.
Resolve Stack: Whenever an opponent casts a spell, you may draw a card unless that player pays {1}. [Card: Hare Apparent (363), Activator: Ai(4)-mm-baylen-tokens, SpellAbility: Hare Apparent - Creature 2 / 2]
Resolve Stack: Hare Apparent - Creature 2 / 2
Add To Stack: Ai(4)-mm-baylen-tokens triggered Hare Apparent
Resolve Stack: When this creature enters, create a number of 1/1 white Rabbit creature tokens equal to the number of other creatures you control named Hare Apparent. [Zone Changer: Hare Apparent (363)]
Replacement Effect: Bountiful Promenade enters tapped unless you have two or more opponents.
Land: Ai(4)-mm-baylen-tokens played Bountiful Promenade (310)
Mana: Bountiful Promenade (310) - {T}: Add {G} or {W}.
Mana: Canopy Vista (371) - {T}: Add {G}.
Add To Stack: Ai(4)-mm-baylen-tokens cast Hare Apparent
Add To Stack: Ai(1)-mm-talrand-spells triggered Rhystic Study
Resolve Stack: Whenever an opponent casts a spell, you may draw a card unless that player pays {1}. [Card: Hare Apparent (351), Activator: Ai(4)-mm-baylen-tokens, SpellAbility: Hare Apparent - Creature 2 / 2]
Add To Stack: Ai(3)-mm-nekusar-discard triggered Orcish Bowmasters targeting [Rabbit Token (623)]
Damage: Orcish Bowmasters (284) deals 1 damage to Rabbit Token (623).
Resolve Stack: When Orcish Bowmasters enters and whenever an opponent draws a card except the first one they draw in each of their draw steps, Orcish Bowmasters deals 1 damage to any target. Then amass Orcs 1. (Targeting: [[Rabbit Token (623)]]) [Player: Ai(1)-mm-talrand-spells]
Zone Change: Rabbit Token (623) was put into Graveyard from Battlefield.
Resolve Stack: Hare Apparent - Creature 2 / 2
Add To Stack: Ai(4)-mm-baylen-tokens triggered Hare Apparent
Resolve Stack: When this creature enters, create a number of 1/1 white Rabbit creature tokens equal to the number of other creatures you control named Hare Apparent. [Zone Changer: Hare Apparent (351)]
Phase: Ai(4)-mm-baylen-tokens' Beginning of Combat Step
Phase: Ai(4)-mm-baylen-tokens' Declare Attackers Step
Phase: Ai(4)-mm-baylen-tokens' Declare Blockers Step
Phase: Ai(4)-mm-baylen-tokens' First Strike Damage Step
Phase: Ai(4)-mm-baylen-tokens' Combat Damage Step
Phase: Ai(4)-mm-baylen-tokens' End of Combat Step
Phase: Ai(4)-mm-baylen-tokens' Main phase, postcombat
Phase: Ai(4)-mm-baylen-tokens' End step
Phase: Ai(4)-mm-baylen-tokens' Cleanup step
Turn: Turn 21 (Ai(1)-mm-talrand-spells)
Phase: Ai(1)-mm-talrand-spells' Untap step
Phase: Ai(1)-mm-talrand-spells' Upkeep step
Add To Stack: Ai(3)-mm-nekusar-discard triggered Seizan, Perverter of Truth
Mana: Island (50) - {T}: Add {U}.
Mana: Reliquary Tower (81) - {T}: Add {C}.
Add To Stack: Ai(1)-mm-talrand-spells cast Reality Shift targeting [Seizan, Perverter of Truth (220)]
Zone Change: Seizan, Perverter of Truth (220) was put into Exile from Battlefield.
Resolve Stack: Reality Shift (79) - Exile Seizan, Perverter of Truth (220). 
Life: Life: Ai(1)-mm-talrand-spells 42 > 40
Resolve Stack: At the beginning of each player's upkeep, that player loses 2 life and draws two cards. [Phase: Ai(1)-mm-talrand-spells]
Add To Stack: Ai(3)-mm-nekusar-discard triggered Orcish Bowmasters targeting [Rabbit Token (629)]
Add To Stack: Ai(3)-mm-nekusar-discard triggered Orcish Bowmasters targeting [Rabbit Token (630)]
Damage: Orcish Bowmasters (284) deals 1 damage to Rabbit Token (630).
Resolve Stack: When Orcish Bowmasters enters and whenever an opponent draws a card except the first one they draw in each of their draw steps, Orcish Bowmasters deals 1 damage to any target. Then amass Orcs 1. (Targeting: [[Rabbit Token (630)]]) [Player: Ai(1)-mm-talrand-spells]
Zone Change: Rabbit Token (630) was put into Graveyard from Battlefield.
Damage: Orcish Bowmasters (284) deals 1 damage to Rabbit Token (629).
Resolve Stack: When Orcish Bowmasters enters and whenever an opponent draws a card except the first one they draw in each of their draw steps, Orcish Bowmasters deals 1 damage to any target. Then amass Orcs 1. (Targeting: [[Rabbit Token (629)]]) [Player: Ai(1)-mm-talrand-spells]
Zone Change: Rabbit Token (629) was put into Graveyard from Battlefield.
Phase: Ai(1)-mm-talrand-spells' Draw step
Phase: Ai(1)-mm-talrand-spells' Main phase, precombat
Land: Ai(1)-mm-talrand-spells played Island (39)
Phase: Ai(1)-mm-talrand-spells' Beginning of Combat Step
Phase: Ai(1)-mm-talrand-spells' Declare Attackers Step
Phase: Ai(1)-mm-talrand-spells' Declare Blockers Step
Phase: Ai(1)-mm-talrand-spells' First Strike Damage Step
Phase: Ai(1)-mm-talrand-spells' Combat Damage Step
Phase: Ai(1)-mm-talrand-spells' End of Combat Step
Phase: Ai(1)-mm-talrand-spells' Main phase, postcombat
Mana: Island (42) - {T}: Add {U}.
Mana: Island (37) - {T}: Add {U}.
Add To Stack: Ai(1)-mm-talrand-spells cast Sapphire Medallion
Resolve Stack: Sapphire Medallion
Phase: Ai(1)-mm-talrand-spells' End step
Phase: Ai(1)-mm-talrand-spells' Cleanup step
Turn: Turn 22 (Ai(2)-mm-giada-angels)
Phase: Ai(2)-mm-giada-angels' Untap step
Phase: Ai(2)-mm-giada-angels' Upkeep step
Phase: Ai(2)-mm-giada-angels' Draw step
Phase: Ai(2)-mm-giada-angels' Main phase, precombat
Phase: Ai(2)-mm-giada-angels' Beginning of Combat Step
Phase: Ai(2)-mm-giada-angels' Declare Attackers Step
Combat: Ai(2)-mm-giada-angels assigned Giada, Font of Hope (201) to attack Ai(3)-mm-nekusar-discard.
Phase: Ai(2)-mm-giada-angels' Declare Blockers Step
Combat: Ai(3)-mm-nekusar-discard didn't block Giada, Font of Hope (201).
Phase: Ai(2)-mm-giada-angels' First Strike Damage Step
Phase: Ai(2)-mm-giada-angels' Combat Damage Step
Damage: Giada, Font of Hope (201) deals 2 combat damage to Ai(3)-mm-nekusar-discard.
Life: Life: Ai(3)-mm-nekusar-discard 38 > 36
Phase: Ai(2)-mm-giada-angels' End of Combat Step
Phase: Ai(2)-mm-giada-angels' Main phase, postcombat
Mana: Plains (194) - {T}: Add {W}.
Mana: Plains (183) - {T}: Add {W}.
Mana: Plains (174) - {T}: Add {W}.
Add To Stack: Ai(2)-mm-giada-angels cast Starnheim Aspirant
Add To Stack: Ai(1)-mm-talrand-spells triggered Rhystic Study
Mana: Plains (178) - {T}: Add {W}.
Resolve Stack: Whenever an opponent casts a spell, you may draw a card unless that player pays {1}. [Card: Starnheim Aspirant (147), Activator: Ai(2)-mm-giada-angels, SpellAbility: Starnheim Aspirant - Creature 2 / 2]
Resolve Stack: Starnheim Aspirant - Creature 2 / 2
Phase: Ai(2)-mm-giada-angels' End step
Phase: Ai(2)-mm-giada-angels' Cleanup step
Turn: Turn 23 (Ai(3)-mm-nekusar-discard)
Phase: Ai(3)-mm-nekusar-discard's Untap step
Phase: Ai(3)-mm-nekusar-discard's Upkeep step
Phase: Ai(3)-mm-nekusar-discard's Draw step
Phase: Ai(3)-mm-nekusar-discard's Main phase, precombat
Land: Ai(3)-mm-nekusar-discard played Swamp (261)
Phase: Ai(3)-mm-nekusar-discard's Beginning of Combat Step
Phase: Ai(3)-mm-nekusar-discard's Declare Attackers Step
Combat: Ai(3)-mm-nekusar-discard assigned Orc Army Token (554) and Face-down card (H1) to attack Ai(4)-mm-baylen-tokens.
Phase: Ai(3)-mm-nekusar-discard's Declare Blockers Step
Combat: Ai(4)-mm-baylen-tokens didn't block Orc Army Token (554).
Ai(4)-mm-baylen-tokens didn't block Face-down card (H1).
Phase: Ai(3)-mm-nekusar-discard's First Strike Damage Step
Phase: Ai(3)-mm-nekusar-discard's Combat Damage Step
Damage: Orc Army Token (554) deals 8 combat damage to Ai(4)-mm-baylen-tokens.
Damage: Face-down card (H1) deals 2 combat damage to Ai(4)-mm-baylen-tokens.
Life: Life: Ai(4)-mm-baylen-tokens 26 > 16
Phase: Ai(3)-mm-nekusar-discard's End of Combat Step
Phase: Ai(3)-mm-nekusar-discard's Main phase, postcombat
Mana: Training Center (250) - {T}: Add {U} or {R}.
Mana: Mountain (288) - {T}: Add {R}.
Mana: Swamp (261) - {T}: Add {B}.
Mana: Dragonskull Summit (254) - {T}: Add {B} or {R}.
Mana: Sunken Hollow (232) - {T}: Add {B}.
Add To Stack: Ai(3)-mm-nekusar-discard cast Nekusar, the Mindrazer
Add To Stack: Ai(1)-mm-talrand-spells triggered Rhystic Study
Mana: Command Tower (216) - {T}: Add one mana of any color in your commander's color identity.
Resolve Stack: Whenever an opponent casts a spell, you may draw a card unless that player pays {1}. [Card: Nekusar, the Mindrazer (302), Activator: Ai(3)-mm-nekusar-discard, SpellAbility: Nekusar, the Mindrazer - Creature 2 / 4]
Resolve Stack: Nekusar, the Mindrazer - Creature 2 / 4
Phase: Ai(3)-mm-nekusar-discard's End step
Phase: Ai(3)-mm-nekusar-discard's Cleanup step
Turn: Turn 24 (Ai(4)-mm-baylen-tokens)
Phase: Ai(4)-mm-baylen-tokens' Untap step
Phase: Ai(4)-mm-baylen-tokens' Upkeep step
Phase: Ai(4)-mm-baylen-tokens' Draw step
Add To Stack: Ai(3)-mm-nekusar-discard triggered Kederekt Parasite
Add To Stack: Ai(3)-mm-nekusar-discard triggered Nekusar, the Mindrazer
Add To Stack: Ai(3)-mm-nekusar-discard triggered Nekusar, the Mindrazer
Resolve Stack: At the beginning of each player's draw step, that player draws an additional card. [Phase: Ai(4)-mm-baylen-tokens]
Add To Stack: Ai(3)-mm-nekusar-discard triggered Kederekt Parasite
Add To Stack: Ai(3)-mm-nekusar-discard triggered Orcish Bowmasters targeting [Ai(4)-mm-baylen-tokens]
Add To Stack: Ai(3)-mm-nekusar-discard triggered Nekusar, the Mindrazer
Mana: Spectator Seating (381) - {T}: Add {R} or {W}.
Add To Stack: Ai(4)-mm-baylen-tokens cast Swords to Plowshares targeting [Giada, Font of Hope (201)]
Add To Stack: Ai(1)-mm-talrand-spells triggered Rhystic Study
Mana: Mountain (385) - {T}: Add {R}.
Resolve Stack: Whenever an opponent casts a spell, you may draw a card unless that player pays {1}. [Card: Swords to Plowshares (342), Activator: Ai(4)-mm-baylen-tokens, SpellAbility: Exile target creature. Its controller gains life equal to its power.]
Zone Change: Giada, Font of Hope (201) was put into Exile from Battlefield.
Life: Life: Ai(2)-mm-giada-angels 44 > 46
Resolve Stack: Swords to Plowshares (342) - Exile Giada, Font of Hope (201). Ai(2)-mm-giada-angels gains life equal to its power.
Damage: Nekusar, the Mindrazer (302) deals 1 non-combat damage to Ai(4)-mm-baylen-tokens.
Life: Life: Ai(4)-mm-baylen-tokens 16 > 15
Resolve Stack: Whenever an opponent draws a card, Nekusar, the Mindrazer deals 1 damage to that player. [Player: Ai(4)-mm-baylen-tokens]
Damage: Orcish Bowmasters (284) deals 1 non-combat damage to Ai(4)-mm-baylen-tokens.
Life: Life: Ai(4)-mm-baylen-tokens 15 > 14
Resolve Stack: When Orcish Bowmasters enters and whenever an opponent draws a card except the first one they draw in each of their draw steps, Orcish Bowmasters deals 1 damage to any target. Then amass Orcs 1. (Targeting: [[Ai(4)-mm-baylen-tokens]]) [Player: Ai(4)-mm-baylen-tokens]
Damage: Kederekt Parasite (255) deals 1 non-combat damage to Ai(4)-mm-baylen-tokens.
Life: Life: Ai(4)-mm-baylen-tokens 14 > 13
Resolve Stack: Whenever an opponent draws a card, if you control a red permanent, you may have Kederekt Parasite deal 1 damage to that player. [Player: Ai(4)-mm-baylen-tokens]
Damage: Nekusar, the Mindrazer (302) deals 1 non-combat damage to Ai(4)-mm-baylen-tokens.
Life: Life: Ai(4)-mm-baylen-tokens 13 > 12
Resolve Stack: Whenever an opponent draws a card, Nekusar, the Mindrazer deals 1 damage to that player. [Player: Ai(4)-mm-baylen-tokens]
Damage: Kederekt Parasite (255) deals 1 non-combat damage to Ai(4)-mm-baylen-tokens.
Life: Life: Ai(4)-mm-baylen-tokens 12 > 11
Resolve Stack: Whenever an opponent draws a card, if you control a red permanent, you may have Kederekt Parasite deal 1 damage to that player. [Player: Ai(4)-mm-baylen-tokens]
Phase: Ai(4)-mm-baylen-tokens' Main phase, precombat
Mana: Bountiful Promenade (310) - {T}: Add {G} or {W}.
Mana: Mountain (386) - {T}: Add {R}.
Add To Stack: Ai(4)-mm-baylen-tokens cast Hare Apparent
Add To Stack: Ai(1)-mm-talrand-spells triggered Rhystic Study
Mana: Canopy Vista (371) - {T}: Add {G}.
Resolve Stack: Whenever an opponent casts a spell, you may draw a card unless that player pays {1}. [Card: Hare Apparent (350), Activator: Ai(4)-mm-baylen-tokens, SpellAbility: Hare Apparent - Creature 2 / 2]
Resolve Stack: Hare Apparent - Creature 2 / 2
Add To Stack: Ai(4)-mm-baylen-tokens triggered Hare Apparent
Resolve Stack: When this creature enters, create a number of 1/1 white Rabbit creature tokens equal to the number of other creatures you control named Hare Apparent. [Zone Changer: Hare Apparent (350)]
Land: Ai(4)-mm-baylen-tokens played Forest (329)
Phase: Ai(4)-mm-baylen-tokens' Beginning of Combat Step
Phase: Ai(4)-mm-baylen-tokens' Declare Attackers Step
Phase: Ai(4)-mm-baylen-tokens' Declare Blockers Step
Phase: Ai(4)-mm-baylen-tokens' First Strike Damage Step
Phase: Ai(4)-mm-baylen-tokens' Combat Damage Step
Phase: Ai(4)-mm-baylen-tokens' End of Combat Step
Phase: Ai(4)-mm-baylen-tokens' Main phase, postcombat
Phase: Ai(4)-mm-baylen-tokens' End step
Phase: Ai(4)-mm-baylen-tokens' Cleanup step
Turn: Turn 25 (Ai(1)-mm-talrand-spells)
Phase: Ai(1)-mm-talrand-spells' Untap step
Phase: Ai(1)-mm-talrand-spells' Upkeep step
Phase: Ai(1)-mm-talrand-spells' Draw step
Add To Stack: Ai(3)-mm-nekusar-discard triggered Kederekt Parasite
Add To Stack: Ai(3)-mm-nekusar-discard triggered Nekusar, the Mindrazer
Add To Stack: Ai(3)-mm-nekusar-discard triggered Nekusar, the Mindrazer
Resolve Stack: At the beginning of each player's draw step, that player draws an additional card. [Phase: Ai(1)-mm-talrand-spells]
Add To Stack: Ai(3)-mm-nekusar-discard triggered Kederekt Parasite
Add To Stack: Ai(3)-mm-nekusar-discard triggered Orcish Bowmasters targeting [Rabbit Token (690)]
Add To Stack: Ai(3)-mm-nekusar-discard triggered Nekusar, the Mindrazer
Damage: Nekusar, the Mindrazer (302) deals 1 non-combat damage to Ai(1)-mm-talrand-spells.
Life: Life: Ai(1)-mm-talrand-spells 40 > 39
Resolve Stack: Whenever an opponent draws a card, Nekusar, the Mindrazer deals 1 damage to that player. [Player: Ai(1)-mm-talrand-spells]
Damage: Orcish Bowmasters (284) deals 1 damage to Rabbit Token (690).
Resolve Stack: When Orcish Bowmasters enters and whenever an opponent draws a card except the first one they draw in each of their draw steps, Orcish Bowmasters deals 1 damage to any target. Then amass Orcs 1. (Targeting: [[Rabbit Token (690)]]) [Player: Ai(1)-mm-talrand-spells]
Zone Change: Rabbit Token (690) was put into Graveyard from Battlefield.
Damage: Kederekt Parasite (255) deals 1 non-combat damage to Ai(1)-mm-talrand-spells.
Life: Life: Ai(1)-mm-talrand-spells 39 > 38
Resolve Stack: Whenever an opponent draws a card, if you control a red permanent, you may have Kederekt Parasite deal 1 damage to that player. [Player: Ai(1)-mm-talrand-spells]
Damage: Nekusar, the Mindrazer (302) deals 1 non-combat damage to Ai(1)-mm-talrand-spells.
Life: Life: Ai(1)-mm-talrand-spells 38 > 37
Resolve Stack: Whenever an opponent draws a card, Nekusar, the Mindrazer deals 1 damage to that player. [Player: Ai(1)-mm-talrand-spells]
Damage: Kederekt Parasite (255) deals 1 non-combat damage to Ai(1)-mm-talrand-spells.
Life: Life: Ai(1)-mm-talrand-spells 37 > 36
Resolve Stack: Whenever an opponent draws a card, if you control a red permanent, you may have Kederekt Parasite deal 1 damage to that player. [Player: Ai(1)-mm-talrand-spells]
Phase: Ai(1)-mm-talrand-spells' Main phase, precombat
Land: Ai(1)-mm-talrand-spells played Island (47)
Mana: Island (50) - {T}: Add {U}.
Mana: Island (42) - {T}: Add {U}.
Mana: Reliquary Tower (81) - {T}: Add {C}.
Add To Stack: Ai(1)-mm-talrand-spells cast Bident of Thassa
Resolve Stack: Bident of Thassa
Phase: Ai(1)-mm-talrand-spells' Beginning of Combat Step
Phase: Ai(1)-mm-talrand-spells' Declare Attackers Step
Phase: Ai(1)-mm-talrand-spells' Declare Blockers Step
Phase: Ai(1)-mm-talrand-spells' First Strike Damage Step
Phase: Ai(1)-mm-talrand-spells' Combat Damage Step
Phase: Ai(1)-mm-talrand-spells' End of Combat Step
Phase: Ai(1)-mm-talrand-spells' Main phase, postcombat
Mana: Island (37) - {T}: Add {U}.
Mana: Island (39) - {T}: Add {U}.
Mana: Island (47) - {T}: Add {U}.
Add To Stack: Ai(1)-mm-talrand-spells cast Archaeomancer
Resolve Stack: Archaeomancer - Creature 1 / 2
Add To Stack: Ai(1)-mm-talrand-spells triggered Archaeomancer targeting [Reality Shift (79)]
Resolve Stack: When Archaeomancer enters, return target instant or sorcery card from your graveyard to your hand. (Targeting: [[Reality Shift (79)]]) [Zone Changer: Archaeomancer (8)]
Phase: Ai(1)-mm-talrand-spells' End step
Phase: Ai(1)-mm-talrand-spells' Cleanup step
Turn: Turn 26 (Ai(2)-mm-giada-angels)
Phase: Ai(2)-mm-giada-angels' Untap step
Phase: Ai(2)-mm-giada-angels' Upkeep step
Phase: Ai(2)-mm-giada-angels' Draw step
Add To Stack: Ai(3)-mm-nekusar-discard triggered Kederekt Parasite
Add To Stack: Ai(3)-mm-nekusar-discard triggered Nekusar, the Mindrazer
Add To Stack: Ai(3)-mm-nekusar-discard triggered Nekusar, the Mindrazer
Resolve Stack: At the beginning of each player's draw step, that player draws an additional card. [Phase: Ai(2)-mm-giada-angels]
Add To Stack: Ai(3)-mm-nekusar-discard triggered Kederekt Parasite
Add To Stack: Ai(3)-mm-nekusar-discard triggered Orcish Bowmasters targeting [Rabbit Token (691)]
Add To Stack: Ai(3)-mm-nekusar-discard triggered Nekusar, the Mindrazer
Damage: Nekusar, the Mindrazer (302) deals 1 non-combat damage to Ai(2)-mm-giada-angels.
Life: Life: Ai(2)-mm-giada-angels 46 > 45
Resolve Stack: Whenever an opponent draws a card, Nekusar, the Mindrazer deals 1 damage to that player. [Player: Ai(2)-mm-giada-angels]
Damage: Orcish Bowmasters (284) deals 1 damage to Rabbit Token (691).
Resolve Stack: When Orcish Bowmasters enters and whenever an opponent draws a card except the first one they draw in each of their draw steps, Orcish Bowmasters deals 1 damage to any target. Then amass Orcs 1. (Targeting: [[Rabbit Token (691)]]) [Player: Ai(2)-mm-giada-angels]
Zone Change: Rabbit Token (691) was put into Graveyard from Battlefield.
Damage: Kederekt Parasite (255) deals 1 non-combat damage to Ai(2)-mm-giada-angels.
Life: Life: Ai(2)-mm-giada-angels 45 > 44
Resolve Stack: Whenever an opponent draws a card, if you control a red permanent, you may have Kederekt Parasite deal 1 damage to that player. [Player: Ai(2)-mm-giada-angels]
Damage: Nekusar, the Mindrazer (302) deals 1 non-combat damage to Ai(2)-mm-giada-angels.
Life: Life: Ai(2)-mm-giada-angels 44 > 43
Resolve Stack: Whenever an opponent draws a card, Nekusar, the Mindrazer deals 1 damage to that player. [Player: Ai(2)-mm-giada-angels]
Damage: Kederekt Parasite (255) deals 1 non-combat damage to Ai(2)-mm-giada-angels.
Life: Life: Ai(2)-mm-giada-angels 43 > 42
Resolve Stack: Whenever an opponent draws a card, if you control a red permanent, you may have Kederekt Parasite deal 1 damage to that player. [Player: Ai(2)-mm-giada-angels]
Phase: Ai(2)-mm-giada-angels' Main phase, precombat
Land: Ai(2)-mm-giada-angels played Plains (186)
Phase: Ai(2)-mm-giada-angels' Beginning of Combat Step
Phase: Ai(2)-mm-giada-angels' Declare Attackers Step
Phase: Ai(2)-mm-giada-angels' Declare Blockers Step
Phase: Ai(2)-mm-giada-angels' First Strike Damage Step
Phase: Ai(2)-mm-giada-angels' Combat Damage Step
Phase: Ai(2)-mm-giada-angels' End of Combat Step
Phase: Ai(2)-mm-giada-angels' Main phase, postcombat
Mana: Plains (194) - {T}: Add {W}.
Mana: Plains (183) - {T}: Add {W}.
Mana: Plains (174) - {T}: Add {W}.
Mana: Plains (178) - {T}: Add {W}.
Mana: Plains (186) - {T}: Add {W}.
Add To Stack: Ai(2)-mm-giada-angels cast Emeria Shepherd
Add To Stack: Ai(1)-mm-talrand-spells triggered Rhystic Study
Resolve Stack: Whenever an opponent casts a spell, you may draw a card unless that player pays {1}. [Card: Emeria Shepherd (110), Activator: Ai(2)-mm-giada-angels, SpellAbility: Emeria Shepherd - Creature 4 / 4]
Add To Stack: Ai(3)-mm-nekusar-discard triggered Kederekt Parasite
Add To Stack: Ai(3)-mm-nekusar-discard triggered Orcish Bowmasters targeting [Rabbit Token (692)]
Add To Stack: Ai(3)-mm-nekusar-discard triggered Nekusar, the Mindrazer
Damage: Nekusar, the Mindrazer (302) deals 1 non-combat damage to Ai(1)-mm-talrand-spells.
Life: Life: Ai(1)-mm-talrand-spells 36 > 35
Resolve Stack: Whenever an opponent draws a card, Nekusar, the Mindrazer deals 1 damage to that player. [Player: Ai(1)-mm-talrand-spells]
Damage: Orcish Bowmasters (284) deals 1 damage to Rabbit Token (692).
Resolve Stack: When Orcish Bowmasters enters and whenever an opponent draws a card except the first one they draw in each of their draw steps, Orcish Bowmasters deals 1 damage to any target. Then amass Orcs 1. (Targeting: [[Rabbit Token (692)]]) [Player: Ai(1)-mm-talrand-spells]
Zone Change: Rabbit Token (692) was put into Graveyard from Battlefield.
Damage: Kederekt Parasite (255) deals 1 non-combat damage to Ai(1)-mm-talrand-spells.
Life: Life: Ai(1)-mm-talrand-spells 35 > 34
Resolve Stack: Whenever an opponent draws a card, if you control a red permanent, you may have Kederekt Parasite deal 1 damage to that player. [Player: Ai(1)-mm-talrand-spells]
Resolve Stack: Emeria Shepherd - Creature 4 / 4
Phase: Ai(2)-mm-giada-angels' End step
Phase: Ai(2)-mm-giada-angels' Cleanup step
Turn: Turn 27 (Ai(3)-mm-nekusar-discard)
Phase: Ai(3)-mm-nekusar-discard's Untap step
Phase: Ai(3)-mm-nekusar-discard's Upkeep step
Phase: Ai(3)-mm-nekusar-discard's Draw step
Add To Stack: Ai(3)-mm-nekusar-discard triggered Nekusar, the Mindrazer
Resolve Stack: At the beginning of each player's draw step, that player draws an additional card. [Phase: Ai(3)-mm-nekusar-discard]
Phase: Ai(3)-mm-nekusar-discard's Main phase, precombat
Land: Ai(3)-mm-nekusar-discard played Island (239)
Phase: Ai(3)-mm-nekusar-discard's Beginning of Combat Step
Phase: Ai(3)-mm-nekusar-discard's Declare Attackers Step
Combat: Ai(3)-mm-nekusar-discard assigned Orc Army Token (554) to attack Ai(1)-mm-talrand-spells.
Phase: Ai(3)-mm-nekusar-discard's Declare Blockers Step
Combat: Ai(1)-mm-talrand-spells didn't block Orc Army Token (554).
Phase: Ai(3)-mm-nekusar-discard's First Strike Damage Step
Phase: Ai(3)-mm-nekusar-discard's Combat Damage Step
Damage: Orc Army Token (554) deals 12 combat damage to Ai(1)-mm-talrand-spells.
Life: Life: Ai(1)-mm-talrand-spells 34 > 22
Phase: Ai(3)-mm-nekusar-discard's End of Combat Step
Phase: Ai(3)-mm-nekusar-discard's Main phase, postcombat
Mana: Mountain (288) - {T}: Add {R}.
Mana: Dragonskull Summit (254) - {T}: Add {B} or {R}.
Add To Stack: Ai(3)-mm-nekusar-discard cast Razorkin Needlehead
Add To Stack: Ai(1)-mm-talrand-spells triggered Rhystic Study
Mana: Swamp (261) - {T}: Add {B}.
Resolve Stack: Whenever an opponent casts a spell, you may draw a card unless that player pays {1}. [Card: Razorkin Needlehead (233), Activator: Ai(3)-mm-nekusar-discard, SpellAbility: Razorkin Needlehead - Creature 2 / 2]
Resolve Stack: Razorkin Needlehead - Creature 2 / 2
Phase: Ai(3)-mm-nekusar-discard's End step
Phase: Ai(3)-mm-nekusar-discard's Cleanup step
Turn: Turn 28 (Ai(4)-mm-baylen-tokens)
Phase: Ai(4)-mm-baylen-tokens' Untap step
Phase: Ai(4)-mm-baylen-tokens' Upkeep step
Phase: Ai(4)-mm-baylen-tokens' Draw step
Add To Stack: Ai(3)-mm-nekusar-discard triggered Kederekt Parasite
Add To Stack: Ai(3)-mm-nekusar-discard triggered Nekusar, the Mindrazer
Add To Stack: Ai(3)-mm-nekusar-discard triggered Razorkin Needlehead
Add To Stack: Ai(3)-mm-nekusar-discard triggered Nekusar, the Mindrazer
Resolve Stack: At the beginning of each player's draw step, that player draws an additional card. [Phase: Ai(4)-mm-baylen-tokens]
Add To Stack: Ai(3)-mm-nekusar-discard triggered Kederekt Parasite
Add To Stack: Ai(3)-mm-nekusar-discard triggered Orcish Bowmasters targeting [Ai(4)-mm-baylen-tokens]
Add To Stack: Ai(3)-mm-nekusar-discard triggered Nekusar, the Mindrazer
Add To Stack: Ai(3)-mm-nekusar-discard triggered Razorkin Needlehead
Damage: Razorkin Needlehead (233) deals 1 non-combat damage to Ai(4)-mm-baylen-tokens.
Life: Life: Ai(4)-mm-baylen-tokens 11 > 10
Resolve Stack: Whenever an opponent draws a card, Razorkin Needlehead deals 1 damage to them. [Player: Ai(4)-mm-baylen-tokens]
Damage: Nekusar, the Mindrazer (302) deals 1 non-combat damage to Ai(4)-mm-baylen-tokens.
Life: Life: Ai(4)-mm-baylen-tokens 10 > 9
Resolve Stack: Whenever an opponent draws a card, Nekusar, the Mindrazer deals 1 damage to that player. [Player: Ai(4)-mm-baylen-tokens]
Damage: Orcish Bowmasters (284) deals 1 non-combat damage to Ai(4)-mm-baylen-tokens.
Life: Life: Ai(4)-mm-baylen-tokens 9 > 8
Resolve Stack: When Orcish Bowmasters enters and whenever an opponent draws a card except the first one they draw in each of their draw steps, Orcish Bowmasters deals 1 damage to any target. Then amass Orcs 1. (Targeting: [[Ai(4)-mm-baylen-tokens]]) [Player: Ai(4)-mm-baylen-tokens]
Damage: Kederekt Parasite (255) deals 1 non-combat damage to Ai(4)-mm-baylen-tokens.
Life: Life: Ai(4)-mm-baylen-tokens 8 > 7
Resolve Stack: Whenever an opponent draws a card, if you control a red permanent, you may have Kederekt Parasite deal 1 damage to that player. [Player: Ai(4)-mm-baylen-tokens]
Damage: Razorkin Needlehead (233) deals 1 non-combat damage to Ai(4)-mm-baylen-tokens.
Life: Life: Ai(4)-mm-baylen-tokens 7 > 6
Resolve Stack: Whenever an opponent draws a card, Razorkin Needlehead deals 1 damage to them. [Player: Ai(4)-mm-baylen-tokens]
Damage: Nekusar, the Mindrazer (302) deals 1 non-combat damage to Ai(4)-mm-baylen-tokens.
Life: Life: Ai(4)-mm-baylen-tokens 6 > 5
Resolve Stack: Whenever an opponent draws a card, Nekusar, the Mindrazer deals 1 damage to that player. [Player: Ai(4)-mm-baylen-tokens]
Damage: Kederekt Parasite (255) deals 1 non-combat damage to Ai(4)-mm-baylen-tokens.
Life: Life: Ai(4)-mm-baylen-tokens 5 > 4
Resolve Stack: Whenever an opponent draws a card, if you control a red permanent, you may have Kederekt Parasite deal 1 damage to that player. [Player: Ai(4)-mm-baylen-tokens]
Phase: Ai(4)-mm-baylen-tokens' Main phase, precombat
Replacement Effect: Rootbound Crag enters tapped unless you control a Mountain or a Forest.
Land: Ai(4)-mm-baylen-tokens played Rootbound Crag (397)
Mana: Spectator Seating (381) - {T}: Add {R} or {W}.
Mana: Mountain (385) - {T}: Add {R}.
Add To Stack: Ai(4)-mm-baylen-tokens cast Hare Apparent
Add To Stack: Ai(1)-mm-talrand-spells triggered Rhystic Study
Mana: Mountain (386) - {T}: Add {R}.
Resolve Stack: Whenever an opponent casts a spell, you may draw a card unless that player pays {1}. [Card: Hare Apparent (349), Activator: Ai(4)-mm-baylen-tokens, SpellAbility: Hare Apparent - Creature 2 / 2]
Resolve Stack: Hare Apparent - Creature 2 / 2
Add To Stack: Ai(4)-mm-baylen-tokens triggered Hare Apparent
Resolve Stack: When this creature enters, create a number of 1/1 white Rabbit creature tokens equal to the number of other creatures you control named Hare Apparent. [Zone Changer: Hare Apparent (349)]
Phase: Ai(4)-mm-baylen-tokens' Beginning of Combat Step
Phase: Ai(4)-mm-baylen-tokens' Declare Attackers Step
Phase: Ai(4)-mm-baylen-tokens' Declare Blockers Step
Phase: Ai(4)-mm-baylen-tokens' First Strike Damage Step
Phase: Ai(4)-mm-baylen-tokens' Combat Damage Step
Phase: Ai(4)-mm-baylen-tokens' End of Combat Step
Phase: Ai(4)-mm-baylen-tokens' Main phase, postcombat
Mana: Rootbound Crag (397) - {T}: Add {R} or {G}.
Mana: Bountiful Promenade (310) - {T}: Add {G} or {W}.
Mana: Forest (329) - {T}: Add {G}.
Add To Stack: Ai(4)-mm-baylen-tokens cast Baylen, the Haymaker
Add To Stack: Ai(1)-mm-talrand-spells triggered Rhystic Study
Mana: Canopy Vista (371) - {T}: Add {G}.
Resolve Stack: Whenever an opponent casts a spell, you may draw a card unless that player pays {1}. [Card: Baylen, the Haymaker (403), Activator: Ai(4)-mm-baylen-tokens, SpellAbility: Baylen, the Haymaker - Creature 4 / 3]
Resolve Stack: Baylen, the Haymaker - Creature 4 / 3
Add To Stack: Ai(4)-mm-baylen-tokens activated Baylen, the Haymaker
Resolve Stack: Baylen, the Haymaker (403) - Ai(4)-mm-baylen-tokens draws a card.
Add To Stack: Ai(3)-mm-nekusar-discard triggered Kederekt Parasite
Add To Stack: Ai(3)-mm-nekusar-discard triggered Orcish Bowmasters targeting [Ai(4)-mm-baylen-tokens]
Add To Stack: Ai(3)-mm-nekusar-discard triggered Nekusar, the Mindrazer
Add To Stack: Ai(3)-mm-nekusar-discard triggered Razorkin Needlehead
Damage: Razorkin Needlehead (233) deals 1 non-combat damage to Ai(4)-mm-baylen-tokens.
Life: Life: Ai(4)-mm-baylen-tokens 4 > 3
Resolve Stack: Whenever an opponent draws a card, Razorkin Needlehead deals 1 damage to them. [Player: Ai(4)-mm-baylen-tokens]
Damage: Nekusar, the Mindrazer (302) deals 1 non-combat damage to Ai(4)-mm-baylen-tokens.
Life: Life: Ai(4)-mm-baylen-tokens 3 > 2
Resolve Stack: Whenever an opponent draws a card, Nekusar, the Mindrazer deals 1 damage to that player. [Player: Ai(4)-mm-baylen-tokens]
Damage: Orcish Bowmasters (284) deals 1 non-combat damage to Ai(4)-mm-baylen-tokens.
Life: Life: Ai(4)-mm-baylen-tokens 2 > 1
Resolve Stack: When Orcish Bowmasters enters and whenever an opponent draws a card except the first one they draw in each of their draw steps, Orcish Bowmasters deals 1 damage to any target. Then amass Orcs 1. (Targeting: [[Ai(4)-mm-baylen-tokens]]) [Player: Ai(4)-mm-baylen-tokens]
Damage: Kederekt Parasite (255) deals 1 non-combat damage to Ai(4)-mm-baylen-tokens.
Life: Life: Ai(4)-mm-baylen-tokens 1 > 0
Resolve Stack: Whenever an opponent draws a card, if you control a red permanent, you may have Kederekt Parasite deal 1 damage to that player. [Player: Ai(4)-mm-baylen-tokens]
Phase: Ai(4)-mm-baylen-tokens' End step
Phase: Ai(4)-mm-baylen-tokens' Cleanup step
Turn: Turn 29 (Ai(1)-mm-talrand-spells)
Phase: Ai(1)-mm-talrand-spells' Untap step
Phase: Ai(1)-mm-talrand-spells' Upkeep step
Mana: Island (50) - {T}: Add {U}.
Add To Stack: Ai(1)-mm-talrand-spells cast Reality Shift targeting [Emeria Shepherd (110)]
Zone Change: Emeria Shepherd (110) was put into Exile from Battlefield.
Resolve Stack: Reality Shift (79) - Exile Emeria Shepherd (110). 
Phase: Ai(1)-mm-talrand-spells' Draw step
Add To Stack: Ai(3)-mm-nekusar-discard triggered Kederekt Parasite
Add To Stack: Ai(3)-mm-nekusar-discard triggered Nekusar, the Mindrazer
Add To Stack: Ai(3)-mm-nekusar-discard triggered Razorkin Needlehead
Add To Stack: Ai(3)-mm-nekusar-discard triggered Nekusar, the Mindrazer
Resolve Stack: At the beginning of each player's draw step, that player draws an additional card. [Phase: Ai(1)-mm-talrand-spells]
Add To Stack: Ai(3)-mm-nekusar-discard triggered Kederekt Parasite
Add To Stack: Ai(3)-mm-nekusar-discard triggered Orcish Bowmasters targeting [Ai(1)-mm-talrand-spells]
Add To Stack: Ai(3)-mm-nekusar-discard triggered Nekusar, the Mindrazer
Add To Stack: Ai(3)-mm-nekusar-discard triggered Razorkin Needlehead
Damage: Razorkin Needlehead (233) deals 1 non-combat damage to Ai(1)-mm-talrand-spells.
Life: Life: Ai(1)-mm-talrand-spells 22 > 21
Resolve Stack: Whenever an opponent draws a card, Razorkin Needlehead deals 1 damage to them. [Player: Ai(1)-mm-talrand-spells]
Damage: Nekusar, the Mindrazer (302) deals 1 non-combat damage to Ai(1)-mm-talrand-spells.
Life: Life: Ai(1)-mm-talrand-spells 21 > 20
Resolve Stack: Whenever an opponent draws a card, Nekusar, the Mindrazer deals 1 damage to that player. [Player: Ai(1)-mm-talrand-spells]
Damage: Orcish Bowmasters (284) deals 1 non-combat damage to Ai(1)-mm-talrand-spells.
Life: Life: Ai(1)-mm-talrand-spells 20 > 19
Resolve Stack: When Orcish Bowmasters enters and whenever an opponent draws a card except the first one they draw in each of their draw steps, Orcish Bowmasters deals 1 damage to any target. Then amass Orcs 1. (Targeting: [[Ai(1)-mm-talrand-spells]]) [Player: Ai(1)-mm-talrand-spells]
Damage: Kederekt Parasite (255) deals 1 non-combat damage to Ai(1)-mm-talrand-spells.
Life: Life: Ai(1)-mm-talrand-spells 19 > 18
Resolve Stack: Whenever an opponent draws a card, if you control a red permanent, you may have Kederekt Parasite deal 1 damage to that player. [Player: Ai(1)-mm-talrand-spells]
Damage: Razorkin Needlehead (233) deals 1 non-combat damage to Ai(1)-mm-talrand-spells.
Life: Life: Ai(1)-mm-talrand-spells 18 > 17
Resolve Stack: Whenever an opponent draws a card, Razorkin Needlehead deals 1 damage to them. [Player: Ai(1)-mm-talrand-spells]
Damage: Nekusar, the Mindrazer (302) deals 1 non-combat damage to Ai(1)-mm-talrand-spells.
Life: Life: Ai(1)-mm-talrand-spells 17 > 16
Resolve Stack: Whenever an opponent draws a card, Nekusar, the Mindrazer deals 1 damage to that player. [Player: Ai(1)-mm-talrand-spells]
Damage: Kederekt Parasite (255) deals 1 non-combat damage to Ai(1)-mm-talrand-spells.
Life: Life: Ai(1)-mm-talrand-spells 16 > 15
Resolve Stack: Whenever an opponent draws a card, if you control a red permanent, you may have Kederekt Parasite deal 1 damage to that player. [Player: Ai(1)-mm-talrand-spells]
Phase: Ai(1)-mm-talrand-spells' Main phase, precombat
Replacement Effect: Mystic Sanctuary enters tapped unless you control three or more other Islands.
Land: Ai(1)-mm-talrand-spells played Mystic Sanctuary (59)
Add To Stack: Ai(1)-mm-talrand-spells triggered Mystic Sanctuary targeting [Reality Shift (79)]
Resolve Stack: When Mystic Sanctuary enters untapped, you may put target instant or sorcery card from your graveyard on top of your library. (Targeting: [[Reality Shift (79)]]) [Zone Changer: Mystic Sanctuary (59)]
Phase: Ai(1)-mm-talrand-spells' Beginning of Combat Step
Phase: Ai(1)-mm-talrand-spells' Declare Attackers Step
Phase: Ai(1)-mm-talrand-spells' Declare Blockers Step
Phase: Ai(1)-mm-talrand-spells' First Strike Damage Step
Phase: Ai(1)-mm-talrand-spells' Combat Damage Step
Phase: Ai(1)-mm-talrand-spells' End of Combat Step
Phase: Ai(1)-mm-talrand-spells' Main phase, postcombat
Mana: Island (42) - {T}: Add {U}.
Mana: Island (37) - {T}: Add {U}.
Mana: Reliquary Tower (81) - {T}: Add {C}.
Add To Stack: Ai(1)-mm-talrand-spells cast Alandra, Sky Dreamer
Resolve Stack: Alandra, Sky Dreamer - Creature 2 / 4
Phase: Ai(1)-mm-talrand-spells' End step
Phase: Ai(1)-mm-talrand-spells' Cleanup step
Turn: Turn 30 (Ai(2)-mm-giada-angels)
Phase: Ai(2)-mm-giada-angels' Untap step
Phase: Ai(2)-mm-giada-angels' Upkeep step
Phase: Ai(2)-mm-giada-angels' Draw step
Add To Stack: Ai(3)-mm-nekusar-discard triggered Kederekt Parasite
Add To Stack: Ai(3)-mm-nekusar-discard triggered Nekusar, the Mindrazer
Add To Stack: Ai(3)-mm-nekusar-discard triggered Razorkin Needlehead
Add To Stack: Ai(3)-mm-nekusar-discard triggered Nekusar, the Mindrazer
Resolve Stack: At the beginning of each player's draw step, that player draws an additional card. [Phase: Ai(2)-mm-giada-angels]
Add To Stack: Ai(3)-mm-nekusar-discard triggered Kederekt Parasite
Add To Stack: Ai(3)-mm-nekusar-discard triggered Orcish Bowmasters targeting [Ai(1)-mm-talrand-spells]
Add To Stack: Ai(3)-mm-nekusar-discard triggered Nekusar, the Mindrazer
Add To Stack: Ai(3)-mm-nekusar-discard triggered Razorkin Needlehead
Damage: Razorkin Needlehead (233) deals 1 non-combat damage to Ai(2)-mm-giada-angels.
Life: Life: Ai(2)-mm-giada-angels 42 > 41
Resolve Stack: Whenever an opponent draws a card, Razorkin Needlehead deals 1 damage to them. [Player: Ai(2)-mm-giada-angels]
Damage: Nekusar, the Mindrazer (302) deals 1 non-combat damage to Ai(2)-mm-giada-angels.
Life: Life: Ai(2)-mm-giada-angels 41 > 40
Resolve Stack: Whenever an opponent draws a card, Nekusar, the Mindrazer deals 1 damage to that player. [Player: Ai(2)-mm-giada-angels]
Damage: Orcish Bowmasters (284) deals 1 non-combat damage to Ai(1)-mm-talrand-spells.
Life: Life: Ai(1)-mm-talrand-spells 15 > 14
Resolve Stack: When Orcish Bowmasters enters and whenever an opponent draws a card except the first one they draw in each of their draw steps, Orcish Bowmasters deals 1 damage to any target. Then amass Orcs 1. (Targeting: [[Ai(1)-mm-talrand-spells]]) [Player: Ai(2)-mm-giada-angels]
Damage: Kederekt Parasite (255) deals 1 non-combat damage to Ai(2)-mm-giada-angels.
Life: Life: Ai(2)-mm-giada-angels 40 > 39
Resolve Stack: Whenever an opponent draws a card, if you control a red permanent, you may have Kederekt Parasite deal 1 damage to that player. [Player: Ai(2)-mm-giada-angels]
Damage: Razorkin Needlehead (233) deals 1 non-combat damage to Ai(2)-mm-giada-angels.
Life: Life: Ai(2)-mm-giada-angels 39 > 38
Resolve Stack: Whenever an opponent draws a card, Razorkin Needlehead deals 1 damage to them. [Player: Ai(2)-mm-giada-angels]
Damage: Nekusar, the Mindrazer (302) deals 1 non-combat damage to Ai(2)-mm-giada-angels.
Life: Life: Ai(2)-mm-giada-angels 38 > 37
Resolve Stack: Whenever an opponent draws a card, Nekusar, the Mindrazer deals 1 damage to that player. [Player: Ai(2)-mm-giada-angels]
Damage: Kederekt Parasite (255) deals 1 non-combat damage to Ai(2)-mm-giada-angels.
Life: Life: Ai(2)-mm-giada-angels 37 > 36
Resolve Stack: Whenever an opponent draws a card, if you control a red permanent, you may have Kederekt Parasite deal 1 damage to that player. [Player: Ai(2)-mm-giada-angels]
Phase: Ai(2)-mm-giada-angels' Main phase, precombat
Land: Ai(2)-mm-giada-angels played Plains (177)
Phase: Ai(2)-mm-giada-angels' Beginning of Combat Step
Phase: Ai(2)-mm-giada-angels' Declare Attackers Step
Phase: Ai(2)-mm-giada-angels' Declare Blockers Step
Phase: Ai(2)-mm-giada-angels' First Strike Damage Step
Phase: Ai(2)-mm-giada-angels' Combat Damage Step
Phase: Ai(2)-mm-giada-angels' End of Combat Step
Phase: Ai(2)-mm-giada-angels' Main phase, postcombat
Mana: Plains (194) - {T}: Add {W}.
Mana: Plains (183) - {T}: Add {W}.
Mana: Plains (174) - {T}: Add {W}.
Mana: Plains (178) - {T}: Add {W}.
Add To Stack: Ai(2)-mm-giada-angels cast Smothering Tithe
Add To Stack: Ai(1)-mm-talrand-spells triggered Rhystic Study
Mana: Plains (186) - {T}: Add {W}.
Resolve Stack: Whenever an opponent casts a spell, you may draw a card unless that player pays {1}. [Card: Smothering Tithe (115), Activator: Ai(2)-mm-giada-angels, SpellAbility: Smothering Tithe]
Mana: Island (39) - {T}: Add {U}.
Add To Stack: Ai(1)-mm-talrand-spells cast Spell Pierce targeting [Smothering Tithe]
Zone Change: Send countered spell to Graveyard
Resolve Stack: Spell Pierce (78) - Counter Smothering Tithe (115) unless its controller pays {2}.
Mana: Plains (177) - {T}: Add {W}.
Add To Stack: Ai(2)-mm-giada-angels cast Youthful Valkyrie
Add To Stack: Ai(1)-mm-talrand-spells triggered Rhystic Study
Resolve Stack: Whenever an opponent casts a spell, you may draw a card unless that player pays {1}. [Card: Youthful Valkyrie (144), Activator: Ai(2)-mm-giada-angels, SpellAbility: Youthful Valkyrie - Creature 1 / 3]
Add To Stack: Ai(3)-mm-nekusar-discard triggered Kederekt Parasite
Add To Stack: Ai(3)-mm-nekusar-discard triggered Orcish Bowmasters targeting [Ai(1)-mm-talrand-spells]
Add To Stack: Ai(3)-mm-nekusar-discard triggered Nekusar, the Mindrazer
Add To Stack: Ai(3)-mm-nekusar-discard triggered Razorkin Needlehead
Mana: Island (47) - {T}: Add {U}.
Add To Stack: Ai(1)-mm-talrand-spells cast Reality Shift targeting [Orc Army Token (554)]
Zone Change: Orc Army Token (554) was put into Exile from Battlefield.
Resolve Stack: Reality Shift (79) - Exile Orc Army Token (554). 
Damage: Razorkin Needlehead (233) deals 1 non-combat damage to Ai(1)-mm-talrand-spells.
Life: Life: Ai(1)-mm-talrand-spells 14 > 13
Resolve Stack: Whenever an opponent draws a card, Razorkin Needlehead deals 1 damage to them. [Player: Ai(1)-mm-talrand-spells]
Damage: Nekusar, the Mindrazer (302) deals 1 non-combat damage to Ai(1)-mm-talrand-spells.
Life: Life: Ai(1)-mm-talrand-spells 13 > 12
Resolve Stack: Whenever an opponent draws a card, Nekusar, the Mindrazer deals 1 damage to that player. [Player: Ai(1)-mm-talrand-spells]
Damage: Orcish Bowmasters (284) deals 1 non-combat damage to Ai(1)-mm-talrand-spells.
Life: Life: Ai(1)-mm-talrand-spells 12 > 11
Resolve Stack: When Orcish Bowmasters enters and whenever an opponent draws a card except the first one they draw in each of their draw steps, Orcish Bowmasters deals 1 damage to any target. Then amass Orcs 1. (Targeting: [[Ai(1)-mm-talrand-spells]]) [Player: Ai(1)-mm-talrand-spells]
Damage: Kederekt Parasite (255) deals 1 non-combat damage to Ai(1)-mm-talrand-spells.
Life: Life: Ai(1)-mm-talrand-spells 11 > 10
Resolve Stack: Whenever an opponent draws a card, if you control a red permanent, you may have Kederekt Parasite deal 1 damage to that player. [Player: Ai(1)-mm-talrand-spells]
Mana: Sunken Hollow (232) - {T}: Add {B}.
Mana: Command Tower (216) - {T}: Add one mana of any color in your commander's color identity.
Mana: Island (239) - {T}: Add {U}.
Mana: Training Center (250) - {T}: Add {U} or {R}.
Resolve Stack: Ai(3)-mm-nekusar-discard has unmanifested Sheoldred, the Apocalypse
Resolve Stack: Youthful Valkyrie - Creature 1 / 3
Phase: Ai(2)-mm-giada-angels' End step
Phase: Ai(2)-mm-giada-angels' Cleanup step
Turn: Turn 31 (Ai(3)-mm-nekusar-discard)
Phase: Ai(3)-mm-nekusar-discard's Untap step
Phase: Ai(3)-mm-nekusar-discard's Upkeep step
Phase: Ai(3)-mm-nekusar-discard's Draw step
Add To Stack: Ai(3)-mm-nekusar-discard triggered Sheoldred, the Apocalypse
Add To Stack: Ai(3)-mm-nekusar-discard triggered Nekusar, the Mindrazer
Resolve Stack: At the beginning of each player's draw step, that player draws an additional card. [Phase: Ai(3)-mm-nekusar-discard]
Add To Stack: Ai(3)-mm-nekusar-discard triggered Sheoldred, the Apocalypse
Life: Life: Ai(3)-mm-nekusar-discard 36 > 38
Resolve Stack: Whenever you draw a card, you gain 2 life. [Player: Ai(3)-mm-nekusar-discard]
Life: Life: Ai(3)-mm-nekusar-discard 38 > 40
Resolve Stack: Whenever you draw a card, you gain 2 life. [Player: Ai(3)-mm-nekusar-discard]
Phase: Ai(3)-mm-nekusar-discard's Main phase, precombat
Replacement Effect: As Watery Grave enters, you may pay 2 life. If you don't, it enters tapped.
Land: Ai(3)-mm-nekusar-discard played Watery Grave (235)
Phase: Ai(3)-mm-nekusar-discard's Beginning of Combat Step
Phase: Ai(3)-mm-nekusar-discard's Declare Attackers Step
Combat: Ai(3)-mm-nekusar-discard assigned Sheoldred, the Apocalypse (227) to attack Ai(1)-mm-talrand-spells.
Phase: Ai(3)-mm-nekusar-discard's Declare Blockers Step
Combat: Ai(1)-mm-talrand-spells didn't block Sheoldred, the Apocalypse (227).
Phase: Ai(3)-mm-nekusar-discard's First Strike Damage Step
Phase: Ai(3)-mm-nekusar-discard's Combat Damage Step
Damage: Sheoldred, the Apocalypse (227) deals 4 combat damage to Ai(1)-mm-talrand-spells.
Life: Life: Ai(1)-mm-talrand-spells 10 > 6
Phase: Ai(3)-mm-nekusar-discard's End of Combat Step
Phase: Ai(3)-mm-nekusar-discard's Main phase, postcombat
Phase: Ai(3)-mm-nekusar-discard's End step
Phase: Ai(3)-mm-nekusar-discard's Cleanup step
Turn: Turn 32 (Ai(1)-mm-talrand-spells)
Phase: Ai(1)-mm-talrand-spells' Untap step
Phase: Ai(1)-mm-talrand-spells' Upkeep step
Phase: Ai(1)-mm-talrand-spells' Draw step
Add To Stack: Ai(3)-mm-nekusar-discard triggered Kederekt Parasite
Add To Stack: Ai(3)-mm-nekusar-discard triggered Nekusar, the Mindrazer
Add To Stack: Ai(3)-mm-nekusar-discard triggered Razorkin Needlehead
Add To Stack: Ai(3)-mm-nekusar-discard triggered Sheoldred, the Apocalypse
Add To Stack: Ai(3)-mm-nekusar-discard triggered Nekusar, the Mindrazer
Resolve Stack: At the beginning of each player's draw step, that player draws an additional card. [Phase: Ai(1)-mm-talrand-spells]
Add To Stack: Ai(1)-mm-talrand-spells triggered Alandra, Sky Dreamer
Add To Stack: Ai(3)-mm-nekusar-discard triggered Kederekt Parasite
Add To Stack: Ai(3)-mm-nekusar-discard triggered Orcish Bowmasters targeting [Ai(1)-mm-talrand-spells]
Add To Stack: Ai(3)-mm-nekusar-discard triggered Nekusar, the Mindrazer
Add To Stack: Ai(3)-mm-nekusar-discard triggered Razorkin Needlehead
Add To Stack: Ai(3)-mm-nekusar-discard triggered Sheoldred, the Apocalypse
Life: Life: Ai(1)-mm-talrand-spells 6 > 4
Resolve Stack: Whenever an opponent draws a card, they lose 2 life. [Player: Ai(1)-mm-talrand-spells]
Damage: Razorkin Needlehead (233) deals 1 non-combat damage to Ai(1)-mm-talrand-spells.
Life: Life: Ai(1)-mm-talrand-spells 4 > 3
Resolve Stack: Whenever an opponent draws a card, Razorkin Needlehead deals 1 damage to them. [Player: Ai(1)-mm-talrand-spells]
Damage: Nekusar, the Mindrazer (302) deals 1 non-combat damage to Ai(1)-mm-talrand-spells.
Life: Life: Ai(1)-mm-talrand-spells 3 > 2
Resolve Stack: Whenever an opponent draws a card, Nekusar, the Mindrazer deals 1 damage to that player. [Player: Ai(1)-mm-talrand-spells]
Damage: Orcish Bowmasters (284) deals 1 non-combat damage to Ai(1)-mm-talrand-spells.
Life: Life: Ai(1)-mm-talrand-spells 2 > 1
Resolve Stack: When Orcish Bowmasters enters and whenever an opponent draws a card except the first one they draw in each of their draw steps, Orcish Bowmasters deals 1 damage to any target. Then amass Orcs 1. (Targeting: [[Ai(1)-mm-talrand-spells]]) [Player: Ai(1)-mm-talrand-spells]
Damage: Kederekt Parasite (255) deals 1 non-combat damage to Ai(1)-mm-talrand-spells.
Life: Life: Ai(1)-mm-talrand-spells 1 > 0
Resolve Stack: Whenever an opponent draws a card, if you control a red permanent, you may have Kederekt Parasite deal 1 damage to that player. [Player: Ai(1)-mm-talrand-spells]
Resolve Stack: Whenever an opponent draws a card, they lose 2 life. [Player: Ai(1)-mm-talrand-spells]
Resolve Stack: Whenever an opponent draws a card, Razorkin Needlehead deals 1 damage to them. [Player: Ai(1)-mm-talrand-spells]
Resolve Stack: Whenever an opponent draws a card, Nekusar, the Mindrazer deals 1 damage to that player. [Player: Ai(1)-mm-talrand-spells]
Resolve Stack: Whenever an opponent draws a card, if you control a red permanent, you may have Kederekt Parasite deal 1 damage to that player. [Player: Ai(1)-mm-talrand-spells]
Phase: Ai(1)-mm-talrand-spells' Main phase, precombat
Phase: Ai(1)-mm-talrand-spells' Beginning of Combat Step
Phase: Ai(1)-mm-talrand-spells' Declare Attackers Step
Phase: Ai(1)-mm-talrand-spells' Declare Blockers Step
Phase: Ai(1)-mm-talrand-spells' First Strike Damage Step
Phase: Ai(1)-mm-talrand-spells' Combat Damage Step
Phase: Ai(1)-mm-talrand-spells' End of Combat Step
Phase: Ai(1)-mm-talrand-spells' Main phase, postcombat
Phase: Ai(1)-mm-talrand-spells' End step
Phase: Ai(1)-mm-talrand-spells' Cleanup step
Turn: Turn 33 (Ai(2)-mm-giada-angels)
Phase: Ai(2)-mm-giada-angels' Untap step
Phase: Ai(2)-mm-giada-angels' Upkeep step
Phase: Ai(2)-mm-giada-angels' Draw step
Add To Stack: Ai(3)-mm-nekusar-discard triggered Kederekt Parasite
Add To Stack: Ai(3)-mm-nekusar-discard triggered Nekusar, the Mindrazer
Add To Stack: Ai(3)-mm-nekusar-discard triggered Razorkin Needlehead
Add To Stack: Ai(3)-mm-nekusar-discard triggered Sheoldred, the Apocalypse
Add To Stack: Ai(3)-mm-nekusar-discard triggered Nekusar, the Mindrazer
Resolve Stack: At the beginning of each player's draw step, that player draws an additional card. [Phase: Ai(2)-mm-giada-angels]
Add To Stack: Ai(3)-mm-nekusar-discard triggered Kederekt Parasite
Add To Stack: Ai(3)-mm-nekusar-discard triggered Orcish Bowmasters targeting [Ai(2)-mm-giada-angels]
Add To Stack: Ai(3)-mm-nekusar-discard triggered Nekusar, the Mindrazer
Add To Stack: Ai(3)-mm-nekusar-discard triggered Razorkin Needlehead
Add To Stack: Ai(3)-mm-nekusar-discard triggered Sheoldred, the Apocalypse
Life: Life: Ai(2)-mm-giada-angels 36 > 34
Resolve Stack: Whenever an opponent draws a card, they lose 2 life. [Player: Ai(2)-mm-giada-angels]
Damage: Razorkin Needlehead (233) deals 1 non-combat damage to Ai(2)-mm-giada-angels.
Life: Life: Ai(2)-mm-giada-angels 34 > 33
Resolve Stack: Whenever an opponent draws a card, Razorkin Needlehead deals 1 damage to them. [Player: Ai(2)-mm-giada-angels]
Damage: Nekusar, the Mindrazer (302) deals 1 non-combat damage to Ai(2)-mm-giada-angels.
Life: Life: Ai(2)-mm-giada-angels 33 > 32
Resolve Stack: Whenever an opponent draws a card, Nekusar, the Mindrazer deals 1 damage to that player. [Player: Ai(2)-mm-giada-angels]
Damage: Orcish Bowmasters (284) deals 1 non-combat damage to Ai(2)-mm-giada-angels.
Life: Life: Ai(2)-mm-giada-angels 32 > 31
Resolve Stack: When Orcish Bowmasters enters and whenever an opponent draws a card except the first one they draw in each of their draw steps, Orcish Bowmasters deals 1 damage to any target. Then amass Orcs 1. (Targeting: [[Ai(2)-mm-giada-angels]]) [Player: Ai(2)-mm-giada-angels]
Damage: Kederekt Parasite (255) deals 1 non-combat damage to Ai(2)-mm-giada-angels.
Life: Life: Ai(2)-mm-giada-angels 31 > 30
Resolve Stack: Whenever an opponent draws a card, if you control a red permanent, you may have Kederekt Parasite deal 1 damage to that player. [Player: Ai(2)-mm-giada-angels]
Life: Life: Ai(2)-mm-giada-angels 30 > 28
Resolve Stack: Whenever an opponent draws a card, they lose 2 life. [Player: Ai(2)-mm-giada-angels]
Damage: Razorkin Needlehead (233) deals 1 non-combat damage to Ai(2)-mm-giada-angels.
Life: Life: Ai(2)-mm-giada-angels 28 > 27
Resolve Stack: Whenever an opponent draws a card, Razorkin Needlehead deals 1 damage to them. [Player: Ai(2)-mm-giada-angels]
Damage: Nekusar, the Mindrazer (302) deals 1 non-combat damage to Ai(2)-mm-giada-angels.
Life: Life: Ai(2)-mm-giada-angels 27 > 26
Resolve Stack: Whenever an opponent draws a card, Nekusar, the Mindrazer deals 1 damage to that player. [Player: Ai(2)-mm-giada-angels]
Damage: Kederekt Parasite (255) deals 1 non-combat damage to Ai(2)-mm-giada-angels.
Life: Life: Ai(2)-mm-giada-angels 26 > 25
Resolve Stack: Whenever an opponent draws a card, if you control a red permanent, you may have Kederekt Parasite deal 1 damage to that player. [Player: Ai(2)-mm-giada-angels]
Phase: Ai(2)-mm-giada-angels' Main phase, precombat
Mana: Plains (194) - {T}: Add {W}.
Mana: Plains (183) - {T}: Add {W}.
Mana: Plains (174) - {T}: Add {W}.
Mana: Plains (178) - {T}: Add {W}.
Mana: Plains (186) - {T}: Add {W}.
Add To Stack: Ai(2)-mm-giada-angels cast Sephara, Sky's Blade
Resolve Stack: Sephara, Sky's Blade - Creature 7 / 7
Add To Stack: Ai(2)-mm-giada-angels triggered Youthful Valkyrie
Resolve Stack: Whenever another Angel you control enters, put a +1/+1 counter on Youthful Valkyrie. [Zone Changer: Sephara, Sky's Blade (124)]
Phase: Ai(2)-mm-giada-angels' Beginning of Combat Step
Phase: Ai(2)-mm-giada-angels' Declare Attackers Step
Combat: Ai(2)-mm-giada-angels assigned Youthful Valkyrie (144) to attack Ai(3)-mm-nekusar-discard.
Phase: Ai(2)-mm-giada-angels' Declare Blockers Step
Combat: Ai(3)-mm-nekusar-discard didn't block Youthful Valkyrie (144).
Phase: Ai(2)-mm-giada-angels' First Strike Damage Step
Phase: Ai(2)-mm-giada-angels' Combat Damage Step
Damage: Youthful Valkyrie (144) deals 2 combat damage to Ai(3)-mm-nekusar-discard.
Life: Life: Ai(3)-mm-nekusar-discard 40 > 38
Phase: Ai(2)-mm-giada-angels' End of Combat Step
Phase: Ai(2)-mm-giada-angels' Main phase, postcombat
Mana: Plains (177) - {T}: Add {W}.
Add To Stack: Ai(2)-mm-giada-angels cast Dazzling Angel
Resolve Stack: Dazzling Angel - Creature 2 / 3
Add To Stack: Ai(2)-mm-giada-angels triggered Youthful Valkyrie
Resolve Stack: Whenever another Angel you control enters, put a +1/+1 counter on Youthful Valkyrie. [Zone Changer: Dazzling Angel (129)]
Phase: Ai(2)-mm-giada-angels' End step
Phase: Ai(2)-mm-giada-angels' Cleanup step
Turn: Turn 34 (Ai(3)-mm-nekusar-discard)
Phase: Ai(3)-mm-nekusar-discard's Untap step
Phase: Ai(3)-mm-nekusar-discard's Upkeep step
Phase: Ai(3)-mm-nekusar-discard's Draw step
Add To Stack: Ai(3)-mm-nekusar-discard triggered Sheoldred, the Apocalypse
Add To Stack: Ai(3)-mm-nekusar-discard triggered Nekusar, the Mindrazer
Resolve Stack: At the beginning of each player's draw step, that player draws an additional card. [Phase: Ai(3)-mm-nekusar-discard]
Add To Stack: Ai(3)-mm-nekusar-discard triggered Sheoldred, the Apocalypse
Life: Life: Ai(3)-mm-nekusar-discard 38 > 40
Resolve Stack: Whenever you draw a card, you gain 2 life. [Player: Ai(3)-mm-nekusar-discard]
Life: Life: Ai(3)-mm-nekusar-discard 40 > 42
Resolve Stack: Whenever you draw a card, you gain 2 life. [Player: Ai(3)-mm-nekusar-discard]
Phase: Ai(3)-mm-nekusar-discard's Main phase, precombat
Land: Ai(3)-mm-nekusar-discard played Mountain (289)
Phase: Ai(3)-mm-nekusar-discard's Beginning of Combat Step
Phase: Ai(3)-mm-nekusar-discard's Declare Attackers Step
Phase: Ai(3)-mm-nekusar-discard's Declare Blockers Step
Phase: Ai(3)-mm-nekusar-discard's First Strike Damage Step
Phase: Ai(3)-mm-nekusar-discard's Combat Damage Step
Phase: Ai(3)-mm-nekusar-discard's End of Combat Step
Phase: Ai(3)-mm-nekusar-discard's Main phase, postcombat
Phase: Ai(3)-mm-nekusar-discard's End step
Phase: Ai(3)-mm-nekusar-discard's Cleanup step
Turn: Turn 35 (Ai(2)-mm-giada-angels)
Phase: Ai(2)-mm-giada-angels' Untap step
Phase: Ai(2)-mm-giada-angels' Upkeep step
Phase: Ai(2)-mm-giada-angels' Draw step
Add To Stack: Ai(3)-mm-nekusar-discard triggered Kederekt Parasite
Add To Stack: Ai(3)-mm-nekusar-discard triggered Nekusar, the Mindrazer
Add To Stack: Ai(3)-mm-nekusar-discard triggered Razorkin Needlehead
Add To Stack: Ai(3)-mm-nekusar-discard triggered Sheoldred, the Apocalypse
Add To Stack: Ai(3)-mm-nekusar-discard triggered Nekusar, the Mindrazer
Resolve Stack: At the beginning of each player's draw step, that player draws an additional card. [Phase: Ai(2)-mm-giada-angels]
Add To Stack: Ai(3)-mm-nekusar-discard triggered Kederekt Parasite
Add To Stack: Ai(3)-mm-nekusar-discard triggered Orcish Bowmasters targeting [Ai(2)-mm-giada-angels]
Add To Stack: Ai(3)-mm-nekusar-discard triggered Nekusar, the Mindrazer
Add To Stack: Ai(3)-mm-nekusar-discard triggered Razorkin Needlehead
Add To Stack: Ai(3)-mm-nekusar-discard triggered Sheoldred, the Apocalypse
Life: Life: Ai(2)-mm-giada-angels 25 > 23
Resolve Stack: Whenever an opponent draws a card, they lose 2 life. [Player: Ai(2)-mm-giada-angels]
Damage: Razorkin Needlehead (233) deals 1 non-combat damage to Ai(2)-mm-giada-angels.
Life: Life: Ai(2)-mm-giada-angels 23 > 22
Resolve Stack: Whenever an opponent draws a card, Razorkin Needlehead deals 1 damage to them. [Player: Ai(2)-mm-giada-angels]
Damage: Nekusar, the Mindrazer (302) deals 1 non-combat damage to Ai(2)-mm-giada-angels.
Life: Life: Ai(2)-mm-giada-angels 22 > 21
Resolve Stack: Whenever an opponent draws a card, Nekusar, the Mindrazer deals 1 damage to that player. [Player: Ai(2)-mm-giada-angels]
Damage: Orcish Bowmasters (284) deals 1 non-combat damage to Ai(2)-mm-giada-angels.
Life: Life: Ai(2)-mm-giada-angels 21 > 20
Resolve Stack: When Orcish Bowmasters enters and whenever an opponent draws a card except the first one they draw in each of their draw steps, Orcish Bowmasters deals 1 damage to any target. Then amass Orcs 1. (Targeting: [[Ai(2)-mm-giada-angels]]) [Player: Ai(2)-mm-giada-angels]
Damage: Kederekt Parasite (255) deals 1 non-combat damage to Ai(2)-mm-giada-angels.
Life: Life: Ai(2)-mm-giada-angels 20 > 19
Resolve Stack: Whenever an opponent draws a card, if you control a red permanent, you may have Kederekt Parasite deal 1 damage to that player. [Player: Ai(2)-mm-giada-angels]
Life: Life: Ai(2)-mm-giada-angels 19 > 17
Resolve Stack: Whenever an opponent draws a card, they lose 2 life. [Player: Ai(2)-mm-giada-angels]
Damage: Razorkin Needlehead (233) deals 1 non-combat damage to Ai(2)-mm-giada-angels.
Life: Life: Ai(2)-mm-giada-angels 17 > 16
Resolve Stack: Whenever an opponent draws a card, Razorkin Needlehead deals 1 damage to them. [Player: Ai(2)-mm-giada-angels]
Damage: Nekusar, the Mindrazer (302) deals 1 non-combat damage to Ai(2)-mm-giada-angels.
Life: Life: Ai(2)-mm-giada-angels 16 > 15
Resolve Stack: Whenever an opponent draws a card, Nekusar, the Mindrazer deals 1 damage to that player. [Player: Ai(2)-mm-giada-angels]
Damage: Kederekt Parasite (255) deals 1 non-combat damage to Ai(2)-mm-giada-angels.
Life: Life: Ai(2)-mm-giada-angels 15 > 14
Resolve Stack: Whenever an opponent draws a card, if you control a red permanent, you may have Kederekt Parasite deal 1 damage to that player. [Player: Ai(2)-mm-giada-angels]
Phase: Ai(2)-mm-giada-angels' Main phase, precombat
Land: Ai(2)-mm-giada-angels played Plains (170)
Mana: Plains (194) - {T}: Add {W}.
Mana: Plains (183) - {T}: Add {W}.
Add To Stack: Ai(2)-mm-giada-angels cast Resplendent Angel
Resolve Stack: Resplendent Angel - Creature 3 / 3
Add To Stack: Ai(2)-mm-giada-angels triggered Dazzling Angel
Add To Stack: Ai(2)-mm-giada-angels triggered Youthful Valkyrie
Resolve Stack: Whenever another Angel you control enters, put a +1/+1 counter on Youthful Valkyrie. [Zone Changer: Resplendent Angel (102)]
Life: Life: Ai(2)-mm-giada-angels 14 > 15
Resolve Stack: Whenever another creature you control enters, you gain 1 life. [Zone Changer: Resplendent Angel (102)]
Mana: Plains (174) - {T}: Add {W}.
Mana: Plains (178) - {T}: Add {W}.
Add To Stack: Ai(2)-mm-giada-angels cast Giada, Font of Hope
Resolve Stack: Giada, Font of Hope - Creature 2 / 2
Add To Stack: Ai(2)-mm-giada-angels triggered Dazzling Angel
Add To Stack: Ai(2)-mm-giada-angels triggered Youthful Valkyrie
Resolve Stack: Whenever another Angel you control enters, put a +1/+1 counter on Youthful Valkyrie. [Zone Changer: Giada, Font of Hope (201)]
Life: Life: Ai(2)-mm-giada-angels 15 > 16
Resolve Stack: Whenever another creature you control enters, you gain 1 life. [Zone Changer: Giada, Font of Hope (201)]
Phase: Ai(2)-mm-giada-angels' Beginning of Combat Step
Phase: Ai(2)-mm-giada-angels' Declare Attackers Step
Combat: Ai(2)-mm-giada-angels assigned Sephara, Sky's Blade (124), Youthful Valkyrie (144) and Dazzling Angel (129) to attack Ai(3)-mm-nekusar-discard.
Phase: Ai(2)-mm-giada-angels' Declare Blockers Step
Combat: Ai(3)-mm-nekusar-discard didn't block Sephara, Sky's Blade (124).
Ai(3)-mm-nekusar-discard didn't block Youthful Valkyrie (144).
Ai(3)-mm-nekusar-discard didn't block Dazzling Angel (129).
Phase: Ai(2)-mm-giada-angels' First Strike Damage Step
Phase: Ai(2)-mm-giada-angels' Combat Damage Step
Damage: Sephara, Sky's Blade (124) deals 7 combat damage to Ai(3)-mm-nekusar-discard.
Life: Life: Ai(2)-mm-giada-angels 16 > 23
Damage: Youthful Valkyrie (144) deals 5 combat damage to Ai(3)-mm-nekusar-discard.
Damage: Dazzling Angel (129) deals 2 combat damage to Ai(3)-mm-nekusar-discard.
Life: Life: Ai(3)-mm-nekusar-discard 42 > 28
Phase: Ai(2)-mm-giada-angels' End of Combat Step
Phase: Ai(2)-mm-giada-angels' Main phase, postcombat
Mana: Plains (186) - {T}: Add {W}.
Mana: Plains (177) - {T}: Add {W}.
Add To Stack: Ai(2)-mm-giada-angels cast Arcane Signet
Mana: Island (239) - {T}: Add {U}.
Mana: Mountain (288) - {T}: Add {R}.
Add To Stack: Ai(3)-mm-nekusar-discard cast Negate targeting [Arcane Signet]
Zone Change: Send countered spell to Graveyard
Resolve Stack: Negate (205) - Counter Arcane Signet (200).
Phase: Ai(2)-mm-giada-angels' End step
Add To Stack: Ai(2)-mm-giada-angels triggered Resplendent Angel
Replacement Effect: Each other Angel you control enters with an additional +1/+1 counter on it for each Angel you already control.
Resolve Stack: At the beginning of each end step, if you gained 5 or more life this turn, create a 4/4 white Angel creature token with flying and vigilance. [Phase: Ai(2)-mm-giada-angels]
Add To Stack: Ai(2)-mm-giada-angels triggered Dazzling Angel
Add To Stack: Ai(2)-mm-giada-angels triggered Youthful Valkyrie
Resolve Stack: Whenever another Angel you control enters, put a +1/+1 counter on Youthful Valkyrie. [Zone Changer: Angel Token (782)]
Life: Life: Ai(2)-mm-giada-angels 23 > 24
Resolve Stack: Whenever another creature you control enters, you gain 1 life. [Zone Changer: Angel Token (782)]
Phase: Ai(2)-mm-giada-angels' Cleanup step
Turn: Turn 36 (Ai(3)-mm-nekusar-discard)
Phase: Ai(3)-mm-nekusar-discard's Untap step
Phase: Ai(3)-mm-nekusar-discard's Upkeep step
Phase: Ai(3)-mm-nekusar-discard's Draw step
Add To Stack: Ai(3)-mm-nekusar-discard triggered Sheoldred, the Apocalypse
Add To Stack: Ai(3)-mm-nekusar-discard triggered Nekusar, the Mindrazer
Resolve Stack: At the beginning of each player's draw step, that player draws an additional card. [Phase: Ai(3)-mm-nekusar-discard]
Add To Stack: Ai(3)-mm-nekusar-discard triggered Sheoldred, the Apocalypse
Life: Life: Ai(3)-mm-nekusar-discard 28 > 30
Resolve Stack: Whenever you draw a card, you gain 2 life. [Player: Ai(3)-mm-nekusar-discard]
Life: Life: Ai(3)-mm-nekusar-discard 30 > 32
Resolve Stack: Whenever you draw a card, you gain 2 life. [Player: Ai(3)-mm-nekusar-discard]
Phase: Ai(3)-mm-nekusar-discard's Main phase, precombat
Phase: Ai(3)-mm-nekusar-discard's Beginning of Combat Step
Phase: Ai(3)-mm-nekusar-discard's Declare Attackers Step
Phase: Ai(3)-mm-nekusar-discard's Declare Blockers Step
Phase: Ai(3)-mm-nekusar-discard's First Strike Damage Step
Phase: Ai(3)-mm-nekusar-discard's Combat Damage Step
Phase: Ai(3)-mm-nekusar-discard's End of Combat Step
Phase: Ai(3)-mm-nekusar-discard's Main phase, postcombat
Mana: Swamp (261) - {T}: Add {B}.
Mana: Dragonskull Summit (254) - {T}: Add {B} or {R}.
Mana: Mountain (288) - {T}: Add {R}.
Add To Stack: Ai(3)-mm-nekusar-discard cast Master of the Feast
Resolve Stack: Master of the Feast - Creature 5 / 5
Mana: Sunken Hollow (232) - {T}: Add {B}.
Mana: Mountain (289) - {T}: Add {R}.
Mana: Island (239) - {T}: Add {U}.
Add To Stack: Ai(3)-mm-nekusar-discard cast Megrim
Resolve Stack: Megrim
Phase: Ai(3)-mm-nekusar-discard's End step
Phase: Ai(3)-mm-nekusar-discard's Cleanup step
Turn: Turn 37 (Ai(2)-mm-giada-angels)
Phase: Ai(2)-mm-giada-angels' Untap step
Phase: Ai(2)-mm-giada-angels' Upkeep step
Phase: Ai(2)-mm-giada-angels' Draw step
Add To Stack: Ai(3)-mm-nekusar-discard triggered Kederekt Parasite
Add To Stack: Ai(3)-mm-nekusar-discard triggered Nekusar, the Mindrazer
Add To Stack: Ai(3)-mm-nekusar-discard triggered Razorkin Needlehead
Add To Stack: Ai(3)-mm-nekusar-discard triggered Sheoldred, the Apocalypse
Add To Stack: Ai(3)-mm-nekusar-discard triggered Nekusar, the Mindrazer
Resolve Stack: At the beginning of each player's draw step, that player draws an additional card. [Phase: Ai(2)-mm-giada-angels]
Add To Stack: Ai(3)-mm-nekusar-discard triggered Kederekt Parasite
Add To Stack: Ai(3)-mm-nekusar-discard triggered Orcish Bowmasters targeting [Ai(2)-mm-giada-angels]
Add To Stack: Ai(3)-mm-nekusar-discard triggered Nekusar, the Mindrazer
Add To Stack: Ai(3)-mm-nekusar-discard triggered Razorkin Needlehead
Add To Stack: Ai(3)-mm-nekusar-discard triggered Sheoldred, the Apocalypse
Life: Life: Ai(2)-mm-giada-angels 24 > 22
Resolve Stack: Whenever an opponent draws a card, they lose 2 life. [Player: Ai(2)-mm-giada-angels]
Damage: Razorkin Needlehead (233) deals 1 non-combat damage to Ai(2)-mm-giada-angels.
Life: Life: Ai(2)-mm-giada-angels 22 > 21
Resolve Stack: Whenever an opponent draws a card, Razorkin Needlehead deals 1 damage to them. [Player: Ai(2)-mm-giada-angels]
Damage: Nekusar, the Mindrazer (302) deals 1 non-combat damage to Ai(2)-mm-giada-angels.
Life: Life: Ai(2)-mm-giada-angels 21 > 20
Resolve Stack: Whenever an opponent draws a card, Nekusar, the Mindrazer deals 1 damage to that player. [Player: Ai(2)-mm-giada-angels]
Damage: Orcish Bowmasters (284) deals 1 non-combat damage to Ai(2)-mm-giada-angels.
Life: Life: Ai(2)-mm-giada-angels 20 > 19
Resolve Stack: When Orcish Bowmasters enters and whenever an opponent draws a card except the first one they draw in each of their draw steps, Orcish Bowmasters deals 1 damage to any target. Then amass Orcs 1. (Targeting: [[Ai(2)-mm-giada-angels]]) [Player: Ai(2)-mm-giada-angels]
Damage: Kederekt Parasite (255) deals 1 non-combat damage to Ai(2)-mm-giada-angels.
Life: Life: Ai(2)-mm-giada-angels 19 > 18
Resolve Stack: Whenever an opponent draws a card, if you control a red permanent, you may have Kederekt Parasite deal 1 damage to that player. [Player: Ai(2)-mm-giada-angels]
Life: Life: Ai(2)-mm-giada-angels 18 > 16
Resolve Stack: Whenever an opponent draws a card, they lose 2 life. [Player: Ai(2)-mm-giada-angels]
Damage: Razorkin Needlehead (233) deals 1 non-combat damage to Ai(2)-mm-giada-angels.
Life: Life: Ai(2)-mm-giada-angels 16 > 15
Resolve Stack: Whenever an opponent draws a card, Razorkin Needlehead deals 1 damage to them. [Player: Ai(2)-mm-giada-angels]
Damage: Nekusar, the Mindrazer (302) deals 1 non-combat damage to Ai(2)-mm-giada-angels.
Life: Life: Ai(2)-mm-giada-angels 15 > 14
Resolve Stack: Whenever an opponent draws a card, Nekusar, the Mindrazer deals 1 damage to that player. [Player: Ai(2)-mm-giada-angels]
Damage: Kederekt Parasite (255) deals 1 non-combat damage to Ai(2)-mm-giada-angels.
Life: Life: Ai(2)-mm-giada-angels 14 > 13
Resolve Stack: Whenever an opponent draws a card, if you control a red permanent, you may have Kederekt Parasite deal 1 damage to that player. [Player: Ai(2)-mm-giada-angels]
Phase: Ai(2)-mm-giada-angels' Main phase, precombat
Mana: Plains (194) - {T}: Add {W}.
Mana: Plains (183) - {T}: Add {W}.
Add To Stack: Ai(2)-mm-giada-angels cast Battle Angels of Tyr
Replacement Effect: Each other Angel you control enters with an additional +1/+1 counter on it for each Angel you already control.
Resolve Stack: Battle Angels of Tyr - Creature 4 / 4
Add To Stack: Ai(2)-mm-giada-angels triggered Dazzling Angel
Add To Stack: Ai(2)-mm-giada-angels triggered Youthful Valkyrie
Resolve Stack: Whenever another Angel you control enters, put a +1/+1 counter on Youthful Valkyrie. [Zone Changer: Battle Angels of Tyr (135)]
Life: Life: Ai(2)-mm-giada-angels 13 > 14
Resolve Stack: Whenever another creature you control enters, you gain 1 life. [Zone Changer: Battle Angels of Tyr (135)]
Phase: Ai(2)-mm-giada-angels' Beginning of Combat Step
Phase: Ai(2)-mm-giada-angels' Declare Attackers Step
Combat: Ai(2)-mm-giada-angels assigned Youthful Valkyrie (144), Sephara, Sky's Blade (124) and Angel Token (782) to attack Ai(3)-mm-nekusar-discard.
Phase: Ai(2)-mm-giada-angels' Declare Blockers Step
Combat: Ai(3)-mm-nekusar-discard didn't block Youthful Valkyrie (144).
Ai(3)-mm-nekusar-discard didn't block Sephara, Sky's Blade (124).
Ai(3)-mm-nekusar-discard didn't block Angel Token (782).
Phase: Ai(2)-mm-giada-angels' First Strike Damage Step
Phase: Ai(2)-mm-giada-angels' Combat Damage Step
Damage: Youthful Valkyrie (144) deals 7 combat damage to Ai(3)-mm-nekusar-discard.
Damage: Sephara, Sky's Blade (124) deals 7 combat damage to Ai(3)-mm-nekusar-discard.
Life: Life: Ai(2)-mm-giada-angels 14 > 21
Damage: Angel Token (782) deals 9 combat damage to Ai(3)-mm-nekusar-discard.
Life: Life: Ai(3)-mm-nekusar-discard 32 > 9
Phase: Ai(2)-mm-giada-angels' End of Combat Step
Phase: Ai(2)-mm-giada-angels' Main phase, postcombat
Replacement Effect: Myriad Landscape enters tapped.
Land: Ai(2)-mm-giada-angels played Myriad Landscape (163)
Mana: Plains (174) - {T}: Add {W}.
Mana: Plains (178) - {T}: Add {W}.
Mana: Plains (186) - {T}: Add {W}.
Mana: Plains (177) - {T}: Add {W}.
Add To Stack: Ai(2)-mm-giada-angels cast Court of Grace
Resolve Stack: Court of Grace
Add To Stack: Ai(2)-mm-giada-angels triggered Court of Grace
Resolve Stack: When Court of Grace enters, you become the monarch. [Zone Changer: Court of Grace (154)]
Phase: Ai(2)-mm-giada-angels' End step
Add To Stack: Ai(2)-mm-giada-angels triggered The Monarch
Add To Stack: Ai(2)-mm-giada-angels triggered Resplendent Angel
Replacement Effect: Each other Angel you control enters with an additional +1/+1 counter on it for each Angel you already control.
Resolve Stack: At the beginning of each end step, if you gained 5 or more life this turn, create a 4/4 white Angel creature token with flying and vigilance. [Phase: Ai(2)-mm-giada-angels]
Add To Stack: Ai(2)-mm-giada-angels triggered Dazzling Angel
Add To Stack: Ai(2)-mm-giada-angels triggered Youthful Valkyrie
Resolve Stack: Whenever another Angel you control enters, put a +1/+1 counter on Youthful Valkyrie. [Zone Changer: Angel Token (786)]
Life: Life: Ai(2)-mm-giada-angels 21 > 22
Resolve Stack: Whenever another creature you control enters, you gain 1 life. [Zone Changer: Angel Token (786)]
Resolve Stack: At the beginning of your end step, draw a card. [Phase: Ai(2)-mm-giada-angels]
Add To Stack: Ai(3)-mm-nekusar-discard triggered Kederekt Parasite
Add To Stack: Ai(3)-mm-nekusar-discard triggered Orcish Bowmasters targeting [Ai(2)-mm-giada-angels]
Add To Stack: Ai(3)-mm-nekusar-discard triggered Nekusar, the Mindrazer
Add To Stack: Ai(3)-mm-nekusar-discard triggered Razorkin Needlehead
Add To Stack: Ai(3)-mm-nekusar-discard triggered Sheoldred, the Apocalypse
Life: Life: Ai(2)-mm-giada-angels 22 > 20
Resolve Stack: Whenever an opponent draws a card, they lose 2 life. [Player: Ai(2)-mm-giada-angels]
Damage: Razorkin Needlehead (233) deals 1 non-combat damage to Ai(2)-mm-giada-angels.
Life: Life: Ai(2)-mm-giada-angels 20 > 19
Resolve Stack: Whenever an opponent draws a card, Razorkin Needlehead deals 1 damage to them. [Player: Ai(2)-mm-giada-angels]
Damage: Nekusar, the Mindrazer (302) deals 1 non-combat damage to Ai(2)-mm-giada-angels.
Life: Life: Ai(2)-mm-giada-angels 19 > 18
Resolve Stack: Whenever an opponent draws a card, Nekusar, the Mindrazer deals 1 damage to that player. [Player: Ai(2)-mm-giada-angels]
Damage: Orcish Bowmasters (284) deals 1 non-combat damage to Ai(2)-mm-giada-angels.
Life: Life: Ai(2)-mm-giada-angels 18 > 17
Resolve Stack: When Orcish Bowmasters enters and whenever an opponent draws a card except the first one they draw in each of their draw steps, Orcish Bowmasters deals 1 damage to any target. Then amass Orcs 1. (Targeting: [[Ai(2)-mm-giada-angels]]) [Player: Ai(2)-mm-giada-angels]
Damage: Kederekt Parasite (255) deals 1 non-combat damage to Ai(2)-mm-giada-angels.
Life: Life: Ai(2)-mm-giada-angels 17 > 16
Resolve Stack: Whenever an opponent draws a card, if you control a red permanent, you may have Kederekt Parasite deal 1 damage to that player. [Player: Ai(2)-mm-giada-angels]
Phase: Ai(2)-mm-giada-angels' Cleanup step
Turn: Turn 38 (Ai(3)-mm-nekusar-discard)
Phase: Ai(3)-mm-nekusar-discard's Untap step
Phase: Ai(3)-mm-nekusar-discard's Upkeep step
Add To Stack: Ai(3)-mm-nekusar-discard triggered Master of the Feast
Resolve Stack: At the beginning of your upkeep, each opponent draws a card. [Phase: Ai(3)-mm-nekusar-discard]
Add To Stack: Ai(3)-mm-nekusar-discard triggered Kederekt Parasite
Add To Stack: Ai(3)-mm-nekusar-discard triggered Orcish Bowmasters targeting [Ai(2)-mm-giada-angels]
Add To Stack: Ai(3)-mm-nekusar-discard triggered Nekusar, the Mindrazer
Add To Stack: Ai(3)-mm-nekusar-discard triggered Razorkin Needlehead
Add To Stack: Ai(3)-mm-nekusar-discard triggered Sheoldred, the Apocalypse
Life: Life: Ai(2)-mm-giada-angels 16 > 14
Resolve Stack: Whenever an opponent draws a card, they lose 2 life. [Player: Ai(2)-mm-giada-angels]
Damage: Razorkin Needlehead (233) deals 1 non-combat damage to Ai(2)-mm-giada-angels.
Life: Life: Ai(2)-mm-giada-angels 14 > 13
Resolve Stack: Whenever an opponent draws a card, Razorkin Needlehead deals 1 damage to them. [Player: Ai(2)-mm-giada-angels]
Damage: Nekusar, the Mindrazer (302) deals 1 non-combat damage to Ai(2)-mm-giada-angels.
Life: Life: Ai(2)-mm-giada-angels 13 > 12
Resolve Stack: Whenever an opponent draws a card, Nekusar, the Mindrazer deals 1 damage to that player. [Player: Ai(2)-mm-giada-angels]
Damage: Orcish Bowmasters (284) deals 1 non-combat damage to Ai(2)-mm-giada-angels.
Life: Life: Ai(2)-mm-giada-angels 12 > 11
Resolve Stack: When Orcish Bowmasters enters and whenever an opponent draws a card except the first one they draw in each of their draw steps, Orcish Bowmasters deals 1 damage to any target. Then amass Orcs 1. (Targeting: [[Ai(2)-mm-giada-angels]]) [Player: Ai(2)-mm-giada-angels]
Damage: Kederekt Parasite (255) deals 1 non-combat damage to Ai(2)-mm-giada-angels.
Life: Life: Ai(2)-mm-giada-angels 11 > 10
Resolve Stack: Whenever an opponent draws a card, if you control a red permanent, you may have Kederekt Parasite deal 1 damage to that player. [Player: Ai(2)-mm-giada-angels]
Phase: Ai(3)-mm-nekusar-discard's Draw step
Add To Stack: Ai(3)-mm-nekusar-discard triggered Sheoldred, the Apocalypse
Add To Stack: Ai(3)-mm-nekusar-discard triggered Nekusar, the Mindrazer
Resolve Stack: At the beginning of each player's draw step, that player draws an additional card. [Phase: Ai(3)-mm-nekusar-discard]
Add To Stack: Ai(3)-mm-nekusar-discard triggered Sheoldred, the Apocalypse
Life: Life: Ai(3)-mm-nekusar-discard 9 > 11
Resolve Stack: Whenever you draw a card, you gain 2 life. [Player: Ai(3)-mm-nekusar-discard]
Life: Life: Ai(3)-mm-nekusar-discard 11 > 13
Resolve Stack: Whenever you draw a card, you gain 2 life. [Player: Ai(3)-mm-nekusar-discard]
Phase: Ai(3)-mm-nekusar-discard's Main phase, precombat
Land: Ai(3)-mm-nekusar-discard played Swamp (259)
Phase: Ai(3)-mm-nekusar-discard's Beginning of Combat Step
Phase: Ai(3)-mm-nekusar-discard's Declare Attackers Step
Phase: Ai(3)-mm-nekusar-discard's Declare Blockers Step
Phase: Ai(3)-mm-nekusar-discard's First Strike Damage Step
Phase: Ai(3)-mm-nekusar-discard's Combat Damage Step
Phase: Ai(3)-mm-nekusar-discard's End of Combat Step
Phase: Ai(3)-mm-nekusar-discard's Main phase, postcombat
Phase: Ai(3)-mm-nekusar-discard's End step
Phase: Ai(3)-mm-nekusar-discard's Cleanup step
Turn: Turn 39 (Ai(2)-mm-giada-angels)
Phase: Ai(2)-mm-giada-angels' Untap step
Phase: Ai(2)-mm-giada-angels' Upkeep step
Add To Stack: Ai(2)-mm-giada-angels triggered Court of Grace
Replacement Effect: Each other Angel you control enters with an additional +1/+1 counter on it for each Angel you already control.
Resolve Stack: At the beginning of your upkeep, create a 1/1 white Spirit creature token with flying. If you're the monarch, create a 4/4 white Angel creature token with flying instead. [Phase: Ai(2)-mm-giada-angels]
Add To Stack: Ai(2)-mm-giada-angels triggered Dazzling Angel
Add To Stack: Ai(2)-mm-giada-angels triggered Youthful Valkyrie
Resolve Stack: Whenever another Angel you control enters, put a +1/+1 counter on Youthful Valkyrie. [Zone Changer: Angel Token (788)]
Life: Life: Ai(2)-mm-giada-angels 10 > 11
Resolve Stack: Whenever another creature you control enters, you gain 1 life. [Zone Changer: Angel Token (788)]
Mana: Plains (194) - {T}: Add {W}.
Mana: Plains (183) - {T}: Add {W}.
Zone Change: Myriad Landscape (163) was put into Graveyard from Battlefield.
Add To Stack: Ai(2)-mm-giada-angels activated Myriad Landscape
Resolve Stack: Myriad Landscape (163) - Ai(2)-mm-giada-angels searches their library for  up to two basic land cards, puts them onto the battlefield tapped, then shuffles.
Phase: Ai(2)-mm-giada-angels' Draw step
Add To Stack: Ai(3)-mm-nekusar-discard triggered Kederekt Parasite
Add To Stack: Ai(3)-mm-nekusar-discard triggered Nekusar, the Mindrazer
Add To Stack: Ai(3)-mm-nekusar-discard triggered Razorkin Needlehead
Add To Stack: Ai(3)-mm-nekusar-discard triggered Sheoldred, the Apocalypse
Add To Stack: Ai(3)-mm-nekusar-discard triggered Nekusar, the Mindrazer
Resolve Stack: At the beginning of each player's draw step, that player draws an additional card. [Phase: Ai(2)-mm-giada-angels]
Add To Stack: Ai(3)-mm-nekusar-discard triggered Kederekt Parasite
Add To Stack: Ai(3)-mm-nekusar-discard triggered Orcish Bowmasters targeting [Ai(2)-mm-giada-angels]
Add To Stack: Ai(3)-mm-nekusar-discard triggered Nekusar, the Mindrazer
Add To Stack: Ai(3)-mm-nekusar-discard triggered Razorkin Needlehead
Add To Stack: Ai(3)-mm-nekusar-discard triggered Sheoldred, the Apocalypse
Life: Life: Ai(2)-mm-giada-angels 11 > 9
Resolve Stack: Whenever an opponent draws a card, they lose 2 life. [Player: Ai(2)-mm-giada-angels]
Damage: Razorkin Needlehead (233) deals 1 non-combat damage to Ai(2)-mm-giada-angels.
Life: Life: Ai(2)-mm-giada-angels 9 > 8
Resolve Stack: Whenever an opponent draws a card, Razorkin Needlehead deals 1 damage to them. [Player: Ai(2)-mm-giada-angels]
Damage: Nekusar, the Mindrazer (302) deals 1 non-combat damage to Ai(2)-mm-giada-angels.
Life: Life: Ai(2)-mm-giada-angels 8 > 7
Resolve Stack: Whenever an opponent draws a card, Nekusar, the Mindrazer deals 1 damage to that player. [Player: Ai(2)-mm-giada-angels]
Damage: Orcish Bowmasters (284) deals 1 non-combat damage to Ai(2)-mm-giada-angels.
Life: Life: Ai(2)-mm-giada-angels 7 > 6
Resolve Stack: When Orcish Bowmasters enters and whenever an opponent draws a card except the first one they draw in each of their draw steps, Orcish Bowmasters deals 1 damage to any target. Then amass Orcs 1. (Targeting: [[Ai(2)-mm-giada-angels]]) [Player: Ai(2)-mm-giada-angels]
Damage: Kederekt Parasite (255) deals 1 non-combat damage to Ai(2)-mm-giada-angels.
Life: Life: Ai(2)-mm-giada-angels 6 > 5
Resolve Stack: Whenever an opponent draws a card, if you control a red permanent, you may have Kederekt Parasite deal 1 damage to that player. [Player: Ai(2)-mm-giada-angels]
Life: Life: Ai(2)-mm-giada-angels 5 > 3
Resolve Stack: Whenever an opponent draws a card, they lose 2 life. [Player: Ai(2)-mm-giada-angels]
Damage: Razorkin Needlehead (233) deals 1 non-combat damage to Ai(2)-mm-giada-angels.
Life: Life: Ai(2)-mm-giada-angels 3 > 2
Resolve Stack: Whenever an opponent draws a card, Razorkin Needlehead deals 1 damage to them. [Player: Ai(2)-mm-giada-angels]
Damage: Nekusar, the Mindrazer (302) deals 1 non-combat damage to Ai(2)-mm-giada-angels.
Life: Life: Ai(2)-mm-giada-angels 2 > 1
Resolve Stack: Whenever an opponent draws a card, Nekusar, the Mindrazer deals 1 damage to that player. [Player: Ai(2)-mm-giada-angels]
Damage: Kederekt Parasite (255) deals 1 non-combat damage to Ai(2)-mm-giada-angels.
Life: Life: Ai(2)-mm-giada-angels 1 > 0
Resolve Stack: Whenever an opponent draws a card, if you control a red permanent, you may have Kederekt Parasite deal 1 damage to that player. [Player: Ai(2)-mm-giada-angels]
Player Control: Ai(1)-mm-talrand-spells has restored control over themself
Player Control: Ai(2)-mm-giada-angels has restored control over themself
Player Control: Ai(3)-mm-nekusar-discard has restored control over themself
Player Control: Ai(4)-mm-baylen-tokens has restored control over themself
Game Outcome: Turn 20
Game Outcome: Ai(1)-mm-talrand-spells has lost because life total reached 0
Game Outcome: Ai(2)-mm-giada-angels has lost because life total reached 0
Game Outcome: Ai(3)-mm-nekusar-discard has won because all opponents have lost
Game Outcome: Ai(4)-mm-baylen-tokens has lost because life total reached 0
Match Result: Ai(1)-mm-talrand-spells: 0 Ai(2)-mm-giada-angels: 0 Ai(3)-mm-nekusar-discard: 2 Ai(4)-mm-baylen-tokens: 0 

Game Result: Game 2 ended in 33482 ms. Ai(3)-mm-nekusar-discard has won!

