Error handling registered!
15:57:29 [INFO ] GuiBase: ##########################################
15:57:29 [INFO ] GuiBase: APP: Forge v.2.0.14-SNAPSHOT-08.08
15:57:29 [INFO ] GuiBase: Java: 21.0.9 (Oracle Corporation)
15:57:29 [INFO ] GuiBase: OS: Mac OS X 26.3 aarch64
15:57:29 [INFO ] GuiBase: RAM: 4096 MB max, 8 CPUs
15:57:29 [INFO ] GuiBase: ##########################################
Language 'en-US' loaded successfully.
(ThreadUtil first call): Running with priority 5
Read cards: 33617 archived files in 1 ms (25 parts) using thread pool
Upcoming set Star Trek (TRK) dated in the future. All `upcoming` cards will be added to this set with unknown rarity.
The card A-Alrund's Epiphany was not assigned to any set. Adding it to UNKNOWN set... to fix see res/editions/ folder. 
The card A-Baba Lysaga, Night Witch was not assigned to any set. Adding it to UNKNOWN set... to fix see res/editions/ folder. 
The card A-Divide by Zero was not assigned to any set. Adding it to UNKNOWN set... to fix see res/editions/ folder. 
The card A-Esika's Chariot was not assigned to any set. Adding it to UNKNOWN set... to fix see res/editions/ folder. 
The card A-Faceless Haven was not assigned to any set. Adding it to UNKNOWN set... to fix see res/editions/ folder. 
The card A-Fires of Invention was not assigned to any set. Adding it to UNKNOWN set... to fix see res/editions/ folder. 
The card A-Goldspan Dragon was not assigned to any set. Adding it to UNKNOWN set... to fix see res/editions/ folder. 
The card A-Hullbreaker Horror was not assigned to any set. Adding it to UNKNOWN set... to fix see res/editions/ folder. 
The card A-Kumano Faces Kakkazan was not assigned to any set. Adding it to UNKNOWN set... to fix see res/editions/ folder. 
The card A-Luminarch Aspirant was not assigned to any set. Adding it to UNKNOWN set... to fix see res/editions/ folder. 
The card A-Monster Manual was not assigned to any set. Adding it to UNKNOWN set... to fix see res/editions/ folder. 
The card A-Omnath, Locus of Creation was not assigned to any set. Adding it to UNKNOWN set... to fix see res/editions/ folder. 
The card A-The Meathook Massacre was not assigned to any set. Adding it to UNKNOWN set... to fix see res/editions/ folder. 
The card A-Unholy Heat was not assigned to any set. Adding it to UNKNOWN set... to fix see res/editions/ folder. 
The card Blinding Radiance was not assigned to any set. Adding it to UNKNOWN set... to fix see res/editions/ folder. 
The card Goblin Bruiser was not assigned to any set. Adding it to UNKNOWN set... to fix see res/editions/ folder. 
The card Ogre Painbringer was not assigned to any set. Adding it to UNKNOWN set... to fix see res/editions/ folder. 
The card Titanic Pelagosaur was not assigned to any set. Adding it to UNKNOWN set... to fix see res/editions/ folder. 
The card Treetop Recluse was not assigned to any set. Adding it to UNKNOWN set... to fix see res/editions/ folder. 
Upcoming set Star Trek (TRK) dated in the future. All `upcoming` cards will be added to this set with unknown rarity.
Read cards: 836 files in 0 ms (8 parts) using thread pool
Simulation mode
Ai(1)-mm-abaddon [Experimental] vs Ai(2)-mm-jarad-graveyard [Experimental] vs Ai(3)-mm-talrand-spells [Experimental] vs Ai(4)-mm-nekusar-discard [Experimental] - two games of Commander seed 1597704390
Warning: default (ie. inherited from base class) implementation of chooseSinglePlayer is used by Fact or Fiction for forge.ai.ability.TwoPilesAi. Consider declaring an overloaded method
Warning: default (ie. inherited from base class) implementation of confirmAction is used by Talrand, Sky Summoner for forge.ai.ability.PermanentCreatureAi. Consider declaring an overloaded method
Active player is no longer in the game...
Active player is no longer in the game...
Warning: default (ie. inherited from base class) implementation of confirmAction is used by Abaddon the Despoiler for forge.ai.ability.PermanentCreatureAi. Consider declaring an overloaded method
Mulligan: Ai(1)-mm-abaddon has mulliganed down to 7 cards.
Mulligan: Ai(1)-mm-abaddon has mulliganed down to 6 cards.
Mulligan: Ai(2)-mm-jarad-graveyard has kept a hand of 7 cards
Mulligan: Ai(3)-mm-talrand-spells has kept a hand of 7 cards
Mulligan: Ai(4)-mm-nekusar-discard has kept a hand of 7 cards
Mulligan: Ai(1)-mm-abaddon has kept a hand of 6 cards
Turn: Turn 1 (Ai(2)-mm-jarad-graveyard)
Phase: Ai(2)-mm-jarad-graveyard's Untap step
Phase: Ai(2)-mm-jarad-graveyard's Upkeep step
Phase: Ai(2)-mm-jarad-graveyard's Draw step
Phase: Ai(2)-mm-jarad-graveyard's Main phase, precombat
Land: Ai(2)-mm-jarad-graveyard played Twilight Mire (175)
Phase: Ai(2)-mm-jarad-graveyard's Beginning of Combat Step
Phase: Ai(2)-mm-jarad-graveyard's Declare Attackers Step
Phase: Ai(2)-mm-jarad-graveyard's Declare Blockers Step
Phase: Ai(2)-mm-jarad-graveyard's First Strike Damage Step
Phase: Ai(2)-mm-jarad-graveyard's Combat Damage Step
Phase: Ai(2)-mm-jarad-graveyard's End of Combat Step
Phase: Ai(2)-mm-jarad-graveyard's Main phase, postcombat
Phase: Ai(2)-mm-jarad-graveyard's End step
Phase: Ai(2)-mm-jarad-graveyard's Cleanup step
Turn: Turn 2 (Ai(3)-mm-talrand-spells)
Phase: Ai(3)-mm-talrand-spells' Untap step
Phase: Ai(3)-mm-talrand-spells' Upkeep step
Phase: Ai(3)-mm-talrand-spells' Draw step
Phase: Ai(3)-mm-talrand-spells' Main phase, precombat
Land: Ai(3)-mm-talrand-spells played Island (247)
Phase: Ai(3)-mm-talrand-spells' Beginning of Combat Step
Phase: Ai(3)-mm-talrand-spells' Declare Attackers Step
Phase: Ai(3)-mm-talrand-spells' Declare Blockers Step
Phase: Ai(3)-mm-talrand-spells' First Strike Damage Step
Phase: Ai(3)-mm-talrand-spells' Combat Damage Step
Phase: Ai(3)-mm-talrand-spells' End of Combat Step
Phase: Ai(3)-mm-talrand-spells' Main phase, postcombat
Phase: Ai(3)-mm-talrand-spells' End step
Phase: Ai(3)-mm-talrand-spells' Cleanup step
Turn: Turn 3 (Ai(4)-mm-nekusar-discard)
Phase: Ai(4)-mm-nekusar-discard's Untap step
Phase: Ai(4)-mm-nekusar-discard's Upkeep step
Phase: Ai(4)-mm-nekusar-discard's Draw step
Phase: Ai(4)-mm-nekusar-discard's Main phase, precombat
Land: Ai(4)-mm-nekusar-discard played Island (341)
Phase: Ai(4)-mm-nekusar-discard's Beginning of Combat Step
Phase: Ai(4)-mm-nekusar-discard's Declare Attackers Step
Phase: Ai(4)-mm-nekusar-discard's Declare Blockers Step
Phase: Ai(4)-mm-nekusar-discard's First Strike Damage Step
Phase: Ai(4)-mm-nekusar-discard's Combat Damage Step
Phase: Ai(4)-mm-nekusar-discard's End of Combat Step
Phase: Ai(4)-mm-nekusar-discard's Main phase, postcombat
Mana: Island (341) - {T}: Add {U}.
Add To Stack: Ai(4)-mm-nekusar-discard cast Sol Ring
Resolve Stack: Sol Ring
Phase: Ai(4)-mm-nekusar-discard's End step
Phase: Ai(4)-mm-nekusar-discard's Cleanup step
Turn: Turn 4 (Ai(1)-mm-abaddon)
Phase: Ai(1)-mm-abaddon's Untap step
Phase: Ai(1)-mm-abaddon's Upkeep step
Phase: Ai(1)-mm-abaddon's Draw step
Phase: Ai(1)-mm-abaddon's Main phase, precombat
Land: Ai(1)-mm-abaddon played Mountain (89)
Phase: Ai(1)-mm-abaddon's Beginning of Combat Step
Phase: Ai(1)-mm-abaddon's Declare Attackers Step
Phase: Ai(1)-mm-abaddon's Declare Blockers Step
Phase: Ai(1)-mm-abaddon's First Strike Damage Step
Phase: Ai(1)-mm-abaddon's Combat Damage Step
Phase: Ai(1)-mm-abaddon's End of Combat Step
Phase: Ai(1)-mm-abaddon's Main phase, postcombat
Phase: Ai(1)-mm-abaddon's End step
Phase: Ai(1)-mm-abaddon's Cleanup step
Turn: Turn 5 (Ai(2)-mm-jarad-graveyard)
Phase: Ai(2)-mm-jarad-graveyard's Untap step
Phase: Ai(2)-mm-jarad-graveyard's Upkeep step
Phase: Ai(2)-mm-jarad-graveyard's Draw step
Phase: Ai(2)-mm-jarad-graveyard's Main phase, precombat
Land: Ai(2)-mm-jarad-graveyard played Forest (135)
Mana: Forest (135) - {T}: Add {G}.
Mana: Twilight Mire (175) - {T}: Add {C}.
Add To Stack: Ai(2)-mm-jarad-graveyard cast Rampant Growth
Resolve Stack: Rampant Growth (188) - Search your library for a basic land card, put that card onto the battlefield tapped, then shuffle.
Phase: Ai(2)-mm-jarad-graveyard's Beginning of Combat Step
Phase: Ai(2)-mm-jarad-graveyard's Declare Attackers Step
Phase: Ai(2)-mm-jarad-graveyard's Declare Blockers Step
Phase: Ai(2)-mm-jarad-graveyard's First Strike Damage Step
Phase: Ai(2)-mm-jarad-graveyard's Combat Damage Step
Phase: Ai(2)-mm-jarad-graveyard's End of Combat Step
Phase: Ai(2)-mm-jarad-graveyard's Main phase, postcombat
Phase: Ai(2)-mm-jarad-graveyard's End step
Phase: Ai(2)-mm-jarad-graveyard's Cleanup step
Turn: Turn 6 (Ai(3)-mm-talrand-spells)
Phase: Ai(3)-mm-talrand-spells' Untap step
Phase: Ai(3)-mm-talrand-spells' Upkeep step
Phase: Ai(3)-mm-talrand-spells' Draw step
Phase: Ai(3)-mm-talrand-spells' Main phase, precombat
Land: Ai(3)-mm-talrand-spells played Island (235)
Phase: Ai(3)-mm-talrand-spells' Beginning of Combat Step
Phase: Ai(3)-mm-talrand-spells' Declare Attackers Step
Phase: Ai(3)-mm-talrand-spells' Declare Blockers Step
Phase: Ai(3)-mm-talrand-spells' First Strike Damage Step
Phase: Ai(3)-mm-talrand-spells' Combat Damage Step
Phase: Ai(3)-mm-talrand-spells' End of Combat Step
Phase: Ai(3)-mm-talrand-spells' Main phase, postcombat
Phase: Ai(3)-mm-talrand-spells' End step
Phase: Ai(3)-mm-talrand-spells' Cleanup step
Turn: Turn 7 (Ai(4)-mm-nekusar-discard)
Phase: Ai(4)-mm-nekusar-discard's Untap step
Phase: Ai(4)-mm-nekusar-discard's Upkeep step
Phase: Ai(4)-mm-nekusar-discard's Draw step
Phase: Ai(4)-mm-nekusar-discard's Main phase, precombat
Replacement Effect: Drowned Catacomb enters tapped unless you control an Island or a Swamp.
Land: Ai(4)-mm-nekusar-discard played Drowned Catacomb (381)
Phase: Ai(4)-mm-nekusar-discard's Beginning of Combat Step
Phase: Ai(4)-mm-nekusar-discard's Declare Attackers Step
Phase: Ai(4)-mm-nekusar-discard's Declare Blockers Step
Phase: Ai(4)-mm-nekusar-discard's First Strike Damage Step
Phase: Ai(4)-mm-nekusar-discard's Combat Damage Step
Phase: Ai(4)-mm-nekusar-discard's End of Combat Step
Phase: Ai(4)-mm-nekusar-discard's Main phase, postcombat
Mana: Drowned Catacomb (381) - {T}: Add {U} or {B}.
Mana: Sol Ring (322) - {T}: Add {C}{C}.
Mana: Island (341) - {T}: Add {U}.
Add To Stack: Ai(4)-mm-nekusar-discard cast Fate Unraveler
Mana: Island (247) - {T}: Add {U}.
Mana: Island (235) - {T}: Add {U}.
Add To Stack: Ai(3)-mm-talrand-spells cast Mana Leak targeting [Fate Unraveler - Creature 3 / 4]
Zone Change: Send countered spell to Graveyard
Resolve Stack: Mana Leak (263) - Counter Fate Unraveler (320) unless its controller pays {3}.
Phase: Ai(4)-mm-nekusar-discard's End step
Phase: Ai(4)-mm-nekusar-discard's Cleanup step
Turn: Turn 8 (Ai(1)-mm-abaddon)
Phase: Ai(1)-mm-abaddon's Untap step
Phase: Ai(1)-mm-abaddon's Upkeep step
Phase: Ai(1)-mm-abaddon's Draw step
Phase: Ai(1)-mm-abaddon's Main phase, precombat
Land: Ai(1)-mm-abaddon played Mountain (83)
Phase: Ai(1)-mm-abaddon's Beginning of Combat Step
Phase: Ai(1)-mm-abaddon's Declare Attackers Step
Phase: Ai(1)-mm-abaddon's Declare Blockers Step
Phase: Ai(1)-mm-abaddon's First Strike Damage Step
Phase: Ai(1)-mm-abaddon's Combat Damage Step
Phase: Ai(1)-mm-abaddon's End of Combat Step
Phase: Ai(1)-mm-abaddon's Main phase, postcombat
Mana: Mountain (89) - {T}: Add {R}.
Mana: Mountain (83) - {T}: Add {R}.
Add To Stack: Ai(1)-mm-abaddon cast Thermo-Alchemist
Resolve Stack: Thermo-Alchemist - Creature 0 / 3
Phase: Ai(1)-mm-abaddon's End step
Phase: Ai(1)-mm-abaddon's Cleanup step
Turn: Turn 9 (Ai(2)-mm-jarad-graveyard)
Phase: Ai(2)-mm-jarad-graveyard's Untap step
Phase: Ai(2)-mm-jarad-graveyard's Upkeep step
Phase: Ai(2)-mm-jarad-graveyard's Draw step
Phase: Ai(2)-mm-jarad-graveyard's Main phase, precombat
Land: Ai(2)-mm-jarad-graveyard played Swamp (162)
Phase: Ai(2)-mm-jarad-graveyard's Beginning of Combat Step
Phase: Ai(2)-mm-jarad-graveyard's Declare Attackers Step
Phase: Ai(2)-mm-jarad-graveyard's Declare Blockers Step
Phase: Ai(2)-mm-jarad-graveyard's First Strike Damage Step
Phase: Ai(2)-mm-jarad-graveyard's Combat Damage Step
Phase: Ai(2)-mm-jarad-graveyard's End of Combat Step
Phase: Ai(2)-mm-jarad-graveyard's Main phase, postcombat
Mana: Forest (135) - {T}: Add {G}.
Mana: Swamp (166) - {T}: Add {B}.
Add To Stack: Ai(2)-mm-jarad-graveyard cast Satyr Wayfinder
Resolve Stack: Satyr Wayfinder - Creature 1 / 1
Add To Stack: Ai(2)-mm-jarad-graveyard triggered Satyr Wayfinder
Resolve Stack: When Satyr Wayfinder enters, reveal the top four cards of your library. You may put a land card from among them into your hand. Put the rest into your graveyard. [Zone Changer: Satyr Wayfinder (120)]
Mana: Swamp (162) - {T}: Add {B}.
Mana: Twilight Mire (175) - {T}: Add {C}.
Add To Stack: Ai(2)-mm-jarad-graveyard cast Golgari Thug
Resolve Stack: Golgari Thug - Creature 1 / 1
Phase: Ai(2)-mm-jarad-graveyard's End step
Phase: Ai(2)-mm-jarad-graveyard's Cleanup step
Turn: Turn 10 (Ai(3)-mm-talrand-spells)
Phase: Ai(3)-mm-talrand-spells' Untap step
Phase: Ai(3)-mm-talrand-spells' Upkeep step
Phase: Ai(3)-mm-talrand-spells' Draw step
Phase: Ai(3)-mm-talrand-spells' Main phase, precombat
Land: Ai(3)-mm-talrand-spells played Island (228)
Phase: Ai(3)-mm-talrand-spells' Beginning of Combat Step
Phase: Ai(3)-mm-talrand-spells' Declare Attackers Step
Phase: Ai(3)-mm-talrand-spells' Declare Blockers Step
Phase: Ai(3)-mm-talrand-spells' First Strike Damage Step
Phase: Ai(3)-mm-talrand-spells' Combat Damage Step
Phase: Ai(3)-mm-talrand-spells' End of Combat Step
Phase: Ai(3)-mm-talrand-spells' Main phase, postcombat
Mana: Island (247) - {T}: Add {U}.
Mana: Island (235) - {T}: Add {U}.
Mana: Island (228) - {T}: Add {U}.
Add To Stack: Ai(3)-mm-talrand-spells cast Propaganda
Resolve Stack: Propaganda
Phase: Ai(3)-mm-talrand-spells' End step
Phase: Ai(3)-mm-talrand-spells' Cleanup step
Turn: Turn 11 (Ai(4)-mm-nekusar-discard)
Phase: Ai(4)-mm-nekusar-discard's Untap step
Phase: Ai(4)-mm-nekusar-discard's Upkeep step
Phase: Ai(4)-mm-nekusar-discard's Draw step
Phase: Ai(4)-mm-nekusar-discard's Main phase, precombat
Land: Ai(4)-mm-nekusar-discard played Reliquary Tower (379)
Phase: Ai(4)-mm-nekusar-discard's Beginning of Combat Step
Phase: Ai(4)-mm-nekusar-discard's Declare Attackers Step
Phase: Ai(4)-mm-nekusar-discard's Declare Blockers Step
Phase: Ai(4)-mm-nekusar-discard's First Strike Damage Step
Phase: Ai(4)-mm-nekusar-discard's Combat Damage Step
Phase: Ai(4)-mm-nekusar-discard's End of Combat Step
Phase: Ai(4)-mm-nekusar-discard's Main phase, postcombat
Mana: Island (341) - {T}: Add {U}.
Mana: Sol Ring (322) - {T}: Add {C}{C}.
Mana: Reliquary Tower (379) - {T}: Add {C}.
Add To Stack: Ai(4)-mm-nekusar-discard cast Wheel and Deal targeting [Ai(3)-mm-talrand-spells]
Discard: Ai(3)-mm-talrand-spells discards Unsummon (287).
Discard: Ai(3)-mm-talrand-spells discards Aetherize (203).
Discard: Ai(3)-mm-talrand-spells discards Curse of the Swine (293).
Discard: Ai(3)-mm-talrand-spells discards Wizard's Retort (290).
Discard: Ai(3)-mm-talrand-spells discards Dispel (215).
Resolve Stack: Wheel and Deal (309) - Ai(3)-mm-talrand-spells discards their hand. Ai(3)-mm-talrand-spells draws seven cards. Ai(4)-mm-nekusar-discard draws a card.
Mana: Drowned Catacomb (381) - {T}: Add {U} or {B}.
Add To Stack: Ai(4)-mm-nekusar-discard cast Kederekt Parasite
Resolve Stack: Kederekt Parasite - Creature 1 / 1
Phase: Ai(4)-mm-nekusar-discard's End step
Phase: Ai(4)-mm-nekusar-discard's Cleanup step
Turn: Turn 12 (Ai(1)-mm-abaddon)
Phase: Ai(1)-mm-abaddon's Untap step
Phase: Ai(1)-mm-abaddon's Upkeep step
Phase: Ai(1)-mm-abaddon's Draw step
Phase: Ai(1)-mm-abaddon's Main phase, precombat
Replacement Effect: As Steam Vents enters, you may pay 2 life. If you don't, it enters tapped.
Land: Ai(1)-mm-abaddon played Steam Vents (58)
Phase: Ai(1)-mm-abaddon's Beginning of Combat Step
Phase: Ai(1)-mm-abaddon's Declare Attackers Step
Phase: Ai(1)-mm-abaddon's Declare Blockers Step
Phase: Ai(1)-mm-abaddon's First Strike Damage Step
Phase: Ai(1)-mm-abaddon's Combat Damage Step
Phase: Ai(1)-mm-abaddon's End of Combat Step
Phase: Ai(1)-mm-abaddon's Main phase, postcombat
Phase: Ai(1)-mm-abaddon's End step
Phase: Ai(1)-mm-abaddon's Cleanup step
Turn: Turn 13 (Ai(2)-mm-jarad-graveyard)
Phase: Ai(2)-mm-jarad-graveyard's Untap step
Phase: Ai(2)-mm-jarad-graveyard's Upkeep step
Phase: Ai(2)-mm-jarad-graveyard's Draw step
Phase: Ai(2)-mm-jarad-graveyard's Main phase, precombat
Phase: Ai(2)-mm-jarad-graveyard's Beginning of Combat Step
Phase: Ai(2)-mm-jarad-graveyard's Declare Attackers Step
Combat: Ai(2)-mm-jarad-graveyard assigned Satyr Wayfinder (120) and Golgari Thug (145) to attack Ai(4)-mm-nekusar-discard.
Phase: Ai(2)-mm-jarad-graveyard's Declare Blockers Step
Combat: Ai(4)-mm-nekusar-discard didn't block Satyr Wayfinder (120).
Ai(4)-mm-nekusar-discard didn't block Golgari Thug (145).
Phase: Ai(2)-mm-jarad-graveyard's First Strike Damage Step
Phase: Ai(2)-mm-jarad-graveyard's Combat Damage Step
Damage: Satyr Wayfinder (120) deals 1 combat damage to Ai(4)-mm-nekusar-discard.
Damage: Golgari Thug (145) deals 1 combat damage to Ai(4)-mm-nekusar-discard.
Life: Life: Ai(4)-mm-nekusar-discard 40 > 38
Phase: Ai(2)-mm-jarad-graveyard's End of Combat Step
Phase: Ai(2)-mm-jarad-graveyard's Main phase, postcombat
Replacement Effect: Dakmor Salvage enters tapped.
Land: Ai(2)-mm-jarad-graveyard played Dakmor Salvage (173)
Mana: Forest (135) - {T}: Add {G}.
Mana: Swamp (166) - {T}: Add {B}.
Mana: Swamp (162) - {T}: Add {B}.
Add To Stack: Ai(2)-mm-jarad-graveyard cast Cultivate
Resolve Stack: Cultivate (141) - Search your library for up to two basic land cards, reveal those cards, put one onto the battlefield tapped and the other into your hand, then shuffle.   
Phase: Ai(2)-mm-jarad-graveyard's End step
Phase: Ai(2)-mm-jarad-graveyard's Cleanup step
Turn: Turn 14 (Ai(3)-mm-talrand-spells)
Phase: Ai(3)-mm-talrand-spells' Untap step
Phase: Ai(3)-mm-talrand-spells' Upkeep step
Phase: Ai(3)-mm-talrand-spells' Draw step
Phase: Ai(3)-mm-talrand-spells' Main phase, precombat
Land: Ai(3)-mm-talrand-spells played Island (255)
Phase: Ai(3)-mm-talrand-spells' Beginning of Combat Step
Phase: Ai(3)-mm-talrand-spells' Declare Attackers Step
Phase: Ai(3)-mm-talrand-spells' Declare Blockers Step
Phase: Ai(3)-mm-talrand-spells' First Strike Damage Step
Phase: Ai(3)-mm-talrand-spells' Combat Damage Step
Phase: Ai(3)-mm-talrand-spells' End of Combat Step
Phase: Ai(3)-mm-talrand-spells' Main phase, postcombat
Mana: Island (247) - {T}: Add {U}.
Mana: Island (235) - {T}: Add {U}.
Mana: Island (228) - {T}: Add {U}.
Add To Stack: Ai(3)-mm-talrand-spells cast Haughty Djinn
Resolve Stack: Haughty Djinn - Creature * / 4
Mana: Island (255) - {T}: Add {U}.
Add To Stack: Ai(3)-mm-talrand-spells cast Sol Ring
Resolve Stack: Sol Ring
Mana: Sol Ring (219) - {T}: Add {C}{C}.
Add To Stack: Ai(3)-mm-talrand-spells cast Thought Vessel
Resolve Stack: Thought Vessel
Phase: Ai(3)-mm-talrand-spells' End step
Phase: Ai(3)-mm-talrand-spells' Cleanup step
Turn: Turn 15 (Ai(4)-mm-nekusar-discard)
Phase: Ai(4)-mm-nekusar-discard's Untap step
Phase: Ai(4)-mm-nekusar-discard's Upkeep step
Phase: Ai(4)-mm-nekusar-discard's Draw step
Phase: Ai(4)-mm-nekusar-discard's Main phase, precombat
Phase: Ai(4)-mm-nekusar-discard's Beginning of Combat Step
Phase: Ai(4)-mm-nekusar-discard's Declare Attackers Step
Phase: Ai(4)-mm-nekusar-discard's Declare Blockers Step
Phase: Ai(4)-mm-nekusar-discard's First Strike Damage Step
Phase: Ai(4)-mm-nekusar-discard's Combat Damage Step
Phase: Ai(4)-mm-nekusar-discard's End of Combat Step
Phase: Ai(4)-mm-nekusar-discard's Main phase, postcombat
Land: Ai(4)-mm-nekusar-discard played Mountain (389)
Mana: Drowned Catacomb (381) - {T}: Add {U} or {B}.
Mana: Island (341) - {T}: Add {U}.
Mana: Mountain (389) - {T}: Add {R}.
Mana: Sol Ring (322) - {T}: Add {C}{C}.
Add To Stack: Ai(4)-mm-nekusar-discard cast Nekusar, the Mindrazer
Resolve Stack: Nekusar, the Mindrazer - Creature 2 / 4
Phase: Ai(4)-mm-nekusar-discard's End step
Add To Stack: Ai(1)-mm-abaddon activated Thermo-Alchemist
Damage: Thermo-Alchemist (82) deals 1 non-combat damage to Ai(2)-mm-jarad-graveyard.
Damage: Thermo-Alchemist (82) deals 1 non-combat damage to Ai(3)-mm-talrand-spells.
Damage: Thermo-Alchemist (82) deals 1 non-combat damage to Ai(4)-mm-nekusar-discard.
Life: Life: Ai(2)-mm-jarad-graveyard 40 > 39
Life: Life: Ai(3)-mm-talrand-spells 40 > 39
Life: Life: Ai(4)-mm-nekusar-discard 38 > 37
Resolve Stack: Thermo-Alchemist (82) - Thermo-Alchemist (82) deals 1 damage to Ai(2)-mm-jarad-graveyard, Ai(3)-mm-talrand-spells and Ai(4)-mm-nekusar-discard.
Phase: Ai(4)-mm-nekusar-discard's Cleanup step
Turn: Turn 16 (Ai(1)-mm-abaddon)
Phase: Ai(1)-mm-abaddon's Untap step
Phase: Ai(1)-mm-abaddon's Upkeep step
Phase: Ai(1)-mm-abaddon's Draw step
Add To Stack: Ai(4)-mm-nekusar-discard triggered Kederekt Parasite
Add To Stack: Ai(4)-mm-nekusar-discard triggered Nekusar, the Mindrazer
Add To Stack: Ai(4)-mm-nekusar-discard triggered Nekusar, the Mindrazer
Resolve Stack: At the beginning of each player's draw step, that player draws an additional card. [Phase: Ai(1)-mm-abaddon]
Add To Stack: Ai(4)-mm-nekusar-discard triggered Kederekt Parasite
Add To Stack: Ai(4)-mm-nekusar-discard triggered Nekusar, the Mindrazer
Damage: Nekusar, the Mindrazer (403) deals 1 non-combat damage to Ai(1)-mm-abaddon.
Life: Life: Ai(1)-mm-abaddon 40 > 39
Resolve Stack: Whenever an opponent draws a card, Nekusar, the Mindrazer deals 1 damage to that player. [Player: Ai(1)-mm-abaddon]
Damage: Kederekt Parasite (356) deals 1 non-combat damage to Ai(1)-mm-abaddon.
Life: Life: Ai(1)-mm-abaddon 39 > 38
Resolve Stack: Whenever an opponent draws a card, if you control a red permanent, you may have Kederekt Parasite deal 1 damage to that player. [Player: Ai(1)-mm-abaddon]
Damage: Nekusar, the Mindrazer (403) deals 1 non-combat damage to Ai(1)-mm-abaddon.
Life: Life: Ai(1)-mm-abaddon 38 > 37
Resolve Stack: Whenever an opponent draws a card, Nekusar, the Mindrazer deals 1 damage to that player. [Player: Ai(1)-mm-abaddon]
Damage: Kederekt Parasite (356) deals 1 non-combat damage to Ai(1)-mm-abaddon.
Life: Life: Ai(1)-mm-abaddon 37 > 36
Resolve Stack: Whenever an opponent draws a card, if you control a red permanent, you may have Kederekt Parasite deal 1 damage to that player. [Player: Ai(1)-mm-abaddon]
Phase: Ai(1)-mm-abaddon's Main phase, precombat
Replacement Effect: As Foreboding Ruins enters, you may reveal a Swamp or Mountain card from your hand. If you don't, Foreboding Ruins enters tapped.
Land: Ai(1)-mm-abaddon played Foreboding Ruins (59)
Phase: Ai(1)-mm-abaddon's Beginning of Combat Step
Phase: Ai(1)-mm-abaddon's Declare Attackers Step
Phase: Ai(1)-mm-abaddon's Declare Blockers Step
Phase: Ai(1)-mm-abaddon's First Strike Damage Step
Phase: Ai(1)-mm-abaddon's Combat Damage Step
Phase: Ai(1)-mm-abaddon's End of Combat Step
Phase: Ai(1)-mm-abaddon's Main phase, postcombat
Phase: Ai(1)-mm-abaddon's End step
Phase: Ai(1)-mm-abaddon's Cleanup step
Turn: Turn 17 (Ai(2)-mm-jarad-graveyard)
Phase: Ai(2)-mm-jarad-graveyard's Untap step
Phase: Ai(2)-mm-jarad-graveyard's Upkeep step
Phase: Ai(2)-mm-jarad-graveyard's Draw step
Add To Stack: Ai(4)-mm-nekusar-discard triggered Kederekt Parasite
Add To Stack: Ai(4)-mm-nekusar-discard triggered Nekusar, the Mindrazer
Add To Stack: Ai(4)-mm-nekusar-discard triggered Nekusar, the Mindrazer
Resolve Stack: At the beginning of each player's draw step, that player draws an additional card. [Phase: Ai(2)-mm-jarad-graveyard]
Add To Stack: Ai(4)-mm-nekusar-discard triggered Kederekt Parasite
Add To Stack: Ai(4)-mm-nekusar-discard triggered Nekusar, the Mindrazer
Damage: Nekusar, the Mindrazer (403) deals 1 non-combat damage to Ai(2)-mm-jarad-graveyard.
Life: Life: Ai(2)-mm-jarad-graveyard 39 > 38
Resolve Stack: Whenever an opponent draws a card, Nekusar, the Mindrazer deals 1 damage to that player. [Player: Ai(2)-mm-jarad-graveyard]
Damage: Kederekt Parasite (356) deals 1 non-combat damage to Ai(2)-mm-jarad-graveyard.
Life: Life: Ai(2)-mm-jarad-graveyard 38 > 37
Resolve Stack: Whenever an opponent draws a card, if you control a red permanent, you may have Kederekt Parasite deal 1 damage to that player. [Player: Ai(2)-mm-jarad-graveyard]
Damage: Nekusar, the Mindrazer (403) deals 1 non-combat damage to Ai(2)-mm-jarad-graveyard.
Life: Life: Ai(2)-mm-jarad-graveyard 37 > 36
Resolve Stack: Whenever an opponent draws a card, Nekusar, the Mindrazer deals 1 damage to that player. [Player: Ai(2)-mm-jarad-graveyard]
Damage: Kederekt Parasite (356) deals 1 non-combat damage to Ai(2)-mm-jarad-graveyard.
Life: Life: Ai(2)-mm-jarad-graveyard 36 > 35
Resolve Stack: Whenever an opponent draws a card, if you control a red permanent, you may have Kederekt Parasite deal 1 damage to that player. [Player: Ai(2)-mm-jarad-graveyard]
Phase: Ai(2)-mm-jarad-graveyard's Main phase, precombat
Land: Ai(2)-mm-jarad-graveyard played Forest (130)
Mana: Swamp (166) - {T}: Add {B}.
Mana: Forest (135) - {T}: Add {G}.
Mana: Forest (133) - {T}: Add {G}.
Mana: Forest (130) - {T}: Add {G}.
Add To Stack: Ai(2)-mm-jarad-graveyard cast Rise of the Witch-king
Zone Change: Satyr Wayfinder (120) was put into Graveyard from Battlefield.
Zone Change: Haughty Djinn (265) was put into Graveyard from Battlefield.
Zone Change: Kederekt Parasite (356) was put into Graveyard from Battlefield.
Zone Change: Thermo-Alchemist (82) was put into Graveyard from Battlefield.
Resolve Stack: Rise of the Witch-king (107) - Ai(2)-mm-jarad-graveyard, Ai(3)-mm-talrand-spells, Ai(4)-mm-nekusar-discard and Ai(1)-mm-abaddon sacrifice a creature. Ai(2)-mm-jarad-graveyard returns up to one Permanent.YouCtrl+!IsRemembered card from their graveyard to the battlefield. 
Phase: Ai(2)-mm-jarad-graveyard's Beginning of Combat Step
Phase: Ai(2)-mm-jarad-graveyard's Declare Attackers Step
Phase: Ai(2)-mm-jarad-graveyard's Declare Blockers Step
Phase: Ai(2)-mm-jarad-graveyard's First Strike Damage Step
Phase: Ai(2)-mm-jarad-graveyard's Combat Damage Step
Phase: Ai(2)-mm-jarad-graveyard's End of Combat Step
Phase: Ai(2)-mm-jarad-graveyard's Main phase, postcombat
Mana: Swamp (162) - {T}: Add {B}.
Mana: Dakmor Salvage (173) - {T}: Add {B}.
Add To Stack: Ai(2)-mm-jarad-graveyard cast Arcane Signet
Resolve Stack: Arcane Signet
Phase: Ai(2)-mm-jarad-graveyard's End step
Phase: Ai(2)-mm-jarad-graveyard's Cleanup step
Turn: Turn 18 (Ai(3)-mm-talrand-spells)
Phase: Ai(3)-mm-talrand-spells' Untap step
Phase: Ai(3)-mm-talrand-spells' Upkeep step
Phase: Ai(3)-mm-talrand-spells' Draw step
Add To Stack: Ai(4)-mm-nekusar-discard triggered Nekusar, the Mindrazer
Add To Stack: Ai(4)-mm-nekusar-discard triggered Nekusar, the Mindrazer
Mana: Island (247) - {T}: Add {U}.
Mana: Sol Ring (219) - {T}: Add {C}{C}.
Mana: Thought Vessel (259) - {T}: Add {C}.
Add To Stack: Ai(3)-mm-talrand-spells cast Fact or Fiction
Resolve Stack: Fact or Fiction (266) - Ai(3)-mm-talrand-spells reveals the top five cards of their library. An opponent separates those cards into two piles. Ai(3)-mm-talrand-spells puts one pile into their hand and the other into their graveyard.
Resolve Stack: At the beginning of each player's draw step, that player draws an additional card. [Phase: Ai(3)-mm-talrand-spells]
Add To Stack: Ai(4)-mm-nekusar-discard triggered Nekusar, the Mindrazer
Damage: Nekusar, the Mindrazer (403) deals 1 non-combat damage to Ai(3)-mm-talrand-spells.
Life: Life: Ai(3)-mm-talrand-spells 39 > 38
Resolve Stack: Whenever an opponent draws a card, Nekusar, the Mindrazer deals 1 damage to that player. [Player: Ai(3)-mm-talrand-spells]
Damage: Nekusar, the Mindrazer (403) deals 1 non-combat damage to Ai(3)-mm-talrand-spells.
Life: Life: Ai(3)-mm-talrand-spells 38 > 37
Resolve Stack: Whenever an opponent draws a card, Nekusar, the Mindrazer deals 1 damage to that player. [Player: Ai(3)-mm-talrand-spells]
Phase: Ai(3)-mm-talrand-spells' Main phase, precombat
Land: Ai(3)-mm-talrand-spells played Island (237)
Phase: Ai(3)-mm-talrand-spells' Beginning of Combat Step
Phase: Ai(3)-mm-talrand-spells' Declare Attackers Step
Phase: Ai(3)-mm-talrand-spells' Declare Blockers Step
Phase: Ai(3)-mm-talrand-spells' First Strike Damage Step
Phase: Ai(3)-mm-talrand-spells' Combat Damage Step
Phase: Ai(3)-mm-talrand-spells' End of Combat Step
Phase: Ai(3)-mm-talrand-spells' Main phase, postcombat
Mana: Island (235) - {T}: Add {U}.
Mana: Island (228) - {T}: Add {U}.
Mana: Island (255) - {T}: Add {U}.
Mana: Island (237) - {T}: Add {U}.
Add To Stack: Ai(3)-mm-talrand-spells cast Curiosity Crafter
Resolve Stack: Curiosity Crafter - Creature 3 / 3
Phase: Ai(3)-mm-talrand-spells' End step
Phase: Ai(3)-mm-talrand-spells' Cleanup step
Turn: Turn 19 (Ai(4)-mm-nekusar-discard)
Phase: Ai(4)-mm-nekusar-discard's Untap step
Phase: Ai(4)-mm-nekusar-discard's Upkeep step
Phase: Ai(4)-mm-nekusar-discard's Draw step
Add To Stack: Ai(4)-mm-nekusar-discard triggered Nekusar, the Mindrazer
Resolve Stack: At the beginning of each player's draw step, that player draws an additional card. [Phase: Ai(4)-mm-nekusar-discard]
Phase: Ai(4)-mm-nekusar-discard's Main phase, precombat
Land: Ai(4)-mm-nekusar-discard played Mountain (390)
Phase: Ai(4)-mm-nekusar-discard's Beginning of Combat Step
Phase: Ai(4)-mm-nekusar-discard's Declare Attackers Step
Phase: Ai(4)-mm-nekusar-discard's Declare Blockers Step
Phase: Ai(4)-mm-nekusar-discard's First Strike Damage Step
Phase: Ai(4)-mm-nekusar-discard's Combat Damage Step
Phase: Ai(4)-mm-nekusar-discard's End of Combat Step
Phase: Ai(4)-mm-nekusar-discard's Main phase, postcombat
Phase: Ai(4)-mm-nekusar-discard's End step
Phase: Ai(4)-mm-nekusar-discard's Cleanup step
Turn: Turn 20 (Ai(1)-mm-abaddon)
Phase: Ai(1)-mm-abaddon's Untap step
Phase: Ai(1)-mm-abaddon's Upkeep step
Phase: Ai(1)-mm-abaddon's Draw step
Add To Stack: Ai(4)-mm-nekusar-discard triggered Nekusar, the Mindrazer
Add To Stack: Ai(4)-mm-nekusar-discard triggered Nekusar, the Mindrazer
Resolve Stack: At the beginning of each player's draw step, that player draws an additional card. [Phase: Ai(1)-mm-abaddon]
Add To Stack: Ai(4)-mm-nekusar-discard triggered Nekusar, the Mindrazer
Damage: Nekusar, the Mindrazer (403) deals 1 non-combat damage to Ai(1)-mm-abaddon.
Life: Life: Ai(1)-mm-abaddon 36 > 35
Resolve Stack: Whenever an opponent draws a card, Nekusar, the Mindrazer deals 1 damage to that player. [Player: Ai(1)-mm-abaddon]
Damage: Nekusar, the Mindrazer (403) deals 1 non-combat damage to Ai(1)-mm-abaddon.
Life: Life: Ai(1)-mm-abaddon 35 > 34
Resolve Stack: Whenever an opponent draws a card, Nekusar, the Mindrazer deals 1 damage to that player. [Player: Ai(1)-mm-abaddon]
Phase: Ai(1)-mm-abaddon's Main phase, precombat
Land: Ai(1)-mm-abaddon played Exotic Orchard (35)
Phase: Ai(1)-mm-abaddon's Beginning of Combat Step
Phase: Ai(1)-mm-abaddon's Declare Attackers Step
Phase: Ai(1)-mm-abaddon's Declare Blockers Step
Phase: Ai(1)-mm-abaddon's First Strike Damage Step
Phase: Ai(1)-mm-abaddon's Combat Damage Step
Phase: Ai(1)-mm-abaddon's End of Combat Step
Phase: Ai(1)-mm-abaddon's Main phase, postcombat
Mana: Exotic Orchard (35) - {T}: Add one mana of any color that a land an opponent controls could produce.
Mana: Foreboding Ruins (59) - {T}: Add {B} or {R}.
Mana: Mountain (89) - {T}: Add {R}.
Mana: Mountain (83) - {T}: Add {R}.
Mana: Steam Vents (58) - {T}: Add {R}.
Add To Stack: Ai(1)-mm-abaddon cast Abaddon the Despoiler
Resolve Stack: Abaddon the Despoiler - Creature 5 / 5
Phase: Ai(1)-mm-abaddon's End step
Phase: Ai(1)-mm-abaddon's Cleanup step
Turn: Turn 21 (Ai(2)-mm-jarad-graveyard)
Phase: Ai(2)-mm-jarad-graveyard's Untap step
Phase: Ai(2)-mm-jarad-graveyard's Upkeep step
Phase: Ai(2)-mm-jarad-graveyard's Draw step
Add To Stack: Ai(4)-mm-nekusar-discard triggered Nekusar, the Mindrazer
Add To Stack: Ai(4)-mm-nekusar-discard triggered Nekusar, the Mindrazer
Resolve Stack: At the beginning of each player's draw step, that player draws an additional card. [Phase: Ai(2)-mm-jarad-graveyard]
Add To Stack: Ai(4)-mm-nekusar-discard triggered Nekusar, the Mindrazer
Damage: Nekusar, the Mindrazer (403) deals 1 non-combat damage to Ai(2)-mm-jarad-graveyard.
Life: Life: Ai(2)-mm-jarad-graveyard 35 > 34
Resolve Stack: Whenever an opponent draws a card, Nekusar, the Mindrazer deals 1 damage to that player. [Player: Ai(2)-mm-jarad-graveyard]
Damage: Nekusar, the Mindrazer (403) deals 1 non-combat damage to Ai(2)-mm-jarad-graveyard.
Life: Life: Ai(2)-mm-jarad-graveyard 34 > 33
Resolve Stack: Whenever an opponent draws a card, Nekusar, the Mindrazer deals 1 damage to that player. [Player: Ai(2)-mm-jarad-graveyard]
Phase: Ai(2)-mm-jarad-graveyard's Main phase, precombat
Mana: Swamp (166) - {T}: Add {B}.
Mana: Swamp (162) - {T}: Add {B}.
Mana: Forest (135) - {T}: Add {G}.
Mana: Forest (133) - {T}: Add {G}.
Add To Stack: Ai(2)-mm-jarad-graveyard cast Dread Return targeting [Satyr Wayfinder (120)]
Resolve Stack: Dread Return (177) - Return Satyr Wayfinder (120) from the graveyard to the battlefield.
Add To Stack: Ai(2)-mm-jarad-graveyard triggered Satyr Wayfinder
Resolve Stack: When Satyr Wayfinder enters, reveal the top four cards of your library. You may put a land card from among them into your hand. Put the rest into your graveyard. [Zone Changer: Satyr Wayfinder (120)]
Mana: Forest (130) - {T}: Add {G}.
Mana: Dakmor Salvage (173) - {T}: Add {B}.
Mana: Arcane Signet (198) - {T}: Add one mana of any color in your commander's color identity.
Mana: Twilight Mire (175) - {T}: Add {C}.
Add To Stack: Ai(2)-mm-jarad-graveyard cast Bonehoard
Resolve Stack: Bonehoard
Add To Stack: Ai(2)-mm-jarad-graveyard triggered Bonehoard
Resolve Stack: Living Weapon (When this Equipment enters, create a 0/0 black Phyrexian Germ creature token, then attach this to it.) [Zone Changer: Bonehoard (155)]
Phase: Ai(2)-mm-jarad-graveyard's Beginning of Combat Step
Phase: Ai(2)-mm-jarad-graveyard's Declare Attackers Step
Phase: Ai(2)-mm-jarad-graveyard's Declare Blockers Step
Phase: Ai(2)-mm-jarad-graveyard's First Strike Damage Step
Phase: Ai(2)-mm-jarad-graveyard's Combat Damage Step
Phase: Ai(2)-mm-jarad-graveyard's End of Combat Step
Phase: Ai(2)-mm-jarad-graveyard's Main phase, postcombat
Phase: Ai(2)-mm-jarad-graveyard's End step
Phase: Ai(2)-mm-jarad-graveyard's Cleanup step
Turn: Turn 22 (Ai(3)-mm-talrand-spells)
Phase: Ai(3)-mm-talrand-spells' Untap step
Phase: Ai(3)-mm-talrand-spells' Upkeep step
Phase: Ai(3)-mm-talrand-spells' Draw step
Add To Stack: Ai(4)-mm-nekusar-discard triggered Nekusar, the Mindrazer
Add To Stack: Ai(4)-mm-nekusar-discard triggered Nekusar, the Mindrazer
Resolve Stack: At the beginning of each player's draw step, that player draws an additional card. [Phase: Ai(3)-mm-talrand-spells]
Add To Stack: Ai(4)-mm-nekusar-discard triggered Nekusar, the Mindrazer
Damage: Nekusar, the Mindrazer (403) deals 1 non-combat damage to Ai(3)-mm-talrand-spells.
Life: Life: Ai(3)-mm-talrand-spells 37 > 36
Resolve Stack: Whenever an opponent draws a card, Nekusar, the Mindrazer deals 1 damage to that player. [Player: Ai(3)-mm-talrand-spells]
Damage: Nekusar, the Mindrazer (403) deals 1 non-combat damage to Ai(3)-mm-talrand-spells.
Life: Life: Ai(3)-mm-talrand-spells 36 > 35
Resolve Stack: Whenever an opponent draws a card, Nekusar, the Mindrazer deals 1 damage to that player. [Player: Ai(3)-mm-talrand-spells]
Phase: Ai(3)-mm-talrand-spells' Main phase, precombat
Land: Ai(3)-mm-talrand-spells played Island (245)
Mana: Sol Ring (219) - {T}: Add {C}{C}.
Mana: Thought Vessel (259) - {T}: Add {C}.
Add To Stack: Ai(3)-mm-talrand-spells cast Heraldic Banner
Replacement Effect: As Heraldic Banner enters, choose a color.
Resolve Stack: Heraldic Banner
Mana: Island (247) - {T}: Add {U}.
Mana: Island (235) - {T}: Add {U}.
Add To Stack: Ai(3)-mm-talrand-spells cast Favorable Winds
Resolve Stack: Favorable Winds
Phase: Ai(3)-mm-talrand-spells' Beginning of Combat Step
Phase: Ai(3)-mm-talrand-spells' Declare Attackers Step
Combat: Ai(3)-mm-talrand-spells assigned Curiosity Crafter (224) to attack Ai(2)-mm-jarad-graveyard.
Phase: Ai(3)-mm-talrand-spells' Declare Blockers Step
Combat: Ai(2)-mm-jarad-graveyard didn't block Curiosity Crafter (224).
Phase: Ai(3)-mm-talrand-spells' First Strike Damage Step
Phase: Ai(3)-mm-talrand-spells' Combat Damage Step
Damage: Curiosity Crafter (224) deals 5 combat damage to Ai(2)-mm-jarad-graveyard.
Life: Life: Ai(2)-mm-jarad-graveyard 33 > 28
Phase: Ai(3)-mm-talrand-spells' End of Combat Step
Phase: Ai(3)-mm-talrand-spells' Main phase, postcombat
Mana: Island (228) - {T}: Add {U}.
Mana: Island (255) - {T}: Add {U}.
Mana: Island (237) - {T}: Add {U}.
Mana: Island (245) - {T}: Add {U}.
Add To Stack: Ai(3)-mm-talrand-spells cast Talrand, Sky Summoner
Resolve Stack: Talrand, Sky Summoner - Creature 2 / 2
Phase: Ai(3)-mm-talrand-spells' End step
Phase: Ai(3)-mm-talrand-spells' Cleanup step
Turn: Turn 23 (Ai(4)-mm-nekusar-discard)
Phase: Ai(4)-mm-nekusar-discard's Untap step
Phase: Ai(4)-mm-nekusar-discard's Upkeep step
Phase: Ai(4)-mm-nekusar-discard's Draw step
Add To Stack: Ai(4)-mm-nekusar-discard triggered Nekusar, the Mindrazer
Resolve Stack: At the beginning of each player's draw step, that player draws an additional card. [Phase: Ai(4)-mm-nekusar-discard]
Phase: Ai(4)-mm-nekusar-discard's Main phase, precombat
Land: Ai(4)-mm-nekusar-discard played Island (342)
Phase: Ai(4)-mm-nekusar-discard's Beginning of Combat Step
Phase: Ai(4)-mm-nekusar-discard's Declare Attackers Step
Mana: Sol Ring (322) - {T}: Add {C}{C}.
Combat: Ai(4)-mm-nekusar-discard assigned Nekusar, the Mindrazer (403) to attack Ai(3)-mm-talrand-spells.
Phase: Ai(4)-mm-nekusar-discard's Declare Blockers Step
Combat: Ai(3)-mm-talrand-spells didn't block Nekusar, the Mindrazer (403).
Phase: Ai(4)-mm-nekusar-discard's First Strike Damage Step
Phase: Ai(4)-mm-nekusar-discard's Combat Damage Step
Damage: Nekusar, the Mindrazer (403) deals 2 combat damage to Ai(3)-mm-talrand-spells.
Life: Life: Ai(3)-mm-talrand-spells 35 > 33
Phase: Ai(4)-mm-nekusar-discard's End of Combat Step
Phase: Ai(4)-mm-nekusar-discard's Main phase, postcombat
Phase: Ai(4)-mm-nekusar-discard's End step
Phase: Ai(4)-mm-nekusar-discard's Cleanup step
Turn: Turn 24 (Ai(1)-mm-abaddon)
Phase: Ai(1)-mm-abaddon's Untap step
Phase: Ai(1)-mm-abaddon's Upkeep step
Phase: Ai(1)-mm-abaddon's Draw step
Add To Stack: Ai(4)-mm-nekusar-discard triggered Nekusar, the Mindrazer
Add To Stack: Ai(4)-mm-nekusar-discard triggered Nekusar, the Mindrazer
Resolve Stack: At the beginning of each player's draw step, that player draws an additional card. [Phase: Ai(1)-mm-abaddon]
Add To Stack: Ai(4)-mm-nekusar-discard triggered Nekusar, the Mindrazer
Damage: Nekusar, the Mindrazer (403) deals 1 non-combat damage to Ai(1)-mm-abaddon.
Life: Life: Ai(1)-mm-abaddon 34 > 33
Resolve Stack: Whenever an opponent draws a card, Nekusar, the Mindrazer deals 1 damage to that player. [Player: Ai(1)-mm-abaddon]
Mana: Mountain (89) - {T}: Add {R}.
Mana: Mountain (83) - {T}: Add {R}.
Mana: Exotic Orchard (35) - {T}: Add one mana of any color that a land an opponent controls could produce.
Add To Stack: Ai(1)-mm-abaddon cast Chaos Warp targeting [Curiosity Crafter (224)]
Resolve Stack: Chaos Warp (70) - Shuffle Curiosity Crafter (224) into its owner's library. Ai(1)-mm-abaddon reveals the top card of Ai(3)-mm-talrand-spells' library.
Damage: Nekusar, the Mindrazer (403) deals 1 non-combat damage to Ai(1)-mm-abaddon.
Life: Life: Ai(1)-mm-abaddon 33 > 32
Resolve Stack: Whenever an opponent draws a card, Nekusar, the Mindrazer deals 1 damage to that player. [Player: Ai(1)-mm-abaddon]
Phase: Ai(1)-mm-abaddon's Main phase, precombat
Phase: Ai(1)-mm-abaddon's Beginning of Combat Step
Phase: Ai(1)-mm-abaddon's Declare Attackers Step
Phase: Ai(1)-mm-abaddon's Declare Blockers Step
Phase: Ai(1)-mm-abaddon's First Strike Damage Step
Phase: Ai(1)-mm-abaddon's Combat Damage Step
Phase: Ai(1)-mm-abaddon's End of Combat Step
Phase: Ai(1)-mm-abaddon's Main phase, postcombat
Phase: Ai(1)-mm-abaddon's End step
Phase: Ai(1)-mm-abaddon's Cleanup step
Discard: Ai(1)-mm-abaddon discards Nalfeshnee (42).
Turn: Turn 25 (Ai(2)-mm-jarad-graveyard)
Phase: Ai(2)-mm-jarad-graveyard's Untap step
Phase: Ai(2)-mm-jarad-graveyard's Upkeep step
Phase: Ai(2)-mm-jarad-graveyard's Draw step
Add To Stack: Ai(4)-mm-nekusar-discard triggered Nekusar, the Mindrazer
Add To Stack: Ai(4)-mm-nekusar-discard triggered Nekusar, the Mindrazer
Resolve Stack: At the beginning of each player's draw step, that player draws an additional card. [Phase: Ai(2)-mm-jarad-graveyard]
Add To Stack: Ai(4)-mm-nekusar-discard triggered Nekusar, the Mindrazer
Damage: Nekusar, the Mindrazer (403) deals 1 non-combat damage to Ai(2)-mm-jarad-graveyard.
Life: Life: Ai(2)-mm-jarad-graveyard 28 > 27
Resolve Stack: Whenever an opponent draws a card, Nekusar, the Mindrazer deals 1 damage to that player. [Player: Ai(2)-mm-jarad-graveyard]
Damage: Nekusar, the Mindrazer (403) deals 1 non-combat damage to Ai(2)-mm-jarad-graveyard.
Life: Life: Ai(2)-mm-jarad-graveyard 27 > 26
Resolve Stack: Whenever an opponent draws a card, Nekusar, the Mindrazer deals 1 damage to that player. [Player: Ai(2)-mm-jarad-graveyard]
Phase: Ai(2)-mm-jarad-graveyard's Main phase, precombat
Land: Ai(2)-mm-jarad-graveyard played Swamp (161)
Phase: Ai(2)-mm-jarad-graveyard's Beginning of Combat Step
Phase: Ai(2)-mm-jarad-graveyard's Declare Attackers Step
Mana: Forest (135) - {T}: Add {G}.
Mana: Forest (133) - {T}: Add {G}.
Combat: Ai(2)-mm-jarad-graveyard assigned Phyrexian Germ Token (630) to attack Ai(3)-mm-talrand-spells.
Phase: Ai(2)-mm-jarad-graveyard's Declare Blockers Step
Combat: Ai(3)-mm-talrand-spells didn't block Phyrexian Germ Token (630).
Phase: Ai(2)-mm-jarad-graveyard's First Strike Damage Step
Phase: Ai(2)-mm-jarad-graveyard's Combat Damage Step
Damage: Phyrexian Germ Token (630) deals 6 combat damage to Ai(3)-mm-talrand-spells.
Life: Life: Ai(3)-mm-talrand-spells 33 > 27
Phase: Ai(2)-mm-jarad-graveyard's End of Combat Step
Phase: Ai(2)-mm-jarad-graveyard's Main phase, postcombat
Add To Stack: Ai(2)-mm-jarad-graveyard activated Conduit of Worlds targeting [Golgari Signet (116)]
Mana: Forest (130) - {T}: Add {G}.
Mana: Swamp (166) - {T}: Add {B}.
Add To Stack: Ai(2)-mm-jarad-graveyard cast Golgari Signet
Resolve Stack: Conduit of Worlds (187) - Ai(2)-mm-jarad-graveyard may cast Golgari Signet (116).  
Resolve Stack: Golgari Signet
Phase: Ai(2)-mm-jarad-graveyard's End step
Mana: Heraldic Banner (207) - {T}: Add one mana of the chosen color.
Add To Stack: Ai(3)-mm-talrand-spells cast Consider
Add To Stack: Ai(3)-mm-talrand-spells triggered Talrand, Sky Summoner
Resolve Stack: Whenever you cast an instant or sorcery spell, create a 2/2 blue Drake creature token with flying. [Card: Consider (209), Activator: Ai(3)-mm-talrand-spells, SpellAbility: Surveil 1. (Look at the top card of your library. You may put that card into your graveyard.) Draw a card.]
Resolve Stack: Ai(3)-mm-talrand-spells surveiled 1 card(s) to the top of the library
Resolve Stack: Consider (209) - Ai(3)-mm-talrand-spells surveils (1). Ai(3)-mm-talrand-spells draws a card.
Add To Stack: Ai(4)-mm-nekusar-discard triggered Nekusar, the Mindrazer
Damage: Nekusar, the Mindrazer (403) deals 1 non-combat damage to Ai(3)-mm-talrand-spells.
Life: Life: Ai(3)-mm-talrand-spells 27 > 26
Resolve Stack: Whenever an opponent draws a card, Nekusar, the Mindrazer deals 1 damage to that player. [Player: Ai(3)-mm-talrand-spells]
Phase: Ai(2)-mm-jarad-graveyard's Cleanup step
Turn: Turn 26 (Ai(3)-mm-talrand-spells)
Phase: Ai(3)-mm-talrand-spells' Untap step
Phase: Ai(3)-mm-talrand-spells' Upkeep step
Phase: Ai(3)-mm-talrand-spells' Draw step
Add To Stack: Ai(4)-mm-nekusar-discard triggered Nekusar, the Mindrazer
Add To Stack: Ai(4)-mm-nekusar-discard triggered Nekusar, the Mindrazer
Resolve Stack: At the beginning of each player's draw step, that player draws an additional card. [Phase: Ai(3)-mm-talrand-spells]
Add To Stack: Ai(4)-mm-nekusar-discard triggered Nekusar, the Mindrazer
Damage: Nekusar, the Mindrazer (403) deals 1 non-combat damage to Ai(3)-mm-talrand-spells.
Life: Life: Ai(3)-mm-talrand-spells 26 > 25
Resolve Stack: Whenever an opponent draws a card, Nekusar, the Mindrazer deals 1 damage to that player. [Player: Ai(3)-mm-talrand-spells]
Damage: Nekusar, the Mindrazer (403) deals 1 non-combat damage to Ai(3)-mm-talrand-spells.
Life: Life: Ai(3)-mm-talrand-spells 25 > 24
Resolve Stack: Whenever an opponent draws a card, Nekusar, the Mindrazer deals 1 damage to that player. [Player: Ai(3)-mm-talrand-spells]
Phase: Ai(3)-mm-talrand-spells' Main phase, precombat
Land: Ai(3)-mm-talrand-spells played Island (238)
Phase: Ai(3)-mm-talrand-spells' Beginning of Combat Step
Phase: Ai(3)-mm-talrand-spells' Declare Attackers Step
Combat: Ai(3)-mm-talrand-spells assigned Drake Token (750) and Talrand, Sky Summoner (302) to attack Ai(2)-mm-jarad-graveyard.
Phase: Ai(3)-mm-talrand-spells' Declare Blockers Step
Combat: Ai(2)-mm-jarad-graveyard didn't block Drake Token (750).
Ai(2)-mm-jarad-graveyard didn't block Talrand, Sky Summoner (302).
Phase: Ai(3)-mm-talrand-spells' First Strike Damage Step
Phase: Ai(3)-mm-talrand-spells' Combat Damage Step
Damage: Drake Token (750) deals 4 combat damage to Ai(2)-mm-jarad-graveyard.
Damage: Talrand, Sky Summoner (302) deals 3 combat damage to Ai(2)-mm-jarad-graveyard.
Life: Life: Ai(2)-mm-jarad-graveyard 26 > 19
Phase: Ai(3)-mm-talrand-spells' End of Combat Step
Phase: Ai(3)-mm-talrand-spells' Main phase, postcombat
Mana: Island (247) - {T}: Add {U}.
Mana: Island (235) - {T}: Add {U}.
Mana: Sol Ring (219) - {T}: Add {C}{C}.
Add To Stack: Ai(3)-mm-talrand-spells cast Alandra, Sky Dreamer
Resolve Stack: Alandra, Sky Dreamer - Creature 2 / 4
Mana: Island (228) - {T}: Add {U}.
Mana: Thought Vessel (259) - {T}: Add {C}.
Add To Stack: Ai(3)-mm-talrand-spells cast Winged Words
Add To Stack: Ai(3)-mm-talrand-spells triggered Talrand, Sky Summoner
Resolve Stack: Whenever you cast an instant or sorcery spell, create a 2/2 blue Drake creature token with flying. [Card: Winged Words (295), Activator: Ai(3)-mm-talrand-spells, SpellAbility: Draw two cards.]
Resolve Stack: Winged Words (295) - Ai(3)-mm-talrand-spells draws two cards.
Add To Stack: Ai(4)-mm-nekusar-discard triggered Nekusar, the Mindrazer
Add To Stack: Ai(4)-mm-nekusar-discard triggered Nekusar, the Mindrazer
Mana: Island (255) - {T}: Add {U}.
Mana: Island (237) - {T}: Add {U}.
Mana: Island (245) - {T}: Add {U}.
Add To Stack: Ai(3)-mm-talrand-spells cast Think Twice
Add To Stack: Ai(3)-mm-talrand-spells triggered Talrand, Sky Summoner
Resolve Stack: Whenever you cast an instant or sorcery spell, create a 2/2 blue Drake creature token with flying. [Card: Think Twice (273), Activator: Ai(3)-mm-talrand-spells, SpellAbility: Draw a card.]
Resolve Stack: Think Twice (273) - Ai(3)-mm-talrand-spells draws a card.
Replacement Effect: Flashback {2}{U} (You may cast this card from your graveyard for its flashback cost. Then exile it.)
Add To Stack: Ai(3)-mm-talrand-spells triggered Alandra, Sky Dreamer
Add To Stack: Ai(4)-mm-nekusar-discard triggered Nekusar, the Mindrazer
Damage: Nekusar, the Mindrazer (403) deals 1 non-combat damage to Ai(3)-mm-talrand-spells.
Life: Life: Ai(3)-mm-talrand-spells 24 > 23
Resolve Stack: Whenever an opponent draws a card, Nekusar, the Mindrazer deals 1 damage to that player. [Player: Ai(3)-mm-talrand-spells]
Resolve Stack: Whenever you draw your fifth card each turn, Alandra, Sky Dreamer and Drakes you control get +X/+X until end of turn, where X is the number of cards in your hand. [Player: Ai(3)-mm-talrand-spells]
Damage: Nekusar, the Mindrazer (403) deals 1 non-combat damage to Ai(3)-mm-talrand-spells.
Life: Life: Ai(3)-mm-talrand-spells 23 > 22
Resolve Stack: Whenever an opponent draws a card, Nekusar, the Mindrazer deals 1 damage to that player. [Player: Ai(3)-mm-talrand-spells]
Damage: Nekusar, the Mindrazer (403) deals 1 non-combat damage to Ai(3)-mm-talrand-spells.
Life: Life: Ai(3)-mm-talrand-spells 22 > 21
Resolve Stack: Whenever an opponent draws a card, Nekusar, the Mindrazer deals 1 damage to that player. [Player: Ai(3)-mm-talrand-spells]
Phase: Ai(3)-mm-talrand-spells' End step
Phase: Ai(3)-mm-talrand-spells' Cleanup step
Turn: Turn 27 (Ai(4)-mm-nekusar-discard)
Phase: Ai(4)-mm-nekusar-discard's Untap step
Phase: Ai(4)-mm-nekusar-discard's Upkeep step
Phase: Ai(4)-mm-nekusar-discard's Draw step
Add To Stack: Ai(4)-mm-nekusar-discard triggered Nekusar, the Mindrazer
Resolve Stack: At the beginning of each player's draw step, that player draws an additional card. [Phase: Ai(4)-mm-nekusar-discard]
Phase: Ai(4)-mm-nekusar-discard's Main phase, precombat
Land: Ai(4)-mm-nekusar-discard played Bloodstained Mire (365)
Life: Life: Ai(4)-mm-nekusar-discard 37 > 36
Zone Change: Bloodstained Mire (365) was put into Graveyard from Battlefield.
Add To Stack: Ai(4)-mm-nekusar-discard activated Bloodstained Mire
Replacement Effect: As Blood Crypt enters, you may pay 2 life. If you don't, it enters tapped.
Resolve Stack: Bloodstained Mire (365) - Ai(4)-mm-nekusar-discard searches their library for a Swamp or Mountain card, puts it onto the battlefield, then shuffles.
Mana: Drowned Catacomb (381) - {T}: Add {U} or {B}.
Mana: Sol Ring (322) - {T}: Add {C}{C}.
Add To Stack: Ai(4)-mm-nekusar-discard cast Orcish Bowmasters
Resolve Stack: Orcish Bowmasters - Creature 1 / 1
Add To Stack: Ai(4)-mm-nekusar-discard triggered Orcish Bowmasters targeting [Golgari Thug (145)]
Damage: Orcish Bowmasters (385) deals 1 damage to Golgari Thug (145).
Resolve Stack: When Orcish Bowmasters enters and whenever an opponent draws a card except the first one they draw in each of their draw steps, Orcish Bowmasters deals 1 damage to any target. Then amass Orcs 1. (Targeting: [[Golgari Thug (145)]]) [Zone Changer: Orcish Bowmasters (385)]
Zone Change: Golgari Thug (145) was put into Graveyard from Battlefield.
Add To Stack: Ai(2)-mm-jarad-graveyard triggered Golgari Thug targeting [Splinterfright (139)]
Resolve Stack: When Golgari Thug dies, put target creature card from your graveyard on top of your library. (Targeting: [[Splinterfright (139)]]) [Zone Changer: Golgari Thug (145)]
Phase: Ai(4)-mm-nekusar-discard's Beginning of Combat Step
Phase: Ai(4)-mm-nekusar-discard's Declare Attackers Step
Phase: Ai(4)-mm-nekusar-discard's Declare Blockers Step
Phase: Ai(4)-mm-nekusar-discard's First Strike Damage Step
Phase: Ai(4)-mm-nekusar-discard's Combat Damage Step
Phase: Ai(4)-mm-nekusar-discard's End of Combat Step
Phase: Ai(4)-mm-nekusar-discard's Main phase, postcombat
Phase: Ai(4)-mm-nekusar-discard's End step
Phase: Ai(4)-mm-nekusar-discard's Cleanup step
Turn: Turn 28 (Ai(1)-mm-abaddon)
Phase: Ai(1)-mm-abaddon's Untap step
Phase: Ai(1)-mm-abaddon's Upkeep step
Phase: Ai(1)-mm-abaddon's Draw step
Add To Stack: Ai(4)-mm-nekusar-discard triggered Nekusar, the Mindrazer
Add To Stack: Ai(4)-mm-nekusar-discard triggered Nekusar, the Mindrazer
Resolve Stack: At the beginning of each player's draw step, that player draws an additional card. [Phase: Ai(1)-mm-abaddon]
Add To Stack: Ai(4)-mm-nekusar-discard triggered Nekusar, the Mindrazer
Add To Stack: Ai(4)-mm-nekusar-discard triggered Orcish Bowmasters targeting [Satyr Wayfinder (120)]
Damage: Orcish Bowmasters (385) deals 1 damage to Satyr Wayfinder (120).
Resolve Stack: When Orcish Bowmasters enters and whenever an opponent draws a card except the first one they draw in each of their draw steps, Orcish Bowmasters deals 1 damage to any target. Then amass Orcs 1. (Targeting: [[Satyr Wayfinder (120)]]) [Player: Ai(1)-mm-abaddon]
Zone Change: Satyr Wayfinder (120) was put into Graveyard from Battlefield.
Damage: Nekusar, the Mindrazer (403) deals 1 non-combat damage to Ai(1)-mm-abaddon.
Life: Life: Ai(1)-mm-abaddon 32 > 31
Resolve Stack: Whenever an opponent draws a card, Nekusar, the Mindrazer deals 1 damage to that player. [Player: Ai(1)-mm-abaddon]
Damage: Nekusar, the Mindrazer (403) deals 1 non-combat damage to Ai(1)-mm-abaddon.
Life: Life: Ai(1)-mm-abaddon 31 > 30
Resolve Stack: Whenever an opponent draws a card, Nekusar, the Mindrazer deals 1 damage to that player. [Player: Ai(1)-mm-abaddon]
Phase: Ai(1)-mm-abaddon's Main phase, precombat
Mana: Mountain (89) - {T}: Add {R}.
Mana: Mountain (83) - {T}: Add {R}.
Add To Stack: Ai(1)-mm-abaddon cast Swiftfoot Boots
Resolve Stack: Swiftfoot Boots
Mana: Exotic Orchard (35) - {T}: Add one mana of any color that a land an opponent controls could produce.
Mana: Foreboding Ruins (59) - {T}: Add {B} or {R}.
Mana: Steam Vents (58) - {T}: Add {R}.
Add To Stack: Ai(1)-mm-abaddon cast Loyal Subordinate
Resolve Stack: Loyal Subordinate - Creature 3 / 1
Phase: Ai(1)-mm-abaddon's Beginning of Combat Step
Add To Stack: Ai(1)-mm-abaddon triggered Loyal Subordinate
Life: Life: Ai(2)-mm-jarad-graveyard 19 > 16
Life: Life: Ai(3)-mm-talrand-spells 21 > 18
Life: Life: Ai(4)-mm-nekusar-discard 36 > 33
Resolve Stack: Lieutenant — At the beginning of combat on your turn, if you control your commander, each opponent loses 3 life. [Phase: Ai(1)-mm-abaddon]
Phase: Ai(1)-mm-abaddon's Declare Attackers Step
Phase: Ai(1)-mm-abaddon's Declare Blockers Step
Phase: Ai(1)-mm-abaddon's First Strike Damage Step
Phase: Ai(1)-mm-abaddon's Combat Damage Step
Phase: Ai(1)-mm-abaddon's End of Combat Step
Phase: Ai(1)-mm-abaddon's Main phase, postcombat
Phase: Ai(1)-mm-abaddon's End step
Phase: Ai(1)-mm-abaddon's Cleanup step
Turn: Turn 29 (Ai(2)-mm-jarad-graveyard)
Phase: Ai(2)-mm-jarad-graveyard's Untap step
Phase: Ai(2)-mm-jarad-graveyard's Upkeep step
Phase: Ai(2)-mm-jarad-graveyard's Draw step
Zone Change: Ai(2)-mm-jarad-graveyard milled Splinterfright (139), Underrealm Lich (179), Forest (128) and Eternal Witness (106).
Replacement Effect: Golgari Thug - Dredge 4
Add To Stack: Ai(4)-mm-nekusar-discard triggered Nekusar, the Mindrazer
Resolve Stack: At the beginning of each player's draw step, that player draws an additional card. [Phase: Ai(2)-mm-jarad-graveyard]
Add To Stack: Ai(4)-mm-nekusar-discard triggered Nekusar, the Mindrazer
Damage: Nekusar, the Mindrazer (403) deals 1 non-combat damage to Ai(2)-mm-jarad-graveyard.
Life: Life: Ai(2)-mm-jarad-graveyard 16 > 15
Resolve Stack: Whenever an opponent draws a card, Nekusar, the Mindrazer deals 1 damage to that player. [Player: Ai(2)-mm-jarad-graveyard]
Phase: Ai(2)-mm-jarad-graveyard's Main phase, precombat
Land: Ai(2)-mm-jarad-graveyard played Forest (128)
Phase: Ai(2)-mm-jarad-graveyard's Beginning of Combat Step
Phase: Ai(2)-mm-jarad-graveyard's Declare Attackers Step
Phase: Ai(2)-mm-jarad-graveyard's Declare Blockers Step
Phase: Ai(2)-mm-jarad-graveyard's First Strike Damage Step
Phase: Ai(2)-mm-jarad-graveyard's Combat Damage Step
Phase: Ai(2)-mm-jarad-graveyard's End of Combat Step
Phase: Ai(2)-mm-jarad-graveyard's Main phase, postcombat
Add To Stack: Ai(2)-mm-jarad-graveyard activated Conduit of Worlds targeting [Underrealm Lich (179)]
Mana: Swamp (166) - {T}: Add {B}.
Mana: Forest (135) - {T}: Add {G}.
Mana: Forest (133) - {T}: Add {G}.
Mana: Forest (130) - {T}: Add {G}.
Mana: Forest (128) - {T}: Add {G}.
Add To Stack: Ai(2)-mm-jarad-graveyard cast Underrealm Lich
Resolve Stack: Conduit of Worlds (187) - Ai(2)-mm-jarad-graveyard may cast Underrealm Lich (179).  
Resolve Stack: Underrealm Lich - Creature 4 / 3
Phase: Ai(2)-mm-jarad-graveyard's End step
Mana: Heraldic Banner (207) - {T}: Add one mana of the chosen color.
Mana: Island (238) - {T}: Add {U}.
Add To Stack: Ai(3)-mm-talrand-spells cast Dig Through Time
Add To Stack: Ai(3)-mm-talrand-spells triggered Talrand, Sky Summoner
Resolve Stack: Whenever you cast an instant or sorcery spell, create a 2/2 blue Drake creature token with flying. [Card: Dig Through Time (284), Activator: Ai(3)-mm-talrand-spells, SpellAbility: Look at the top seven cards of your library. Put two of them into your hand and the rest on the bottom of your library in any order.]
Resolve Stack: Dig Through Time (284) - Ai(3)-mm-talrand-spells looks at the top seven cards of their library. They put two of them into their hand and put the rest on the bottom of their library in any order.
Phase: Ai(2)-mm-jarad-graveyard's Cleanup step
Turn: Turn 30 (Ai(3)-mm-talrand-spells)
Phase: Ai(3)-mm-talrand-spells' Untap step
Phase: Ai(3)-mm-talrand-spells' Upkeep step
Phase: Ai(3)-mm-talrand-spells' Draw step
Add To Stack: Ai(4)-mm-nekusar-discard triggered Nekusar, the Mindrazer
Add To Stack: Ai(4)-mm-nekusar-discard triggered Nekusar, the Mindrazer
Resolve Stack: At the beginning of each player's draw step, that player draws an additional card. [Phase: Ai(3)-mm-talrand-spells]
Add To Stack: Ai(3)-mm-talrand-spells triggered Alandra, Sky Dreamer
Add To Stack: Ai(4)-mm-nekusar-discard triggered Nekusar, the Mindrazer
Add To Stack: Ai(4)-mm-nekusar-discard triggered Orcish Bowmasters targeting [Ai(2)-mm-jarad-graveyard]
Damage: Orcish Bowmasters (385) deals 1 non-combat damage to Ai(2)-mm-jarad-graveyard.
Life: Life: Ai(2)-mm-jarad-graveyard 15 > 14
Resolve Stack: When Orcish Bowmasters enters and whenever an opponent draws a card except the first one they draw in each of their draw steps, Orcish Bowmasters deals 1 damage to any target. Then amass Orcs 1. (Targeting: [[Ai(2)-mm-jarad-graveyard]]) [Player: Ai(3)-mm-talrand-spells]
Damage: Nekusar, the Mindrazer (403) deals 1 non-combat damage to Ai(3)-mm-talrand-spells.
Life: Life: Ai(3)-mm-talrand-spells 18 > 17
Resolve Stack: Whenever an opponent draws a card, Nekusar, the Mindrazer deals 1 damage to that player. [Player: Ai(3)-mm-talrand-spells]
Resolve Stack: Whenever you draw your second card each turn, create a 2/2 blue Drake creature token with flying. [Player: Ai(3)-mm-talrand-spells]
Damage: Nekusar, the Mindrazer (403) deals 1 non-combat damage to Ai(3)-mm-talrand-spells.
Life: Life: Ai(3)-mm-talrand-spells 17 > 16
Resolve Stack: Whenever an opponent draws a card, Nekusar, the Mindrazer deals 1 damage to that player. [Player: Ai(3)-mm-talrand-spells]
Phase: Ai(3)-mm-talrand-spells' Main phase, precombat
Land: Ai(3)-mm-talrand-spells played Island (231)
Phase: Ai(3)-mm-talrand-spells' Beginning of Combat Step
Phase: Ai(3)-mm-talrand-spells' Declare Attackers Step
Combat: Ai(3)-mm-talrand-spells assigned Drake Token (750), Drake Token (779), Drake Token (782), Drake Token (876), Talrand, Sky Summoner (302) and Alandra, Sky Dreamer (204) to attack Ai(2)-mm-jarad-graveyard.
Phase: Ai(3)-mm-talrand-spells' Declare Blockers Step
Combat: Ai(2)-mm-jarad-graveyard didn't block Drake Token (750).
Ai(2)-mm-jarad-graveyard didn't block Drake Token (779).
Ai(2)-mm-jarad-graveyard didn't block Drake Token (782).
Ai(2)-mm-jarad-graveyard didn't block Drake Token (876).
Ai(2)-mm-jarad-graveyard assigned Underrealm Lich (179) to block Talrand, Sky Summoner (302).
Ai(2)-mm-jarad-graveyard assigned Phyrexian Germ Token (630) to block Alandra, Sky Dreamer (204).
Life: Life: Ai(2)-mm-jarad-graveyard 14 > 10
Add To Stack: Ai(2)-mm-jarad-graveyard activated Underrealm Lich
Resolve Stack: Underrealm Lich (179) - Underrealm Lich (179) gains indestructible until end of turn. Tap Underrealm Lich (179).
Phase: Ai(3)-mm-talrand-spells' First Strike Damage Step
Phase: Ai(3)-mm-talrand-spells' Combat Damage Step
Damage: Drake Token (750) deals 4 combat damage to Ai(2)-mm-jarad-graveyard.
Damage: Drake Token (779) deals 4 combat damage to Ai(2)-mm-jarad-graveyard.
Damage: Drake Token (782) deals 4 combat damage to Ai(2)-mm-jarad-graveyard.
Damage: Drake Token (876) deals 4 combat damage to Ai(2)-mm-jarad-graveyard.
Damage: Talrand, Sky Summoner (302) deals 3 damage to Underrealm Lich (179).
Damage: Alandra, Sky Dreamer (204) deals 3 damage to Phyrexian Germ Token (630).
Damage: Underrealm Lich (179) deals 4 damage to Talrand, Sky Summoner (302).
Damage: Phyrexian Germ Token (630) deals 8 damage to Alandra, Sky Dreamer (204).
Life: Life: Ai(2)-mm-jarad-graveyard 10 > -6
Zone Change: Talrand, Sky Summoner (302) was put into Graveyard from Battlefield.
Zone Change: Alandra, Sky Dreamer (204) was put into Graveyard from Battlefield.
Phase: Ai(3)-mm-talrand-spells' End of Combat Step
Phase: Ai(3)-mm-talrand-spells' Main phase, postcombat
Mana: Island (247) - {T}: Add {U}.
Mana: Island (235) - {T}: Add {U}.
Mana: Sol Ring (219) - {T}: Add {C}{C}.
Mana: Thought Vessel (259) - {T}: Add {C}.
Add To Stack: Ai(3)-mm-talrand-spells cast Archmage of Runes
Resolve Stack: Archmage of Runes - Creature 3 / 6
Mana: Island (228) - {T}: Add {U}.
Mana: Island (255) - {T}: Add {U}.
Mana: Island (237) - {T}: Add {U}.
Mana: Island (245) - {T}: Add {U}.
Add To Stack: Ai(3)-mm-talrand-spells cast Curiosity Crafter
Resolve Stack: Curiosity Crafter - Creature 3 / 3
Mana: Heraldic Banner (207) - {T}: Add one mana of the chosen color.
Mana: Island (238) - {T}: Add {U}.
Add To Stack: Ai(3)-mm-talrand-spells cast Sapphire Medallion
Resolve Stack: Sapphire Medallion
Phase: Ai(3)-mm-talrand-spells' End step
Phase: Ai(3)-mm-talrand-spells' Cleanup step
Turn: Turn 31 (Ai(4)-mm-nekusar-discard)
Phase: Ai(4)-mm-nekusar-discard's Untap step
Phase: Ai(4)-mm-nekusar-discard's Upkeep step
Phase: Ai(4)-mm-nekusar-discard's Draw step
Add To Stack: Ai(4)-mm-nekusar-discard triggered Nekusar, the Mindrazer
Resolve Stack: At the beginning of each player's draw step, that player draws an additional card. [Phase: Ai(4)-mm-nekusar-discard]
Phase: Ai(4)-mm-nekusar-discard's Main phase, precombat
Replacement Effect: As Watery Grave enters, you may pay 2 life. If you don't, it enters tapped.
Land: Ai(4)-mm-nekusar-discard played Watery Grave (336)
Phase: Ai(4)-mm-nekusar-discard's Beginning of Combat Step
Phase: Ai(4)-mm-nekusar-discard's Declare Attackers Step
Phase: Ai(4)-mm-nekusar-discard's Declare Blockers Step
Phase: Ai(4)-mm-nekusar-discard's First Strike Damage Step
Phase: Ai(4)-mm-nekusar-discard's Combat Damage Step
Phase: Ai(4)-mm-nekusar-discard's End of Combat Step
Phase: Ai(4)-mm-nekusar-discard's Main phase, postcombat
Mana: Drowned Catacomb (381) - {T}: Add {U} or {B}.
Mana: Blood Crypt (318) - {T}: Add {B}.
Mana: Sol Ring (322) - {T}: Add {C}{C}.
Add To Stack: Ai(4)-mm-nekusar-discard cast Sheoldred, the Apocalypse
Resolve Stack: Sheoldred, the Apocalypse - Creature 4 / 5
Phase: Ai(4)-mm-nekusar-discard's End step
Phase: Ai(4)-mm-nekusar-discard's Cleanup step
Turn: Turn 32 (Ai(1)-mm-abaddon)
Phase: Ai(1)-mm-abaddon's Untap step
Phase: Ai(1)-mm-abaddon's Upkeep step
Phase: Ai(1)-mm-abaddon's Draw step
Add To Stack: Ai(4)-mm-nekusar-discard triggered Nekusar, the Mindrazer
Add To Stack: Ai(4)-mm-nekusar-discard triggered Sheoldred, the Apocalypse
Add To Stack: Ai(4)-mm-nekusar-discard triggered Nekusar, the Mindrazer
Resolve Stack: At the beginning of each player's draw step, that player draws an additional card. [Phase: Ai(1)-mm-abaddon]
Add To Stack: Ai(4)-mm-nekusar-discard triggered Nekusar, the Mindrazer
Add To Stack: Ai(4)-mm-nekusar-discard triggered Orcish Bowmasters targeting [Ai(3)-mm-talrand-spells]
Add To Stack: Ai(4)-mm-nekusar-discard triggered Sheoldred, the Apocalypse
Life: Life: Ai(1)-mm-abaddon 30 > 28
Resolve Stack: Whenever an opponent draws a card, they lose 2 life. [Player: Ai(1)-mm-abaddon]
Damage: Orcish Bowmasters (385) deals 1 non-combat damage to Ai(3)-mm-talrand-spells.
Life: Life: Ai(3)-mm-talrand-spells 16 > 15
Resolve Stack: When Orcish Bowmasters enters and whenever an opponent draws a card except the first one they draw in each of their draw steps, Orcish Bowmasters deals 1 damage to any target. Then amass Orcs 1. (Targeting: [[Ai(3)-mm-talrand-spells]]) [Player: Ai(1)-mm-abaddon]
Damage: Nekusar, the Mindrazer (403) deals 1 non-combat damage to Ai(1)-mm-abaddon.
Life: Life: Ai(1)-mm-abaddon 28 > 27
Resolve Stack: Whenever an opponent draws a card, Nekusar, the Mindrazer deals 1 damage to that player. [Player: Ai(1)-mm-abaddon]
Life: Life: Ai(1)-mm-abaddon 27 > 25
Resolve Stack: Whenever an opponent draws a card, they lose 2 life. [Player: Ai(1)-mm-abaddon]
Damage: Nekusar, the Mindrazer (403) deals 1 non-combat damage to Ai(1)-mm-abaddon.
Life: Life: Ai(1)-mm-abaddon 25 > 24
Resolve Stack: Whenever an opponent draws a card, Nekusar, the Mindrazer deals 1 damage to that player. [Player: Ai(1)-mm-abaddon]
Phase: Ai(1)-mm-abaddon's Main phase, precombat
Land: Ai(1)-mm-abaddon played Mountain (85)
Mana: Exotic Orchard (35) - {T}: Add one mana of any color that a land an opponent controls could produce.
Mana: Mountain (89) - {T}: Add {R}.
Mana: Mountain (83) - {T}: Add {R}.
Mana: Mountain (85) - {T}: Add {R}.
Mana: Foreboding Ruins (59) - {T}: Add {B} or {R}.
Add To Stack: Ai(1)-mm-abaddon cast Great Unclean One
Resolve Stack: Great Unclean One - Creature 4 / 5
Mana: Steam Vents (58) - {T}: Add {R}.
Add To Stack: Ai(1)-mm-abaddon activated Swiftfoot Boots targeting [Abaddon the Despoiler (100)]
Resolve Stack: Swiftfoot Boots (44) -  Attach to Abaddon the Despoiler (100)
Phase: Ai(1)-mm-abaddon's Beginning of Combat Step
Add To Stack: Ai(1)-mm-abaddon triggered Loyal Subordinate
Life: Life: Ai(3)-mm-talrand-spells 15 > 12
Life: Life: Ai(4)-mm-nekusar-discard 33 > 30
Resolve Stack: Lieutenant — At the beginning of combat on your turn, if you control your commander, each opponent loses 3 life. [Phase: Ai(1)-mm-abaddon]
Phase: Ai(1)-mm-abaddon's Declare Attackers Step
Phase: Ai(1)-mm-abaddon's Declare Blockers Step
Phase: Ai(1)-mm-abaddon's First Strike Damage Step
Phase: Ai(1)-mm-abaddon's Combat Damage Step
Phase: Ai(1)-mm-abaddon's End of Combat Step
Phase: Ai(1)-mm-abaddon's Main phase, postcombat
Phase: Ai(1)-mm-abaddon's End step
Add To Stack: Ai(1)-mm-abaddon triggered Great Unclean One
Life: Life: Ai(3)-mm-talrand-spells 12 > 10
Life: Life: Ai(4)-mm-nekusar-discard 30 > 28
Resolve Stack: Reverberating Summons — At the beginning of your end step, each opponent loses 2 life. Then for each opponent who has less life than you, create a 1/3 black Demon creature token named Plaguebearer of Nurgle. [Phase: Ai(1)-mm-abaddon]
Phase: Ai(1)-mm-abaddon's Cleanup step
Turn: Turn 33 (Ai(3)-mm-talrand-spells)
Phase: Ai(3)-mm-talrand-spells' Untap step
Phase: Ai(3)-mm-talrand-spells' Upkeep step
Phase: Ai(3)-mm-talrand-spells' Draw step
Add To Stack: Ai(4)-mm-nekusar-discard triggered Nekusar, the Mindrazer
Add To Stack: Ai(4)-mm-nekusar-discard triggered Sheoldred, the Apocalypse
Add To Stack: Ai(4)-mm-nekusar-discard triggered Nekusar, the Mindrazer
Resolve Stack: At the beginning of each player's draw step, that player draws an additional card. [Phase: Ai(3)-mm-talrand-spells]
Add To Stack: Ai(4)-mm-nekusar-discard triggered Nekusar, the Mindrazer
Add To Stack: Ai(4)-mm-nekusar-discard triggered Orcish Bowmasters targeting [Ai(3)-mm-talrand-spells]
Add To Stack: Ai(4)-mm-nekusar-discard triggered Sheoldred, the Apocalypse
Life: Life: Ai(3)-mm-talrand-spells 10 > 8
Resolve Stack: Whenever an opponent draws a card, they lose 2 life. [Player: Ai(3)-mm-talrand-spells]
Damage: Orcish Bowmasters (385) deals 1 non-combat damage to Ai(3)-mm-talrand-spells.
Life: Life: Ai(3)-mm-talrand-spells 8 > 7
Resolve Stack: When Orcish Bowmasters enters and whenever an opponent draws a card except the first one they draw in each of their draw steps, Orcish Bowmasters deals 1 damage to any target. Then amass Orcs 1. (Targeting: [[Ai(3)-mm-talrand-spells]]) [Player: Ai(3)-mm-talrand-spells]
Damage: Nekusar, the Mindrazer (403) deals 1 non-combat damage to Ai(3)-mm-talrand-spells.
Life: Life: Ai(3)-mm-talrand-spells 7 > 6
Resolve Stack: Whenever an opponent draws a card, Nekusar, the Mindrazer deals 1 damage to that player. [Player: Ai(3)-mm-talrand-spells]
Life: Life: Ai(3)-mm-talrand-spells 6 > 4
Resolve Stack: Whenever an opponent draws a card, they lose 2 life. [Player: Ai(3)-mm-talrand-spells]
Damage: Nekusar, the Mindrazer (403) deals 1 non-combat damage to Ai(3)-mm-talrand-spells.
Life: Life: Ai(3)-mm-talrand-spells 4 > 3
Resolve Stack: Whenever an opponent draws a card, Nekusar, the Mindrazer deals 1 damage to that player. [Player: Ai(3)-mm-talrand-spells]
Phase: Ai(3)-mm-talrand-spells' Main phase, precombat
Mana: Island (247) - {T}: Add {U}.
Add To Stack: Ai(3)-mm-talrand-spells cast Ponder
Add To Stack: Ai(3)-mm-talrand-spells triggered Archmage of Runes
Resolve Stack: Whenever you cast an instant or sorcery spell, draw a card. [Card: Ponder (213), Activator: Ai(3)-mm-talrand-spells, SpellAbility: Look at the top three cards of your library, then put them back in any order. You may shuffle. Draw a card. ]
Add To Stack: Ai(4)-mm-nekusar-discard triggered Nekusar, the Mindrazer
Add To Stack: Ai(4)-mm-nekusar-discard triggered Orcish Bowmasters targeting [Ai(3)-mm-talrand-spells]
Add To Stack: Ai(4)-mm-nekusar-discard triggered Sheoldred, the Apocalypse
Life: Life: Ai(3)-mm-talrand-spells 3 > 1
Resolve Stack: Whenever an opponent draws a card, they lose 2 life. [Player: Ai(3)-mm-talrand-spells]
Damage: Orcish Bowmasters (385) deals 1 non-combat damage to Ai(3)-mm-talrand-spells.
Life: Life: Ai(3)-mm-talrand-spells 1 > 0
Resolve Stack: When Orcish Bowmasters enters and whenever an opponent draws a card except the first one they draw in each of their draw steps, Orcish Bowmasters deals 1 damage to any target. Then amass Orcs 1. (Targeting: [[Ai(3)-mm-talrand-spells]]) [Player: Ai(3)-mm-talrand-spells]
Resolve Stack: Whenever an opponent draws a card, Nekusar, the Mindrazer deals 1 damage to that player. [Player: Ai(3)-mm-talrand-spells]
Phase: Ai(3)-mm-talrand-spells' Beginning of Combat Step
Phase: Ai(3)-mm-talrand-spells' Declare Attackers Step
Phase: Ai(3)-mm-talrand-spells' Declare Blockers Step
Phase: Ai(3)-mm-talrand-spells' First Strike Damage Step
Phase: Ai(3)-mm-talrand-spells' Combat Damage Step
Phase: Ai(3)-mm-talrand-spells' End of Combat Step
Phase: Ai(3)-mm-talrand-spells' Main phase, postcombat
Phase: Ai(3)-mm-talrand-spells' End step
Phase: Ai(3)-mm-talrand-spells' Cleanup step
Turn: Turn 34 (Ai(4)-mm-nekusar-discard)
Phase: Ai(4)-mm-nekusar-discard's Untap step
Phase: Ai(4)-mm-nekusar-discard's Upkeep step
Phase: Ai(4)-mm-nekusar-discard's Draw step
Add To Stack: Ai(4)-mm-nekusar-discard triggered Sheoldred, the Apocalypse
Add To Stack: Ai(4)-mm-nekusar-discard triggered Nekusar, the Mindrazer
Resolve Stack: At the beginning of each player's draw step, that player draws an additional card. [Phase: Ai(4)-mm-nekusar-discard]
Add To Stack: Ai(4)-mm-nekusar-discard triggered Sheoldred, the Apocalypse
Life: Life: Ai(4)-mm-nekusar-discard 28 > 30
Resolve Stack: Whenever you draw a card, you gain 2 life. [Player: Ai(4)-mm-nekusar-discard]
Life: Life: Ai(4)-mm-nekusar-discard 30 > 32
Resolve Stack: Whenever you draw a card, you gain 2 life. [Player: Ai(4)-mm-nekusar-discard]
Phase: Ai(4)-mm-nekusar-discard's Main phase, precombat
Land: Ai(4)-mm-nekusar-discard played Swamp (359)
Phase: Ai(4)-mm-nekusar-discard's Beginning of Combat Step
Phase: Ai(4)-mm-nekusar-discard's Declare Attackers Step
Combat: Ai(4)-mm-nekusar-discard assigned Orc Army Token (806) and Sheoldred, the Apocalypse (328) to attack Ai(1)-mm-abaddon.
Phase: Ai(4)-mm-nekusar-discard's Declare Blockers Step
Combat: Ai(1)-mm-abaddon didn't block Orc Army Token (806).
Ai(1)-mm-abaddon didn't block Sheoldred, the Apocalypse (328).
Phase: Ai(4)-mm-nekusar-discard's First Strike Damage Step
Phase: Ai(4)-mm-nekusar-discard's Combat Damage Step
Damage: Orc Army Token (806) deals 6 combat damage to Ai(1)-mm-abaddon.
Damage: Sheoldred, the Apocalypse (328) deals 4 combat damage to Ai(1)-mm-abaddon.
Life: Life: Ai(1)-mm-abaddon 24 > 14
Phase: Ai(4)-mm-nekusar-discard's End of Combat Step
Phase: Ai(4)-mm-nekusar-discard's Main phase, postcombat
Mana: Swamp (359) - {T}: Add {B}.
Mana: Sol Ring (322) - {T}: Add {C}{C}.
Add To Stack: Ai(4)-mm-nekusar-discard cast Liliana's Caress
Resolve Stack: Liliana's Caress
Phase: Ai(4)-mm-nekusar-discard's End step
Phase: Ai(4)-mm-nekusar-discard's Cleanup step
Turn: Turn 35 (Ai(1)-mm-abaddon)
Phase: Ai(1)-mm-abaddon's Untap step
Phase: Ai(1)-mm-abaddon's Upkeep step
Phase: Ai(1)-mm-abaddon's Draw step
Add To Stack: Ai(4)-mm-nekusar-discard triggered Nekusar, the Mindrazer
Add To Stack: Ai(4)-mm-nekusar-discard triggered Sheoldred, the Apocalypse
Add To Stack: Ai(4)-mm-nekusar-discard triggered Nekusar, the Mindrazer
Resolve Stack: At the beginning of each player's draw step, that player draws an additional card. [Phase: Ai(1)-mm-abaddon]
Add To Stack: Ai(4)-mm-nekusar-discard triggered Nekusar, the Mindrazer
Add To Stack: Ai(4)-mm-nekusar-discard triggered Orcish Bowmasters targeting [Loyal Subordinate (54)]
Add To Stack: Ai(4)-mm-nekusar-discard triggered Sheoldred, the Apocalypse
Life: Life: Ai(1)-mm-abaddon 14 > 12
Resolve Stack: Whenever an opponent draws a card, they lose 2 life. [Player: Ai(1)-mm-abaddon]
Damage: Orcish Bowmasters (385) deals 1 damage to Loyal Subordinate (54).
Resolve Stack: When Orcish Bowmasters enters and whenever an opponent draws a card except the first one they draw in each of their draw steps, Orcish Bowmasters deals 1 damage to any target. Then amass Orcs 1. (Targeting: [[Loyal Subordinate (54)]]) [Player: Ai(1)-mm-abaddon]
Zone Change: Loyal Subordinate (54) was put into Graveyard from Battlefield.
Damage: Nekusar, the Mindrazer (403) deals 1 non-combat damage to Ai(1)-mm-abaddon.
Life: Life: Ai(1)-mm-abaddon 12 > 11
Resolve Stack: Whenever an opponent draws a card, Nekusar, the Mindrazer deals 1 damage to that player. [Player: Ai(1)-mm-abaddon]
Life: Life: Ai(1)-mm-abaddon 11 > 9
Resolve Stack: Whenever an opponent draws a card, they lose 2 life. [Player: Ai(1)-mm-abaddon]
Damage: Nekusar, the Mindrazer (403) deals 1 non-combat damage to Ai(1)-mm-abaddon.
Life: Life: Ai(1)-mm-abaddon 9 > 8
Resolve Stack: Whenever an opponent draws a card, Nekusar, the Mindrazer deals 1 damage to that player. [Player: Ai(1)-mm-abaddon]
Phase: Ai(1)-mm-abaddon's Main phase, precombat
Land: Ai(1)-mm-abaddon played Swamp (47)
Phase: Ai(1)-mm-abaddon's Beginning of Combat Step
Phase: Ai(1)-mm-abaddon's Declare Attackers Step
Phase: Ai(1)-mm-abaddon's Declare Blockers Step
Phase: Ai(1)-mm-abaddon's First Strike Damage Step
Phase: Ai(1)-mm-abaddon's Combat Damage Step
Phase: Ai(1)-mm-abaddon's End of Combat Step
Phase: Ai(1)-mm-abaddon's Main phase, postcombat
Mana: Exotic Orchard (35) - {T}: Add one mana of any color that a land an opponent controls could produce.
Mana: Mountain (89) - {T}: Add {R}.
Mana: Mountain (83) - {T}: Add {R}.
Mana: Mountain (85) - {T}: Add {R}.
Mana: Swamp (47) - {T}: Add {B}.
Add To Stack: Ai(1)-mm-abaddon cast Heralds of Tzeentch
Add To Stack: Ai(1)-mm-abaddon triggered Heralds of Tzeentch
Add To Stack: Ai(1)-mm-abaddon cast Court of Ambition
Resolve Stack: Cascade - Heralds of Tzeentch [Card: Heralds of Tzeentch (56), Activator: Ai(1)-mm-abaddon, SpellAbility: Heralds of Tzeentch - Creature 3 / 3]
Resolve Stack: Court of Ambition
Add To Stack: Ai(1)-mm-abaddon triggered Court of Ambition
Resolve Stack: When Court of Ambition enters, you become the monarch. [Zone Changer: Court of Ambition (77)]
Resolve Stack: Heralds of Tzeentch - Creature 3 / 3
Phase: Ai(1)-mm-abaddon's End step
Add To Stack: Ai(1)-mm-abaddon triggered Great Unclean One
Add To Stack: Ai(1)-mm-abaddon triggered The Monarch
Resolve Stack: At the beginning of your end step, draw a card. [Phase: Ai(1)-mm-abaddon]
Add To Stack: Ai(4)-mm-nekusar-discard triggered Nekusar, the Mindrazer
Add To Stack: Ai(4)-mm-nekusar-discard triggered Orcish Bowmasters targeting [Ai(1)-mm-abaddon]
Add To Stack: Ai(4)-mm-nekusar-discard triggered Sheoldred, the Apocalypse
Life: Life: Ai(1)-mm-abaddon 8 > 6
Resolve Stack: Whenever an opponent draws a card, they lose 2 life. [Player: Ai(1)-mm-abaddon]
Damage: Orcish Bowmasters (385) deals 1 non-combat damage to Ai(1)-mm-abaddon.
Life: Life: Ai(1)-mm-abaddon 6 > 5
Resolve Stack: When Orcish Bowmasters enters and whenever an opponent draws a card except the first one they draw in each of their draw steps, Orcish Bowmasters deals 1 damage to any target. Then amass Orcs 1. (Targeting: [[Ai(1)-mm-abaddon]]) [Player: Ai(1)-mm-abaddon]
Damage: Nekusar, the Mindrazer (403) deals 1 non-combat damage to Ai(1)-mm-abaddon.
Life: Life: Ai(1)-mm-abaddon 5 > 4
Resolve Stack: Whenever an opponent draws a card, Nekusar, the Mindrazer deals 1 damage to that player. [Player: Ai(1)-mm-abaddon]
Life: Life: Ai(4)-mm-nekusar-discard 32 > 30
Resolve Stack: Reverberating Summons — At the beginning of your end step, each opponent loses 2 life. Then for each opponent who has less life than you, create a 1/3 black Demon creature token named Plaguebearer of Nurgle. [Phase: Ai(1)-mm-abaddon]
Phase: Ai(1)-mm-abaddon's Cleanup step
Discard: Ai(1)-mm-abaddon discards Path of Ancestry (7).
Add To Stack: Ai(4)-mm-nekusar-discard triggered Liliana's Caress
Life: Life: Ai(1)-mm-abaddon 4 > 2
Resolve Stack: Whenever an opponent discards a card, that player loses 2 life. [Discarded: Path of Ancestry (7), Cause: null]
Phase: RepeatAi(1)-mm-abaddon's Cleanup step
Turn: Turn 36 (Ai(4)-mm-nekusar-discard)
Phase: Ai(4)-mm-nekusar-discard's Untap step
Phase: Ai(4)-mm-nekusar-discard's Upkeep step
Phase: Ai(4)-mm-nekusar-discard's Draw step
Add To Stack: Ai(4)-mm-nekusar-discard triggered Sheoldred, the Apocalypse
Add To Stack: Ai(4)-mm-nekusar-discard triggered Nekusar, the Mindrazer
Resolve Stack: At the beginning of each player's draw step, that player draws an additional card. [Phase: Ai(4)-mm-nekusar-discard]
Add To Stack: Ai(4)-mm-nekusar-discard triggered Sheoldred, the Apocalypse
Life: Life: Ai(4)-mm-nekusar-discard 30 > 32
Resolve Stack: Whenever you draw a card, you gain 2 life. [Player: Ai(4)-mm-nekusar-discard]
Life: Life: Ai(4)-mm-nekusar-discard 32 > 34
Resolve Stack: Whenever you draw a card, you gain 2 life. [Player: Ai(4)-mm-nekusar-discard]
Phase: Ai(4)-mm-nekusar-discard's Main phase, precombat
Phase: Ai(4)-mm-nekusar-discard's Beginning of Combat Step
Phase: Ai(4)-mm-nekusar-discard's Declare Attackers Step
Combat: Ai(4)-mm-nekusar-discard assigned Orc Army Token (806) and Sheoldred, the Apocalypse (328) to attack Ai(1)-mm-abaddon.
Phase: Ai(4)-mm-nekusar-discard's Declare Blockers Step
Combat: Ai(1)-mm-abaddon assigned Great Unclean One (17) and Abaddon the Despoiler (100) to block Orc Army Token (806).
Ai(1)-mm-abaddon assigned Plaguebearer of Nurgle (969) to block Sheoldred, the Apocalypse (328).
Phase: Ai(4)-mm-nekusar-discard's First Strike Damage Step
Phase: Ai(4)-mm-nekusar-discard's Combat Damage Step
Damage: Orc Army Token (806) deals 3 damage to Great Unclean One (17).
Damage: Orc Army Token (806) deals 5 damage to Abaddon the Despoiler (100).
Damage: Sheoldred, the Apocalypse (328) deals 4 damage (Deathtouch) to Plaguebearer of Nurgle (969).
Damage: Great Unclean One (17) deals 4 damage to Orc Army Token (806).
Damage: Abaddon the Despoiler (100) deals 5 damage to Orc Army Token (806).
Damage: Plaguebearer of Nurgle (969) deals 1 damage to Sheoldred, the Apocalypse (328).
Zone Change: Orc Army Token (806) was put into Graveyard from Battlefield.
Zone Change: Abaddon the Despoiler (100) was put into Graveyard from Battlefield.
Zone Change: Plaguebearer of Nurgle (969) was put into Graveyard from Battlefield.
Phase: Ai(4)-mm-nekusar-discard's End of Combat Step
Phase: Ai(4)-mm-nekusar-discard's Main phase, postcombat
Replacement Effect: Bojuka Bog enters tapped.
Land: Ai(4)-mm-nekusar-discard played Bojuka Bog (353)
Add To Stack: Ai(4)-mm-nekusar-discard triggered Bojuka Bog targeting [Ai(1)-mm-abaddon]
Resolve Stack: When Bojuka Bog enters, exile all cards from target player's graveyard. (Targeting: [[Ai(1)-mm-abaddon]]) [Zone Changer: Bojuka Bog (353)]
Mana: Swamp (359) - {T}: Add {B}.
Mana: Sol Ring (322) - {T}: Add {C}{C}.
Add To Stack: Ai(4)-mm-nekusar-discard cast Demonic Tutor
Resolve Stack: Demonic Tutor (398) - Search your library for a card, put that card into your hand, then shuffle.
Mana: Drowned Catacomb (381) - {T}: Add {U} or {B}.
Mana: Blood Crypt (318) - {T}: Add {B}.
Add To Stack: Ai(4)-mm-nekusar-discard cast Master of the Feast
Resolve Stack: Master of the Feast - Creature 5 / 5
Phase: Ai(4)-mm-nekusar-discard's End step
Phase: Ai(4)-mm-nekusar-discard's Cleanup step
Turn: Turn 37 (Ai(1)-mm-abaddon)
Phase: Ai(1)-mm-abaddon's Untap step
Phase: Ai(1)-mm-abaddon's Upkeep step
Add To Stack: Ai(1)-mm-abaddon triggered Court of Ambition
Life: Life: Ai(4)-mm-nekusar-discard 34 > 28
Resolve Stack: At the beginning of your upkeep, each opponent loses 3 life unless they discard a card. If you're the monarch, instead each opponent loses 6 life unless they discard two cards. [Phase: Ai(1)-mm-abaddon]
Phase: Ai(1)-mm-abaddon's Draw step
Add To Stack: Ai(4)-mm-nekusar-discard triggered Nekusar, the Mindrazer
Add To Stack: Ai(4)-mm-nekusar-discard triggered Sheoldred, the Apocalypse
Add To Stack: Ai(4)-mm-nekusar-discard triggered Nekusar, the Mindrazer
Resolve Stack: At the beginning of each player's draw step, that player draws an additional card. [Phase: Ai(1)-mm-abaddon]
Add To Stack: Ai(4)-mm-nekusar-discard triggered Nekusar, the Mindrazer
Add To Stack: Ai(4)-mm-nekusar-discard triggered Orcish Bowmasters targeting [Ai(1)-mm-abaddon]
Add To Stack: Ai(4)-mm-nekusar-discard triggered Sheoldred, the Apocalypse
Life: Life: Ai(1)-mm-abaddon 2 > 0
Resolve Stack: Whenever an opponent draws a card, they lose 2 life. [Player: Ai(1)-mm-abaddon]
Player Control: Ai(1)-mm-abaddon has restored control over themself
Player Control: Ai(2)-mm-jarad-graveyard has restored control over themself
Player Control: Ai(3)-mm-talrand-spells has restored control over themself
Player Control: Ai(4)-mm-nekusar-discard has restored control over themself
Game Outcome: Turn 19
Game Outcome: Ai(1)-mm-abaddon has lost because life total reached 0
Game Outcome: Ai(2)-mm-jarad-graveyard has lost because life total reached 0
Game Outcome: Ai(3)-mm-talrand-spells has lost because life total reached 0
Game Outcome: Ai(4)-mm-nekusar-discard has won because all opponents have lost
Match Result: Ai(1)-mm-abaddon: 0 Ai(2)-mm-jarad-graveyard: 0 Ai(3)-mm-talrand-spells: 0 Ai(4)-mm-nekusar-discard: 1 

Game Result: Game 1 ended in 86522 ms. Ai(4)-mm-nekusar-discard has won!

Warning: default (ie. inherited from base class) implementation of confirmAction is used by Abaddon the Despoiler for forge.ai.ability.PermanentCreatureAi. Consider declaring an overloaded method
Warning: default (ie. inherited from base class) implementation of confirmAction is used by Talrand, Sky Summoner for forge.ai.ability.PermanentCreatureAi. Consider declaring an overloaded method
Mountain Did not have activator set in SpellAbilityRestriction.canPlay()
Mulligan: Ai(3)-mm-talrand-spells has mulliganed down to 7 cards.
Mulligan: Ai(1)-mm-abaddon has kept a hand of 7 cards
Mulligan: Ai(2)-mm-jarad-graveyard has kept a hand of 7 cards
Mulligan: Ai(3)-mm-talrand-spells has kept a hand of 7 cards
Mulligan: Ai(4)-mm-nekusar-discard has kept a hand of 7 cards
Turn: Turn 1 (Ai(1)-mm-abaddon)
Phase: Ai(1)-mm-abaddon's Untap step
Phase: Ai(1)-mm-abaddon's Upkeep step
Phase: Ai(1)-mm-abaddon's Draw step
Phase: Ai(1)-mm-abaddon's Main phase, precombat
Replacement Effect: Crumbling Necropolis enters tapped.
Land: Ai(1)-mm-abaddon played Crumbling Necropolis (52)
Phase: Ai(1)-mm-abaddon's Beginning of Combat Step
Phase: Ai(1)-mm-abaddon's Declare Attackers Step
Phase: Ai(1)-mm-abaddon's Declare Blockers Step
Phase: Ai(1)-mm-abaddon's First Strike Damage Step
Phase: Ai(1)-mm-abaddon's Combat Damage Step
Phase: Ai(1)-mm-abaddon's End of Combat Step
Phase: Ai(1)-mm-abaddon's Main phase, postcombat
Phase: Ai(1)-mm-abaddon's End step
Phase: Ai(1)-mm-abaddon's Cleanup step
Turn: Turn 2 (Ai(2)-mm-jarad-graveyard)
Phase: Ai(2)-mm-jarad-graveyard's Untap step
Phase: Ai(2)-mm-jarad-graveyard's Upkeep step
Phase: Ai(2)-mm-jarad-graveyard's Draw step
Phase: Ai(2)-mm-jarad-graveyard's Main phase, precombat
Land: Ai(2)-mm-jarad-graveyard played Forest (133)
Phase: Ai(2)-mm-jarad-graveyard's Beginning of Combat Step
Phase: Ai(2)-mm-jarad-graveyard's Declare Attackers Step
Phase: Ai(2)-mm-jarad-graveyard's Declare Blockers Step
Phase: Ai(2)-mm-jarad-graveyard's First Strike Damage Step
Phase: Ai(2)-mm-jarad-graveyard's Combat Damage Step
Phase: Ai(2)-mm-jarad-graveyard's End of Combat Step
Phase: Ai(2)-mm-jarad-graveyard's Main phase, postcombat
Phase: Ai(2)-mm-jarad-graveyard's End step
Phase: Ai(2)-mm-jarad-graveyard's Cleanup step
Turn: Turn 3 (Ai(3)-mm-talrand-spells)
Phase: Ai(3)-mm-talrand-spells' Untap step
Phase: Ai(3)-mm-talrand-spells' Upkeep step
Phase: Ai(3)-mm-talrand-spells' Draw step
Phase: Ai(3)-mm-talrand-spells' Main phase, precombat
Land: Ai(3)-mm-talrand-spells played Island (248)
Phase: Ai(3)-mm-talrand-spells' Beginning of Combat Step
Phase: Ai(3)-mm-talrand-spells' Declare Attackers Step
Phase: Ai(3)-mm-talrand-spells' Declare Blockers Step
Phase: Ai(3)-mm-talrand-spells' First Strike Damage Step
Phase: Ai(3)-mm-talrand-spells' Combat Damage Step
Phase: Ai(3)-mm-talrand-spells' End of Combat Step
Phase: Ai(3)-mm-talrand-spells' Main phase, postcombat
Phase: Ai(3)-mm-talrand-spells' End step
Phase: Ai(3)-mm-talrand-spells' Cleanup step
Turn: Turn 4 (Ai(4)-mm-nekusar-discard)
Phase: Ai(4)-mm-nekusar-discard's Untap step
Phase: Ai(4)-mm-nekusar-discard's Upkeep step
Phase: Ai(4)-mm-nekusar-discard's Draw step
Phase: Ai(4)-mm-nekusar-discard's Main phase, precombat
Replacement Effect: Crumbling Necropolis enters tapped.
Land: Ai(4)-mm-nekusar-discard played Crumbling Necropolis (366)
Phase: Ai(4)-mm-nekusar-discard's Beginning of Combat Step
Phase: Ai(4)-mm-nekusar-discard's Declare Attackers Step
Phase: Ai(4)-mm-nekusar-discard's Declare Blockers Step
Phase: Ai(4)-mm-nekusar-discard's First Strike Damage Step
Phase: Ai(4)-mm-nekusar-discard's Combat Damage Step
Phase: Ai(4)-mm-nekusar-discard's End of Combat Step
Phase: Ai(4)-mm-nekusar-discard's Main phase, postcombat
Phase: Ai(4)-mm-nekusar-discard's End step
Phase: Ai(4)-mm-nekusar-discard's Cleanup step
Turn: Turn 5 (Ai(1)-mm-abaddon)
Phase: Ai(1)-mm-abaddon's Untap step
Phase: Ai(1)-mm-abaddon's Upkeep step
Phase: Ai(1)-mm-abaddon's Draw step
Phase: Ai(1)-mm-abaddon's Main phase, precombat
Replacement Effect: As Blood Crypt enters, you may pay 2 life. If you don't, it enters tapped.
Land: Ai(1)-mm-abaddon played Blood Crypt (10)
Phase: Ai(1)-mm-abaddon's Beginning of Combat Step
Phase: Ai(1)-mm-abaddon's Declare Attackers Step
Phase: Ai(1)-mm-abaddon's Declare Blockers Step
Phase: Ai(1)-mm-abaddon's First Strike Damage Step
Phase: Ai(1)-mm-abaddon's Combat Damage Step
Phase: Ai(1)-mm-abaddon's End of Combat Step
Phase: Ai(1)-mm-abaddon's Main phase, postcombat
Mana: Crumbling Necropolis (52) - {T}: Add {U}, {B}, or {R}.
Add To Stack: Ai(1)-mm-abaddon cast Dark Ritual
Resolve Stack: Dark Ritual (16) - Ai(1)-mm-abaddon adds {B}{B}{B}.
Add To Stack: Ai(1)-mm-abaddon cast Talisman of Dominance
Resolve Stack: Talisman of Dominance
Mana: Talisman of Dominance (1) - {T}: Add {C}.
Resolve Stack: Ai(1)-mm-abaddon has foretold.
Phase: Ai(1)-mm-abaddon's End step
Phase: Ai(1)-mm-abaddon's Cleanup step
Turn: Turn 6 (Ai(2)-mm-jarad-graveyard)
Phase: Ai(2)-mm-jarad-graveyard's Untap step
Phase: Ai(2)-mm-jarad-graveyard's Upkeep step
Phase: Ai(2)-mm-jarad-graveyard's Draw step
Phase: Ai(2)-mm-jarad-graveyard's Main phase, precombat
Land: Ai(2)-mm-jarad-graveyard played Forest (130)
Phase: Ai(2)-mm-jarad-graveyard's Beginning of Combat Step
Phase: Ai(2)-mm-jarad-graveyard's Declare Attackers Step
Phase: Ai(2)-mm-jarad-graveyard's Declare Blockers Step
Phase: Ai(2)-mm-jarad-graveyard's First Strike Damage Step
Phase: Ai(2)-mm-jarad-graveyard's Combat Damage Step
Phase: Ai(2)-mm-jarad-graveyard's End of Combat Step
Phase: Ai(2)-mm-jarad-graveyard's Main phase, postcombat
Mana: Forest (133) - {T}: Add {G}.
Add To Stack: Ai(2)-mm-jarad-graveyard cast Elves of Deep Shadow
Resolve Stack: Elves of Deep Shadow - Creature 1 / 1
Phase: Ai(2)-mm-jarad-graveyard's End step
Phase: Ai(2)-mm-jarad-graveyard's Cleanup step
Turn: Turn 7 (Ai(3)-mm-talrand-spells)
Phase: Ai(3)-mm-talrand-spells' Untap step
Phase: Ai(3)-mm-talrand-spells' Upkeep step
Phase: Ai(3)-mm-talrand-spells' Draw step
Phase: Ai(3)-mm-talrand-spells' Main phase, precombat
Land: Ai(3)-mm-talrand-spells played Reliquary Tower (283)
Phase: Ai(3)-mm-talrand-spells' Beginning of Combat Step
Phase: Ai(3)-mm-talrand-spells' Declare Attackers Step
Phase: Ai(3)-mm-talrand-spells' Declare Blockers Step
Phase: Ai(3)-mm-talrand-spells' First Strike Damage Step
Phase: Ai(3)-mm-talrand-spells' Combat Damage Step
Phase: Ai(3)-mm-talrand-spells' End of Combat Step
Phase: Ai(3)-mm-talrand-spells' Main phase, postcombat
Mana: Island (248) - {T}: Add {U}.
Mana: Reliquary Tower (283) - {T}: Add {C}.
Add To Stack: Ai(3)-mm-talrand-spells cast Cyclonic Rift targeting [Elves of Deep Shadow (195)]
Resolve Stack: Cyclonic Rift (208) - Return Elves of Deep Shadow (195) to its owner's hand.
Phase: Ai(3)-mm-talrand-spells' End step
Phase: Ai(3)-mm-talrand-spells' Cleanup step
Turn: Turn 8 (Ai(4)-mm-nekusar-discard)
Phase: Ai(4)-mm-nekusar-discard's Untap step
Phase: Ai(4)-mm-nekusar-discard's Upkeep step
Phase: Ai(4)-mm-nekusar-discard's Draw step
Phase: Ai(4)-mm-nekusar-discard's Main phase, precombat
Replacement Effect: Training Center enters tapped unless you have two or more opponents.
Land: Ai(4)-mm-nekusar-discard played Training Center (351)
Phase: Ai(4)-mm-nekusar-discard's Beginning of Combat Step
Phase: Ai(4)-mm-nekusar-discard's Declare Attackers Step
Phase: Ai(4)-mm-nekusar-discard's Declare Blockers Step
Phase: Ai(4)-mm-nekusar-discard's First Strike Damage Step
Phase: Ai(4)-mm-nekusar-discard's Combat Damage Step
Phase: Ai(4)-mm-nekusar-discard's End of Combat Step
Phase: Ai(4)-mm-nekusar-discard's Main phase, postcombat
Mana: Training Center (351) - {T}: Add {U} or {R}.
Mana: Crumbling Necropolis (366) - {T}: Add {U}, {B}, or {R}.
Add To Stack: Ai(4)-mm-nekusar-discard cast Harmonic Prodigy
Resolve Stack: Harmonic Prodigy - Creature 1 / 3
Phase: Ai(4)-mm-nekusar-discard's End step
Phase: Ai(4)-mm-nekusar-discard's Cleanup step
Turn: Turn 9 (Ai(1)-mm-abaddon)
Phase: Ai(1)-mm-abaddon's Untap step
Phase: Ai(1)-mm-abaddon's Upkeep step
Phase: Ai(1)-mm-abaddon's Draw step
Phase: Ai(1)-mm-abaddon's Main phase, precombat
Land: Ai(1)-mm-abaddon played Exotic Orchard (35)
Phase: Ai(1)-mm-abaddon's Beginning of Combat Step
Phase: Ai(1)-mm-abaddon's Declare Attackers Step
Phase: Ai(1)-mm-abaddon's Declare Blockers Step
Phase: Ai(1)-mm-abaddon's First Strike Damage Step
Phase: Ai(1)-mm-abaddon's Combat Damage Step
Phase: Ai(1)-mm-abaddon's End of Combat Step
Phase: Ai(1)-mm-abaddon's Main phase, postcombat
Mana: Exotic Orchard (35) - {T}: Add one mana of any color that a land an opponent controls could produce.
Mana: Blood Crypt (10) - {T}: Add {R}.
Mana: Crumbling Necropolis (52) - {T}: Add {U}, {B}, or {R}.
Mana: Talisman of Dominance (1) - {T}: Add {C}.
Add To Stack: Ai(1)-mm-abaddon cast Exalted Flamer of Tzeentch
Resolve Stack: Exalted Flamer of Tzeentch - Creature 2 / 4
Phase: Ai(1)-mm-abaddon's End step
Phase: Ai(1)-mm-abaddon's Cleanup step
Turn: Turn 10 (Ai(2)-mm-jarad-graveyard)
Phase: Ai(2)-mm-jarad-graveyard's Untap step
Phase: Ai(2)-mm-jarad-graveyard's Upkeep step
Phase: Ai(2)-mm-jarad-graveyard's Draw step
Phase: Ai(2)-mm-jarad-graveyard's Main phase, precombat
Land: Ai(2)-mm-jarad-graveyard played Forest (135)
Phase: Ai(2)-mm-jarad-graveyard's Beginning of Combat Step
Phase: Ai(2)-mm-jarad-graveyard's Declare Attackers Step
Phase: Ai(2)-mm-jarad-graveyard's Declare Blockers Step
Phase: Ai(2)-mm-jarad-graveyard's First Strike Damage Step
Phase: Ai(2)-mm-jarad-graveyard's Combat Damage Step
Phase: Ai(2)-mm-jarad-graveyard's End of Combat Step
Phase: Ai(2)-mm-jarad-graveyard's Main phase, postcombat
Mana: Forest (133) - {T}: Add {G}.
Add To Stack: Ai(2)-mm-jarad-graveyard cast Elves of Deep Shadow
Resolve Stack: Elves of Deep Shadow - Creature 1 / 1
Mana: Forest (130) - {T}: Add {G}.
Add To Stack: Ai(2)-mm-jarad-graveyard cast Llanowar Elves
Resolve Stack: Llanowar Elves - Creature 1 / 1
Phase: Ai(2)-mm-jarad-graveyard's End step
Phase: Ai(2)-mm-jarad-graveyard's Cleanup step
Turn: Turn 11 (Ai(3)-mm-talrand-spells)
Phase: Ai(3)-mm-talrand-spells' Untap step
Phase: Ai(3)-mm-talrand-spells' Upkeep step
Phase: Ai(3)-mm-talrand-spells' Draw step
Phase: Ai(3)-mm-talrand-spells' Main phase, precombat
Land: Ai(3)-mm-talrand-spells played Island (240)
Phase: Ai(3)-mm-talrand-spells' Beginning of Combat Step
Phase: Ai(3)-mm-talrand-spells' Declare Attackers Step
Phase: Ai(3)-mm-talrand-spells' Declare Blockers Step
Phase: Ai(3)-mm-talrand-spells' First Strike Damage Step
Phase: Ai(3)-mm-talrand-spells' Combat Damage Step
Phase: Ai(3)-mm-talrand-spells' End of Combat Step
Phase: Ai(3)-mm-talrand-spells' Main phase, postcombat
Phase: Ai(3)-mm-talrand-spells' End step
Phase: Ai(3)-mm-talrand-spells' Cleanup step
Turn: Turn 12 (Ai(4)-mm-nekusar-discard)
Phase: Ai(4)-mm-nekusar-discard's Untap step
Phase: Ai(4)-mm-nekusar-discard's Upkeep step
Mana: Crumbling Necropolis (366) - {T}: Add {U}, {B}, or {R}.
Mana: Training Center (351) - {T}: Add {U} or {R}.
Add To Stack: Ai(4)-mm-nekusar-discard cast Terminate targeting [Exalted Flamer of Tzeentch (78)]
Add To Stack: Ai(4)-mm-nekusar-discard triggered Harmonic Prodigy
Resolve Stack: Prowess (Whenever you cast a noncreature spell, this creature gets +1/+1 until end of turn.) [Card: Terminate (370), Activator: Ai(4)-mm-nekusar-discard, SpellAbility: Destroy target creature. It can't be regenerated.]
Zone Change: Exalted Flamer of Tzeentch (78) was put into Graveyard from Battlefield.
Resolve Stack: Terminate (370) - Destroy Exalted Flamer of Tzeentch (78). It can't be regenerated.
Phase: Ai(4)-mm-nekusar-discard's Draw step
Phase: Ai(4)-mm-nekusar-discard's Main phase, precombat
Phase: Ai(4)-mm-nekusar-discard's Beginning of Combat Step
Phase: Ai(4)-mm-nekusar-discard's Declare Attackers Step
Combat: Ai(4)-mm-nekusar-discard assigned Harmonic Prodigy (349) to attack Ai(2)-mm-jarad-graveyard.
Phase: Ai(4)-mm-nekusar-discard's Declare Blockers Step
Combat: Ai(2)-mm-jarad-graveyard didn't block Harmonic Prodigy (349).
Phase: Ai(4)-mm-nekusar-discard's First Strike Damage Step
Phase: Ai(4)-mm-nekusar-discard's Combat Damage Step
Damage: Harmonic Prodigy (349) deals 2 combat damage to Ai(2)-mm-jarad-graveyard.
Life: Life: Ai(2)-mm-jarad-graveyard 40 > 38
Phase: Ai(4)-mm-nekusar-discard's End of Combat Step
Phase: Ai(4)-mm-nekusar-discard's Main phase, postcombat
Land: Ai(4)-mm-nekusar-discard played Island (343)
Phase: Ai(4)-mm-nekusar-discard's End step
Phase: Ai(4)-mm-nekusar-discard's Cleanup step
Turn: Turn 13 (Ai(1)-mm-abaddon)
Phase: Ai(1)-mm-abaddon's Untap step
Phase: Ai(1)-mm-abaddon's Upkeep step
Phase: Ai(1)-mm-abaddon's Draw step
Phase: Ai(1)-mm-abaddon's Main phase, precombat
Land: Ai(1)-mm-abaddon played Swamp (47)
Phase: Ai(1)-mm-abaddon's Beginning of Combat Step
Phase: Ai(1)-mm-abaddon's Declare Attackers Step
Phase: Ai(1)-mm-abaddon's Declare Blockers Step
Phase: Ai(1)-mm-abaddon's First Strike Damage Step
Phase: Ai(1)-mm-abaddon's Combat Damage Step
Phase: Ai(1)-mm-abaddon's End of Combat Step
Phase: Ai(1)-mm-abaddon's Main phase, postcombat
Mana: Exotic Orchard (35) - {T}: Add one mana of any color that a land an opponent controls could produce.
Mana: Blood Crypt (10) - {T}: Add {R}.
Mana: Swamp (47) - {T}: Add {B}.
Mana: Crumbling Necropolis (52) - {T}: Add {U}, {B}, or {R}.
Mana: Talisman of Dominance (1) - {T}: Add {C}.
Add To Stack: Ai(1)-mm-abaddon cast Abaddon the Despoiler
Resolve Stack: Abaddon the Despoiler - Creature 5 / 5
Phase: Ai(1)-mm-abaddon's End step
Phase: Ai(1)-mm-abaddon's Cleanup step
Turn: Turn 14 (Ai(2)-mm-jarad-graveyard)
Phase: Ai(2)-mm-jarad-graveyard's Untap step
Phase: Ai(2)-mm-jarad-graveyard's Upkeep step
Phase: Ai(2)-mm-jarad-graveyard's Draw step
Phase: Ai(2)-mm-jarad-graveyard's Main phase, precombat
Replacement Effect: Undergrowth Stadium enters tapped unless you have two or more opponents.
Land: Ai(2)-mm-jarad-graveyard played Undergrowth Stadium (193)
Phase: Ai(2)-mm-jarad-graveyard's Beginning of Combat Step
Phase: Ai(2)-mm-jarad-graveyard's Declare Attackers Step
Phase: Ai(2)-mm-jarad-graveyard's Declare Blockers Step
Phase: Ai(2)-mm-jarad-graveyard's First Strike Damage Step
Phase: Ai(2)-mm-jarad-graveyard's Combat Damage Step
Phase: Ai(2)-mm-jarad-graveyard's End of Combat Step
Phase: Ai(2)-mm-jarad-graveyard's Main phase, postcombat
Mana: Undergrowth Stadium (193) - {T}: Add {B} or {G}.
Mana: Forest (133) - {T}: Add {G}.
Mana: Forest (130) - {T}: Add {G}.
Mana: Forest (135) - {T}: Add {G}.
Mana: Llanowar Elves (184) - {T}: Add {G}.
Damage: Elves of Deep Shadow (195) deals 1 non-combat damage to Ai(2)-mm-jarad-graveyard.
Life: Life: Ai(2)-mm-jarad-graveyard 38 > 37
Mana: Elves of Deep Shadow (195) - {T}: Add {B}. Elves of Deep Shadow deals 1 damage to you. 
Add To Stack: Ai(2)-mm-jarad-graveyard cast Deadbridge Chant
Resolve Stack: Deadbridge Chant
Add To Stack: Ai(2)-mm-jarad-graveyard triggered Deadbridge Chant
Zone Change: Ai(2)-mm-jarad-graveyard milled Reanimate (156), Elvish Mystic (109), Rampant Growth (188), Putrefy (174), Satyr Wayfinder (120), Forest (134), Greater Good (180), Assassin's Trophy (150), Stitcher's Supplier (186) and Tainted Wood (112).
Resolve Stack: When Deadbridge Chant enters, mill ten cards. [Zone Changer: Deadbridge Chant (192)]
Phase: Ai(2)-mm-jarad-graveyard's End step
Mana: Island (248) - {T}: Add {U}.
Mana: Reliquary Tower (283) - {T}: Add {C}.
Add To Stack: Ai(3)-mm-talrand-spells cast Anticipate
Resolve Stack: Anticipate (212) - Ai(3)-mm-talrand-spells looks at the top three cards of their library. They put one of them into their hand and put the rest on the bottom of their library in any order.
Phase: Ai(2)-mm-jarad-graveyard's Cleanup step
Turn: Turn 15 (Ai(3)-mm-talrand-spells)
Phase: Ai(3)-mm-talrand-spells' Untap step
Phase: Ai(3)-mm-talrand-spells' Upkeep step
Phase: Ai(3)-mm-talrand-spells' Draw step
Phase: Ai(3)-mm-talrand-spells' Main phase, precombat
Land: Ai(3)-mm-talrand-spells played Island (253)
Phase: Ai(3)-mm-talrand-spells' Beginning of Combat Step
Phase: Ai(3)-mm-talrand-spells' Declare Attackers Step
Phase: Ai(3)-mm-talrand-spells' Declare Blockers Step
Phase: Ai(3)-mm-talrand-spells' First Strike Damage Step
Phase: Ai(3)-mm-talrand-spells' Combat Damage Step
Phase: Ai(3)-mm-talrand-spells' End of Combat Step
Phase: Ai(3)-mm-talrand-spells' Main phase, postcombat
Mana: Island (248) - {T}: Add {U}.
Mana: Reliquary Tower (283) - {T}: Add {C}.
Mana: Island (240) - {T}: Add {U}.
Mana: Island (253) - {T}: Add {U}.
Add To Stack: Ai(3)-mm-talrand-spells cast Murmuring Mystic
Resolve Stack: Murmuring Mystic - Creature 1 / 5
Phase: Ai(3)-mm-talrand-spells' End step
Phase: Ai(3)-mm-talrand-spells' Cleanup step
Turn: Turn 16 (Ai(4)-mm-nekusar-discard)
Phase: Ai(4)-mm-nekusar-discard's Untap step
Phase: Ai(4)-mm-nekusar-discard's Upkeep step
Phase: Ai(4)-mm-nekusar-discard's Draw step
Phase: Ai(4)-mm-nekusar-discard's Main phase, precombat
Land: Ai(4)-mm-nekusar-discard played Island (338)
Mana: Training Center (351) - {T}: Add {U} or {R}.
Mana: Island (343) - {T}: Add {U}.
Mana: Island (338) - {T}: Add {U}.
Add To Stack: Ai(4)-mm-nekusar-discard cast Fevered Visions
Add To Stack: Ai(4)-mm-nekusar-discard triggered Harmonic Prodigy
Resolve Stack: Prowess (Whenever you cast a noncreature spell, this creature gets +1/+1 until end of turn.) [Card: Fevered Visions (401), Activator: Ai(4)-mm-nekusar-discard, SpellAbility: Fevered Visions]
Resolve Stack: Fevered Visions
Phase: Ai(4)-mm-nekusar-discard's Beginning of Combat Step
Phase: Ai(4)-mm-nekusar-discard's Declare Attackers Step
Combat: Ai(4)-mm-nekusar-discard assigned Harmonic Prodigy (349) to attack Ai(2)-mm-jarad-graveyard.
Phase: Ai(4)-mm-nekusar-discard's Declare Blockers Step
Combat: Ai(2)-mm-jarad-graveyard didn't block Harmonic Prodigy (349).
Phase: Ai(4)-mm-nekusar-discard's First Strike Damage Step
Phase: Ai(4)-mm-nekusar-discard's Combat Damage Step
Damage: Harmonic Prodigy (349) deals 2 combat damage to Ai(2)-mm-jarad-graveyard.
Life: Life: Ai(2)-mm-jarad-graveyard 37 > 35
Phase: Ai(4)-mm-nekusar-discard's End of Combat Step
Phase: Ai(4)-mm-nekusar-discard's Main phase, postcombat
Phase: Ai(4)-mm-nekusar-discard's End step
Add To Stack: Ai(4)-mm-nekusar-discard triggered Fevered Visions
Resolve Stack: At the beginning of each player's end step, that player draws a card. If the player is your opponent and has four or more cards in hand, Fevered Visions deals 2 damage to that player. [Phase: Ai(4)-mm-nekusar-discard]
Phase: Ai(4)-mm-nekusar-discard's Cleanup step
Turn: Turn 17 (Ai(1)-mm-abaddon)
Phase: Ai(1)-mm-abaddon's Untap step
Phase: Ai(1)-mm-abaddon's Upkeep step
Phase: Ai(1)-mm-abaddon's Draw step
Phase: Ai(1)-mm-abaddon's Main phase, precombat
Land: Ai(1)-mm-abaddon played Terramorphic Expanse (99)
Zone Change: Terramorphic Expanse (99) was put into Graveyard from Battlefield.
Add To Stack: Ai(1)-mm-abaddon activated Terramorphic Expanse
Resolve Stack: Terramorphic Expanse (99) - Ai(1)-mm-abaddon searches their library for a basic land card, puts it onto the battlefield tapped, then shuffles.
Phase: Ai(1)-mm-abaddon's Beginning of Combat Step
Phase: Ai(1)-mm-abaddon's Declare Attackers Step
Combat: Ai(1)-mm-abaddon assigned Abaddon the Despoiler (100) to attack Ai(2)-mm-jarad-graveyard.
Phase: Ai(1)-mm-abaddon's Declare Blockers Step
Combat: Ai(2)-mm-jarad-graveyard didn't block Abaddon the Despoiler (100).
Phase: Ai(1)-mm-abaddon's First Strike Damage Step
Phase: Ai(1)-mm-abaddon's Combat Damage Step
Damage: Abaddon the Despoiler (100) deals 5 combat damage to Ai(2)-mm-jarad-graveyard.
Life: Life: Ai(2)-mm-jarad-graveyard 35 > 30
Phase: Ai(1)-mm-abaddon's End of Combat Step
Phase: Ai(1)-mm-abaddon's Main phase, postcombat
Mana: Exotic Orchard (35) - {T}: Add one mana of any color that a land an opponent controls could produce.
Mana: Swamp (47) - {T}: Add {B}.
Mana: Blood Crypt (10) - {T}: Add {R}.
Mana: Crumbling Necropolis (52) - {T}: Add {U}, {B}, or {R}.
Add To Stack: Ai(1)-mm-abaddon cast The Ruinous Powers
Add To Stack: Ai(1)-mm-abaddon triggered The Ruinous Powers
Add To Stack: Ai(1)-mm-abaddon cast Ancestral Vision targeting [Ai(1)-mm-abaddon]
Resolve Stack: Cascade - The Ruinous Powers [Card: The Ruinous Powers (75), Activator: Ai(1)-mm-abaddon, SpellAbility: The Ruinous Powers]
Resolve Stack: Ancestral Vision (53) - Ai(1)-mm-abaddon draws three cards.
Resolve Stack: The Ruinous Powers
Phase: Ai(1)-mm-abaddon's End step
Add To Stack: Ai(4)-mm-nekusar-discard triggered Fevered Visions
Damage: Fevered Visions (401) deals 2 non-combat damage to Ai(1)-mm-abaddon.
Life: Life: Ai(1)-mm-abaddon 40 > 38
Resolve Stack: At the beginning of each player's end step, that player draws a card. If the player is your opponent and has four or more cards in hand, Fevered Visions deals 2 damage to that player. [Phase: Ai(1)-mm-abaddon]
Phase: Ai(1)-mm-abaddon's Cleanup step
Turn: Turn 18 (Ai(2)-mm-jarad-graveyard)
Phase: Ai(2)-mm-jarad-graveyard's Untap step
Phase: Ai(2)-mm-jarad-graveyard's Upkeep step
Add To Stack: Ai(2)-mm-jarad-graveyard triggered Deadbridge Chant
Resolve Stack: At the beginning of your upkeep, choose a card at random in your graveyard. If it's a creature card, put it onto the battlefield. Otherwise, put it into your hand. [Phase: Ai(2)-mm-jarad-graveyard]
Mana: Undergrowth Stadium (193) - {T}: Add {B} or {G}.
Mana: Forest (133) - {T}: Add {G}.
Mana: Forest (130) - {T}: Add {G}.
Add To Stack: Ai(2)-mm-jarad-graveyard cast Putrefy targeting [Abaddon the Despoiler (100)]
Zone Change: Abaddon the Despoiler (100) was put into Graveyard from Battlefield.
Resolve Stack: Putrefy (174) - Destroy Abaddon the Despoiler (100). It can't be regenerated.
Phase: Ai(2)-mm-jarad-graveyard's Draw step
Phase: Ai(2)-mm-jarad-graveyard's Main phase, precombat
Phase: Ai(2)-mm-jarad-graveyard's Beginning of Combat Step
Phase: Ai(2)-mm-jarad-graveyard's Declare Attackers Step
Combat: Ai(2)-mm-jarad-graveyard assigned Elves of Deep Shadow (195) and Llanowar Elves (184) to attack Ai(4)-mm-nekusar-discard.
Phase: Ai(2)-mm-jarad-graveyard's Declare Blockers Step
Combat: Ai(4)-mm-nekusar-discard didn't block Elves of Deep Shadow (195).
Ai(4)-mm-nekusar-discard didn't block Llanowar Elves (184).
Phase: Ai(2)-mm-jarad-graveyard's First Strike Damage Step
Phase: Ai(2)-mm-jarad-graveyard's Combat Damage Step
Damage: Elves of Deep Shadow (195) deals 1 combat damage to Ai(4)-mm-nekusar-discard.
Damage: Llanowar Elves (184) deals 1 combat damage to Ai(4)-mm-nekusar-discard.
Life: Life: Ai(4)-mm-nekusar-discard 40 > 38
Phase: Ai(2)-mm-jarad-graveyard's End of Combat Step
Phase: Ai(2)-mm-jarad-graveyard's Main phase, postcombat
Phase: Ai(2)-mm-jarad-graveyard's End step
Add To Stack: Ai(4)-mm-nekusar-discard triggered Fevered Visions
Damage: Fevered Visions (401) deals 2 non-combat damage to Ai(2)-mm-jarad-graveyard.
Life: Life: Ai(2)-mm-jarad-graveyard 30 > 28
Resolve Stack: At the beginning of each player's end step, that player draws a card. If the player is your opponent and has four or more cards in hand, Fevered Visions deals 2 damage to that player. [Phase: Ai(2)-mm-jarad-graveyard]
Phase: Ai(2)-mm-jarad-graveyard's Cleanup step
Turn: Turn 19 (Ai(3)-mm-talrand-spells)
Phase: Ai(3)-mm-talrand-spells' Untap step
Phase: Ai(3)-mm-talrand-spells' Upkeep step
Phase: Ai(3)-mm-talrand-spells' Draw step
Phase: Ai(3)-mm-talrand-spells' Main phase, precombat
Land: Ai(3)-mm-talrand-spells played Island (230)
Phase: Ai(3)-mm-talrand-spells' Beginning of Combat Step
Phase: Ai(3)-mm-talrand-spells' Declare Attackers Step
Combat: Ai(3)-mm-talrand-spells assigned Murmuring Mystic (270) to attack Ai(2)-mm-jarad-graveyard.
Phase: Ai(3)-mm-talrand-spells' Declare Blockers Step
Combat: Ai(2)-mm-jarad-graveyard didn't block Murmuring Mystic (270).
Phase: Ai(3)-mm-talrand-spells' First Strike Damage Step
Phase: Ai(3)-mm-talrand-spells' Combat Damage Step
Damage: Murmuring Mystic (270) deals 1 combat damage to Ai(2)-mm-jarad-graveyard.
Life: Life: Ai(2)-mm-jarad-graveyard 28 > 27
Phase: Ai(3)-mm-talrand-spells' End of Combat Step
Phase: Ai(3)-mm-talrand-spells' Main phase, postcombat
Mana: Island (248) - {T}: Add {U}.
Mana: Island (240) - {T}: Add {U}.
Mana: Reliquary Tower (283) - {T}: Add {C}.
Mana: Island (253) - {T}: Add {U}.
Add To Stack: Ai(3)-mm-talrand-spells cast Talrand, Sky Summoner
Resolve Stack: Talrand, Sky Summoner - Creature 2 / 2
Phase: Ai(3)-mm-talrand-spells' End step
Add To Stack: Ai(4)-mm-nekusar-discard triggered Fevered Visions
Damage: Fevered Visions (401) deals 2 non-combat damage to Ai(3)-mm-talrand-spells.
Life: Life: Ai(3)-mm-talrand-spells 40 > 38
Resolve Stack: At the beginning of each player's end step, that player draws a card. If the player is your opponent and has four or more cards in hand, Fevered Visions deals 2 damage to that player. [Phase: Ai(3)-mm-talrand-spells]
Phase: Ai(3)-mm-talrand-spells' Cleanup step
Turn: Turn 20 (Ai(4)-mm-nekusar-discard)
Phase: Ai(4)-mm-nekusar-discard's Untap step
Phase: Ai(4)-mm-nekusar-discard's Upkeep step
Phase: Ai(4)-mm-nekusar-discard's Draw step
Phase: Ai(4)-mm-nekusar-discard's Main phase, precombat
Mana: Crumbling Necropolis (366) - {T}: Add {U}, {B}, or {R}.
Mana: Island (343) - {T}: Add {U}.
Mana: Island (338) - {T}: Add {U}.
Add To Stack: Ai(4)-mm-nekusar-discard cast Megrim
Add To Stack: Ai(4)-mm-nekusar-discard triggered Harmonic Prodigy
Resolve Stack: Prowess (Whenever you cast a noncreature spell, this creature gets +1/+1 until end of turn.) [Card: Megrim (368), Activator: Ai(4)-mm-nekusar-discard, SpellAbility: Megrim]
Resolve Stack: Megrim
Phase: Ai(4)-mm-nekusar-discard's Beginning of Combat Step
Phase: Ai(4)-mm-nekusar-discard's Declare Attackers Step
Combat: Ai(4)-mm-nekusar-discard assigned Harmonic Prodigy (349) to attack Ai(2)-mm-jarad-graveyard.
Phase: Ai(4)-mm-nekusar-discard's Declare Blockers Step
Combat: Ai(2)-mm-jarad-graveyard didn't block Harmonic Prodigy (349).
Phase: Ai(4)-mm-nekusar-discard's First Strike Damage Step
Phase: Ai(4)-mm-nekusar-discard's Combat Damage Step
Damage: Harmonic Prodigy (349) deals 2 combat damage to Ai(2)-mm-jarad-graveyard.
Life: Life: Ai(2)-mm-jarad-graveyard 27 > 25
Phase: Ai(4)-mm-nekusar-discard's End of Combat Step
Phase: Ai(4)-mm-nekusar-discard's Main phase, postcombat
Phase: Ai(4)-mm-nekusar-discard's End step
Add To Stack: Ai(4)-mm-nekusar-discard triggered Fevered Visions
Resolve Stack: At the beginning of each player's end step, that player draws a card. If the player is your opponent and has four or more cards in hand, Fevered Visions deals 2 damage to that player. [Phase: Ai(4)-mm-nekusar-discard]
Phase: Ai(4)-mm-nekusar-discard's Cleanup step
Turn: Turn 21 (Ai(1)-mm-abaddon)
Phase: Ai(1)-mm-abaddon's Untap step
Phase: Ai(1)-mm-abaddon's Upkeep step
Add To Stack: Ai(1)-mm-abaddon triggered The Ruinous Powers
Resolve Stack: At the beginning of your upkeep, choose an opponent at random. Exile the top card of that player's library. Until end of turn, you may play that card and you may spend mana as though it were mana of any color to cast it. When you cast a spell this way, its owner loses life equal to its mana value. [Phase: Ai(1)-mm-abaddon]
Mana: Exotic Orchard (35) - {T}: Add one mana of any color that a land an opponent controls could produce.
Mana: Blood Crypt (10) - {T}: Add {R}.
Mana: Swamp (47) - {T}: Add {B}.
Mana: Island (27) - {T}: Add {U}.
Mana: Crumbling Necropolis (52) - {T}: Add {U}, {B}, or {R}.
Mana: Talisman of Dominance (1) - {T}: Add {C}.
Add To Stack: Ai(1)-mm-abaddon cast Delayed Blast Fireball
Mana: Island (230) - {T}: Add {U}.
Add To Stack: Ai(3)-mm-talrand-spells cast Spell Pierce targeting [Delayed Blast Fireball deals 2 damage to each opponent and each creature they control. If this spell was cast from exile, it deals 5 damage to each opponent and each creature they control instead.]
Add To Stack: Ai(3)-mm-talrand-spells triggered Murmuring Mystic
Add To Stack: Ai(3)-mm-talrand-spells triggered Talrand, Sky Summoner
Resolve Stack: Whenever you cast an instant or sorcery spell, create a 2/2 blue Drake creature token with flying. [Card: Spell Pierce (280), Activator: Ai(3)-mm-talrand-spells, SpellAbility: Counter target noncreature spell unless its controller pays {2}.]
Resolve Stack: Whenever you cast an instant or sorcery spell, create a 1/1 blue Bird Illusion creature token with flying. [Card: Spell Pierce (280), Activator: Ai(3)-mm-talrand-spells, SpellAbility: Counter target noncreature spell unless its controller pays {2}.]
Zone Change: Send countered spell to Graveyard
Resolve Stack: Spell Pierce (280) - Counter Delayed Blast Fireball (73) unless its controller pays {2}.
Phase: Ai(1)-mm-abaddon's Draw step
Phase: Ai(1)-mm-abaddon's Main phase, precombat
Phase: Ai(1)-mm-abaddon's Beginning of Combat Step
Phase: Ai(1)-mm-abaddon's Declare Attackers Step
Phase: Ai(1)-mm-abaddon's Declare Blockers Step
Phase: Ai(1)-mm-abaddon's First Strike Damage Step
Phase: Ai(1)-mm-abaddon's Combat Damage Step
Phase: Ai(1)-mm-abaddon's End of Combat Step
Phase: Ai(1)-mm-abaddon's Main phase, postcombat
Land: Ai(1)-mm-abaddon played Island (28)
Phase: Ai(1)-mm-abaddon's End step
Add To Stack: Ai(4)-mm-nekusar-discard triggered Fevered Visions
Damage: Fevered Visions (401) deals 2 non-combat damage to Ai(1)-mm-abaddon.
Life: Life: Ai(1)-mm-abaddon 38 > 36
Resolve Stack: At the beginning of each player's end step, that player draws a card. If the player is your opponent and has four or more cards in hand, Fevered Visions deals 2 damage to that player. [Phase: Ai(1)-mm-abaddon]
Phase: Ai(1)-mm-abaddon's Cleanup step
Turn: Turn 22 (Ai(2)-mm-jarad-graveyard)
Phase: Ai(2)-mm-jarad-graveyard's Untap step
Phase: Ai(2)-mm-jarad-graveyard's Upkeep step
Add To Stack: Ai(2)-mm-jarad-graveyard triggered Deadbridge Chant
Resolve Stack: At the beginning of your upkeep, choose a card at random in your graveyard. If it's a creature card, put it onto the battlefield. Otherwise, put it into your hand. [Phase: Ai(2)-mm-jarad-graveyard]
Add To Stack: Ai(2)-mm-jarad-graveyard triggered Stitcher's Supplier
Zone Change: Ai(2)-mm-jarad-graveyard milled Nyx Weaver (171), Mortivore (103) and Living Death (121).
Resolve Stack: When Stitcher's Supplier enters or dies, mill three cards. [Zone Changer: Stitcher's Supplier (186)]
Phase: Ai(2)-mm-jarad-graveyard's Draw step
Mana: Undergrowth Stadium (193) - {T}: Add {B} or {G}.
Mana: Forest (133) - {T}: Add {G}.
Add To Stack: Ai(2)-mm-jarad-graveyard cast Abrupt Decay targeting [Drake Token (773)]
Zone Change: Drake Token (773) was put into Graveyard from Battlefield.
Resolve Stack: Abrupt Decay (197) - Destroy Drake Token (773).
Phase: Ai(2)-mm-jarad-graveyard's Main phase, precombat
Phase: Ai(2)-mm-jarad-graveyard's Beginning of Combat Step
Phase: Ai(2)-mm-jarad-graveyard's Declare Attackers Step
Combat: Ai(2)-mm-jarad-graveyard assigned Elves of Deep Shadow (195) and Llanowar Elves (184) to attack Ai(4)-mm-nekusar-discard.
Phase: Ai(2)-mm-jarad-graveyard's Declare Blockers Step
Combat: Ai(4)-mm-nekusar-discard didn't block Elves of Deep Shadow (195).
Ai(4)-mm-nekusar-discard didn't block Llanowar Elves (184).
Phase: Ai(2)-mm-jarad-graveyard's First Strike Damage Step
Phase: Ai(2)-mm-jarad-graveyard's Combat Damage Step
Damage: Elves of Deep Shadow (195) deals 1 combat damage to Ai(4)-mm-nekusar-discard.
Damage: Llanowar Elves (184) deals 1 combat damage to Ai(4)-mm-nekusar-discard.
Life: Life: Ai(4)-mm-nekusar-discard 38 > 36
Phase: Ai(2)-mm-jarad-graveyard's End of Combat Step
Phase: Ai(2)-mm-jarad-graveyard's Main phase, postcombat
Mana: Forest (130) - {T}: Add {G}.
Mana: Forest (135) - {T}: Add {G}.
Add To Stack: Ai(2)-mm-jarad-graveyard cast Boneyard Wurm
Resolve Stack: Boneyard Wurm - Creature * / *
Phase: Ai(2)-mm-jarad-graveyard's End step
Add To Stack: Ai(4)-mm-nekusar-discard triggered Fevered Visions
Damage: Fevered Visions (401) deals 2 non-combat damage to Ai(2)-mm-jarad-graveyard.
Life: Life: Ai(2)-mm-jarad-graveyard 25 > 23
Resolve Stack: At the beginning of each player's end step, that player draws a card. If the player is your opponent and has four or more cards in hand, Fevered Visions deals 2 damage to that player. [Phase: Ai(2)-mm-jarad-graveyard]
Phase: Ai(2)-mm-jarad-graveyard's Cleanup step
Turn: Turn 23 (Ai(3)-mm-talrand-spells)
Phase: Ai(3)-mm-talrand-spells' Untap step
Phase: Ai(3)-mm-talrand-spells' Upkeep step
Phase: Ai(3)-mm-talrand-spells' Draw step
Phase: Ai(3)-mm-talrand-spells' Main phase, precombat
Land: Ai(3)-mm-talrand-spells played Island (228)
Phase: Ai(3)-mm-talrand-spells' Beginning of Combat Step
Phase: Ai(3)-mm-talrand-spells' Declare Attackers Step
Combat: Ai(3)-mm-talrand-spells assigned Bird Illusion Token (775) to attack Ai(2)-mm-jarad-graveyard.
Phase: Ai(3)-mm-talrand-spells' Declare Blockers Step
Combat: Ai(2)-mm-jarad-graveyard didn't block Bird Illusion Token (775).
Phase: Ai(3)-mm-talrand-spells' First Strike Damage Step
Phase: Ai(3)-mm-talrand-spells' Combat Damage Step
Damage: Bird Illusion Token (775) deals 1 combat damage to Ai(2)-mm-jarad-graveyard.
Life: Life: Ai(2)-mm-jarad-graveyard 23 > 22
Phase: Ai(3)-mm-talrand-spells' End of Combat Step
Phase: Ai(3)-mm-talrand-spells' Main phase, postcombat
Phase: Ai(3)-mm-talrand-spells' End step
Add To Stack: Ai(4)-mm-nekusar-discard triggered Fevered Visions
Damage: Fevered Visions (401) deals 2 non-combat damage to Ai(3)-mm-talrand-spells.
Life: Life: Ai(3)-mm-talrand-spells 38 > 36
Resolve Stack: At the beginning of each player's end step, that player draws a card. If the player is your opponent and has four or more cards in hand, Fevered Visions deals 2 damage to that player. [Phase: Ai(3)-mm-talrand-spells]
Mana: Island (248) - {T}: Add {U}.
Discard: Ai(3)-mm-talrand-spells discards Lonely Sandbar (300).
Add To Stack: Ai(3)-mm-talrand-spells activated Lonely Sandbar
Add To Stack: Ai(4)-mm-nekusar-discard triggered Megrim
Damage: Megrim (368) deals 2 non-combat damage to Ai(3)-mm-talrand-spells.
Life: Life: Ai(3)-mm-talrand-spells 36 > 34
Resolve Stack: Whenever an opponent discards a card, Megrim deals 2 damage to that player. [Discarded: Lonely Sandbar (300), Cause: null]
Resolve Stack: Lonely Sandbar (300) - Ai(3)-mm-talrand-spells draws a card.
Phase: Ai(3)-mm-talrand-spells' Cleanup step
Turn: Turn 24 (Ai(4)-mm-nekusar-discard)
Phase: Ai(4)-mm-nekusar-discard's Untap step
Phase: Ai(4)-mm-nekusar-discard's Upkeep step
Phase: Ai(4)-mm-nekusar-discard's Draw step
Phase: Ai(4)-mm-nekusar-discard's Main phase, precombat
Mana: Training Center (351) - {T}: Add {U} or {R}.
Add To Stack: Ai(4)-mm-nekusar-discard cast Blasphemous Act
Add To Stack: Ai(4)-mm-nekusar-discard triggered Harmonic Prodigy
Resolve Stack: Prowess (Whenever you cast a noncreature spell, this creature gets +1/+1 until end of turn.) [Card: Blasphemous Act (323), Activator: Ai(4)-mm-nekusar-discard, SpellAbility: Blasphemous Act deals 13 damage to each creature.]
Damage: Blasphemous Act (323) deals 13 damage to Elves of Deep Shadow (195).
Damage: Blasphemous Act (323) deals 13 damage to Llanowar Elves (184).
Damage: Blasphemous Act (323) deals 13 damage to Stitcher's Supplier (186).
Damage: Blasphemous Act (323) deals 13 damage to Boneyard Wurm (199).
Damage: Blasphemous Act (323) deals 13 damage to Murmuring Mystic (270).
Damage: Blasphemous Act (323) deals 13 damage to Talrand, Sky Summoner (302).
Damage: Blasphemous Act (323) deals 13 damage to Bird Illusion Token (775).
Damage: Blasphemous Act (323) deals 13 damage to Harmonic Prodigy (349).
Resolve Stack: Blasphemous Act (323) - Deals 13 damage to each creature.
Zone Change: Harmonic Prodigy (349) was put into Graveyard from Battlefield.
Zone Change: Elves of Deep Shadow (195) was put into Graveyard from Battlefield.
Zone Change: Llanowar Elves (184) was put into Graveyard from Battlefield.
Zone Change: Stitcher's Supplier (186) was put into Graveyard from Battlefield.
Zone Change: Boneyard Wurm (199) was put into Graveyard from Battlefield.
Zone Change: Murmuring Mystic (270) was put into Graveyard from Battlefield.
Zone Change: Talrand, Sky Summoner (302) was put into Graveyard from Battlefield.
Zone Change: Bird Illusion Token (775) was put into Graveyard from Battlefield.
Add To Stack: Ai(2)-mm-jarad-graveyard triggered Stitcher's Supplier
Zone Change: Ai(2)-mm-jarad-graveyard milled Forest (132), Forest (126) and Ripples of Undeath (114).
Resolve Stack: When Stitcher's Supplier enters or dies, mill three cards. [Zone Changer: Stitcher's Supplier (186)]
Phase: Ai(4)-mm-nekusar-discard's Beginning of Combat Step
Phase: Ai(4)-mm-nekusar-discard's Declare Attackers Step
Phase: Ai(4)-mm-nekusar-discard's Declare Blockers Step
Phase: Ai(4)-mm-nekusar-discard's First Strike Damage Step
Phase: Ai(4)-mm-nekusar-discard's Combat Damage Step
Phase: Ai(4)-mm-nekusar-discard's End of Combat Step
Phase: Ai(4)-mm-nekusar-discard's Main phase, postcombat
Mana: Crumbling Necropolis (366) - {T}: Add {U}, {B}, or {R}.
Mana: Island (343) - {T}: Add {U}.
Add To Stack: Ai(4)-mm-nekusar-discard cast Waste Not
Resolve Stack: Waste Not
Phase: Ai(4)-mm-nekusar-discard's End step
Add To Stack: Ai(4)-mm-nekusar-discard triggered Fevered Visions
Resolve Stack: At the beginning of each player's end step, that player draws a card. If the player is your opponent and has four or more cards in hand, Fevered Visions deals 2 damage to that player. [Phase: Ai(4)-mm-nekusar-discard]
Phase: Ai(4)-mm-nekusar-discard's Cleanup step
Turn: Turn 25 (Ai(1)-mm-abaddon)
Phase: Ai(1)-mm-abaddon's Untap step
Phase: Ai(1)-mm-abaddon's Upkeep step
Add To Stack: Ai(1)-mm-abaddon triggered The Ruinous Powers
Resolve Stack: At the beginning of your upkeep, choose an opponent at random. Exile the top card of that player's library. Until end of turn, you may play that card and you may spend mana as though it were mana of any color to cast it. When you cast a spell this way, its owner loses life equal to its mana value. [Phase: Ai(1)-mm-abaddon]
Phase: Ai(1)-mm-abaddon's Draw step
Phase: Ai(1)-mm-abaddon's Main phase, precombat
Mana: Exotic Orchard (35) - {T}: Add one mana of any color that a land an opponent controls could produce.
Mana: Swamp (47) - {T}: Add {B}.
Mana: Island (27) - {T}: Add {U}.
Add To Stack: Ai(1)-mm-abaddon cast Jeska's Will
Resolve Stack: Jeska's Will (2) -  Exile the top three cards of your library. You may play them this turn.  
Land: Ai(1)-mm-abaddon played Island (25)
Phase: Ai(1)-mm-abaddon's Beginning of Combat Step
Phase: Ai(1)-mm-abaddon's Declare Attackers Step
Phase: Ai(1)-mm-abaddon's Declare Blockers Step
Phase: Ai(1)-mm-abaddon's First Strike Damage Step
Phase: Ai(1)-mm-abaddon's Combat Damage Step
Phase: Ai(1)-mm-abaddon's End of Combat Step
Phase: Ai(1)-mm-abaddon's Main phase, postcombat
Mana: Blood Crypt (10) - {T}: Add {B}.
Mana: Island (28) - {T}: Add {U}.
Mana: Island (25) - {T}: Add {U}.
Mana: Crumbling Necropolis (52) - {T}: Add {U}, {B}, or {R}.
Add To Stack: Ai(1)-mm-abaddon cast Plague Drone
Resolve Stack: Plague Drone - Creature 3 / 3
Phase: Ai(1)-mm-abaddon's End step
Add To Stack: Ai(4)-mm-nekusar-discard triggered Fevered Visions
Damage: Fevered Visions (401) deals 2 non-combat damage to Ai(1)-mm-abaddon.
Life: Life: Ai(1)-mm-abaddon 36 > 34
Resolve Stack: At the beginning of each player's end step, that player draws a card. If the player is your opponent and has four or more cards in hand, Fevered Visions deals 2 damage to that player. [Phase: Ai(1)-mm-abaddon]
Phase: Ai(1)-mm-abaddon's Cleanup step
Turn: Turn 26 (Ai(2)-mm-jarad-graveyard)
Phase: Ai(2)-mm-jarad-graveyard's Untap step
Phase: Ai(2)-mm-jarad-graveyard's Upkeep step
Add To Stack: Ai(2)-mm-jarad-graveyard triggered Deadbridge Chant
Resolve Stack: At the beginning of your upkeep, choose a card at random in your graveyard. If it's a creature card, put it onto the battlefield. Otherwise, put it into your hand. [Phase: Ai(2)-mm-jarad-graveyard]
Phase: Ai(2)-mm-jarad-graveyard's Draw step
Phase: Ai(2)-mm-jarad-graveyard's Main phase, precombat
Land: Ai(2)-mm-jarad-graveyard played Swamp (166)
Mana: Swamp (166) - {T}: Add {B}.
Mana: Undergrowth Stadium (193) - {T}: Add {B} or {G}.
Mana: Forest (133) - {T}: Add {G}.
Mana: Forest (130) - {T}: Add {G}.
Mana: Forest (135) - {T}: Add {G}.
Add To Stack: Ai(2)-mm-jarad-graveyard cast Living Death
Zone Change: Plague Drone (98) was put into Graveyard from Battlefield.
Resolve Stack: Living Death (121) - Each player exiles all creature cards from their graveyard, then sacrifices all creatures they control, then puts all cards they exiled this way onto the battlefield. Sacrifice permanents. Put  onto the battlefield. 
Zone Change: Boneyard Wurm (199) was put into Graveyard from Battlefield.
Add To Stack: Ai(2)-mm-jarad-graveyard triggered Satyr Wayfinder
Add To Stack: Ai(2)-mm-jarad-graveyard triggered Stitcher's Supplier
Zone Change: Ai(2)-mm-jarad-graveyard milled Reclamation Sage (149), Evolving Wilds (125) and Toxic Deluge (110).
Resolve Stack: When Stitcher's Supplier enters or dies, mill three cards. [Zone Changer: Stitcher's Supplier (186)]
Resolve Stack: When Satyr Wayfinder enters, reveal the top four cards of your library. You may put a land card from among them into your hand. Put the rest into your graveyard. [Zone Changer: Satyr Wayfinder (120)]
Phase: Ai(2)-mm-jarad-graveyard's Beginning of Combat Step
Phase: Ai(2)-mm-jarad-graveyard's Declare Attackers Step
Phase: Ai(2)-mm-jarad-graveyard's Declare Blockers Step
Phase: Ai(2)-mm-jarad-graveyard's First Strike Damage Step
Phase: Ai(2)-mm-jarad-graveyard's Combat Damage Step
Phase: Ai(2)-mm-jarad-graveyard's End of Combat Step
Phase: Ai(2)-mm-jarad-graveyard's Main phase, postcombat
Phase: Ai(2)-mm-jarad-graveyard's End step
Add To Stack: Ai(4)-mm-nekusar-discard triggered Fevered Visions
Mana: Island (240) - {T}: Add {U}.
Mana: Island (253) - {T}: Add {U}.
Mana: Reliquary Tower (283) - {T}: Add {C}.
Mana: Island (230) - {T}: Add {U}.
Add To Stack: Ai(3)-mm-talrand-spells cast Dig Through Time
Add To Stack: Ai(3)-mm-talrand-spells triggered Murmuring Mystic
Resolve Stack: Whenever you cast an instant or sorcery spell, create a 1/1 blue Bird Illusion creature token with flying. [Card: Dig Through Time (284), Activator: Ai(3)-mm-talrand-spells, SpellAbility: Look at the top seven cards of your library. Put two of them into your hand and the rest on the bottom of your library in any order.]
Resolve Stack: Dig Through Time (284) - Ai(3)-mm-talrand-spells looks at the top seven cards of their library. They put two of them into their hand and put the rest on the bottom of their library in any order.
Zone Change: Ai(2)-mm-jarad-graveyard milled Cultivate (141), Swamp (163), Skull Prophet (183) and Twilight Mire (175).
Replacement Effect: Golgari Thug - Dredge 4
Damage: Fevered Visions (401) deals 2 non-combat damage to Ai(2)-mm-jarad-graveyard.
Life: Life: Ai(2)-mm-jarad-graveyard 22 > 20
Resolve Stack: At the beginning of each player's end step, that player draws a card. If the player is your opponent and has four or more cards in hand, Fevered Visions deals 2 damage to that player. [Phase: Ai(2)-mm-jarad-graveyard]
Phase: Ai(2)-mm-jarad-graveyard's Cleanup step
Discard: Ai(2)-mm-jarad-graveyard discards Golgari Signet (116).
Add To Stack: Ai(4)-mm-nekusar-discard triggered Megrim
Add To Stack: Ai(4)-mm-nekusar-discard triggered Waste Not
Resolve Stack: Whenever an opponent discards a noncreature, nonland card, draw a card. [Discarded: Golgari Signet (116), Cause: null]
Damage: Megrim (368) deals 2 non-combat damage to Ai(2)-mm-jarad-graveyard.
Life: Life: Ai(2)-mm-jarad-graveyard 20 > 18
Resolve Stack: Whenever an opponent discards a card, Megrim deals 2 damage to that player. [Discarded: Golgari Signet (116), Cause: null]
Phase: RepeatAi(2)-mm-jarad-graveyard's Cleanup step
Turn: Turn 27 (Ai(3)-mm-talrand-spells)
Phase: Ai(3)-mm-talrand-spells' Untap step
Phase: Ai(3)-mm-talrand-spells' Upkeep step
Phase: Ai(3)-mm-talrand-spells' Draw step
Phase: Ai(3)-mm-talrand-spells' Main phase, precombat
Land: Ai(3)-mm-talrand-spells played Island (238)
Mana: Island (248) - {T}: Add {U}.
Add To Stack: Ai(3)-mm-talrand-spells cast Serum Visions
Add To Stack: Ai(3)-mm-talrand-spells triggered Murmuring Mystic
Resolve Stack: Whenever you cast an instant or sorcery spell, create a 1/1 blue Bird Illusion creature token with flying. [Card: Serum Visions (277), Activator: Ai(3)-mm-talrand-spells, SpellAbility: Draw a card. Scry 2. ]
Resolve Stack: Ai(3)-mm-talrand-spells scried 2 card(s) to the top of the library
Resolve Stack: Serum Visions (277) - Ai(3)-mm-talrand-spells draws a card. Ai(3)-mm-talrand-spells scries 2.
Phase: Ai(3)-mm-talrand-spells' Beginning of Combat Step
Phase: Ai(3)-mm-talrand-spells' Declare Attackers Step
Phase: Ai(3)-mm-talrand-spells' Declare Blockers Step
Phase: Ai(3)-mm-talrand-spells' First Strike Damage Step
Phase: Ai(3)-mm-talrand-spells' Combat Damage Step
Phase: Ai(3)-mm-talrand-spells' End of Combat Step
Phase: Ai(3)-mm-talrand-spells' Main phase, postcombat
Mana: Island (240) - {T}: Add {U}.
Mana: Island (253) - {T}: Add {U}.
Mana: Reliquary Tower (283) - {T}: Add {C}.
Mana: Island (230) - {T}: Add {U}.
Mana: Island (228) - {T}: Add {U}.
Add To Stack: Ai(3)-mm-talrand-spells cast Archmage of Runes
Resolve Stack: Archmage of Runes - Creature 3 / 6
Phase: Ai(3)-mm-talrand-spells' End step
Add To Stack: Ai(4)-mm-nekusar-discard triggered Fevered Visions
Damage: Fevered Visions (401) deals 2 non-combat damage to Ai(3)-mm-talrand-spells.
Life: Life: Ai(3)-mm-talrand-spells 34 > 32
Resolve Stack: At the beginning of each player's end step, that player draws a card. If the player is your opponent and has four or more cards in hand, Fevered Visions deals 2 damage to that player. [Phase: Ai(3)-mm-talrand-spells]
Phase: Ai(3)-mm-talrand-spells' Cleanup step
Turn: Turn 28 (Ai(4)-mm-nekusar-discard)
Phase: Ai(4)-mm-nekusar-discard's Untap step
Phase: Ai(4)-mm-nekusar-discard's Upkeep step
Phase: Ai(4)-mm-nekusar-discard's Draw step
Phase: Ai(4)-mm-nekusar-discard's Main phase, precombat
Replacement Effect: Luxury Suite enters tapped unless you have two or more opponents.
Land: Ai(4)-mm-nekusar-discard played Luxury Suite (345)
Mana: Luxury Suite (345) - {T}: Add {B} or {R}.
Mana: Training Center (351) - {T}: Add {U} or {R}.
Mana: Island (343) - {T}: Add {U}.
Mana: Island (338) - {T}: Add {U}.
Add To Stack: Ai(4)-mm-nekusar-discard cast Spiteful Visions
Add To Stack: Ai(4)-mm-nekusar-discard triggered Harmonic Prodigy
Resolve Stack: Prowess (Whenever you cast a noncreature spell, this creature gets +1/+1 until end of turn.) [Card: Spiteful Visions (386), Activator: Ai(4)-mm-nekusar-discard, SpellAbility: Spiteful Visions]
Mana: Island (238) - {T}: Add {U}.
Add To Stack: Ai(3)-mm-talrand-spells cast Negate targeting [Spiteful Visions]
Add To Stack: Ai(3)-mm-talrand-spells triggered Archmage of Runes
Add To Stack: Ai(3)-mm-talrand-spells triggered Murmuring Mystic
Resolve Stack: Whenever you cast an instant or sorcery spell, create a 1/1 blue Bird Illusion creature token with flying. [Card: Negate (206), Activator: Ai(3)-mm-talrand-spells, SpellAbility: Counter target noncreature spell.]
Resolve Stack: Whenever you cast an instant or sorcery spell, draw a card. [Card: Negate (206), Activator: Ai(3)-mm-talrand-spells, SpellAbility: Counter target noncreature spell.]
Zone Change: Send countered spell to Graveyard
Resolve Stack: Negate (206) - Counter Spiteful Visions (386).
Phase: Ai(4)-mm-nekusar-discard's Beginning of Combat Step
Phase: Ai(4)-mm-nekusar-discard's Declare Attackers Step
Phase: Ai(4)-mm-nekusar-discard's Declare Blockers Step
Phase: Ai(4)-mm-nekusar-discard's First Strike Damage Step
Phase: Ai(4)-mm-nekusar-discard's Combat Damage Step
Phase: Ai(4)-mm-nekusar-discard's End of Combat Step
Phase: Ai(4)-mm-nekusar-discard's Main phase, postcombat
Phase: Ai(4)-mm-nekusar-discard's End step
Add To Stack: Ai(4)-mm-nekusar-discard triggered Fevered Visions
Resolve Stack: At the beginning of each player's end step, that player draws a card. If the player is your opponent and has four or more cards in hand, Fevered Visions deals 2 damage to that player. [Phase: Ai(4)-mm-nekusar-discard]
Phase: Ai(4)-mm-nekusar-discard's Cleanup step
Turn: Turn 29 (Ai(1)-mm-abaddon)
Phase: Ai(1)-mm-abaddon's Untap step
Phase: Ai(1)-mm-abaddon's Upkeep step
Add To Stack: Ai(1)-mm-abaddon triggered The Ruinous Powers
Add To Stack: Ai(1)-mm-abaddon triggered Exalted Flamer of Tzeentch
Resolve Stack: Sorcerous Inspiration — At the beginning of your upkeep, return an instant or sorcery card at random from your graveyard to your hand. [Phase: Ai(1)-mm-abaddon]
Resolve Stack: At the beginning of your upkeep, choose an opponent at random. Exile the top card of that player's library. Until end of turn, you may play that card and you may spend mana as though it were mana of any color to cast it. When you cast a spell this way, its owner loses life equal to its mana value. [Phase: Ai(1)-mm-abaddon]
Phase: Ai(1)-mm-abaddon's Draw step
Phase: Ai(1)-mm-abaddon's Main phase, precombat
Land: Ai(1)-mm-abaddon played Island (242)
Mana: Exotic Orchard (35) - {T}: Add one mana of any color that a land an opponent controls could produce.
Add To Stack: Ai(1)-mm-abaddon cast Blasphemous Act
Add To Stack: Ai(1)-mm-abaddon triggered Exalted Flamer of Tzeentch
Damage: Exalted Flamer of Tzeentch (78) deals 1 non-combat damage to Ai(2)-mm-jarad-graveyard.
Damage: Exalted Flamer of Tzeentch (78) deals 1 non-combat damage to Ai(3)-mm-talrand-spells.
Damage: Exalted Flamer of Tzeentch (78) deals 1 non-combat damage to Ai(4)-mm-nekusar-discard.
Life: Life: Ai(2)-mm-jarad-graveyard 18 > 17
Life: Life: Ai(3)-mm-talrand-spells 32 > 31
Life: Life: Ai(4)-mm-nekusar-discard 36 > 35
Resolve Stack: Fire of Tzeentch — Whenever you cast an instant or sorcery spell, Exalted Flamer of Tzeentch deals 1 damage to each opponent. [Card: Blasphemous Act (13), Activator: Ai(1)-mm-abaddon, SpellAbility: Blasphemous Act deals 13 damage to each creature.]
Damage: Blasphemous Act (13) deals 13 damage to Exalted Flamer of Tzeentch (78).
Damage: Blasphemous Act (13) deals 13 damage to Elvish Mystic (109).
Damage: Blasphemous Act (13) deals 13 damage to Satyr Wayfinder (120).
Damage: Blasphemous Act (13) deals 13 damage to Nyx Weaver (171).
Damage: Blasphemous Act (13) deals 13 damage to Mortivore (103).
Damage: Blasphemous Act (13) deals 13 damage to Elves of Deep Shadow (195).
Damage: Blasphemous Act (13) deals 13 damage to Llanowar Elves (184).
Damage: Blasphemous Act (13) deals 13 damage to Stitcher's Supplier (186).
Damage: Blasphemous Act (13) deals 13 damage to Murmuring Mystic (270).
Damage: Blasphemous Act (13) deals 13 damage to Bird Illusion Token (926).
Damage: Blasphemous Act (13) deals 13 damage to Bird Illusion Token (945).
Damage: Blasphemous Act (13) deals 13 damage to Archmage of Runes (216).
Damage: Blasphemous Act (13) deals 13 damage to Bird Illusion Token (968).
Damage: Blasphemous Act (13) deals 13 damage to Harmonic Prodigy (349).
Resolve Stack: Blasphemous Act (13) - Deals 13 damage to each creature.
Zone Change: Exalted Flamer of Tzeentch (78) was put into Graveyard from Battlefield.
Zone Change: Elvish Mystic (109) was put into Graveyard from Battlefield.
Zone Change: Satyr Wayfinder (120) was put into Graveyard from Battlefield.
Zone Change: Nyx Weaver (171) was put into Graveyard from Battlefield.
Zone Change: Mortivore (103) was put into Graveyard from Battlefield.
Zone Change: Elves of Deep Shadow (195) was put into Graveyard from Battlefield.
Zone Change: Llanowar Elves (184) was put into Graveyard from Battlefield.
Zone Change: Stitcher's Supplier (186) was put into Graveyard from Battlefield.
Zone Change: Murmuring Mystic (270) was put into Graveyard from Battlefield.
Zone Change: Bird Illusion Token (926) was put into Graveyard from Battlefield.
Zone Change: Bird Illusion Token (945) was put into Graveyard from Battlefield.
Zone Change: Archmage of Runes (216) was put into Graveyard from Battlefield.
Zone Change: Bird Illusion Token (968) was put into Graveyard from Battlefield.
Zone Change: Harmonic Prodigy (349) was put into Graveyard from Battlefield.
Add To Stack: Ai(2)-mm-jarad-graveyard triggered Stitcher's Supplier
Zone Change: Ai(2)-mm-jarad-graveyard milled Command Tower (111), Woodland Cemetery (191) and Llanowar Wastes (182).
Resolve Stack: When Stitcher's Supplier enters or dies, mill three cards. [Zone Changer: Stitcher's Supplier (186)]
Mana: Blood Crypt (10) - {T}: Add {R}.
Mana: Swamp (47) - {T}: Add {B}.
Mana: Island (27) - {T}: Add {U}.
Add To Stack: Ai(1)-mm-abaddon cast Jeska's Will
Resolve Stack: Jeska's Will (2) -  Exile the top three cards of your library. You may play them this turn.  
Phase: Ai(1)-mm-abaddon's Beginning of Combat Step
Phase: Ai(1)-mm-abaddon's Declare Attackers Step
Phase: Ai(1)-mm-abaddon's Declare Blockers Step
Phase: Ai(1)-mm-abaddon's First Strike Damage Step
Phase: Ai(1)-mm-abaddon's Combat Damage Step
Phase: Ai(1)-mm-abaddon's End of Combat Step
Phase: Ai(1)-mm-abaddon's Main phase, postcombat
Mana: Crumbling Necropolis (52) - {T}: Add {U}, {B}, or {R}.
Mana: Island (28) - {T}: Add {U}.
Mana: Island (25) - {T}: Add {U}.
Add To Stack: Ai(1)-mm-abaddon cast Poxwalkers
Resolve Stack: Poxwalkers - Creature 3 / 1
Damage: Talisman of Dominance (1) deals 1 non-combat damage to Ai(1)-mm-abaddon.
Life: Life: Ai(1)-mm-abaddon 34 > 33
Mana: Talisman of Dominance (1) - {T}: Add {U} or {B}. Talisman of Dominance deals 1 damage to you. 
Mana: Island (242) - {T}: Add {U}.
Add To Stack: Ai(1)-mm-abaddon cast Creeping Bloodsucker
Resolve Stack: Creeping Bloodsucker - Creature 1 / 2
Phase: Ai(1)-mm-abaddon's End step
Add To Stack: Ai(4)-mm-nekusar-discard triggered Fevered Visions
Damage: Fevered Visions (401) deals 2 non-combat damage to Ai(1)-mm-abaddon.
Life: Life: Ai(1)-mm-abaddon 33 > 31
Resolve Stack: At the beginning of each player's end step, that player draws a card. If the player is your opponent and has four or more cards in hand, Fevered Visions deals 2 damage to that player. [Phase: Ai(1)-mm-abaddon]
Phase: Ai(1)-mm-abaddon's Cleanup step
Turn: Turn 30 (Ai(2)-mm-jarad-graveyard)
Phase: Ai(2)-mm-jarad-graveyard's Untap step
Phase: Ai(2)-mm-jarad-graveyard's Upkeep step
Add To Stack: Ai(2)-mm-jarad-graveyard triggered Deadbridge Chant
Resolve Stack: At the beginning of your upkeep, choose a card at random in your graveyard. If it's a creature card, put it onto the battlefield. Otherwise, put it into your hand. [Phase: Ai(2)-mm-jarad-graveyard]
Phase: Ai(2)-mm-jarad-graveyard's Draw step
Phase: Ai(2)-mm-jarad-graveyard's Main phase, precombat
Land: Ai(2)-mm-jarad-graveyard played Forest (131)
Phase: Ai(2)-mm-jarad-graveyard's Beginning of Combat Step
Phase: Ai(2)-mm-jarad-graveyard's Declare Attackers Step
Phase: Ai(2)-mm-jarad-graveyard's Declare Blockers Step
Phase: Ai(2)-mm-jarad-graveyard's First Strike Damage Step
Phase: Ai(2)-mm-jarad-graveyard's Combat Damage Step
Phase: Ai(2)-mm-jarad-graveyard's End of Combat Step
Phase: Ai(2)-mm-jarad-graveyard's Main phase, postcombat
Mana: Swamp (166) - {T}: Add {B}.
Mana: Forest (133) - {T}: Add {G}.
Mana: Forest (130) - {T}: Add {G}.
Mana: Forest (135) - {T}: Add {G}.
Mana: Forest (131) - {T}: Add {G}.
Add To Stack: Ai(2)-mm-jarad-graveyard cast Moldervine Reclamation
Resolve Stack: Moldervine Reclamation
Phase: Ai(2)-mm-jarad-graveyard's End step
Add To Stack: Ai(4)-mm-nekusar-discard triggered Fevered Visions
Damage: Fevered Visions (401) deals 2 non-combat damage to Ai(2)-mm-jarad-graveyard.
Life: Life: Ai(2)-mm-jarad-graveyard 17 > 15
Resolve Stack: At the beginning of each player's end step, that player draws a card. If the player is your opponent and has four or more cards in hand, Fevered Visions deals 2 damage to that player. [Phase: Ai(2)-mm-jarad-graveyard]
Phase: Ai(2)-mm-jarad-graveyard's Cleanup step
Discard: Ai(2)-mm-jarad-graveyard discards Ripples of Undeath (114).
Add To Stack: Ai(4)-mm-nekusar-discard triggered Megrim
Add To Stack: Ai(4)-mm-nekusar-discard triggered Waste Not
Resolve Stack: Whenever an opponent discards a noncreature, nonland card, draw a card. [Discarded: Ripples of Undeath (114), Cause: null]
Damage: Megrim (368) deals 2 non-combat damage to Ai(2)-mm-jarad-graveyard.
Life: Life: Ai(2)-mm-jarad-graveyard 15 > 13
Resolve Stack: Whenever an opponent discards a card, Megrim deals 2 damage to that player. [Discarded: Ripples of Undeath (114), Cause: null]
Phase: RepeatAi(2)-mm-jarad-graveyard's Cleanup step
Turn: Turn 31 (Ai(3)-mm-talrand-spells)
Phase: Ai(3)-mm-talrand-spells' Untap step
Phase: Ai(3)-mm-talrand-spells' Upkeep step
Phase: Ai(3)-mm-talrand-spells' Draw step
Phase: Ai(3)-mm-talrand-spells' Main phase, precombat
Land: Ai(3)-mm-talrand-spells played Island (235)
Phase: Ai(3)-mm-talrand-spells' Beginning of Combat Step
Phase: Ai(3)-mm-talrand-spells' Declare Attackers Step
Phase: Ai(3)-mm-talrand-spells' Declare Blockers Step
Phase: Ai(3)-mm-talrand-spells' First Strike Damage Step
Phase: Ai(3)-mm-talrand-spells' Combat Damage Step
Phase: Ai(3)-mm-talrand-spells' End of Combat Step
Phase: Ai(3)-mm-talrand-spells' Main phase, postcombat
Mana: Island (248) - {T}: Add {U}.
Mana: Reliquary Tower (283) - {T}: Add {C}.
Mana: Island (240) - {T}: Add {U}.
Mana: Island (253) - {T}: Add {U}.
Add To Stack: Ai(3)-mm-talrand-spells cast Jace's Sanctum
Resolve Stack: Jace's Sanctum
Mana: Island (230) - {T}: Add {U}.
Add To Stack: Ai(3)-mm-talrand-spells cast Think Twice
Add To Stack: Ai(3)-mm-talrand-spells triggered Jace's Sanctum
Resolve Stack: Ai(3)-mm-talrand-spells scried 1 card(s) to the bottom of the library
Resolve Stack: Whenever you cast a instant or sorcery spell, scry 1. (Look at the top card of your library. You may put that card on the bottom.) [Card: Think Twice (273), Activator: Ai(3)-mm-talrand-spells, SpellAbility: Draw a card.]
Resolve Stack: Think Twice (273) - Ai(3)-mm-talrand-spells draws a card.
Mana: Island (228) - {T}: Add {U}.
Mana: Island (238) - {T}: Add {U}.
Add To Stack: Ai(3)-mm-talrand-spells cast Ravenform targeting [Poxwalkers (61)]
Add To Stack: Ai(3)-mm-talrand-spells triggered Jace's Sanctum
Resolve Stack: Ai(3)-mm-talrand-spells scried 1 card(s) to the bottom of the library
Resolve Stack: Whenever you cast a instant or sorcery spell, scry 1. (Look at the top card of your library. You may put that card on the bottom.) [Card: Ravenform (274), Activator: Ai(3)-mm-talrand-spells, SpellAbility: Exile target artifact or creature. Its controller creates a 1/1 blue Bird creature token with flying. ]
Zone Change: Poxwalkers (61) was put into Exile from Battlefield.
Resolve Stack: Ravenform (274) - Exile Poxwalkers (61). 
Phase: Ai(3)-mm-talrand-spells' End step
Add To Stack: Ai(4)-mm-nekusar-discard triggered Fevered Visions
Damage: Fevered Visions (401) deals 2 non-combat damage to Ai(3)-mm-talrand-spells.
Life: Life: Ai(3)-mm-talrand-spells 31 > 29
Resolve Stack: At the beginning of each player's end step, that player draws a card. If the player is your opponent and has four or more cards in hand, Fevered Visions deals 2 damage to that player. [Phase: Ai(3)-mm-talrand-spells]
Phase: Ai(3)-mm-talrand-spells' Cleanup step
Turn: Turn 32 (Ai(4)-mm-nekusar-discard)
Phase: Ai(4)-mm-nekusar-discard's Untap step
Phase: Ai(4)-mm-nekusar-discard's Upkeep step
Phase: Ai(4)-mm-nekusar-discard's Draw step
Phase: Ai(4)-mm-nekusar-discard's Main phase, precombat
Replacement Effect: Sulfur Falls enters tapped unless you control an Island or a Mountain.
Land: Ai(4)-mm-nekusar-discard played Sulfur Falls (332)
Phase: Ai(4)-mm-nekusar-discard's Beginning of Combat Step
Phase: Ai(4)-mm-nekusar-discard's Declare Attackers Step
Phase: Ai(4)-mm-nekusar-discard's Declare Blockers Step
Phase: Ai(4)-mm-nekusar-discard's First Strike Damage Step
Phase: Ai(4)-mm-nekusar-discard's Combat Damage Step
Phase: Ai(4)-mm-nekusar-discard's End of Combat Step
Phase: Ai(4)-mm-nekusar-discard's Main phase, postcombat
Mana: Luxury Suite (345) - {T}: Add {B} or {R}.
Mana: Crumbling Necropolis (366) - {T}: Add {U}, {B}, or {R}.
Mana: Island (343) - {T}: Add {U}.
Mana: Island (338) - {T}: Add {U}.
Mana: Training Center (351) - {T}: Add {U} or {R}.
Add To Stack: Ai(4)-mm-nekusar-discard cast Seizan, Perverter of Truth
Resolve Stack: Seizan, Perverter of Truth - Creature 6 / 5
Phase: Ai(4)-mm-nekusar-discard's End step
Add To Stack: Ai(4)-mm-nekusar-discard triggered Fevered Visions
Resolve Stack: At the beginning of each player's end step, that player draws a card. If the player is your opponent and has four or more cards in hand, Fevered Visions deals 2 damage to that player. [Phase: Ai(4)-mm-nekusar-discard]
Phase: Ai(4)-mm-nekusar-discard's Cleanup step
Discard: Ai(4)-mm-nekusar-discard discards Geier Reach Sanitarium (313).
Turn: Turn 33 (Ai(1)-mm-abaddon)
Phase: Ai(1)-mm-abaddon's Untap step
Phase: Ai(1)-mm-abaddon's Upkeep step
Add To Stack: Ai(1)-mm-abaddon triggered The Ruinous Powers
Add To Stack: Ai(1)-mm-abaddon triggered Creeping Bloodsucker
Add To Stack: Ai(4)-mm-nekusar-discard triggered Seizan, Perverter of Truth
Life: Life: Ai(1)-mm-abaddon 31 > 29
Resolve Stack: At the beginning of each player's upkeep, that player loses 2 life and draws two cards. [Phase: Ai(1)-mm-abaddon]
Damage: Creeping Bloodsucker (65) deals 1 non-combat damage to Ai(2)-mm-jarad-graveyard.
Damage: Creeping Bloodsucker (65) deals 1 non-combat damage to Ai(3)-mm-talrand-spells.
Damage: Creeping Bloodsucker (65) deals 1 non-combat damage to Ai(4)-mm-nekusar-discard.
Life: Life: Ai(2)-mm-jarad-graveyard 13 > 12
Life: Life: Ai(3)-mm-talrand-spells 29 > 28
Life: Life: Ai(4)-mm-nekusar-discard 35 > 34
Life: Life: Ai(1)-mm-abaddon 29 > 32
Resolve Stack: At the beginning of your upkeep, Creeping Bloodsucker deals 1 damage to each opponent. You gain life equal to the damage dealt this way. [Phase: Ai(1)-mm-abaddon]
Resolve Stack: At the beginning of your upkeep, choose an opponent at random. Exile the top card of that player's library. Until end of turn, you may play that card and you may spend mana as though it were mana of any color to cast it. When you cast a spell this way, its owner loses life equal to its mana value. [Phase: Ai(1)-mm-abaddon]
Phase: Ai(1)-mm-abaddon's Draw step
Phase: Ai(1)-mm-abaddon's Main phase, precombat
Replacement Effect: As Watery Grave enters, you may pay 2 life. If you don't, it enters tapped.
Land: Ai(1)-mm-abaddon played Watery Grave (23)
Mana: Exotic Orchard (35) - {T}: Add one mana of any color that a land an opponent controls could produce.
Mana: Island (27) - {T}: Add {U}.
Mana: Island (28) - {T}: Add {U}.
Mana: Island (25) - {T}: Add {U}.
Mana: Island (242) - {T}: Add {U}.
Add To Stack: Ai(1)-mm-abaddon cast Deny Reality targeting [Seizan, Perverter of Truth (321)]
Add To Stack: Ai(1)-mm-abaddon triggered Deny Reality
Resolve Stack: Cascade - Deny Reality [Card: Deny Reality (15), Activator: Ai(1)-mm-abaddon, SpellAbility: Return target permanent to its owner's hand.]
Mana: Island (235) - {T}: Add {U}.
Add To Stack: Ai(3)-mm-talrand-spells cast An Offer You Can't Refuse targeting [Return target permanent to its owner's hand.]
Add To Stack: Ai(3)-mm-talrand-spells triggered Jace's Sanctum
Resolve Stack: Ai(3)-mm-talrand-spells scried 1 card(s) to the top of the library
Resolve Stack: Whenever you cast a instant or sorcery spell, scry 1. (Look at the top card of your library. You may put that card on the bottom.) [Card: An Offer You Can't Refuse (294), Activator: Ai(3)-mm-talrand-spells, SpellAbility: Counter target noncreature spell. Its controller creates two Treasure tokens. (They're artifacts with "{T}, Sacrifice this token: Add one mana of any color.")]
Zone Change: Send countered spell to Graveyard
Resolve Stack: An Offer You Can't Refuse (294) - Counter Deny Reality (15). Its controller creates two Treasure tokens.
Phase: Ai(1)-mm-abaddon's Beginning of Combat Step
Phase: Ai(1)-mm-abaddon's Declare Attackers Step
Combat: Ai(1)-mm-abaddon assigned Bird Token (1063) to attack Ai(4)-mm-nekusar-discard.
Phase: Ai(1)-mm-abaddon's Declare Blockers Step
Combat: Ai(4)-mm-nekusar-discard didn't block Bird Token (1063).
Phase: Ai(1)-mm-abaddon's First Strike Damage Step
Phase: Ai(1)-mm-abaddon's Combat Damage Step
Damage: Bird Token (1063) deals 1 combat damage to Ai(4)-mm-nekusar-discard.
Life: Life: Ai(4)-mm-nekusar-discard 34 > 33
Phase: Ai(1)-mm-abaddon's End of Combat Step
Phase: Ai(1)-mm-abaddon's Main phase, postcombat
Mana: Blood Crypt (10) - {T}: Add {R}.
Mana: Crumbling Necropolis (52) - {T}: Add {U}, {B}, or {R}.
Mana: Swamp (47) - {T}: Add {B}.
Damage: Talisman of Dominance (1) deals 1 non-combat damage to Ai(1)-mm-abaddon.
Life: Life: Ai(1)-mm-abaddon 32 > 31
Mana: Talisman of Dominance (1) - {T}: Add {U} or {B}. Talisman of Dominance deals 1 damage to you. 
Add To Stack: Ai(1)-mm-abaddon cast Rakdos, Lord of Riots
Resolve Stack: Rakdos, Lord of Riots - Creature 6 / 6
Zone Change: Treasure Token (1105) was put into Graveyard from Battlefield.
Mana: Treasure Token (1105) - {T}, Sacrifice this token: Add one mana of any color.
Zone Change: Treasure Token (1104) was put into Graveyard from Battlefield.
Mana: Treasure Token (1104) - {T}, Sacrifice this token: Add one mana of any color.
Add To Stack: Ai(1)-mm-abaddon cast Mutalith Vortex Beast
Resolve Stack: Mutalith Vortex Beast - Creature 6 / 6
Add To Stack: Ai(1)-mm-abaddon triggered Mutalith Vortex Beast
Damage: Mutalith Vortex Beast (57) deals 3 non-combat damage to Ai(3)-mm-talrand-spells.
Damage: Mutalith Vortex Beast (57) deals 3 non-combat damage to Ai(4)-mm-nekusar-discard.
Life: Life: Ai(3)-mm-talrand-spells 28 > 25
Life: Life: Ai(4)-mm-nekusar-discard 33 > 30
Resolve Stack: Warp Vortex — When Mutalith Vortex Beast enters, flip a coin for each opponent you have. For each flip you win, draw a card. For each flip you lose, Mutalith Vortex Beast deals 3 damage to that player. [Zone Changer: Mutalith Vortex Beast (57)]
Phase: Ai(1)-mm-abaddon's End step
Add To Stack: Ai(4)-mm-nekusar-discard triggered Fevered Visions
Damage: Fevered Visions (401) deals 2 non-combat damage to Ai(1)-mm-abaddon.
Life: Life: Ai(1)-mm-abaddon 31 > 29
Resolve Stack: At the beginning of each player's end step, that player draws a card. If the player is your opponent and has four or more cards in hand, Fevered Visions deals 2 damage to that player. [Phase: Ai(1)-mm-abaddon]
Phase: Ai(1)-mm-abaddon's Cleanup step
Turn: Turn 34 (Ai(2)-mm-jarad-graveyard)
Phase: Ai(2)-mm-jarad-graveyard's Untap step
Phase: Ai(2)-mm-jarad-graveyard's Upkeep step
Add To Stack: Ai(2)-mm-jarad-graveyard triggered Deadbridge Chant
Add To Stack: Ai(4)-mm-nekusar-discard triggered Seizan, Perverter of Truth
Life: Life: Ai(2)-mm-jarad-graveyard 12 > 10
Resolve Stack: At the beginning of each player's upkeep, that player loses 2 life and draws two cards. [Phase: Ai(2)-mm-jarad-graveyard]
Resolve Stack: At the beginning of your upkeep, choose a card at random in your graveyard. If it's a creature card, put it onto the battlefield. Otherwise, put it into your hand. [Phase: Ai(2)-mm-jarad-graveyard]
Phase: Ai(2)-mm-jarad-graveyard's Draw step
Phase: Ai(2)-mm-jarad-graveyard's Main phase, precombat
Replacement Effect: As Necroblossom Snarl enters, you may reveal a Swamp or Forest card from your hand. If you don't, Necroblossom Snarl enters tapped.
Land: Ai(2)-mm-jarad-graveyard played Necroblossom Snarl (170)
Mana: Swamp (166) - {T}: Add {B}.
Mana: Undergrowth Stadium (193) - {T}: Add {B} or {G}.
Mana: Forest (133) - {T}: Add {G}.
Mana: Forest (130) - {T}: Add {G}.
Add To Stack: Ai(2)-mm-jarad-graveyard cast Nighthowler targeting [Elvish Mystic (109)]
Resolve Stack: Bestow - Nighthowler
Phase: Ai(2)-mm-jarad-graveyard's Beginning of Combat Step
Phase: Ai(2)-mm-jarad-graveyard's Declare Attackers Step
Phase: Ai(2)-mm-jarad-graveyard's Declare Blockers Step
Phase: Ai(2)-mm-jarad-graveyard's First Strike Damage Step
Phase: Ai(2)-mm-jarad-graveyard's Combat Damage Step
Phase: Ai(2)-mm-jarad-graveyard's End of Combat Step
Phase: Ai(2)-mm-jarad-graveyard's Main phase, postcombat
Mana: Forest (135) - {T}: Add {G}.
Mana: Forest (131) - {T}: Add {G}.
Add To Stack: Ai(2)-mm-jarad-graveyard cast Aftermath Analyst
Resolve Stack: Aftermath Analyst - Creature 1 / 3
Add To Stack: Ai(2)-mm-jarad-graveyard triggered Aftermath Analyst
Zone Change: Ai(2)-mm-jarad-graveyard milled Beast Within (172), Bojuka Bog (152) and Swamp (161).
Resolve Stack: When Aftermath Analyst enters, mill three cards. [Zone Changer: Aftermath Analyst (122)]
Phase: Ai(2)-mm-jarad-graveyard's End step
Add To Stack: Ai(4)-mm-nekusar-discard triggered Fevered Visions
Damage: Fevered Visions (401) deals 2 non-combat damage to Ai(2)-mm-jarad-graveyard.
Life: Life: Ai(2)-mm-jarad-graveyard 10 > 8
Resolve Stack: At the beginning of each player's end step, that player draws a card. If the player is your opponent and has four or more cards in hand, Fevered Visions deals 2 damage to that player. [Phase: Ai(2)-mm-jarad-graveyard]
Phase: Ai(2)-mm-jarad-graveyard's Cleanup step
Discard: Ai(2)-mm-jarad-graveyard discards Golgari Thug (145).
Add To Stack: Ai(4)-mm-nekusar-discard triggered Megrim
Add To Stack: Ai(4)-mm-nekusar-discard triggered Waste Not
Resolve Stack: Whenever an opponent discards a creature card, create a 2/2 black Zombie creature token. [Discarded: Golgari Thug (145), Cause: null]
Damage: Megrim (368) deals 2 non-combat damage to Ai(2)-mm-jarad-graveyard.
Life: Life: Ai(2)-mm-jarad-graveyard 8 > 6
Resolve Stack: Whenever an opponent discards a card, Megrim deals 2 damage to that player. [Discarded: Golgari Thug (145), Cause: null]
Phase: RepeatAi(2)-mm-jarad-graveyard's Cleanup step
Turn: Turn 35 (Ai(3)-mm-talrand-spells)
Phase: Ai(3)-mm-talrand-spells' Untap step
Phase: Ai(3)-mm-talrand-spells' Upkeep step
Add To Stack: Ai(4)-mm-nekusar-discard triggered Seizan, Perverter of Truth
Life: Life: Ai(3)-mm-talrand-spells 25 > 23
Resolve Stack: At the beginning of each player's upkeep, that player loses 2 life and draws two cards. [Phase: Ai(3)-mm-talrand-spells]
Phase: Ai(3)-mm-talrand-spells' Draw step
Phase: Ai(3)-mm-talrand-spells' Main phase, precombat
Land: Ai(3)-mm-talrand-spells played Island (249)
Phase: Ai(3)-mm-talrand-spells' Beginning of Combat Step
Phase: Ai(3)-mm-talrand-spells' Declare Attackers Step
Phase: Ai(3)-mm-talrand-spells' Declare Blockers Step
Phase: Ai(3)-mm-talrand-spells' First Strike Damage Step
Phase: Ai(3)-mm-talrand-spells' Combat Damage Step
Phase: Ai(3)-mm-talrand-spells' End of Combat Step
Phase: Ai(3)-mm-talrand-spells' Main phase, postcombat
Mana: Island (248) - {T}: Add {U}.
Add To Stack: Ai(3)-mm-talrand-spells cast Snap targeting [Elvish Mystic (109)]
Add To Stack: Ai(3)-mm-talrand-spells triggered Jace's Sanctum
Resolve Stack: Ai(3)-mm-talrand-spells scried 1 card(s) to the bottom of the library
Resolve Stack: Whenever you cast a instant or sorcery spell, scry 1. (Look at the top card of your library. You may put that card on the bottom.) [Card: Snap (267), Activator: Ai(3)-mm-talrand-spells, SpellAbility: Return target creature to its owner's hand. Untap up to two lands. ]
Resolve Stack: Snap (267) - Return Elvish Mystic (109) to its owner's hand. Untap up to 2 Lands.
Mana: Island (248) - {T}: Add {U}.
Mana: Island (240) - {T}: Add {U}.
Mana: Reliquary Tower (283) - {T}: Add {C}.
Mana: Island (253) - {T}: Add {U}.
Mana: Island (230) - {T}: Add {U}.
Mana: Island (228) - {T}: Add {U}.
Add To Stack: Ai(3)-mm-talrand-spells cast Talrand, Sky Summoner
Resolve Stack: Talrand, Sky Summoner - Creature 2 / 2
Mana: Island (238) - {T}: Add {U}.
Mana: Island (235) - {T}: Add {U}.
Add To Stack: Ai(3)-mm-talrand-spells cast Think Twice
Add To Stack: Ai(3)-mm-talrand-spells triggered Jace's Sanctum
Add To Stack: Ai(3)-mm-talrand-spells triggered Talrand, Sky Summoner
Resolve Stack: Whenever you cast an instant or sorcery spell, create a 2/2 blue Drake creature token with flying. [Card: Think Twice (273), Activator: Ai(3)-mm-talrand-spells, SpellAbility: Draw a card.]
Resolve Stack: Ai(3)-mm-talrand-spells scried 1 card(s) to the top of the library
Resolve Stack: Whenever you cast a instant or sorcery spell, scry 1. (Look at the top card of your library. You may put that card on the bottom.) [Card: Think Twice (273), Activator: Ai(3)-mm-talrand-spells, SpellAbility: Draw a card.]
Resolve Stack: Think Twice (273) - Ai(3)-mm-talrand-spells draws a card.
Replacement Effect: Flashback {2}{U} (You may cast this card from your graveyard for its flashback cost. Then exile it.)
Mana: Island (249) - {T}: Add {U}.
Add To Stack: Ai(3)-mm-talrand-spells cast Sol Ring
Resolve Stack: Sol Ring
Phase: Ai(3)-mm-talrand-spells' End step
Add To Stack: Ai(4)-mm-nekusar-discard triggered Fevered Visions
Damage: Fevered Visions (401) deals 2 non-combat damage to Ai(3)-mm-talrand-spells.
Life: Life: Ai(3)-mm-talrand-spells 23 > 21
Resolve Stack: At the beginning of each player's end step, that player draws a card. If the player is your opponent and has four or more cards in hand, Fevered Visions deals 2 damage to that player. [Phase: Ai(3)-mm-talrand-spells]
Phase: Ai(3)-mm-talrand-spells' Cleanup step
Turn: Turn 36 (Ai(4)-mm-nekusar-discard)
Phase: Ai(4)-mm-nekusar-discard's Untap step
Phase: Ai(4)-mm-nekusar-discard's Upkeep step
Add To Stack: Ai(4)-mm-nekusar-discard triggered Seizan, Perverter of Truth
Life: Life: Ai(4)-mm-nekusar-discard 30 > 28
Resolve Stack: At the beginning of each player's upkeep, that player loses 2 life and draws two cards. [Phase: Ai(4)-mm-nekusar-discard]
Phase: Ai(4)-mm-nekusar-discard's Draw step
Mana: Island (343) - {T}: Add {U}.
Mana: Island (338) - {T}: Add {U}.
Add To Stack: Ai(4)-mm-nekusar-discard cast Cyclonic Rift targeting [Nighthowler (189)]
Resolve Stack: Cyclonic Rift (310) - Return Nighthowler (189) to its owner's hand.
Phase: Ai(4)-mm-nekusar-discard's Main phase, precombat
Replacement Effect: Morphic Pool enters tapped unless you have two or more opponents.
Land: Ai(4)-mm-nekusar-discard played Morphic Pool (352)
Phase: Ai(4)-mm-nekusar-discard's Beginning of Combat Step
Phase: Ai(4)-mm-nekusar-discard's Declare Attackers Step
Phase: Ai(4)-mm-nekusar-discard's Declare Blockers Step
Phase: Ai(4)-mm-nekusar-discard's First Strike Damage Step
Phase: Ai(4)-mm-nekusar-discard's Combat Damage Step
Phase: Ai(4)-mm-nekusar-discard's End of Combat Step
Phase: Ai(4)-mm-nekusar-discard's Main phase, postcombat
Mana: Morphic Pool (352) - {T}: Add {U} or {B}.
Mana: Training Center (351) - {T}: Add {U} or {R}.
Mana: Sulfur Falls (332) - {T}: Add {U} or {R}.
Mana: Luxury Suite (345) - {T}: Add {B} or {R}.
Mana: Crumbling Necropolis (366) - {T}: Add {U}, {B}, or {R}.
Add To Stack: Ai(4)-mm-nekusar-discard cast Nekusar, the Mindrazer
Resolve Stack: Nekusar, the Mindrazer - Creature 2 / 4
Phase: Ai(4)-mm-nekusar-discard's End step
Add To Stack: Ai(4)-mm-nekusar-discard triggered Fevered Visions
Resolve Stack: At the beginning of each player's end step, that player draws a card. If the player is your opponent and has four or more cards in hand, Fevered Visions deals 2 damage to that player. [Phase: Ai(4)-mm-nekusar-discard]
Phase: Ai(4)-mm-nekusar-discard's Cleanup step
Discard: Ai(4)-mm-nekusar-discard discards Izzet Signet (311).
Discard: Ai(4)-mm-nekusar-discard discards Propaganda (382).
Turn: Turn 37 (Ai(1)-mm-abaddon)
Phase: Ai(1)-mm-abaddon's Untap step
Phase: Ai(1)-mm-abaddon's Upkeep step
Add To Stack: Ai(1)-mm-abaddon triggered The Ruinous Powers
Add To Stack: Ai(1)-mm-abaddon triggered Creeping Bloodsucker
Add To Stack: Ai(4)-mm-nekusar-discard triggered Seizan, Perverter of Truth
Life: Life: Ai(1)-mm-abaddon 29 > 27
Resolve Stack: At the beginning of each player's upkeep, that player loses 2 life and draws two cards. [Phase: Ai(1)-mm-abaddon]
Add To Stack: Ai(4)-mm-nekusar-discard triggered Nekusar, the Mindrazer
Add To Stack: Ai(4)-mm-nekusar-discard triggered Nekusar, the Mindrazer
Damage: Nekusar, the Mindrazer (403) deals 1 non-combat damage to Ai(1)-mm-abaddon.
Life: Life: Ai(1)-mm-abaddon 27 > 26
Resolve Stack: Whenever an opponent draws a card, Nekusar, the Mindrazer deals 1 damage to that player. [Player: Ai(1)-mm-abaddon]
Damage: Nekusar, the Mindrazer (403) deals 1 non-combat damage to Ai(1)-mm-abaddon.
Life: Life: Ai(1)-mm-abaddon 26 > 25
Resolve Stack: Whenever an opponent draws a card, Nekusar, the Mindrazer deals 1 damage to that player. [Player: Ai(1)-mm-abaddon]
Damage: Creeping Bloodsucker (65) deals 1 non-combat damage to Ai(2)-mm-jarad-graveyard.
Damage: Creeping Bloodsucker (65) deals 1 non-combat damage to Ai(3)-mm-talrand-spells.
Damage: Creeping Bloodsucker (65) deals 1 non-combat damage to Ai(4)-mm-nekusar-discard.
Life: Life: Ai(2)-mm-jarad-graveyard 6 > 5
Life: Life: Ai(3)-mm-talrand-spells 21 > 20
Life: Life: Ai(4)-mm-nekusar-discard 28 > 27
Life: Life: Ai(1)-mm-abaddon 25 > 28
Resolve Stack: At the beginning of your upkeep, Creeping Bloodsucker deals 1 damage to each opponent. You gain life equal to the damage dealt this way. [Phase: Ai(1)-mm-abaddon]
Resolve Stack: At the beginning of your upkeep, choose an opponent at random. Exile the top card of that player's library. Until end of turn, you may play that card and you may spend mana as though it were mana of any color to cast it. When you cast a spell this way, its owner loses life equal to its mana value. [Phase: Ai(1)-mm-abaddon]
Phase: Ai(1)-mm-abaddon's Draw step
Add To Stack: Ai(4)-mm-nekusar-discard triggered Nekusar, the Mindrazer
Add To Stack: Ai(4)-mm-nekusar-discard triggered Nekusar, the Mindrazer
Resolve Stack: At the beginning of each player's draw step, that player draws an additional card. [Phase: Ai(1)-mm-abaddon]
Add To Stack: Ai(4)-mm-nekusar-discard triggered Nekusar, the Mindrazer
Damage: Nekusar, the Mindrazer (403) deals 1 non-combat damage to Ai(1)-mm-abaddon.
Life: Life: Ai(1)-mm-abaddon 28 > 27
Resolve Stack: Whenever an opponent draws a card, Nekusar, the Mindrazer deals 1 damage to that player. [Player: Ai(1)-mm-abaddon]
Damage: Nekusar, the Mindrazer (403) deals 1 non-combat damage to Ai(1)-mm-abaddon.
Life: Life: Ai(1)-mm-abaddon 27 > 26
Resolve Stack: Whenever an opponent draws a card, Nekusar, the Mindrazer deals 1 damage to that player. [Player: Ai(1)-mm-abaddon]
Phase: Ai(1)-mm-abaddon's Main phase, precombat
Land: Ai(1)-mm-abaddon played Shivan Reef (38)
Phase: Ai(1)-mm-abaddon's Beginning of Combat Step
Phase: Ai(1)-mm-abaddon's Declare Attackers Step
Combat: Ai(1)-mm-abaddon assigned Rakdos, Lord of Riots (72) and Bird Token (1063) to attack Ai(4)-mm-nekusar-discard.
Phase: Ai(1)-mm-abaddon's Declare Blockers Step
Combat: Ai(4)-mm-nekusar-discard didn't block Rakdos, Lord of Riots (72).
Ai(4)-mm-nekusar-discard didn't block Bird Token (1063).
Phase: Ai(1)-mm-abaddon's First Strike Damage Step
Phase: Ai(1)-mm-abaddon's Combat Damage Step
Damage: Rakdos, Lord of Riots (72) deals 6 combat damage to Ai(4)-mm-nekusar-discard.
Damage: Bird Token (1063) deals 1 combat damage to Ai(4)-mm-nekusar-discard.
Life: Life: Ai(4)-mm-nekusar-discard 27 > 20
Phase: Ai(1)-mm-abaddon's End of Combat Step
Phase: Ai(1)-mm-abaddon's Main phase, postcombat
Mana: Exotic Orchard (35) - {T}: Add one mana of any color that a land an opponent controls could produce.
Mana: Swamp (47) - {T}: Add {B}.
Mana: Island (27) - {T}: Add {U}.
Add To Stack: Ai(1)-mm-abaddon cast Abaddon the Despoiler
Resolve Stack: Abaddon the Despoiler - Creature 5 / 5
Mana: Blood Crypt (10) - {T}: Add {B}.
Add To Stack: Ai(1)-mm-abaddon cast Great Unclean One
Add To Stack: Ai(1)-mm-abaddon triggered Great Unclean One
Add To Stack: Ai(1)-mm-abaddon cast Prosper, Tome-Bound
Resolve Stack: Cascade - Great Unclean One [Card: Great Unclean One (17), Activator: Ai(1)-mm-abaddon, SpellAbility: Great Unclean One - Creature 4 / 5]
Resolve Stack: Prosper, Tome-Bound - Creature 1 / 4
Resolve Stack: Great Unclean One - Creature 4 / 5
Mana: Crumbling Necropolis (52) - {T}: Add {U}, {B}, or {R}.
Mana: Island (28) - {T}: Add {U}.
Mana: Island (25) - {T}: Add {U}.
Add To Stack: Ai(1)-mm-abaddon cast Descent into Avernus
Add To Stack: Ai(1)-mm-abaddon triggered Descent into Avernus
Add To Stack: Ai(1)-mm-abaddon cast Rakdos Signet
Resolve Stack: Cascade - Descent into Avernus [Card: Descent into Avernus (74), Activator: Ai(1)-mm-abaddon, SpellAbility: Descent into Avernus]
Add To Stack: Ai(1)-mm-abaddon triggered Prosper, Tome-Bound
Resolve Stack: Pact Boon — Whenever you play a card from exile, create a Treasure token. [Card: Rakdos Signet (55), Activator: Ai(1)-mm-abaddon, SpellAbility: Rakdos Signet (without paying its mana cost)]
Resolve Stack: Rakdos Signet
Resolve Stack: Descent into Avernus
Damage: Shivan Reef (38) deals 1 non-combat damage to Ai(1)-mm-abaddon.
Life: Life: Ai(1)-mm-abaddon 26 > 25
Mana: Shivan Reef (38) - {T}: Add {U} or {R}. Shivan Reef deals 1 damage to you. 
Add To Stack: Ai(1)-mm-abaddon cast Thermo-Alchemist
Add To Stack: Ai(1)-mm-abaddon triggered Thermo-Alchemist
Add To Stack: Ai(1)-mm-abaddon cast Boltwave
Resolve Stack: Cascade - Thermo-Alchemist [Card: Thermo-Alchemist (82), Activator: Ai(1)-mm-abaddon, SpellAbility: Thermo-Alchemist - Creature 0 / 3]
Add To Stack: Ai(1)-mm-abaddon triggered Prosper, Tome-Bound
Resolve Stack: Pact Boon — Whenever you play a card from exile, create a Treasure token. [Card: Boltwave (68), Activator: Ai(1)-mm-abaddon, SpellAbility: Boltwave deals 3 damage to each opponent. (without paying its mana cost)]
Damage: Boltwave (68) deals 3 non-combat damage to Ai(2)-mm-jarad-graveyard.
Damage: Boltwave (68) deals 3 non-combat damage to Ai(3)-mm-talrand-spells.
Damage: Boltwave (68) deals 3 non-combat damage to Ai(4)-mm-nekusar-discard.
Life: Life: Ai(2)-mm-jarad-graveyard 5 > 2
Life: Life: Ai(3)-mm-talrand-spells 20 > 17
Life: Life: Ai(4)-mm-nekusar-discard 20 > 17
Resolve Stack: Boltwave (68) - Boltwave (68) deals 3 damage to Ai(2)-mm-jarad-graveyard, Ai(3)-mm-talrand-spells and Ai(4)-mm-nekusar-discard.
Resolve Stack: Thermo-Alchemist - Creature 0 / 3
Zone Change: Treasure Token (1273) was put into Graveyard from Battlefield.
Mana: Treasure Token (1273) - {T}, Sacrifice this token: Add one mana of any color.
Mana: Island (242) - {T}: Add {U}.
Mana: Watery Grave (23) - {T}: Add {B}.
Add To Stack: Ai(1)-mm-abaddon cast The Lost and the Damned
Add To Stack: Ai(1)-mm-abaddon triggered The Lost and the Damned
Add To Stack: Ai(1)-mm-abaddon cast Lightning Greaves
Resolve Stack: Cascade - The Lost and the Damned [Card: The Lost and the Damned (64), Activator: Ai(1)-mm-abaddon, SpellAbility: The Lost and the Damned]
Add To Stack: Ai(1)-mm-abaddon triggered Prosper, Tome-Bound
Resolve Stack: Pact Boon — Whenever you play a card from exile, create a Treasure token. [Card: Lightning Greaves (93), Activator: Ai(1)-mm-abaddon, SpellAbility: Lightning Greaves (without paying its mana cost)]
Resolve Stack: Lightning Greaves
Resolve Stack: The Lost and the Damned
Add To Stack: Ai(1)-mm-abaddon activated Lightning Greaves targeting [Rakdos, Lord of Riots (72)]
Resolve Stack: Lightning Greaves (93) -  Attach to Rakdos, Lord of Riots (72)
Mana: Talisman of Dominance (1) - {T}: Add {C}.
Add To Stack: Ai(1)-mm-abaddon cast Sol Ring
Add To Stack: Ai(1)-mm-abaddon triggered Sol Ring
Add To Stack: Ai(1)-mm-abaddon cast Profane Tutor
Resolve Stack: Cascade - Sol Ring [Card: Sol Ring (12), Activator: Ai(1)-mm-abaddon, SpellAbility: Sol Ring]
Add To Stack: Ai(1)-mm-abaddon triggered Thermo-Alchemist
Add To Stack: Ai(1)-mm-abaddon triggered Prosper, Tome-Bound
Add To Stack: Ai(1)-mm-abaddon triggered The Lost and the Damned
Resolve Stack: Whenever a land you control enters from anywhere other than your hand or you cast a spell from anywhere other than your hand, create 3/3 red Spawn creature token. [Card: Profane Tutor (4), Activator: Ai(1)-mm-abaddon, SpellAbility: Search your library for a card, put that card into your hand, then shuffle. (without paying its mana cost)]
Resolve Stack: Pact Boon — Whenever you play a card from exile, create a Treasure token. [Card: Profane Tutor (4), Activator: Ai(1)-mm-abaddon, SpellAbility: Search your library for a card, put that card into your hand, then shuffle. (without paying its mana cost)]
Resolve Stack: Whenever you cast an instant or sorcery spell, untap Thermo-Alchemist. [Card: Profane Tutor (4), Activator: Ai(1)-mm-abaddon, SpellAbility: Search your library for a card, put that card into your hand, then shuffle. (without paying its mana cost)]
Resolve Stack: Profane Tutor (4) - Search your library for a card, put that card into your hand, then shuffle.
Resolve Stack: Sol Ring
Zone Change: Treasure Token (1302) was put into Graveyard from Battlefield.
Mana: Treasure Token (1302) - {T}, Sacrifice this token: Add one mana of any color.
Add To Stack: Ai(1)-mm-abaddon cast Bloodthirster
Add To Stack: Ai(1)-mm-abaddon triggered Bloodthirster
Add To Stack: Ai(1)-mm-abaddon cast Arcane Signet
Resolve Stack: Cascade - Bloodthirster [Card: Bloodthirster (95), Activator: Ai(1)-mm-abaddon, SpellAbility: Bloodthirster - Creature 6 / 6]
Add To Stack: Ai(1)-mm-abaddon triggered Prosper, Tome-Bound
Add To Stack: Ai(1)-mm-abaddon triggered The Lost and the Damned
Resolve Stack: Whenever a land you control enters from anywhere other than your hand or you cast a spell from anywhere other than your hand, create 3/3 red Spawn creature token. [Card: Arcane Signet (94), Activator: Ai(1)-mm-abaddon, SpellAbility: Arcane Signet (without paying its mana cost)]
Resolve Stack: Pact Boon — Whenever you play a card from exile, create a Treasure token. [Card: Arcane Signet (94), Activator: Ai(1)-mm-abaddon, SpellAbility: Arcane Signet (without paying its mana cost)]
Resolve Stack: Arcane Signet
Resolve Stack: Bloodthirster - Creature 6 / 6
Phase: Ai(1)-mm-abaddon's End step
Add To Stack: Ai(1)-mm-abaddon triggered Prosper, Tome-Bound
Add To Stack: Ai(1)-mm-abaddon triggered Great Unclean One
Add To Stack: Ai(4)-mm-nekusar-discard triggered Fevered Visions
Damage: Fevered Visions (401) deals 2 non-combat damage to Ai(1)-mm-abaddon.
Life: Life: Ai(1)-mm-abaddon 25 > 23
Resolve Stack: At the beginning of each player's end step, that player draws a card. If the player is your opponent and has four or more cards in hand, Fevered Visions deals 2 damage to that player. [Phase: Ai(1)-mm-abaddon]
Add To Stack: Ai(4)-mm-nekusar-discard triggered Nekusar, the Mindrazer
Damage: Nekusar, the Mindrazer (403) deals 1 non-combat damage to Ai(1)-mm-abaddon.
Life: Life: Ai(1)-mm-abaddon 23 > 22
Resolve Stack: Whenever an opponent draws a card, Nekusar, the Mindrazer deals 1 damage to that player. [Player: Ai(1)-mm-abaddon]
Life: Life: Ai(2)-mm-jarad-graveyard 2 > 0
Life: Life: Ai(3)-mm-talrand-spells 17 > 15
Life: Life: Ai(4)-mm-nekusar-discard 17 > 15
Resolve Stack: Reverberating Summons — At the beginning of your end step, each opponent loses 2 life. Then for each opponent who has less life than you, create a 1/3 black Demon creature token named Plaguebearer of Nurgle. [Phase: Ai(1)-mm-abaddon]
Resolve Stack: Mystic Arcanum — At the beginning of your end step, exile the top card of your library. Until the end of your next turn, you may play that card. [Phase: Ai(1)-mm-abaddon]
Phase: Ai(1)-mm-abaddon's Cleanup step
Turn: Turn 38 (Ai(3)-mm-talrand-spells)
Phase: Ai(3)-mm-talrand-spells' Untap step
Phase: Ai(3)-mm-talrand-spells' Upkeep step
Add To Stack: Ai(4)-mm-nekusar-discard triggered Seizan, Perverter of Truth
Mana: Island (248) - {T}: Add {U}.
Add To Stack: Ai(3)-mm-talrand-spells cast Resculpt targeting [Bloodthirster (95)]
Add To Stack: Ai(3)-mm-talrand-spells triggered Jace's Sanctum
Add To Stack: Ai(3)-mm-talrand-spells triggered Talrand, Sky Summoner
Resolve Stack: Whenever you cast an instant or sorcery spell, create a 2/2 blue Drake creature token with flying. [Card: Resculpt (205), Activator: Ai(3)-mm-talrand-spells, SpellAbility: Exile target artifact or creature. Its controller creates a 4/4 blue and red Elemental creature token. ]
Resolve Stack: Ai(3)-mm-talrand-spells scried 1 card(s) to the bottom of the library
Resolve Stack: Whenever you cast a instant or sorcery spell, scry 1. (Look at the top card of your library. You may put that card on the bottom.) [Card: Resculpt (205), Activator: Ai(3)-mm-talrand-spells, SpellAbility: Exile target artifact or creature. Its controller creates a 4/4 blue and red Elemental creature token. ]
Zone Change: Bloodthirster (95) was put into Exile from Battlefield.
Resolve Stack: Resculpt (205) - Exile Bloodthirster (95). 
Life: Life: Ai(3)-mm-talrand-spells 15 > 13
Resolve Stack: At the beginning of each player's upkeep, that player loses 2 life and draws two cards. [Phase: Ai(3)-mm-talrand-spells]
Add To Stack: Ai(4)-mm-nekusar-discard triggered Nekusar, the Mindrazer
Add To Stack: Ai(4)-mm-nekusar-discard triggered Nekusar, the Mindrazer
Mana: Island (240) - {T}: Add {U}.
Add To Stack: Ai(3)-mm-talrand-spells cast Unsummon targeting [Mutalith Vortex Beast (57)]
Add To Stack: Ai(3)-mm-talrand-spells triggered Jace's Sanctum
Add To Stack: Ai(3)-mm-talrand-spells triggered Talrand, Sky Summoner
Resolve Stack: Whenever you cast an instant or sorcery spell, create a 2/2 blue Drake creature token with flying. [Card: Unsummon (287), Activator: Ai(3)-mm-talrand-spells, SpellAbility: Return target creature to its owner's hand.]
Resolve Stack: Ai(3)-mm-talrand-spells scried 1 card(s) to the bottom of the library
Resolve Stack: Whenever you cast a instant or sorcery spell, scry 1. (Look at the top card of your library. You may put that card on the bottom.) [Card: Unsummon (287), Activator: Ai(3)-mm-talrand-spells, SpellAbility: Return target creature to its owner's hand.]
Resolve Stack: Unsummon (287) - Return Mutalith Vortex Beast (57) to its owner's hand.
Damage: Nekusar, the Mindrazer (403) deals 1 non-combat damage to Ai(3)-mm-talrand-spells.
Life: Life: Ai(3)-mm-talrand-spells 13 > 12
Resolve Stack: Whenever an opponent draws a card, Nekusar, the Mindrazer deals 1 damage to that player. [Player: Ai(3)-mm-talrand-spells]
Damage: Nekusar, the Mindrazer (403) deals 1 non-combat damage to Ai(3)-mm-talrand-spells.
Life: Life: Ai(3)-mm-talrand-spells 12 > 11
Resolve Stack: Whenever an opponent draws a card, Nekusar, the Mindrazer deals 1 damage to that player. [Player: Ai(3)-mm-talrand-spells]
Phase: Ai(3)-mm-talrand-spells' Draw step
Add To Stack: Ai(4)-mm-nekusar-discard triggered Nekusar, the Mindrazer
Add To Stack: Ai(4)-mm-nekusar-discard triggered Nekusar, the Mindrazer
Resolve Stack: At the beginning of each player's draw step, that player draws an additional card. [Phase: Ai(3)-mm-talrand-spells]
Add To Stack: Ai(4)-mm-nekusar-discard triggered Nekusar, the Mindrazer
Damage: Nekusar, the Mindrazer (403) deals 1 non-combat damage to Ai(3)-mm-talrand-spells.
Life: Life: Ai(3)-mm-talrand-spells 11 > 10
Resolve Stack: Whenever an opponent draws a card, Nekusar, the Mindrazer deals 1 damage to that player. [Player: Ai(3)-mm-talrand-spells]
Damage: Nekusar, the Mindrazer (403) deals 1 non-combat damage to Ai(3)-mm-talrand-spells.
Life: Life: Ai(3)-mm-talrand-spells 10 > 9
Resolve Stack: Whenever an opponent draws a card, Nekusar, the Mindrazer deals 1 damage to that player. [Player: Ai(3)-mm-talrand-spells]
Phase: Ai(3)-mm-talrand-spells' Main phase, precombat
Land: Ai(3)-mm-talrand-spells played Island (246)
Phase: Ai(3)-mm-talrand-spells' Beginning of Combat Step
Phase: Ai(3)-mm-talrand-spells' Declare Attackers Step
Phase: Ai(3)-mm-talrand-spells' Declare Blockers Step
Phase: Ai(3)-mm-talrand-spells' First Strike Damage Step
Phase: Ai(3)-mm-talrand-spells' Combat Damage Step
Phase: Ai(3)-mm-talrand-spells' End of Combat Step
Phase: Ai(3)-mm-talrand-spells' Main phase, postcombat
Mana: Island (253) - {T}: Add {U}.
Mana: Island (230) - {T}: Add {U}.
Mana: Reliquary Tower (283) - {T}: Add {C}.
Mana: Sol Ring (219) - {T}: Add {C}{C}.
Add To Stack: Ai(3)-mm-talrand-spells cast Reconnaissance Mission
Resolve Stack: Reconnaissance Mission
Phase: Ai(3)-mm-talrand-spells' End step
Add To Stack: Ai(4)-mm-nekusar-discard triggered Fevered Visions
Mana: Arcane Signet (94) - {T}: Add one mana of any color in your commander's color identity.
Mana: Sol Ring (12) - {T}: Add {C}{C}.
Add To Stack: Ai(1)-mm-abaddon cast Chaos Warp targeting [Seizan, Perverter of Truth (321)]
Add To Stack: Ai(1)-mm-abaddon triggered Thermo-Alchemist
Resolve Stack: Whenever you cast an instant or sorcery spell, untap Thermo-Alchemist. [Card: Chaos Warp (70), Activator: Ai(1)-mm-abaddon, SpellAbility: The owner of target permanent shuffles it into their library, then reveals the top card of their library. If it's a permanent card, they put it onto the battlefield. ]
Mana: Island (228) - {T}: Add {U}.
Mana: Island (238) - {T}: Add {U}.
Add To Stack: Ai(3)-mm-talrand-spells cast Unwind targeting [The owner of target permanent shuffles it into their library, then reveals the top card of their library. If it's a permanent card, they put it onto the battlefield. ]
Add To Stack: Ai(3)-mm-talrand-spells triggered Jace's Sanctum
Add To Stack: Ai(3)-mm-talrand-spells triggered Talrand, Sky Summoner
Resolve Stack: Whenever you cast an instant or sorcery spell, create a 2/2 blue Drake creature token with flying. [Card: Unwind (278), Activator: Ai(3)-mm-talrand-spells, SpellAbility: Counter target noncreature spell. Untap up to three lands. ]
Resolve Stack: Ai(3)-mm-talrand-spells scried 1 card(s) to the bottom of the library
Resolve Stack: Whenever you cast a instant or sorcery spell, scry 1. (Look at the top card of your library. You may put that card on the bottom.) [Card: Unwind (278), Activator: Ai(3)-mm-talrand-spells, SpellAbility: Counter target noncreature spell. Untap up to three lands. ]
Zone Change: Send countered spell to Graveyard
Resolve Stack: Unwind (278) - Counter Chaos Warp (70). Untap up to 3 Lands.
Damage: Fevered Visions (401) deals 2 non-combat damage to Ai(3)-mm-talrand-spells.
Life: Life: Ai(3)-mm-talrand-spells 9 > 7
Resolve Stack: At the beginning of each player's end step, that player draws a card. If the player is your opponent and has four or more cards in hand, Fevered Visions deals 2 damage to that player. [Phase: Ai(3)-mm-talrand-spells]
Add To Stack: Ai(4)-mm-nekusar-discard triggered Nekusar, the Mindrazer
Damage: Nekusar, the Mindrazer (403) deals 1 non-combat damage to Ai(3)-mm-talrand-spells.
Life: Life: Ai(3)-mm-talrand-spells 7 > 6
Resolve Stack: Whenever an opponent draws a card, Nekusar, the Mindrazer deals 1 damage to that player. [Player: Ai(3)-mm-talrand-spells]
Phase: Ai(3)-mm-talrand-spells' Cleanup step
Turn: Turn 39 (Ai(4)-mm-nekusar-discard)
Phase: Ai(4)-mm-nekusar-discard's Untap step
Phase: Ai(4)-mm-nekusar-discard's Upkeep step
Add To Stack: Ai(4)-mm-nekusar-discard triggered Seizan, Perverter of Truth
Life: Life: Ai(4)-mm-nekusar-discard 15 > 13
Resolve Stack: At the beginning of each player's upkeep, that player loses 2 life and draws two cards. [Phase: Ai(4)-mm-nekusar-discard]
Phase: Ai(4)-mm-nekusar-discard's Draw step
Add To Stack: Ai(4)-mm-nekusar-discard triggered Nekusar, the Mindrazer
Resolve Stack: At the beginning of each player's draw step, that player draws an additional card. [Phase: Ai(4)-mm-nekusar-discard]
Phase: Ai(4)-mm-nekusar-discard's Main phase, precombat
Land: Ai(4)-mm-nekusar-discard played Island (342)
Mana: Island (343) - {T}: Add {U}.
Mana: Island (338) - {T}: Add {U}.
Add To Stack: Ai(4)-mm-nekusar-discard cast Lightning Greaves
Mana: Island (240) - {T}: Add {U}.
Mana: Island (253) - {T}: Add {U}.
Mana: Reliquary Tower (283) - {T}: Add {C}.
Add To Stack: Ai(3)-mm-talrand-spells cast Rewind targeting [Lightning Greaves]
Add To Stack: Ai(3)-mm-talrand-spells triggered Jace's Sanctum
Add To Stack: Ai(3)-mm-talrand-spells triggered Talrand, Sky Summoner
Resolve Stack: Whenever you cast an instant or sorcery spell, create a 2/2 blue Drake creature token with flying. [Card: Rewind (296), Activator: Ai(3)-mm-talrand-spells, SpellAbility: Counter target spell. Untap up to four lands. ]
Resolve Stack: Ai(3)-mm-talrand-spells scried 1 card(s) to the top of the library
Resolve Stack: Whenever you cast a instant or sorcery spell, scry 1. (Look at the top card of your library. You may put that card on the bottom.) [Card: Rewind (296), Activator: Ai(3)-mm-talrand-spells, SpellAbility: Counter target spell. Untap up to four lands. ]
Zone Change: Send countered spell to Graveyard
Resolve Stack: Rewind (296) - Counter Lightning Greaves (395). Untap up to 4 Lands.
Phase: Ai(4)-mm-nekusar-discard's Beginning of Combat Step
Phase: Ai(4)-mm-nekusar-discard's Declare Attackers Step
Phase: Ai(4)-mm-nekusar-discard's Declare Blockers Step
Phase: Ai(4)-mm-nekusar-discard's First Strike Damage Step
Phase: Ai(4)-mm-nekusar-discard's Combat Damage Step
Phase: Ai(4)-mm-nekusar-discard's End of Combat Step
Phase: Ai(4)-mm-nekusar-discard's Main phase, postcombat
Mana: Island (342) - {T}: Add {U}.
Mana: Training Center (351) - {T}: Add {U} or {R}.
Mana: Sulfur Falls (332) - {T}: Add {U} or {R}.
Mana: Morphic Pool (352) - {T}: Add {U} or {B}.
Mana: Luxury Suite (345) - {T}: Add {B} or {R}.
Mana: Crumbling Necropolis (366) - {T}: Add {U}, {B}, or {R}.
Add To Stack: Ai(4)-mm-nekusar-discard cast Forced Fruition
Mana: Island (248) - {T}: Add {U}.
Add To Stack: Ai(3)-mm-talrand-spells cast Disdainful Stroke targeting [Forced Fruition]
Add To Stack: Ai(3)-mm-talrand-spells triggered Jace's Sanctum
Add To Stack: Ai(3)-mm-talrand-spells triggered Talrand, Sky Summoner
Resolve Stack: Whenever you cast an instant or sorcery spell, create a 2/2 blue Drake creature token with flying. [Card: Disdainful Stroke (276), Activator: Ai(3)-mm-talrand-spells, SpellAbility: Counter target spell with mana value 4 or greater.]
Resolve Stack: Ai(3)-mm-talrand-spells scried 1 card(s) to the top of the library
Resolve Stack: Whenever you cast a instant or sorcery spell, scry 1. (Look at the top card of your library. You may put that card on the bottom.) [Card: Disdainful Stroke (276), Activator: Ai(3)-mm-talrand-spells, SpellAbility: Counter target spell with mana value 4 or greater.]
Zone Change: Send countered spell to Graveyard
Resolve Stack: Disdainful Stroke (276) - Counter Forced Fruition (357).
Phase: Ai(4)-mm-nekusar-discard's End step
Add To Stack: Ai(4)-mm-nekusar-discard triggered Fevered Visions
Resolve Stack: At the beginning of each player's end step, that player draws a card. If the player is your opponent and has four or more cards in hand, Fevered Visions deals 2 damage to that player. [Phase: Ai(4)-mm-nekusar-discard]
Phase: Ai(4)-mm-nekusar-discard's Cleanup step
Discard: Ai(4)-mm-nekusar-discard discards Watery Grave (336).
Discard: Ai(4)-mm-nekusar-discard discards Scalding Tarn (383).
Turn: Turn 40 (Ai(1)-mm-abaddon)
Phase: Ai(1)-mm-abaddon's Untap step
Phase: Ai(1)-mm-abaddon's Upkeep step
Add To Stack: Ai(1)-mm-abaddon triggered The Ruinous Powers
Add To Stack: Ai(1)-mm-abaddon triggered Creeping Bloodsucker
Add To Stack: Ai(1)-mm-abaddon triggered Descent into Avernus
Add To Stack: Ai(4)-mm-nekusar-discard triggered Seizan, Perverter of Truth
Life: Life: Ai(1)-mm-abaddon 22 > 20
Resolve Stack: At the beginning of each player's upkeep, that player loses 2 life and draws two cards. [Phase: Ai(1)-mm-abaddon]
Add To Stack: Ai(4)-mm-nekusar-discard triggered Nekusar, the Mindrazer
Add To Stack: Ai(4)-mm-nekusar-discard triggered Nekusar, the Mindrazer
Damage: Nekusar, the Mindrazer (403) deals 1 non-combat damage to Ai(1)-mm-abaddon.
Life: Life: Ai(1)-mm-abaddon 20 > 19
Resolve Stack: Whenever an opponent draws a card, Nekusar, the Mindrazer deals 1 damage to that player. [Player: Ai(1)-mm-abaddon]
Mana: Exotic Orchard (35) - {T}: Add one mana of any color that a land an opponent controls could produce.
Mana: Island (27) - {T}: Add {U}.
Mana: Sol Ring (12) - {T}: Add {C}{C}.
Mana: Swamp (47) - {T}: Add {B}.
Add To Stack: Ai(1)-mm-abaddon cast Chaos Mutation targeting [Drake Token (1182), Seizan, Perverter of Truth (321)]
Add To Stack: Ai(1)-mm-abaddon triggered Thermo-Alchemist
Resolve Stack: Whenever you cast an instant or sorcery spell, untap Thermo-Alchemist. [Card: Chaos Mutation (45), Activator: Ai(1)-mm-abaddon, SpellAbility: Exile any number of target creatures controlled by different players. For each creature exiled this way, its controller reveals cards from the top of their library until they reveal a creature card, puts that card onto the battlefield, then puts the rest on the bottom of their library in a random order. ]
Mana: Island (228) - {T}: Add {U}.
Mana: Island (238) - {T}: Add {U}.
Add To Stack: Ai(3)-mm-talrand-spells cast Wizard's Retort targeting [Exile any number of target creatures controlled by different players. For each creature exiled this way, its controller reveals cards from the top of their library until they reveal a creature card, puts that card onto the battlefield, then puts the rest on the bottom of their library in a random order. ]
Add To Stack: Ai(3)-mm-talrand-spells triggered Jace's Sanctum
Add To Stack: Ai(3)-mm-talrand-spells triggered Talrand, Sky Summoner
Resolve Stack: Whenever you cast an instant or sorcery spell, create a 2/2 blue Drake creature token with flying. [Card: Wizard's Retort (290), Activator: Ai(3)-mm-talrand-spells, SpellAbility: Counter target spell.]
Resolve Stack: Ai(3)-mm-talrand-spells scried 1 card(s) to the top of the library
Resolve Stack: Whenever you cast a instant or sorcery spell, scry 1. (Look at the top card of your library. You may put that card on the bottom.) [Card: Wizard's Retort (290), Activator: Ai(3)-mm-talrand-spells, SpellAbility: Counter target spell.]
Zone Change: Send countered spell to Graveyard
Resolve Stack: Wizard's Retort (290) - Counter Chaos Mutation (45).
Damage: Nekusar, the Mindrazer (403) deals 1 non-combat damage to Ai(1)-mm-abaddon.
Life: Life: Ai(1)-mm-abaddon 19 > 18
Resolve Stack: Whenever an opponent draws a card, Nekusar, the Mindrazer deals 1 damage to that player. [Player: Ai(1)-mm-abaddon]
Damage: Descent into Avernus (74) deals 2 non-combat damage to Ai(1)-mm-abaddon.
Damage: Descent into Avernus (74) deals 2 non-combat damage to Ai(3)-mm-talrand-spells.
Damage: Descent into Avernus (74) deals 2 non-combat damage to Ai(4)-mm-nekusar-discard.
Life: Life: Ai(1)-mm-abaddon 18 > 16
Life: Life: Ai(3)-mm-talrand-spells 6 > 4
Life: Life: Ai(4)-mm-nekusar-discard 13 > 11
Resolve Stack: At the beginning of your upkeep, put two descent counters on Descent into Avernus. Then each player creates X Treasure tokens and Descent into Avernus deals X damage to each player, where X is the number of descent counters on Descent into Avernus. [Phase: Ai(1)-mm-abaddon]
Damage: Creeping Bloodsucker (65) deals 1 non-combat damage to Ai(3)-mm-talrand-spells.
Damage: Creeping Bloodsucker (65) deals 1 non-combat damage to Ai(4)-mm-nekusar-discard.
Life: Life: Ai(3)-mm-talrand-spells 4 > 3
Life: Life: Ai(4)-mm-nekusar-discard 11 > 10
Life: Life: Ai(1)-mm-abaddon 16 > 18
Resolve Stack: At the beginning of your upkeep, Creeping Bloodsucker deals 1 damage to each opponent. You gain life equal to the damage dealt this way. [Phase: Ai(1)-mm-abaddon]
Resolve Stack: At the beginning of your upkeep, choose an opponent at random. Exile the top card of that player's library. Until end of turn, you may play that card and you may spend mana as though it were mana of any color to cast it. When you cast a spell this way, its owner loses life equal to its mana value. [Phase: Ai(1)-mm-abaddon]
Add To Stack: Ai(1)-mm-abaddon activated Thermo-Alchemist
Damage: Thermo-Alchemist (82) deals 1 non-combat damage to Ai(3)-mm-talrand-spells.
Damage: Thermo-Alchemist (82) deals 1 non-combat damage to Ai(4)-mm-nekusar-discard.
Life: Life: Ai(3)-mm-talrand-spells 3 > 2
Life: Life: Ai(4)-mm-nekusar-discard 10 > 9
Resolve Stack: Thermo-Alchemist (82) - Thermo-Alchemist (82) deals 1 damage to Ai(3)-mm-talrand-spells and Ai(4)-mm-nekusar-discard.
Phase: Ai(1)-mm-abaddon's Draw step
Add To Stack: Ai(4)-mm-nekusar-discard triggered Nekusar, the Mindrazer
Add To Stack: Ai(4)-mm-nekusar-discard triggered Nekusar, the Mindrazer
Resolve Stack: At the beginning of each player's draw step, that player draws an additional card. [Phase: Ai(1)-mm-abaddon]
Add To Stack: Ai(4)-mm-nekusar-discard triggered Nekusar, the Mindrazer
Damage: Nekusar, the Mindrazer (403) deals 1 non-combat damage to Ai(1)-mm-abaddon.
Life: Life: Ai(1)-mm-abaddon 18 > 17
Resolve Stack: Whenever an opponent draws a card, Nekusar, the Mindrazer deals 1 damage to that player. [Player: Ai(1)-mm-abaddon]
Damage: Nekusar, the Mindrazer (403) deals 1 non-combat damage to Ai(1)-mm-abaddon.
Life: Life: Ai(1)-mm-abaddon 17 > 16
Resolve Stack: Whenever an opponent draws a card, Nekusar, the Mindrazer deals 1 damage to that player. [Player: Ai(1)-mm-abaddon]
Phase: Ai(1)-mm-abaddon's Main phase, precombat
Replacement Effect: Sunken Hollow enters tapped unless you control two or more basic lands.
Land: Ai(1)-mm-abaddon played Sunken Hollow (21)
Mana: Crumbling Necropolis (52) - {T}: Add {U}, {B}, or {R}.
Mana: Arcane Signet (94) - {T}: Add one mana of any color in your commander's color identity.
Add To Stack: Ai(1)-mm-abaddon cast Neheb, the Eternal
Add To Stack: Ai(1)-mm-abaddon triggered Prosper, Tome-Bound
Add To Stack: Ai(1)-mm-abaddon triggered The Lost and the Damned
Resolve Stack: Whenever a land you control enters from anywhere other than your hand or you cast a spell from anywhere other than your hand, create 3/3 red Spawn creature token. [Card: Neheb, the Eternal (39), Activator: Ai(1)-mm-abaddon, SpellAbility: Neheb, the Eternal - Creature 4 / 6 by Prosper, Tome-Bound (62)]
Resolve Stack: Pact Boon — Whenever you play a card from exile, create a Treasure token. [Card: Neheb, the Eternal (39), Activator: Ai(1)-mm-abaddon, SpellAbility: Neheb, the Eternal - Creature 4 / 6 by Prosper, Tome-Bound (62)]
Zone Change: Treasure Token (1365) was put into Graveyard from Battlefield.
Mana: Treasure Token (1365) - {T}, Sacrifice this token: Add one mana of any color.
Zone Change: Treasure Token (1364) was put into Graveyard from Battlefield.
Mana: Treasure Token (1364) - {T}, Sacrifice this token: Add one mana of any color.
Add To Stack: Ai(4)-mm-nekusar-discard cast Arcane Denial targeting [Neheb, the Eternal - Creature 4 / 6 by Prosper, Tome-Bound (62)]
Zone Change: Send countered spell to Graveyard
Resolve Stack: Arcane Denial (372) - Counter Neheb, the Eternal (39). Draw a card. Draw up to two cards. 
Phase: Ai(1)-mm-abaddon's Beginning of Combat Step
Phase: Ai(1)-mm-abaddon's Declare Attackers Step
Combat: Ai(1)-mm-abaddon assigned Rakdos, Lord of Riots (72), Abaddon the Despoiler (100), Great Unclean One (17), Elemental Token (1341), Spawn Token (1298), Spawn Token (1316), Creeping Bloodsucker (65), Bird Token (1063), Prosper, Tome-Bound (62), Plaguebearer of Nurgle (1330), Plaguebearer of Nurgle (1331) and Plaguebearer of Nurgle (1332) to attack Ai(3)-mm-talrand-spells.
Phase: Ai(1)-mm-abaddon's Declare Blockers Step
Combat: Ai(3)-mm-talrand-spells assigned Drake Token (1350) to block Rakdos, Lord of Riots (72).
Ai(3)-mm-talrand-spells assigned Drake Token (1353) to block Abaddon the Despoiler (100).
Ai(3)-mm-talrand-spells assigned Drake Token (1182) to block Great Unclean One (17).
Ai(3)-mm-talrand-spells assigned Drake Token (1339) to block Elemental Token (1341).
Ai(3)-mm-talrand-spells assigned Drake Token (1344) to block Spawn Token (1298).
Ai(3)-mm-talrand-spells assigned Drake Token (1347) to block Spawn Token (1316).
Ai(3)-mm-talrand-spells assigned Drake Token (1356) to block Creeping Bloodsucker (65).
Ai(3)-mm-talrand-spells didn't block Bird Token (1063).
Ai(3)-mm-talrand-spells assigned Talrand, Sky Summoner (302) to block Prosper, Tome-Bound (62).
Ai(3)-mm-talrand-spells didn't block Plaguebearer of Nurgle (1330).
Ai(3)-mm-talrand-spells didn't block Plaguebearer of Nurgle (1331).
Ai(3)-mm-talrand-spells didn't block Plaguebearer of Nurgle (1332).
Phase: Ai(1)-mm-abaddon's First Strike Damage Step
Phase: Ai(1)-mm-abaddon's Combat Damage Step
Damage: Rakdos, Lord of Riots (72) deals 4 combat damage to Ai(3)-mm-talrand-spells.
Damage: Rakdos, Lord of Riots (72) deals 2 damage to Drake Token (1350).
Damage: Abaddon the Despoiler (100) deals 3 combat damage to Ai(3)-mm-talrand-spells.
Damage: Abaddon the Despoiler (100) deals 2 damage to Drake Token (1353).
Damage: Great Unclean One (17) deals 4 damage to Drake Token (1182).
Damage: Elemental Token (1341) deals 4 damage to Drake Token (1339).
Damage: Spawn Token (1298) deals 3 damage to Drake Token (1344).
Damage: Spawn Token (1316) deals 3 damage to Drake Token (1347).
Damage: Creeping Bloodsucker (65) deals 1 damage to Drake Token (1356).
Damage: Bird Token (1063) deals 1 combat damage to Ai(3)-mm-talrand-spells.
Damage: Prosper, Tome-Bound (62) deals 1 damage (Deathtouch) to Talrand, Sky Summoner (302).
Damage: Plaguebearer of Nurgle (1330) deals 1 combat damage to Ai(3)-mm-talrand-spells.
Damage: Plaguebearer of Nurgle (1331) deals 1 combat damage to Ai(3)-mm-talrand-spells.
Damage: Plaguebearer of Nurgle (1332) deals 1 combat damage to Ai(3)-mm-talrand-spells.
Damage: Drake Token (1182) deals 2 damage to Great Unclean One (17).
Damage: Drake Token (1339) deals 2 damage to Elemental Token (1341).
Damage: Drake Token (1344) deals 2 damage to Spawn Token (1298).
Damage: Drake Token (1347) deals 2 damage to Spawn Token (1316).
Damage: Drake Token (1350) deals 2 damage to Rakdos, Lord of Riots (72).
Damage: Drake Token (1353) deals 2 damage to Abaddon the Despoiler (100).
Damage: Drake Token (1356) deals 2 damage to Creeping Bloodsucker (65).
Damage: Talrand, Sky Summoner (302) deals 2 damage to Prosper, Tome-Bound (62).
Life: Life: Ai(3)-mm-talrand-spells 2 > -9
Zone Change: Creeping Bloodsucker (65) was put into Graveyard from Battlefield.
Phase: Ai(1)-mm-abaddon's End of Combat Step
Phase: Ai(1)-mm-abaddon's Main phase, postcombat
Mana: Blood Crypt (10) - {T}: Add {R}.
Mana: Island (28) - {T}: Add {U}.
Add To Stack: Ai(1)-mm-abaddon cast Mutalith Vortex Beast
Add To Stack: Ai(1)-mm-abaddon triggered Mutalith Vortex Beast
Resolve Stack: Cascade - Mutalith Vortex Beast [Card: Mutalith Vortex Beast (57), Activator: Ai(1)-mm-abaddon, SpellAbility: Mutalith Vortex Beast - Creature 6 / 6]
Resolve Stack: Mutalith Vortex Beast - Creature 6 / 6
Add To Stack: Ai(1)-mm-abaddon triggered Mutalith Vortex Beast
Damage: Mutalith Vortex Beast (57) deals 3 non-combat damage to Ai(4)-mm-nekusar-discard.
Life: Life: Ai(4)-mm-nekusar-discard 9 > 6
Resolve Stack: Warp Vortex — When Mutalith Vortex Beast enters, flip a coin for each opponent you have. For each flip you win, draw a card. For each flip you lose, Mutalith Vortex Beast deals 3 damage to that player. [Zone Changer: Mutalith Vortex Beast (57)]
Mana: Island (25) - {T}: Add {U}.
Add To Stack: Ai(1)-mm-abaddon cast Heralds of Tzeentch
Add To Stack: Ai(1)-mm-abaddon triggered Heralds of Tzeentch
Add To Stack: Ai(1)-mm-abaddon triggered Heralds of Tzeentch
Add To Stack: Ai(1)-mm-abaddon cast Passionate Archaeologist
Resolve Stack: Cascade - Heralds of Tzeentch [Card: Heralds of Tzeentch (56), Activator: Ai(1)-mm-abaddon, SpellAbility: Heralds of Tzeentch - Creature 3 / 3]
Add To Stack: Ai(1)-mm-abaddon triggered Prosper, Tome-Bound
Add To Stack: Ai(1)-mm-abaddon triggered The Lost and the Damned
Resolve Stack: Whenever a land you control enters from anywhere other than your hand or you cast a spell from anywhere other than your hand, create 3/3 red Spawn creature token. [Card: Passionate Archaeologist (32), Activator: Ai(1)-mm-abaddon, SpellAbility: Passionate Archaeologist (without paying its mana cost)]
Resolve Stack: Pact Boon — Whenever you play a card from exile, create a Treasure token. [Card: Passionate Archaeologist (32), Activator: Ai(1)-mm-abaddon, SpellAbility: Passionate Archaeologist (without paying its mana cost)]
Resolve Stack: Passionate Archaeologist
Add To Stack: Ai(1)-mm-abaddon cast Talisman of Indulgence
Resolve Stack: Cascade - Heralds of Tzeentch [Card: Heralds of Tzeentch (56), Activator: Ai(1)-mm-abaddon, SpellAbility: Heralds of Tzeentch - Creature 3 / 3]
Add To Stack: Ai(1)-mm-abaddon triggered Abaddon the Despoiler targeting [Ai(4)-mm-nekusar-discard]
Add To Stack: Ai(1)-mm-abaddon triggered Prosper, Tome-Bound
Add To Stack: Ai(1)-mm-abaddon triggered The Lost and the Damned
Resolve Stack: Whenever a land you control enters from anywhere other than your hand or you cast a spell from anywhere other than your hand, create 3/3 red Spawn creature token. [Card: Talisman of Indulgence (90), Activator: Ai(1)-mm-abaddon, SpellAbility: Talisman of Indulgence (without paying its mana cost)]
Resolve Stack: Pact Boon — Whenever you play a card from exile, create a Treasure token. [Card: Talisman of Indulgence (90), Activator: Ai(1)-mm-abaddon, SpellAbility: Talisman of Indulgence (without paying its mana cost)]
Damage: Abaddon the Despoiler (100) deals 2 non-combat damage to Ai(4)-mm-nekusar-discard.
Life: Life: Ai(4)-mm-nekusar-discard 6 > 4
Resolve Stack: Whenever you cast a spell from exile, Abaddon the Despoiler deals damage equal to that spell's mana value to target opponent. (Targeting: [[Ai(4)-mm-nekusar-discard]]) [Card: Talisman of Indulgence (90), Activator: Ai(1)-mm-abaddon, SpellAbility: Talisman of Indulgence (without paying its mana cost)]
Resolve Stack: Talisman of Indulgence
Resolve Stack: Heralds of Tzeentch - Creature 3 / 3
Mana: Watery Grave (23) - {T}: Add {U}.
Mana: Sunken Hollow (21) - {T}: Add {U}.
Mana: Shivan Reef (38) - {T}: Add {C}.
Resolve Stack: Ai(1)-mm-abaddon has suspended Inevitable Betrayal with 3 time counters on it.
Phase: Ai(1)-mm-abaddon's End step
Add To Stack: Ai(1)-mm-abaddon triggered Prosper, Tome-Bound
Add To Stack: Ai(1)-mm-abaddon triggered Great Unclean One
Add To Stack: Ai(4)-mm-nekusar-discard triggered Fevered Visions
Damage: Fevered Visions (401) deals 2 non-combat damage to Ai(1)-mm-abaddon.
Life: Life: Ai(1)-mm-abaddon 16 > 14
Resolve Stack: At the beginning of each player's end step, that player draws a card. If the player is your opponent and has four or more cards in hand, Fevered Visions deals 2 damage to that player. [Phase: Ai(1)-mm-abaddon]
Add To Stack: Ai(4)-mm-nekusar-discard triggered Nekusar, the Mindrazer
Damage: Nekusar, the Mindrazer (403) deals 1 non-combat damage to Ai(1)-mm-abaddon.
Life: Life: Ai(1)-mm-abaddon 14 > 13
Resolve Stack: Whenever an opponent draws a card, Nekusar, the Mindrazer deals 1 damage to that player. [Player: Ai(1)-mm-abaddon]
Life: Life: Ai(4)-mm-nekusar-discard 4 > 2
Resolve Stack: Reverberating Summons — At the beginning of your end step, each opponent loses 2 life. Then for each opponent who has less life than you, create a 1/3 black Demon creature token named Plaguebearer of Nurgle. [Phase: Ai(1)-mm-abaddon]
Resolve Stack: Mystic Arcanum — At the beginning of your end step, exile the top card of your library. Until the end of your next turn, you may play that card. [Phase: Ai(1)-mm-abaddon]
Phase: Ai(1)-mm-abaddon's Cleanup step
Turn: Turn 41 (Ai(4)-mm-nekusar-discard)
Phase: Ai(4)-mm-nekusar-discard's Untap step
Phase: Ai(4)-mm-nekusar-discard's Upkeep step
Add To Stack: Ai(4)-mm-nekusar-discard triggered Seizan, Perverter of Truth
Add To Stack: Ai(4)-mm-nekusar-discard triggered Arcane Denial
Add To Stack: Ai(4)-mm-nekusar-discard triggered Arcane Denial
Resolve Stack: Draw up to two cards. ([Ai(1)-mm-abaddon]) [Phase: Ai(4)-mm-nekusar-discard]
Add To Stack: Ai(4)-mm-nekusar-discard triggered Nekusar, the Mindrazer
Add To Stack: Ai(4)-mm-nekusar-discard triggered Nekusar, the Mindrazer
Damage: Nekusar, the Mindrazer (403) deals 1 non-combat damage to Ai(1)-mm-abaddon.
Life: Life: Ai(1)-mm-abaddon 13 > 12
Resolve Stack: Whenever an opponent draws a card, Nekusar, the Mindrazer deals 1 damage to that player. [Player: Ai(1)-mm-abaddon]
Damage: Nekusar, the Mindrazer (403) deals 1 non-combat damage to Ai(1)-mm-abaddon.
Life: Life: Ai(1)-mm-abaddon 12 > 11
Resolve Stack: Whenever an opponent draws a card, Nekusar, the Mindrazer deals 1 damage to that player. [Player: Ai(1)-mm-abaddon]
Resolve Stack: Draw a card. [Phase: Ai(4)-mm-nekusar-discard]
Life: Life: Ai(4)-mm-nekusar-discard 2 > 0
Resolve Stack: At the beginning of each player's upkeep, that player loses 2 life and draws two cards. [Phase: Ai(4)-mm-nekusar-discard]
Player Control: Ai(1)-mm-abaddon has restored control over themself
Player Control: Ai(2)-mm-jarad-graveyard has restored control over themself
Player Control: Ai(3)-mm-talrand-spells has restored control over themself
Player Control: Ai(4)-mm-nekusar-discard has restored control over themself
Game Outcome: Turn 21
Game Outcome: Ai(1)-mm-abaddon has won because all opponents have lost
Game Outcome: Ai(2)-mm-jarad-graveyard has lost because life total reached 0
Game Outcome: Ai(3)-mm-talrand-spells has lost because life total reached 0
Game Outcome: Ai(4)-mm-nekusar-discard has lost because life total reached 0
Match Result: Ai(1)-mm-abaddon: 1 Ai(2)-mm-jarad-graveyard: 0 Ai(3)-mm-talrand-spells: 0 Ai(4)-mm-nekusar-discard: 1 

Game Result: Game 2 ended in 222918 ms. Ai(1)-mm-abaddon has won!

