Error handling registered!
15:57:29 [INFO ] GuiBase: ##########################################
15:57:29 [INFO ] GuiBase: APP: Forge v.2.0.14-SNAPSHOT-08.08
15:57:29 [INFO ] GuiBase: Java: 21.0.9 (Oracle Corporation)
15:57:29 [INFO ] GuiBase: OS: Mac OS X 26.3 aarch64
15:57:29 [INFO ] GuiBase: RAM: 4096 MB max, 8 CPUs
15:57:29 [INFO ] GuiBase: ##########################################
Language 'en-US' loaded successfully.
(ThreadUtil first call): Running with priority 5
Read cards: 33617 archived files in 1 ms (25 parts) using thread pool
Upcoming set Star Trek (TRK) dated in the future. All `upcoming` cards will be added to this set with unknown rarity.
The card A-Alrund's Epiphany was not assigned to any set. Adding it to UNKNOWN set... to fix see res/editions/ folder. 
The card A-Baba Lysaga, Night Witch was not assigned to any set. Adding it to UNKNOWN set... to fix see res/editions/ folder. 
The card A-Divide by Zero was not assigned to any set. Adding it to UNKNOWN set... to fix see res/editions/ folder. 
The card A-Esika's Chariot was not assigned to any set. Adding it to UNKNOWN set... to fix see res/editions/ folder. 
The card A-Faceless Haven was not assigned to any set. Adding it to UNKNOWN set... to fix see res/editions/ folder. 
The card A-Fires of Invention was not assigned to any set. Adding it to UNKNOWN set... to fix see res/editions/ folder. 
The card A-Goldspan Dragon was not assigned to any set. Adding it to UNKNOWN set... to fix see res/editions/ folder. 
The card A-Hullbreaker Horror was not assigned to any set. Adding it to UNKNOWN set... to fix see res/editions/ folder. 
The card A-Kumano Faces Kakkazan was not assigned to any set. Adding it to UNKNOWN set... to fix see res/editions/ folder. 
The card A-Luminarch Aspirant was not assigned to any set. Adding it to UNKNOWN set... to fix see res/editions/ folder. 
The card A-Monster Manual was not assigned to any set. Adding it to UNKNOWN set... to fix see res/editions/ folder. 
The card A-Omnath, Locus of Creation was not assigned to any set. Adding it to UNKNOWN set... to fix see res/editions/ folder. 
The card A-The Meathook Massacre was not assigned to any set. Adding it to UNKNOWN set... to fix see res/editions/ folder. 
The card A-Unholy Heat was not assigned to any set. Adding it to UNKNOWN set... to fix see res/editions/ folder. 
The card Blinding Radiance was not assigned to any set. Adding it to UNKNOWN set... to fix see res/editions/ folder. 
The card Goblin Bruiser was not assigned to any set. Adding it to UNKNOWN set... to fix see res/editions/ folder. 
The card Ogre Painbringer was not assigned to any set. Adding it to UNKNOWN set... to fix see res/editions/ folder. 
The card Titanic Pelagosaur was not assigned to any set. Adding it to UNKNOWN set... to fix see res/editions/ folder. 
The card Treetop Recluse was not assigned to any set. Adding it to UNKNOWN set... to fix see res/editions/ folder. 
Upcoming set Star Trek (TRK) dated in the future. All `upcoming` cards will be added to this set with unknown rarity.
Read cards: 836 files in 0 ms (8 parts) using thread pool
Simulation mode
Ai(1)-mm-talrand-spells [Experimental] vs Ai(2)-mm-nekusar-discard [Experimental] vs Ai(3)-mm-abaddon [Experimental] vs Ai(4)-mm-jarad-graveyard [Experimental] - two games of Commander seed 1597704392
Warning: default (ie. inherited from base class) implementation of confirmAction is used by Abaddon the Despoiler for forge.ai.ability.PermanentCreatureAi. Consider declaring an overloaded method
Warning: default (ie. inherited from base class) implementation of confirmAction is used by Nekusar, the Mindrazer for forge.ai.ability.PermanentCreatureAi. Consider declaring an overloaded method
Correcting zone for Honest Rutstein (355)
Correcting zone for Honest Rutstein (355)
Warning: default (ie. inherited from base class) implementation of chooseSinglePlayer is used by Fact or Fiction for forge.ai.ability.TwoPilesAi. Consider declaring an overloaded method
Warning: default (ie. inherited from base class) implementation of chkAIDrawback is used by Jeska's Will for forge.ai.ability.ManaAi. Consider declaring an overloaded method
Warning: default (ie. inherited from base class) implementation of chkAIDrawback is used by Jeska's Will for forge.ai.ability.ManaAi. Consider declaring an overloaded method
Warning: default (ie. inherited from base class) implementation of confirmAction is used by Abaddon the Despoiler for forge.ai.ability.PermanentCreatureAi. Consider declaring an overloaded method
Active player is no longer in the game...
Active player is no longer in the game...
Active player is no longer in the game...
Warning: default (ie. inherited from base class) implementation of confirmAction is used by Talrand, Sky Summoner for forge.ai.ability.PermanentCreatureAi. Consider declaring an overloaded method
Warning: default (ie. inherited from base class) implementation of confirmAction is used by Nekusar, the Mindrazer for forge.ai.ability.PermanentCreatureAi. Consider declaring an overloaded method
Active player is no longer in the game...
Active player is no longer in the game...
Active player is no longer in the game...
Active player is no longer in the game...
Warning: default (ie. inherited from base class) implementation of confirmAction is used by Nekusar, the Mindrazer for forge.ai.ability.PermanentCreatureAi. Consider declaring an overloaded method
Mulligan: Ai(2)-mm-nekusar-discard has mulliganed down to 7 cards.
Mulligan: Ai(2)-mm-nekusar-discard has kept a hand of 7 cards
Mulligan: Ai(3)-mm-abaddon has kept a hand of 7 cards
Mulligan: Ai(4)-mm-jarad-graveyard has kept a hand of 7 cards
Mulligan: Ai(1)-mm-talrand-spells has kept a hand of 7 cards
Turn: Turn 1 (Ai(2)-mm-nekusar-discard)
Phase: Ai(2)-mm-nekusar-discard's Untap step
Phase: Ai(2)-mm-nekusar-discard's Upkeep step
Phase: Ai(2)-mm-nekusar-discard's Draw step
Phase: Ai(2)-mm-nekusar-discard's Main phase, precombat
Land: Ai(2)-mm-nekusar-discard played Command Tower (115)
Phase: Ai(2)-mm-nekusar-discard's Beginning of Combat Step
Phase: Ai(2)-mm-nekusar-discard's Declare Attackers Step
Phase: Ai(2)-mm-nekusar-discard's Declare Blockers Step
Phase: Ai(2)-mm-nekusar-discard's First Strike Damage Step
Phase: Ai(2)-mm-nekusar-discard's Combat Damage Step
Phase: Ai(2)-mm-nekusar-discard's End of Combat Step
Phase: Ai(2)-mm-nekusar-discard's Main phase, postcombat
Phase: Ai(2)-mm-nekusar-discard's End step
Phase: Ai(2)-mm-nekusar-discard's Cleanup step
Turn: Turn 2 (Ai(3)-mm-abaddon)
Phase: Ai(3)-mm-abaddon's Untap step
Phase: Ai(3)-mm-abaddon's Upkeep step
Phase: Ai(3)-mm-abaddon's Draw step
Phase: Ai(3)-mm-abaddon's Main phase, precombat
Replacement Effect: As Watery Grave enters, you may pay 2 life. If you don't, it enters tapped.
Land: Ai(3)-mm-abaddon played Watery Grave (225)
Phase: Ai(3)-mm-abaddon's Beginning of Combat Step
Phase: Ai(3)-mm-abaddon's Declare Attackers Step
Phase: Ai(3)-mm-abaddon's Declare Blockers Step
Phase: Ai(3)-mm-abaddon's First Strike Damage Step
Phase: Ai(3)-mm-abaddon's Combat Damage Step
Phase: Ai(3)-mm-abaddon's End of Combat Step
Phase: Ai(3)-mm-abaddon's Main phase, postcombat
Phase: Ai(3)-mm-abaddon's End step
Phase: Ai(3)-mm-abaddon's Cleanup step
Turn: Turn 3 (Ai(4)-mm-jarad-graveyard)
Phase: Ai(4)-mm-jarad-graveyard's Untap step
Phase: Ai(4)-mm-jarad-graveyard's Upkeep step
Phase: Ai(4)-mm-jarad-graveyard's Draw step
Phase: Ai(4)-mm-jarad-graveyard's Main phase, precombat
Land: Ai(4)-mm-jarad-graveyard played Swamp (369)
Phase: Ai(4)-mm-jarad-graveyard's Beginning of Combat Step
Phase: Ai(4)-mm-jarad-graveyard's Declare Attackers Step
Phase: Ai(4)-mm-jarad-graveyard's Declare Blockers Step
Phase: Ai(4)-mm-jarad-graveyard's First Strike Damage Step
Phase: Ai(4)-mm-jarad-graveyard's Combat Damage Step
Phase: Ai(4)-mm-jarad-graveyard's End of Combat Step
Phase: Ai(4)-mm-jarad-graveyard's Main phase, postcombat
Mana: Swamp (369) - {T}: Add {B}.
Add To Stack: Ai(4)-mm-jarad-graveyard cast Entomb
Resolve Stack: Entomb (353) - Ai(4)-mm-jarad-graveyard searches their library for a card, puts it into its owner's graveyard, then shuffles.
Phase: Ai(4)-mm-jarad-graveyard's End step
Phase: Ai(4)-mm-jarad-graveyard's Cleanup step
Turn: Turn 4 (Ai(1)-mm-talrand-spells)
Phase: Ai(1)-mm-talrand-spells' Untap step
Phase: Ai(1)-mm-talrand-spells' Upkeep step
Phase: Ai(1)-mm-talrand-spells' Draw step
Phase: Ai(1)-mm-talrand-spells' Main phase, precombat
Land: Ai(1)-mm-talrand-spells played Island (42)
Phase: Ai(1)-mm-talrand-spells' Beginning of Combat Step
Phase: Ai(1)-mm-talrand-spells' Declare Attackers Step
Phase: Ai(1)-mm-talrand-spells' Declare Blockers Step
Phase: Ai(1)-mm-talrand-spells' First Strike Damage Step
Phase: Ai(1)-mm-talrand-spells' Combat Damage Step
Phase: Ai(1)-mm-talrand-spells' End of Combat Step
Phase: Ai(1)-mm-talrand-spells' Main phase, postcombat
Phase: Ai(1)-mm-talrand-spells' End step
Phase: Ai(1)-mm-talrand-spells' Cleanup step
Turn: Turn 5 (Ai(2)-mm-nekusar-discard)
Phase: Ai(2)-mm-nekusar-discard's Untap step
Phase: Ai(2)-mm-nekusar-discard's Upkeep step
Phase: Ai(2)-mm-nekusar-discard's Draw step
Phase: Ai(2)-mm-nekusar-discard's Main phase, precombat
Replacement Effect: As Steam Vents enters, you may pay 2 life. If you don't, it enters tapped.
Land: Ai(2)-mm-nekusar-discard played Steam Vents (167)
Phase: Ai(2)-mm-nekusar-discard's Beginning of Combat Step
Phase: Ai(2)-mm-nekusar-discard's Declare Attackers Step
Phase: Ai(2)-mm-nekusar-discard's Declare Blockers Step
Phase: Ai(2)-mm-nekusar-discard's First Strike Damage Step
Phase: Ai(2)-mm-nekusar-discard's Combat Damage Step
Phase: Ai(2)-mm-nekusar-discard's End of Combat Step
Phase: Ai(2)-mm-nekusar-discard's Main phase, postcombat
Phase: Ai(2)-mm-nekusar-discard's End step
Phase: Ai(2)-mm-nekusar-discard's Cleanup step
Turn: Turn 6 (Ai(3)-mm-abaddon)
Phase: Ai(3)-mm-abaddon's Untap step
Phase: Ai(3)-mm-abaddon's Upkeep step
Phase: Ai(3)-mm-abaddon's Draw step
Phase: Ai(3)-mm-abaddon's Main phase, precombat
Replacement Effect: Luxury Suite enters tapped unless you have two or more opponents.
Land: Ai(3)-mm-abaddon played Luxury Suite (233)
Phase: Ai(3)-mm-abaddon's Beginning of Combat Step
Phase: Ai(3)-mm-abaddon's Declare Attackers Step
Phase: Ai(3)-mm-abaddon's Declare Blockers Step
Phase: Ai(3)-mm-abaddon's First Strike Damage Step
Phase: Ai(3)-mm-abaddon's Combat Damage Step
Phase: Ai(3)-mm-abaddon's End of Combat Step
Phase: Ai(3)-mm-abaddon's Main phase, postcombat
Phase: Ai(3)-mm-abaddon's End step
Phase: Ai(3)-mm-abaddon's Cleanup step
Turn: Turn 7 (Ai(4)-mm-jarad-graveyard)
Phase: Ai(4)-mm-jarad-graveyard's Untap step
Phase: Ai(4)-mm-jarad-graveyard's Upkeep step
Phase: Ai(4)-mm-jarad-graveyard's Draw step
Phase: Ai(4)-mm-jarad-graveyard's Main phase, precombat
Replacement Effect: As Necroblossom Snarl enters, you may reveal a Swamp or Forest card from your hand. If you don't, Necroblossom Snarl enters tapped.
Land: Ai(4)-mm-jarad-graveyard played Necroblossom Snarl (372)
Phase: Ai(4)-mm-jarad-graveyard's Beginning of Combat Step
Phase: Ai(4)-mm-jarad-graveyard's Declare Attackers Step
Phase: Ai(4)-mm-jarad-graveyard's Declare Blockers Step
Phase: Ai(4)-mm-jarad-graveyard's First Strike Damage Step
Phase: Ai(4)-mm-jarad-graveyard's Combat Damage Step
Phase: Ai(4)-mm-jarad-graveyard's End of Combat Step
Phase: Ai(4)-mm-jarad-graveyard's Main phase, postcombat
Phase: Ai(4)-mm-jarad-graveyard's End step
Phase: Ai(4)-mm-jarad-graveyard's Cleanup step
Turn: Turn 8 (Ai(1)-mm-talrand-spells)
Phase: Ai(1)-mm-talrand-spells' Untap step
Phase: Ai(1)-mm-talrand-spells' Upkeep step
Phase: Ai(1)-mm-talrand-spells' Draw step
Phase: Ai(1)-mm-talrand-spells' Main phase, precombat
Land: Ai(1)-mm-talrand-spells played Island (37)
Phase: Ai(1)-mm-talrand-spells' Beginning of Combat Step
Phase: Ai(1)-mm-talrand-spells' Declare Attackers Step
Phase: Ai(1)-mm-talrand-spells' Declare Blockers Step
Phase: Ai(1)-mm-talrand-spells' First Strike Damage Step
Phase: Ai(1)-mm-talrand-spells' Combat Damage Step
Phase: Ai(1)-mm-talrand-spells' End of Combat Step
Phase: Ai(1)-mm-talrand-spells' Main phase, postcombat
Mana: Island (42) - {T}: Add {U}.
Mana: Island (37) - {T}: Add {U}.
Add To Stack: Ai(1)-mm-talrand-spells cast Favorable Winds
Resolve Stack: Favorable Winds
Phase: Ai(1)-mm-talrand-spells' End step
Phase: Ai(1)-mm-talrand-spells' Cleanup step
Turn: Turn 9 (Ai(2)-mm-nekusar-discard)
Phase: Ai(2)-mm-nekusar-discard's Untap step
Phase: Ai(2)-mm-nekusar-discard's Upkeep step
Phase: Ai(2)-mm-nekusar-discard's Draw step
Phase: Ai(2)-mm-nekusar-discard's Main phase, precombat
Land: Ai(2)-mm-nekusar-discard played Reliquary Tower (177)
Phase: Ai(2)-mm-nekusar-discard's Beginning of Combat Step
Phase: Ai(2)-mm-nekusar-discard's Declare Attackers Step
Phase: Ai(2)-mm-nekusar-discard's Declare Blockers Step
Phase: Ai(2)-mm-nekusar-discard's First Strike Damage Step
Phase: Ai(2)-mm-nekusar-discard's Combat Damage Step
Phase: Ai(2)-mm-nekusar-discard's End of Combat Step
Phase: Ai(2)-mm-nekusar-discard's Main phase, postcombat
Mana: Reliquary Tower (177) - {T}: Add {C}.
Mana: Steam Vents (167) - {T}: Add {R}.
Mana: Command Tower (115) - {T}: Add one mana of any color in your commander's color identity.
Add To Stack: Ai(2)-mm-nekusar-discard cast Scrawling Crawler
Resolve Stack: Scrawling Crawler - Creature 3 / 2
Phase: Ai(2)-mm-nekusar-discard's End step
Phase: Ai(2)-mm-nekusar-discard's Cleanup step
Turn: Turn 10 (Ai(3)-mm-abaddon)
Phase: Ai(3)-mm-abaddon's Untap step
Phase: Ai(3)-mm-abaddon's Upkeep step
Phase: Ai(3)-mm-abaddon's Draw step
Add To Stack: Ai(2)-mm-nekusar-discard triggered Scrawling Crawler
Life: Life: Ai(3)-mm-abaddon 40 > 39
Resolve Stack: Whenever an opponent draws a card, that player loses 1 life. [Player: Ai(3)-mm-abaddon]
Phase: Ai(3)-mm-abaddon's Main phase, precombat
Land: Ai(3)-mm-abaddon played Mountain (288)
Phase: Ai(3)-mm-abaddon's Beginning of Combat Step
Phase: Ai(3)-mm-abaddon's Declare Attackers Step
Phase: Ai(3)-mm-abaddon's Declare Blockers Step
Phase: Ai(3)-mm-abaddon's First Strike Damage Step
Phase: Ai(3)-mm-abaddon's Combat Damage Step
Phase: Ai(3)-mm-abaddon's End of Combat Step
Phase: Ai(3)-mm-abaddon's Main phase, postcombat
Mana: Mountain (288) - {T}: Add {R}.
Mana: Luxury Suite (233) - {T}: Add {B} or {R}.
Mana: Watery Grave (225) - {T}: Add {B}.
Add To Stack: Ai(3)-mm-abaddon cast Commander's Sphere
Resolve Stack: Commander's Sphere
Phase: Ai(3)-mm-abaddon's End step
Phase: Ai(3)-mm-abaddon's Cleanup step
Turn: Turn 11 (Ai(4)-mm-jarad-graveyard)
Phase: Ai(4)-mm-jarad-graveyard's Untap step
Phase: Ai(4)-mm-jarad-graveyard's Upkeep step
Phase: Ai(4)-mm-jarad-graveyard's Draw step
Add To Stack: Ai(2)-mm-nekusar-discard triggered Scrawling Crawler
Mana: Necroblossom Snarl (372) - {T}: Add {B} or {G}.
Mana: Swamp (369) - {T}: Add {B}.
Add To Stack: Ai(4)-mm-jarad-graveyard cast Abrupt Decay targeting [Scrawling Crawler (200)]
Zone Change: Scrawling Crawler (200) was put into Graveyard from Battlefield.
Resolve Stack: Abrupt Decay (399) - Destroy Scrawling Crawler (200).
Life: Life: Ai(4)-mm-jarad-graveyard 40 > 39
Resolve Stack: Whenever an opponent draws a card, that player loses 1 life. [Player: Ai(4)-mm-jarad-graveyard]
Phase: Ai(4)-mm-jarad-graveyard's Main phase, precombat
Phase: Ai(4)-mm-jarad-graveyard's Beginning of Combat Step
Phase: Ai(4)-mm-jarad-graveyard's Declare Attackers Step
Phase: Ai(4)-mm-jarad-graveyard's Declare Blockers Step
Phase: Ai(4)-mm-jarad-graveyard's First Strike Damage Step
Phase: Ai(4)-mm-jarad-graveyard's Combat Damage Step
Phase: Ai(4)-mm-jarad-graveyard's End of Combat Step
Phase: Ai(4)-mm-jarad-graveyard's Main phase, postcombat
Phase: Ai(4)-mm-jarad-graveyard's End step
Phase: Ai(4)-mm-jarad-graveyard's Cleanup step
Turn: Turn 12 (Ai(1)-mm-talrand-spells)
Phase: Ai(1)-mm-talrand-spells' Untap step
Phase: Ai(1)-mm-talrand-spells' Upkeep step
Phase: Ai(1)-mm-talrand-spells' Draw step
Phase: Ai(1)-mm-talrand-spells' Main phase, precombat
Land: Ai(1)-mm-talrand-spells played Island (49)
Phase: Ai(1)-mm-talrand-spells' Beginning of Combat Step
Phase: Ai(1)-mm-talrand-spells' Declare Attackers Step
Phase: Ai(1)-mm-talrand-spells' Declare Blockers Step
Phase: Ai(1)-mm-talrand-spells' First Strike Damage Step
Phase: Ai(1)-mm-talrand-spells' Combat Damage Step
Phase: Ai(1)-mm-talrand-spells' End of Combat Step
Phase: Ai(1)-mm-talrand-spells' Main phase, postcombat
Mana: Island (42) - {T}: Add {U}.
Mana: Island (37) - {T}: Add {U}.
Mana: Island (49) - {T}: Add {U}.
Add To Stack: Ai(1)-mm-talrand-spells cast Frantic Search
Discard: Ai(1)-mm-talrand-spells discards Island (29).
Discard: Ai(1)-mm-talrand-spells discards Island (46).
Resolve Stack: Frantic Search (24) - Ai(1)-mm-talrand-spells draws two cards. Ai(1)-mm-talrand-spells discards two cards. Untap up to 3 Lands.
Phase: Ai(1)-mm-talrand-spells' End step
Phase: Ai(1)-mm-talrand-spells' Cleanup step
Turn: Turn 13 (Ai(2)-mm-nekusar-discard)
Phase: Ai(2)-mm-nekusar-discard's Untap step
Phase: Ai(2)-mm-nekusar-discard's Upkeep step
Phase: Ai(2)-mm-nekusar-discard's Draw step
Phase: Ai(2)-mm-nekusar-discard's Main phase, precombat
Land: Ai(2)-mm-nekusar-discard played Island (138)
Phase: Ai(2)-mm-nekusar-discard's Beginning of Combat Step
Phase: Ai(2)-mm-nekusar-discard's Declare Attackers Step
Phase: Ai(2)-mm-nekusar-discard's Declare Blockers Step
Phase: Ai(2)-mm-nekusar-discard's First Strike Damage Step
Phase: Ai(2)-mm-nekusar-discard's Combat Damage Step
Phase: Ai(2)-mm-nekusar-discard's End of Combat Step
Phase: Ai(2)-mm-nekusar-discard's Main phase, postcombat
Mana: Reliquary Tower (177) - {T}: Add {C}.
Mana: Island (138) - {T}: Add {U}.
Mana: Steam Vents (167) - {T}: Add {R}.
Mana: Command Tower (115) - {T}: Add one mana of any color in your commander's color identity.
Add To Stack: Ai(2)-mm-nekusar-discard cast Teferi's Puzzle Box
Mana: Island (42) - {T}: Add {U}.
Add To Stack: Ai(1)-mm-talrand-spells cast An Offer You Can't Refuse targeting [Teferi's Puzzle Box]
Zone Change: Send countered spell to Graveyard
Resolve Stack: An Offer You Can't Refuse (92) - Counter Teferi's Puzzle Box (146). Its controller creates two Treasure tokens.
Zone Change: Treasure Token (407) was put into Graveyard from Battlefield.
Mana: Treasure Token (407) - {T}, Sacrifice this token: Add one mana of any color.
Zone Change: Treasure Token (406) was put into Graveyard from Battlefield.
Mana: Treasure Token (406) - {T}, Sacrifice this token: Add one mana of any color.
Add To Stack: Ai(2)-mm-nekusar-discard cast Talisman of Dominance
Mana: Island (37) - {T}: Add {U}.
Mana: Island (49) - {T}: Add {U}.
Add To Stack: Ai(1)-mm-talrand-spells cast Arcane Denial targeting [Talisman of Dominance]
Zone Change: Send countered spell to Graveyard
Resolve Stack: Arcane Denial (73) - Counter Talisman of Dominance (102). Draw a card. Draw up to two cards. 
Phase: Ai(2)-mm-nekusar-discard's End step
Phase: Ai(2)-mm-nekusar-discard's Cleanup step
Turn: Turn 14 (Ai(3)-mm-abaddon)
Phase: Ai(3)-mm-abaddon's Untap step
Phase: Ai(3)-mm-abaddon's Upkeep step
Add To Stack: Ai(1)-mm-talrand-spells triggered Arcane Denial
Add To Stack: Ai(1)-mm-talrand-spells triggered Arcane Denial
Resolve Stack: Draw up to two cards. ([Ai(2)-mm-nekusar-discard]) [Phase: Ai(3)-mm-abaddon]
Resolve Stack: Draw a card. [Phase: Ai(3)-mm-abaddon]
Phase: Ai(3)-mm-abaddon's Draw step
Phase: Ai(3)-mm-abaddon's Main phase, precombat
Land: Ai(3)-mm-abaddon played Island (229)
Phase: Ai(3)-mm-abaddon's Beginning of Combat Step
Phase: Ai(3)-mm-abaddon's Declare Attackers Step
Phase: Ai(3)-mm-abaddon's Declare Blockers Step
Phase: Ai(3)-mm-abaddon's First Strike Damage Step
Phase: Ai(3)-mm-abaddon's Combat Damage Step
Phase: Ai(3)-mm-abaddon's End of Combat Step
Phase: Ai(3)-mm-abaddon's Main phase, postcombat
Mana: Island (229) - {T}: Add {U}.
Mana: Luxury Suite (233) - {T}: Add {B} or {R}.
Mana: Mountain (288) - {T}: Add {R}.
Mana: Watery Grave (225) - {T}: Add {B}.
Mana: Commander's Sphere (213) - {T}: Add one mana of any color in your commander's color identity.
Add To Stack: Ai(3)-mm-abaddon cast Abaddon the Despoiler
Resolve Stack: Abaddon the Despoiler - Creature 5 / 5
Phase: Ai(3)-mm-abaddon's End step
Phase: Ai(3)-mm-abaddon's Cleanup step
Turn: Turn 15 (Ai(4)-mm-jarad-graveyard)
Phase: Ai(4)-mm-jarad-graveyard's Untap step
Phase: Ai(4)-mm-jarad-graveyard's Upkeep step
Phase: Ai(4)-mm-jarad-graveyard's Draw step
Phase: Ai(4)-mm-jarad-graveyard's Main phase, precombat
Land: Ai(4)-mm-jarad-graveyard played Twilight Mire (377)
Phase: Ai(4)-mm-jarad-graveyard's Beginning of Combat Step
Phase: Ai(4)-mm-jarad-graveyard's Declare Attackers Step
Phase: Ai(4)-mm-jarad-graveyard's Declare Blockers Step
Phase: Ai(4)-mm-jarad-graveyard's First Strike Damage Step
Phase: Ai(4)-mm-jarad-graveyard's Combat Damage Step
Phase: Ai(4)-mm-jarad-graveyard's End of Combat Step
Phase: Ai(4)-mm-jarad-graveyard's Main phase, postcombat
Mana: Necroblossom Snarl (372) - {T}: Add {B} or {G}.
Mana: Swamp (369) - {T}: Add {B}.
Mana: Twilight Mire (377) - {T}: Add {C}.
Add To Stack: Ai(4)-mm-jarad-graveyard cast Honest Rutstein
Resolve Stack: Honest Rutstein - Creature 3 / 2
Add To Stack: Ai(4)-mm-jarad-graveyard triggered Honest Rutstein targeting [Ghoultree (402)]
Resolve Stack: When Honest Rutstein enters, return target creature card from your graveyard to your hand. (Targeting: [[Ghoultree (402)]]) [Zone Changer: Honest Rutstein (355)]
Phase: Ai(4)-mm-jarad-graveyard's End step
Phase: Ai(4)-mm-jarad-graveyard's Cleanup step
Turn: Turn 16 (Ai(1)-mm-talrand-spells)
Phase: Ai(1)-mm-talrand-spells' Untap step
Phase: Ai(1)-mm-talrand-spells' Upkeep step
Phase: Ai(1)-mm-talrand-spells' Draw step
Phase: Ai(1)-mm-talrand-spells' Main phase, precombat
Phase: Ai(1)-mm-talrand-spells' Beginning of Combat Step
Phase: Ai(1)-mm-talrand-spells' Declare Attackers Step
Phase: Ai(1)-mm-talrand-spells' Declare Blockers Step
Phase: Ai(1)-mm-talrand-spells' First Strike Damage Step
Phase: Ai(1)-mm-talrand-spells' Combat Damage Step
Phase: Ai(1)-mm-talrand-spells' End of Combat Step
Phase: Ai(1)-mm-talrand-spells' Main phase, postcombat
Phase: Ai(1)-mm-talrand-spells' End step
Phase: Ai(1)-mm-talrand-spells' Cleanup step
Turn: Turn 17 (Ai(2)-mm-nekusar-discard)
Phase: Ai(2)-mm-nekusar-discard's Untap step
Phase: Ai(2)-mm-nekusar-discard's Upkeep step
Phase: Ai(2)-mm-nekusar-discard's Draw step
Phase: Ai(2)-mm-nekusar-discard's Main phase, precombat
Replacement Effect: As Watery Grave enters, you may pay 2 life. If you don't, it enters tapped.
Land: Ai(2)-mm-nekusar-discard played Watery Grave (134)
Mana: Island (42) - {T}: Add {U}.
Mana: Island (37) - {T}: Add {U}.
Add To Stack: Ai(1)-mm-talrand-spells cast Reality Shift targeting [Abaddon the Despoiler (302)]
Zone Change: Abaddon the Despoiler (302) was put into Exile from Battlefield.
Resolve Stack: Reality Shift (79) - Exile Abaddon the Despoiler (302). 
Phase: Ai(2)-mm-nekusar-discard's Beginning of Combat Step
Phase: Ai(2)-mm-nekusar-discard's Declare Attackers Step
Phase: Ai(2)-mm-nekusar-discard's Declare Blockers Step
Phase: Ai(2)-mm-nekusar-discard's First Strike Damage Step
Phase: Ai(2)-mm-nekusar-discard's Combat Damage Step
Phase: Ai(2)-mm-nekusar-discard's End of Combat Step
Phase: Ai(2)-mm-nekusar-discard's Main phase, postcombat
Mana: Command Tower (115) - {T}: Add one mana of any color in your commander's color identity.
Add To Stack: Ai(2)-mm-nekusar-discard cast Kederekt Parasite
Resolve Stack: Kederekt Parasite - Creature 1 / 1
Mana: Reliquary Tower (177) - {T}: Add {C}.
Add To Stack: Ai(2)-mm-nekusar-discard cast Sol Ring
Resolve Stack: Sol Ring
Phase: Ai(2)-mm-nekusar-discard's End step
Phase: Ai(2)-mm-nekusar-discard's Cleanup step
Turn: Turn 18 (Ai(3)-mm-abaddon)
Phase: Ai(3)-mm-abaddon's Untap step
Phase: Ai(3)-mm-abaddon's Upkeep step
Phase: Ai(3)-mm-abaddon's Draw step
Phase: Ai(3)-mm-abaddon's Main phase, precombat
Land: Ai(3)-mm-abaddon played Swamp (250)
Phase: Ai(3)-mm-abaddon's Beginning of Combat Step
Phase: Ai(3)-mm-abaddon's Declare Attackers Step
Phase: Ai(3)-mm-abaddon's Declare Blockers Step
Phase: Ai(3)-mm-abaddon's First Strike Damage Step
Phase: Ai(3)-mm-abaddon's Combat Damage Step
Phase: Ai(3)-mm-abaddon's End of Combat Step
Phase: Ai(3)-mm-abaddon's Main phase, postcombat
Mana: Island (229) - {T}: Add {U}.
Mana: Mountain (288) - {T}: Add {R}.
Mana: Swamp (250) - {T}: Add {B}.
Mana: Luxury Suite (233) - {T}: Add {B} or {R}.
Add To Stack: Ai(3)-mm-abaddon cast Geyadrone Dihada
Replacement Effect: Geyadrone Dihada enters with four loyalty counters on it.
Resolve Stack: Geyadrone Dihada
Mana: Watery Grave (225) - {T}: Add {B}.
Mana: Commander's Sphere (213) - {T}: Add one mana of any color in your commander's color identity.
Add To Stack: Ai(3)-mm-abaddon cast Talisman of Dominance
Resolve Stack: Talisman of Dominance
Phase: Ai(3)-mm-abaddon's End step
Phase: Ai(3)-mm-abaddon's Cleanup step
Turn: Turn 19 (Ai(4)-mm-jarad-graveyard)
Phase: Ai(4)-mm-jarad-graveyard's Untap step
Phase: Ai(4)-mm-jarad-graveyard's Upkeep step
Phase: Ai(4)-mm-jarad-graveyard's Draw step
Phase: Ai(4)-mm-jarad-graveyard's Main phase, precombat
Land: Ai(4)-mm-jarad-graveyard played Forest (328)
Phase: Ai(4)-mm-jarad-graveyard's Beginning of Combat Step
Phase: Ai(4)-mm-jarad-graveyard's Declare Attackers Step
Phase: Ai(4)-mm-jarad-graveyard's Declare Blockers Step
Phase: Ai(4)-mm-jarad-graveyard's First Strike Damage Step
Phase: Ai(4)-mm-jarad-graveyard's Combat Damage Step
Phase: Ai(4)-mm-jarad-graveyard's End of Combat Step
Phase: Ai(4)-mm-jarad-graveyard's Main phase, postcombat
Mana: Forest (328) - {T}: Add {G}.
Mana: Necroblossom Snarl (372) - {T}: Add {B} or {G}.
Mana: Swamp (369) - {T}: Add {B}.
Mana: Twilight Mire (377) - {T}: Add {C}.
Add To Stack: Ai(4)-mm-jarad-graveyard cast Conduit of Worlds
Resolve Stack: Conduit of Worlds
Phase: Ai(4)-mm-jarad-graveyard's End step
Phase: Ai(4)-mm-jarad-graveyard's Cleanup step
Turn: Turn 20 (Ai(1)-mm-talrand-spells)
Phase: Ai(1)-mm-talrand-spells' Untap step
Phase: Ai(1)-mm-talrand-spells' Upkeep step
Phase: Ai(1)-mm-talrand-spells' Draw step
Phase: Ai(1)-mm-talrand-spells' Main phase, precombat
Phase: Ai(1)-mm-talrand-spells' Beginning of Combat Step
Phase: Ai(1)-mm-talrand-spells' Declare Attackers Step
Phase: Ai(1)-mm-talrand-spells' Declare Blockers Step
Phase: Ai(1)-mm-talrand-spells' First Strike Damage Step
Phase: Ai(1)-mm-talrand-spells' Combat Damage Step
Phase: Ai(1)-mm-talrand-spells' End of Combat Step
Phase: Ai(1)-mm-talrand-spells' Main phase, postcombat
Phase: Ai(1)-mm-talrand-spells' End step
Phase: Ai(1)-mm-talrand-spells' Cleanup step
Turn: Turn 21 (Ai(2)-mm-nekusar-discard)
Phase: Ai(2)-mm-nekusar-discard's Untap step
Phase: Ai(2)-mm-nekusar-discard's Upkeep step
Phase: Ai(2)-mm-nekusar-discard's Draw step
Phase: Ai(2)-mm-nekusar-discard's Main phase, precombat
Land: Ai(2)-mm-nekusar-discard played Island (137)
Phase: Ai(2)-mm-nekusar-discard's Beginning of Combat Step
Phase: Ai(2)-mm-nekusar-discard's Declare Attackers Step
Phase: Ai(2)-mm-nekusar-discard's Declare Blockers Step
Phase: Ai(2)-mm-nekusar-discard's First Strike Damage Step
Phase: Ai(2)-mm-nekusar-discard's Combat Damage Step
Phase: Ai(2)-mm-nekusar-discard's End of Combat Step
Phase: Ai(2)-mm-nekusar-discard's Main phase, postcombat
Mana: Watery Grave (134) - {T}: Add {B}.
Mana: Steam Vents (167) - {T}: Add {R}.
Mana: Island (138) - {T}: Add {U}.
Mana: Reliquary Tower (177) - {T}: Add {C}.
Mana: Sol Ring (120) - {T}: Add {C}{C}.
Add To Stack: Ai(2)-mm-nekusar-discard cast Nekusar, the Mindrazer
Mana: Island (42) - {T}: Add {U}.
Mana: Island (37) - {T}: Add {U}.
Add To Stack: Ai(1)-mm-talrand-spells cast Counterspell targeting [Nekusar, the Mindrazer - Creature 2 / 4]
Zone Change: Send countered spell to Graveyard
Resolve Stack: Counterspell (20) - Counter Nekusar, the Mindrazer (201).
Phase: Ai(2)-mm-nekusar-discard's End step
Phase: Ai(2)-mm-nekusar-discard's Cleanup step
Turn: Turn 22 (Ai(3)-mm-abaddon)
Phase: Ai(3)-mm-abaddon's Untap step
Phase: Ai(3)-mm-abaddon's Upkeep step
Phase: Ai(3)-mm-abaddon's Draw step
Phase: Ai(3)-mm-abaddon's Main phase, precombat
Add To Stack: Ai(3)-mm-abaddon activated Geyadrone Dihada targeting [Honest Rutstein (355)]
Resolve Stack: Geyadrone Dihada (232) - Ai(3)-mm-abaddon gains control of Honest Rutstein (355) until end of turn. Untap it. It gains haste until end of turn. Ai(3)-mm-abaddon puts a corruption counter on Honest Rutstein (355).
Mana: Mountain (288) - {T}: Add {R}.
Mana: Island (229) - {T}: Add {U}.
Mana: Swamp (250) - {T}: Add {B}.
Add To Stack: Ai(3)-mm-abaddon cast Chaos Warp targeting [Conduit of Worlds (389)]
Mana: Island (49) - {T}: Add {U}.
Add To Stack: Ai(1)-mm-talrand-spells cast Swan Song targeting [The owner of target permanent shuffles it into their library, then reveals the top card of their library. If it's a permanent card, they put it onto the battlefield. ]
Zone Change: Send countered spell to Graveyard
Resolve Stack: Swan Song (67) - Counter Chaos Warp (272). 
Phase: Ai(3)-mm-abaddon's Beginning of Combat Step
Phase: Ai(3)-mm-abaddon's Declare Attackers Step
Combat: Ai(3)-mm-abaddon assigned Honest Rutstein (355) and Face-down card (H1) to attack Ai(2)-mm-nekusar-discard.
Phase: Ai(3)-mm-abaddon's Declare Blockers Step
Combat: Ai(2)-mm-nekusar-discard didn't block Honest Rutstein (355).
Ai(2)-mm-nekusar-discard didn't block Face-down card (H1).
Phase: Ai(3)-mm-abaddon's First Strike Damage Step
Phase: Ai(3)-mm-abaddon's Combat Damage Step
Damage: Honest Rutstein (355) deals 3 combat damage to Ai(2)-mm-nekusar-discard.
Damage: Face-down card (H1) deals 2 combat damage to Ai(2)-mm-nekusar-discard.
Life: Life: Ai(2)-mm-nekusar-discard 40 > 35
Phase: Ai(3)-mm-abaddon's End of Combat Step
Phase: Ai(3)-mm-abaddon's Main phase, postcombat
Land: Ai(3)-mm-abaddon played Mountain (290)
Phase: Ai(3)-mm-abaddon's End step
Phase: Ai(3)-mm-abaddon's Cleanup step
Turn: Turn 23 (Ai(4)-mm-jarad-graveyard)
Phase: Ai(4)-mm-jarad-graveyard's Untap step
Phase: Ai(4)-mm-jarad-graveyard's Upkeep step
Phase: Ai(4)-mm-jarad-graveyard's Draw step
Mana: Swamp (369) - {T}: Add {B}.
Mana: Forest (328) - {T}: Add {G}.
Mana: Necroblossom Snarl (372) - {T}: Add {B} or {G}.
Add To Stack: Ai(4)-mm-jarad-graveyard cast Putrefy targeting [Bird Token (409)]
Zone Change: Bird Token (409) was put into Graveyard from Battlefield.
Resolve Stack: Putrefy (376) - Destroy Bird Token (409). It can't be regenerated.
Phase: Ai(4)-mm-jarad-graveyard's Main phase, precombat
Phase: Ai(4)-mm-jarad-graveyard's Beginning of Combat Step
Phase: Ai(4)-mm-jarad-graveyard's Declare Attackers Step
Combat: Ai(4)-mm-jarad-graveyard assigned Honest Rutstein (355) to attack Ai(3)-mm-abaddon.
Phase: Ai(4)-mm-jarad-graveyard's Declare Blockers Step
Combat: Ai(3)-mm-abaddon didn't block Honest Rutstein (355).
Phase: Ai(4)-mm-jarad-graveyard's First Strike Damage Step
Phase: Ai(4)-mm-jarad-graveyard's Combat Damage Step
Damage: Honest Rutstein (355) deals 3 combat damage to Ai(3)-mm-abaddon.
Life: Life: Ai(3)-mm-abaddon 39 > 36
Phase: Ai(4)-mm-jarad-graveyard's End of Combat Step
Phase: Ai(4)-mm-jarad-graveyard's Main phase, postcombat
Phase: Ai(4)-mm-jarad-graveyard's End step
Phase: Ai(4)-mm-jarad-graveyard's Cleanup step
Turn: Turn 24 (Ai(1)-mm-talrand-spells)
Phase: Ai(1)-mm-talrand-spells' Untap step
Phase: Ai(1)-mm-talrand-spells' Upkeep step
Phase: Ai(1)-mm-talrand-spells' Draw step
Phase: Ai(1)-mm-talrand-spells' Main phase, precombat
Phase: Ai(1)-mm-talrand-spells' Beginning of Combat Step
Phase: Ai(1)-mm-talrand-spells' Declare Attackers Step
Phase: Ai(1)-mm-talrand-spells' Declare Blockers Step
Phase: Ai(1)-mm-talrand-spells' First Strike Damage Step
Phase: Ai(1)-mm-talrand-spells' Combat Damage Step
Phase: Ai(1)-mm-talrand-spells' End of Combat Step
Phase: Ai(1)-mm-talrand-spells' Main phase, postcombat
Mana: Island (42) - {T}: Add {U}.
Mana: Island (37) - {T}: Add {U}.
Mana: Island (49) - {T}: Add {U}.
Add To Stack: Ai(1)-mm-talrand-spells cast Heraldic Banner
Replacement Effect: As Heraldic Banner enters, choose a color.
Resolve Stack: Heraldic Banner
Phase: Ai(1)-mm-talrand-spells' End step
Phase: Ai(1)-mm-talrand-spells' Cleanup step
Turn: Turn 25 (Ai(2)-mm-nekusar-discard)
Phase: Ai(2)-mm-nekusar-discard's Untap step
Phase: Ai(2)-mm-nekusar-discard's Upkeep step
Phase: Ai(2)-mm-nekusar-discard's Draw step
Phase: Ai(2)-mm-nekusar-discard's Main phase, precombat
Land: Ai(2)-mm-nekusar-discard played Polluted Delta (110)
Life: Life: Ai(2)-mm-nekusar-discard 35 > 34
Zone Change: Polluted Delta (110) was put into Graveyard from Battlefield.
Add To Stack: Ai(2)-mm-nekusar-discard activated Polluted Delta
Replacement Effect: Sunken Hollow enters tapped unless you control two or more basic lands.
Resolve Stack: Polluted Delta (110) - Ai(2)-mm-nekusar-discard searches their library for an Island or Swamp card, puts it onto the battlefield, then shuffles.
Phase: Ai(2)-mm-nekusar-discard's Beginning of Combat Step
Phase: Ai(2)-mm-nekusar-discard's Declare Attackers Step
Combat: Ai(2)-mm-nekusar-discard assigned Kederekt Parasite (154) to attack Geyadrone Dihada (232).
Phase: Ai(2)-mm-nekusar-discard's Declare Blockers Step
Combat: Ai(3)-mm-abaddon didn't block Kederekt Parasite (154).
Phase: Ai(2)-mm-nekusar-discard's First Strike Damage Step
Phase: Ai(2)-mm-nekusar-discard's Combat Damage Step
Zone Change: Geyadrone Dihada (232) was put into Graveyard from Battlefield.
Phase: Ai(2)-mm-nekusar-discard's End of Combat Step
Phase: Ai(2)-mm-nekusar-discard's Main phase, postcombat
Mana: Steam Vents (167) - {T}: Add {R}.
Mana: Watery Grave (134) - {T}: Add {B}.
Mana: Island (138) - {T}: Add {U}.
Mana: Reliquary Tower (177) - {T}: Add {C}.
Mana: Sol Ring (120) - {T}: Add {C}{C}.
Mana: Island (137) - {T}: Add {U}.
Add To Stack: Ai(2)-mm-nekusar-discard cast Nekusar, the Mindrazer
Resolve Stack: Nekusar, the Mindrazer - Creature 2 / 4
Mana: Sunken Hollow (131) - {T}: Add {U}.
Mana: Command Tower (115) - {T}: Add one mana of any color in your commander's color identity.
Add To Stack: Ai(2)-mm-nekusar-discard cast Prosperity
Resolve Stack: Prosperity (176) - Ai(2)-mm-nekusar-discard, Ai(3)-mm-abaddon, Ai(4)-mm-jarad-graveyard and Ai(1)-mm-talrand-spells each draw a card. (X=1)
Add To Stack: Ai(2)-mm-nekusar-discard triggered Kederekt Parasite
Add To Stack: Ai(2)-mm-nekusar-discard triggered Nekusar, the Mindrazer
Add To Stack: Ai(2)-mm-nekusar-discard triggered Kederekt Parasite
Add To Stack: Ai(2)-mm-nekusar-discard triggered Nekusar, the Mindrazer
Add To Stack: Ai(2)-mm-nekusar-discard triggered Kederekt Parasite
Add To Stack: Ai(2)-mm-nekusar-discard triggered Nekusar, the Mindrazer
Damage: Nekusar, the Mindrazer (201) deals 1 non-combat damage to Ai(1)-mm-talrand-spells.
Life: Life: Ai(1)-mm-talrand-spells 40 > 39
Resolve Stack: Whenever an opponent draws a card, Nekusar, the Mindrazer deals 1 damage to that player. [Player: Ai(1)-mm-talrand-spells]
Damage: Kederekt Parasite (154) deals 1 non-combat damage to Ai(1)-mm-talrand-spells.
Life: Life: Ai(1)-mm-talrand-spells 39 > 38
Resolve Stack: Whenever an opponent draws a card, if you control a red permanent, you may have Kederekt Parasite deal 1 damage to that player. [Player: Ai(1)-mm-talrand-spells]
Damage: Nekusar, the Mindrazer (201) deals 1 non-combat damage to Ai(4)-mm-jarad-graveyard.
Life: Life: Ai(4)-mm-jarad-graveyard 39 > 38
Resolve Stack: Whenever an opponent draws a card, Nekusar, the Mindrazer deals 1 damage to that player. [Player: Ai(4)-mm-jarad-graveyard]
Damage: Kederekt Parasite (154) deals 1 non-combat damage to Ai(4)-mm-jarad-graveyard.
Life: Life: Ai(4)-mm-jarad-graveyard 38 > 37
Resolve Stack: Whenever an opponent draws a card, if you control a red permanent, you may have Kederekt Parasite deal 1 damage to that player. [Player: Ai(4)-mm-jarad-graveyard]
Damage: Nekusar, the Mindrazer (201) deals 1 non-combat damage to Ai(3)-mm-abaddon.
Life: Life: Ai(3)-mm-abaddon 36 > 35
Resolve Stack: Whenever an opponent draws a card, Nekusar, the Mindrazer deals 1 damage to that player. [Player: Ai(3)-mm-abaddon]
Damage: Kederekt Parasite (154) deals 1 non-combat damage to Ai(3)-mm-abaddon.
Life: Life: Ai(3)-mm-abaddon 35 > 34
Resolve Stack: Whenever an opponent draws a card, if you control a red permanent, you may have Kederekt Parasite deal 1 damage to that player. [Player: Ai(3)-mm-abaddon]
Phase: Ai(2)-mm-nekusar-discard's End step
Phase: Ai(2)-mm-nekusar-discard's Cleanup step
Turn: Turn 26 (Ai(3)-mm-abaddon)
Phase: Ai(3)-mm-abaddon's Untap step
Phase: Ai(3)-mm-abaddon's Upkeep step
Phase: Ai(3)-mm-abaddon's Draw step
Add To Stack: Ai(2)-mm-nekusar-discard triggered Kederekt Parasite
Add To Stack: Ai(2)-mm-nekusar-discard triggered Nekusar, the Mindrazer
Add To Stack: Ai(2)-mm-nekusar-discard triggered Nekusar, the Mindrazer
Resolve Stack: At the beginning of each player's draw step, that player draws an additional card. [Phase: Ai(3)-mm-abaddon]
Add To Stack: Ai(2)-mm-nekusar-discard triggered Kederekt Parasite
Add To Stack: Ai(2)-mm-nekusar-discard triggered Nekusar, the Mindrazer
Damage: Nekusar, the Mindrazer (201) deals 1 non-combat damage to Ai(3)-mm-abaddon.
Life: Life: Ai(3)-mm-abaddon 34 > 33
Resolve Stack: Whenever an opponent draws a card, Nekusar, the Mindrazer deals 1 damage to that player. [Player: Ai(3)-mm-abaddon]
Damage: Kederekt Parasite (154) deals 1 non-combat damage to Ai(3)-mm-abaddon.
Life: Life: Ai(3)-mm-abaddon 33 > 32
Resolve Stack: Whenever an opponent draws a card, if you control a red permanent, you may have Kederekt Parasite deal 1 damage to that player. [Player: Ai(3)-mm-abaddon]
Damage: Nekusar, the Mindrazer (201) deals 1 non-combat damage to Ai(3)-mm-abaddon.
Life: Life: Ai(3)-mm-abaddon 32 > 31
Resolve Stack: Whenever an opponent draws a card, Nekusar, the Mindrazer deals 1 damage to that player. [Player: Ai(3)-mm-abaddon]
Damage: Kederekt Parasite (154) deals 1 non-combat damage to Ai(3)-mm-abaddon.
Life: Life: Ai(3)-mm-abaddon 31 > 30
Resolve Stack: Whenever an opponent draws a card, if you control a red permanent, you may have Kederekt Parasite deal 1 damage to that player. [Player: Ai(3)-mm-abaddon]
Phase: Ai(3)-mm-abaddon's Main phase, precombat
Phase: Ai(3)-mm-abaddon's Beginning of Combat Step
Phase: Ai(3)-mm-abaddon's Declare Attackers Step
Combat: Ai(3)-mm-abaddon assigned Face-down card (H1) to attack Ai(4)-mm-jarad-graveyard.
Phase: Ai(3)-mm-abaddon's Declare Blockers Step
Combat: Ai(4)-mm-jarad-graveyard didn't block Face-down card (H1).
Phase: Ai(3)-mm-abaddon's First Strike Damage Step
Phase: Ai(3)-mm-abaddon's Combat Damage Step
Damage: Face-down card (H1) deals 2 combat damage to Ai(4)-mm-jarad-graveyard.
Life: Life: Ai(4)-mm-jarad-graveyard 37 > 35
Phase: Ai(3)-mm-abaddon's End of Combat Step
Phase: Ai(3)-mm-abaddon's Main phase, postcombat
Land: Ai(3)-mm-abaddon played Swamp (249)
Mana: Island (229) - {T}: Add {U}.
Mana: Mountain (288) - {T}: Add {R}.
Mana: Swamp (250) - {T}: Add {B}.
Mana: Swamp (249) - {T}: Add {B}.
Mana: Mountain (290) - {T}: Add {R}.
Mana: Luxury Suite (233) - {T}: Add {B} or {R}.
Mana: Watery Grave (225) - {T}: Add {B}.
Add To Stack: Ai(3)-mm-abaddon cast Abaddon the Despoiler
Resolve Stack: Abaddon the Despoiler - Creature 5 / 5
Mana: Commander's Sphere (213) - {T}: Add one mana of any color in your commander's color identity.
Resolve Stack: Ai(3)-mm-abaddon has suspended Ancestral Vision with 4 time counters on it.
Phase: Ai(3)-mm-abaddon's End step
Phase: Ai(3)-mm-abaddon's Cleanup step
Turn: Turn 27 (Ai(4)-mm-jarad-graveyard)
Phase: Ai(4)-mm-jarad-graveyard's Untap step
Phase: Ai(4)-mm-jarad-graveyard's Upkeep step
Phase: Ai(4)-mm-jarad-graveyard's Draw step
Add To Stack: Ai(2)-mm-nekusar-discard triggered Kederekt Parasite
Add To Stack: Ai(2)-mm-nekusar-discard triggered Nekusar, the Mindrazer
Add To Stack: Ai(2)-mm-nekusar-discard triggered Nekusar, the Mindrazer
Resolve Stack: At the beginning of each player's draw step, that player draws an additional card. [Phase: Ai(4)-mm-jarad-graveyard]
Add To Stack: Ai(2)-mm-nekusar-discard triggered Kederekt Parasite
Add To Stack: Ai(2)-mm-nekusar-discard triggered Nekusar, the Mindrazer
Damage: Nekusar, the Mindrazer (201) deals 1 non-combat damage to Ai(4)-mm-jarad-graveyard.
Life: Life: Ai(4)-mm-jarad-graveyard 35 > 34
Resolve Stack: Whenever an opponent draws a card, Nekusar, the Mindrazer deals 1 damage to that player. [Player: Ai(4)-mm-jarad-graveyard]
Damage: Kederekt Parasite (154) deals 1 non-combat damage to Ai(4)-mm-jarad-graveyard.
Life: Life: Ai(4)-mm-jarad-graveyard 34 > 33
Resolve Stack: Whenever an opponent draws a card, if you control a red permanent, you may have Kederekt Parasite deal 1 damage to that player. [Player: Ai(4)-mm-jarad-graveyard]
Damage: Nekusar, the Mindrazer (201) deals 1 non-combat damage to Ai(4)-mm-jarad-graveyard.
Life: Life: Ai(4)-mm-jarad-graveyard 33 > 32
Resolve Stack: Whenever an opponent draws a card, Nekusar, the Mindrazer deals 1 damage to that player. [Player: Ai(4)-mm-jarad-graveyard]
Damage: Kederekt Parasite (154) deals 1 non-combat damage to Ai(4)-mm-jarad-graveyard.
Life: Life: Ai(4)-mm-jarad-graveyard 32 > 31
Resolve Stack: Whenever an opponent draws a card, if you control a red permanent, you may have Kederekt Parasite deal 1 damage to that player. [Player: Ai(4)-mm-jarad-graveyard]
Phase: Ai(4)-mm-jarad-graveyard's Main phase, precombat
Mana: Swamp (369) - {T}: Add {B}.
Mana: Necroblossom Snarl (372) - {T}: Add {B} or {G}.
Mana: Forest (328) - {T}: Add {G}.
Mana: Twilight Mire (377) - {T}: Add {C}.
Add To Stack: Ai(4)-mm-jarad-graveyard cast Nighthowler targeting [Honest Rutstein (355)]
Resolve Stack: Bestow - Nighthowler
Phase: Ai(4)-mm-jarad-graveyard's Beginning of Combat Step
Phase: Ai(4)-mm-jarad-graveyard's Declare Attackers Step
Phase: Ai(4)-mm-jarad-graveyard's Declare Blockers Step
Phase: Ai(4)-mm-jarad-graveyard's First Strike Damage Step
Phase: Ai(4)-mm-jarad-graveyard's Combat Damage Step
Phase: Ai(4)-mm-jarad-graveyard's End of Combat Step
Phase: Ai(4)-mm-jarad-graveyard's Main phase, postcombat
Phase: Ai(4)-mm-jarad-graveyard's End step
Phase: Ai(4)-mm-jarad-graveyard's Cleanup step
Turn: Turn 28 (Ai(1)-mm-talrand-spells)
Phase: Ai(1)-mm-talrand-spells' Untap step
Phase: Ai(1)-mm-talrand-spells' Upkeep step
Mana: Island (42) - {T}: Add {U}.
Mana: Island (37) - {T}: Add {U}.
Mana: Island (49) - {T}: Add {U}.
Mana: Heraldic Banner (5) - {T}: Add one mana of the chosen color.
Add To Stack: Ai(1)-mm-talrand-spells cast Fact or Fiction
Resolve Stack: Fact or Fiction (64) - Ai(1)-mm-talrand-spells reveals the top five cards of their library. An opponent separates those cards into two piles. Ai(1)-mm-talrand-spells puts one pile into their hand and the other into their graveyard.
Phase: Ai(1)-mm-talrand-spells' Draw step
Add To Stack: Ai(2)-mm-nekusar-discard triggered Kederekt Parasite
Add To Stack: Ai(2)-mm-nekusar-discard triggered Nekusar, the Mindrazer
Add To Stack: Ai(2)-mm-nekusar-discard triggered Nekusar, the Mindrazer
Resolve Stack: At the beginning of each player's draw step, that player draws an additional card. [Phase: Ai(1)-mm-talrand-spells]
Add To Stack: Ai(2)-mm-nekusar-discard triggered Kederekt Parasite
Add To Stack: Ai(2)-mm-nekusar-discard triggered Nekusar, the Mindrazer
Damage: Nekusar, the Mindrazer (201) deals 1 non-combat damage to Ai(1)-mm-talrand-spells.
Life: Life: Ai(1)-mm-talrand-spells 38 > 37
Resolve Stack: Whenever an opponent draws a card, Nekusar, the Mindrazer deals 1 damage to that player. [Player: Ai(1)-mm-talrand-spells]
Damage: Kederekt Parasite (154) deals 1 non-combat damage to Ai(1)-mm-talrand-spells.
Life: Life: Ai(1)-mm-talrand-spells 37 > 36
Resolve Stack: Whenever an opponent draws a card, if you control a red permanent, you may have Kederekt Parasite deal 1 damage to that player. [Player: Ai(1)-mm-talrand-spells]
Damage: Nekusar, the Mindrazer (201) deals 1 non-combat damage to Ai(1)-mm-talrand-spells.
Life: Life: Ai(1)-mm-talrand-spells 36 > 35
Resolve Stack: Whenever an opponent draws a card, Nekusar, the Mindrazer deals 1 damage to that player. [Player: Ai(1)-mm-talrand-spells]
Damage: Kederekt Parasite (154) deals 1 non-combat damage to Ai(1)-mm-talrand-spells.
Life: Life: Ai(1)-mm-talrand-spells 35 > 34
Resolve Stack: Whenever an opponent draws a card, if you control a red permanent, you may have Kederekt Parasite deal 1 damage to that player. [Player: Ai(1)-mm-talrand-spells]
Phase: Ai(1)-mm-talrand-spells' Main phase, precombat
Land: Ai(1)-mm-talrand-spells played Riptide Laboratory (9)
Phase: Ai(1)-mm-talrand-spells' Beginning of Combat Step
Phase: Ai(1)-mm-talrand-spells' Declare Attackers Step
Phase: Ai(1)-mm-talrand-spells' Declare Blockers Step
Phase: Ai(1)-mm-talrand-spells' First Strike Damage Step
Phase: Ai(1)-mm-talrand-spells' Combat Damage Step
Phase: Ai(1)-mm-talrand-spells' End of Combat Step
Phase: Ai(1)-mm-talrand-spells' Main phase, postcombat
Phase: Ai(1)-mm-talrand-spells' End step
Phase: Ai(1)-mm-talrand-spells' Cleanup step
Turn: Turn 29 (Ai(2)-mm-nekusar-discard)
Phase: Ai(2)-mm-nekusar-discard's Untap step
Phase: Ai(2)-mm-nekusar-discard's Upkeep step
Phase: Ai(2)-mm-nekusar-discard's Draw step
Add To Stack: Ai(2)-mm-nekusar-discard triggered Nekusar, the Mindrazer
Resolve Stack: At the beginning of each player's draw step, that player draws an additional card. [Phase: Ai(2)-mm-nekusar-discard]
Phase: Ai(2)-mm-nekusar-discard's Main phase, precombat
Phase: Ai(2)-mm-nekusar-discard's Beginning of Combat Step
Phase: Ai(2)-mm-nekusar-discard's Declare Attackers Step
Phase: Ai(2)-mm-nekusar-discard's Declare Blockers Step
Phase: Ai(2)-mm-nekusar-discard's First Strike Damage Step
Phase: Ai(2)-mm-nekusar-discard's Combat Damage Step
Phase: Ai(2)-mm-nekusar-discard's End of Combat Step
Phase: Ai(2)-mm-nekusar-discard's Main phase, postcombat
Mana: Watery Grave (134) - {T}: Add {B}.
Mana: Sunken Hollow (131) - {T}: Add {B}.
Mana: Reliquary Tower (177) - {T}: Add {C}.
Mana: Sol Ring (120) - {T}: Add {C}{C}.
Add To Stack: Ai(2)-mm-nekusar-discard cast Seizan, Perverter of Truth
Resolve Stack: Seizan, Perverter of Truth - Creature 6 / 5
Mana: Steam Vents (167) - {T}: Add {R}.
Mana: Island (138) - {T}: Add {U}.
Mana: Island (137) - {T}: Add {U}.
Add To Stack: Ai(2)-mm-nekusar-discard cast Fevered Visions
Resolve Stack: Fevered Visions
Phase: Ai(2)-mm-nekusar-discard's End step
Add To Stack: Ai(2)-mm-nekusar-discard triggered Fevered Visions
Resolve Stack: At the beginning of each player's end step, that player draws a card. If the player is your opponent and has four or more cards in hand, Fevered Visions deals 2 damage to that player. [Phase: Ai(2)-mm-nekusar-discard]
Phase: Ai(2)-mm-nekusar-discard's Cleanup step
Turn: Turn 30 (Ai(3)-mm-abaddon)
Phase: Ai(3)-mm-abaddon's Untap step
Phase: Ai(3)-mm-abaddon's Upkeep step
Add To Stack: Ai(3)-mm-abaddon triggered Ancestral Vision
Add To Stack: Ai(2)-mm-nekusar-discard triggered Seizan, Perverter of Truth
Life: Life: Ai(3)-mm-abaddon 30 > 28
Resolve Stack: At the beginning of each player's upkeep, that player loses 2 life and draws two cards. [Phase: Ai(3)-mm-abaddon]
Add To Stack: Ai(2)-mm-nekusar-discard triggered Kederekt Parasite
Add To Stack: Ai(2)-mm-nekusar-discard triggered Nekusar, the Mindrazer
Add To Stack: Ai(2)-mm-nekusar-discard triggered Kederekt Parasite
Add To Stack: Ai(2)-mm-nekusar-discard triggered Nekusar, the Mindrazer
Damage: Nekusar, the Mindrazer (201) deals 1 non-combat damage to Ai(3)-mm-abaddon.
Life: Life: Ai(3)-mm-abaddon 28 > 27
Resolve Stack: Whenever an opponent draws a card, Nekusar, the Mindrazer deals 1 damage to that player. [Player: Ai(3)-mm-abaddon]
Damage: Kederekt Parasite (154) deals 1 non-combat damage to Ai(3)-mm-abaddon.
Life: Life: Ai(3)-mm-abaddon 27 > 26
Resolve Stack: Whenever an opponent draws a card, if you control a red permanent, you may have Kederekt Parasite deal 1 damage to that player. [Player: Ai(3)-mm-abaddon]
Damage: Nekusar, the Mindrazer (201) deals 1 non-combat damage to Ai(3)-mm-abaddon.
Life: Life: Ai(3)-mm-abaddon 26 > 25
Resolve Stack: Whenever an opponent draws a card, Nekusar, the Mindrazer deals 1 damage to that player. [Player: Ai(3)-mm-abaddon]
Damage: Kederekt Parasite (154) deals 1 non-combat damage to Ai(3)-mm-abaddon.
Life: Life: Ai(3)-mm-abaddon 25 > 24
Resolve Stack: Whenever an opponent draws a card, if you control a red permanent, you may have Kederekt Parasite deal 1 damage to that player. [Player: Ai(3)-mm-abaddon]
Resolve Stack: At the beginning of your upkeep, if this card is suspended, remove a time counter from it [Phase: Ai(3)-mm-abaddon]
Phase: Ai(3)-mm-abaddon's Draw step
Add To Stack: Ai(2)-mm-nekusar-discard triggered Kederekt Parasite
Add To Stack: Ai(2)-mm-nekusar-discard triggered Nekusar, the Mindrazer
Add To Stack: Ai(2)-mm-nekusar-discard triggered Nekusar, the Mindrazer
Mana: Mountain (288) - {T}: Add {R}.
Mana: Swamp (250) - {T}: Add {B}.
Mana: Swamp (249) - {T}: Add {B}.
Mana: Island (229) - {T}: Add {U}.
Mana: Mountain (290) - {T}: Add {R}.
Add To Stack: Ai(3)-mm-abaddon cast Bituminous Blast targeting [Honest Rutstein (355)]
Add To Stack: Ai(3)-mm-abaddon triggered Bituminous Blast
Add To Stack: Ai(3)-mm-abaddon cast Jeska's Will
Resolve Stack: Cascade - Bituminous Blast [Card: Bituminous Blast (283), Activator: Ai(3)-mm-abaddon, SpellAbility: Bituminous Blast deals 4 damage to target creature.]
Resolve Stack: Jeska's Will (204) -  Exile the top three cards of your library. You may play them this turn.  
Add To Stack: Ai(2)-mm-nekusar-discard cast Fierce Guardianship targeting [Bituminous Blast deals 4 damage to target creature.]
Zone Change: Send countered spell to Graveyard
Resolve Stack: Fierce Guardianship (128) - Counter Bituminous Blast (283).
Resolve Stack: At the beginning of each player's draw step, that player draws an additional card. [Phase: Ai(3)-mm-abaddon]
Add To Stack: Ai(2)-mm-nekusar-discard triggered Kederekt Parasite
Add To Stack: Ai(2)-mm-nekusar-discard triggered Nekusar, the Mindrazer
Damage: Nekusar, the Mindrazer (201) deals 1 non-combat damage to Ai(3)-mm-abaddon.
Life: Life: Ai(3)-mm-abaddon 24 > 23
Resolve Stack: Whenever an opponent draws a card, Nekusar, the Mindrazer deals 1 damage to that player. [Player: Ai(3)-mm-abaddon]
Damage: Kederekt Parasite (154) deals 1 non-combat damage to Ai(3)-mm-abaddon.
Life: Life: Ai(3)-mm-abaddon 23 > 22
Resolve Stack: Whenever an opponent draws a card, if you control a red permanent, you may have Kederekt Parasite deal 1 damage to that player. [Player: Ai(3)-mm-abaddon]
Damage: Nekusar, the Mindrazer (201) deals 1 non-combat damage to Ai(3)-mm-abaddon.
Life: Life: Ai(3)-mm-abaddon 22 > 21
Resolve Stack: Whenever an opponent draws a card, Nekusar, the Mindrazer deals 1 damage to that player. [Player: Ai(3)-mm-abaddon]
Damage: Kederekt Parasite (154) deals 1 non-combat damage to Ai(3)-mm-abaddon.
Life: Life: Ai(3)-mm-abaddon 21 > 20
Resolve Stack: Whenever an opponent draws a card, if you control a red permanent, you may have Kederekt Parasite deal 1 damage to that player. [Player: Ai(3)-mm-abaddon]
Phase: Ai(3)-mm-abaddon's Main phase, precombat
Replacement Effect: Sulfur Falls enters tapped unless you control an Island or a Mountain.
Land: Ai(3)-mm-abaddon played Sulfur Falls (222)
Phase: Ai(3)-mm-abaddon's Beginning of Combat Step
Phase: Ai(3)-mm-abaddon's Declare Attackers Step
Phase: Ai(3)-mm-abaddon's Declare Blockers Step
Phase: Ai(3)-mm-abaddon's First Strike Damage Step
Phase: Ai(3)-mm-abaddon's Combat Damage Step
Phase: Ai(3)-mm-abaddon's End of Combat Step
Phase: Ai(3)-mm-abaddon's Main phase, postcombat
Mana: Sulfur Falls (222) - {T}: Add {U} or {R}.
Mana: Luxury Suite (233) - {T}: Add {B} or {R}.
Mana: Watery Grave (225) - {T}: Add {B}.
Add To Stack: Ai(3)-mm-abaddon cast Frantic Search
Discard: Ai(3)-mm-abaddon discards Evolving Wilds (231).
Discard: Ai(3)-mm-abaddon discards Crumbling Necropolis (254).
Resolve Stack: Frantic Search (224) - Ai(3)-mm-abaddon draws two cards. Ai(3)-mm-abaddon discards two cards. Untap up to 3 Lands.
Add To Stack: Ai(2)-mm-nekusar-discard triggered Kederekt Parasite
Add To Stack: Ai(2)-mm-nekusar-discard triggered Nekusar, the Mindrazer
Add To Stack: Ai(2)-mm-nekusar-discard triggered Kederekt Parasite
Add To Stack: Ai(2)-mm-nekusar-discard triggered Nekusar, the Mindrazer
Damage: Nekusar, the Mindrazer (201) deals 1 non-combat damage to Ai(3)-mm-abaddon.
Life: Life: Ai(3)-mm-abaddon 20 > 19
Resolve Stack: Whenever an opponent draws a card, Nekusar, the Mindrazer deals 1 damage to that player. [Player: Ai(3)-mm-abaddon]
Damage: Kederekt Parasite (154) deals 1 non-combat damage to Ai(3)-mm-abaddon.
Life: Life: Ai(3)-mm-abaddon 19 > 18
Resolve Stack: Whenever an opponent draws a card, if you control a red permanent, you may have Kederekt Parasite deal 1 damage to that player. [Player: Ai(3)-mm-abaddon]
Damage: Nekusar, the Mindrazer (201) deals 1 non-combat damage to Ai(3)-mm-abaddon.
Life: Life: Ai(3)-mm-abaddon 18 > 17
Resolve Stack: Whenever an opponent draws a card, Nekusar, the Mindrazer deals 1 damage to that player. [Player: Ai(3)-mm-abaddon]
Damage: Kederekt Parasite (154) deals 1 non-combat damage to Ai(3)-mm-abaddon.
Life: Life: Ai(3)-mm-abaddon 17 > 16
Resolve Stack: Whenever an opponent draws a card, if you control a red permanent, you may have Kederekt Parasite deal 1 damage to that player. [Player: Ai(3)-mm-abaddon]
Mana: Sulfur Falls (222) - {T}: Add {U} or {R}.
Mana: Watery Grave (225) - {T}: Add {U}.
Mana: Luxury Suite (233) - {T}: Add {B} or {R}.
Mana: Commander's Sphere (213) - {T}: Add one mana of any color in your commander's color identity.
Mana: Talisman of Dominance (203) - {T}: Add {C}.
Add To Stack: Ai(3)-mm-abaddon cast Pink Horror
Resolve Stack: Pink Horror - Creature 4 / 4
Phase: Ai(3)-mm-abaddon's End step
Add To Stack: Ai(2)-mm-nekusar-discard triggered Fevered Visions
Damage: Fevered Visions (199) deals 2 non-combat damage to Ai(3)-mm-abaddon.
Life: Life: Ai(3)-mm-abaddon 16 > 14
Resolve Stack: At the beginning of each player's end step, that player draws a card. If the player is your opponent and has four or more cards in hand, Fevered Visions deals 2 damage to that player. [Phase: Ai(3)-mm-abaddon]
Add To Stack: Ai(2)-mm-nekusar-discard triggered Kederekt Parasite
Add To Stack: Ai(2)-mm-nekusar-discard triggered Nekusar, the Mindrazer
Damage: Nekusar, the Mindrazer (201) deals 1 non-combat damage to Ai(3)-mm-abaddon.
Life: Life: Ai(3)-mm-abaddon 14 > 13
Resolve Stack: Whenever an opponent draws a card, Nekusar, the Mindrazer deals 1 damage to that player. [Player: Ai(3)-mm-abaddon]
Damage: Kederekt Parasite (154) deals 1 non-combat damage to Ai(3)-mm-abaddon.
Life: Life: Ai(3)-mm-abaddon 13 > 12
Resolve Stack: Whenever an opponent draws a card, if you control a red permanent, you may have Kederekt Parasite deal 1 damage to that player. [Player: Ai(3)-mm-abaddon]
Phase: Ai(3)-mm-abaddon's Cleanup step
Turn: Turn 31 (Ai(4)-mm-jarad-graveyard)
Phase: Ai(4)-mm-jarad-graveyard's Untap step
Phase: Ai(4)-mm-jarad-graveyard's Upkeep step
Add To Stack: Ai(2)-mm-nekusar-discard triggered Seizan, Perverter of Truth
Life: Life: Ai(4)-mm-jarad-graveyard 31 > 29
Resolve Stack: At the beginning of each player's upkeep, that player loses 2 life and draws two cards. [Phase: Ai(4)-mm-jarad-graveyard]
Add To Stack: Ai(2)-mm-nekusar-discard triggered Kederekt Parasite
Add To Stack: Ai(2)-mm-nekusar-discard triggered Nekusar, the Mindrazer
Add To Stack: Ai(2)-mm-nekusar-discard triggered Kederekt Parasite
Add To Stack: Ai(2)-mm-nekusar-discard triggered Nekusar, the Mindrazer
Damage: Nekusar, the Mindrazer (201) deals 1 non-combat damage to Ai(4)-mm-jarad-graveyard.
Life: Life: Ai(4)-mm-jarad-graveyard 29 > 28
Resolve Stack: Whenever an opponent draws a card, Nekusar, the Mindrazer deals 1 damage to that player. [Player: Ai(4)-mm-jarad-graveyard]
Damage: Kederekt Parasite (154) deals 1 non-combat damage to Ai(4)-mm-jarad-graveyard.
Life: Life: Ai(4)-mm-jarad-graveyard 28 > 27
Resolve Stack: Whenever an opponent draws a card, if you control a red permanent, you may have Kederekt Parasite deal 1 damage to that player. [Player: Ai(4)-mm-jarad-graveyard]
Damage: Nekusar, the Mindrazer (201) deals 1 non-combat damage to Ai(4)-mm-jarad-graveyard.
Life: Life: Ai(4)-mm-jarad-graveyard 27 > 26
Resolve Stack: Whenever an opponent draws a card, Nekusar, the Mindrazer deals 1 damage to that player. [Player: Ai(4)-mm-jarad-graveyard]
Damage: Kederekt Parasite (154) deals 1 non-combat damage to Ai(4)-mm-jarad-graveyard.
Life: Life: Ai(4)-mm-jarad-graveyard 26 > 25
Resolve Stack: Whenever an opponent draws a card, if you control a red permanent, you may have Kederekt Parasite deal 1 damage to that player. [Player: Ai(4)-mm-jarad-graveyard]
Phase: Ai(4)-mm-jarad-graveyard's Draw step
Add To Stack: Ai(2)-mm-nekusar-discard triggered Kederekt Parasite
Add To Stack: Ai(2)-mm-nekusar-discard triggered Nekusar, the Mindrazer
Add To Stack: Ai(2)-mm-nekusar-discard triggered Nekusar, the Mindrazer
Resolve Stack: At the beginning of each player's draw step, that player draws an additional card. [Phase: Ai(4)-mm-jarad-graveyard]
Add To Stack: Ai(2)-mm-nekusar-discard triggered Kederekt Parasite
Add To Stack: Ai(2)-mm-nekusar-discard triggered Nekusar, the Mindrazer
Damage: Nekusar, the Mindrazer (201) deals 1 non-combat damage to Ai(4)-mm-jarad-graveyard.
Life: Life: Ai(4)-mm-jarad-graveyard 25 > 24
Resolve Stack: Whenever an opponent draws a card, Nekusar, the Mindrazer deals 1 damage to that player. [Player: Ai(4)-mm-jarad-graveyard]
Damage: Kederekt Parasite (154) deals 1 non-combat damage to Ai(4)-mm-jarad-graveyard.
Life: Life: Ai(4)-mm-jarad-graveyard 24 > 23
Resolve Stack: Whenever an opponent draws a card, if you control a red permanent, you may have Kederekt Parasite deal 1 damage to that player. [Player: Ai(4)-mm-jarad-graveyard]
Damage: Nekusar, the Mindrazer (201) deals 1 non-combat damage to Ai(4)-mm-jarad-graveyard.
Life: Life: Ai(4)-mm-jarad-graveyard 23 > 22
Resolve Stack: Whenever an opponent draws a card, Nekusar, the Mindrazer deals 1 damage to that player. [Player: Ai(4)-mm-jarad-graveyard]
Damage: Kederekt Parasite (154) deals 1 non-combat damage to Ai(4)-mm-jarad-graveyard.
Life: Life: Ai(4)-mm-jarad-graveyard 22 > 21
Resolve Stack: Whenever an opponent draws a card, if you control a red permanent, you may have Kederekt Parasite deal 1 damage to that player. [Player: Ai(4)-mm-jarad-graveyard]
Phase: Ai(4)-mm-jarad-graveyard's Main phase, precombat
Phase: Ai(4)-mm-jarad-graveyard's Beginning of Combat Step
Phase: Ai(4)-mm-jarad-graveyard's Declare Attackers Step
Phase: Ai(4)-mm-jarad-graveyard's Declare Blockers Step
Phase: Ai(4)-mm-jarad-graveyard's First Strike Damage Step
Phase: Ai(4)-mm-jarad-graveyard's Combat Damage Step
Phase: Ai(4)-mm-jarad-graveyard's End of Combat Step
Phase: Ai(4)-mm-jarad-graveyard's Main phase, postcombat
Replacement Effect: Dakmor Salvage enters tapped.
Land: Ai(4)-mm-jarad-graveyard played Dakmor Salvage (375)
Mana: Swamp (369) - {T}: Add {B}.
Mana: Forest (328) - {T}: Add {G}.
Mana: Necroblossom Snarl (372) - {T}: Add {B} or {G}.
Mana: Twilight Mire (377) - {T}: Add {C}.
Add To Stack: Ai(4)-mm-jarad-graveyard cast Underrealm Lich
Resolve Stack: Underrealm Lich - Creature 4 / 3
Phase: Ai(4)-mm-jarad-graveyard's End step
Add To Stack: Ai(2)-mm-nekusar-discard triggered Fevered Visions
Replacement Effect: If you would draw a card, instead look at the top three cards of your library, then put one into your hand and the rest into your graveyard.
Damage: Fevered Visions (199) deals 2 non-combat damage to Ai(4)-mm-jarad-graveyard.
Life: Life: Ai(4)-mm-jarad-graveyard 21 > 19
Resolve Stack: At the beginning of each player's end step, that player draws a card. If the player is your opponent and has four or more cards in hand, Fevered Visions deals 2 damage to that player. [Phase: Ai(4)-mm-jarad-graveyard]
Phase: Ai(4)-mm-jarad-graveyard's Cleanup step
Discard: Ai(4)-mm-jarad-graveyard discards Ghoultree (402).
Discard: Ai(4)-mm-jarad-graveyard discards Deadbridge Chant (394).
Discard: Ai(4)-mm-jarad-graveyard discards Bonehoard (357).
Turn: Turn 32 (Ai(1)-mm-talrand-spells)
Phase: Ai(1)-mm-talrand-spells' Untap step
Phase: Ai(1)-mm-talrand-spells' Upkeep step
Add To Stack: Ai(2)-mm-nekusar-discard triggered Seizan, Perverter of Truth
Life: Life: Ai(1)-mm-talrand-spells 34 > 32
Resolve Stack: At the beginning of each player's upkeep, that player loses 2 life and draws two cards. [Phase: Ai(1)-mm-talrand-spells]
Add To Stack: Ai(2)-mm-nekusar-discard triggered Kederekt Parasite
Add To Stack: Ai(2)-mm-nekusar-discard triggered Nekusar, the Mindrazer
Add To Stack: Ai(2)-mm-nekusar-discard triggered Kederekt Parasite
Add To Stack: Ai(2)-mm-nekusar-discard triggered Nekusar, the Mindrazer
Damage: Nekusar, the Mindrazer (201) deals 1 non-combat damage to Ai(1)-mm-talrand-spells.
Life: Life: Ai(1)-mm-talrand-spells 32 > 31
Resolve Stack: Whenever an opponent draws a card, Nekusar, the Mindrazer deals 1 damage to that player. [Player: Ai(1)-mm-talrand-spells]
Damage: Kederekt Parasite (154) deals 1 non-combat damage to Ai(1)-mm-talrand-spells.
Life: Life: Ai(1)-mm-talrand-spells 31 > 30
Resolve Stack: Whenever an opponent draws a card, if you control a red permanent, you may have Kederekt Parasite deal 1 damage to that player. [Player: Ai(1)-mm-talrand-spells]
Damage: Nekusar, the Mindrazer (201) deals 1 non-combat damage to Ai(1)-mm-talrand-spells.
Life: Life: Ai(1)-mm-talrand-spells 30 > 29
Resolve Stack: Whenever an opponent draws a card, Nekusar, the Mindrazer deals 1 damage to that player. [Player: Ai(1)-mm-talrand-spells]
Damage: Kederekt Parasite (154) deals 1 non-combat damage to Ai(1)-mm-talrand-spells.
Life: Life: Ai(1)-mm-talrand-spells 29 > 28
Resolve Stack: Whenever an opponent draws a card, if you control a red permanent, you may have Kederekt Parasite deal 1 damage to that player. [Player: Ai(1)-mm-talrand-spells]
Phase: Ai(1)-mm-talrand-spells' Draw step
Add To Stack: Ai(2)-mm-nekusar-discard triggered Kederekt Parasite
Add To Stack: Ai(2)-mm-nekusar-discard triggered Nekusar, the Mindrazer
Add To Stack: Ai(2)-mm-nekusar-discard triggered Nekusar, the Mindrazer
Resolve Stack: At the beginning of each player's draw step, that player draws an additional card. [Phase: Ai(1)-mm-talrand-spells]
Add To Stack: Ai(2)-mm-nekusar-discard triggered Kederekt Parasite
Add To Stack: Ai(2)-mm-nekusar-discard triggered Nekusar, the Mindrazer
Damage: Nekusar, the Mindrazer (201) deals 1 non-combat damage to Ai(1)-mm-talrand-spells.
Life: Life: Ai(1)-mm-talrand-spells 28 > 27
Resolve Stack: Whenever an opponent draws a card, Nekusar, the Mindrazer deals 1 damage to that player. [Player: Ai(1)-mm-talrand-spells]
Damage: Kederekt Parasite (154) deals 1 non-combat damage to Ai(1)-mm-talrand-spells.
Life: Life: Ai(1)-mm-talrand-spells 27 > 26
Resolve Stack: Whenever an opponent draws a card, if you control a red permanent, you may have Kederekt Parasite deal 1 damage to that player. [Player: Ai(1)-mm-talrand-spells]
Damage: Nekusar, the Mindrazer (201) deals 1 non-combat damage to Ai(1)-mm-talrand-spells.
Life: Life: Ai(1)-mm-talrand-spells 26 > 25
Resolve Stack: Whenever an opponent draws a card, Nekusar, the Mindrazer deals 1 damage to that player. [Player: Ai(1)-mm-talrand-spells]
Damage: Kederekt Parasite (154) deals 1 non-combat damage to Ai(1)-mm-talrand-spells.
Life: Life: Ai(1)-mm-talrand-spells 25 > 24
Resolve Stack: Whenever an opponent draws a card, if you control a red permanent, you may have Kederekt Parasite deal 1 damage to that player. [Player: Ai(1)-mm-talrand-spells]
Phase: Ai(1)-mm-talrand-spells' Main phase, precombat
Land: Ai(1)-mm-talrand-spells played Island (36)
Mana: Island (42) - {T}: Add {U}.
Mana: Island (37) - {T}: Add {U}.
Mana: Island (49) - {T}: Add {U}.
Add To Stack: Ai(1)-mm-talrand-spells cast Ravenform targeting [Honest Rutstein (355)]
Zone Change: Honest Rutstein (355) was put into Exile from Battlefield.
Resolve Stack: Ravenform (72) - Exile Honest Rutstein (355). 
Phase: Ai(1)-mm-talrand-spells' Beginning of Combat Step
Phase: Ai(1)-mm-talrand-spells' Declare Attackers Step
Phase: Ai(1)-mm-talrand-spells' Declare Blockers Step
Phase: Ai(1)-mm-talrand-spells' First Strike Damage Step
Phase: Ai(1)-mm-talrand-spells' Combat Damage Step
Phase: Ai(1)-mm-talrand-spells' End of Combat Step
Phase: Ai(1)-mm-talrand-spells' Main phase, postcombat
Mana: Heraldic Banner (5) - {T}: Add one mana of the chosen color.
Mana: Island (36) - {T}: Add {U}.
Mana: Riptide Laboratory (9) - {T}: Add {C}.
Add To Stack: Ai(1)-mm-talrand-spells cast Propaganda
Resolve Stack: Propaganda
Phase: Ai(1)-mm-talrand-spells' End step
Add To Stack: Ai(2)-mm-nekusar-discard triggered Fevered Visions
Damage: Fevered Visions (199) deals 2 non-combat damage to Ai(1)-mm-talrand-spells.
Life: Life: Ai(1)-mm-talrand-spells 24 > 22
Resolve Stack: At the beginning of each player's end step, that player draws a card. If the player is your opponent and has four or more cards in hand, Fevered Visions deals 2 damage to that player. [Phase: Ai(1)-mm-talrand-spells]
Add To Stack: Ai(2)-mm-nekusar-discard triggered Kederekt Parasite
Add To Stack: Ai(2)-mm-nekusar-discard triggered Nekusar, the Mindrazer
Damage: Nekusar, the Mindrazer (201) deals 1 non-combat damage to Ai(1)-mm-talrand-spells.
Life: Life: Ai(1)-mm-talrand-spells 22 > 21
Resolve Stack: Whenever an opponent draws a card, Nekusar, the Mindrazer deals 1 damage to that player. [Player: Ai(1)-mm-talrand-spells]
Damage: Kederekt Parasite (154) deals 1 non-combat damage to Ai(1)-mm-talrand-spells.
Life: Life: Ai(1)-mm-talrand-spells 21 > 20
Resolve Stack: Whenever an opponent draws a card, if you control a red permanent, you may have Kederekt Parasite deal 1 damage to that player. [Player: Ai(1)-mm-talrand-spells]
Phase: Ai(1)-mm-talrand-spells' Cleanup step
Discard: Ai(1)-mm-talrand-spells discards Jace's Sanctum (70).
Discard: Ai(1)-mm-talrand-spells discards Mocking Sprite (87).
Turn: Turn 33 (Ai(2)-mm-nekusar-discard)
Phase: Ai(2)-mm-nekusar-discard's Untap step
Phase: Ai(2)-mm-nekusar-discard's Upkeep step
Add To Stack: Ai(2)-mm-nekusar-discard triggered Seizan, Perverter of Truth
Life: Life: Ai(2)-mm-nekusar-discard 34 > 32
Resolve Stack: At the beginning of each player's upkeep, that player loses 2 life and draws two cards. [Phase: Ai(2)-mm-nekusar-discard]
Phase: Ai(2)-mm-nekusar-discard's Draw step
Add To Stack: Ai(2)-mm-nekusar-discard triggered Nekusar, the Mindrazer
Resolve Stack: At the beginning of each player's draw step, that player draws an additional card. [Phase: Ai(2)-mm-nekusar-discard]
Phase: Ai(2)-mm-nekusar-discard's Main phase, precombat
Replacement Effect: Dragonskull Summit enters tapped unless you control a Swamp or a Mountain.
Land: Ai(2)-mm-nekusar-discard played Dragonskull Summit (153)
Phase: Ai(2)-mm-nekusar-discard's Beginning of Combat Step
Phase: Ai(2)-mm-nekusar-discard's Declare Attackers Step
Combat: Ai(2)-mm-nekusar-discard assigned Seizan, Perverter of Truth (119) to attack Ai(3)-mm-abaddon.
Phase: Ai(2)-mm-nekusar-discard's Declare Blockers Step
Combat: Ai(3)-mm-abaddon assigned Abaddon the Despoiler (302) to block Seizan, Perverter of Truth (119).
Phase: Ai(2)-mm-nekusar-discard's First Strike Damage Step
Phase: Ai(2)-mm-nekusar-discard's Combat Damage Step
Damage: Seizan, Perverter of Truth (119) deals 6 damage to Abaddon the Despoiler (302).
Damage: Abaddon the Despoiler (302) deals 5 damage to Seizan, Perverter of Truth (119).
Zone Change: Seizan, Perverter of Truth (119) was put into Graveyard from Battlefield.
Zone Change: Abaddon the Despoiler (302) was put into Graveyard from Battlefield.
Phase: Ai(2)-mm-nekusar-discard's End of Combat Step
Phase: Ai(2)-mm-nekusar-discard's Main phase, postcombat
Mana: Reliquary Tower (177) - {T}: Add {C}.
Mana: Sol Ring (120) - {T}: Add {C}{C}.
Add To Stack: Ai(2)-mm-nekusar-discard cast Arcane Signet
Resolve Stack: Arcane Signet
Phase: Ai(2)-mm-nekusar-discard's End step
Add To Stack: Ai(2)-mm-nekusar-discard triggered Fevered Visions
Resolve Stack: At the beginning of each player's end step, that player draws a card. If the player is your opponent and has four or more cards in hand, Fevered Visions deals 2 damage to that player. [Phase: Ai(2)-mm-nekusar-discard]
Phase: Ai(2)-mm-nekusar-discard's Cleanup step
Turn: Turn 34 (Ai(3)-mm-abaddon)
Phase: Ai(3)-mm-abaddon's Untap step
Phase: Ai(3)-mm-abaddon's Upkeep step
Add To Stack: Ai(3)-mm-abaddon triggered Ancestral Vision
Resolve Stack: At the beginning of your upkeep, if this card is suspended, remove a time counter from it [Phase: Ai(3)-mm-abaddon]
Phase: Ai(3)-mm-abaddon's Draw step
Add To Stack: Ai(2)-mm-nekusar-discard triggered Kederekt Parasite
Add To Stack: Ai(2)-mm-nekusar-discard triggered Nekusar, the Mindrazer
Add To Stack: Ai(2)-mm-nekusar-discard triggered Nekusar, the Mindrazer
Resolve Stack: At the beginning of each player's draw step, that player draws an additional card. [Phase: Ai(3)-mm-abaddon]
Add To Stack: Ai(2)-mm-nekusar-discard triggered Kederekt Parasite
Add To Stack: Ai(2)-mm-nekusar-discard triggered Nekusar, the Mindrazer
Damage: Nekusar, the Mindrazer (201) deals 1 non-combat damage to Ai(3)-mm-abaddon.
Life: Life: Ai(3)-mm-abaddon 12 > 11
Resolve Stack: Whenever an opponent draws a card, Nekusar, the Mindrazer deals 1 damage to that player. [Player: Ai(3)-mm-abaddon]
Damage: Kederekt Parasite (154) deals 1 non-combat damage to Ai(3)-mm-abaddon.
Life: Life: Ai(3)-mm-abaddon 11 > 10
Resolve Stack: Whenever an opponent draws a card, if you control a red permanent, you may have Kederekt Parasite deal 1 damage to that player. [Player: Ai(3)-mm-abaddon]
Damage: Nekusar, the Mindrazer (201) deals 1 non-combat damage to Ai(3)-mm-abaddon.
Life: Life: Ai(3)-mm-abaddon 10 > 9
Resolve Stack: Whenever an opponent draws a card, Nekusar, the Mindrazer deals 1 damage to that player. [Player: Ai(3)-mm-abaddon]
Damage: Kederekt Parasite (154) deals 1 non-combat damage to Ai(3)-mm-abaddon.
Life: Life: Ai(3)-mm-abaddon 9 > 8
Resolve Stack: Whenever an opponent draws a card, if you control a red permanent, you may have Kederekt Parasite deal 1 damage to that player. [Player: Ai(3)-mm-abaddon]
Phase: Ai(3)-mm-abaddon's Main phase, precombat
Land: Ai(3)-mm-abaddon played Island (226)
Phase: Ai(3)-mm-abaddon's Beginning of Combat Step
Phase: Ai(3)-mm-abaddon's Declare Attackers Step
Combat: Ai(3)-mm-abaddon assigned Pink Horror (216) to attack Ai(2)-mm-nekusar-discard.
Phase: Ai(3)-mm-abaddon's Declare Blockers Step
Combat: Ai(2)-mm-nekusar-discard didn't block Pink Horror (216).
Phase: Ai(3)-mm-abaddon's First Strike Damage Step
Phase: Ai(3)-mm-abaddon's Combat Damage Step
Damage: Pink Horror (216) deals 4 combat damage to Ai(2)-mm-nekusar-discard.
Life: Life: Ai(2)-mm-nekusar-discard 32 > 28
Phase: Ai(3)-mm-abaddon's End of Combat Step
Phase: Ai(3)-mm-abaddon's Main phase, postcombat
Mana: Mountain (288) - {T}: Add {R}.
Mana: Island (229) - {T}: Add {U}.
Mana: Swamp (250) - {T}: Add {B}.
Mana: Island (226) - {T}: Add {U}.
Mana: Swamp (249) - {T}: Add {B}.
Mana: Mountain (290) - {T}: Add {R}.
Mana: Sulfur Falls (222) - {T}: Add {U} or {R}.
Mana: Luxury Suite (233) - {T}: Add {B} or {R}.
Mana: Watery Grave (225) - {T}: Add {B}.
Add To Stack: Ai(3)-mm-abaddon cast Abaddon the Despoiler
Resolve Stack: Abaddon the Despoiler - Creature 5 / 5
Mana: Commander's Sphere (213) - {T}: Add one mana of any color in your commander's color identity.
Mana: Talisman of Dominance (203) - {T}: Add {C}.
Add To Stack: Ai(3)-mm-abaddon cast Nightscape Familiar
Add To Stack: Ai(3)-mm-abaddon triggered Nightscape Familiar
Resolve Stack: Cascade - Nightscape Familiar [Card: Nightscape Familiar (221), Activator: Ai(3)-mm-abaddon, SpellAbility: Nightscape Familiar - Creature 1 / 1]
Resolve Stack: Nightscape Familiar - Creature 1 / 1
Phase: Ai(3)-mm-abaddon's End step
Add To Stack: Ai(2)-mm-nekusar-discard triggered Fevered Visions
Damage: Fevered Visions (199) deals 2 non-combat damage to Ai(3)-mm-abaddon.
Life: Life: Ai(3)-mm-abaddon 8 > 6
Resolve Stack: At the beginning of each player's end step, that player draws a card. If the player is your opponent and has four or more cards in hand, Fevered Visions deals 2 damage to that player. [Phase: Ai(3)-mm-abaddon]
Add To Stack: Ai(2)-mm-nekusar-discard triggered Kederekt Parasite
Add To Stack: Ai(2)-mm-nekusar-discard triggered Nekusar, the Mindrazer
Damage: Nekusar, the Mindrazer (201) deals 1 non-combat damage to Ai(3)-mm-abaddon.
Life: Life: Ai(3)-mm-abaddon 6 > 5
Resolve Stack: Whenever an opponent draws a card, Nekusar, the Mindrazer deals 1 damage to that player. [Player: Ai(3)-mm-abaddon]
Damage: Kederekt Parasite (154) deals 1 non-combat damage to Ai(3)-mm-abaddon.
Life: Life: Ai(3)-mm-abaddon 5 > 4
Resolve Stack: Whenever an opponent draws a card, if you control a red permanent, you may have Kederekt Parasite deal 1 damage to that player. [Player: Ai(3)-mm-abaddon]
Phase: Ai(3)-mm-abaddon's Cleanup step
Turn: Turn 35 (Ai(4)-mm-jarad-graveyard)
Phase: Ai(4)-mm-jarad-graveyard's Untap step
Phase: Ai(4)-mm-jarad-graveyard's Upkeep step
Phase: Ai(4)-mm-jarad-graveyard's Draw step
Replacement Effect: If you would draw a card, instead look at the top three cards of your library, then put one into your hand and the rest into your graveyard.
Add To Stack: Ai(2)-mm-nekusar-discard triggered Nekusar, the Mindrazer
Replacement Effect: If you would draw a card, instead look at the top three cards of your library, then put one into your hand and the rest into your graveyard.
Resolve Stack: At the beginning of each player's draw step, that player draws an additional card. [Phase: Ai(4)-mm-jarad-graveyard]
Phase: Ai(4)-mm-jarad-graveyard's Main phase, precombat
Land: Ai(4)-mm-jarad-graveyard played Llanowar Wastes (384)
Add To Stack: Ai(4)-mm-jarad-graveyard activated Conduit of Worlds targeting [Bonehoard (357)]
Mana: Forest (328) - {T}: Add {G}.
Mana: Swamp (369) - {T}: Add {B}.
Mana: Dakmor Salvage (375) - {T}: Add {B}.
Mana: Necroblossom Snarl (372) - {T}: Add {B} or {G}.
Add To Stack: Ai(4)-mm-jarad-graveyard cast Bonehoard
Resolve Stack: Conduit of Worlds (389) - Ai(4)-mm-jarad-graveyard may cast Bonehoard (357).  
Resolve Stack: Bonehoard
Add To Stack: Ai(4)-mm-jarad-graveyard triggered Bonehoard
Resolve Stack: Living Weapon (When this Equipment enters, create a 0/0 black Phyrexian Germ creature token, then attach this to it.) [Zone Changer: Bonehoard (357)]
Phase: Ai(4)-mm-jarad-graveyard's Beginning of Combat Step
Phase: Ai(4)-mm-jarad-graveyard's Declare Attackers Step
Combat: Ai(4)-mm-jarad-graveyard assigned Nighthowler (391) and Bird Token (415) to attack Ai(3)-mm-abaddon.
Phase: Ai(4)-mm-jarad-graveyard's Declare Blockers Step
Combat: Ai(3)-mm-abaddon assigned Nightscape Familiar (221) to block Nighthowler (391).
Ai(3)-mm-abaddon didn't block Bird Token (415).
Phase: Ai(4)-mm-jarad-graveyard's First Strike Damage Step
Phase: Ai(4)-mm-jarad-graveyard's Combat Damage Step
Damage: Nighthowler (391) deals 7 damage to Nightscape Familiar (221).
Damage: Bird Token (415) deals 1 combat damage to Ai(3)-mm-abaddon.
Damage: Nightscape Familiar (221) deals 1 damage to Nighthowler (391).
Life: Life: Ai(3)-mm-abaddon 4 > 3
Zone Change: Nightscape Familiar (221) was put into Graveyard from Battlefield.
Phase: Ai(4)-mm-jarad-graveyard's End of Combat Step
Phase: Ai(4)-mm-jarad-graveyard's Main phase, postcombat
Phase: Ai(4)-mm-jarad-graveyard's End step
Add To Stack: Ai(2)-mm-nekusar-discard triggered Fevered Visions
Replacement Effect: If you would draw a card, instead look at the top three cards of your library, then put one into your hand and the rest into your graveyard.
Damage: Fevered Visions (199) deals 2 non-combat damage to Ai(4)-mm-jarad-graveyard.
Life: Life: Ai(4)-mm-jarad-graveyard 19 > 17
Resolve Stack: At the beginning of each player's end step, that player draws a card. If the player is your opponent and has four or more cards in hand, Fevered Visions deals 2 damage to that player. [Phase: Ai(4)-mm-jarad-graveyard]
Phase: Ai(4)-mm-jarad-graveyard's Cleanup step
Discard: Ai(4)-mm-jarad-graveyard discards Moldervine Reclamation (349).
Discard: Ai(4)-mm-jarad-graveyard discards Stitcher's Supplier (388).
Discard: Ai(4)-mm-jarad-graveyard discards Llanowar Elves (386).
Turn: Turn 36 (Ai(1)-mm-talrand-spells)
Phase: Ai(1)-mm-talrand-spells' Untap step
Phase: Ai(1)-mm-talrand-spells' Upkeep step
Mana: Island (42) - {T}: Add {U}.
Add To Stack: Ai(1)-mm-talrand-spells cast Opt
Resolve Stack: Ai(1)-mm-talrand-spells scried 1 card(s) to the top of the library
Resolve Stack: Opt (16) - Ai(1)-mm-talrand-spells scries 1. Ai(1)-mm-talrand-spells draws a card.
Add To Stack: Ai(2)-mm-nekusar-discard triggered Kederekt Parasite
Add To Stack: Ai(2)-mm-nekusar-discard triggered Nekusar, the Mindrazer
Damage: Nekusar, the Mindrazer (201) deals 1 non-combat damage to Ai(1)-mm-talrand-spells.
Life: Life: Ai(1)-mm-talrand-spells 20 > 19
Resolve Stack: Whenever an opponent draws a card, Nekusar, the Mindrazer deals 1 damage to that player. [Player: Ai(1)-mm-talrand-spells]
Damage: Kederekt Parasite (154) deals 1 non-combat damage to Ai(1)-mm-talrand-spells.
Life: Life: Ai(1)-mm-talrand-spells 19 > 18
Resolve Stack: Whenever an opponent draws a card, if you control a red permanent, you may have Kederekt Parasite deal 1 damage to that player. [Player: Ai(1)-mm-talrand-spells]
Phase: Ai(1)-mm-talrand-spells' Draw step
Add To Stack: Ai(2)-mm-nekusar-discard triggered Kederekt Parasite
Add To Stack: Ai(2)-mm-nekusar-discard triggered Nekusar, the Mindrazer
Add To Stack: Ai(2)-mm-nekusar-discard triggered Nekusar, the Mindrazer
Resolve Stack: At the beginning of each player's draw step, that player draws an additional card. [Phase: Ai(1)-mm-talrand-spells]
Add To Stack: Ai(2)-mm-nekusar-discard triggered Kederekt Parasite
Add To Stack: Ai(2)-mm-nekusar-discard triggered Nekusar, the Mindrazer
Damage: Nekusar, the Mindrazer (201) deals 1 non-combat damage to Ai(1)-mm-talrand-spells.
Life: Life: Ai(1)-mm-talrand-spells 18 > 17
Resolve Stack: Whenever an opponent draws a card, Nekusar, the Mindrazer deals 1 damage to that player. [Player: Ai(1)-mm-talrand-spells]
Damage: Kederekt Parasite (154) deals 1 non-combat damage to Ai(1)-mm-talrand-spells.
Life: Life: Ai(1)-mm-talrand-spells 17 > 16
Resolve Stack: Whenever an opponent draws a card, if you control a red permanent, you may have Kederekt Parasite deal 1 damage to that player. [Player: Ai(1)-mm-talrand-spells]
Damage: Nekusar, the Mindrazer (201) deals 1 non-combat damage to Ai(1)-mm-talrand-spells.
Life: Life: Ai(1)-mm-talrand-spells 16 > 15
Resolve Stack: Whenever an opponent draws a card, Nekusar, the Mindrazer deals 1 damage to that player. [Player: Ai(1)-mm-talrand-spells]
Damage: Kederekt Parasite (154) deals 1 non-combat damage to Ai(1)-mm-talrand-spells.
Life: Life: Ai(1)-mm-talrand-spells 15 > 14
Resolve Stack: Whenever an opponent draws a card, if you control a red permanent, you may have Kederekt Parasite deal 1 damage to that player. [Player: Ai(1)-mm-talrand-spells]
Phase: Ai(1)-mm-talrand-spells' Main phase, precombat
Land: Ai(1)-mm-talrand-spells played Island (55)
Phase: Ai(1)-mm-talrand-spells' Beginning of Combat Step
Phase: Ai(1)-mm-talrand-spells' Declare Attackers Step
Phase: Ai(1)-mm-talrand-spells' Declare Blockers Step
Phase: Ai(1)-mm-talrand-spells' First Strike Damage Step
Phase: Ai(1)-mm-talrand-spells' Combat Damage Step
Phase: Ai(1)-mm-talrand-spells' End of Combat Step
Phase: Ai(1)-mm-talrand-spells' Main phase, postcombat
Mana: Island (37) - {T}: Add {U}.
Mana: Island (49) - {T}: Add {U}.
Mana: Heraldic Banner (5) - {T}: Add one mana of the chosen color.
Mana: Island (36) - {T}: Add {U}.
Add To Stack: Ai(1)-mm-talrand-spells cast Talrand, Sky Summoner
Resolve Stack: Talrand, Sky Summoner - Creature 2 / 2
Mana: Island (55) - {T}: Add {U}.
Mana: Riptide Laboratory (9) - {T}: Add {C}.
Add To Stack: Ai(1)-mm-talrand-spells cast Sky Diamond
Replacement Effect: Sky Diamond enters tapped.
Resolve Stack: Sky Diamond
Phase: Ai(1)-mm-talrand-spells' End step
Add To Stack: Ai(2)-mm-nekusar-discard triggered Fevered Visions
Damage: Fevered Visions (199) deals 2 non-combat damage to Ai(1)-mm-talrand-spells.
Life: Life: Ai(1)-mm-talrand-spells 14 > 12
Resolve Stack: At the beginning of each player's end step, that player draws a card. If the player is your opponent and has four or more cards in hand, Fevered Visions deals 2 damage to that player. [Phase: Ai(1)-mm-talrand-spells]
Add To Stack: Ai(2)-mm-nekusar-discard triggered Kederekt Parasite
Add To Stack: Ai(2)-mm-nekusar-discard triggered Nekusar, the Mindrazer
Damage: Nekusar, the Mindrazer (201) deals 1 non-combat damage to Ai(1)-mm-talrand-spells.
Life: Life: Ai(1)-mm-talrand-spells 12 > 11
Resolve Stack: Whenever an opponent draws a card, Nekusar, the Mindrazer deals 1 damage to that player. [Player: Ai(1)-mm-talrand-spells]
Damage: Kederekt Parasite (154) deals 1 non-combat damage to Ai(1)-mm-talrand-spells.
Life: Life: Ai(1)-mm-talrand-spells 11 > 10
Resolve Stack: Whenever an opponent draws a card, if you control a red permanent, you may have Kederekt Parasite deal 1 damage to that player. [Player: Ai(1)-mm-talrand-spells]
Phase: Ai(1)-mm-talrand-spells' Cleanup step
Discard: Ai(1)-mm-talrand-spells discards Island (40).
Turn: Turn 37 (Ai(2)-mm-nekusar-discard)
Phase: Ai(2)-mm-nekusar-discard's Untap step
Phase: Ai(2)-mm-nekusar-discard's Upkeep step
Phase: Ai(2)-mm-nekusar-discard's Draw step
Add To Stack: Ai(2)-mm-nekusar-discard triggered Nekusar, the Mindrazer
Resolve Stack: At the beginning of each player's draw step, that player draws an additional card. [Phase: Ai(2)-mm-nekusar-discard]
Phase: Ai(2)-mm-nekusar-discard's Main phase, precombat
Replacement Effect: Luxury Suite enters tapped unless you have two or more opponents.
Land: Ai(2)-mm-nekusar-discard played Luxury Suite (143)
Phase: Ai(2)-mm-nekusar-discard's Beginning of Combat Step
Phase: Ai(2)-mm-nekusar-discard's Declare Attackers Step
Phase: Ai(2)-mm-nekusar-discard's Declare Blockers Step
Phase: Ai(2)-mm-nekusar-discard's First Strike Damage Step
Phase: Ai(2)-mm-nekusar-discard's Combat Damage Step
Phase: Ai(2)-mm-nekusar-discard's End of Combat Step
Phase: Ai(2)-mm-nekusar-discard's Main phase, postcombat
Mana: Dragonskull Summit (153) - {T}: Add {B} or {R}.
Mana: Reliquary Tower (177) - {T}: Add {C}.
Add To Stack: Ai(2)-mm-nekusar-discard cast Waste Not
Resolve Stack: Waste Not
Phase: Ai(2)-mm-nekusar-discard's End step
Add To Stack: Ai(2)-mm-nekusar-discard triggered Fevered Visions
Resolve Stack: At the beginning of each player's end step, that player draws a card. If the player is your opponent and has four or more cards in hand, Fevered Visions deals 2 damage to that player. [Phase: Ai(2)-mm-nekusar-discard]
Phase: Ai(2)-mm-nekusar-discard's Cleanup step
Turn: Turn 38 (Ai(3)-mm-abaddon)
Phase: Ai(3)-mm-abaddon's Untap step
Phase: Ai(3)-mm-abaddon's Upkeep step
Add To Stack: Ai(3)-mm-abaddon triggered Ancestral Vision
Resolve Stack: At the beginning of your upkeep, if this card is suspended, remove a time counter from it [Phase: Ai(3)-mm-abaddon]
Phase: Ai(3)-mm-abaddon's Draw step
Add To Stack: Ai(2)-mm-nekusar-discard triggered Kederekt Parasite
Add To Stack: Ai(2)-mm-nekusar-discard triggered Nekusar, the Mindrazer
Add To Stack: Ai(2)-mm-nekusar-discard triggered Nekusar, the Mindrazer
Resolve Stack: At the beginning of each player's draw step, that player draws an additional card. [Phase: Ai(3)-mm-abaddon]
Add To Stack: Ai(2)-mm-nekusar-discard triggered Kederekt Parasite
Add To Stack: Ai(2)-mm-nekusar-discard triggered Nekusar, the Mindrazer
Damage: Nekusar, the Mindrazer (201) deals 1 non-combat damage to Ai(3)-mm-abaddon.
Life: Life: Ai(3)-mm-abaddon 3 > 2
Resolve Stack: Whenever an opponent draws a card, Nekusar, the Mindrazer deals 1 damage to that player. [Player: Ai(3)-mm-abaddon]
Damage: Kederekt Parasite (154) deals 1 non-combat damage to Ai(3)-mm-abaddon.
Life: Life: Ai(3)-mm-abaddon 2 > 1
Resolve Stack: Whenever an opponent draws a card, if you control a red permanent, you may have Kederekt Parasite deal 1 damage to that player. [Player: Ai(3)-mm-abaddon]
Damage: Nekusar, the Mindrazer (201) deals 1 non-combat damage to Ai(3)-mm-abaddon.
Life: Life: Ai(3)-mm-abaddon 1 > 0
Resolve Stack: Whenever an opponent draws a card, Nekusar, the Mindrazer deals 1 damage to that player. [Player: Ai(3)-mm-abaddon]
Resolve Stack: Whenever an opponent draws a card, if you control a red permanent, you may have Kederekt Parasite deal 1 damage to that player. [Player: Ai(3)-mm-abaddon]
Phase: Ai(3)-mm-abaddon's Main phase, precombat
Phase: Ai(3)-mm-abaddon's Beginning of Combat Step
Phase: Ai(3)-mm-abaddon's Declare Attackers Step
Phase: Ai(3)-mm-abaddon's Declare Blockers Step
Phase: Ai(3)-mm-abaddon's First Strike Damage Step
Phase: Ai(3)-mm-abaddon's Combat Damage Step
Phase: Ai(3)-mm-abaddon's End of Combat Step
Phase: Ai(3)-mm-abaddon's Main phase, postcombat
Phase: Ai(3)-mm-abaddon's End step
Add To Stack: Ai(2)-mm-nekusar-discard triggered Fevered Visions
Resolve Stack: At the beginning of each player's end step, that player draws a card. If the player is your opponent and has four or more cards in hand, Fevered Visions deals 2 damage to that player. [Phase: Ai(3)-mm-abaddon]
Phase: Ai(3)-mm-abaddon's Cleanup step
Turn: Turn 39 (Ai(4)-mm-jarad-graveyard)
Phase: Ai(4)-mm-jarad-graveyard's Untap step
Phase: Ai(4)-mm-jarad-graveyard's Upkeep step
Phase: Ai(4)-mm-jarad-graveyard's Draw step
Replacement Effect: If you would draw a card, instead look at the top three cards of your library, then put one into your hand and the rest into your graveyard.
Add To Stack: Ai(2)-mm-nekusar-discard triggered Nekusar, the Mindrazer
Replacement Effect: If you would draw a card, instead look at the top three cards of your library, then put one into your hand and the rest into your graveyard.
Resolve Stack: At the beginning of each player's draw step, that player draws an additional card. [Phase: Ai(4)-mm-jarad-graveyard]
Phase: Ai(4)-mm-jarad-graveyard's Main phase, precombat
Land: Ai(4)-mm-jarad-graveyard played Tainted Wood (314)
Phase: Ai(4)-mm-jarad-graveyard's Beginning of Combat Step
Phase: Ai(4)-mm-jarad-graveyard's Declare Attackers Step
Combat: Ai(4)-mm-jarad-graveyard assigned Nighthowler (391), Phyrexian Germ Token (422), Underrealm Lich (381) and Bird Token (415) to attack Ai(2)-mm-nekusar-discard.
Phase: Ai(4)-mm-jarad-graveyard's Declare Blockers Step
Combat: Ai(2)-mm-nekusar-discard assigned Kederekt Parasite (154) to block Nighthowler (391).
Ai(2)-mm-nekusar-discard didn't block Phyrexian Germ Token (422).
Ai(2)-mm-nekusar-discard didn't block Underrealm Lich (381).
Ai(2)-mm-nekusar-discard didn't block Bird Token (415).
Phase: Ai(4)-mm-jarad-graveyard's First Strike Damage Step
Phase: Ai(4)-mm-jarad-graveyard's Combat Damage Step
Damage: Nighthowler (391) deals 10 damage to Kederekt Parasite (154).
Damage: Phyrexian Germ Token (422) deals 10 combat damage to Ai(2)-mm-nekusar-discard.
Damage: Underrealm Lich (381) deals 4 combat damage to Ai(2)-mm-nekusar-discard.
Damage: Bird Token (415) deals 1 combat damage to Ai(2)-mm-nekusar-discard.
Damage: Kederekt Parasite (154) deals 1 damage to Nighthowler (391).
Life: Life: Ai(2)-mm-nekusar-discard 28 > 13
Zone Change: Kederekt Parasite (154) was put into Graveyard from Battlefield.
Phase: Ai(4)-mm-jarad-graveyard's End of Combat Step
Phase: Ai(4)-mm-jarad-graveyard's Main phase, postcombat
Add To Stack: Ai(4)-mm-jarad-graveyard activated Conduit of Worlds targeting [Deadbridge Chant (394)]
Mana: Forest (328) - {T}: Add {G}.
Mana: Swamp (369) - {T}: Add {B}.
Mana: Dakmor Salvage (375) - {T}: Add {B}.
Mana: Necroblossom Snarl (372) - {T}: Add {B} or {G}.
Mana: Tainted Wood (314) - {T}: Add {C}.
Mana: Twilight Mire (377) - {T}: Add {C}.
Add To Stack: Ai(4)-mm-jarad-graveyard cast Deadbridge Chant
Resolve Stack: Conduit of Worlds (389) - Ai(4)-mm-jarad-graveyard may cast Deadbridge Chant (394).  
Resolve Stack: Deadbridge Chant
Add To Stack: Ai(4)-mm-jarad-graveyard triggered Deadbridge Chant
Zone Change: Ai(4)-mm-jarad-graveyard milled Forest (329), Dread Return (379), Souls of the Lost (310), Aftermath Analyst (324), Forest (330), Sakura-Tribe Elder (387), Swamp (368), Arcane Signet (400), Swamp (364) and Overgrown Tomb (380).
Resolve Stack: When Deadbridge Chant enters, mill ten cards. [Zone Changer: Deadbridge Chant (394)]
Phase: Ai(4)-mm-jarad-graveyard's End step
Add To Stack: Ai(2)-mm-nekusar-discard triggered Fevered Visions
Replacement Effect: If you would draw a card, instead look at the top three cards of your library, then put one into your hand and the rest into your graveyard.
Damage: Fevered Visions (199) deals 2 non-combat damage to Ai(4)-mm-jarad-graveyard.
Life: Life: Ai(4)-mm-jarad-graveyard 17 > 15
Resolve Stack: At the beginning of each player's end step, that player draws a card. If the player is your opponent and has four or more cards in hand, Fevered Visions deals 2 damage to that player. [Phase: Ai(4)-mm-jarad-graveyard]
Phase: Ai(4)-mm-jarad-graveyard's Cleanup step
Discard: Ai(4)-mm-jarad-graveyard discards Command Tower (313).
Discard: Ai(4)-mm-jarad-graveyard discards Sol Ring (319).
Discard: Ai(4)-mm-jarad-graveyard discards Golgari Grave-Troll (360).
Add To Stack: Ai(2)-mm-nekusar-discard triggered Waste Not
Add To Stack: Ai(2)-mm-nekusar-discard triggered Waste Not
Add To Stack: Ai(2)-mm-nekusar-discard triggered Waste Not
Resolve Stack: Whenever an opponent discards a creature card, create a 2/2 black Zombie creature token. [Discarded: Golgari Grave-Troll (360), Cause: null]
Resolve Stack: Whenever an opponent discards a noncreature, nonland card, draw a card. [Discarded: Sol Ring (319), Cause: null]
Resolve Stack: Whenever an opponent discards a land card, add {B}{B}. [Discarded: Command Tower (313), Cause: null]
Phase: RepeatAi(4)-mm-jarad-graveyard's Cleanup step
Turn: Turn 40 (Ai(1)-mm-talrand-spells)
Phase: Ai(1)-mm-talrand-spells' Untap step
Phase: Ai(1)-mm-talrand-spells' Upkeep step
Mana: Island (42) - {T}: Add {U}.
Mana: Island (37) - {T}: Add {U}.
Add To Stack: Ai(1)-mm-talrand-spells cast Cyclonic Rift targeting [Nighthowler (391)]
Add To Stack: Ai(1)-mm-talrand-spells triggered Talrand, Sky Summoner
Resolve Stack: Whenever you cast an instant or sorcery spell, create a 2/2 blue Drake creature token with flying. [Card: Cyclonic Rift (6), Activator: Ai(1)-mm-talrand-spells, SpellAbility: Return target nonland permanent you don't control to its owner's hand.]
Mana: Island (138) - {T}: Add {U}.
Mana: Sol Ring (120) - {T}: Add {C}{C}.
Add To Stack: Ai(2)-mm-nekusar-discard cast Negate targeting [Return target nonland permanent you don't control to its owner's hand.]
Mana: Island (49) - {T}: Add {U}.
Add To Stack: Ai(1)-mm-talrand-spells cast Dispel targeting [Counter target noncreature spell.]
Add To Stack: Ai(1)-mm-talrand-spells triggered Talrand, Sky Summoner
Resolve Stack: Whenever you cast an instant or sorcery spell, create a 2/2 blue Drake creature token with flying. [Card: Dispel (13), Activator: Ai(1)-mm-talrand-spells, SpellAbility: Counter target instant spell.]
Zone Change: Send countered spell to Graveyard
Resolve Stack: Dispel (13) - Counter Negate (104).
Resolve Stack: Cyclonic Rift (6) - Return Nighthowler (391) to its owner's hand.
Phase: Ai(1)-mm-talrand-spells' Draw step
Add To Stack: Ai(2)-mm-nekusar-discard triggered Nekusar, the Mindrazer
Add To Stack: Ai(2)-mm-nekusar-discard triggered Nekusar, the Mindrazer
Resolve Stack: At the beginning of each player's draw step, that player draws an additional card. [Phase: Ai(1)-mm-talrand-spells]
Add To Stack: Ai(2)-mm-nekusar-discard triggered Nekusar, the Mindrazer
Damage: Nekusar, the Mindrazer (201) deals 1 non-combat damage to Ai(1)-mm-talrand-spells.
Life: Life: Ai(1)-mm-talrand-spells 10 > 9
Resolve Stack: Whenever an opponent draws a card, Nekusar, the Mindrazer deals 1 damage to that player. [Player: Ai(1)-mm-talrand-spells]
Damage: Nekusar, the Mindrazer (201) deals 1 non-combat damage to Ai(1)-mm-talrand-spells.
Life: Life: Ai(1)-mm-talrand-spells 9 > 8
Resolve Stack: Whenever an opponent draws a card, Nekusar, the Mindrazer deals 1 damage to that player. [Player: Ai(1)-mm-talrand-spells]
Phase: Ai(1)-mm-talrand-spells' Main phase, precombat
Land: Ai(1)-mm-talrand-spells played Island (39)
Phase: Ai(1)-mm-talrand-spells' Beginning of Combat Step
Phase: Ai(1)-mm-talrand-spells' Declare Attackers Step
Combat: Ai(1)-mm-talrand-spells assigned Talrand, Sky Summoner (100) to attack Ai(4)-mm-jarad-graveyard.
Phase: Ai(1)-mm-talrand-spells' Declare Blockers Step
Combat: Ai(4)-mm-jarad-graveyard didn't block Talrand, Sky Summoner (100).
Phase: Ai(1)-mm-talrand-spells' First Strike Damage Step
Phase: Ai(1)-mm-talrand-spells' Combat Damage Step
Damage: Talrand, Sky Summoner (100) deals 3 combat damage to Ai(4)-mm-jarad-graveyard.
Life: Life: Ai(4)-mm-jarad-graveyard 15 > 12
Phase: Ai(1)-mm-talrand-spells' End of Combat Step
Phase: Ai(1)-mm-talrand-spells' Main phase, postcombat
Mana: Heraldic Banner (5) - {T}: Add one mana of the chosen color.
Discard: Ai(1)-mm-talrand-spells discards Lonely Sandbar (98).
Add To Stack: Ai(1)-mm-talrand-spells activated Lonely Sandbar
Add To Stack: Ai(2)-mm-nekusar-discard triggered Waste Not
Resolve Stack: Whenever an opponent discards a land card, add {B}{B}. [Discarded: Lonely Sandbar (98), Cause: null]
Resolve Stack: Lonely Sandbar (98) - Ai(1)-mm-talrand-spells draws a card.
Add To Stack: Ai(2)-mm-nekusar-discard triggered Nekusar, the Mindrazer
Damage: Nekusar, the Mindrazer (201) deals 1 non-combat damage to Ai(1)-mm-talrand-spells.
Life: Life: Ai(1)-mm-talrand-spells 8 > 7
Resolve Stack: Whenever an opponent draws a card, Nekusar, the Mindrazer deals 1 damage to that player. [Player: Ai(1)-mm-talrand-spells]
Phase: Ai(1)-mm-talrand-spells' End step
Add To Stack: Ai(2)-mm-nekusar-discard triggered Fevered Visions
Damage: Fevered Visions (199) deals 2 non-combat damage to Ai(1)-mm-talrand-spells.
Life: Life: Ai(1)-mm-talrand-spells 7 > 5
Resolve Stack: At the beginning of each player's end step, that player draws a card. If the player is your opponent and has four or more cards in hand, Fevered Visions deals 2 damage to that player. [Phase: Ai(1)-mm-talrand-spells]
Add To Stack: Ai(2)-mm-nekusar-discard triggered Nekusar, the Mindrazer
Damage: Nekusar, the Mindrazer (201) deals 1 non-combat damage to Ai(1)-mm-talrand-spells.
Life: Life: Ai(1)-mm-talrand-spells 5 > 4
Resolve Stack: Whenever an opponent draws a card, Nekusar, the Mindrazer deals 1 damage to that player. [Player: Ai(1)-mm-talrand-spells]
Phase: Ai(1)-mm-talrand-spells' Cleanup step
Turn: Turn 41 (Ai(2)-mm-nekusar-discard)
Phase: Ai(2)-mm-nekusar-discard's Untap step
Phase: Ai(2)-mm-nekusar-discard's Upkeep step
Phase: Ai(2)-mm-nekusar-discard's Draw step
Add To Stack: Ai(2)-mm-nekusar-discard triggered Nekusar, the Mindrazer
Resolve Stack: At the beginning of each player's draw step, that player draws an additional card. [Phase: Ai(2)-mm-nekusar-discard]
Phase: Ai(2)-mm-nekusar-discard's Main phase, precombat
Replacement Effect: Drowned Catacomb enters tapped unless you control an Island or a Swamp.
Land: Ai(2)-mm-nekusar-discard played Drowned Catacomb (179)
Phase: Ai(2)-mm-nekusar-discard's Beginning of Combat Step
Phase: Ai(2)-mm-nekusar-discard's Declare Attackers Step
Phase: Ai(2)-mm-nekusar-discard's Declare Blockers Step
Phase: Ai(2)-mm-nekusar-discard's First Strike Damage Step
Phase: Ai(2)-mm-nekusar-discard's Combat Damage Step
Phase: Ai(2)-mm-nekusar-discard's End of Combat Step
Phase: Ai(2)-mm-nekusar-discard's Main phase, postcombat
Mana: Dragonskull Summit (153) - {T}: Add {B} or {R}.
Mana: Luxury Suite (143) - {T}: Add {B} or {R}.
Mana: Reliquary Tower (177) - {T}: Add {C}.
Mana: Sol Ring (120) - {T}: Add {C}{C}.
Add To Stack: Ai(2)-mm-nekusar-discard cast Spiteful Visions
Mana: Island (36) - {T}: Add {U}.
Mana: Island (55) - {T}: Add {U}.
Add To Stack: Ai(1)-mm-talrand-spells cast Wizard's Retort targeting [Spiteful Visions]
Add To Stack: Ai(1)-mm-talrand-spells triggered Talrand, Sky Summoner
Resolve Stack: Whenever you cast an instant or sorcery spell, create a 2/2 blue Drake creature token with flying. [Card: Wizard's Retort (88), Activator: Ai(1)-mm-talrand-spells, SpellAbility: Counter target spell.]
Zone Change: Send countered spell to Graveyard
Resolve Stack: Wizard's Retort (88) - Counter Spiteful Visions (184).
Phase: Ai(2)-mm-nekusar-discard's End step
Add To Stack: Ai(2)-mm-nekusar-discard triggered Fevered Visions
Resolve Stack: At the beginning of each player's end step, that player draws a card. If the player is your opponent and has four or more cards in hand, Fevered Visions deals 2 damage to that player. [Phase: Ai(2)-mm-nekusar-discard]
Phase: Ai(2)-mm-nekusar-discard's Cleanup step
Turn: Turn 42 (Ai(4)-mm-jarad-graveyard)
Phase: Ai(4)-mm-jarad-graveyard's Untap step
Phase: Ai(4)-mm-jarad-graveyard's Upkeep step
Add To Stack: Ai(4)-mm-jarad-graveyard triggered Deadbridge Chant
Resolve Stack: At the beginning of your upkeep, choose a card at random in your graveyard. If it's a creature card, put it onto the battlefield. Otherwise, put it into your hand. [Phase: Ai(4)-mm-jarad-graveyard]
Add To Stack: Ai(4)-mm-jarad-graveyard triggered Stitcher's Supplier
Zone Change: Ai(4)-mm-jarad-graveyard milled Swamp (366), Toxic Deluge (312) and Forest (338).
Resolve Stack: When Stitcher's Supplier enters or dies, mill three cards. [Zone Changer: Stitcher's Supplier (388)]
Phase: Ai(4)-mm-jarad-graveyard's Draw step
Zone Change: Ai(4)-mm-jarad-graveyard milled Elves of Deep Shadow (397), Fiend Artisan (340), Greater Good (382), Undergrowth Stadium (395), Deathrite Shaman (398) and Rise of the Witch-king (309).
Replacement Effect: Golgari Grave-Troll - Dredge 6
Add To Stack: Ai(2)-mm-nekusar-discard triggered Nekusar, the Mindrazer
Replacement Effect: If you would draw a card, instead look at the top three cards of your library, then put one into your hand and the rest into your graveyard.
Resolve Stack: At the beginning of each player's draw step, that player draws an additional card. [Phase: Ai(4)-mm-jarad-graveyard]
Phase: Ai(4)-mm-jarad-graveyard's Main phase, precombat
Replacement Effect: Deathcap Glade enters tapped unless you control two or more other lands.
Land: Ai(4)-mm-jarad-graveyard played Deathcap Glade (344)
Mana: Swamp (369) - {T}: Add {B}.
Mana: Dakmor Salvage (375) - {T}: Add {B}.
Mana: Forest (328) - {T}: Add {G}.
Mana: Necroblossom Snarl (372) - {T}: Add {B} or {G}.
Mana: Deathcap Glade (344) - {T}: Add {B} or {G}.
Add To Stack: Ai(4)-mm-jarad-graveyard cast Living Death
Zone Change: Underrealm Lich (381) was put into Graveyard from Battlefield.
Zone Change: Bird Token (415) was put into Graveyard from Battlefield.
Zone Change: Phyrexian Germ Token (422) was put into Graveyard from Battlefield.
Zone Change: Stitcher's Supplier (388) was put into Graveyard from Battlefield.
Zone Change: Talrand, Sky Summoner (100) was put into Graveyard from Battlefield.
Zone Change: Drake Token (429) was put into Graveyard from Battlefield.
Zone Change: Drake Token (432) was put into Graveyard from Battlefield.
Zone Change: Drake Token (481) was put into Graveyard from Battlefield.
Zone Change: Nekusar, the Mindrazer (201) was put into Graveyard from Battlefield.
Zone Change: Zombie Token (426) was put into Graveyard from Battlefield.
Resolve Stack: Living Death (323) - Each player exiles all creature cards from their graveyard, then sacrifices all creatures they control, then puts all cards they exiled this way onto the battlefield. Sacrifice permanents. Put  onto the battlefield. 
Add To Stack: Ai(4)-mm-jarad-graveyard triggered Stitcher's Supplier
Add To Stack: Ai(4)-mm-jarad-graveyard triggered Satyr Wayfinder
Add To Stack: Ai(4)-mm-jarad-graveyard triggered Aftermath Analyst
Add To Stack: Ai(4)-mm-jarad-graveyard triggered Disciple of Bolas
Mana: Sky Diamond (95) - {T}: Add {U}.
Add To Stack: Ai(1)-mm-talrand-spells cast Rapid Hybridization targeting [Ghoultree (402)]
Add To Stack: Ai(1)-mm-talrand-spells triggered Murmuring Mystic
Zone Change: Sakura-Tribe Elder (387) was put into Graveyard from Battlefield.
Add To Stack: Ai(4)-mm-jarad-graveyard activated Sakura-Tribe Elder
Resolve Stack: Sakura-Tribe Elder (387) - Ai(4)-mm-jarad-graveyard searches their library for a basic land card, puts it onto the battlefield tapped, then shuffles.
Resolve Stack: Whenever you cast an instant or sorcery spell, create a 1/1 blue Bird Illusion creature token with flying. [Card: Rapid Hybridization (62), Activator: Ai(1)-mm-talrand-spells, SpellAbility: Destroy target creature. It can't be regenerated. That creature's controller creates a 3/3 green Frog Lizard creature token. ]
Zone Change: Ghoultree (402) was put into Graveyard from Battlefield.
Resolve Stack: Rapid Hybridization (62) - Destroy Ghoultree (402). It can't be regenerated. 
Zone Change: Satyr Wayfinder (322) was put into Graveyard from Battlefield.
Life: Life: Ai(4)-mm-jarad-graveyard 12 > 13
Resolve Stack: When Disciple of Bolas enters, sacrifice another creature. You gain X life and draw X cards, where X is that creature's power. [Zone Changer: Disciple of Bolas (339)]
Add To Stack: Ai(2)-mm-nekusar-discard triggered Scrawling Crawler
Add To Stack: Ai(2)-mm-nekusar-discard triggered Kederekt Parasite
Damage: Kederekt Parasite (154) deals 1 non-combat damage to Ai(4)-mm-jarad-graveyard.
Life: Life: Ai(4)-mm-jarad-graveyard 13 > 12
Resolve Stack: Whenever an opponent draws a card, if you control a red permanent, you may have Kederekt Parasite deal 1 damage to that player. [Player: Ai(4)-mm-jarad-graveyard]
Life: Life: Ai(4)-mm-jarad-graveyard 12 > 11
Resolve Stack: Whenever an opponent draws a card, that player loses 1 life. [Player: Ai(4)-mm-jarad-graveyard]
Zone Change: Ai(4)-mm-jarad-graveyard milled Grapple with the Past (304), Lord of Extinction (350) and Woodland Cemetery (393).
Resolve Stack: When Aftermath Analyst enters, mill three cards. [Zone Changer: Aftermath Analyst (324)]
Resolve Stack: When Satyr Wayfinder enters, reveal the top four cards of your library. You may put a land card from among them into your hand. Put the rest into your graveyard. [Zone Changer: Satyr Wayfinder (322)]
Zone Change: Ai(4)-mm-jarad-graveyard milled Reanimate (358), Cultivate (343) and Elvish Mystic (311).
Resolve Stack: When Stitcher's Supplier enters or dies, mill three cards. [Zone Changer: Stitcher's Supplier (388)]
Mana: Tainted Wood (314) - {T}: Add {C}.
Mana: Twilight Mire (377) - {T}: Add {C}.
Add To Stack: Ai(4)-mm-jarad-graveyard activated Bonehoard targeting [Souls of the Lost (310)]
Resolve Stack: Bonehoard (357) -  Attach to Souls of the Lost (310)
Phase: Ai(4)-mm-jarad-graveyard's Beginning of Combat Step
Phase: Ai(4)-mm-jarad-graveyard's Declare Attackers Step
Phase: Ai(4)-mm-jarad-graveyard's Declare Blockers Step
Phase: Ai(4)-mm-jarad-graveyard's First Strike Damage Step
Phase: Ai(4)-mm-jarad-graveyard's Combat Damage Step
Phase: Ai(4)-mm-jarad-graveyard's End of Combat Step
Phase: Ai(4)-mm-jarad-graveyard's Main phase, postcombat
Phase: Ai(4)-mm-jarad-graveyard's End step
Add To Stack: Ai(2)-mm-nekusar-discard triggered Fevered Visions
Damage: Fevered Visions (199) deals 2 non-combat damage to Ai(4)-mm-jarad-graveyard.
Life: Life: Ai(4)-mm-jarad-graveyard 11 > 9
Resolve Stack: At the beginning of each player's end step, that player draws a card. If the player is your opponent and has four or more cards in hand, Fevered Visions deals 2 damage to that player. [Phase: Ai(4)-mm-jarad-graveyard]
Add To Stack: Ai(2)-mm-nekusar-discard triggered Scrawling Crawler
Add To Stack: Ai(2)-mm-nekusar-discard triggered Kederekt Parasite
Damage: Kederekt Parasite (154) deals 1 non-combat damage to Ai(4)-mm-jarad-graveyard.
Life: Life: Ai(4)-mm-jarad-graveyard 9 > 8
Resolve Stack: Whenever an opponent draws a card, if you control a red permanent, you may have Kederekt Parasite deal 1 damage to that player. [Player: Ai(4)-mm-jarad-graveyard]
Life: Life: Ai(4)-mm-jarad-graveyard 8 > 7
Resolve Stack: Whenever an opponent draws a card, that player loses 1 life. [Player: Ai(4)-mm-jarad-graveyard]
Phase: Ai(4)-mm-jarad-graveyard's Cleanup step
Discard: Ai(4)-mm-jarad-graveyard discards Forest (331).
Discard: Ai(4)-mm-jarad-graveyard discards Svogthos, the Restless Tomb (315).
Discard: Ai(4)-mm-jarad-graveyard discards Temple of Malady (325).
Discard: Ai(4)-mm-jarad-graveyard discards Nighthowler (391).
Discard: Ai(4)-mm-jarad-graveyard discards Golgari Grave-Troll (360).
Add To Stack: Ai(2)-mm-nekusar-discard triggered Waste Not
Add To Stack: Ai(2)-mm-nekusar-discard triggered Waste Not
Add To Stack: Ai(2)-mm-nekusar-discard triggered Waste Not
Add To Stack: Ai(2)-mm-nekusar-discard triggered Waste Not
Add To Stack: Ai(2)-mm-nekusar-discard triggered Waste Not
Resolve Stack: Whenever an opponent discards a creature card, create a 2/2 black Zombie creature token. [Discarded: Golgari Grave-Troll (360), Cause: null]
Resolve Stack: Whenever an opponent discards a creature card, create a 2/2 black Zombie creature token. [Discarded: Nighthowler (391), Cause: null]
Resolve Stack: Whenever an opponent discards a land card, add {B}{B}. [Discarded: Temple of Malady (325), Cause: null]
Resolve Stack: Whenever an opponent discards a land card, add {B}{B}. [Discarded: Svogthos, the Restless Tomb (315), Cause: null]
Resolve Stack: Whenever an opponent discards a land card, add {B}{B}. [Discarded: Forest (331), Cause: null]
Phase: RepeatAi(4)-mm-jarad-graveyard's Cleanup step
Turn: Turn 43 (Ai(1)-mm-talrand-spells)
Phase: Ai(1)-mm-talrand-spells' Untap step
Phase: Ai(1)-mm-talrand-spells' Upkeep step
Add To Stack: Ai(2)-mm-nekusar-discard triggered Seizan, Perverter of Truth
Life: Life: Ai(1)-mm-talrand-spells 4 > 2
Resolve Stack: At the beginning of each player's upkeep, that player loses 2 life and draws two cards. [Phase: Ai(1)-mm-talrand-spells]
Add To Stack: Ai(2)-mm-nekusar-discard triggered Scrawling Crawler
Add To Stack: Ai(2)-mm-nekusar-discard triggered Kederekt Parasite
Add To Stack: Ai(2)-mm-nekusar-discard triggered Scrawling Crawler
Add To Stack: Ai(2)-mm-nekusar-discard triggered Kederekt Parasite
Mana: Island (42) - {T}: Add {U}.
Add To Stack: Ai(1)-mm-talrand-spells cast Snap targeting [Souls of the Lost (310)]
Add To Stack: Ai(1)-mm-talrand-spells triggered Murmuring Mystic
Resolve Stack: Whenever you cast an instant or sorcery spell, create a 1/1 blue Bird Illusion creature token with flying. [Card: Snap (65), Activator: Ai(1)-mm-talrand-spells, SpellAbility: Return target creature to its owner's hand. Untap up to two lands. ]
Resolve Stack: Snap (65) - Return Souls of the Lost (310) to its owner's hand. Untap up to 2 Lands.
Damage: Kederekt Parasite (154) deals 1 non-combat damage to Ai(1)-mm-talrand-spells.
Life: Life: Ai(1)-mm-talrand-spells 2 > 1
Resolve Stack: Whenever an opponent draws a card, if you control a red permanent, you may have Kederekt Parasite deal 1 damage to that player. [Player: Ai(1)-mm-talrand-spells]
Life: Life: Ai(1)-mm-talrand-spells 1 > 0
Resolve Stack: Whenever an opponent draws a card, that player loses 1 life. [Player: Ai(1)-mm-talrand-spells]
Resolve Stack: Whenever an opponent draws a card, if you control a red permanent, you may have Kederekt Parasite deal 1 damage to that player. [Player: Ai(1)-mm-talrand-spells]
Resolve Stack: Whenever an opponent draws a card, that player loses 1 life. [Player: Ai(1)-mm-talrand-spells]
Phase: Ai(1)-mm-talrand-spells' Draw step
Phase: Ai(1)-mm-talrand-spells' Main phase, precombat
Phase: Ai(1)-mm-talrand-spells' Beginning of Combat Step
Phase: Ai(1)-mm-talrand-spells' Declare Attackers Step
Phase: Ai(1)-mm-talrand-spells' Declare Blockers Step
Phase: Ai(1)-mm-talrand-spells' First Strike Damage Step
Phase: Ai(1)-mm-talrand-spells' Combat Damage Step
Phase: Ai(1)-mm-talrand-spells' End of Combat Step
Phase: Ai(1)-mm-talrand-spells' Main phase, postcombat
Phase: Ai(1)-mm-talrand-spells' End step
Add To Stack: Ai(2)-mm-nekusar-discard triggered Fevered Visions
Resolve Stack: At the beginning of each player's end step, that player draws a card. If the player is your opponent and has four or more cards in hand, Fevered Visions deals 2 damage to that player. [Phase: Ai(1)-mm-talrand-spells]
Phase: Ai(1)-mm-talrand-spells' Cleanup step
Turn: Turn 44 (Ai(2)-mm-nekusar-discard)
Phase: Ai(2)-mm-nekusar-discard's Untap step
Phase: Ai(2)-mm-nekusar-discard's Upkeep step
Add To Stack: Ai(2)-mm-nekusar-discard triggered Seizan, Perverter of Truth
Add To Stack: Ai(2)-mm-nekusar-discard triggered Scrawling Crawler
Zone Change: Ai(4)-mm-jarad-graveyard milled Reclamation Sage (351), Life from the Loam (346), Brawn (317), Forest (337), Nyx Weaver (373) and Victimize (342).
Replacement Effect: Golgari Grave-Troll - Dredge 6
Resolve Stack: At the beginning of your upkeep, each player draws a card. [Phase: Ai(2)-mm-nekusar-discard]
Life: Life: Ai(2)-mm-nekusar-discard 13 > 11
Resolve Stack: At the beginning of each player's upkeep, that player loses 2 life and draws two cards. [Phase: Ai(2)-mm-nekusar-discard]
Phase: Ai(2)-mm-nekusar-discard's Draw step
Phase: Ai(2)-mm-nekusar-discard's Main phase, precombat
Land: Ai(2)-mm-nekusar-discard played Swamp (159)
Mana: Dragonskull Summit (153) - {T}: Add {B} or {R}.
Add To Stack: Ai(2)-mm-nekusar-discard cast Blasphemous Act
Damage: Blasphemous Act (121) deals 13 damage to Scrawling Crawler (200).
Damage: Blasphemous Act (121) deals 13 damage to Seizan, Perverter of Truth (119).
Damage: Blasphemous Act (121) deals 13 damage to Kederekt Parasite (154).
Damage: Blasphemous Act (121) deals 13 damage to Zombie Token (509).
Damage: Blasphemous Act (121) deals 13 damage to Zombie Token (511).
Damage: Blasphemous Act (121) deals 13 damage to Ramunap Excavator (326).
Damage: Blasphemous Act (121) deals 13 damage to Llanowar Elves (386).
Damage: Blasphemous Act (121) deals 13 damage to World Shaper (359).
Damage: Blasphemous Act (121) deals 13 damage to Aftermath Analyst (324).
Damage: Blasphemous Act (121) deals 13 damage to Birds of Paradise (383).
Damage: Blasphemous Act (121) deals 13 damage to Elves of Deep Shadow (397).
Damage: Blasphemous Act (121) deals 13 damage to Fiend Artisan (340).
Damage: Blasphemous Act (121) deals 13 damage to Deathrite Shaman (398).
Damage: Blasphemous Act (121) deals 13 damage to Disciple of Bolas (339).
Damage: Blasphemous Act (121) deals 13 damage to Frog Lizard Token (505).
Resolve Stack: Blasphemous Act (121) - Deals 13 damage to each creature.
Zone Change: Scrawling Crawler (200) was put into Graveyard from Battlefield.
Zone Change: Seizan, Perverter of Truth (119) was put into Graveyard from Battlefield.
Zone Change: Kederekt Parasite (154) was put into Graveyard from Battlefield.
Zone Change: Zombie Token (509) was put into Graveyard from Battlefield.
Zone Change: Zombie Token (511) was put into Graveyard from Battlefield.
Zone Change: Ramunap Excavator (326) was put into Graveyard from Battlefield.
Zone Change: Llanowar Elves (386) was put into Graveyard from Battlefield.
Zone Change: World Shaper (359) was put into Graveyard from Battlefield.
Zone Change: Aftermath Analyst (324) was put into Graveyard from Battlefield.
Zone Change: Birds of Paradise (383) was put into Graveyard from Battlefield.
Zone Change: Elves of Deep Shadow (397) was put into Graveyard from Battlefield.
Zone Change: Fiend Artisan (340) was put into Graveyard from Battlefield.
Zone Change: Deathrite Shaman (398) was put into Graveyard from Battlefield.
Zone Change: Disciple of Bolas (339) was put into Graveyard from Battlefield.
Zone Change: Frog Lizard Token (505) was put into Graveyard from Battlefield.
Add To Stack: Ai(4)-mm-jarad-graveyard triggered World Shaper
Replacement Effect: As Overgrown Tomb enters, you may pay 2 life. If you don't, it enters tapped.
Replacement Effect: Undergrowth Stadium enters tapped unless you have two or more opponents.
Replacement Effect: Woodland Cemetery enters tapped unless you control a Swamp or a Forest.
Replacement Effect: Temple of Malady enters tapped.
Resolve Stack: When World Shaper dies, put all land cards from your graveyard onto the battlefield tapped. [Zone Changer: World Shaper (359)]
Add To Stack: Ai(4)-mm-jarad-graveyard triggered Temple of Malady
Resolve Stack: Ai(4)-mm-jarad-graveyard scried 1 card(s) to the bottom of the library
Resolve Stack: When Temple of Malady enters, scry 1. [Zone Changer: Temple of Malady (325)]
Phase: Ai(2)-mm-nekusar-discard's Beginning of Combat Step
Phase: Ai(2)-mm-nekusar-discard's Declare Attackers Step
Phase: Ai(2)-mm-nekusar-discard's Declare Blockers Step
Phase: Ai(2)-mm-nekusar-discard's First Strike Damage Step
Phase: Ai(2)-mm-nekusar-discard's Combat Damage Step
Phase: Ai(2)-mm-nekusar-discard's End of Combat Step
Phase: Ai(2)-mm-nekusar-discard's Main phase, postcombat
Mana: Luxury Suite (143) - {T}: Add {B} or {R}.
Mana: Swamp (159) - {T}: Add {B}.
Mana: Island (138) - {T}: Add {U}.
Mana: Reliquary Tower (177) - {T}: Add {C}.
Mana: Sol Ring (120) - {T}: Add {C}{C}.
Mana: Island (137) - {T}: Add {U}.
Mana: Drowned Catacomb (179) - {T}: Add {U} or {B}.
Mana: Watery Grave (134) - {T}: Add {B}.
Add To Stack: Ai(2)-mm-nekusar-discard cast Nekusar, the Mindrazer
Resolve Stack: Nekusar, the Mindrazer - Creature 2 / 4
Mana: Sunken Hollow (131) - {T}: Add {B}.
Mana: Steam Vents (167) - {T}: Add {R}.
Add To Stack: Ai(2)-mm-nekusar-discard cast Lightning Greaves
Resolve Stack: Lightning Greaves
Add To Stack: Ai(2)-mm-nekusar-discard activated Lightning Greaves targeting [Nekusar, the Mindrazer (201)]
Resolve Stack: Lightning Greaves (193) -  Attach to Nekusar, the Mindrazer (201)
Mana: Command Tower (115) - {T}: Add one mana of any color in your commander's color identity.
Mana: Arcane Signet (195) - {T}: Add one mana of any color in your commander's color identity.
Add To Stack: Ai(2)-mm-nekusar-discard cast Howling Mine
Resolve Stack: Howling Mine
Phase: Ai(2)-mm-nekusar-discard's End step
Add To Stack: Ai(2)-mm-nekusar-discard triggered Fevered Visions
Resolve Stack: At the beginning of each player's end step, that player draws a card. If the player is your opponent and has four or more cards in hand, Fevered Visions deals 2 damage to that player. [Phase: Ai(2)-mm-nekusar-discard]
Phase: Ai(2)-mm-nekusar-discard's Cleanup step
Turn: Turn 45 (Ai(4)-mm-jarad-graveyard)
Phase: Ai(4)-mm-jarad-graveyard's Untap step
Phase: Ai(4)-mm-jarad-graveyard's Upkeep step
Add To Stack: Ai(4)-mm-jarad-graveyard triggered Deadbridge Chant
Resolve Stack: At the beginning of your upkeep, choose a card at random in your graveyard. If it's a creature card, put it onto the battlefield. Otherwise, put it into your hand. [Phase: Ai(4)-mm-jarad-graveyard]
Zone Change: Evolving Wilds (327) was put into Graveyard from Battlefield.
Add To Stack: Ai(4)-mm-jarad-graveyard activated Evolving Wilds
Resolve Stack: Evolving Wilds (327) - Ai(4)-mm-jarad-graveyard searches their library for a basic land card, puts it onto the battlefield tapped, then shuffles.
Phase: Ai(4)-mm-jarad-graveyard's Draw step
Zone Change: Ai(4)-mm-jarad-graveyard milled Golgari Signet (318), Animate Dead (307) and Bojuka Bog (354).
Replacement Effect: Life from the Loam - Dredge 3
Add To Stack: Ai(2)-mm-nekusar-discard triggered Nekusar, the Mindrazer
Add To Stack: Ai(2)-mm-nekusar-discard triggered Howling Mine
Resolve Stack: At the beginning of each player's draw step, if Howling Mine is untapped, that player draws an additional card. [Phase: Ai(4)-mm-jarad-graveyard]
Add To Stack: Ai(2)-mm-nekusar-discard triggered Nekusar, the Mindrazer
Damage: Nekusar, the Mindrazer (201) deals 1 non-combat damage to Ai(4)-mm-jarad-graveyard.
Life: Life: Ai(4)-mm-jarad-graveyard 7 > 6
Resolve Stack: Whenever an opponent draws a card, Nekusar, the Mindrazer deals 1 damage to that player. [Player: Ai(4)-mm-jarad-graveyard]
Resolve Stack: At the beginning of each player's draw step, that player draws an additional card. [Phase: Ai(4)-mm-jarad-graveyard]
Add To Stack: Ai(2)-mm-nekusar-discard triggered Nekusar, the Mindrazer
Damage: Nekusar, the Mindrazer (201) deals 1 non-combat damage to Ai(4)-mm-jarad-graveyard.
Life: Life: Ai(4)-mm-jarad-graveyard 6 > 5
Resolve Stack: Whenever an opponent draws a card, Nekusar, the Mindrazer deals 1 damage to that player. [Player: Ai(4)-mm-jarad-graveyard]
Phase: Ai(4)-mm-jarad-graveyard's Main phase, precombat
Land: Ai(4)-mm-jarad-graveyard played Forest (333)
Add To Stack: Ai(4)-mm-jarad-graveyard activated Conduit of Worlds targeting [Elvish Mystic (311)]
Resolve Stack: Conduit of Worlds (389) - Ai(4)-mm-jarad-graveyard may cast Elvish Mystic (311).  
Mana: Swamp (369) - {T}: Add {B}.
Mana: Forest (328) - {T}: Add {G}.
Mana: Forest (334) - {T}: Add {G}.
Mana: Forest (336) - {T}: Add {G}.
Add To Stack: Ai(4)-mm-jarad-graveyard cast Rise of the Witch-king
Zone Change: Nekusar, the Mindrazer (201) was put into Graveyard from Battlefield.
Resolve Stack: Rise of the Witch-king (309) - Ai(4)-mm-jarad-graveyard and Ai(2)-mm-nekusar-discard sacrifice a creature. Ai(4)-mm-jarad-graveyard returns up to one Permanent.YouCtrl+!IsRemembered card from their graveyard to the battlefield. 
Phase: Ai(4)-mm-jarad-graveyard's Beginning of Combat Step
Phase: Ai(4)-mm-jarad-graveyard's Declare Attackers Step
Phase: Ai(4)-mm-jarad-graveyard's Declare Blockers Step
Phase: Ai(4)-mm-jarad-graveyard's First Strike Damage Step
Phase: Ai(4)-mm-jarad-graveyard's Combat Damage Step
Phase: Ai(4)-mm-jarad-graveyard's End of Combat Step
Phase: Ai(4)-mm-jarad-graveyard's Main phase, postcombat
Mana: Dakmor Salvage (375) - {T}: Add {B}.
Mana: Forest (329) - {T}: Add {G}.
Discard: Ai(4)-mm-jarad-graveyard discards Golgari Grave-Troll (360).
Add To Stack: Ai(4)-mm-jarad-graveyard cast Souls of the Lost
Add To Stack: Ai(2)-mm-nekusar-discard triggered Waste Not
Resolve Stack: Whenever an opponent discards a creature card, create a 2/2 black Zombie creature token. [Discarded: Golgari Grave-Troll (360), Cause: null]
Resolve Stack: Souls of the Lost - Creature * / *+1
Mana: Forest (330) - {T}: Add {G}.
Mana: Forest (335) - {T}: Add {G}.
Mana: Forest (338) - {T}: Add {G}.
Add To Stack: Ai(4)-mm-jarad-graveyard cast Splinterfright
Resolve Stack: Splinterfright - Creature * / *
Mana: Swamp (370) - {T}: Add {B}.
Mana: Swamp (365) - {T}: Add {B}.
Mana: Forest (331) - {T}: Add {G}.
Mana: Forest (337) - {T}: Add {G}.
Add To Stack: Ai(4)-mm-jarad-graveyard cast Mortivore
Resolve Stack: Mortivore - Creature * / *
Mana: Forest (333) - {T}: Add {G}.
Mana: Swamp (367) - {T}: Add {B}.
Mana: Swamp (368) - {T}: Add {B}.
Mana: Swamp (364) - {T}: Add {B}.
Mana: Swamp (366) - {T}: Add {B}.
Mana: Swamp (371) - {T}: Add {B}.
Mana: Swamp (362) - {T}: Add {B}.
Mana: Necroblossom Snarl (372) - {T}: Add {B} or {G}.
Mana: Deathcap Glade (344) - {T}: Add {B} or {G}.
Mana: Command Tower (313) - {T}: Add one mana of any color in your commander's color identity.
Mana: Undergrowth Stadium (395) - {T}: Add {B} or {G}.
Mana: Woodland Cemetery (393) - {T}: Add {B} or {G}.
Mana: Temple of Malady (325) - {T}: Add {B} or {G}.
Mana: Overgrown Tomb (380) - {T}: Add {G}.
Mana: Tainted Wood (314) - {T}: Add {C}.
Mana: Twilight Mire (377) - {T}: Add {C}.
Mana: Svogthos, the Restless Tomb (315) - {T}: Add {C}.
Mana: Llanowar Wastes (384) - {T}: Add {C}.
Add To Stack: Ai(4)-mm-jarad-graveyard cast Old Stickfingers
Add To Stack: Ai(4)-mm-jarad-graveyard triggered Old Stickfingers
Resolve Stack: When you cast Old Stickfingers, reveal cards from the top of your library until you reveal X creature cards. Put all the creature cards revealed this way into your graveyard and the rest on the bottom of your library in a random order. [Card: Old Stickfingers (306), Activator: Ai(4)-mm-jarad-graveyard, SpellAbility: Old Stickfingers - Creature * / * (X=0)]
Resolve Stack: Old Stickfingers - Creature * / * (X=16)
Phase: Ai(4)-mm-jarad-graveyard's End step
Add To Stack: Ai(2)-mm-nekusar-discard triggered Fevered Visions
Damage: Fevered Visions (199) deals 2 non-combat damage to Ai(4)-mm-jarad-graveyard.
Life: Life: Ai(4)-mm-jarad-graveyard 5 > 3
Resolve Stack: At the beginning of each player's end step, that player draws a card. If the player is your opponent and has four or more cards in hand, Fevered Visions deals 2 damage to that player. [Phase: Ai(4)-mm-jarad-graveyard]
Phase: Ai(4)-mm-jarad-graveyard's Cleanup step
Turn: Turn 46 (Ai(2)-mm-nekusar-discard)
Phase: Ai(2)-mm-nekusar-discard's Untap step
Phase: Ai(2)-mm-nekusar-discard's Upkeep step
Phase: Ai(2)-mm-nekusar-discard's Draw step
Add To Stack: Ai(2)-mm-nekusar-discard triggered Howling Mine
Resolve Stack: At the beginning of each player's draw step, if Howling Mine is untapped, that player draws an additional card. [Phase: Ai(2)-mm-nekusar-discard]
Mana: Dragonskull Summit (153) - {T}: Add {B} or {R}.
Mana: Reliquary Tower (177) - {T}: Add {C}.
Mana: Sol Ring (120) - {T}: Add {C}{C}.
Add To Stack: Ai(2)-mm-nekusar-discard cast Chaos Warp targeting [Souls of the Lost (310)]
Resolve Stack: Chaos Warp (174) - Shuffle Souls of the Lost (310) into its owner's library. Ai(2)-mm-nekusar-discard reveals the top card of Ai(4)-mm-jarad-graveyard's library.
Phase: Ai(2)-mm-nekusar-discard's Main phase, precombat
Land: Ai(2)-mm-nekusar-discard played Swamp (161)
Add To Stack: Ai(2)-mm-nekusar-discard activated Lightning Greaves targeting [Zombie Token (517)]
Resolve Stack: Lightning Greaves (193) -  Attach to Zombie Token (517)
Phase: Ai(2)-mm-nekusar-discard's Beginning of Combat Step
Phase: Ai(2)-mm-nekusar-discard's Declare Attackers Step
Phase: Ai(2)-mm-nekusar-discard's Declare Blockers Step
Phase: Ai(2)-mm-nekusar-discard's First Strike Damage Step
Phase: Ai(2)-mm-nekusar-discard's Combat Damage Step
Phase: Ai(2)-mm-nekusar-discard's End of Combat Step
Phase: Ai(2)-mm-nekusar-discard's Main phase, postcombat
Mana: Luxury Suite (143) - {T}: Add {B} or {R}.
Mana: Island (138) - {T}: Add {U}.
Mana: Swamp (159) - {T}: Add {B}.
Mana: Swamp (161) - {T}: Add {B}.
Mana: Island (137) - {T}: Add {U}.
Mana: Drowned Catacomb (179) - {T}: Add {U} or {B}.
Add To Stack: Ai(2)-mm-nekusar-discard cast The Locust God
Resolve Stack: The Locust God - Creature 4 / 4
Mana: Steam Vents (167) - {T}: Add {U}.
Mana: Watery Grave (134) - {T}: Add {U}.
Add To Stack: Ai(2)-mm-nekusar-discard cast Kami of the Crescent Moon
Resolve Stack: Kami of the Crescent Moon - Creature 1 / 3
Phase: Ai(2)-mm-nekusar-discard's End step
Add To Stack: Ai(2)-mm-nekusar-discard triggered Fevered Visions
Resolve Stack: At the beginning of each player's end step, that player draws a card. If the player is your opponent and has four or more cards in hand, Fevered Visions deals 2 damage to that player. [Phase: Ai(2)-mm-nekusar-discard]
Add To Stack: Ai(2)-mm-nekusar-discard triggered The Locust God
Resolve Stack: Whenever you draw a card, create a 1/1 blue and red Insect creature token with flying and haste. [Player: Ai(2)-mm-nekusar-discard]
Phase: Ai(2)-mm-nekusar-discard's Cleanup step
Turn: Turn 47 (Ai(4)-mm-jarad-graveyard)
Phase: Ai(4)-mm-jarad-graveyard's Untap step
Phase: Ai(4)-mm-jarad-graveyard's Upkeep step
Add To Stack: Ai(4)-mm-jarad-graveyard triggered Deadbridge Chant
Add To Stack: Ai(4)-mm-jarad-graveyard triggered Splinterfright
Zone Change: Ai(4)-mm-jarad-graveyard milled Buried Alive (320) and Souls of the Lost (310).
Resolve Stack: At the beginning of your upkeep, mill two cards. [Phase: Ai(4)-mm-jarad-graveyard]
Resolve Stack: At the beginning of your upkeep, choose a card at random in your graveyard. If it's a creature card, put it onto the battlefield. Otherwise, put it into your hand. [Phase: Ai(4)-mm-jarad-graveyard]
Phase: Ai(4)-mm-jarad-graveyard's Draw step
Add To Stack: Ai(2)-mm-nekusar-discard triggered Howling Mine
Add To Stack: Ai(2)-mm-nekusar-discard triggered Kami of the Crescent Moon
Resolve Stack: At the beginning of each player's draw step, that player draws an additional card. [Phase: Ai(4)-mm-jarad-graveyard]
Resolve Stack: At the beginning of each player's draw step, if Howling Mine is untapped, that player draws an additional card. [Phase: Ai(4)-mm-jarad-graveyard]
Phase: Ai(4)-mm-jarad-graveyard's Main phase, precombat
Land: Ai(4)-mm-jarad-graveyard played Forest (332)
Add To Stack: Ai(4)-mm-jarad-graveyard activated Conduit of Worlds targeting [Reclamation Sage (351)]
Mana: Forest (328) - {T}: Add {G}.
Mana: Forest (334) - {T}: Add {G}.
Mana: Forest (336) - {T}: Add {G}.
Add To Stack: Ai(4)-mm-jarad-graveyard cast Reclamation Sage
Resolve Stack: Conduit of Worlds (389) - Ai(4)-mm-jarad-graveyard may cast Reclamation Sage (351).  
Resolve Stack: Reclamation Sage - Creature 2 / 1
Add To Stack: Ai(4)-mm-jarad-graveyard triggered Reclamation Sage targeting [Fevered Visions (199)]
Zone Change: Fevered Visions (199) was put into Graveyard from Battlefield.
Resolve Stack: When Reclamation Sage enters, you may destroy target artifact or enchantment. (Targeting: [[Fevered Visions (199)]]) [Zone Changer: Reclamation Sage (351)]
Mana: Forest (329) - {T}: Add {G}.
Mana: Forest (330) - {T}: Add {G}.
Add To Stack: Ai(4)-mm-jarad-graveyard activated Bonehoard targeting [Mortivore (305)]
Resolve Stack: Bonehoard (357) -  Attach to Mortivore (305)
Phase: Ai(4)-mm-jarad-graveyard's Beginning of Combat Step
Phase: Ai(4)-mm-jarad-graveyard's Declare Attackers Step
Combat: Ai(4)-mm-jarad-graveyard assigned Mortivore (305), Splinterfright (341) and Old Stickfingers (306) to attack Ai(2)-mm-nekusar-discard.
Phase: Ai(4)-mm-jarad-graveyard's Declare Blockers Step
Combat: Ai(2)-mm-nekusar-discard assigned Insect Token (520) and The Locust God (133) to block Mortivore (305).
Ai(2)-mm-nekusar-discard assigned Kami of the Crescent Moon (114) to block Splinterfright (341).
Ai(2)-mm-nekusar-discard assigned Zombie Token (517) to block Old Stickfingers (306).
Phase: Ai(4)-mm-jarad-graveyard's First Strike Damage Step
Phase: Ai(4)-mm-jarad-graveyard's Combat Damage Step
Damage: Mortivore (305) deals 53 combat damage to Ai(2)-mm-nekusar-discard.
Damage: Mortivore (305) deals 4 damage to The Locust God (133).
Damage: Mortivore (305) deals 1 damage to Insect Token (520).
Damage: Splinterfright (341) deals 23 combat damage to Ai(2)-mm-nekusar-discard.
Damage: Splinterfright (341) deals 3 damage to Kami of the Crescent Moon (114).
Damage: Old Stickfingers (306) deals 24 combat damage to Ai(2)-mm-nekusar-discard.
Damage: Old Stickfingers (306) deals 2 damage to Zombie Token (517).
Damage: Insect Token (520) deals 1 damage to Mortivore (305).
Damage: The Locust God (133) deals 4 damage to Mortivore (305).
Damage: Kami of the Crescent Moon (114) deals 1 damage to Splinterfright (341).
Damage: Zombie Token (517) deals 2 damage to Old Stickfingers (306).
Life: Life: Ai(2)-mm-nekusar-discard 11 > -89
Player Control: Ai(1)-mm-talrand-spells has restored control over themself
Player Control: Ai(2)-mm-nekusar-discard has restored control over themself
Player Control: Ai(3)-mm-abaddon has restored control over themself
Player Control: Ai(4)-mm-jarad-graveyard has restored control over themself
Game Outcome: Turn 24
Game Outcome: Ai(1)-mm-talrand-spells has lost because life total reached 0
Game Outcome: Ai(2)-mm-nekusar-discard has lost because life total reached 0
Game Outcome: Ai(3)-mm-abaddon has lost because life total reached 0
Game Outcome: Ai(4)-mm-jarad-graveyard has won because all opponents have lost
Match Result: Ai(1)-mm-talrand-spells: 0 Ai(2)-mm-nekusar-discard: 0 Ai(3)-mm-abaddon: 0 Ai(4)-mm-jarad-graveyard: 1 

Game Result: Game 1 ended in 198284 ms. Ai(4)-mm-jarad-graveyard has won!

Warning: default (ie. inherited from base class) implementation of confirmAction is used by Jarad, Golgari Lich Lord for forge.ai.ability.PermanentCreatureAi. Consider declaring an overloaded method
Active player is no longer in the game...
Warning: default (ie. inherited from base class) implementation of confirmAction is used by Talrand, Sky Summoner for forge.ai.ability.PermanentCreatureAi. Consider declaring an overloaded method
Mulligan: Ai(4)-mm-jarad-graveyard has mulliganed down to 7 cards.
Mulligan: Ai(4)-mm-jarad-graveyard has mulliganed down to 6 cards.
Mulligan: Ai(4)-mm-jarad-graveyard has mulliganed down to 5 cards.
Mulligan: Ai(1)-mm-talrand-spells has kept a hand of 7 cards
Mulligan: Ai(2)-mm-nekusar-discard has kept a hand of 7 cards
Mulligan: Ai(3)-mm-abaddon has kept a hand of 7 cards
Mulligan: Ai(4)-mm-jarad-graveyard has kept a hand of 5 cards
Turn: Turn 1 (Ai(1)-mm-talrand-spells)
Phase: Ai(1)-mm-talrand-spells' Untap step
Phase: Ai(1)-mm-talrand-spells' Upkeep step
Phase: Ai(1)-mm-talrand-spells' Draw step
Phase: Ai(1)-mm-talrand-spells' Main phase, precombat
Land: Ai(1)-mm-talrand-spells played Island (28)
Phase: Ai(1)-mm-talrand-spells' Beginning of Combat Step
Phase: Ai(1)-mm-talrand-spells' Declare Attackers Step
Phase: Ai(1)-mm-talrand-spells' Declare Blockers Step
Phase: Ai(1)-mm-talrand-spells' First Strike Damage Step
Phase: Ai(1)-mm-talrand-spells' Combat Damage Step
Phase: Ai(1)-mm-talrand-spells' End of Combat Step
Phase: Ai(1)-mm-talrand-spells' Main phase, postcombat
Phase: Ai(1)-mm-talrand-spells' End step
Phase: Ai(1)-mm-talrand-spells' Cleanup step
Turn: Turn 2 (Ai(2)-mm-nekusar-discard)
Phase: Ai(2)-mm-nekusar-discard's Untap step
Phase: Ai(2)-mm-nekusar-discard's Upkeep step
Phase: Ai(2)-mm-nekusar-discard's Draw step
Phase: Ai(2)-mm-nekusar-discard's Main phase, precombat
Replacement Effect: Xander's Lounge enters tapped.
Land: Ai(2)-mm-nekusar-discard played Xander's Lounge (169)
Phase: Ai(2)-mm-nekusar-discard's Beginning of Combat Step
Phase: Ai(2)-mm-nekusar-discard's Declare Attackers Step
Phase: Ai(2)-mm-nekusar-discard's Declare Blockers Step
Phase: Ai(2)-mm-nekusar-discard's First Strike Damage Step
Phase: Ai(2)-mm-nekusar-discard's Combat Damage Step
Phase: Ai(2)-mm-nekusar-discard's End of Combat Step
Phase: Ai(2)-mm-nekusar-discard's Main phase, postcombat
Phase: Ai(2)-mm-nekusar-discard's End step
Phase: Ai(2)-mm-nekusar-discard's Cleanup step
Turn: Turn 3 (Ai(3)-mm-abaddon)
Phase: Ai(3)-mm-abaddon's Untap step
Phase: Ai(3)-mm-abaddon's Upkeep step
Phase: Ai(3)-mm-abaddon's Draw step
Phase: Ai(3)-mm-abaddon's Main phase, precombat
Land: Ai(3)-mm-abaddon played Mountain (286)
Phase: Ai(3)-mm-abaddon's Beginning of Combat Step
Phase: Ai(3)-mm-abaddon's Declare Attackers Step
Phase: Ai(3)-mm-abaddon's Declare Blockers Step
Phase: Ai(3)-mm-abaddon's First Strike Damage Step
Phase: Ai(3)-mm-abaddon's Combat Damage Step
Phase: Ai(3)-mm-abaddon's End of Combat Step
Phase: Ai(3)-mm-abaddon's Main phase, postcombat
Phase: Ai(3)-mm-abaddon's End step
Phase: Ai(3)-mm-abaddon's Cleanup step
Turn: Turn 4 (Ai(4)-mm-jarad-graveyard)
Phase: Ai(4)-mm-jarad-graveyard's Untap step
Phase: Ai(4)-mm-jarad-graveyard's Upkeep step
Phase: Ai(4)-mm-jarad-graveyard's Draw step
Phase: Ai(4)-mm-jarad-graveyard's Main phase, precombat
Land: Ai(4)-mm-jarad-graveyard played Swamp (367)
Phase: Ai(4)-mm-jarad-graveyard's Beginning of Combat Step
Phase: Ai(4)-mm-jarad-graveyard's Declare Attackers Step
Phase: Ai(4)-mm-jarad-graveyard's Declare Blockers Step
Phase: Ai(4)-mm-jarad-graveyard's First Strike Damage Step
Phase: Ai(4)-mm-jarad-graveyard's Combat Damage Step
Phase: Ai(4)-mm-jarad-graveyard's End of Combat Step
Phase: Ai(4)-mm-jarad-graveyard's Main phase, postcombat
Phase: Ai(4)-mm-jarad-graveyard's End step
Phase: Ai(4)-mm-jarad-graveyard's Cleanup step
Turn: Turn 5 (Ai(1)-mm-talrand-spells)
Phase: Ai(1)-mm-talrand-spells' Untap step
Phase: Ai(1)-mm-talrand-spells' Upkeep step
Phase: Ai(1)-mm-talrand-spells' Draw step
Phase: Ai(1)-mm-talrand-spells' Main phase, precombat
Land: Ai(1)-mm-talrand-spells played Island (52)
Phase: Ai(1)-mm-talrand-spells' Beginning of Combat Step
Phase: Ai(1)-mm-talrand-spells' Declare Attackers Step
Phase: Ai(1)-mm-talrand-spells' Declare Blockers Step
Phase: Ai(1)-mm-talrand-spells' First Strike Damage Step
Phase: Ai(1)-mm-talrand-spells' Combat Damage Step
Phase: Ai(1)-mm-talrand-spells' End of Combat Step
Phase: Ai(1)-mm-talrand-spells' Main phase, postcombat
Phase: Ai(1)-mm-talrand-spells' End step
Phase: Ai(1)-mm-talrand-spells' Cleanup step
Turn: Turn 6 (Ai(2)-mm-nekusar-discard)
Phase: Ai(2)-mm-nekusar-discard's Untap step
Phase: Ai(2)-mm-nekusar-discard's Upkeep step
Phase: Ai(2)-mm-nekusar-discard's Draw step
Phase: Ai(2)-mm-nekusar-discard's Main phase, precombat
Replacement Effect: Dragonskull Summit enters tapped unless you control a Swamp or a Mountain.
Land: Ai(2)-mm-nekusar-discard played Dragonskull Summit (153)
Phase: Ai(2)-mm-nekusar-discard's Beginning of Combat Step
Phase: Ai(2)-mm-nekusar-discard's Declare Attackers Step
Phase: Ai(2)-mm-nekusar-discard's Declare Blockers Step
Phase: Ai(2)-mm-nekusar-discard's First Strike Damage Step
Phase: Ai(2)-mm-nekusar-discard's Combat Damage Step
Phase: Ai(2)-mm-nekusar-discard's End of Combat Step
Phase: Ai(2)-mm-nekusar-discard's Main phase, postcombat
Mana: Dragonskull Summit (153) - {T}: Add {B} or {R}.
Mana: Xander's Lounge (169) - {T}: Add {R}.
Add To Stack: Ai(2)-mm-nekusar-discard cast Waste Not
Mana: Island (28) - {T}: Add {U}.
Mana: Island (52) - {T}: Add {U}.
Add To Stack: Ai(1)-mm-talrand-spells cast Negate targeting [Waste Not]
Zone Change: Send countered spell to Graveyard
Resolve Stack: Negate (4) - Counter Waste Not (191).
Phase: Ai(2)-mm-nekusar-discard's End step
Phase: Ai(2)-mm-nekusar-discard's Cleanup step
Turn: Turn 7 (Ai(3)-mm-abaddon)
Phase: Ai(3)-mm-abaddon's Untap step
Phase: Ai(3)-mm-abaddon's Upkeep step
Phase: Ai(3)-mm-abaddon's Draw step
Phase: Ai(3)-mm-abaddon's Main phase, precombat
Replacement Effect: Sunken Hollow enters tapped unless you control two or more basic lands.
Land: Ai(3)-mm-abaddon played Sunken Hollow (223)
Phase: Ai(3)-mm-abaddon's Beginning of Combat Step
Phase: Ai(3)-mm-abaddon's Declare Attackers Step
Phase: Ai(3)-mm-abaddon's Declare Blockers Step
Phase: Ai(3)-mm-abaddon's First Strike Damage Step
Phase: Ai(3)-mm-abaddon's Combat Damage Step
Phase: Ai(3)-mm-abaddon's End of Combat Step
Phase: Ai(3)-mm-abaddon's Main phase, postcombat
Phase: Ai(3)-mm-abaddon's End step
Phase: Ai(3)-mm-abaddon's Cleanup step
Turn: Turn 8 (Ai(4)-mm-jarad-graveyard)
Phase: Ai(4)-mm-jarad-graveyard's Untap step
Phase: Ai(4)-mm-jarad-graveyard's Upkeep step
Phase: Ai(4)-mm-jarad-graveyard's Draw step
Phase: Ai(4)-mm-jarad-graveyard's Main phase, precombat
Replacement Effect: As Overgrown Tomb enters, you may pay 2 life. If you don't, it enters tapped.
Land: Ai(4)-mm-jarad-graveyard played Overgrown Tomb (380)
Phase: Ai(4)-mm-jarad-graveyard's Beginning of Combat Step
Phase: Ai(4)-mm-jarad-graveyard's Declare Attackers Step
Phase: Ai(4)-mm-jarad-graveyard's Declare Blockers Step
Phase: Ai(4)-mm-jarad-graveyard's First Strike Damage Step
Phase: Ai(4)-mm-jarad-graveyard's Combat Damage Step
Phase: Ai(4)-mm-jarad-graveyard's End of Combat Step
Phase: Ai(4)-mm-jarad-graveyard's Main phase, postcombat
Phase: Ai(4)-mm-jarad-graveyard's End step
Phase: Ai(4)-mm-jarad-graveyard's Cleanup step
Turn: Turn 9 (Ai(1)-mm-talrand-spells)
Phase: Ai(1)-mm-talrand-spells' Untap step
Phase: Ai(1)-mm-talrand-spells' Upkeep step
Phase: Ai(1)-mm-talrand-spells' Draw step
Phase: Ai(1)-mm-talrand-spells' Main phase, precombat
Land: Ai(1)-mm-talrand-spells played Island (48)
Phase: Ai(1)-mm-talrand-spells' Beginning of Combat Step
Phase: Ai(1)-mm-talrand-spells' Declare Attackers Step
Phase: Ai(1)-mm-talrand-spells' Declare Blockers Step
Phase: Ai(1)-mm-talrand-spells' First Strike Damage Step
Phase: Ai(1)-mm-talrand-spells' Combat Damage Step
Phase: Ai(1)-mm-talrand-spells' End of Combat Step
Phase: Ai(1)-mm-talrand-spells' Main phase, postcombat
Mana: Island (28) - {T}: Add {U}.
Mana: Island (52) - {T}: Add {U}.
Mana: Island (48) - {T}: Add {U}.
Add To Stack: Ai(1)-mm-talrand-spells cast Propaganda
Resolve Stack: Propaganda
Phase: Ai(1)-mm-talrand-spells' End step
Phase: Ai(1)-mm-talrand-spells' Cleanup step
Turn: Turn 10 (Ai(2)-mm-nekusar-discard)
Phase: Ai(2)-mm-nekusar-discard's Untap step
Phase: Ai(2)-mm-nekusar-discard's Upkeep step
Phase: Ai(2)-mm-nekusar-discard's Draw step
Phase: Ai(2)-mm-nekusar-discard's Main phase, precombat
Replacement Effect: Luxury Suite enters tapped unless you have two or more opponents.
Land: Ai(2)-mm-nekusar-discard played Luxury Suite (143)
Phase: Ai(2)-mm-nekusar-discard's Beginning of Combat Step
Phase: Ai(2)-mm-nekusar-discard's Declare Attackers Step
Phase: Ai(2)-mm-nekusar-discard's Declare Blockers Step
Phase: Ai(2)-mm-nekusar-discard's First Strike Damage Step
Phase: Ai(2)-mm-nekusar-discard's Combat Damage Step
Phase: Ai(2)-mm-nekusar-discard's End of Combat Step
Phase: Ai(2)-mm-nekusar-discard's Main phase, postcombat
Mana: Dragonskull Summit (153) - {T}: Add {B} or {R}.
Mana: Luxury Suite (143) - {T}: Add {B} or {R}.
Add To Stack: Ai(2)-mm-nekusar-discard cast Harmonic Prodigy
Resolve Stack: Harmonic Prodigy - Creature 1 / 3
Phase: Ai(2)-mm-nekusar-discard's End step
Phase: Ai(2)-mm-nekusar-discard's Cleanup step
Turn: Turn 11 (Ai(3)-mm-abaddon)
Phase: Ai(3)-mm-abaddon's Untap step
Phase: Ai(3)-mm-abaddon's Upkeep step
Phase: Ai(3)-mm-abaddon's Draw step
Phase: Ai(3)-mm-abaddon's Main phase, precombat
Land: Ai(3)-mm-abaddon played Swamp (249)
Phase: Ai(3)-mm-abaddon's Beginning of Combat Step
Phase: Ai(3)-mm-abaddon's Declare Attackers Step
Phase: Ai(3)-mm-abaddon's Declare Blockers Step
Phase: Ai(3)-mm-abaddon's First Strike Damage Step
Phase: Ai(3)-mm-abaddon's Combat Damage Step
Phase: Ai(3)-mm-abaddon's End of Combat Step
Phase: Ai(3)-mm-abaddon's Main phase, postcombat
Mana: Mountain (286) - {T}: Add {R}.
Mana: Swamp (249) - {T}: Add {B}.
Mana: Sunken Hollow (223) - {T}: Add {B}.
Add To Stack: Ai(3)-mm-abaddon cast Chromatic Lantern
Resolve Stack: Chromatic Lantern
Phase: Ai(3)-mm-abaddon's End step
Phase: Ai(3)-mm-abaddon's Cleanup step
Turn: Turn 12 (Ai(4)-mm-jarad-graveyard)
Phase: Ai(4)-mm-jarad-graveyard's Untap step
Phase: Ai(4)-mm-jarad-graveyard's Upkeep step
Phase: Ai(4)-mm-jarad-graveyard's Draw step
Phase: Ai(4)-mm-jarad-graveyard's Main phase, precombat
Replacement Effect: Deathcap Glade enters tapped unless you control two or more other lands.
Land: Ai(4)-mm-jarad-graveyard played Deathcap Glade (344)
Phase: Ai(4)-mm-jarad-graveyard's Beginning of Combat Step
Phase: Ai(4)-mm-jarad-graveyard's Declare Attackers Step
Phase: Ai(4)-mm-jarad-graveyard's Declare Blockers Step
Phase: Ai(4)-mm-jarad-graveyard's First Strike Damage Step
Phase: Ai(4)-mm-jarad-graveyard's Combat Damage Step
Phase: Ai(4)-mm-jarad-graveyard's End of Combat Step
Phase: Ai(4)-mm-jarad-graveyard's Main phase, postcombat
Mana: Deathcap Glade (344) - {T}: Add {B} or {G}.
Mana: Swamp (367) - {T}: Add {B}.
Add To Stack: Ai(4)-mm-jarad-graveyard cast Wight of the Reliquary
Resolve Stack: Wight of the Reliquary - Creature 2 / 2
Mana: Overgrown Tomb (380) - {T}: Add {G}.
Add To Stack: Ai(4)-mm-jarad-graveyard cast Llanowar Elves
Resolve Stack: Llanowar Elves - Creature 1 / 1
Phase: Ai(4)-mm-jarad-graveyard's End step
Phase: Ai(4)-mm-jarad-graveyard's Cleanup step
Turn: Turn 13 (Ai(1)-mm-talrand-spells)
Phase: Ai(1)-mm-talrand-spells' Untap step
Phase: Ai(1)-mm-talrand-spells' Upkeep step
Phase: Ai(1)-mm-talrand-spells' Draw step
Phase: Ai(1)-mm-talrand-spells' Main phase, precombat
Phase: Ai(1)-mm-talrand-spells' Beginning of Combat Step
Phase: Ai(1)-mm-talrand-spells' Declare Attackers Step
Phase: Ai(1)-mm-talrand-spells' Declare Blockers Step
Phase: Ai(1)-mm-talrand-spells' First Strike Damage Step
Phase: Ai(1)-mm-talrand-spells' Combat Damage Step
Phase: Ai(1)-mm-talrand-spells' End of Combat Step
Phase: Ai(1)-mm-talrand-spells' Main phase, postcombat
Replacement Effect: Myriad Landscape enters tapped.
Land: Ai(1)-mm-talrand-spells played Myriad Landscape (84)
Phase: Ai(1)-mm-talrand-spells' End step
Phase: Ai(1)-mm-talrand-spells' Cleanup step
Turn: Turn 14 (Ai(2)-mm-nekusar-discard)
Phase: Ai(2)-mm-nekusar-discard's Untap step
Phase: Ai(2)-mm-nekusar-discard's Upkeep step
Phase: Ai(2)-mm-nekusar-discard's Draw step
Phase: Ai(2)-mm-nekusar-discard's Main phase, precombat
Land: Ai(2)-mm-nekusar-discard played Island (137)
Phase: Ai(2)-mm-nekusar-discard's Beginning of Combat Step
Phase: Ai(2)-mm-nekusar-discard's Declare Attackers Step
Phase: Ai(2)-mm-nekusar-discard's Declare Blockers Step
Phase: Ai(2)-mm-nekusar-discard's First Strike Damage Step
Phase: Ai(2)-mm-nekusar-discard's Combat Damage Step
Phase: Ai(2)-mm-nekusar-discard's End of Combat Step
Phase: Ai(2)-mm-nekusar-discard's Main phase, postcombat
Mana: Dragonskull Summit (153) - {T}: Add {B} or {R}.
Mana: Luxury Suite (143) - {T}: Add {B} or {R}.
Add To Stack: Ai(2)-mm-nekusar-discard cast Razorkin Needlehead
Resolve Stack: Razorkin Needlehead - Creature 2 / 2
Phase: Ai(2)-mm-nekusar-discard's End step
Phase: Ai(2)-mm-nekusar-discard's Cleanup step
Turn: Turn 15 (Ai(3)-mm-abaddon)
Phase: Ai(3)-mm-abaddon's Untap step
Phase: Ai(3)-mm-abaddon's Upkeep step
Phase: Ai(3)-mm-abaddon's Draw step
Add To Stack: Ai(2)-mm-nekusar-discard triggered Razorkin Needlehead
Damage: Razorkin Needlehead (132) deals 1 non-combat damage to Ai(3)-mm-abaddon.
Life: Life: Ai(3)-mm-abaddon 40 > 39
Resolve Stack: Whenever an opponent draws a card, Razorkin Needlehead deals 1 damage to them. [Player: Ai(3)-mm-abaddon]
Phase: Ai(3)-mm-abaddon's Main phase, precombat
Land: Ai(3)-mm-abaddon played Mountain (289)
Mana: Chromatic Lantern (299) - {T}: Add one mana of any color.
Mana: Mountain (286) - {T}: Add {R}.
Mana: Swamp (249) - {T}: Add {B}.
Mana: Mountain (289) - {T}: Add {R}.
Mana: Sunken Hollow (223) - {T}: Add {B}.
Add To Stack: Ai(3)-mm-abaddon cast Kill! Maim! Burn!
Mana: Island (28) - {T}: Add {U}.
Mana: Island (52) - {T}: Add {U}.
Add To Stack: Ai(1)-mm-talrand-spells cast Disdainful Stroke targeting [Choose one or more —
• Destroy target artifact.
• Destroy target creature.
• Kill! Maim! Burn! deals 3 damage to target player.

 Destroy target creature. Kill! Maim! Burn! deals 3 damage to target player.]
Zone Change: Send countered spell to Graveyard
Resolve Stack: Disdainful Stroke (74) - Counter Kill! Maim! Burn! (271).
Phase: Ai(3)-mm-abaddon's Beginning of Combat Step
Phase: Ai(3)-mm-abaddon's Declare Attackers Step
Phase: Ai(3)-mm-abaddon's Declare Blockers Step
Phase: Ai(3)-mm-abaddon's First Strike Damage Step
Phase: Ai(3)-mm-abaddon's Combat Damage Step
Phase: Ai(3)-mm-abaddon's End of Combat Step
Phase: Ai(3)-mm-abaddon's Main phase, postcombat
Phase: Ai(3)-mm-abaddon's End step
Phase: Ai(3)-mm-abaddon's Cleanup step
Turn: Turn 16 (Ai(4)-mm-jarad-graveyard)
Phase: Ai(4)-mm-jarad-graveyard's Untap step
Phase: Ai(4)-mm-jarad-graveyard's Upkeep step
Phase: Ai(4)-mm-jarad-graveyard's Draw step
Add To Stack: Ai(2)-mm-nekusar-discard triggered Razorkin Needlehead
Damage: Razorkin Needlehead (132) deals 1 non-combat damage to Ai(4)-mm-jarad-graveyard.
Life: Life: Ai(4)-mm-jarad-graveyard 40 > 39
Resolve Stack: Whenever an opponent draws a card, Razorkin Needlehead deals 1 damage to them. [Player: Ai(4)-mm-jarad-graveyard]
Phase: Ai(4)-mm-jarad-graveyard's Main phase, precombat
Land: Ai(4)-mm-jarad-graveyard played Swamp (368)
Phase: Ai(4)-mm-jarad-graveyard's Beginning of Combat Step
Phase: Ai(4)-mm-jarad-graveyard's Declare Attackers Step
Phase: Ai(4)-mm-jarad-graveyard's Declare Blockers Step
Phase: Ai(4)-mm-jarad-graveyard's First Strike Damage Step
Phase: Ai(4)-mm-jarad-graveyard's Combat Damage Step
Phase: Ai(4)-mm-jarad-graveyard's End of Combat Step
Zone Change: Llanowar Elves (386) was put into Graveyard from Battlefield.
Add To Stack: Ai(4)-mm-jarad-graveyard activated Wight of the Reliquary
Resolve Stack: Wight of the Reliquary (361) - Ai(4)-mm-jarad-graveyard searches their library for a land card, puts it onto the battlefield tapped, then shuffles.
Phase: Ai(4)-mm-jarad-graveyard's Main phase, postcombat
Mana: Deathcap Glade (344) - {T}: Add {B} or {G}.
Mana: Overgrown Tomb (380) - {T}: Add {G}.
Mana: Swamp (367) - {T}: Add {B}.
Mana: Swamp (368) - {T}: Add {B}.
Add To Stack: Ai(4)-mm-jarad-graveyard cast Jarad, Golgari Lich Lord
Resolve Stack: Jarad, Golgari Lich Lord - Creature 2 / 2
Phase: Ai(4)-mm-jarad-graveyard's End step
Phase: Ai(4)-mm-jarad-graveyard's Cleanup step
Turn: Turn 17 (Ai(1)-mm-talrand-spells)
Phase: Ai(1)-mm-talrand-spells' Untap step
Phase: Ai(1)-mm-talrand-spells' Upkeep step
Mana: Island (28) - {T}: Add {U}.
Mana: Island (52) - {T}: Add {U}.
Zone Change: Myriad Landscape (84) was put into Graveyard from Battlefield.
Add To Stack: Ai(1)-mm-talrand-spells activated Myriad Landscape
Resolve Stack: Myriad Landscape (84) - Ai(1)-mm-talrand-spells searches their library for  up to two basic land cards, puts them onto the battlefield tapped, then shuffles.
Phase: Ai(1)-mm-talrand-spells' Draw step
Add To Stack: Ai(2)-mm-nekusar-discard triggered Razorkin Needlehead
Damage: Razorkin Needlehead (132) deals 1 non-combat damage to Ai(1)-mm-talrand-spells.
Life: Life: Ai(1)-mm-talrand-spells 40 > 39
Resolve Stack: Whenever an opponent draws a card, Razorkin Needlehead deals 1 damage to them. [Player: Ai(1)-mm-talrand-spells]
Phase: Ai(1)-mm-talrand-spells' Main phase, precombat
Land: Ai(1)-mm-talrand-spells played Island (37)
Phase: Ai(1)-mm-talrand-spells' Beginning of Combat Step
Phase: Ai(1)-mm-talrand-spells' Declare Attackers Step
Phase: Ai(1)-mm-talrand-spells' Declare Blockers Step
Phase: Ai(1)-mm-talrand-spells' First Strike Damage Step
Phase: Ai(1)-mm-talrand-spells' Combat Damage Step
Phase: Ai(1)-mm-talrand-spells' End of Combat Step
Phase: Ai(1)-mm-talrand-spells' Main phase, postcombat
Phase: Ai(1)-mm-talrand-spells' End step
Phase: Ai(1)-mm-talrand-spells' Cleanup step
Turn: Turn 18 (Ai(2)-mm-nekusar-discard)
Phase: Ai(2)-mm-nekusar-discard's Untap step
Phase: Ai(2)-mm-nekusar-discard's Upkeep step
Phase: Ai(2)-mm-nekusar-discard's Draw step
Phase: Ai(2)-mm-nekusar-discard's Main phase, precombat
Land: Ai(2)-mm-nekusar-discard played Geier Reach Sanitarium (111)
Phase: Ai(2)-mm-nekusar-discard's Beginning of Combat Step
Phase: Ai(2)-mm-nekusar-discard's Declare Attackers Step
Phase: Ai(2)-mm-nekusar-discard's Declare Blockers Step
Phase: Ai(2)-mm-nekusar-discard's First Strike Damage Step
Phase: Ai(2)-mm-nekusar-discard's Combat Damage Step
Phase: Ai(2)-mm-nekusar-discard's End of Combat Step
Phase: Ai(2)-mm-nekusar-discard's Main phase, postcombat
Mana: Dragonskull Summit (153) - {T}: Add {B} or {R}.
Mana: Luxury Suite (143) - {T}: Add {B} or {R}.
Mana: Island (137) - {T}: Add {U}.
Mana: Xander's Lounge (169) - {T}: Add {R}.
Mana: Geier Reach Sanitarium (111) - {T}: Add {C}.
Add To Stack: Ai(2)-mm-nekusar-discard cast Seizan, Perverter of Truth
Resolve Stack: Seizan, Perverter of Truth - Creature 6 / 5
Mana: Island (48) - {T}: Add {U}.
Add To Stack: Ai(1)-mm-talrand-spells cast Rapid Hybridization targeting [Seizan, Perverter of Truth (119)]
Zone Change: Seizan, Perverter of Truth (119) was put into Graveyard from Battlefield.
Resolve Stack: Rapid Hybridization (62) - Destroy Seizan, Perverter of Truth (119). It can't be regenerated. 
Phase: Ai(2)-mm-nekusar-discard's End step
Phase: Ai(2)-mm-nekusar-discard's Cleanup step
Turn: Turn 19 (Ai(3)-mm-abaddon)
Phase: Ai(3)-mm-abaddon's Untap step
Phase: Ai(3)-mm-abaddon's Upkeep step
Phase: Ai(3)-mm-abaddon's Draw step
Add To Stack: Ai(2)-mm-nekusar-discard triggered Razorkin Needlehead
Damage: Razorkin Needlehead (132) deals 1 non-combat damage to Ai(3)-mm-abaddon.
Life: Life: Ai(3)-mm-abaddon 39 > 38
Resolve Stack: Whenever an opponent draws a card, Razorkin Needlehead deals 1 damage to them. [Player: Ai(3)-mm-abaddon]
Phase: Ai(3)-mm-abaddon's Main phase, precombat
Phase: Ai(3)-mm-abaddon's Beginning of Combat Step
Phase: Ai(3)-mm-abaddon's Declare Attackers Step
Phase: Ai(3)-mm-abaddon's Declare Blockers Step
Phase: Ai(3)-mm-abaddon's First Strike Damage Step
Phase: Ai(3)-mm-abaddon's Combat Damage Step
Phase: Ai(3)-mm-abaddon's End of Combat Step
Phase: Ai(3)-mm-abaddon's Main phase, postcombat
Mana: Chromatic Lantern (299) - {T}: Add one mana of any color.
Mana: Mountain (286) - {T}: Add one mana of any color.
Mana: Swamp (249) - {T}: Add one mana of any color.
Mana: Mountain (289) - {T}: Add {R}.
Mana: Sunken Hollow (223) - {T}: Add {B}.
Add To Stack: Ai(3)-mm-abaddon cast Abaddon the Despoiler
Resolve Stack: Abaddon the Despoiler - Creature 5 / 5
Phase: Ai(3)-mm-abaddon's End step
Phase: Ai(3)-mm-abaddon's Cleanup step
Turn: Turn 20 (Ai(4)-mm-jarad-graveyard)
Phase: Ai(4)-mm-jarad-graveyard's Untap step
Phase: Ai(4)-mm-jarad-graveyard's Upkeep step
Phase: Ai(4)-mm-jarad-graveyard's Draw step
Add To Stack: Ai(2)-mm-nekusar-discard triggered Razorkin Needlehead
Damage: Razorkin Needlehead (132) deals 1 non-combat damage to Ai(4)-mm-jarad-graveyard.
Life: Life: Ai(4)-mm-jarad-graveyard 39 > 38
Resolve Stack: Whenever an opponent draws a card, Razorkin Needlehead deals 1 damage to them. [Player: Ai(4)-mm-jarad-graveyard]
Phase: Ai(4)-mm-jarad-graveyard's Main phase, precombat
Phase: Ai(4)-mm-jarad-graveyard's Beginning of Combat Step
Phase: Ai(4)-mm-jarad-graveyard's Declare Attackers Step
Phase: Ai(4)-mm-jarad-graveyard's Declare Blockers Step
Phase: Ai(4)-mm-jarad-graveyard's First Strike Damage Step
Phase: Ai(4)-mm-jarad-graveyard's Combat Damage Step
Phase: Ai(4)-mm-jarad-graveyard's End of Combat Step
Zone Change: Jarad, Golgari Lich Lord (403) was put into Graveyard from Battlefield.
Add To Stack: Ai(4)-mm-jarad-graveyard activated Wight of the Reliquary
Replacement Effect: Bojuka Bog enters tapped.
Resolve Stack: Wight of the Reliquary (361) - Ai(4)-mm-jarad-graveyard searches their library for a land card, puts it onto the battlefield tapped, then shuffles.
Add To Stack: Ai(4)-mm-jarad-graveyard triggered Bojuka Bog targeting [Ai(1)-mm-talrand-spells]
Resolve Stack: When Bojuka Bog enters, exile all cards from target player's graveyard. (Targeting: [[Ai(1)-mm-talrand-spells]]) [Zone Changer: Bojuka Bog (354)]
Phase: Ai(4)-mm-jarad-graveyard's Main phase, postcombat
Mana: Swamp (367) - {T}: Add {B}.
Mana: Swamp (368) - {T}: Add {B}.
Mana: Deathcap Glade (344) - {T}: Add {B} or {G}.
Add To Stack: Ai(4)-mm-jarad-graveyard cast Buried Alive
Resolve Stack: Buried Alive (320) - Ai(4)-mm-jarad-graveyard searches their library for  up to three creature cards, puts them into their owner's graveyard, then shuffles.
Phase: Ai(4)-mm-jarad-graveyard's End step
Phase: Ai(4)-mm-jarad-graveyard's Cleanup step
Turn: Turn 21 (Ai(1)-mm-talrand-spells)
Phase: Ai(1)-mm-talrand-spells' Untap step
Phase: Ai(1)-mm-talrand-spells' Upkeep step
Phase: Ai(1)-mm-talrand-spells' Draw step
Add To Stack: Ai(2)-mm-nekusar-discard triggered Razorkin Needlehead
Damage: Razorkin Needlehead (132) deals 1 non-combat damage to Ai(1)-mm-talrand-spells.
Life: Life: Ai(1)-mm-talrand-spells 39 > 38
Resolve Stack: Whenever an opponent draws a card, Razorkin Needlehead deals 1 damage to them. [Player: Ai(1)-mm-talrand-spells]
Phase: Ai(1)-mm-talrand-spells' Main phase, precombat
Land: Ai(1)-mm-talrand-spells played Island (44)
Phase: Ai(1)-mm-talrand-spells' Beginning of Combat Step
Phase: Ai(1)-mm-talrand-spells' Declare Attackers Step
Phase: Ai(1)-mm-talrand-spells' Declare Blockers Step
Phase: Ai(1)-mm-talrand-spells' First Strike Damage Step
Phase: Ai(1)-mm-talrand-spells' Combat Damage Step
Phase: Ai(1)-mm-talrand-spells' End of Combat Step
Phase: Ai(1)-mm-talrand-spells' Main phase, postcombat
Mana: Island (28) - {T}: Add {U}.
Mana: Island (52) - {T}: Add {U}.
Mana: Island (48) - {T}: Add {U}.
Mana: Island (40) - {T}: Add {U}.
Add To Stack: Ai(1)-mm-talrand-spells cast Talrand, Sky Summoner
Resolve Stack: Talrand, Sky Summoner - Creature 2 / 2
Phase: Ai(1)-mm-talrand-spells' End step
Phase: Ai(1)-mm-talrand-spells' Cleanup step
Turn: Turn 22 (Ai(2)-mm-nekusar-discard)
Phase: Ai(2)-mm-nekusar-discard's Untap step
Phase: Ai(2)-mm-nekusar-discard's Upkeep step
Phase: Ai(2)-mm-nekusar-discard's Draw step
Phase: Ai(2)-mm-nekusar-discard's Main phase, precombat
Land: Ai(2)-mm-nekusar-discard played Swamp (162)
Phase: Ai(2)-mm-nekusar-discard's Beginning of Combat Step
Phase: Ai(2)-mm-nekusar-discard's Declare Attackers Step
Phase: Ai(2)-mm-nekusar-discard's Declare Blockers Step
Phase: Ai(2)-mm-nekusar-discard's First Strike Damage Step
Phase: Ai(2)-mm-nekusar-discard's Combat Damage Step
Phase: Ai(2)-mm-nekusar-discard's End of Combat Step
Phase: Ai(2)-mm-nekusar-discard's Main phase, postcombat
Mana: Island (137) - {T}: Add {U}.
Mana: Dragonskull Summit (153) - {T}: Add {B} or {R}.
Mana: Swamp (162) - {T}: Add {B}.
Mana: Luxury Suite (143) - {T}: Add {B} or {R}.
Mana: Xander's Lounge (169) - {T}: Add {R}.
Add To Stack: Ai(2)-mm-nekusar-discard cast Nekusar, the Mindrazer
Resolve Stack: Nekusar, the Mindrazer - Creature 2 / 4
Phase: Ai(2)-mm-nekusar-discard's End step
Phase: Ai(2)-mm-nekusar-discard's Cleanup step
Turn: Turn 23 (Ai(3)-mm-abaddon)
Phase: Ai(3)-mm-abaddon's Untap step
Phase: Ai(3)-mm-abaddon's Upkeep step
Phase: Ai(3)-mm-abaddon's Draw step
Add To Stack: Ai(2)-mm-nekusar-discard triggered Razorkin Needlehead
Add To Stack: Ai(2)-mm-nekusar-discard triggered Nekusar, the Mindrazer
Add To Stack: Ai(2)-mm-nekusar-discard triggered Nekusar, the Mindrazer
Add To Stack: Ai(2)-mm-nekusar-discard triggered Nekusar, the Mindrazer
Add To Stack: Ai(2)-mm-nekusar-discard triggered Nekusar, the Mindrazer
Resolve Stack: At the beginning of each player's draw step, that player draws an additional card. [Phase: Ai(3)-mm-abaddon]
Add To Stack: Ai(2)-mm-nekusar-discard triggered Razorkin Needlehead
Add To Stack: Ai(2)-mm-nekusar-discard triggered Nekusar, the Mindrazer
Add To Stack: Ai(2)-mm-nekusar-discard triggered Nekusar, the Mindrazer
Damage: Nekusar, the Mindrazer (201) deals 1 non-combat damage to Ai(3)-mm-abaddon.
Life: Life: Ai(3)-mm-abaddon 38 > 37
Resolve Stack: Whenever an opponent draws a card, Nekusar, the Mindrazer deals 1 damage to that player. [Player: Ai(3)-mm-abaddon]
Damage: Nekusar, the Mindrazer (201) deals 1 non-combat damage to Ai(3)-mm-abaddon.
Life: Life: Ai(3)-mm-abaddon 37 > 36
Resolve Stack: Whenever an opponent draws a card, Nekusar, the Mindrazer deals 1 damage to that player. [Player: Ai(3)-mm-abaddon]
Damage: Razorkin Needlehead (132) deals 1 non-combat damage to Ai(3)-mm-abaddon.
Life: Life: Ai(3)-mm-abaddon 36 > 35
Resolve Stack: Whenever an opponent draws a card, Razorkin Needlehead deals 1 damage to them. [Player: Ai(3)-mm-abaddon]
Resolve Stack: At the beginning of each player's draw step, that player draws an additional card. [Phase: Ai(3)-mm-abaddon]
Add To Stack: Ai(2)-mm-nekusar-discard triggered Razorkin Needlehead
Add To Stack: Ai(2)-mm-nekusar-discard triggered Nekusar, the Mindrazer
Add To Stack: Ai(2)-mm-nekusar-discard triggered Nekusar, the Mindrazer
Damage: Nekusar, the Mindrazer (201) deals 1 non-combat damage to Ai(3)-mm-abaddon.
Life: Life: Ai(3)-mm-abaddon 35 > 34
Resolve Stack: Whenever an opponent draws a card, Nekusar, the Mindrazer deals 1 damage to that player. [Player: Ai(3)-mm-abaddon]
Damage: Nekusar, the Mindrazer (201) deals 1 non-combat damage to Ai(3)-mm-abaddon.
Life: Life: Ai(3)-mm-abaddon 34 > 33
Resolve Stack: Whenever an opponent draws a card, Nekusar, the Mindrazer deals 1 damage to that player. [Player: Ai(3)-mm-abaddon]
Damage: Razorkin Needlehead (132) deals 1 non-combat damage to Ai(3)-mm-abaddon.
Life: Life: Ai(3)-mm-abaddon 33 > 32
Resolve Stack: Whenever an opponent draws a card, Razorkin Needlehead deals 1 damage to them. [Player: Ai(3)-mm-abaddon]
Damage: Nekusar, the Mindrazer (201) deals 1 non-combat damage to Ai(3)-mm-abaddon.
Life: Life: Ai(3)-mm-abaddon 32 > 31
Resolve Stack: Whenever an opponent draws a card, Nekusar, the Mindrazer deals 1 damage to that player. [Player: Ai(3)-mm-abaddon]
Damage: Nekusar, the Mindrazer (201) deals 1 non-combat damage to Ai(3)-mm-abaddon.
Life: Life: Ai(3)-mm-abaddon 31 > 30
Resolve Stack: Whenever an opponent draws a card, Nekusar, the Mindrazer deals 1 damage to that player. [Player: Ai(3)-mm-abaddon]
Damage: Razorkin Needlehead (132) deals 1 non-combat damage to Ai(3)-mm-abaddon.
Life: Life: Ai(3)-mm-abaddon 30 > 29
Resolve Stack: Whenever an opponent draws a card, Razorkin Needlehead deals 1 damage to them. [Player: Ai(3)-mm-abaddon]
Phase: Ai(3)-mm-abaddon's Main phase, precombat
Land: Ai(3)-mm-abaddon played Swamp (248)
Mana: Chromatic Lantern (299) - {T}: Add one mana of any color.
Mana: Mountain (286) - {T}: Add {R}.
Add To Stack: Ai(3)-mm-abaddon cast Swiftfoot Boots
Resolve Stack: Swiftfoot Boots
Mana: Swamp (249) - {T}: Add {B}.
Add To Stack: Ai(3)-mm-abaddon activated Swiftfoot Boots targeting [Abaddon the Despoiler (302)]
Resolve Stack: Swiftfoot Boots (246) -  Attach to Abaddon the Despoiler (302)
Phase: Ai(3)-mm-abaddon's Beginning of Combat Step
Phase: Ai(3)-mm-abaddon's Declare Attackers Step
Phase: Ai(3)-mm-abaddon's Declare Blockers Step
Phase: Ai(3)-mm-abaddon's First Strike Damage Step
Phase: Ai(3)-mm-abaddon's Combat Damage Step
Phase: Ai(3)-mm-abaddon's End of Combat Step
Phase: Ai(3)-mm-abaddon's Main phase, postcombat
Mana: Mountain (289) - {T}: Add {R}.
Mana: Swamp (248) - {T}: Add {B}.
Mana: Sunken Hollow (223) - {T}: Add {B}.
Add To Stack: Ai(3)-mm-abaddon cast Commander's Sphere
Resolve Stack: Commander's Sphere
Phase: Ai(3)-mm-abaddon's End step
Mana: Command Tower (313) - {T}: Add one mana of any color in your commander's color identity.
Mana: Overgrown Tomb (380) - {T}: Add {G}.
Add To Stack: Ai(4)-mm-jarad-graveyard cast Grapple with the Past
Zone Change: Ai(4)-mm-jarad-graveyard milled Eternal Witness (308), Swamp (362) and Ripples of Undeath (316).
Resolve Stack: Grapple with the Past (304) - Ai(4)-mm-jarad-graveyard mills three cards. Ai(4)-mm-jarad-graveyard returns up to one Creature.YouCtrl or Land.YouCtrl card from their graveyard to their hand.
Phase: Ai(3)-mm-abaddon's Cleanup step
Turn: Turn 24 (Ai(4)-mm-jarad-graveyard)
Phase: Ai(4)-mm-jarad-graveyard's Untap step
Phase: Ai(4)-mm-jarad-graveyard's Upkeep step
Phase: Ai(4)-mm-jarad-graveyard's Draw step
Add To Stack: Ai(2)-mm-nekusar-discard triggered Razorkin Needlehead
Add To Stack: Ai(2)-mm-nekusar-discard triggered Nekusar, the Mindrazer
Add To Stack: Ai(2)-mm-nekusar-discard triggered Nekusar, the Mindrazer
Add To Stack: Ai(2)-mm-nekusar-discard triggered Nekusar, the Mindrazer
Add To Stack: Ai(2)-mm-nekusar-discard triggered Nekusar, the Mindrazer
Resolve Stack: At the beginning of each player's draw step, that player draws an additional card. [Phase: Ai(4)-mm-jarad-graveyard]
Add To Stack: Ai(2)-mm-nekusar-discard triggered Razorkin Needlehead
Add To Stack: Ai(2)-mm-nekusar-discard triggered Nekusar, the Mindrazer
Add To Stack: Ai(2)-mm-nekusar-discard triggered Nekusar, the Mindrazer
Damage: Nekusar, the Mindrazer (201) deals 1 non-combat damage to Ai(4)-mm-jarad-graveyard.
Life: Life: Ai(4)-mm-jarad-graveyard 38 > 37
Resolve Stack: Whenever an opponent draws a card, Nekusar, the Mindrazer deals 1 damage to that player. [Player: Ai(4)-mm-jarad-graveyard]
Damage: Nekusar, the Mindrazer (201) deals 1 non-combat damage to Ai(4)-mm-jarad-graveyard.
Life: Life: Ai(4)-mm-jarad-graveyard 37 > 36
Resolve Stack: Whenever an opponent draws a card, Nekusar, the Mindrazer deals 1 damage to that player. [Player: Ai(4)-mm-jarad-graveyard]
Damage: Razorkin Needlehead (132) deals 1 non-combat damage to Ai(4)-mm-jarad-graveyard.
Life: Life: Ai(4)-mm-jarad-graveyard 36 > 35
Resolve Stack: Whenever an opponent draws a card, Razorkin Needlehead deals 1 damage to them. [Player: Ai(4)-mm-jarad-graveyard]
Resolve Stack: At the beginning of each player's draw step, that player draws an additional card. [Phase: Ai(4)-mm-jarad-graveyard]
Add To Stack: Ai(2)-mm-nekusar-discard triggered Razorkin Needlehead
Add To Stack: Ai(2)-mm-nekusar-discard triggered Nekusar, the Mindrazer
Add To Stack: Ai(2)-mm-nekusar-discard triggered Nekusar, the Mindrazer
Damage: Nekusar, the Mindrazer (201) deals 1 non-combat damage to Ai(4)-mm-jarad-graveyard.
Life: Life: Ai(4)-mm-jarad-graveyard 35 > 34
Resolve Stack: Whenever an opponent draws a card, Nekusar, the Mindrazer deals 1 damage to that player. [Player: Ai(4)-mm-jarad-graveyard]
Damage: Nekusar, the Mindrazer (201) deals 1 non-combat damage to Ai(4)-mm-jarad-graveyard.
Life: Life: Ai(4)-mm-jarad-graveyard 34 > 33
Resolve Stack: Whenever an opponent draws a card, Nekusar, the Mindrazer deals 1 damage to that player. [Player: Ai(4)-mm-jarad-graveyard]
Damage: Razorkin Needlehead (132) deals 1 non-combat damage to Ai(4)-mm-jarad-graveyard.
Life: Life: Ai(4)-mm-jarad-graveyard 33 > 32
Resolve Stack: Whenever an opponent draws a card, Razorkin Needlehead deals 1 damage to them. [Player: Ai(4)-mm-jarad-graveyard]
Damage: Nekusar, the Mindrazer (201) deals 1 non-combat damage to Ai(4)-mm-jarad-graveyard.
Life: Life: Ai(4)-mm-jarad-graveyard 32 > 31
Resolve Stack: Whenever an opponent draws a card, Nekusar, the Mindrazer deals 1 damage to that player. [Player: Ai(4)-mm-jarad-graveyard]
Damage: Nekusar, the Mindrazer (201) deals 1 non-combat damage to Ai(4)-mm-jarad-graveyard.
Life: Life: Ai(4)-mm-jarad-graveyard 31 > 30
Resolve Stack: Whenever an opponent draws a card, Nekusar, the Mindrazer deals 1 damage to that player. [Player: Ai(4)-mm-jarad-graveyard]
Damage: Razorkin Needlehead (132) deals 1 non-combat damage to Ai(4)-mm-jarad-graveyard.
Life: Life: Ai(4)-mm-jarad-graveyard 30 > 29
Resolve Stack: Whenever an opponent draws a card, Razorkin Needlehead deals 1 damage to them. [Player: Ai(4)-mm-jarad-graveyard]
Phase: Ai(4)-mm-jarad-graveyard's Main phase, precombat
Land: Ai(4)-mm-jarad-graveyard played Swamp (363)
Phase: Ai(4)-mm-jarad-graveyard's Beginning of Combat Step
Phase: Ai(4)-mm-jarad-graveyard's Declare Attackers Step
Combat: Ai(4)-mm-jarad-graveyard assigned Wight of the Reliquary (361) to attack Ai(3)-mm-abaddon.
Phase: Ai(4)-mm-jarad-graveyard's Declare Blockers Step
Combat: Ai(3)-mm-abaddon didn't block Wight of the Reliquary (361).
Phase: Ai(4)-mm-jarad-graveyard's First Strike Damage Step
Phase: Ai(4)-mm-jarad-graveyard's Combat Damage Step
Damage: Wight of the Reliquary (361) deals 6 combat damage to Ai(3)-mm-abaddon.
Life: Life: Ai(3)-mm-abaddon 29 > 23
Phase: Ai(4)-mm-jarad-graveyard's End of Combat Step
Phase: Ai(4)-mm-jarad-graveyard's Main phase, postcombat
Mana: Deathcap Glade (344) - {T}: Add {B} or {G}.
Mana: Swamp (367) - {T}: Add {B}.
Mana: Swamp (368) - {T}: Add {B}.
Mana: Bojuka Bog (354) - {T}: Add {B}.
Mana: Swamp (363) - {T}: Add {B}.
Mana: Command Tower (313) - {T}: Add one mana of any color in your commander's color identity.
Add To Stack: Ai(4)-mm-jarad-graveyard cast Yargle and Multani
Mana: Commander's Sphere (213) - {T}: Add one mana of any color in your commander's color identity.
Add To Stack: Ai(3)-mm-abaddon cast Brainstorm
Resolve Stack: Brainstorm (281) - Ai(3)-mm-abaddon draws three cards, then puts two cards from their hand on top of their library in any order.
Add To Stack: Ai(2)-mm-nekusar-discard triggered Razorkin Needlehead
Add To Stack: Ai(2)-mm-nekusar-discard triggered Nekusar, the Mindrazer
Add To Stack: Ai(2)-mm-nekusar-discard triggered Nekusar, the Mindrazer
Add To Stack: Ai(2)-mm-nekusar-discard triggered Razorkin Needlehead
Add To Stack: Ai(2)-mm-nekusar-discard triggered Nekusar, the Mindrazer
Add To Stack: Ai(2)-mm-nekusar-discard triggered Nekusar, the Mindrazer
Add To Stack: Ai(2)-mm-nekusar-discard triggered Razorkin Needlehead
Add To Stack: Ai(2)-mm-nekusar-discard triggered Nekusar, the Mindrazer
Add To Stack: Ai(2)-mm-nekusar-discard triggered Nekusar, the Mindrazer
Damage: Nekusar, the Mindrazer (201) deals 1 non-combat damage to Ai(3)-mm-abaddon.
Life: Life: Ai(3)-mm-abaddon 23 > 22
Resolve Stack: Whenever an opponent draws a card, Nekusar, the Mindrazer deals 1 damage to that player. [Player: Ai(3)-mm-abaddon]
Damage: Nekusar, the Mindrazer (201) deals 1 non-combat damage to Ai(3)-mm-abaddon.
Life: Life: Ai(3)-mm-abaddon 22 > 21
Resolve Stack: Whenever an opponent draws a card, Nekusar, the Mindrazer deals 1 damage to that player. [Player: Ai(3)-mm-abaddon]
Damage: Razorkin Needlehead (132) deals 1 non-combat damage to Ai(3)-mm-abaddon.
Life: Life: Ai(3)-mm-abaddon 21 > 20
Resolve Stack: Whenever an opponent draws a card, Razorkin Needlehead deals 1 damage to them. [Player: Ai(3)-mm-abaddon]
Damage: Nekusar, the Mindrazer (201) deals 1 non-combat damage to Ai(3)-mm-abaddon.
Life: Life: Ai(3)-mm-abaddon 20 > 19
Resolve Stack: Whenever an opponent draws a card, Nekusar, the Mindrazer deals 1 damage to that player. [Player: Ai(3)-mm-abaddon]
Damage: Nekusar, the Mindrazer (201) deals 1 non-combat damage to Ai(3)-mm-abaddon.
Life: Life: Ai(3)-mm-abaddon 19 > 18
Resolve Stack: Whenever an opponent draws a card, Nekusar, the Mindrazer deals 1 damage to that player. [Player: Ai(3)-mm-abaddon]
Damage: Razorkin Needlehead (132) deals 1 non-combat damage to Ai(3)-mm-abaddon.
Life: Life: Ai(3)-mm-abaddon 18 > 17
Resolve Stack: Whenever an opponent draws a card, Razorkin Needlehead deals 1 damage to them. [Player: Ai(3)-mm-abaddon]
Damage: Nekusar, the Mindrazer (201) deals 1 non-combat damage to Ai(3)-mm-abaddon.
Life: Life: Ai(3)-mm-abaddon 17 > 16
Resolve Stack: Whenever an opponent draws a card, Nekusar, the Mindrazer deals 1 damage to that player. [Player: Ai(3)-mm-abaddon]
Damage: Nekusar, the Mindrazer (201) deals 1 non-combat damage to Ai(3)-mm-abaddon.
Life: Life: Ai(3)-mm-abaddon 16 > 15
Resolve Stack: Whenever an opponent draws a card, Nekusar, the Mindrazer deals 1 damage to that player. [Player: Ai(3)-mm-abaddon]
Damage: Razorkin Needlehead (132) deals 1 non-combat damage to Ai(3)-mm-abaddon.
Life: Life: Ai(3)-mm-abaddon 15 > 14
Resolve Stack: Whenever an opponent draws a card, Razorkin Needlehead deals 1 damage to them. [Player: Ai(3)-mm-abaddon]
Resolve Stack: Yargle and Multani - Creature 18 / 6
Zone Change: Yargle and Multani (356) was put into Graveyard from Battlefield.
Add To Stack: Ai(4)-mm-jarad-graveyard activated Wight of the Reliquary
Replacement Effect: Woodland Cemetery enters tapped unless you control a Swamp or a Forest.
Resolve Stack: Wight of the Reliquary (361) - Ai(4)-mm-jarad-graveyard searches their library for a land card, puts it onto the battlefield tapped, then shuffles.
Mana: Overgrown Tomb (380) - {T}: Add {B}.
Add To Stack: Ai(4)-mm-jarad-graveyard cast Stitcher's Supplier
Resolve Stack: Stitcher's Supplier - Creature 1 / 1
Add To Stack: Ai(4)-mm-jarad-graveyard triggered Stitcher's Supplier
Zone Change: Ai(4)-mm-jarad-graveyard milled Arcane Signet (400), Nighthowler (391) and Forest (328).
Resolve Stack: When Stitcher's Supplier enters or dies, mill three cards. [Zone Changer: Stitcher's Supplier (388)]
Phase: Ai(4)-mm-jarad-graveyard's End step
Mana: Island (49) - {T}: Add {U}.
Add To Stack: Ai(1)-mm-talrand-spells cast Consider
Add To Stack: Ai(1)-mm-talrand-spells triggered Talrand, Sky Summoner
Resolve Stack: Whenever you cast an instant or sorcery spell, create a 2/2 blue Drake creature token with flying. [Card: Consider (7), Activator: Ai(1)-mm-talrand-spells, SpellAbility: Surveil 1. (Look at the top card of your library. You may put that card into your graveyard.) Draw a card.]
Resolve Stack: Ai(1)-mm-talrand-spells surveiled 1 card(s) to the top of the library
Resolve Stack: Consider (7) - Ai(1)-mm-talrand-spells surveils (1). Ai(1)-mm-talrand-spells draws a card.
Add To Stack: Ai(2)-mm-nekusar-discard triggered Razorkin Needlehead
Add To Stack: Ai(2)-mm-nekusar-discard triggered Nekusar, the Mindrazer
Add To Stack: Ai(2)-mm-nekusar-discard triggered Nekusar, the Mindrazer
Damage: Nekusar, the Mindrazer (201) deals 1 non-combat damage to Ai(1)-mm-talrand-spells.
Life: Life: Ai(1)-mm-talrand-spells 38 > 37
Resolve Stack: Whenever an opponent draws a card, Nekusar, the Mindrazer deals 1 damage to that player. [Player: Ai(1)-mm-talrand-spells]
Damage: Nekusar, the Mindrazer (201) deals 1 non-combat damage to Ai(1)-mm-talrand-spells.
Life: Life: Ai(1)-mm-talrand-spells 37 > 36
Resolve Stack: Whenever an opponent draws a card, Nekusar, the Mindrazer deals 1 damage to that player. [Player: Ai(1)-mm-talrand-spells]
Damage: Razorkin Needlehead (132) deals 1 non-combat damage to Ai(1)-mm-talrand-spells.
Life: Life: Ai(1)-mm-talrand-spells 36 > 35
Resolve Stack: Whenever an opponent draws a card, Razorkin Needlehead deals 1 damage to them. [Player: Ai(1)-mm-talrand-spells]
Phase: Ai(4)-mm-jarad-graveyard's Cleanup step
Turn: Turn 25 (Ai(1)-mm-talrand-spells)
Phase: Ai(1)-mm-talrand-spells' Untap step
Phase: Ai(1)-mm-talrand-spells' Upkeep step
Phase: Ai(1)-mm-talrand-spells' Draw step
Add To Stack: Ai(2)-mm-nekusar-discard triggered Razorkin Needlehead
Add To Stack: Ai(2)-mm-nekusar-discard triggered Nekusar, the Mindrazer
Add To Stack: Ai(2)-mm-nekusar-discard triggered Nekusar, the Mindrazer
Add To Stack: Ai(2)-mm-nekusar-discard triggered Nekusar, the Mindrazer
Add To Stack: Ai(2)-mm-nekusar-discard triggered Nekusar, the Mindrazer
Resolve Stack: At the beginning of each player's draw step, that player draws an additional card. [Phase: Ai(1)-mm-talrand-spells]
Add To Stack: Ai(2)-mm-nekusar-discard triggered Razorkin Needlehead
Add To Stack: Ai(2)-mm-nekusar-discard triggered Nekusar, the Mindrazer
Add To Stack: Ai(2)-mm-nekusar-discard triggered Nekusar, the Mindrazer
Damage: Nekusar, the Mindrazer (201) deals 1 non-combat damage to Ai(1)-mm-talrand-spells.
Life: Life: Ai(1)-mm-talrand-spells 35 > 34
Resolve Stack: Whenever an opponent draws a card, Nekusar, the Mindrazer deals 1 damage to that player. [Player: Ai(1)-mm-talrand-spells]
Damage: Nekusar, the Mindrazer (201) deals 1 non-combat damage to Ai(1)-mm-talrand-spells.
Life: Life: Ai(1)-mm-talrand-spells 34 > 33
Resolve Stack: Whenever an opponent draws a card, Nekusar, the Mindrazer deals 1 damage to that player. [Player: Ai(1)-mm-talrand-spells]
Damage: Razorkin Needlehead (132) deals 1 non-combat damage to Ai(1)-mm-talrand-spells.
Life: Life: Ai(1)-mm-talrand-spells 33 > 32
Resolve Stack: Whenever an opponent draws a card, Razorkin Needlehead deals 1 damage to them. [Player: Ai(1)-mm-talrand-spells]
Resolve Stack: At the beginning of each player's draw step, that player draws an additional card. [Phase: Ai(1)-mm-talrand-spells]
Add To Stack: Ai(2)-mm-nekusar-discard triggered Razorkin Needlehead
Add To Stack: Ai(2)-mm-nekusar-discard triggered Nekusar, the Mindrazer
Add To Stack: Ai(2)-mm-nekusar-discard triggered Nekusar, the Mindrazer
Damage: Nekusar, the Mindrazer (201) deals 1 non-combat damage to Ai(1)-mm-talrand-spells.
Life: Life: Ai(1)-mm-talrand-spells 32 > 31
Resolve Stack: Whenever an opponent draws a card, Nekusar, the Mindrazer deals 1 damage to that player. [Player: Ai(1)-mm-talrand-spells]
Damage: Nekusar, the Mindrazer (201) deals 1 non-combat damage to Ai(1)-mm-talrand-spells.
Life: Life: Ai(1)-mm-talrand-spells 31 > 30
Resolve Stack: Whenever an opponent draws a card, Nekusar, the Mindrazer deals 1 damage to that player. [Player: Ai(1)-mm-talrand-spells]
Damage: Razorkin Needlehead (132) deals 1 non-combat damage to Ai(1)-mm-talrand-spells.
Life: Life: Ai(1)-mm-talrand-spells 30 > 29
Resolve Stack: Whenever an opponent draws a card, Razorkin Needlehead deals 1 damage to them. [Player: Ai(1)-mm-talrand-spells]
Damage: Nekusar, the Mindrazer (201) deals 1 non-combat damage to Ai(1)-mm-talrand-spells.
Life: Life: Ai(1)-mm-talrand-spells 29 > 28
Resolve Stack: Whenever an opponent draws a card, Nekusar, the Mindrazer deals 1 damage to that player. [Player: Ai(1)-mm-talrand-spells]
Damage: Nekusar, the Mindrazer (201) deals 1 non-combat damage to Ai(1)-mm-talrand-spells.
Life: Life: Ai(1)-mm-talrand-spells 28 > 27
Resolve Stack: Whenever an opponent draws a card, Nekusar, the Mindrazer deals 1 damage to that player. [Player: Ai(1)-mm-talrand-spells]
Damage: Razorkin Needlehead (132) deals 1 non-combat damage to Ai(1)-mm-talrand-spells.
Life: Life: Ai(1)-mm-talrand-spells 27 > 26
Resolve Stack: Whenever an opponent draws a card, Razorkin Needlehead deals 1 damage to them. [Player: Ai(1)-mm-talrand-spells]
Phase: Ai(1)-mm-talrand-spells' Main phase, precombat
Land: Ai(1)-mm-talrand-spells played Island (31)
Phase: Ai(1)-mm-talrand-spells' Beginning of Combat Step
Phase: Ai(1)-mm-talrand-spells' Declare Attackers Step
Combat: Ai(1)-mm-talrand-spells assigned Drake Token (637) to attack Ai(3)-mm-abaddon.
Phase: Ai(1)-mm-talrand-spells' Declare Blockers Step
Combat: Ai(3)-mm-abaddon didn't block Drake Token (637).
Phase: Ai(1)-mm-talrand-spells' First Strike Damage Step
Phase: Ai(1)-mm-talrand-spells' Combat Damage Step
Damage: Drake Token (637) deals 2 combat damage to Ai(3)-mm-abaddon.
Life: Life: Ai(3)-mm-abaddon 14 > 12
Phase: Ai(1)-mm-talrand-spells' End of Combat Step
Phase: Ai(1)-mm-talrand-spells' Main phase, postcombat
Mana: Island (28) - {T}: Add {U}.
Mana: Island (52) - {T}: Add {U}.
Mana: Island (48) - {T}: Add {U}.
Mana: Island (40) - {T}: Add {U}.
Add To Stack: Ai(1)-mm-talrand-spells cast Curiosity Crafter
Resolve Stack: Curiosity Crafter - Creature 3 / 3
Phase: Ai(1)-mm-talrand-spells' End step
Phase: Ai(1)-mm-talrand-spells' Cleanup step
Turn: Turn 26 (Ai(2)-mm-nekusar-discard)
Phase: Ai(2)-mm-nekusar-discard's Untap step
Phase: Ai(2)-mm-nekusar-discard's Upkeep step
Phase: Ai(2)-mm-nekusar-discard's Draw step
Add To Stack: Ai(2)-mm-nekusar-discard triggered Nekusar, the Mindrazer
Add To Stack: Ai(2)-mm-nekusar-discard triggered Nekusar, the Mindrazer
Resolve Stack: At the beginning of each player's draw step, that player draws an additional card. [Phase: Ai(2)-mm-nekusar-discard]
Resolve Stack: At the beginning of each player's draw step, that player draws an additional card. [Phase: Ai(2)-mm-nekusar-discard]
Phase: Ai(2)-mm-nekusar-discard's Main phase, precombat
Replacement Effect: Morphic Pool enters tapped unless you have two or more opponents.
Land: Ai(2)-mm-nekusar-discard played Morphic Pool (150)
Phase: Ai(2)-mm-nekusar-discard's Beginning of Combat Step
Phase: Ai(2)-mm-nekusar-discard's Declare Attackers Step
Phase: Ai(2)-mm-nekusar-discard's Declare Blockers Step
Phase: Ai(2)-mm-nekusar-discard's First Strike Damage Step
Phase: Ai(2)-mm-nekusar-discard's Combat Damage Step
Phase: Ai(2)-mm-nekusar-discard's End of Combat Step
Phase: Ai(2)-mm-nekusar-discard's Main phase, postcombat
Mana: Swamp (162) - {T}: Add {B}.
Mana: Island (137) - {T}: Add {U}.
Add To Stack: Ai(2)-mm-nekusar-discard activated Geier Reach Sanitarium
Discard: Ai(1)-mm-talrand-spells discards Island (45).
Discard: Ai(2)-mm-nekusar-discard discards Mountain (188).
Discard: Ai(3)-mm-abaddon discards Mountain (288).
Discard: Ai(4)-mm-jarad-graveyard discards Forest (331).
Resolve Stack: Geier Reach Sanitarium (111) - Ai(2)-mm-nekusar-discard, Ai(3)-mm-abaddon, Ai(4)-mm-jarad-graveyard and Ai(1)-mm-talrand-spells each draw a card. Ai(2)-mm-nekusar-discard, Ai(3)-mm-abaddon, Ai(4)-mm-jarad-graveyard and Ai(1)-mm-talrand-spells discard a card.
Add To Stack: Ai(2)-mm-nekusar-discard triggered Razorkin Needlehead
Add To Stack: Ai(2)-mm-nekusar-discard triggered Nekusar, the Mindrazer
Add To Stack: Ai(2)-mm-nekusar-discard triggered Nekusar, the Mindrazer
Add To Stack: Ai(2)-mm-nekusar-discard triggered Razorkin Needlehead
Add To Stack: Ai(2)-mm-nekusar-discard triggered Nekusar, the Mindrazer
Add To Stack: Ai(2)-mm-nekusar-discard triggered Nekusar, the Mindrazer
Add To Stack: Ai(2)-mm-nekusar-discard triggered Razorkin Needlehead
Add To Stack: Ai(2)-mm-nekusar-discard triggered Nekusar, the Mindrazer
Add To Stack: Ai(2)-mm-nekusar-discard triggered Nekusar, the Mindrazer
Damage: Nekusar, the Mindrazer (201) deals 1 non-combat damage to Ai(1)-mm-talrand-spells.
Life: Life: Ai(1)-mm-talrand-spells 26 > 25
Resolve Stack: Whenever an opponent draws a card, Nekusar, the Mindrazer deals 1 damage to that player. [Player: Ai(1)-mm-talrand-spells]
Damage: Nekusar, the Mindrazer (201) deals 1 non-combat damage to Ai(1)-mm-talrand-spells.
Life: Life: Ai(1)-mm-talrand-spells 25 > 24
Resolve Stack: Whenever an opponent draws a card, Nekusar, the Mindrazer deals 1 damage to that player. [Player: Ai(1)-mm-talrand-spells]
Damage: Razorkin Needlehead (132) deals 1 non-combat damage to Ai(1)-mm-talrand-spells.
Life: Life: Ai(1)-mm-talrand-spells 24 > 23
Resolve Stack: Whenever an opponent draws a card, Razorkin Needlehead deals 1 damage to them. [Player: Ai(1)-mm-talrand-spells]
Damage: Nekusar, the Mindrazer (201) deals 1 non-combat damage to Ai(4)-mm-jarad-graveyard.
Life: Life: Ai(4)-mm-jarad-graveyard 29 > 28
Resolve Stack: Whenever an opponent draws a card, Nekusar, the Mindrazer deals 1 damage to that player. [Player: Ai(4)-mm-jarad-graveyard]
Damage: Nekusar, the Mindrazer (201) deals 1 non-combat damage to Ai(4)-mm-jarad-graveyard.
Life: Life: Ai(4)-mm-jarad-graveyard 28 > 27
Resolve Stack: Whenever an opponent draws a card, Nekusar, the Mindrazer deals 1 damage to that player. [Player: Ai(4)-mm-jarad-graveyard]
Damage: Razorkin Needlehead (132) deals 1 non-combat damage to Ai(4)-mm-jarad-graveyard.
Life: Life: Ai(4)-mm-jarad-graveyard 27 > 26
Resolve Stack: Whenever an opponent draws a card, Razorkin Needlehead deals 1 damage to them. [Player: Ai(4)-mm-jarad-graveyard]
Damage: Nekusar, the Mindrazer (201) deals 1 non-combat damage to Ai(3)-mm-abaddon.
Life: Life: Ai(3)-mm-abaddon 12 > 11
Resolve Stack: Whenever an opponent draws a card, Nekusar, the Mindrazer deals 1 damage to that player. [Player: Ai(3)-mm-abaddon]
Damage: Nekusar, the Mindrazer (201) deals 1 non-combat damage to Ai(3)-mm-abaddon.
Life: Life: Ai(3)-mm-abaddon 11 > 10
Resolve Stack: Whenever an opponent draws a card, Nekusar, the Mindrazer deals 1 damage to that player. [Player: Ai(3)-mm-abaddon]
Damage: Razorkin Needlehead (132) deals 1 non-combat damage to Ai(3)-mm-abaddon.
Life: Life: Ai(3)-mm-abaddon 10 > 9
Resolve Stack: Whenever an opponent draws a card, Razorkin Needlehead deals 1 damage to them. [Player: Ai(3)-mm-abaddon]
Phase: Ai(2)-mm-nekusar-discard's End step
Phase: Ai(2)-mm-nekusar-discard's Cleanup step
Turn: Turn 27 (Ai(3)-mm-abaddon)
Phase: Ai(3)-mm-abaddon's Untap step
Phase: Ai(3)-mm-abaddon's Upkeep step
Mana: Chromatic Lantern (299) - {T}: Add one mana of any color.
Mana: Mountain (286) - {T}: Add {R}.
Mana: Swamp (249) - {T}: Add {B}.
Mana: Mountain (289) - {T}: Add {R}.
Mana: Swamp (248) - {T}: Add {B}.
Add To Stack: Ai(3)-mm-abaddon cast Chaos Mutation targeting [Curiosity Crafter (22)]
Mana: Island (49) - {T}: Add {U}.
Mana: Island (37) - {T}: Add {U}.
Mana: Island (44) - {T}: Add {U}.
Add To Stack: Ai(1)-mm-talrand-spells cast Unwind targeting [Exile any number of target creatures controlled by different players. For each creature exiled this way, its controller reveals cards from the top of their library until they reveal a creature card, puts that card onto the battlefield, then puts the rest on the bottom of their library in a random order. ]
Add To Stack: Ai(1)-mm-talrand-spells triggered Talrand, Sky Summoner
Resolve Stack: Whenever you cast an instant or sorcery spell, create a 2/2 blue Drake creature token with flying. [Card: Unwind (76), Activator: Ai(1)-mm-talrand-spells, SpellAbility: Counter target noncreature spell. Untap up to three lands. ]
Add To Stack: Ai(2)-mm-nekusar-discard cast Fierce Guardianship targeting [Counter target noncreature spell. Untap up to three lands. ]
Add To Stack: Ai(2)-mm-nekusar-discard triggered Harmonic Prodigy
Resolve Stack: Prowess (Whenever you cast a noncreature spell, this creature gets +1/+1 until end of turn.) [Card: Fierce Guardianship (128), Activator: Ai(2)-mm-nekusar-discard, SpellAbility: Counter target noncreature spell. (If you control a commander, you may cast this spell without paying its mana cost.) ]
Zone Change: Send countered spell to Graveyard
Resolve Stack: Fierce Guardianship (128) - Counter Unwind (76).
Mana: Morphic Pool (150) - {T}: Add {U} or {B}.
Mana: Xander's Lounge (169) - {T}: Add {U}.
Add To Stack: Ai(2)-mm-nekusar-discard cast Counterspell targeting [Exile any number of target creatures controlled by different players. For each creature exiled this way, its controller reveals cards from the top of their library until they reveal a creature card, puts that card onto the battlefield, then puts the rest on the bottom of their library in a random order. ]
Add To Stack: Ai(2)-mm-nekusar-discard triggered Harmonic Prodigy
Resolve Stack: Prowess (Whenever you cast a noncreature spell, this creature gets +1/+1 until end of turn.) [Card: Counterspell (124), Activator: Ai(2)-mm-nekusar-discard, SpellAbility: Counter target spell.]
Zone Change: Send countered spell to Graveyard
Resolve Stack: Counterspell (124) - Counter Chaos Mutation (247).
Phase: Ai(3)-mm-abaddon's Draw step
Add To Stack: Ai(2)-mm-nekusar-discard triggered Razorkin Needlehead
Add To Stack: Ai(2)-mm-nekusar-discard triggered Nekusar, the Mindrazer
Add To Stack: Ai(2)-mm-nekusar-discard triggered Nekusar, the Mindrazer
Add To Stack: Ai(2)-mm-nekusar-discard triggered Nekusar, the Mindrazer
Add To Stack: Ai(2)-mm-nekusar-discard triggered Nekusar, the Mindrazer
Resolve Stack: At the beginning of each player's draw step, that player draws an additional card. [Phase: Ai(3)-mm-abaddon]
Add To Stack: Ai(2)-mm-nekusar-discard triggered Razorkin Needlehead
Add To Stack: Ai(2)-mm-nekusar-discard triggered Nekusar, the Mindrazer
Add To Stack: Ai(2)-mm-nekusar-discard triggered Nekusar, the Mindrazer
Damage: Nekusar, the Mindrazer (201) deals 1 non-combat damage to Ai(3)-mm-abaddon.
Life: Life: Ai(3)-mm-abaddon 9 > 8
Resolve Stack: Whenever an opponent draws a card, Nekusar, the Mindrazer deals 1 damage to that player. [Player: Ai(3)-mm-abaddon]
Damage: Nekusar, the Mindrazer (201) deals 1 non-combat damage to Ai(3)-mm-abaddon.
Life: Life: Ai(3)-mm-abaddon 8 > 7
Resolve Stack: Whenever an opponent draws a card, Nekusar, the Mindrazer deals 1 damage to that player. [Player: Ai(3)-mm-abaddon]
Damage: Razorkin Needlehead (132) deals 1 non-combat damage to Ai(3)-mm-abaddon.
Life: Life: Ai(3)-mm-abaddon 7 > 6
Resolve Stack: Whenever an opponent draws a card, Razorkin Needlehead deals 1 damage to them. [Player: Ai(3)-mm-abaddon]
Resolve Stack: At the beginning of each player's draw step, that player draws an additional card. [Phase: Ai(3)-mm-abaddon]
Add To Stack: Ai(2)-mm-nekusar-discard triggered Razorkin Needlehead
Add To Stack: Ai(2)-mm-nekusar-discard triggered Nekusar, the Mindrazer
Add To Stack: Ai(2)-mm-nekusar-discard triggered Nekusar, the Mindrazer
Damage: Nekusar, the Mindrazer (201) deals 1 non-combat damage to Ai(3)-mm-abaddon.
Life: Life: Ai(3)-mm-abaddon 6 > 5
Resolve Stack: Whenever an opponent draws a card, Nekusar, the Mindrazer deals 1 damage to that player. [Player: Ai(3)-mm-abaddon]
Damage: Nekusar, the Mindrazer (201) deals 1 non-combat damage to Ai(3)-mm-abaddon.
Life: Life: Ai(3)-mm-abaddon 5 > 4
Resolve Stack: Whenever an opponent draws a card, Nekusar, the Mindrazer deals 1 damage to that player. [Player: Ai(3)-mm-abaddon]
Damage: Razorkin Needlehead (132) deals 1 non-combat damage to Ai(3)-mm-abaddon.
Life: Life: Ai(3)-mm-abaddon 4 > 3
Resolve Stack: Whenever an opponent draws a card, Razorkin Needlehead deals 1 damage to them. [Player: Ai(3)-mm-abaddon]
Damage: Nekusar, the Mindrazer (201) deals 1 non-combat damage to Ai(3)-mm-abaddon.
Life: Life: Ai(3)-mm-abaddon 3 > 2
Resolve Stack: Whenever an opponent draws a card, Nekusar, the Mindrazer deals 1 damage to that player. [Player: Ai(3)-mm-abaddon]
Damage: Nekusar, the Mindrazer (201) deals 1 non-combat damage to Ai(3)-mm-abaddon.
Life: Life: Ai(3)-mm-abaddon 2 > 1
Resolve Stack: Whenever an opponent draws a card, Nekusar, the Mindrazer deals 1 damage to that player. [Player: Ai(3)-mm-abaddon]
Damage: Razorkin Needlehead (132) deals 1 non-combat damage to Ai(3)-mm-abaddon.
Life: Life: Ai(3)-mm-abaddon 1 > 0
Resolve Stack: Whenever an opponent draws a card, Razorkin Needlehead deals 1 damage to them. [Player: Ai(3)-mm-abaddon]
Phase: Ai(3)-mm-abaddon's Main phase, precombat
Phase: Ai(3)-mm-abaddon's Beginning of Combat Step
Phase: Ai(3)-mm-abaddon's Declare Attackers Step
Phase: Ai(3)-mm-abaddon's Declare Blockers Step
Phase: Ai(3)-mm-abaddon's First Strike Damage Step
Phase: Ai(3)-mm-abaddon's Combat Damage Step
Phase: Ai(3)-mm-abaddon's End of Combat Step
Phase: Ai(3)-mm-abaddon's Main phase, postcombat
Phase: Ai(3)-mm-abaddon's End step
Phase: Ai(3)-mm-abaddon's Cleanup step
Turn: Turn 28 (Ai(4)-mm-jarad-graveyard)
Phase: Ai(4)-mm-jarad-graveyard's Untap step
Phase: Ai(4)-mm-jarad-graveyard's Upkeep step
Phase: Ai(4)-mm-jarad-graveyard's Draw step
Add To Stack: Ai(2)-mm-nekusar-discard triggered Razorkin Needlehead
Add To Stack: Ai(2)-mm-nekusar-discard triggered Nekusar, the Mindrazer
Add To Stack: Ai(2)-mm-nekusar-discard triggered Nekusar, the Mindrazer
Add To Stack: Ai(2)-mm-nekusar-discard triggered Nekusar, the Mindrazer
Add To Stack: Ai(2)-mm-nekusar-discard triggered Nekusar, the Mindrazer
Resolve Stack: At the beginning of each player's draw step, that player draws an additional card. [Phase: Ai(4)-mm-jarad-graveyard]
Add To Stack: Ai(2)-mm-nekusar-discard triggered Razorkin Needlehead
Add To Stack: Ai(2)-mm-nekusar-discard triggered Nekusar, the Mindrazer
Add To Stack: Ai(2)-mm-nekusar-discard triggered Nekusar, the Mindrazer
Damage: Nekusar, the Mindrazer (201) deals 1 non-combat damage to Ai(4)-mm-jarad-graveyard.
Life: Life: Ai(4)-mm-jarad-graveyard 26 > 25
Resolve Stack: Whenever an opponent draws a card, Nekusar, the Mindrazer deals 1 damage to that player. [Player: Ai(4)-mm-jarad-graveyard]
Damage: Nekusar, the Mindrazer (201) deals 1 non-combat damage to Ai(4)-mm-jarad-graveyard.
Life: Life: Ai(4)-mm-jarad-graveyard 25 > 24
Resolve Stack: Whenever an opponent draws a card, Nekusar, the Mindrazer deals 1 damage to that player. [Player: Ai(4)-mm-jarad-graveyard]
Damage: Razorkin Needlehead (132) deals 1 non-combat damage to Ai(4)-mm-jarad-graveyard.
Life: Life: Ai(4)-mm-jarad-graveyard 24 > 23
Resolve Stack: Whenever an opponent draws a card, Razorkin Needlehead deals 1 damage to them. [Player: Ai(4)-mm-jarad-graveyard]
Resolve Stack: At the beginning of each player's draw step, that player draws an additional card. [Phase: Ai(4)-mm-jarad-graveyard]
Add To Stack: Ai(2)-mm-nekusar-discard triggered Razorkin Needlehead
Add To Stack: Ai(2)-mm-nekusar-discard triggered Nekusar, the Mindrazer
Add To Stack: Ai(2)-mm-nekusar-discard triggered Nekusar, the Mindrazer
Damage: Nekusar, the Mindrazer (201) deals 1 non-combat damage to Ai(4)-mm-jarad-graveyard.
Life: Life: Ai(4)-mm-jarad-graveyard 23 > 22
Resolve Stack: Whenever an opponent draws a card, Nekusar, the Mindrazer deals 1 damage to that player. [Player: Ai(4)-mm-jarad-graveyard]
Damage: Nekusar, the Mindrazer (201) deals 1 non-combat damage to Ai(4)-mm-jarad-graveyard.
Life: Life: Ai(4)-mm-jarad-graveyard 22 > 21
Resolve Stack: Whenever an opponent draws a card, Nekusar, the Mindrazer deals 1 damage to that player. [Player: Ai(4)-mm-jarad-graveyard]
Damage: Razorkin Needlehead (132) deals 1 non-combat damage to Ai(4)-mm-jarad-graveyard.
Life: Life: Ai(4)-mm-jarad-graveyard 21 > 20
Resolve Stack: Whenever an opponent draws a card, Razorkin Needlehead deals 1 damage to them. [Player: Ai(4)-mm-jarad-graveyard]
Damage: Nekusar, the Mindrazer (201) deals 1 non-combat damage to Ai(4)-mm-jarad-graveyard.
Life: Life: Ai(4)-mm-jarad-graveyard 20 > 19
Resolve Stack: Whenever an opponent draws a card, Nekusar, the Mindrazer deals 1 damage to that player. [Player: Ai(4)-mm-jarad-graveyard]
Damage: Nekusar, the Mindrazer (201) deals 1 non-combat damage to Ai(4)-mm-jarad-graveyard.
Life: Life: Ai(4)-mm-jarad-graveyard 19 > 18
Resolve Stack: Whenever an opponent draws a card, Nekusar, the Mindrazer deals 1 damage to that player. [Player: Ai(4)-mm-jarad-graveyard]
Damage: Razorkin Needlehead (132) deals 1 non-combat damage to Ai(4)-mm-jarad-graveyard.
Life: Life: Ai(4)-mm-jarad-graveyard 18 > 17
Resolve Stack: Whenever an opponent draws a card, Razorkin Needlehead deals 1 damage to them. [Player: Ai(4)-mm-jarad-graveyard]
Phase: Ai(4)-mm-jarad-graveyard's Main phase, precombat
Land: Ai(4)-mm-jarad-graveyard played Forest (336)
Mana: Forest (336) - {T}: Add {G}.
Mana: Swamp (367) - {T}: Add {B}.
Mana: Swamp (368) - {T}: Add {B}.
Mana: Bojuka Bog (354) - {T}: Add {B}.
Add To Stack: Ai(4)-mm-jarad-graveyard cast Bonehoard
Resolve Stack: Bonehoard
Add To Stack: Ai(4)-mm-jarad-graveyard triggered Bonehoard
Resolve Stack: Living Weapon (When this Equipment enters, create a 0/0 black Phyrexian Germ creature token, then attach this to it.) [Zone Changer: Bonehoard (357)]
Mana: Command Tower (313) - {T}: Add one mana of any color in your commander's color identity.
Mana: Woodland Cemetery (393) - {T}: Add {B} or {G}.
Add To Stack: Ai(4)-mm-jarad-graveyard activated Bonehoard targeting [Wight of the Reliquary (361)]
Resolve Stack: Bonehoard (357) -  Attach to Wight of the Reliquary (361)
Zone Change: Phyrexian Germ Token (644) was put into Graveyard from Battlefield.
Phase: Ai(4)-mm-jarad-graveyard's Beginning of Combat Step
Phase: Ai(4)-mm-jarad-graveyard's Declare Attackers Step
Phase: Ai(4)-mm-jarad-graveyard's Declare Blockers Step
Phase: Ai(4)-mm-jarad-graveyard's First Strike Damage Step
Phase: Ai(4)-mm-jarad-graveyard's Combat Damage Step
Phase: Ai(4)-mm-jarad-graveyard's End of Combat Step
Zone Change: Stitcher's Supplier (388) was put into Graveyard from Battlefield.
Add To Stack: Ai(4)-mm-jarad-graveyard activated Wight of the Reliquary
Add To Stack: Ai(4)-mm-jarad-graveyard triggered Stitcher's Supplier
Zone Change: Ai(4)-mm-jarad-graveyard milled Swamp (366), Cultivate (343) and Temple of Malady (325).
Resolve Stack: When Stitcher's Supplier enters or dies, mill three cards. [Zone Changer: Stitcher's Supplier (388)]
Replacement Effect: Golgari Rot Farm enters tapped.
Resolve Stack: Wight of the Reliquary (361) - Ai(4)-mm-jarad-graveyard searches their library for a land card, puts it onto the battlefield tapped, then shuffles.
Add To Stack: Ai(4)-mm-jarad-graveyard triggered Golgari Rot Farm
Resolve Stack: When Golgari Rot Farm enters, return a land you control to its owner's hand. [Zone Changer: Golgari Rot Farm (378)]
Phase: Ai(4)-mm-jarad-graveyard's Main phase, postcombat
Mana: Deathcap Glade (344) - {T}: Add {B} or {G}.
Mana: Swamp (363) - {T}: Add {B}.
Add To Stack: Ai(4)-mm-jarad-graveyard cast Boneyard Wurm
Resolve Stack: Boneyard Wurm - Creature * / *
Phase: Ai(4)-mm-jarad-graveyard's End step
Phase: Ai(4)-mm-jarad-graveyard's Cleanup step
Turn: Turn 29 (Ai(1)-mm-talrand-spells)
Phase: Ai(1)-mm-talrand-spells' Untap step
Phase: Ai(1)-mm-talrand-spells' Upkeep step
Mana: Island (28) - {T}: Add {U}.
Mana: Island (52) - {T}: Add {U}.
Add To Stack: Ai(1)-mm-talrand-spells cast Snap targeting [Wight of the Reliquary (361)]
Add To Stack: Ai(1)-mm-talrand-spells triggered Talrand, Sky Summoner
Resolve Stack: Whenever you cast an instant or sorcery spell, create a 2/2 blue Drake creature token with flying. [Card: Snap (65), Activator: Ai(1)-mm-talrand-spells, SpellAbility: Return target creature to its owner's hand. Untap up to two lands. ]
Resolve Stack: Snap (65) - Return Wight of the Reliquary (361) to its owner's hand. Untap up to 2 Lands.
Phase: Ai(1)-mm-talrand-spells' Draw step
Add To Stack: Ai(2)-mm-nekusar-discard triggered Razorkin Needlehead
Add To Stack: Ai(2)-mm-nekusar-discard triggered Nekusar, the Mindrazer
Add To Stack: Ai(2)-mm-nekusar-discard triggered Nekusar, the Mindrazer
Add To Stack: Ai(2)-mm-nekusar-discard triggered Nekusar, the Mindrazer
Add To Stack: Ai(2)-mm-nekusar-discard triggered Nekusar, the Mindrazer
Resolve Stack: At the beginning of each player's draw step, that player draws an additional card. [Phase: Ai(1)-mm-talrand-spells]
Add To Stack: Ai(2)-mm-nekusar-discard triggered Razorkin Needlehead
Add To Stack: Ai(2)-mm-nekusar-discard triggered Nekusar, the Mindrazer
Add To Stack: Ai(2)-mm-nekusar-discard triggered Nekusar, the Mindrazer
Damage: Nekusar, the Mindrazer (201) deals 1 non-combat damage to Ai(1)-mm-talrand-spells.
Life: Life: Ai(1)-mm-talrand-spells 23 > 22
Resolve Stack: Whenever an opponent draws a card, Nekusar, the Mindrazer deals 1 damage to that player. [Player: Ai(1)-mm-talrand-spells]
Damage: Nekusar, the Mindrazer (201) deals 1 non-combat damage to Ai(1)-mm-talrand-spells.
Life: Life: Ai(1)-mm-talrand-spells 22 > 21
Resolve Stack: Whenever an opponent draws a card, Nekusar, the Mindrazer deals 1 damage to that player. [Player: Ai(1)-mm-talrand-spells]
Damage: Razorkin Needlehead (132) deals 1 non-combat damage to Ai(1)-mm-talrand-spells.
Life: Life: Ai(1)-mm-talrand-spells 21 > 20
Resolve Stack: Whenever an opponent draws a card, Razorkin Needlehead deals 1 damage to them. [Player: Ai(1)-mm-talrand-spells]
Resolve Stack: At the beginning of each player's draw step, that player draws an additional card. [Phase: Ai(1)-mm-talrand-spells]
Add To Stack: Ai(2)-mm-nekusar-discard triggered Razorkin Needlehead
Add To Stack: Ai(2)-mm-nekusar-discard triggered Nekusar, the Mindrazer
Add To Stack: Ai(2)-mm-nekusar-discard triggered Nekusar, the Mindrazer
Damage: Nekusar, the Mindrazer (201) deals 1 non-combat damage to Ai(1)-mm-talrand-spells.
Life: Life: Ai(1)-mm-talrand-spells 20 > 19
Resolve Stack: Whenever an opponent draws a card, Nekusar, the Mindrazer deals 1 damage to that player. [Player: Ai(1)-mm-talrand-spells]
Damage: Nekusar, the Mindrazer (201) deals 1 non-combat damage to Ai(1)-mm-talrand-spells.
Life: Life: Ai(1)-mm-talrand-spells 19 > 18
Resolve Stack: Whenever an opponent draws a card, Nekusar, the Mindrazer deals 1 damage to that player. [Player: Ai(1)-mm-talrand-spells]
Damage: Razorkin Needlehead (132) deals 1 non-combat damage to Ai(1)-mm-talrand-spells.
Life: Life: Ai(1)-mm-talrand-spells 18 > 17
Resolve Stack: Whenever an opponent draws a card, Razorkin Needlehead deals 1 damage to them. [Player: Ai(1)-mm-talrand-spells]
Damage: Nekusar, the Mindrazer (201) deals 1 non-combat damage to Ai(1)-mm-talrand-spells.
Life: Life: Ai(1)-mm-talrand-spells 17 > 16
Resolve Stack: Whenever an opponent draws a card, Nekusar, the Mindrazer deals 1 damage to that player. [Player: Ai(1)-mm-talrand-spells]
Damage: Nekusar, the Mindrazer (201) deals 1 non-combat damage to Ai(1)-mm-talrand-spells.
Life: Life: Ai(1)-mm-talrand-spells 16 > 15
Resolve Stack: Whenever an opponent draws a card, Nekusar, the Mindrazer deals 1 damage to that player. [Player: Ai(1)-mm-talrand-spells]
Damage: Razorkin Needlehead (132) deals 1 non-combat damage to Ai(1)-mm-talrand-spells.
Life: Life: Ai(1)-mm-talrand-spells 15 > 14
Resolve Stack: Whenever an opponent draws a card, Razorkin Needlehead deals 1 damage to them. [Player: Ai(1)-mm-talrand-spells]
Phase: Ai(1)-mm-talrand-spells' Main phase, precombat
Land: Ai(1)-mm-talrand-spells played Island (50)
Phase: Ai(1)-mm-talrand-spells' Beginning of Combat Step
Phase: Ai(1)-mm-talrand-spells' Declare Attackers Step
Combat: Ai(1)-mm-talrand-spells assigned Curiosity Crafter (22), Drake Token (637) and Drake Token (640) to attack Ai(4)-mm-jarad-graveyard.
Phase: Ai(1)-mm-talrand-spells' Declare Blockers Step
Combat: Ai(4)-mm-jarad-graveyard didn't block Curiosity Crafter (22).
Ai(4)-mm-jarad-graveyard didn't block Drake Token (637).
Ai(4)-mm-jarad-graveyard didn't block Drake Token (640).
Phase: Ai(1)-mm-talrand-spells' First Strike Damage Step
Phase: Ai(1)-mm-talrand-spells' Combat Damage Step
Damage: Curiosity Crafter (22) deals 3 combat damage to Ai(4)-mm-jarad-graveyard.
Damage: Drake Token (637) deals 2 combat damage to Ai(4)-mm-jarad-graveyard.
Damage: Drake Token (640) deals 2 combat damage to Ai(4)-mm-jarad-graveyard.
Life: Life: Ai(4)-mm-jarad-graveyard 17 > 10
Add To Stack: Ai(1)-mm-talrand-spells triggered Curiosity Crafter
Add To Stack: Ai(1)-mm-talrand-spells triggered Curiosity Crafter
Resolve Stack: Whenever a creature token you control deals combat damage to a player, draw a card. [Damage Source: Drake Token (640), Damaged: Ai(4)-mm-jarad-graveyard, Amount: 2]
Add To Stack: Ai(2)-mm-nekusar-discard triggered Razorkin Needlehead
Add To Stack: Ai(2)-mm-nekusar-discard triggered Nekusar, the Mindrazer
Add To Stack: Ai(2)-mm-nekusar-discard triggered Nekusar, the Mindrazer
Damage: Nekusar, the Mindrazer (201) deals 1 non-combat damage to Ai(1)-mm-talrand-spells.
Life: Life: Ai(1)-mm-talrand-spells 14 > 13
Resolve Stack: Whenever an opponent draws a card, Nekusar, the Mindrazer deals 1 damage to that player. [Player: Ai(1)-mm-talrand-spells]
Damage: Nekusar, the Mindrazer (201) deals 1 non-combat damage to Ai(1)-mm-talrand-spells.
Life: Life: Ai(1)-mm-talrand-spells 13 > 12
Resolve Stack: Whenever an opponent draws a card, Nekusar, the Mindrazer deals 1 damage to that player. [Player: Ai(1)-mm-talrand-spells]
Damage: Razorkin Needlehead (132) deals 1 non-combat damage to Ai(1)-mm-talrand-spells.
Life: Life: Ai(1)-mm-talrand-spells 12 > 11
Resolve Stack: Whenever an opponent draws a card, Razorkin Needlehead deals 1 damage to them. [Player: Ai(1)-mm-talrand-spells]
Resolve Stack: Whenever a creature token you control deals combat damage to a player, draw a card. [Damage Source: Drake Token (637), Damaged: Ai(4)-mm-jarad-graveyard, Amount: 2]
Add To Stack: Ai(2)-mm-nekusar-discard triggered Razorkin Needlehead
Add To Stack: Ai(2)-mm-nekusar-discard triggered Nekusar, the Mindrazer
Add To Stack: Ai(2)-mm-nekusar-discard triggered Nekusar, the Mindrazer
Damage: Nekusar, the Mindrazer (201) deals 1 non-combat damage to Ai(1)-mm-talrand-spells.
Life: Life: Ai(1)-mm-talrand-spells 11 > 10
Resolve Stack: Whenever an opponent draws a card, Nekusar, the Mindrazer deals 1 damage to that player. [Player: Ai(1)-mm-talrand-spells]
Damage: Nekusar, the Mindrazer (201) deals 1 non-combat damage to Ai(1)-mm-talrand-spells.
Life: Life: Ai(1)-mm-talrand-spells 10 > 9
Resolve Stack: Whenever an opponent draws a card, Nekusar, the Mindrazer deals 1 damage to that player. [Player: Ai(1)-mm-talrand-spells]
Damage: Razorkin Needlehead (132) deals 1 non-combat damage to Ai(1)-mm-talrand-spells.
Life: Life: Ai(1)-mm-talrand-spells 9 > 8
Resolve Stack: Whenever an opponent draws a card, Razorkin Needlehead deals 1 damage to them. [Player: Ai(1)-mm-talrand-spells]
Phase: Ai(1)-mm-talrand-spells' End of Combat Step
Phase: Ai(1)-mm-talrand-spells' Main phase, postcombat
Mana: Island (28) - {T}: Add {U}.
Mana: Island (52) - {T}: Add {U}.
Mana: Island (48) - {T}: Add {U}.
Add To Stack: Ai(1)-mm-talrand-spells cast Mocking Sprite
Resolve Stack: Mocking Sprite - Creature 2 / 1
Mana: Island (40) - {T}: Add {U}.
Mana: Island (49) - {T}: Add {U}.
Add To Stack: Ai(1)-mm-talrand-spells cast Sapphire Medallion
Resolve Stack: Sapphire Medallion
Phase: Ai(1)-mm-talrand-spells' End step
Phase: Ai(1)-mm-talrand-spells' Cleanup step
Turn: Turn 30 (Ai(2)-mm-nekusar-discard)
Phase: Ai(2)-mm-nekusar-discard's Untap step
Phase: Ai(2)-mm-nekusar-discard's Upkeep step
Phase: Ai(2)-mm-nekusar-discard's Draw step
Add To Stack: Ai(2)-mm-nekusar-discard triggered Nekusar, the Mindrazer
Add To Stack: Ai(2)-mm-nekusar-discard triggered Nekusar, the Mindrazer
Resolve Stack: At the beginning of each player's draw step, that player draws an additional card. [Phase: Ai(2)-mm-nekusar-discard]
Resolve Stack: At the beginning of each player's draw step, that player draws an additional card. [Phase: Ai(2)-mm-nekusar-discard]
Phase: Ai(2)-mm-nekusar-discard's Main phase, precombat
Land: Ai(2)-mm-nekusar-discard played Command Tower (115)
Mana: Dragonskull Summit (153) - {T}: Add {B} or {R}.
Add To Stack: Ai(2)-mm-nekusar-discard cast Blasphemous Act
Add To Stack: Ai(2)-mm-nekusar-discard triggered Harmonic Prodigy
Resolve Stack: Prowess (Whenever you cast a noncreature spell, this creature gets +1/+1 until end of turn.) [Card: Blasphemous Act (121), Activator: Ai(2)-mm-nekusar-discard, SpellAbility: Blasphemous Act deals 13 damage to each creature.]
Mana: Island (37) - {T}: Add {U}.
Mana: Island (44) - {T}: Add {U}.
Add To Stack: Ai(1)-mm-talrand-spells cast Counterspell targeting [Blasphemous Act deals 13 damage to each creature.]
Add To Stack: Ai(1)-mm-talrand-spells triggered Talrand, Sky Summoner
Resolve Stack: Whenever you cast an instant or sorcery spell, create a 2/2 blue Drake creature token with flying. [Card: Counterspell (20), Activator: Ai(1)-mm-talrand-spells, SpellAbility: Counter target spell.]
Zone Change: Send countered spell to Graveyard
Resolve Stack: Counterspell (20) - Counter Blasphemous Act (121).
Phase: Ai(2)-mm-nekusar-discard's Beginning of Combat Step
Phase: Ai(2)-mm-nekusar-discard's Declare Attackers Step
Mana: Swamp (162) - {T}: Add {B}.
Mana: Island (137) - {T}: Add {U}.
Mana: Morphic Pool (150) - {T}: Add {U} or {B}.
Mana: Luxury Suite (143) - {T}: Add {B} or {R}.
Mana: Command Tower (115) - {T}: Add one mana of any color in your commander's color identity.
Mana: Xander's Lounge (169) - {T}: Add {R}.
Combat: Ai(2)-mm-nekusar-discard assigned Frog Lizard Token (634), Harmonic Prodigy (147) and Razorkin Needlehead (132) to attack Ai(1)-mm-talrand-spells.
Phase: Ai(2)-mm-nekusar-discard's Declare Blockers Step
Combat: Ai(1)-mm-talrand-spells assigned Drake Token (650) and Talrand, Sky Summoner (100) to block Frog Lizard Token (634).
Ai(1)-mm-talrand-spells assigned Drake Token (647) and Mocking Sprite (87) to block Harmonic Prodigy (147).
Ai(1)-mm-talrand-spells didn't block Razorkin Needlehead (132).
Phase: Ai(2)-mm-nekusar-discard's First Strike Damage Step
Damage: Razorkin Needlehead (132) deals 2 combat damage to Ai(1)-mm-talrand-spells.
Life: Life: Ai(1)-mm-talrand-spells 8 > 6
Phase: Ai(2)-mm-nekusar-discard's Combat Damage Step
Damage: Frog Lizard Token (634) deals 2 damage to Talrand, Sky Summoner (100).
Damage: Frog Lizard Token (634) deals 1 damage to Drake Token (650).
Damage: Harmonic Prodigy (147) deals 1 damage to Mocking Sprite (87).
Damage: Harmonic Prodigy (147) deals 1 damage to Drake Token (647).
Damage: Drake Token (650) deals 2 damage to Frog Lizard Token (634).
Damage: Talrand, Sky Summoner (100) deals 2 damage to Frog Lizard Token (634).
Damage: Drake Token (647) deals 2 damage to Harmonic Prodigy (147).
Damage: Mocking Sprite (87) deals 2 damage to Harmonic Prodigy (147).
Zone Change: Harmonic Prodigy (147) was put into Graveyard from Battlefield.
Zone Change: Frog Lizard Token (634) was put into Graveyard from Battlefield.
Zone Change: Talrand, Sky Summoner (100) was put into Graveyard from Battlefield.
Zone Change: Mocking Sprite (87) was put into Graveyard from Battlefield.
Phase: Ai(2)-mm-nekusar-discard's End of Combat Step
Phase: Ai(2)-mm-nekusar-discard's Main phase, postcombat
Phase: Ai(2)-mm-nekusar-discard's End step
Phase: Ai(2)-mm-nekusar-discard's Cleanup step
Turn: Turn 31 (Ai(4)-mm-jarad-graveyard)
Phase: Ai(4)-mm-jarad-graveyard's Untap step
Phase: Ai(4)-mm-jarad-graveyard's Upkeep step
Phase: Ai(4)-mm-jarad-graveyard's Draw step
Add To Stack: Ai(2)-mm-nekusar-discard triggered Razorkin Needlehead
Add To Stack: Ai(2)-mm-nekusar-discard triggered Nekusar, the Mindrazer
Add To Stack: Ai(2)-mm-nekusar-discard triggered Nekusar, the Mindrazer
Resolve Stack: At the beginning of each player's draw step, that player draws an additional card. [Phase: Ai(4)-mm-jarad-graveyard]
Add To Stack: Ai(2)-mm-nekusar-discard triggered Razorkin Needlehead
Add To Stack: Ai(2)-mm-nekusar-discard triggered Nekusar, the Mindrazer
Damage: Nekusar, the Mindrazer (201) deals 1 non-combat damage to Ai(4)-mm-jarad-graveyard.
Life: Life: Ai(4)-mm-jarad-graveyard 10 > 9
Resolve Stack: Whenever an opponent draws a card, Nekusar, the Mindrazer deals 1 damage to that player. [Player: Ai(4)-mm-jarad-graveyard]
Damage: Razorkin Needlehead (132) deals 1 non-combat damage to Ai(4)-mm-jarad-graveyard.
Life: Life: Ai(4)-mm-jarad-graveyard 9 > 8
Resolve Stack: Whenever an opponent draws a card, Razorkin Needlehead deals 1 damage to them. [Player: Ai(4)-mm-jarad-graveyard]
Damage: Nekusar, the Mindrazer (201) deals 1 non-combat damage to Ai(4)-mm-jarad-graveyard.
Life: Life: Ai(4)-mm-jarad-graveyard 8 > 7
Resolve Stack: Whenever an opponent draws a card, Nekusar, the Mindrazer deals 1 damage to that player. [Player: Ai(4)-mm-jarad-graveyard]
Damage: Razorkin Needlehead (132) deals 1 non-combat damage to Ai(4)-mm-jarad-graveyard.
Life: Life: Ai(4)-mm-jarad-graveyard 7 > 6
Resolve Stack: Whenever an opponent draws a card, Razorkin Needlehead deals 1 damage to them. [Player: Ai(4)-mm-jarad-graveyard]
Phase: Ai(4)-mm-jarad-graveyard's Main phase, precombat
Land: Ai(4)-mm-jarad-graveyard played Twilight Mire (377)
Mana: Forest (336) - {T}: Add {G}.
Mana: Swamp (367) - {T}: Add {B}.
Add To Stack: Ai(4)-mm-jarad-graveyard cast Rampant Growth
Resolve Stack: Rampant Growth (390) - Search your library for a basic land card, put that card onto the battlefield tapped, then shuffle.
Mana: Bojuka Bog (354) - {T}: Add {B}.
Mana: Swamp (363) - {T}: Add {B}.
Add To Stack: Ai(4)-mm-jarad-graveyard activated Bonehoard targeting [Boneyard Wurm (401)]
Resolve Stack: Bonehoard (357) -  Attach to Boneyard Wurm (401)
Phase: Ai(4)-mm-jarad-graveyard's Beginning of Combat Step
Phase: Ai(4)-mm-jarad-graveyard's Declare Attackers Step
Phase: Ai(4)-mm-jarad-graveyard's Declare Blockers Step
Phase: Ai(4)-mm-jarad-graveyard's First Strike Damage Step
Phase: Ai(4)-mm-jarad-graveyard's Combat Damage Step
Phase: Ai(4)-mm-jarad-graveyard's End of Combat Step
Phase: Ai(4)-mm-jarad-graveyard's Main phase, postcombat
Mana: Deathcap Glade (344) - {T}: Add {B} or {G}.
Mana: Command Tower (313) - {T}: Add one mana of any color in your commander's color identity.
Mana: Woodland Cemetery (393) - {T}: Add {B} or {G}.
Mana: Golgari Rot Farm (378) - {T}: Add {B}{G}.
Mana: Overgrown Tomb (380) - {T}: Add {G}.
Add To Stack: Ai(4)-mm-jarad-graveyard cast Deadbridge Chant
Resolve Stack: Deadbridge Chant
Add To Stack: Ai(4)-mm-jarad-graveyard triggered Deadbridge Chant
Zone Change: Ai(4)-mm-jarad-graveyard milled Skull Prophet (385), Underrealm Lich (381), Victimize (342), Assassin's Trophy (352), Elves of Deep Shadow (397), Jarad's Orders (345), Evolving Wilds (327), Forest (338), Souls of the Lost (310) and Moldervine Reclamation (349).
Resolve Stack: When Deadbridge Chant enters, mill ten cards. [Zone Changer: Deadbridge Chant (394)]
Phase: Ai(4)-mm-jarad-graveyard's End step
Phase: Ai(4)-mm-jarad-graveyard's Cleanup step
Turn: Turn 32 (Ai(1)-mm-talrand-spells)
Phase: Ai(1)-mm-talrand-spells' Untap step
Phase: Ai(1)-mm-talrand-spells' Upkeep step
Phase: Ai(1)-mm-talrand-spells' Draw step
Add To Stack: Ai(2)-mm-nekusar-discard triggered Razorkin Needlehead
Add To Stack: Ai(2)-mm-nekusar-discard triggered Nekusar, the Mindrazer
Add To Stack: Ai(2)-mm-nekusar-discard triggered Nekusar, the Mindrazer
Resolve Stack: At the beginning of each player's draw step, that player draws an additional card. [Phase: Ai(1)-mm-talrand-spells]
Add To Stack: Ai(2)-mm-nekusar-discard triggered Razorkin Needlehead
Add To Stack: Ai(2)-mm-nekusar-discard triggered Nekusar, the Mindrazer
Damage: Nekusar, the Mindrazer (201) deals 1 non-combat damage to Ai(1)-mm-talrand-spells.
Life: Life: Ai(1)-mm-talrand-spells 6 > 5
Resolve Stack: Whenever an opponent draws a card, Nekusar, the Mindrazer deals 1 damage to that player. [Player: Ai(1)-mm-talrand-spells]
Damage: Razorkin Needlehead (132) deals 1 non-combat damage to Ai(1)-mm-talrand-spells.
Life: Life: Ai(1)-mm-talrand-spells 5 > 4
Resolve Stack: Whenever an opponent draws a card, Razorkin Needlehead deals 1 damage to them. [Player: Ai(1)-mm-talrand-spells]
Damage: Nekusar, the Mindrazer (201) deals 1 non-combat damage to Ai(1)-mm-talrand-spells.
Life: Life: Ai(1)-mm-talrand-spells 4 > 3
Resolve Stack: Whenever an opponent draws a card, Nekusar, the Mindrazer deals 1 damage to that player. [Player: Ai(1)-mm-talrand-spells]
Damage: Razorkin Needlehead (132) deals 1 non-combat damage to Ai(1)-mm-talrand-spells.
Life: Life: Ai(1)-mm-talrand-spells 3 > 2
Resolve Stack: Whenever an opponent draws a card, Razorkin Needlehead deals 1 damage to them. [Player: Ai(1)-mm-talrand-spells]
Phase: Ai(1)-mm-talrand-spells' Main phase, precombat
Phase: Ai(1)-mm-talrand-spells' Beginning of Combat Step
Phase: Ai(1)-mm-talrand-spells' Declare Attackers Step
Combat: Ai(1)-mm-talrand-spells assigned Curiosity Crafter (22), Drake Token (637), Drake Token (640), Drake Token (647) and Drake Token (650) to attack Ai(4)-mm-jarad-graveyard.
Phase: Ai(1)-mm-talrand-spells' Declare Blockers Step
Combat: Ai(4)-mm-jarad-graveyard didn't block Curiosity Crafter (22).
Ai(4)-mm-jarad-graveyard didn't block Drake Token (637).
Ai(4)-mm-jarad-graveyard didn't block Drake Token (640).
Ai(4)-mm-jarad-graveyard didn't block Drake Token (647).
Ai(4)-mm-jarad-graveyard didn't block Drake Token (650).
Phase: Ai(1)-mm-talrand-spells' First Strike Damage Step
Phase: Ai(1)-mm-talrand-spells' Combat Damage Step
Damage: Curiosity Crafter (22) deals 3 combat damage to Ai(4)-mm-jarad-graveyard.
Damage: Drake Token (637) deals 2 combat damage to Ai(4)-mm-jarad-graveyard.
Damage: Drake Token (640) deals 2 combat damage to Ai(4)-mm-jarad-graveyard.
Damage: Drake Token (647) deals 2 combat damage to Ai(4)-mm-jarad-graveyard.
Damage: Drake Token (650) deals 2 combat damage to Ai(4)-mm-jarad-graveyard.
Life: Life: Ai(4)-mm-jarad-graveyard 6 > -5
Add To Stack: Ai(1)-mm-talrand-spells triggered Curiosity Crafter
Add To Stack: Ai(1)-mm-talrand-spells triggered Curiosity Crafter
Add To Stack: Ai(1)-mm-talrand-spells triggered Curiosity Crafter
Add To Stack: Ai(1)-mm-talrand-spells triggered Curiosity Crafter
Resolve Stack: Whenever a creature token you control deals combat damage to a player, draw a card. [Damage Source: Drake Token (650), Damaged: Ai(4)-mm-jarad-graveyard, Amount: 2]
Add To Stack: Ai(2)-mm-nekusar-discard triggered Razorkin Needlehead
Add To Stack: Ai(2)-mm-nekusar-discard triggered Nekusar, the Mindrazer
Damage: Nekusar, the Mindrazer (201) deals 1 non-combat damage to Ai(1)-mm-talrand-spells.
Life: Life: Ai(1)-mm-talrand-spells 2 > 1
Resolve Stack: Whenever an opponent draws a card, Nekusar, the Mindrazer deals 1 damage to that player. [Player: Ai(1)-mm-talrand-spells]
Damage: Razorkin Needlehead (132) deals 1 non-combat damage to Ai(1)-mm-talrand-spells.
Life: Life: Ai(1)-mm-talrand-spells 1 > 0
Resolve Stack: Whenever an opponent draws a card, Razorkin Needlehead deals 1 damage to them. [Player: Ai(1)-mm-talrand-spells]
Player Control: Ai(1)-mm-talrand-spells has restored control over themself
Player Control: Ai(2)-mm-nekusar-discard has restored control over themself
Player Control: Ai(3)-mm-abaddon has restored control over themself
Player Control: Ai(4)-mm-jarad-graveyard has restored control over themself
Game Outcome: Turn 16
Game Outcome: Ai(1)-mm-talrand-spells has lost because life total reached 0
Game Outcome: Ai(2)-mm-nekusar-discard has won because all opponents have lost
Game Outcome: Ai(3)-mm-abaddon has lost because life total reached 0
Game Outcome: Ai(4)-mm-jarad-graveyard has lost because life total reached 0
Match Result: Ai(1)-mm-talrand-spells: 0 Ai(2)-mm-nekusar-discard: 1 Ai(3)-mm-abaddon: 0 Ai(4)-mm-jarad-graveyard: 1 

Game Result: Game 2 ended in 94959 ms. Ai(2)-mm-nekusar-discard has won!

